Delta,Time,CPU_FREQUENCY_0,CPU_FREQUENCY_1,CPU_FREQUENCY_2,CPU_FREQUENCY_3,CPU_FREQUENCY_4,CPU_FREQUENCY_5,CPU_FREQUENCY_6,CPU_FREQUENCY_7,CPU_USAGE_0,CPU_USAGE_1,CPU_USAGE_2,CPU_USAGE_3,CPU_USAGE_4,CPU_USAGE_5,CPU_USAGE_6,CPU_USAGE_7,SYSTEM_POWER (Watts),TOTAL_MEMORY,TOTAL_SWAP,USED_MEMORY,USED_SWAP
0,1771998060867,3204,3204,3204,3204,3204,3204,3204,3204,0,NaN,NaN,100,0,0,0,NaN,5.058930397033691,8589934592,2147483648,6180126720,407961600
209,1771998060867,3204,3204,3204,3204,3204,3204,3204,3204,NaN,100,0,0,NaN,0,NaN,0,5.058930397033691,8589934592,2147483648,6180126720,407961600
209,1771998061078,3204,3204,3204,3204,3204,3204,3204,3204,38.095237731933594,30.000001907348633,38.095237731933594,25,9.090909004211426,5,4.545454502105713,4.761904716491699,5.181325435638428,8589934592,2147483648,6180126720,407961600
208,1771998061288,3204,3204,3204,3204,3204,3204,3204,3204,38.095237731933594,31.81818199157715,25,31.81818199157715,5,4.761904716491699,5,4.761904716491699,5.181325435638428,8589934592,2147483648,6180126720,407961600
209,1771998061497,3204,3204,3204,3204,3204,3204,3204,3204,35,35,40.90909194946289,30.000001907348633,4.761904716491699,4.761904716491699,4.545454502105713,0,5.181325435638428,8589934592,2147483648,6177095680,407961600
199,1771998061707,3204,3204,3204,3204,3204,3204,3204,3204,72.7272720336914,76.19047546386719,70,71.42857360839844,27.272727966308594,10,0,0,5.181325435638428,8589934592,2147483648,6137233408,407961600
205,1771998061907,3204,3204,3204,3204,3204,3204,3204,3204,45,52.6315803527832,42.105262756347656,31.57894515991211,20,14.285715103149414,9.523809432983398,4.761904716491699,5.181325435638428,8589934592,2147483648,6122405888,407961600
209,1771998062113,3204,3204,3204,3204,3204,3204,3204,3204,63.15789031982422,59.09090805053711,59.09090805053711,68.18181610107422,5.263157844543457,10,0,5,5.011829853057861,8589934592,2147483648,6097879040,407961600
203,1771998062323,3204,3204,3204,3204,3204,3204,3204,3204,40.90909194946289,40,30.000001907348633,28.571430206298828,22.72727394104004,18.18181800842285,4.545454502105713,0,5.011829853057861,8589934592,2147483648,6092308480,407961600
201,1771998062527,3204,3204,3204,3204,3204,3204,3204,3204,50,40,33.333335876464844,30.000001907348633,21.052631378173828,15.000000953674316,5,4.761904716491699,5.011829853057861,8589934592,2147483648,6061408256,407961600
200,1771998062728,3204,3204,3204,3204,3204,3204,3204,3204,50,47.619049072265625,50,42.105262756347656,13.636363983154297,10,5,0,5.011829853057861,8589934592,2147483648,6068895744,407961600
209,1771998062929,3204,3204,3204,3204,3204,3204,3204,3204,57.894737243652344,36.842105865478516,45,47.619049072265625,10.526315689086914,0,0,4.761904716491699,5.011829853057861,8589934592,2147483648,6068944896,407961600
209,1771998063139,3204,3204,3204,3204,3204,3204,3204,3204,42.85714340209961,40,33.333335876464844,38.095237731933594,9.523809432983398,18.18181800842285,4.545454502105713,0,5.712774753570557,8589934592,2147483648,6070403072,407961600
204,1771998063349,3204,3204,3204,3204,3204,3204,3204,3204,76.19047546386719,69.56521606445313,75,61.904762268066406,4.761904716491699,0,0,0,5.712774753570557,8589934592,2147483648,6076776448,407961600
208,1771998063554,3204,3204,3204,3204,3204,3204,3204,3204,80.95238494873047,80,76.19047546386719,71.42857360839844,14.285715103149414,9.523809432983398,4.761904716491699,0,5.712774753570557,8589934592,2147483648,6083231744,407961600
205,1771998063764,3204,3204,3204,3204,3204,3204,3204,3204,70,75,61.904762268066406,65,0,19.047618865966797,0,4.761904716491699,5.712774753570557,8589934592,2147483648,6070091776,407961600
203,1771998063969,3204,3204,3204,3204,3204,3204,3204,3204,66.66667175292969,71.42857360839844,65,66.66667175292969,5,5,5,4.761904716491699,5.712774753570557,8589934592,2147483648,6070091776,407961600
207,1771998064173,3204,3204,3204,3204,3204,3204,3204,3204,70,61.904762268066406,66.66667175292969,70,13.636363983154297,5,4.761904716491699,0,5.7131667137146,8589934592,2147483648,6070091776,407961600
201,1771998064381,3204,3204,3204,3204,3204,3204,3204,3204,85.71428680419922,85.71428680419922,80,80,30.000001907348633,23.809524536132813,9.523809432983398,13.043478012084961,5.7131667137146,8589934592,2147483648,6070091776,407961600
205,1771998064583,3204,3204,3204,3204,3204,3204,3204,3204,61.904762268066406,57.894737243652344,71.42857360839844,52.38095474243164,10,4.761904716491699,0,0,5.7131667137146,8589934592,2147483648,6070304768,407961600
200,1771998064790,3204,3204,3204,3204,3204,3204,3204,3204,65,71.42857360839844,60.000003814697266,70,22.72727394104004,0,0,14.285715103149414,5.7131667137146,8589934592,2147483648,6071549952,407961600
202,1771998064991,3204,3204,3204,3204,3204,3204,3204,3204,60.000003814697266,63.15789031982422,68.42105102539063,61.904762268066406,5.263157844543457,5,4.761904716491699,0,5.7131667137146,8589934592,2147483648,6070468608,407961600
202,1771998065194,3204,3204,3204,3204,3204,3204,3204,3204,65,85.71428680419922,61.904762268066406,68.42105102539063,14.285715103149414,10,5,9.523809432983398,6.565214157104492,8589934592,2147483648,6085689344,407961600
209,1771998065398,3204,3204,3204,3204,3204,3204,3204,3204,66.66667175292969,65,70,55,5.263157844543457,9.523809432983398,5,5,6.565214157104492,8589934592,2147483648,6097600512,407961600
204,1771998065608,3204,3204,3204,3204,3204,3204,3204,3204,66.66667175292969,71.42857360839844,71.42857360839844,71.42857360839844,14.285715103149414,5,5,4.761904716491699,6.565214157104492,8589934592,2147483648,6087901184,407961600
209,1771998065812,3204,3204,3204,3204,3204,3204,3204,3204,57.894737243652344,55,47.619049072265625,61.904762268066406,9.090909004211426,9.090909004211426,9.090909004211426,0,6.565214157104492,8589934592,2147483648,6088572928,407961600
200,1771998066022,3204,3204,3204,3204,3204,3204,3204,3204,47.619049072265625,45.45454788208008,55,47.619049072265625,0,0,0,0,6.565214157104492,8589934592,2147483648,6085181440,407961600
206,1771998066223,3204,3204,3204,3204,3204,3204,3204,3204,65,55,66.66667175292969,55,5,0,0,5,6.785276412963867,8589934592,2147483648,6086787072,407961600
209,1771998066429,3204,3204,3204,3204,3204,3204,3204,3204,59.09090805053711,60.000003814697266,66.66667175292969,61.904762268066406,10.526315689086914,14.285715103149414,0,0,6.785276412963867,8589934592,2147483648,6095028224,407961600
209,1771998066639,3204,3204,3204,3204,3204,3204,3204,3204,50,55,55,45,42.85714340209961,42.85714340209961,42.85714340209961,33.333335876464844,6.785276412963867,8589934592,2147483648,6093848576,407961600
208,1771998066850,3204,3204,3204,3204,3204,3204,3204,3204,52.38095474243164,50,52.38095474243164,45.45454788208008,9.090909004211426,4.761904716491699,0,0,6.785276412963867,8589934592,2147483648,6085492736,407961600
209,1771998067058,3204,3204,3204,3204,3204,3204,3204,3204,61.904762268066406,57.142860412597656,71.42857360839844,55,4.761904716491699,0,4.761904716491699,4.761904716491699,6.785276412963867,8589934592,2147483648,6082052096,407961600
207,1771998067268,3204,3204,3204,3204,3204,3204,3204,3204,45,42.85714340209961,52.38095474243164,42.85714340209961,4.761904716491699,4.761904716491699,0,0,6.758942604064941,8589934592,2147483648,6084804608,407961600
209,1771998067476,3204,3204,3204,3204,3204,3204,3204,3204,63.6363639831543,52.38095474243164,47.619049072265625,40,5,4.761904716491699,4.761904716491699,4.761904716491699,6.758942604064941,8589934592,2147483648,6079004672,407961600
209,1771998067686,3204,3204,3204,3204,3204,3204,3204,3204,45,75,61.904762268066406,52.38095474243164,22.72727394104004,4.761904716491699,0,0,6.758942604064941,8589934592,2147483648,6081003520,407961600
205,1771998067896,3204,3204,3204,3204,3204,3204,3204,3204,47.619049072265625,47.619049072265625,35,40.90909194946289,20,5,0,0,6.758942604064941,8589934592,2147483648,6063013888,407961600
201,1771998068102,3204,3204,3204,3204,3204,3204,3204,3204,55,55,52.38095474243164,50,5,13.043478012084961,4.761904716491699,0,6.354464530944824,8589934592,2147483648,6061326336,407961600
208,1771998068304,3204,3204,3204,3204,3204,3204,3204,3204,50,52.38095474243164,55,50,23.809524536132813,11.111111640930176,10,10,6.354464530944824,8589934592,2147483648,6065799168,407961600
202,1771998068513,3204,3204,3204,3204,3204,3204,3204,3204,47.619049072265625,50,57.142860412597656,47.619049072265625,4.761904716491699,9.090909004211426,0,4.761904716491699,6.354464530944824,8589934592,2147483648,6041124864,407961600
205,1771998068715,3204,3204,3204,3204,3204,3204,3204,3204,40,60.000003814697266,55,45,30.000001907348633,19.047618865966797,9.090909004211426,0,6.354464530944824,8589934592,2147483648,6026788864,407961600
207,1771998068921,3204,3204,3204,3204,3204,3204,3204,3204,70,61.904762268066406,65,52.38095474243164,4.761904716491699,5,0,4.761904716491699,6.354464530944824,8589934592,2147483648,6033866752,407961600
206,1771998069129,3204,3204,3204,3204,3204,3204,3204,3204,52.38095474243164,47.619049072265625,50,40,0,0,4.761904716491699,0,6.746219635009766,8589934592,2147483648,6035013632,407961600
208,1771998069336,3204,3204,3204,3204,3204,3204,3204,3204,40,35,35,38.095237731933594,40,0,0,0,6.746219635009766,8589934592,2147483648,6031114240,407961600
208,1771998069544,3204,3204,3204,3204,3204,3204,3204,3204,50,50,40,38.095237731933594,10,9.523809432983398,4.761904716491699,4.761904716491699,6.746219635009766,8589934592,2147483648,6041993216,407961600
209,1771998069753,3204,3204,3204,3204,3204,3204,3204,3204,57.142860412597656,47.36842346191406,50,50,4.545454502105713,0,0,0,6.746219635009766,8589934592,2147483648,6051397632,407961600
202,1771998069963,3204,3204,3204,3204,3204,3204,3204,3204,57.142860412597656,61.904762268066406,55,54.54545593261719,0,0,0,0,6.746219635009766,8589934592,2147483648,6055837696,407961600
209,1771998070166,3204,3204,3204,3204,3204,3204,3204,3204,50,45,65,47.36842346191406,9.523809432983398,4.761904716491699,0,4.761904716491699,6.4269609451293945,8589934592,2147483648,6056361984,407961600
202,1771998070376,3204,3204,3204,3204,3204,3204,3204,3204,60.000003814697266,71.42857360839844,57.142860412597656,70,15.000000953674316,0,4.761904716491699,0,6.4269609451293945,8589934592,2147483648,6056361984,407961600
209,1771998070579,3204,3204,3204,3204,3204,3204,3204,3204,55,47.619049072265625,42.85714340209961,45.45454788208008,33.333335876464844,10,4.761904716491699,4.761904716491699,6.4269609451293945,8589934592,2147483648,6056361984,407961600
201,1771998070789,3204,3204,3204,3204,3204,3204,3204,3204,52.38095474243164,68.18181610107422,65,52.38095474243164,28.571430206298828,14.285715103149414,9.523809432983398,0,6.4269609451293945,8589934592,2147483648,6059147264,407961600
206,1771998070991,3204,3204,3204,3204,3204,3204,3204,3204,57.142860412597656,47.36842346191406,47.619049072265625,50,35,10,0,4.761904716491699,6.4269609451293945,8589934592,2147483648,6059524096,407961600
205,1771998071198,3204,3204,3204,3204,3204,3204,3204,3204,42.85714340209961,52.38095474243164,52.38095474243164,40,19.047618865966797,5,20,0,6.604413032531738,8589934592,2147483648,6062211072,407961600
205,1771998071404,3204,3204,3204,3204,3204,3204,3204,3204,50,57.894737243652344,36.842105865478516,47.619049072265625,15.000000953674316,9.090909004211426,5,4.761904716491699,6.604413032531738,8589934592,2147483648,6059900928,407961600
207,1771998071610,3204,3204,3204,3204,3204,3204,3204,3204,55,54.54545593261719,57.142860412597656,55,14.285715103149414,20,9.090909004211426,0,6.604413032531738,8589934592,2147483648,6058213376,407961600
209,1771998071818,3204,3204,3204,3204,3204,3204,3204,3204,61.904762268066406,61.904762268066406,52.38095474243164,42.85714340209961,5,0,0,4.761904716491699,6.604413032531738,8589934592,2147483648,6057312256,407961600
209,1771998072028,3204,3204,3204,3204,3204,3204,3204,3204,47.619049072265625,40,47.619049072265625,38.095237731933594,8.69565200805664,4.545454502105713,4.545454502105713,0,6.604413032531738,8589934592,2147483648,6057623552,407961600
207,1771998072238,3204,3204,3204,3204,3204,3204,3204,3204,60.000003814697266,47.619049072265625,52.38095474243164,38.095237731933594,30.000001907348633,9.523809432983398,0,4.545454502105713,6.459005355834961,8589934592,2147483648,6058639360,407961600
201,1771998072446,3204,3204,3204,3204,3204,3204,3204,3204,45.45454788208008,47.619049072265625,55,47.619049072265625,0,0,0,0,6.459005355834961,8589934592,2147483648,6058639360,407961600
209,1771998072648,3204,3204,3204,3204,3204,3204,3204,3204,45,40,57.142860412597656,45,5,5,4.761904716491699,0,6.459005355834961,8589934592,2147483648,6058639360,407961600
202,1771998072858,3204,3204,3204,3204,3204,3204,3204,3204,52.6315803527832,61.904762268066406,45,52.38095474243164,10,9.523809432983398,5,9.090909004211426,6.459005355834961,8589934592,2147483648,6067191808,407961600
206,1771998073060,3204,3204,3204,3204,3204,3204,3204,3204,45.45454788208008,45,57.142860412597656,42.85714340209961,23.809524536132813,15.000000953674316,4.761904716491699,0,6.304676532745361,8589934592,2147483648,6057836544,407961600
202,1771998073268,3204,3204,3204,3204,3204,3204,3204,3204,52.6315803527832,42.85714340209961,42.85714340209961,45,4.761904716491699,5,0,4.761904716491699,6.304676532745361,8589934592,2147483648,6055854080,407961600
200,1771998073471,3204,3204,3204,3204,3204,3204,3204,3204,57.142860412597656,40,50,55,0,4.761904716491699,4.761904716491699,0,6.304676532745361,8589934592,2147483648,6055854080,407961600
204,1771998073672,3204,3204,3204,3204,3204,3204,3204,3204,55,45,50,42.105262756347656,4.761904716491699,5,0,0,6.304676532745361,8589934592,2147483648,6055854080,407961600
208,1771998073877,3204,3204,3204,3204,3204,3204,3204,3204,57.142860412597656,50,35,33.333335876464844,5,0,0,4.761904716491699,6.304676532745361,8589934592,2147483648,6055067648,407961600
207,1771998074086,3204,3204,3204,3204,3204,3204,3204,3204,45,38.095237731933594,61.904762268066406,28.571430206298828,0,0,0,0,6.738083362579346,8589934592,2147483648,6053412864,407961600
209,1771998074294,3204,3204,3204,3204,3204,3204,3204,3204,52.38095474243164,50,42.85714340209961,47.619049072265625,0,4.761904716491699,4.761904716491699,0,6.738083362579346,8589934592,2147483648,6057213952,407961600
207,1771998074503,3204,3204,3204,3204,3204,3204,3204,3204,45.45454788208008,42.85714340209961,47.619049072265625,40,0,0,0,0,6.738083362579346,8589934592,2147483648,6053281792,407961600
209,1771998074711,3204,3204,3204,3204,3204,3204,3204,3204,55,47.619049072265625,42.105262756347656,28.571430206298828,0,0,0,0,6.738083362579346,8589934592,2147483648,6055231488,407961600
207,1771998074921,3204,3204,3204,3204,3204,3204,3204,3204,42.85714340209961,50,42.85714340209961,42.85714340209961,13.636363983154297,5,4.761904716491699,4.545454502105713,6.738083362579346,8589934592,2147483648,6056837120,407961600
207,1771998075129,3204,3204,3204,3204,3204,3204,3204,3204,60.000003814697266,70,57.142860412597656,55,35,36.3636360168457,31.81818199157715,20,5.9396586418151855,8589934592,2147483648,6051889152,407961600
208,1771998075337,3204,3204,3204,3204,3204,3204,3204,3204,28.571430206298828,30.000001907348633,23.809524536132813,31.81818199157715,13.636363983154297,10,4.761904716491699,0,5.9396586418151855,8589934592,2147483648,6053183488,407961600
209,1771998075546,3204,3204,3204,3204,3204,3204,3204,3204,19.047618865966797,19.047618865966797,23.809524536132813,14.285715103149414,10,9.523809432983398,9.523809432983398,5,5.9396586418151855,8589934592,2147483648,6069878784,407961600
209,1771998075756,3204,3204,3204,3204,3204,3204,3204,3204,23.809524536132813,22.72727394104004,19.047618865966797,19.047618865966797,4.761904716491699,4.761904716491699,0,8.69565200805664,5.9396586418151855,8589934592,2147483648,6038028288,407961600
207,1771998075966,3204,3204,3204,3204,3204,3204,3204,3204,25,25,28.571430206298828,20,5,9.090909004211426,4.761904716491699,0,5.9396586418151855,8589934592,2147483648,6037602304,407961600
209,1771998076174,3204,3204,3204,3204,3204,3204,3204,3204,28.571430206298828,28.571430206298828,20,19.047618865966797,4.545454502105713,0,0,4.545454502105713,5.868545055389404,8589934592,2147483648,6037618688,407961600
208,1771998076384,3204,3204,3204,3204,3204,3204,3204,3204,28.571430206298828,38.095237731933594,23.809524536132813,25,9.523809432983398,4.761904716491699,4.761904716491699,0,5.868545055389404,8589934592,2147483648,6037716992,407961600
203,1771998076592,3204,3204,3204,3204,3204,3204,3204,3204,28.571430206298828,23.809524536132813,22.72727394104004,27.272727966308594,9.523809432983398,28.571430206298828,9.523809432983398,4.761904716491699,5.868545055389404,8589934592,2147483648,6037716992,407961600
209,1771998076797,3204,3204,3204,3204,3204,3204,3204,3204,35,31.57894515991211,21.052631378173828,20,10,9.523809432983398,4.761904716491699,0,5.868545055389404,8589934592,2147483648,6037716992,407961600
209,1771998077007,3204,3204,3204,3204,3204,3204,3204,3204,28.571430206298828,19.047618865966797,27.272727966308594,19.047618865966797,0,0,0,0,5.868545055389404,8589934592,2147483648,6032654336,407961600
206,1771998077216,3204,3204,3204,3204,3204,3204,3204,3204,40,33.333335876464844,28.571430206298828,28.571430206298828,23.809524536132813,14.285715103149414,4.761904716491699,9.523809432983398,5.584079265594482,8589934592,2147483648,6042615808,407961600
209,1771998077423,3204,3204,3204,3204,3204,3204,3204,3204,30.000001907348633,28.571430206298828,25,19.047618865966797,14.285715103149414,4.761904716491699,0,4.761904716491699,5.584079265594482,8589934592,2147483648,6032752640,407961600
209,1771998077633,3204,3204,3204,3204,3204,3204,3204,3204,31.81818199157715,28.571430206298828,23.809524536132813,15.000000953674316,4.761904716491699,4.761904716491699,4.545454502105713,0,5.584079265594482,8589934592,2147483648,6033457152,407961600
202,1771998077843,3204,3204,3204,3204,3204,3204,3204,3204,23.809524536132813,20,22.72727394104004,22.72727394104004,13.636363983154297,9.523809432983398,4.761904716491699,0,5.584079265594482,8589934592,2147483648,6033457152,407961600
209,1771998078046,3204,3204,3204,3204,3204,3204,3204,3204,26.3157901763916,28.571430206298828,25,20,0,4.761904716491699,0,4.761904716491699,5.584079265594482,8589934592,2147483648,6033506304,407961600
206,1771998078256,3204,3204,3204,3204,3204,3204,3204,3204,31.81818199157715,23.809524536132813,25,20,4.545454502105713,0,4.545454502105713,0,5.94523286819458,8589934592,2147483648,6034554880,407961600
201,1771998078463,3204,3204,3204,3204,3204,3204,3204,3204,50,45,42.85714340209961,50,4.761904716491699,4.761904716491699,0,4.545454502105713,5.94523286819458,8589934592,2147483648,6036406272,407961600
204,1771998078664,3204,3204,3204,3204,3204,3204,3204,3204,47.619049072265625,40,30.000001907348633,31.57894515991211,15.000000953674316,10.526315689086914,10,5.263157844543457,5.94523286819458,8589934592,2147483648,6053658624,407961600
206,1771998078870,3204,3204,3204,3204,3204,3204,3204,3204,50,57.142860412597656,50,55,15.000000953674316,14.285715103149414,9.523809432983398,4.761904716491699,5.94523286819458,8589934592,2147483648,6041829376,407961600
203,1771998079076,3204,3204,3204,3204,3204,3204,3204,3204,35,25,33.333335876464844,27.272727966308594,4.761904716491699,4.761904716491699,4.761904716491699,0,5.356762409210205,8589934592,2147483648,6043385856,407961600
209,1771998079279,3204,3204,3204,3204,3204,3204,3204,3204,42.85714340209961,47.619049072265625,42.105262756347656,31.57894515991211,10,10,0,4.761904716491699,5.356762409210205,8589934592,2147483648,6041255936,407961600
206,1771998079490,3204,3204,3204,3204,3204,3204,3204,3204,47.619049072265625,42.85714340209961,36.3636360168457,31.81818199157715,28.571430206298828,23.809524536132813,4.545454502105713,4.761904716491699,5.356762409210205,8589934592,2147483648,6031720448,407961600
207,1771998079696,3204,3204,3204,3204,3204,3204,3204,3204,30.000001907348633,25,28.571430206298828,20,9.523809432983398,4.761904716491699,5,0,5.356762409210205,8589934592,2147483648,6031785984,407961600
209,1771998079905,3204,3204,3204,3204,3204,3204,3204,3204,35,33.333335876464844,26.3157901763916,28.571430206298828,40,20,9.090909004211426,0,5.356762409210205,8589934592,2147483648,6031785984,407961600
208,1771998080114,3204,3204,3204,3204,3204,3204,3204,3204,28.571430206298828,20,28.571430206298828,20,57.142860412597656,4.761904716491699,0,9.090909004211426,5.263426303863525,8589934592,2147483648,6048317440,407961600
201,1771998080323,3204,3204,3204,3204,3204,3204,3204,3204,25,30.000001907348633,27.272727966308594,23.809524536132813,30.000001907348633,4.761904716491699,0,0,5.263426303863525,8589934592,2147483648,6036275200,407961600
209,1771998080525,3204,3204,3204,3204,3204,3204,3204,3204,28.571430206298828,30.000001907348633,26.3157901763916,25,61.904762268066406,30.000001907348633,0,0,5.263426303863525,8589934592,2147483648,6049808384,407961600
205,1771998080735,3204,3204,3204,3204,3204,3204,3204,3204,30.000001907348633,27.272727966308594,23.809524536132813,19.047618865966797,52.38095474243164,14.285715103149414,10,0,5.263426303863525,8589934592,2147483648,6042632192,407961600
209,1771998080940,3204,3204,3204,3204,3204,3204,3204,3204,28.571430206298828,20,19.047618865966797,20,55,4.761904716491699,4.761904716491699,4.761904716491699,5.263426303863525,8589934592,2147483648,6042632192,407961600
205,1771998081150,3204,3204,3204,3204,3204,3204,3204,3204,23.809524536132813,19.047618865966797,28.571430206298828,22.72727394104004,66.66667175292969,13.636363983154297,0,5,5.692165374755859,8589934592,2147483648,6043435008,407961600
207,1771998081356,3204,3204,3204,3204,3204,3204,3204,3204,25,28.571430206298828,20,20,66.66667175292969,0,0,9.523809432983398,5.692165374755859,8589934592,2147483648,6041944064,407961600
209,1771998081564,3204,3204,3204,3204,3204,3204,3204,3204,33.333335876464844,35,30.000001907348633,25,50,52.6315803527832,10,4.761904716491699,5.692165374755859,8589934592,2147483648,6039175168,407961600
201,1771998081774,3204,3204,3204,3204,3204,3204,3204,3204,30.000001907348633,28.571430206298828,19.047618865966797,19.047618865966797,54.54545593261719,40.90909194946289,4.545454502105713,0,5.692165374755859,8589934592,2147483648,6038093824,407961600
209,1771998081976,3204,3204,3204,3204,3204,3204,3204,3204,30.000001907348633,20,15.000000953674316,20,26.3157901763916,66.66667175292969,0,0,5.692165374755859,8589934592,2147483648,6040272896,407961600
209,1771998082186,3204,3204,3204,3204,3204,3204,3204,3204,38.095237731933594,33.333335876464844,23.809524536132813,23.809524536132813,38.095237731933594,19.047618865966797,10,0,6.063028335571289,8589934592,2147483648,6041026560,407961600
207,1771998082396,3204,3204,3204,3204,3204,3204,3204,3204,42.85714340209961,35,40.90909194946289,33.333335876464844,66.66667175292969,50,4.545454502105713,0,6.063028335571289,8589934592,2147483648,6053625856,407961600
209,1771998082604,3204,3204,3204,3204,3204,3204,3204,3204,23.809524536132813,23.809524536132813,20,19.047618865966797,66.66667175292969,14.285715103149414,0,18.18181800842285,6.063028335571289,8589934592,2147483648,6060392448,407961600
206,1771998082814,3204,3204,3204,3204,3204,3204,3204,3204,28.571430206298828,28.571430206298828,33.333335876464844,23.809524536132813,20,27.272727966308594,10,5,6.063028335571289,8589934592,2147483648,6058819584,407961600
207,1771998083021,3204,3204,3204,3204,3204,3204,3204,3204,30.000001907348633,25,20,15.000000953674316,95.45454406738281,0,4.545454502105713,4.761904716491699,6.063028335571289,8589934592,2147483648,6058459136,407961600
208,1771998083229,3204,3204,3204,3204,3204,3204,3204,3204,40.90909194946289,36.3636360168457,33.333335876464844,28.571430206298828,80,30.000001907348633,15.000000953674316,14.285715103149414,8.901021003723145,8589934592,2147483648,6060326912,407961600
206,1771998083438,3204,3204,3204,3204,3204,3204,3204,3204,20,14.285715103149414,15.000000953674316,9.523809432983398,33.333335876464844,57.142860412597656,9.523809432983398,5,8.901021003723145,8589934592,2147483648,6013272064,407961600
210,1771998083645,3204,3204,3204,3204,3204,3204,3204,3204,38.095237731933594,26.3157901763916,36.3636360168457,33.333335876464844,38.095237731933594,61.904762268066406,4.761904716491699,19.047618865966797,8.901021003723145,8589934592,2147483648,6015975424,407961600
209,1771998083856,3204,3204,3204,3204,3204,3204,3204,3204,28.571430206298828,28.571430206298828,25,20,85.71428680419922,9.523809432983398,5,4.761904716491699,8.901021003723145,8589934592,2147483648,6017187840,407961600
204,1771998084066,3204,3204,3204,3204,3204,3204,3204,3204,35,36.3636360168457,31.81818199157715,28.571430206298828,52.38095474243164,42.85714340209961,27.272727966308594,31.81818199157715,9.726018905639648,8589934592,2147483648,6019366912,407961600
208,1771998084271,3204,3204,3204,3204,3204,3204,3204,3204,33.333335876464844,30.000001907348633,26.3157901763916,23.809524536132813,55,19.047618865966797,5,0,9.726018905639648,8589934592,2147483648,6020972544,407961600
209,1771998084480,3204,3204,3204,3204,3204,3204,3204,3204,25,28.571430206298828,31.81818199157715,23.809524536132813,47.619049072265625,0,0,0,9.726018905639648,8589934592,2147483648,6023233536,407961600
202,1771998084690,3204,3204,3204,3204,3204,3204,3204,3204,28.571430206298828,20,20,23.809524536132813,76.19047546386719,9.523809432983398,4.761904716491699,4.545454502105713,9.726018905639648,8589934592,2147483648,6031196160,407961600
209,1771998084893,3204,3204,3204,3204,3204,3204,3204,3204,26.3157901763916,30.000001907348633,28.571430206298828,20,60.000003814697266,0,0,0,9.726018905639648,8589934592,2147483648,6031196160,407961600
209,1771998085103,3204,3204,3204,3204,3204,3204,3204,3204,31.81818199157715,28.571430206298828,25,23.809524536132813,28.571430206298828,9.090909004211426,0,0,9.552124977111816,8589934592,2147483648,6031196160,407961600
199,1771998085313,3204,3204,3204,3204,3204,3204,3204,3204,28.571430206298828,23.809524536132813,19.047618865966797,23.809524536132813,57.142860412597656,4.761904716491699,9.523809432983398,9.090909004211426,9.552124977111816,8589934592,2147483648,6035980288,407961600
203,1771998085513,3204,3204,3204,3204,3204,3204,3204,3204,26.3157901763916,30.000001907348633,26.3157901763916,20,52.6315803527832,0,4.761904716491699,0,9.552124977111816,8589934592,2147483648,6037716992,407961600
205,1771998085717,3204,3204,3204,3204,3204,3204,3204,3204,30.000001907348633,26.3157901763916,28.571430206298828,25,52.38095474243164,10,0,4.761904716491699,9.552124977111816,8589934592,2147483648,6042927104,407961600
209,1771998085923,3204,3204,3204,3204,3204,3204,3204,3204,28.571430206298828,31.81818199157715,28.571430206298828,23.809524536132813,66.66667175292969,14.285715103149414,4.761904716491699,0,9.552124977111816,8589934592,2147483648,6020825088,407961600
209,1771998086133,3204,3204,3204,3204,3204,3204,3204,3204,33.333335876464844,25,20,23.809524536132813,55,0,0,0,10.669351577758789,8589934592,2147483648,6020825088,407961600
209,1771998086343,3204,3204,3204,3204,3204,3204,3204,3204,33.333335876464844,28.571430206298828,23.809524536132813,15.000000953674316,33.333335876464844,0,4.545454502105713,4.545454502105713,10.669351577758789,8589934592,2147483648,6024069120,407961600
209,1771998086553,3204,3204,3204,3204,3204,3204,3204,3204,28.571430206298828,28.571430206298828,27.272727966308594,19.047618865966797,61.904762268066406,4.761904716491699,0,0,10.669351577758789,8589934592,2147483648,6025625600,407961600
203,1771998086763,3204,3204,3204,3204,3204,3204,3204,3204,25,19.047618865966797,20,19.047618865966797,54.54545593261719,9.090909004211426,0,0,10.669351577758789,8589934592,2147483648,6021316608,407961600
208,1771998086967,3204,3204,3204,3204,3204,3204,3204,3204,25,25,20,25,35,10,0,0,10.669351577758789,8589934592,2147483648,6020743168,407961600
206,1771998087176,3204,3204,3204,3204,3204,3204,3204,3204,28.571430206298828,33.333335876464844,23.809524536132813,23.809524536132813,61.904762268066406,0,0,0,9.415828704833984,8589934592,2147483648,6020251648,407961600
206,1771998087382,3204,3204,3204,3204,3204,3204,3204,3204,35,30.000001907348633,30.000001907348633,25,50,0,4.761904716491699,0,9.415828704833984,8589934592,2147483648,6021365760,407961600
207,1771998087590,3204,3204,3204,3204,3204,3204,3204,3204,40.90909194946289,38.095237731933594,28.571430206298828,30.000001907348633,55,0,0,0,9.415828704833984,8589934592,2147483648,6019203072,407961600
209,1771998087797,3204,3204,3204,3204,3204,3204,3204,3204,30.000001907348633,30.000001907348633,28.571430206298828,23.809524536132813,50,4.761904716491699,4.761904716491699,4.761904716491699,9.415828704833984,8589934592,2147483648,6026805248,407961600
209,1771998088008,3204,3204,3204,3204,3204,3204,3204,3204,28.571430206298828,38.095237731933594,19.047618865966797,27.272727966308594,57.142860412597656,14.285715103149414,0,0,9.415828704833984,8589934592,2147483648,6008504320,407961600
208,1771998088217,3204,3204,3204,3204,3204,3204,3204,3204,35,38.095237731933594,30.000001907348633,23.809524536132813,40,0,4.545454502105713,0,8.371540069580078,8589934592,2147483648,6012026880,407961600
205,1771998088425,3204,3204,3204,3204,3204,3204,3204,3204,38.095237731933594,33.333335876464844,23.809524536132813,20,0,0,0,0,8.371540069580078,8589934592,2147483648,6032654336,407961600
208,1771998088631,3204,3204,3204,3204,3204,3204,3204,3204,42.85714340209961,35,33.333335876464844,35,0,4.761904716491699,0,0,8.371540069580078,8589934592,2147483648,6049071104,407961600
206,1771998088841,3204,3204,3204,3204,3204,3204,3204,3204,36.842105865478516,52.38095474243164,45,36.3636360168457,28.571430206298828,0,0,0,8.371540069580078,8589934592,2147483648,6049251328,407961600
207,1771998089048,3204,3204,3204,3204,3204,3204,3204,3204,38.095237731933594,35,31.81818199157715,25,31.81818199157715,0,0,0,8.371540069580078,8589934592,2147483648,6053298176,407961600
209,1771998089256,3204,3204,3204,3204,3204,3204,3204,3204,33.333335876464844,30.000001907348633,26.3157901763916,25,63.15789031982422,9.090909004211426,4.761904716491699,5,7.902462005615234,8589934592,2147483648,6065094656,407961600
206,1771998089466,3204,3204,3204,3204,3204,3204,3204,3204,33.333335876464844,31.81818199157715,23.809524536132813,23.809524536132813,23.809524536132813,4.761904716491699,9.090909004211426,0,7.902462005615234,8589934592,2147483648,6060261376,407961600
200,1771998089673,3204,3204,3204,3204,3204,3204,3204,3204,25,23.809524536132813,22.72727394104004,19.047618865966797,76.19047546386719,0,4.761904716491699,4.761904716491699,7.902462005615234,8589934592,2147483648,6067732480,407961600
203,1771998089874,3204,3204,3204,3204,3204,3204,3204,3204,38.095237731933594,31.57894515991211,26.3157901763916,20,31.57894515991211,5,0,4.761904716491699,7.902462005615234,8589934592,2147483648,6070484992,407961600
208,1771998090078,3204,3204,3204,3204,3204,3204,3204,3204,45,50,40,35,42.85714340209961,23.809524536132813,10,5.263157844543457,8.798068046569824,8589934592,2147483648,6077841408,407961600
208,1771998090288,3204,3204,3204,3204,3204,3204,3204,3204,28.571430206298828,31.81818199157715,28.571430206298828,18.18181800842285,61.904762268066406,4.761904716491699,0,0,8.798068046569824,8589934592,2147483648,6076792832,407961600
209,1771998090496,3204,3204,3204,3204,3204,3204,3204,3204,30.000001907348633,30.000001907348633,28.571430206298828,20,20,0,9.090909004211426,4.761904716491699,8.798068046569824,8589934592,2147483648,6070747136,407961600
206,1771998090706,3204,3204,3204,3204,3204,3204,3204,3204,23.809524536132813,20,19.047618865966797,19.047618865966797,76.19047546386719,9.523809432983398,0,4.545454502105713,8.798068046569824,8589934592,2147483648,6092374016,407961600
209,1771998090913,3204,3204,3204,3204,3204,3204,3204,3204,30.000001907348633,38.095237731933594,25,30.000001907348633,47.619049072265625,0,4.761904716491699,0,8.798068046569824,8589934592,2147483648,6075383808,407961600
205,1771998091123,3204,3204,3204,3204,3204,3204,3204,3204,28.571430206298828,23.809524536132813,23.809524536132813,28.571430206298828,60.000003814697266,4.761904716491699,4.545454502105713,4.545454502105713,6.137113571166992,8589934592,2147483648,6072516608,407961600
205,1771998091331,3204,3204,3204,3204,3204,3204,3204,3204,30.000001907348633,28.571430206298828,23.809524536132813,19.047618865966797,85.71428680419922,0,5,0,6.137113571166992,8589934592,2147483648,6070845440,407961600
209,1771998091537,3204,3204,3204,3204,3204,3204,3204,3204,40,30.000001907348633,35,25,15.000000953674316,8.69565200805664,0,0,6.137113571166992,8589934592,2147483648,6056656896,407961600
200,1771998091748,3204,3204,3204,3204,3204,3204,3204,3204,27.272727966308594,28.571430206298828,23.809524536132813,22.72727394104004,57.142860412597656,30.000001907348633,5,9.523809432983398,6.137113571166992,8589934592,2147483648,6065504256,407961600
208,1771998091949,3204,3204,3204,3204,3204,3204,3204,3204,25,26.3157901763916,25,15.789472579956055,85,0,5,0,6.137113571166992,8589934592,2147483648,6066176000,407961600
201,1771998092158,3204,3204,3204,3204,3204,3204,3204,3204,38.095237731933594,38.095237731933594,40,28.571430206298828,28.571430206298828,28.571430206298828,19.047618865966797,0,7.466473579406738,8589934592,2147483648,6082871296,407961600
199,1771998092360,3204,3204,3204,3204,3204,3204,3204,3204,31.57894515991211,35,33.333335876464844,23.809524536132813,40,5,9.523809432983398,0,7.466473579406738,8589934592,2147483648,6068568064,407961600
208,1771998092560,3204,3204,3204,3204,3204,3204,3204,3204,26.3157901763916,25,26.3157901763916,16.666667938232422,15.000000953674316,30.000001907348633,5.263157844543457,5,7.466473579406738,8589934592,2147483648,6068862976,407961600
209,1771998092769,3204,3204,3204,3204,3204,3204,3204,3204,33.333335876464844,33.333335876464844,36.3636360168457,27.272727966308594,9.523809432983398,14.285715103149414,9.090909004211426,4.761904716491699,7.466473579406738,8589934592,2147483648,6069125120,407961600
205,1771998092979,3204,3204,3204,3204,3204,3204,3204,3204,28.571430206298828,19.047618865966797,28.571430206298828,19.047618865966797,0,4.761904716491699,0,0,7.466473579406738,8589934592,2147483648,6069190656,407961600
204,1771998093185,3204,3204,3204,3204,3204,3204,3204,3204,23.809524536132813,20,25,15.000000953674316,9.523809432983398,0,4.761904716491699,4.761904716491699,8.20114803314209,8589934592,2147483648,6069452800,407961600
204,1771998093391,3204,3204,3204,3204,3204,3204,3204,3204,30.000001907348633,25,28.571430206298828,28.571430206298828,4.761904716491699,4.761904716491699,0,0,8.20114803314209,8589934592,2147483648,6069452800,407961600
207,1771998093596,3204,3204,3204,3204,3204,3204,3204,3204,30.000001907348633,23.809524536132813,21.052631378173828,15.000000953674316,0,0,0,0,8.20114803314209,8589934592,2147483648,6070681600,407961600
202,1771998093803,3204,3204,3204,3204,3204,3204,3204,3204,23.809524536132813,25,27.272727966308594,14.285715103149414,0,0,0,0,8.20114803314209,8589934592,2147483648,6070697984,407961600
208,1771998094006,3204,3204,3204,3204,3204,3204,3204,3204,33.333335876464844,23.809524536132813,20,30.000001907348633,5,4.761904716491699,4.761904716491699,0,8.20114803314209,8589934592,2147483648,6071140352,407961600
209,1771998094215,3204,3204,3204,3204,3204,3204,3204,3204,33.333335876464844,30.000001907348633,35,25,9.523809432983398,0,0,0,9.163588523864746,8589934592,2147483648,6079004672,407961600
205,1771998094426,3204,3204,3204,3204,3204,3204,3204,3204,25,28.571430206298828,20,27.272727966308594,19.047618865966797,19.047618865966797,13.043478012084961,4.545454502105713,9.163588523864746,8589934592,2147483648,6069387264,407961600
207,1771998094632,3204,3204,3204,3204,3204,3204,3204,3204,33.333335876464844,28.571430206298828,31.81818199157715,30.000001907348633,4.761904716491699,4.761904716491699,0,0,9.163588523864746,8589934592,2147483648,6066028544,407961600
208,1771998094840,3204,3204,3204,3204,3204,3204,3204,3204,30.000001907348633,28.571430206298828,35,23.809524536132813,0,4.545454502105713,0,0,9.163588523864746,8589934592,2147483648,6066454528,407961600
205,1771998095048,3204,3204,3204,3204,3204,3204,3204,3204,38.095237731933594,25,23.809524536132813,19.047618865966797,4.761904716491699,0,0,0,9.163588523864746,8589934592,2147483648,6066454528,407961600
206,1771998095254,3204,3204,3204,3204,3204,3204,3204,3204,45,33.333335876464844,33.333335876464844,33.333335876464844,27.272727966308594,28.571430206298828,23.809524536132813,19.047618865966797,7.113011360168457,8589934592,2147483648,6066454528,407961600
205,1771998095461,3204,3204,3204,3204,3204,3204,3204,3204,33.333335876464844,25,23.809524536132813,15.000000953674316,5,5,4.761904716491699,5,7.113011360168457,8589934592,2147483648,6066454528,407961600
204,1771998095666,3204,3204,3204,3204,3204,3204,3204,3204,33.333335876464844,31.81818199157715,20,19.047618865966797,10,5.263157844543457,0,4.761904716491699,7.113011360168457,8589934592,2147483648,6068977664,407961600
202,1771998095871,3204,3204,3204,3204,3204,3204,3204,3204,26.3157901763916,21.052631378173828,15.000000953674316,15.000000953674316,20,27.272727966308594,13.636363983154297,9.523809432983398,7.113011360168457,8589934592,2147483648,6089850880,407961600
209,1771998096074,3204,3204,3204,3204,3204,3204,3204,3204,28.571430206298828,28.571430206298828,25,15.000000953674316,9.523809432983398,0,0,0,4.867462635040283,8589934592,2147483648,6074318848,407961600
209,1771998096284,3204,3204,3204,3204,3204,3204,3204,3204,25,20,23.809524536132813,14.285715103149414,4.761904716491699,9.090909004211426,4.761904716491699,4.761904716491699,4.867462635040283,8589934592,2147483648,6074286080,407961600
203,1771998096494,3204,3204,3204,3204,3204,3204,3204,3204,33.333335876464844,38.095237731933594,30.000001907348633,28.571430206298828,23.809524536132813,23.809524536132813,4.761904716491699,4.761904716491699,4.867462635040283,8589934592,2147483648,6079807488,407961600
209,1771998096698,3204,3204,3204,3204,3204,3204,3204,3204,25,25,28.571430206298828,20,15.000000953674316,10,5,25,4.867462635040283,8589934592,2147483648,6081265664,407961600
204,1771998096908,3204,3204,3204,3204,3204,3204,3204,3204,33.333335876464844,27.272727966308594,28.571430206298828,14.285715103149414,4.761904716491699,0,0,0,4.867462635040283,8589934592,2147483648,6076317696,407961600
207,1771998097113,3204,3204,3204,3204,3204,3204,3204,3204,28.571430206298828,15.789472579956055,25,20,4.761904716491699,0,4.761904716491699,0,5.365177154541016,8589934592,2147483648,6074777600,407961600
209,1771998097321,3204,3204,3204,3204,3204,3204,3204,3204,25,23.809524536132813,23.809524536132813,23.809524536132813,4.761904716491699,9.090909004211426,0,4.545454502105713,5.365177154541016,8589934592,2147483648,6074728448,407961600
208,1771998097531,3204,3204,3204,3204,3204,3204,3204,3204,33.333335876464844,31.81818199157715,28.571430206298828,30.000001907348633,5,5,4.761904716491699,4.761904716491699,5.365177154541016,8589934592,2147483648,6075056128,407961600
208,1771998097740,3204,3204,3204,3204,3204,3204,3204,3204,27.272727966308594,20,19.047618865966797,23.809524536132813,0,4.761904716491699,4.761904716491699,0,5.365177154541016,8589934592,2147483648,6074761216,407961600
199,1771998097949,3204,3204,3204,3204,3204,3204,3204,3204,31.57894515991211,25,25,19.047618865966797,4.545454502105713,0,0,0,5.365177154541016,8589934592,2147483648,6074368000,407961600
206,1771998098149,3204,3204,3204,3204,3204,3204,3204,3204,33.333335876464844,20,20,23.809524536132813,5,5,0,4.761904716491699,6.0173659324646,8589934592,2147483648,6074384384,407961600
200,1771998098356,3204,3204,3204,3204,3204,3204,3204,3204,30.000001907348633,23.809524536132813,20,10.526315689086914,4.761904716491699,0,0,0,6.0173659324646,8589934592,2147483648,6073761792,407961600
209,1771998098557,3204,3204,3204,3204,3204,3204,3204,3204,40,38.095237731933594,31.81818199157715,33.333335876464844,10.526315689086914,15.000000953674316,4.761904716491699,0,6.0173659324646,8589934592,2147483648,6082772992,407961600
205,1771998098767,3204,3204,3204,3204,3204,3204,3204,3204,31.81818199157715,25,20,23.809524536132813,27.272727966308594,13.636363983154297,0,0,6.0173659324646,8589934592,2147483648,6073614336,407961600
202,1771998098974,3204,3204,3204,3204,3204,3204,3204,3204,40,28.571430206298828,30.000001907348633,28.571430206298828,15.000000953674316,14.285715103149414,13.636363983154297,9.523809432983398,6.0173659324646,8589934592,2147483648,6074548224,407961600
208,1771998099177,3204,3204,3204,3204,3204,3204,3204,3204,30.000001907348633,26.3157901763916,30.000001907348633,25,10,5,5,0,5.380252361297607,8589934592,2147483648,6074335232,407961600
209,1771998099386,3204,3204,3204,3204,3204,3204,3204,3204,25,27.272727966308594,28.571430206298828,15.000000953674316,4.761904716491699,4.761904716491699,0,8.69565200805664,5.380252361297607,8589934592,2147483648,6074564608,407961600
209,1771998099596,3204,3204,3204,3204,3204,3204,3204,3204,23.809524536132813,25,31.81818199157715,22.72727394104004,4.761904716491699,0,0,0,5.380252361297607,8589934592,2147483648,6074695680,407961600
208,1771998099806,3204,3204,3204,3204,3204,3204,3204,3204,23.809524536132813,28.571430206298828,21.052631378173828,15.000000953674316,9.523809432983398,13.636363983154297,9.523809432983398,5,5.380252361297607,8589934592,2147483648,6070321152,407961600
209,1771998100015,3204,3204,3204,3204,3204,3204,3204,3204,28.571430206298828,23.809524536132813,27.272727966308594,22.72727394104004,5,4.761904716491699,4.761904716491699,4.761904716491699,5.380252361297607,8589934592,2147483648,6070353920,407961600
209,1771998100225,3204,3204,3204,3204,3204,3204,3204,3204,28.571430206298828,35,33.333335876464844,30.000001907348633,21.7391300201416,25,15.000000953674316,14.285715103149414,5.200000286102295,8589934592,2147483648,6070353920,407961600
203,1771998100435,3204,3204,3204,3204,3204,3204,3204,3204,45,50,38.095237731933594,33.333335876464844,10,14.285715103149414,9.523809432983398,9.523809432983398,5.200000286102295,8589934592,2147483648,6070353920,407961600
209,1771998100639,3204,3204,3204,3204,3204,3204,3204,3204,57.142860412597656,68.42105102539063,55,50,10,9.523809432983398,5,5,5.200000286102295,8589934592,2147483648,6070353920,407961600
206,1771998100849,3204,3204,3204,3204,3204,3204,3204,3204,60.000003814697266,54.54545593261719,52.38095474243164,54.54545593261719,31.81818199157715,20,22.72727394104004,9.523809432983398,5.200000286102295,8589934592,2147483648,6097862656,407961600
200,1771998101056,3204,3204,3204,3204,3204,3204,3204,3204,45.45454788208008,36.842105865478516,38.095237731933594,42.85714340209961,5.263157844543457,9.523809432983398,4.761904716491699,4.761904716491699,5.200000286102295,8589934592,2147483648,6083575808,407961600
209,1771998101258,3204,3204,3204,3204,3204,3204,3204,3204,52.6315803527832,54.54545593261719,60.000003814697266,55,4.761904716491699,5,5,0,5.498992443084717,8589934592,2147483648,6084116480,407961600
200,1771998101469,3204,3204,3204,3204,3204,3204,3204,3204,54.54545593261719,50,47.619049072265625,42.105262756347656,9.090909004211426,9.090909004211426,0,4.545454502105713,5.498992443084717,8589934592,2147483648,6084657152,407961600
205,1771998101669,3204,3204,3204,3204,3204,3204,3204,3204,52.6315803527832,50,47.36842346191406,54.54545593261719,25,0,5,0,5.498992443084717,8589934592,2147483648,6081511424,407961600
209,1771998101876,3204,3204,3204,3204,3204,3204,3204,3204,52.38095474243164,45,47.619049072265625,42.105262756347656,5,4.761904716491699,0,4.545454502105713,5.498992443084717,8589934592,2147483648,6078070784,407961600
208,1771998102086,3204,3204,3204,3204,3204,3204,3204,3204,38.095237731933594,42.85714340209961,38.095237731933594,33.333335876464844,4.545454502105713,0,0,0,5.071390628814697,8589934592,2147483648,6077136896,407961600
209,1771998102294,3204,3204,3204,3204,3204,3204,3204,3204,65,61.904762268066406,66.66667175292969,57.142860412597656,0,9.090909004211426,4.761904716491699,0,5.071390628814697,8589934592,2147483648,6077136896,407961600
200,1771998102505,3204,3204,3204,3204,3204,3204,3204,3204,47.619049072265625,42.85714340209961,42.85714340209961,38.095237731933594,4.761904716491699,0,0,0,5.071390628814697,8589934592,2147483648,6077136896,407961600
201,1771998102707,3204,3204,3204,3204,3204,3204,3204,3204,52.38095474243164,52.38095474243164,42.105262756347656,42.85714340209961,0,0,0,0,5.071390628814697,8589934592,2147483648,6077136896,407961600
199,1771998102909,3204,3204,3204,3204,3204,3204,3204,3204,50,50,50,47.36842346191406,25,10,4.761904716491699,4.761904716491699,5.071390628814697,8589934592,2147483648,6088933376,407961600
206,1771998103109,3204,3204,3204,3204,3204,3204,3204,3204,47.36842346191406,47.36842346191406,47.619049072265625,40,10,10,0,0,6.340776443481445,8589934592,2147483648,6079217664,407961600
205,1771998103317,3204,3204,3204,3204,3204,3204,3204,3204,57.142860412597656,77.2727279663086,60.000003814697266,60.000003814697266,0,0,0,0,6.340776443481445,8589934592,2147483648,6079217664,407961600
199,1771998103524,3204,3204,3204,3204,3204,3204,3204,3204,42.85714340209961,42.105262756347656,45.45454788208008,40.90909194946289,4.761904716491699,0,4.761904716491699,0,6.340776443481445,8589934592,2147483648,6079217664,407961600
209,1771998103724,3204,3204,3204,3204,3204,3204,3204,3204,57.894737243652344,47.619049072265625,52.6315803527832,50,5,5,0,4.761904716491699,6.340776443481445,8589934592,2147483648,6079217664,407961600
200,1771998103935,3204,3204,3204,3204,3204,3204,3204,3204,45.45454788208008,45,47.619049072265625,38.095237731933594,0,0,0,0,6.340776443481445,8589934592,2147483648,6080086016,407961600
207,1771998104136,3204,3204,3204,3204,3204,3204,3204,3204,55,45,55,42.105262756347656,5,5,5,5,5.605027675628662,8589934592,2147483648,6081134592,407961600
201,1771998104344,3204,3204,3204,3204,3204,3204,3204,3204,52.38095474243164,66.66667175292969,52.38095474243164,57.142860412597656,4.761904716491699,9.090909004211426,4.761904716491699,4.761904716491699,5.605027675628662,8589934592,2147483648,6081576960,407961600
205,1771998104547,3204,3204,3204,3204,3204,3204,3204,3204,42.105262756347656,47.619049072265625,42.85714340209961,38.095237731933594,0,0,0,0,5.605027675628662,8589934592,2147483648,6082002944,407961600
209,1771998104753,3204,3204,3204,3204,3204,3204,3204,3204,50,55,55,45,5,4.761904716491699,0,0,5.605027675628662,8589934592,2147483648,6082002944,407961600
209,1771998104963,3204,3204,3204,3204,3204,3204,3204,3204,52.6315803527832,50,47.619049072265625,42.85714340209961,14.285715103149414,9.523809432983398,13.636363983154297,9.523809432983398,5.605027675628662,8589934592,2147483648,6094241792,407961600
205,1771998105174,3204,3204,3204,3204,3204,3204,3204,3204,40.90909194946289,50,57.142860412597656,47.619049072265625,22.72727394104004,19.047618865966797,0,4.545454502105713,5.734832286834717,8589934592,2147483648,6083624960,407961600
200,1771998105380,3204,3204,3204,3204,3204,3204,3204,3204,50,55,50,50,10,10,5,5,5.734832286834717,8589934592,2147483648,6084018176,407961600
199,1771998105582,3204,3204,3204,3204,3204,3204,3204,3204,47.619049072265625,47.619049072265625,45,47.619049072265625,4.761904716491699,4.761904716491699,4.761904716491699,5,5.734832286834717,8589934592,2147483648,6084018176,407961600
208,1771998105782,3204,3204,3204,3204,3204,3204,3204,3204,52.6315803527832,50,52.38095474243164,42.105262756347656,22.22222328186035,15.789472579956055,10,9.523809432983398,5.734832286834717,8589934592,2147483648,6084018176,407961600
207,1771998105993,3204,3204,3204,3204,3204,3204,3204,3204,38.095237731933594,40,35,36.3636360168457,9.090909004211426,9.523809432983398,0,0,5.734832286834717,8589934592,2147483648,6100779008,407961600
206,1771998106200,3204,3204,3204,3204,3204,3204,3204,3204,57.142860412597656,59.09090805053711,50,45,0,4.761904716491699,4.545454502105713,0,5.531466484069824,8589934592,2147483648,6086705152,407961600
207,1771998106407,3204,3204,3204,3204,3204,3204,3204,3204,38.095237731933594,40,36.842105865478516,28.571430206298828,4.761904716491699,0,0,0,5.531466484069824,8589934592,2147483648,6086737920,407961600
203,1771998106615,3204,3204,3204,3204,3204,3204,3204,3204,25,25,28.571430206298828,28.571430206298828,5,27.272727966308594,4.761904716491699,0,5.531466484069824,8589934592,2147483648,6086737920,407961600
203,1771998106819,3204,3204,3204,3204,3204,3204,3204,3204,35,28.571430206298828,25,25,4.761904716491699,0,0,0,5.531466484069824,8589934592,2147483648,6086737920,407961600
206,1771998107023,3204,3204,3204,3204,3204,3204,3204,3204,28.571430206298828,23.809524536132813,23.809524536132813,20,0,4.761904716491699,0,4.761904716491699,5.531466484069824,8589934592,2147483648,6069469184,407961600
202,1771998107230,3204,3204,3204,3204,3204,3204,3204,3204,35,30.000001907348633,38.095237731933594,25,28.571430206298828,10.526315689086914,4.761904716491699,0,5.627025127410889,8589934592,2147483648,6069485568,407961600
204,1771998107433,3204,3204,3204,3204,3204,3204,3204,3204,23.809524536132813,25,21.052631378173828,23.809524536132813,5,9.090909004211426,0,0,5.627025127410889,8589934592,2147483648,6085492736,407961600
209,1771998107638,3204,3204,3204,3204,3204,3204,3204,3204,25,20,23.809524536132813,23.809524536132813,0,0,0,0,5.627025127410889,8589934592,2147483648,6070829056,407961600
208,1771998107848,3204,3204,3204,3204,3204,3204,3204,3204,33.333335876464844,25,23.809524536132813,23.809524536132813,4.545454502105713,0,0,0,5.627025127410889,8589934592,2147483648,6070517760,407961600
206,1771998108056,3204,3204,3204,3204,3204,3204,3204,3204,33.333335876464844,36.3636360168457,30.000001907348633,26.3157901763916,5,5,0,0,5.627025127410889,8589934592,2147483648,6083215360,407961600
207,1771998108263,3204,3204,3204,3204,3204,3204,3204,3204,25,20,23.809524536132813,18.18181800842285,86.36363983154297,45.45454788208008,0,0,6.089767932891846,8589934592,2147483648,6082953216,407961600
200,1771998108471,3204,3204,3204,3204,3204,3204,3204,3204,26.3157901763916,28.571430206298828,15.000000953674316,19.047618865966797,50,26.3157901763916,0,27.272727966308594,6.089767932891846,8589934592,2147483648,6069354496,407961600
208,1771998108671,3204,3204,3204,3204,3204,3204,3204,3204,28.571430206298828,26.3157901763916,27.272727966308594,22.22222328186035,0,33.333335876464844,0,0,6.089767932891846,8589934592,2147483648,6067683328,407961600
207,1771998108880,3204,3204,3204,3204,3204,3204,3204,3204,23.809524536132813,28.571430206298828,20,18.18181800842285,0,100,0,0,6.089767932891846,8589934592,2147483648,6067683328,407961600
207,1771998109088,3204,3204,3204,3204,3204,3204,3204,3204,23.809524536132813,20,20,19.047618865966797,0,100,0,0,5.094680309295654,8589934592,2147483648,6068092928,407961600
205,1771998109296,3204,3204,3204,3204,3204,3204,3204,3204,30.000001907348633,27.272727966308594,33.333335876464844,28.571430206298828,25,50,4.761904716491699,5,5.094680309295654,8589934592,2147483648,6077759488,407961600
209,1771998109502,3204,3204,3204,3204,3204,3204,3204,3204,28.571430206298828,25,20,20,76.19047546386719,18.18181800842285,9.523809432983398,15.000000953674316,5.094680309295654,8589934592,2147483648,6066077696,407961600
209,1771998109712,3204,3204,3204,3204,3204,3204,3204,3204,28.571430206298828,19.047618865966797,23.809524536132813,10,4.761904716491699,0,0,90.47618865966797,5.094680309295654,8589934592,2147483648,6066143232,407961600
207,1771998109922,3204,3204,3204,3204,3204,3204,3204,3204,23.809524536132813,20,19.047618865966797,23.809524536132813,5,38.095237731933594,0,0,5.094680309295654,8589934592,2147483648,6066094080,407961600
201,1771998110130,3204,3204,3204,3204,3204,3204,3204,3204,25,27.272727966308594,28.571430206298828,19.047618865966797,35,76.19047546386719,4.761904716491699,4.545454502105713,5.151295185089111,8589934592,2147483648,6058459136,407961600
207,1771998110331,3204,3204,3204,3204,3204,3204,3204,3204,30.000001907348633,25,20,19.047618865966797,19.047618865966797,80,19.047618865966797,4.761904716491699,5.151295185089111,8589934592,2147483648,6058622976,407961600
206,1771998110539,3204,3204,3204,3204,3204,3204,3204,3204,25,25,25,25,42.85714340209961,19.047618865966797,0,0,5.151295185089111,8589934592,2147483648,6058934272,407961600
207,1771998110746,3204,3204,3204,3204,3204,3204,3204,3204,23.809524536132813,23.809524536132813,19.047618865966797,23.809524536132813,90.47618865966797,5,0,0,5.151295185089111,8589934592,2147483648,6058508288,407961600
200,1771998110954,3204,3204,3204,3204,3204,3204,3204,3204,19.047618865966797,15.000000953674316,19.047618865966797,15.000000953674316,47.619049072265625,66.66667175292969,4.761904716491699,4.761904716491699,5.151295185089111,8589934592,2147483648,6058508288,407961600
200,1771998111155,3204,3204,3204,3204,3204,3204,3204,3204,25,28.571430206298828,20,25,10,45,0,5,9.739712715148926,8589934592,2147483648,6060294144,407961600
203,1771998111357,3204,3204,3204,3204,3204,3204,3204,3204,25,25,20,20,0,100,0,0,9.739712715148926,8589934592,2147483648,6060425216,407961600
209,1771998111560,3204,3204,3204,3204,3204,3204,3204,3204,35,30.000001907348633,25,25,70,19.047618865966797,42.85714340209961,5,9.739712715148926,8589934592,2147483648,6062915584,407961600
209,1771998111771,3204,3204,3204,3204,3204,3204,3204,3204,33.333335876464844,30.000001907348633,28.571430206298828,23.809524536132813,10,19.047618865966797,0,23.809524536132813,9.739712715148926,8589934592,2147483648,6063390720,407961600
207,1771998111981,3204,3204,3204,3204,3204,3204,3204,3204,28.571430206298828,33.333335876464844,33.333335876464844,28.571430206298828,27.272727966308594,25,23.809524536132813,72.7272720336914,9.739712715148926,8589934592,2147483648,6057902080,407961600
206,1771998112189,3204,3204,3204,3204,3204,3204,3204,3204,25,23.809524536132813,14.285715103149414,19.047618865966797,90.47618865966797,18.18181800842285,0,0,9.786836624145508,8589934592,2147483648,6059786240,407961600
209,1771998112396,3204,3204,3204,3204,3204,3204,3204,3204,23.809524536132813,25,20,23.809524536132813,10,0,0,21.052631378173828,9.786836624145508,8589934592,2147483648,6059048960,407961600
206,1771998112605,3204,3204,3204,3204,3204,3204,3204,3204,25,22.72727394104004,19.047618865966797,23.809524536132813,0,0,0,100,9.786836624145508,8589934592,2147483648,6059048960,407961600
209,1771998112812,3204,3204,3204,3204,3204,3204,3204,3204,31.81818199157715,23.809524536132813,20,23.809524536132813,0,70,4.761904716491699,28.571430206298828,9.786836624145508,8589934592,2147483648,6059048960,407961600
207,1771998113022,3204,3204,3204,3204,3204,3204,3204,3204,25,25,22.72727394104004,23.809524536132813,4.545454502105713,36.3636360168457,4.761904716491699,0,9.786836624145508,8589934592,2147483648,6059048960,407961600
209,1771998113230,3204,3204,3204,3204,3204,3204,3204,3204,19.047618865966797,19.047618865966797,15.789472579956055,15.789472579956055,0,100,4.545454502105713,0,10.083600997924805,8589934592,2147483648,6055133184,407961600
209,1771998113440,3204,3204,3204,3204,3204,3204,3204,3204,25,20,23.809524536132813,23.809524536132813,55,50,0,0,10.083600997924805,8589934592,2147483648,6055346176,407961600
209,1771998113649,3204,3204,3204,3204,3204,3204,3204,3204,47.619049072265625,38.095237731933594,33.333335876464844,31.81818199157715,47.619049072265625,42.85714340209961,15.000000953674316,4.545454502105713,10.083600997924805,8589934592,2147483648,6050660352,407961600
208,1771998113859,3204,3204,3204,3204,3204,3204,3204,3204,20,20,22.72727394104004,19.047618865966797,4.545454502105713,45,0,38.095237731933594,10.083600997924805,8589934592,2147483648,6048923648,407961600
203,1771998114069,3204,3204,3204,3204,3204,3204,3204,3204,34.78260803222656,27.272727966308594,20,15.000000953674316,0,76.19047546386719,0,0,10.359105110168457,8589934592,2147483648,6052216832,407961600
207,1771998114273,3204,3204,3204,3204,3204,3204,3204,3204,31.57894515991211,20,20,15.000000953674316,55,28.571430206298828,0,0,10.359105110168457,8589934592,2147483648,6055329792,407961600
206,1771998114480,3204,3204,3204,3204,3204,3204,3204,3204,38.095237731933594,30.000001907348633,28.571430206298828,25,15.000000953674316,4.761904716491699,4.761904716491699,0,10.359105110168457,8589934592,2147483648,6048514048,407961600
208,1771998114688,3204,3204,3204,3204,3204,3204,3204,3204,20,22.72727394104004,15.000000953674316,22.72727394104004,45.45454788208008,19.047618865966797,4.761904716491699,30.000001907348633,10.359105110168457,8589934592,2147483648,6060310528,407961600
207,1771998114896,3204,3204,3204,3204,3204,3204,3204,3204,33.333335876464844,25,27.272727966308594,30.000001907348633,63.15789031982422,5,19.047618865966797,0,10.359105110168457,8589934592,2147483648,6060310528,407961600
209,1771998115104,3204,3204,3204,3204,3204,3204,3204,3204,33.333335876464844,30.000001907348633,25,28.571430206298828,13.636363983154297,4.761904716491699,0,0,8.9033203125,8589934592,2147483648,6060310528,407961600
209,1771998115314,3204,3204,3204,3204,3204,3204,3204,3204,23.809524536132813,23.809524536132813,23.809524536132813,23.809524536132813,80,4.761904716491699,14.285715103149414,0,8.9033203125,8589934592,2147483648,6060294144,407961600
201,1771998115524,3204,3204,3204,3204,3204,3204,3204,3204,25,23.809524536132813,19.047618865966797,28.571430206298828,18.18181800842285,47.619049072265625,5,0,8.9033203125,8589934592,2147483648,6055985152,407961600
206,1771998115726,3204,3204,3204,3204,3204,3204,3204,3204,35,30.000001907348633,30.000001907348633,26.3157901763916,45,25,23.809524536132813,15.000000953674316,8.9033203125,8589934592,2147483648,6070370304,407961600
205,1771998115933,3204,3204,3204,3204,3204,3204,3204,3204,28.571430206298828,28.571430206298828,20,22.72727394104004,52.6315803527832,40,9.523809432983398,4.761904716491699,8.9033203125,8589934592,2147483648,6074187776,407961600
209,1771998116140,3204,3204,3204,3204,3204,3204,3204,3204,40,35,30.000001907348633,30.000001907348633,23.809524536132813,4.761904716491699,0,0,10.314223289489746,8589934592,2147483648,6080348160,407961600
201,1771998116350,3204,3204,3204,3204,3204,3204,3204,3204,30.000001907348633,35,27.272727966308594,19.047618865966797,42.85714340209961,0,0,9.090909004211426,10.314223289489746,8589934592,2147483648,6064586752,407961600
209,1771998116551,3204,3204,3204,3204,3204,3204,3204,3204,35,30.000001907348633,26.3157901763916,26.3157901763916,4.761904716491699,5,0,0,10.314223289489746,8589934592,2147483648,6066126848,407961600
209,1771998116761,3204,3204,3204,3204,3204,3204,3204,3204,33.333335876464844,36.3636360168457,31.81818199157715,28.571430206298828,20,18.18181800842285,4.545454502105713,0,10.314223289489746,8589934592,2147483648,6069174272,407961600
209,1771998116971,3204,3204,3204,3204,3204,3204,3204,3204,45.45454788208008,50,42.85714340209961,45.45454788208008,9.523809432983398,10,5,0,10.314223289489746,8589934592,2147483648,6079299584,407961600
207,1771998117182,3204,3204,3204,3204,3204,3204,3204,3204,35,31.81818199157715,25,19.047618865966797,9.090909004211426,4.545454502105713,0,4.545454502105713,9.089812278747559,8589934592,2147483648,6073073664,407961600
208,1771998117390,3204,3204,3204,3204,3204,3204,3204,3204,25,25,28.571430206298828,20,0,0,0,0,9.089812278747559,8589934592,2147483648,6072139776,407961600
209,1771998117599,3204,3204,3204,3204,3204,3204,3204,3204,22.72727394104004,28.571430206298828,23.809524536132813,18.18181800842285,4.761904716491699,5,4.761904716491699,0,9.089812278747559,8589934592,2147483648,6071042048,407961600
209,1771998117808,3204,3204,3204,3204,3204,3204,3204,3204,33.333335876464844,35,25,21.052631378173828,28.571430206298828,13.636363983154297,9.523809432983398,9.523809432983398,9.089812278747559,8589934592,2147483648,6075465728,407961600
204,1771998118019,3204,3204,3204,3204,3204,3204,3204,3204,25,31.81818199157715,28.571430206298828,19.047618865966797,25,14.285715103149414,4.761904716491699,4.761904716491699,9.089812278747559,8589934592,2147483648,6067142656,407961600
209,1771998118223,3204,3204,3204,3204,3204,3204,3204,3204,30.000001907348633,25,23.809524536132813,18.18181800842285,4.761904716491699,4.761904716491699,0,0,10.518814086914063,8589934592,2147483648,6067142656,407961600
205,1771998118432,3204,3204,3204,3204,3204,3204,3204,3204,33.333335876464844,23.809524536132813,23.809524536132813,20,4.761904716491699,0,0,0,10.518814086914063,8589934592,2147483648,6067224576,407961600
200,1771998118639,3204,3204,3204,3204,3204,3204,3204,3204,31.81818199157715,20,19.047618865966797,14.285715103149414,5,9.523809432983398,4.761904716491699,4.761904716491699,10.518814086914063,8589934592,2147483648,6067191808,407961600
206,1771998118840,3204,3204,3204,3204,3204,3204,3204,3204,26.3157901763916,25,25,20,4.761904716491699,4.761904716491699,0,4.761904716491699,10.518814086914063,8589934592,2147483648,6067355648,407961600
205,1771998119047,3204,3204,3204,3204,3204,3204,3204,3204,38.095237731933594,25,25,20,4.761904716491699,4.761904716491699,4.761904716491699,4.761904716491699,10.518814086914063,8589934592,2147483648,6067470336,407961600
204,1771998119253,3204,3204,3204,3204,3204,3204,3204,3204,30.000001907348633,31.81818199157715,23.809524536132813,15.000000953674316,0,0,0,0,6.8457183837890625,8589934592,2147483648,6067470336,407961600
205,1771998119458,3204,3204,3204,3204,3204,3204,3204,3204,25,26.3157901763916,15.789472579956055,18.18181800842285,4.761904716491699,0,0,0,6.8457183837890625,8589934592,2147483648,6067699712,407961600
209,1771998119664,3204,3204,3204,3204,3204,3204,3204,3204,30.000001907348633,30.000001907348633,23.809524536132813,20,0,0,0,0,6.8457183837890625,8589934592,2147483648,6067617792,407961600
205,1771998119874,3204,3204,3204,3204,3204,3204,3204,3204,31.81818199157715,27.272727966308594,15.000000953674316,20,0,0,0,0,6.8457183837890625,8589934592,2147483648,6067683328,407961600
207,1771998120080,3204,3204,3204,3204,3204,3204,3204,3204,40,42.85714340209961,42.85714340209961,38.095237731933594,20,23.809524536132813,9.523809432983398,0,5.578040599822998,8589934592,2147483648,6076366848,407961600
208,1771998120288,3204,3204,3204,3204,3204,3204,3204,3204,38.095237731933594,30.000001907348633,33.333335876464844,28.571430206298828,9.090909004211426,0,0,0,5.578040599822998,8589934592,2147483648,6077677568,407961600
209,1771998120496,3204,3204,3204,3204,3204,3204,3204,3204,35,33.333335876464844,31.81818199157715,23.809524536132813,5,4.761904716491699,5,4.545454502105713,5.578040599822998,8589934592,2147483648,6078152704,407961600
206,1771998120706,3204,3204,3204,3204,3204,3204,3204,3204,38.095237731933594,35,26.3157901763916,28.571430206298828,4.761904716491699,9.090909004211426,4.545454502105713,0,5.578040599822998,8589934592,2147483648,6078316544,407961600
209,1771998120913,3204,3204,3204,3204,3204,3204,3204,3204,33.333335876464844,25,22.72727394104004,20,15.000000953674316,10,5,4.761904716491699,5.578040599822998,8589934592,2147483648,6079168512,407961600
208,1771998121123,3204,3204,3204,3204,3204,3204,3204,3204,23.809524536132813,31.81818199157715,20,19.047618865966797,9.090909004211426,9.523809432983398,0,0,4.996298313140869,8589934592,2147483648,6082953216,407961600
207,1771998121332,3204,3204,3204,3204,3204,3204,3204,3204,35,28.571430206298828,30.000001907348633,23.809524536132813,4.761904716491699,4.761904716491699,4.761904716491699,4.761904716491699,4.996298313140869,8589934592,2147483648,6083002368,407961600
199,1771998121540,3204,3204,3204,3204,3204,3204,3204,3204,33.333335876464844,30.000001907348633,31.81818199157715,25,0,0,0,0,4.996298313140869,8589934592,2147483648,6080495616,407961600
209,1771998121740,3204,3204,3204,3204,3204,3204,3204,3204,40,35,30.000001907348633,25,14.285715103149414,30.000001907348633,9.090909004211426,5,4.996298313140869,8589934592,2147483648,6082543616,407961600
209,1771998121950,3204,3204,3204,3204,3204,3204,3204,3204,42.85714340209961,38.095237731933594,35,38.095237731933594,21.052631378173828,20,20,19.047618865966797,4.996298313140869,8589934592,2147483648,6078300160,407961600
202,1771998122160,3204,3204,3204,3204,3204,3204,3204,3204,33.333335876464844,30.000001907348633,27.272727966308594,23.809524536132813,31.81818199157715,9.523809432983398,0,0,5.06912899017334,8589934592,2147483648,6081888256,407961600
209,1771998122363,3204,3204,3204,3204,3204,3204,3204,3204,20,28.571430206298828,21.052631378173828,19.047618865966797,10,14.285715103149414,0,0,5.06912899017334,8589934592,2147483648,6081888256,407961600
208,1771998122574,3204,3204,3204,3204,3204,3204,3204,3204,28.571430206298828,36.3636360168457,27.272727966308594,19.047618865966797,0,0,4.761904716491699,0,5.06912899017334,8589934592,2147483648,6085754880,407961600
203,1771998122783,3204,3204,3204,3204,3204,3204,3204,3204,25,25,25,19.047618865966797,4.545454502105713,0,0,0,5.06912899017334,8589934592,2147483648,6085853184,407961600
208,1771998122988,3204,3204,3204,3204,3204,3204,3204,3204,23.809524536132813,21.052631378173828,28.571430206298828,20,4.761904716491699,0,0,0,5.06912899017334,8589934592,2147483648,6084853760,407961600
209,1771998123196,3204,3204,3204,3204,3204,3204,3204,3204,25,27.272727966308594,28.571430206298828,15.000000953674316,0,4.761904716491699,0,9.090909004211426,5.364768028259277,8589934592,2147483648,6082117632,407961600
202,1771998123407,3204,3204,3204,3204,3204,3204,3204,3204,36.3636360168457,35,30.000001907348633,22.72727394104004,4.761904716491699,0,0,0,5.364768028259277,8589934592,2147483648,6082117632,407961600
207,1771998123609,3204,3204,3204,3204,3204,3204,3204,3204,47.36842346191406,47.619049072265625,42.85714340209961,31.57894515991211,0,0,0,0,5.364768028259277,8589934592,2147483648,6094602240,407961600
209,1771998123817,3204,3204,3204,3204,3204,3204,3204,3204,28.571430206298828,28.571430206298828,23.809524536132813,23.809524536132813,0,4.761904716491699,4.545454502105713,0,5.364768028259277,8589934592,2147483648,6094684160,407961600
202,1771998124027,3204,3204,3204,3204,3204,3204,3204,3204,28.571430206298828,25,25,19.047618865966797,4.761904716491699,0,0,0,5.364768028259277,8589934592,2147483648,6105530368,407961600
209,1771998124230,3204,3204,3204,3204,3204,3204,3204,3204,35,38.095237731933594,30.000001907348633,21.052631378173828,5,10,0,0,5.7682952880859375,8589934592,2147483648,6100172800,407961600
200,1771998124440,3204,3204,3204,3204,3204,3204,3204,3204,23.809524536132813,25,23.809524536132813,19.047618865966797,28.571430206298828,18.18181800842285,4.761904716491699,4.761904716491699,5.7682952880859375,8589934592,2147483648,6100172800,407961600
203,1771998124642,3204,3204,3204,3204,3204,3204,3204,3204,35,28.571430206298828,25,23.809524536132813,0,0,0,0,5.7682952880859375,8589934592,2147483648,6091014144,407961600
200,1771998124845,3204,3204,3204,3204,3204,3204,3204,3204,25,26.3157901763916,23.809524536132813,19.047618865966797,0,0,0,0,5.7682952880859375,8589934592,2147483648,6090375168,407961600
207,1771998125046,3204,3204,3204,3204,3204,3204,3204,3204,25,25,21.052631378173828,15.000000953674316,0,0,5,0,5.7682952880859375,8589934592,2147483648,6089588736,407961600
201,1771998125254,3204,3204,3204,3204,3204,3204,3204,3204,28.571430206298828,23.809524536132813,19.047618865966797,10.526315689086914,0,0,0,0,5.151841163635254,8589934592,2147483648,6088949760,407961600
206,1771998125456,3204,3204,3204,3204,3204,3204,3204,3204,30.000001907348633,20,20,14.285715103149414,14.285715103149414,10,4.761904716491699,0,5.151841163635254,8589934592,2147483648,6088949760,407961600
201,1771998125663,3204,3204,3204,3204,3204,3204,3204,3204,25,23.809524536132813,23.809524536132813,28.571430206298828,4.761904716491699,9.523809432983398,0,4.545454502105713,5.151841163635254,8589934592,2147483648,6097223680,407961600
209,1771998125865,3204,3204,3204,3204,3204,3204,3204,3204,20,26.3157901763916,25,20,0,0,4.761904716491699,0,5.151841163635254,8589934592,2147483648,6082707456,407961600
209,1771998126075,3204,3204,3204,3204,3204,3204,3204,3204,27.272727966308594,22.72727394104004,23.809524536132813,14.285715103149414,14.285715103149414,5,0,0,5.0924177169799805,8589934592,2147483648,6100451328,407961600
206,1771998126285,3204,3204,3204,3204,3204,3204,3204,3204,25,19.047618865966797,23.809524536132813,23.809524536132813,0,8.69565200805664,4.545454502105713,4.761904716491699,5.0924177169799805,8589934592,2147483648,6086049792,407961600
209,1771998126491,3204,3204,3204,3204,3204,3204,3204,3204,33.333335876464844,30.000001907348633,35,30.000001907348633,28.571430206298828,15.000000953674316,0,0,5.0924177169799805,8589934592,2147483648,6085984256,407961600
209,1771998126701,3204,3204,3204,3204,3204,3204,3204,3204,30.000001907348633,28.571430206298828,23.809524536132813,20,28.571430206298828,20,5,4.545454502105713,5.0924177169799805,8589934592,2147483648,6087376896,407961600
208,1771998126912,3204,3204,3204,3204,3204,3204,3204,3204,33.333335876464844,33.333335876464844,25,27.272727966308594,5,4.761904716491699,0,0,5.0924177169799805,8589934592,2147483648,6087491584,407961600
208,1771998127121,3204,3204,3204,3204,3204,3204,3204,3204,27.272727966308594,25,19.047618865966797,23.809524536132813,4.545454502105713,4.761904716491699,4.761904716491699,0,5.117237091064453,8589934592,2147483648,6089637888,407961600
209,1771998127330,3204,3204,3204,3204,3204,3204,3204,3204,21.052631378173828,28.571430206298828,19.047618865966797,19.047618865966797,0,4.761904716491699,4.545454502105713,4.545454502105713,5.117237091064453,8589934592,2147483648,6107643904,407961600
206,1771998127539,3204,3204,3204,3204,3204,3204,3204,3204,27.272727966308594,28.571430206298828,27.272727966308594,19.047618865966797,4.761904716491699,0,4.761904716491699,0,5.117237091064453,8589934592,2147483648,6093324288,407961600
209,1771998127746,3204,3204,3204,3204,3204,3204,3204,3204,28.571430206298828,28.571430206298828,20,28.571430206298828,0,4.761904716491699,0,0,5.117237091064453,8589934592,2147483648,6093389824,407961600
209,1771998127957,3204,3204,3204,3204,3204,3204,3204,3204,26.3157901763916,30.000001907348633,23.809524536132813,15.000000953674316,0,0,0,0,5.117237091064453,8589934592,2147483648,6092734464,407961600
205,1771998128167,3204,3204,3204,3204,3204,3204,3204,3204,31.81818199157715,27.272727966308594,23.809524536132813,19.047618865966797,13.043478012084961,4.761904716491699,0,4.761904716491699,4.938283443450928,8589934592,2147483648,6092455936,407961600
201,1771998128373,3204,3204,3204,3204,3204,3204,3204,3204,25,25,23.809524536132813,19.047618865966797,0,0,0,0,4.938283443450928,8589934592,2147483648,6092816384,407961600
208,1771998128576,3204,3204,3204,3204,3204,3204,3204,3204,33.333335876464844,25,30.000001907348633,25,20,14.285715103149414,4.761904716491699,0,4.938283443450928,8589934592,2147483648,6102220800,407961600
203,1771998128784,3204,3204,3204,3204,3204,3204,3204,3204,28.571430206298828,33.333335876464844,23.809524536132813,28.571430206298828,18.18181800842285,19.047618865966797,4.761904716491699,4.761904716491699,4.938283443450928,8589934592,2147483648,6107774976,407961600
204,1771998128990,3204,3204,3204,3204,3204,3204,3204,3204,30.000001907348633,30.000001907348633,20,30.000001907348633,0,0,0,0,4.938283443450928,8589934592,2147483648,6106677248,407961600
203,1771998129195,3204,3204,3204,3204,3204,3204,3204,3204,28.571430206298828,28.571430206298828,28.571430206298828,30.000001907348633,0,0,0,0,5.567666053771973,8589934592,2147483648,6091833344,407961600
199,1771998129399,3204,3204,3204,3204,3204,3204,3204,3204,30.000001907348633,25,21.052631378173828,23.809524536132813,4.761904716491699,4.761904716491699,0,4.761904716491699,5.567666053771973,8589934592,2147483648,6091833344,407961600
206,1771998129599,3204,3204,3204,3204,3204,3204,3204,3204,35,25,28.571430206298828,30.000001907348633,0,0,5,0,5.567666053771973,8589934592,2147483648,6091833344,407961600
205,1771998129807,3204,3204,3204,3204,3204,3204,3204,3204,25,33.333335876464844,25,19.047618865966797,5,4.761904716491699,4.761904716491699,9.090909004211426,5.567666053771973,8589934592,2147483648,6097141760,407961600
209,1771998130012,3204,3204,3204,3204,3204,3204,3204,3204,25,25,20,25,0,4.761904716491699,0,0,5.567666053771973,8589934592,2147483648,6111428608,407961600
200,1771998130222,3204,3204,3204,3204,3204,3204,3204,3204,23.809524536132813,28.571430206298828,23.809524536132813,25,4.761904716491699,0,0,0,4.904413223266602,8589934592,2147483648,6077497344,407961600
205,1771998130423,3204,3204,3204,3204,3204,3204,3204,3204,20,20,20,20,14.285715103149414,9.523809432983398,9.523809432983398,0,4.904413223266602,8589934592,2147483648,6077399040,407961600
209,1771998130630,3204,3204,3204,3204,3204,3204,3204,3204,38.095237731933594,25,33.333335876464844,28.571430206298828,9.523809432983398,5,4.761904716491699,5,4.904413223266602,8589934592,2147483648,6082166784,407961600
209,1771998130840,3204,3204,3204,3204,3204,3204,3204,3204,38.095237731933594,33.333335876464844,28.571430206298828,31.81818199157715,25,23.809524536132813,0,4.545454502105713,4.904413223266602,8589934592,2147483648,6078595072,407961600
204,1771998131050,3204,3204,3204,3204,3204,3204,3204,3204,20,28.571430206298828,23.809524536132813,15.000000953674316,13.636363983154297,15.000000953674316,4.761904716491699,4.761904716491699,4.904413223266602,8589934592,2147483648,6091898880,407961600
208,1771998131254,3204,3204,3204,3204,3204,3204,3204,3204,28.571430206298828,23.809524536132813,20,14.285715103149414,0,4.761904716491699,0,0,5.236017227172852,8589934592,2147483648,6077513728,407961600
206,1771998131464,3204,3204,3204,3204,3204,3204,3204,3204,30.000001907348633,20,19.047618865966797,25,0,4.545454502105713,0,0,5.236017227172852,8589934592,2147483648,6079315968,407961600
201,1771998131671,3204,3204,3204,3204,3204,3204,3204,3204,33.333335876464844,28.571430206298828,20,19.047618865966797,9.523809432983398,5,4.761904716491699,20,5.236017227172852,8589934592,2147483648,6079741952,407961600
208,1771998131873,3204,3204,3204,3204,3204,3204,3204,3204,30.000001907348633,26.3157901763916,30.000001907348633,20,10,14.285715103149414,0,5,5.236017227172852,8589934592,2147483648,6081708032,407961600
206,1771998132082,3204,3204,3204,3204,3204,3204,3204,3204,42.85714340209961,39.130435943603516,28.571430206298828,28.571430206298828,27.272727966308594,25,23.809524536132813,19.047618865966797,5.117554664611816,8589934592,2147483648,6081003520,407961600
204,1771998132290,3204,3204,3204,3204,3204,3204,3204,3204,28.571430206298828,20,19.047618865966797,20,5,4.761904716491699,4.761904716491699,0,5.117554664611816,8589934592,2147483648,6075531264,407961600
205,1771998132494,3204,3204,3204,3204,3204,3204,3204,3204,25,25,25,19.047618865966797,5,0,4.761904716491699,4.761904716491699,5.117554664611816,8589934592,2147483648,6076088320,407961600
209,1771998132700,3204,3204,3204,3204,3204,3204,3204,3204,33.333335876464844,25,28.571430206298828,20,4.761904716491699,4.761904716491699,4.761904716491699,4.761904716491699,5.117554664611816,8589934592,2147483648,6075449344,407961600
208,1771998132910,3204,3204,3204,3204,3204,3204,3204,3204,33.333335876464844,33.333335876464844,25,31.81818199157715,23.809524536132813,22.72727394104004,5,0,5.117554664611816,8589934592,2147483648,6073942016,407961600
203,1771998133119,3204,3204,3204,3204,3204,3204,3204,3204,25,25,23.809524536132813,15.789472579956055,10,5,4.761904716491699,9.090909004211426,5.379081726074219,8589934592,2147483648,6074253312,407961600
209,1771998133323,3204,3204,3204,3204,3204,3204,3204,3204,25,33.333335876464844,19.047618865966797,23.809524536132813,0,0,0,0,5.379081726074219,8589934592,2147483648,6074236928,407961600
209,1771998133533,3204,3204,3204,3204,3204,3204,3204,3204,25,20,23.809524536132813,23.809524536132813,4.761904716491699,5,0,0,5.379081726074219,8589934592,2147483648,6075596800,407961600
209,1771998133743,3204,3204,3204,3204,3204,3204,3204,3204,30.434782028198242,27.272727966308594,20,23.809524536132813,9.090909004211426,4.545454502105713,4.761904716491699,4.761904716491699,5.379081726074219,8589934592,2147483648,6074974208,407961600
199,1771998133953,3204,3204,3204,3204,3204,3204,3204,3204,25,30.000001907348633,31.81818199157715,28.571430206298828,0,0,0,0,5.379081726074219,8589934592,2147483648,6074843136,407961600
207,1771998134153,3204,3204,3204,3204,3204,3204,3204,3204,30.000001907348633,28.571430206298828,20,20,0,4.761904716491699,4.761904716491699,0,5.816107749938965,8589934592,2147483648,6074826752,407961600
209,1771998134361,3204,3204,3204,3204,3204,3204,3204,3204,25,28.571430206298828,25,19.047618865966797,4.761904716491699,0,0,0,5.816107749938965,8589934592,2147483648,6074875904,407961600
209,1771998134571,3204,3204,3204,3204,3204,3204,3204,3204,31.81818199157715,25,23.809524536132813,19.047618865966797,4.761904716491699,9.090909004211426,4.761904716491699,4.545454502105713,5.816107749938965,8589934592,2147483648,6074728448,407961600
203,1771998134781,3204,3204,3204,3204,3204,3204,3204,3204,25,23.809524536132813,19.047618865966797,23.809524536132813,0,4.761904716491699,0,0,5.816107749938965,8589934592,2147483648,6074728448,407961600
204,1771998134985,3204,3204,3204,3204,3204,3204,3204,3204,30.000001907348633,30.000001907348633,21.052631378173828,20,20,10,9.523809432983398,5,5.816107749938965,8589934592,2147483648,6085165056,407961600
207,1771998135190,3204,3204,3204,3204,3204,3204,3204,3204,28.571430206298828,28.571430206298828,23.809524536132813,33.333335876464844,23.809524536132813,15.000000953674316,5,0,5.4882097244262695,8589934592,2147483648,6075170816,407961600
202,1771998135398,3204,3204,3204,3204,3204,3204,3204,3204,38.095237731933594,30.000001907348633,20,20,0,0,0,0,5.4882097244262695,8589934592,2147483648,6075138048,407961600
208,1771998135601,3204,3204,3204,3204,3204,3204,3204,3204,25,28.571430206298828,23.809524536132813,23.809524536132813,9.523809432983398,10,10,4.761904716491699,5.4882097244262695,8589934592,2147483648,6074974208,407961600
200,1771998135810,3204,3204,3204,3204,3204,3204,3204,3204,21.052631378173828,33.333335876464844,22.72727394104004,20,0,4.761904716491699,4.545454502105713,4.761904716491699,5.4882097244262695,8589934592,2147483648,6075006976,407961600
204,1771998136010,3204,3204,3204,3204,3204,3204,3204,3204,27.272727966308594,26.3157901763916,16.666667938232422,20,9.523809432983398,4.761904716491699,5,0,5.4882097244262695,8589934592,2147483648,6075023360,407961600
206,1771998136215,3204,3204,3204,3204,3204,3204,3204,3204,21.052631378173828,19.047618865966797,19.047618865966797,5,10.526315689086914,10.526315689086914,4.761904716491699,0,5.080552101135254,8589934592,2147483648,6093389824,407961600
205,1771998136421,3204,3204,3204,3204,3204,3204,3204,3204,47.619049072265625,35,28.571430206298828,33.333335876464844,9.523809432983398,4.761904716491699,5,5,5.080552101135254,8589934592,2147483648,6075105280,407961600
206,1771998136628,3204,3204,3204,3204,3204,3204,3204,3204,50,52.38095474243164,52.38095474243164,38.095237731933594,4.761904716491699,23.809524536132813,0,0,5.080552101135254,8589934592,2147483648,6056771584,407961600
205,1771998136834,3204,3204,3204,3204,3204,3204,3204,3204,57.142860412597656,60.000003814697266,60.000003814697266,45,4.761904716491699,4.761904716491699,0,4.761904716491699,5.080552101135254,8589934592,2147483648,6057361408,407961600
209,1771998137040,3204,3204,3204,3204,3204,3204,3204,3204,28.571430206298828,28.571430206298828,23.809524536132813,14.285715103149414,0,4.761904716491699,0,0,5.080552101135254,8589934592,2147483648,6044762112,407961600
207,1771998137250,3204,3204,3204,3204,3204,3204,3204,3204,40,33.333335876464844,30.000001907348633,35,31.81818199157715,19.047618865966797,4.545454502105713,4.761904716491699,5.0697526931762695,8589934592,2147483648,6025773056,407961600
209,1771998137458,3204,3204,3204,3204,3204,3204,3204,3204,28.571430206298828,30.000001907348633,19.047618865966797,18.18181800842285,9.523809432983398,5,4.761904716491699,4.761904716491699,5.0697526931762695,8589934592,2147483648,6021234688,407961600
204,1771998137668,3204,3204,3204,3204,3204,3204,3204,3204,33.333335876464844,23.809524536132813,19.047618865966797,23.809524536132813,0,0,0,4.545454502105713,5.0697526931762695,8589934592,2147483648,6021251072,407961600
205,1771998137873,3204,3204,3204,3204,3204,3204,3204,3204,20,23.809524536132813,20,15.789472579956055,9.523809432983398,5,4.761904716491699,0,5.0697526931762695,8589934592,2147483648,6020661248,407961600
201,1771998138079,3204,3204,3204,3204,3204,3204,3204,3204,33.333335876464844,23.809524536132813,23.809524536132813,20,0,0,0,4.761904716491699,5.190073013305664,8589934592,2147483648,6020677632,407961600
205,1771998138281,3204,3204,3204,3204,3204,3204,3204,3204,30.000001907348633,30.000001907348633,33.333335876464844,23.809524536132813,10,13.636363983154297,5,0,5.190073013305664,8589934592,2147483648,6021316608,407961600
207,1771998138487,3204,3204,3204,3204,3204,3204,3204,3204,42.105262756347656,40,31.57894515991211,25,14.285715103149414,5.263157844543457,4.761904716491699,4.761904716491699,5.190073013305664,8589934592,2147483648,6023675904,407961600
208,1771998138695,3204,3204,3204,3204,3204,3204,3204,3204,40.90909194946289,35,36.3636360168457,31.81818199157715,5,9.090909004211426,4.761904716491699,4.761904716491699,5.190073013305664,8589934592,2147483648,6022971392,407961600
201,1771998138905,3204,3204,3204,3204,3204,3204,3204,3204,28.571430206298828,23.809524536132813,15.000000953674316,20,4.761904716491699,0,4.761904716491699,0,5.190073013305664,8589934592,2147483648,6023397376,407961600
201,1771998139106,3204,3204,3204,3204,3204,3204,3204,3204,26.3157901763916,25,20,25,0,0,0,0,5.296987056732178,8589934592,2147483648,6023069696,407961600
201,1771998139308,3204,3204,3204,3204,3204,3204,3204,3204,33.333335876464844,38.095237731933594,33.333335876464844,30.000001907348633,19.047618865966797,19.047618865966797,5,10,5.296987056732178,8589934592,2147483648,6034243584,407961600
209,1771998139510,3204,3204,3204,3204,3204,3204,3204,3204,30.000001907348633,21.052631378173828,26.3157901763916,23.809524536132813,10.526315689086914,5,5,0,5.296987056732178,8589934592,2147483648,6027608064,407961600
209,1771998139720,3204,3204,3204,3204,3204,3204,3204,3204,70,57.142860412597656,52.38095474243164,61.904762268066406,0,0,0,0,5.296987056732178,8589934592,2147483648,6030196736,407961600
209,1771998139929,3204,3204,3204,3204,3204,3204,3204,3204,47.619049072265625,45.45454788208008,35,30.000001907348633,4.761904716491699,4.761904716491699,0,0,5.296987056732178,8589934592,2147483648,6021971968,407961600
200,1771998140139,3204,3204,3204,3204,3204,3204,3204,3204,68.18181610107422,70,68.18181610107422,63.6363639831543,22.72727394104004,20,20,22.72727394104004,5.20042085647583,8589934592,2147483648,6022873088,407961600
205,1771998140341,3204,3204,3204,3204,3204,3204,3204,3204,15.789472579956055,52.38095474243164,15.000000953674316,20,10,9.523809432983398,5,9.523809432983398,5.20042085647583,8589934592,2147483648,6022922240,407961600
207,1771998140546,3204,3204,3204,3204,3204,3204,3204,3204,28.571430206298828,25,19.047618865966797,15.789472579956055,5,10,4.761904716491699,0,5.20042085647583,8589934592,2147483648,6024314880,407961600
201,1771998140754,3204,3204,3204,3204,3204,3204,3204,3204,30.000001907348633,25,20,22.72727394104004,5,4.761904716491699,4.761904716491699,4.761904716491699,5.20042085647583,8589934592,2147483648,6024495104,407961600
209,1771998140957,3204,3204,3204,3204,3204,3204,3204,3204,38.095237731933594,40,31.57894515991211,30.000001907348633,4.761904716491699,4.761904716491699,0,0,5.20042085647583,8589934592,2147483648,6024609792,407961600
200,1771998141167,3204,3204,3204,3204,3204,3204,3204,3204,25,25,22.72727394104004,25,28.571430206298828,20,23.809524536132813,5,5.499748706817627,8589934592,2147483648,6028115968,407961600
209,1771998141367,3204,3204,3204,3204,3204,3204,3204,3204,28.571430206298828,28.571430206298828,28.571430206298828,20,10,38.095237731933594,68.42105102539063,5,5.499748706817627,8589934592,2147483648,6013845504,407961600
209,1771998141577,3204,3204,3204,3204,3204,3204,3204,3204,35,25,25,23.809524536132813,33.333335876464844,45,22.72727394104004,0,5.499748706817627,8589934592,2147483648,6003982336,407961600
208,1771998141788,3204,3204,3204,3204,3204,3204,3204,3204,23.809524536132813,19.047618865966797,20,19.047618865966797,4.761904716491699,85.71428680419922,19.047618865966797,0,5.499748706817627,8589934592,2147483648,6003982336,407961600
209,1771998141996,3204,3204,3204,3204,3204,3204,3204,3204,23.809524536132813,27.272727966308594,27.272727966308594,22.72727394104004,47.619049072265625,31.81818199157715,23.809524536132813,4.545454502105713,5.499748706817627,8589934592,2147483648,6003982336,407961600
204,1771998142206,3204,3204,3204,3204,3204,3204,3204,3204,20,19.047618865966797,25,15.000000953674316,80.95238494873047,30.000001907348633,0,0,5.795161247253418,8589934592,2147483648,6009143296,407961600
209,1771998142411,3204,3204,3204,3204,3204,3204,3204,3204,25,21.052631378173828,28.571430206298828,15.000000953674316,47.619049072265625,4.761904716491699,40,15.789472579956055,5.795161247253418,8589934592,2147483648,6004129792,407961600
201,1771998142621,3204,3204,3204,3204,3204,3204,3204,3204,23.809524536132813,28.571430206298828,23.809524536132813,22.72727394104004,4.761904716491699,33.333335876464844,68.18181610107422,4.545454502105713,5.795161247253418,8589934592,2147483648,6005981184,407961600
208,1771998142823,3204,3204,3204,3204,3204,3204,3204,3204,23.809524536132813,20,25,10.526315689086914,30.000001907348633,20,0,0,5.795161247253418,8589934592,2147483648,6003441664,407961600
208,1771998143032,3204,3204,3204,3204,3204,3204,3204,3204,23.809524536132813,23.809524536132813,28.571430206298828,23.809524536132813,50,65,0,9.090909004211426,5.795161247253418,8589934592,2147483648,6003441664,407961600
209,1771998143241,3204,3204,3204,3204,3204,3204,3204,3204,25,28.571430206298828,25,19.047618865966797,33.333335876464844,76.19047546386719,0,0,5.734278202056885,8589934592,2147483648,6003916800,407961600
208,1771998143451,3204,3204,3204,3204,3204,3204,3204,3204,28.571430206298828,23.809524536132813,28.571430206298828,14.285715103149414,4.761904716491699,54.54545593261719,4.761904716491699,0,5.734278202056885,8589934592,2147483648,6018990080,407961600
205,1771998143660,3204,3204,3204,3204,3204,3204,3204,3204,42.85714340209961,38.095237731933594,33.333335876464844,28.571430206298828,31.81818199157715,55,25,5,5.734278202056885,8589934592,2147483648,6018990080,407961600
204,1771998143866,3204,3204,3204,3204,3204,3204,3204,3204,25,20,25,15.000000953674316,85,33.333335876464844,0,0,5.734278202056885,8589934592,2147483648,6018990080,407961600
205,1771998144071,3204,3204,3204,3204,3204,3204,3204,3204,35,28.571430206298828,28.571430206298828,20,20,55,4.761904716491699,4.761904716491699,9.967308044433594,8589934592,2147483648,6018990080,407961600
207,1771998144277,3204,3204,3204,3204,3204,3204,3204,3204,25,30.000001907348633,23.809524536132813,23.809524536132813,55,9.523809432983398,30.000001907348633,10,9.967308044433594,8589934592,2147483648,5990727680,407961600
207,1771998144485,3204,3204,3204,3204,3204,3204,3204,3204,27.272727966308594,20,20,23.809524536132813,52.38095474243164,0,0,27.272727966308594,9.967308044433594,8589934592,2147483648,5990809600,407961600
202,1771998144692,3204,3204,3204,3204,3204,3204,3204,3204,20,28.571430206298828,23.809524536132813,15.000000953674316,22.72727394104004,0,4.545454502105713,50,9.967308044433594,8589934592,2147483648,5990825984,407961600
203,1771998144895,3204,3204,3204,3204,3204,3204,3204,3204,30.000001907348633,30.000001907348633,30.000001907348633,20,55,47.619049072265625,0,5,9.967308044433594,8589934592,2147483648,5991514112,407961600
209,1771998145099,3204,3204,3204,3204,3204,3204,3204,3204,28.571430206298828,25,20,19.047618865966797,84.21052551269531,0,0,0,9.91629695892334,8589934592,2147483648,5991333888,407961600
208,1771998145309,3204,3204,3204,3204,3204,3204,3204,3204,28.571430206298828,19.047618865966797,19.047618865966797,19.047618865966797,40.90909194946289,23.809524536132813,38.095237731933594,0,9.91629695892334,8589934592,2147483648,5991596032,407961600
204,1771998145518,3204,3204,3204,3204,3204,3204,3204,3204,20,23.809524536132813,23.809524536132813,15.000000953674316,65,10,28.571430206298828,0,9.91629695892334,8589934592,2147483648,5991563264,407961600
201,1771998145723,3204,3204,3204,3204,3204,3204,3204,3204,33.333335876464844,33.333335876464844,30.000001907348633,31.81818199157715,23.809524536132813,71.42857360839844,4.761904716491699,5,9.91629695892334,8589934592,2147483648,6016106496,407961600
206,1771998145924,3204,3204,3204,3204,3204,3204,3204,3204,25,21.052631378173828,25,15.789472579956055,85.71428680419922,10,10,0,9.91629695892334,8589934592,2147483648,6016106496,407961600
208,1771998146131,3204,3204,3204,3204,3204,3204,3204,3204,25,28.571430206298828,23.809524536132813,20,100,0,0,0,9.929023742675781,8589934592,2147483648,6016106496,407961600
206,1771998146339,3204,3204,3204,3204,3204,3204,3204,3204,23.809524536132813,19.047618865966797,19.047618865966797,19.047618865966797,10,9.523809432983398,19.047618865966797,63.6363639831543,9.929023742675781,8589934592,2147483648,5999476736,407961600
207,1771998146546,3204,3204,3204,3204,3204,3204,3204,3204,20,23.809524536132813,20,19.047618865966797,14.285715103149414,0,9.523809432983398,0,9.929023742675781,8589934592,2147483648,5999984640,407961600
201,1771998146754,3204,3204,3204,3204,3204,3204,3204,3204,38.095237731933594,31.57894515991211,25,23.809524536132813,72.7272720336914,14.285715103149414,9.090909004211426,14.285715103149414,9.929023742675781,8589934592,2147483648,6006751232,407961600
208,1771998146955,3204,3204,3204,3204,3204,3204,3204,3204,40,38.095237731933594,38.095237731933594,35,42.105262756347656,0,0,0,9.929023742675781,8589934592,2147483648,6016204800,407961600
205,1771998147165,3204,3204,3204,3204,3204,3204,3204,3204,33.333335876464844,33.333335876464844,28.571430206298828,19.047618865966797,42.85714340209961,22.72727394104004,9.523809432983398,4.761904716491699,9.79241943359375,8589934592,2147483648,6003294208,407961600
209,1771998147371,3204,3204,3204,3204,3204,3204,3204,3204,25,30.000001907348633,25,15.789472579956055,60.000003814697266,0,0,0,9.79241943359375,8589934592,2147483648,6000115712,407961600
201,1771998147581,3204,3204,3204,3204,3204,3204,3204,3204,30.000001907348633,28.571430206298828,28.571430206298828,30.434782028198242,23.809524536132813,0,0,0,9.79241943359375,8589934592,2147483648,5996560384,407961600
205,1771998147783,3204,3204,3204,3204,3204,3204,3204,3204,33.333335876464844,35,30.000001907348633,22.22222328186035,50,15.000000953674316,4.761904716491699,5,9.79241943359375,8589934592,2147483648,6018433024,407961600
200,1771998147988,3204,3204,3204,3204,3204,3204,3204,3204,36.842105865478516,35,28.571430206298828,23.809524536132813,45,14.285715103149414,5.263157844543457,0,9.79241943359375,8589934592,2147483648,6012633088,407961600
199,1771998148190,3204,3204,3204,3204,3204,3204,3204,3204,35,26.3157901763916,22.22222328186035,20,55,0,0,0,10.42885684967041,8589934592,2147483648,6021595136,407961600
206,1771998148390,3204,3204,3204,3204,3204,3204,3204,3204,50,45,47.619049072265625,40,78.94737243652344,0,4.761904716491699,5,10.42885684967041,8589934592,2147483648,6035095552,407961600
203,1771998148597,3204,3204,3204,3204,3204,3204,3204,3204,61.904762268066406,61.904762268066406,66.66667175292969,55,40.90909194946289,9.090909004211426,9.523809432983398,0,10.42885684967041,8589934592,2147483648,6027689984,407961600
204,1771998148800,3204,3204,3204,3204,3204,3204,3204,3204,55,47.619049072265625,42.85714340209961,30.000001907348633,20,0,0,0,10.42885684967041,8589934592,2147483648,6045106176,407961600
201,1771998149005,3204,3204,3204,3204,3204,3204,3204,3204,45,42.105262756347656,42.105262756347656,38.095237731933594,47.36842346191406,20,20,20,10.42885684967041,8589934592,2147483648,6048366592,407961600
209,1771998149207,3204,3204,3204,3204,3204,3204,3204,3204,45,45,38.095237731933594,25,47.619049072265625,0,0,9.090909004211426,7.930380344390869,8589934592,2147483648,6063030272,407961600
207,1771998149417,3204,3204,3204,3204,3204,3204,3204,3204,50,42.85714340209961,35,38.095237731933594,66.66667175292969,4.545454502105713,0,0,7.930380344390869,8589934592,2147483648,6060785664,407961600
204,1771998149625,3204,3204,3204,3204,3204,3204,3204,3204,42.85714340209961,45,38.095237731933594,33.333335876464844,66.66667175292969,0,5,0,7.930380344390869,8589934592,2147483648,6069633024,407961600
209,1771998149830,3204,3204,3204,3204,3204,3204,3204,3204,25,28.571430206298828,20,15.789472579956055,90,0,4.545454502105713,0,7.930380344390869,8589934592,2147483648,6063259648,407961600
200,1771998150040,3204,3204,3204,3204,3204,3204,3204,3204,38.095237731933594,42.85714340209961,38.095237731933594,31.81818199157715,47.619049072265625,10,10.526315689086914,4.761904716491699,7.930380344390869,8589934592,2147483648,6066388992,407961600
209,1771998150241,3204,3204,3204,3204,3204,3204,3204,3204,35,30.000001907348633,30.000001907348633,21.052631378173828,35,4.761904716491699,0,0,7.95062255859375,8589934592,2147483648,6066388992,407961600
204,1771998150451,3204,3204,3204,3204,3204,3204,3204,3204,28.571430206298828,30.000001907348633,30.000001907348633,30.434782028198242,40,4.761904716491699,4.545454502105713,0,7.95062255859375,8589934592,2147483648,6053167104,407961600
202,1771998150656,3204,3204,3204,3204,3204,3204,3204,3204,28.571430206298828,28.571430206298828,19.047618865966797,15.789472579956055,20,19.047618865966797,19.047618865966797,10,7.95062255859375,8589934592,2147483648,6054264832,407961600
206,1771998150859,3204,3204,3204,3204,3204,3204,3204,3204,31.57894515991211,25,20,20,0,0,0,0,7.95062255859375,8589934592,2147483648,6054281216,407961600
209,1771998151066,3204,3204,3204,3204,3204,3204,3204,3204,33.333335876464844,38.095237731933594,30.000001907348633,28.571430206298828,45.45454788208008,0,0,0,8.909135818481445,8589934592,2147483648,6054428672,407961600
207,1771998151275,3204,3204,3204,3204,3204,3204,3204,3204,23.809524536132813,23.809524536132813,19.047618865966797,10,10,9.523809432983398,9.523809432983398,0,8.909135818481445,8589934592,2147483648,6058852352,407961600
209,1771998151483,3204,3204,3204,3204,3204,3204,3204,3204,25,25,23.809524536132813,22.72727394104004,4.545454502105713,4.761904716491699,0,0,8.909135818481445,8589934592,2147483648,6059229184,407961600
200,1771998151692,3204,3204,3204,3204,3204,3204,3204,3204,33.333335876464844,33.333335876464844,23.809524536132813,15.000000953674316,5,23.809524536132813,0,4.545454502105713,8.909135818481445,8589934592,2147483648,6061768704,407961600
200,1771998151893,3204,3204,3204,3204,3204,3204,3204,3204,30.000001907348633,30.000001907348633,20,25,5,0,0,0,8.909135818481445,8589934592,2147483648,6061768704,407961600
208,1771998152095,3204,3204,3204,3204,3204,3204,3204,3204,30.000001907348633,30.000001907348633,26.3157901763916,20,23.809524536132813,14.285715103149414,5,5,9.584575653076172,8589934592,2147483648,6061768704,407961600
204,1771998152304,3204,3204,3204,3204,3204,3204,3204,3204,33.333335876464844,28.571430206298828,27.272727966308594,28.571430206298828,20,9.523809432983398,0,0,9.584575653076172,8589934592,2147483648,6061768704,407961600
202,1771998152509,3204,3204,3204,3204,3204,3204,3204,3204,33.333335876464844,21.052631378173828,33.333335876464844,20,4.761904716491699,0,4.761904716491699,0,9.584575653076172,8589934592,2147483648,6058426368,407961600
201,1771998152711,3204,3204,3204,3204,3204,3204,3204,3204,26.3157901763916,31.81818199157715,21.052631378173828,19.047618865966797,5,4.761904716491699,0,0,9.584575653076172,8589934592,2147483648,6056886272,407961600
208,1771998152914,3204,3204,3204,3204,3204,3204,3204,3204,33.333335876464844,31.57894515991211,30.000001907348633,20,5,5.263157844543457,5,5,9.584575653076172,8589934592,2147483648,6057099264,407961600
208,1771998153124,3204,3204,3204,3204,3204,3204,3204,3204,23.809524536132813,23.809524536132813,23.809524536132813,19.047618865966797,0,0,0,0,6.657289028167725,8589934592,2147483648,6057246720,407961600
206,1771998153333,3204,3204,3204,3204,3204,3204,3204,3204,26.3157901763916,28.571430206298828,31.81818199157715,19.047618865966797,9.090909004211426,4.761904716491699,0,0,6.657289028167725,8589934592,2147483648,6057148416,407961600
206,1771998153540,3204,3204,3204,3204,3204,3204,3204,3204,36.3636360168457,25,30.000001907348633,23.809524536132813,5.263157844543457,9.523809432983398,5,4.761904716491699,6.657289028167725,8589934592,2147483648,6060785664,407961600
203,1771998153746,3204,3204,3204,3204,3204,3204,3204,3204,30.000001907348633,20,19.047618865966797,20,13.636363983154297,5,4.761904716491699,4.545454502105713,6.657289028167725,8589934592,2147483648,6061752320,407961600
208,1771998153950,3204,3204,3204,3204,3204,3204,3204,3204,33.333335876464844,28.571430206298828,26.3157901763916,20,5.263157844543457,14.285715103149414,9.090909004211426,0,6.657289028167725,8589934592,2147483648,6062080000,407961600
209,1771998154159,3204,3204,3204,3204,3204,3204,3204,3204,30.000001907348633,28.571430206298828,27.272727966308594,23.809524536132813,4.761904716491699,0,0,0,5.234169960021973,8589934592,2147483648,6062080000,407961600
209,1771998154369,3204,3204,3204,3204,3204,3204,3204,3204,33.333335876464844,23.809524536132813,25,19.047618865966797,31.81818199157715,19.047618865966797,9.523809432983398,9.090909004211426,5.234169960021973,8589934592,2147483648,6062047232,407961600
208,1771998154579,3204,3204,3204,3204,3204,3204,3204,3204,28.571430206298828,31.81818199157715,30.000001907348633,23.809524536132813,0,0,0,0,5.234169960021973,8589934592,2147483648,6062571520,407961600
203,1771998154788,3204,3204,3204,3204,3204,3204,3204,3204,25,21.052631378173828,28.571430206298828,23.809524536132813,0,4.545454502105713,0,0,5.234169960021973,8589934592,2147483648,6062456832,407961600
209,1771998154992,3204,3204,3204,3204,3204,3204,3204,3204,23.809524536132813,23.809524536132813,15.000000953674316,15.000000953674316,13.636363983154297,9.523809432983398,5,4.761904716491699,5.234169960021973,8589934592,2147483648,6062227456,407961600
206,1771998155202,3204,3204,3204,3204,3204,3204,3204,3204,27.272727966308594,23.809524536132813,19.047618865966797,27.272727966308594,5,5,4.761904716491699,4.761904716491699,5.258548259735107,8589934592,2147483648,6062227456,407961600
206,1771998155409,3204,3204,3204,3204,3204,3204,3204,3204,30.000001907348633,30.000001907348633,27.272727966308594,20,10,10,4.761904716491699,5,5.258548259735107,8589934592,2147483648,6062227456,407961600
206,1771998155616,3204,3204,3204,3204,3204,3204,3204,3204,20,19.047618865966797,15.000000953674316,25,19.047618865966797,13.636363983154297,5,0,5.258548259735107,8589934592,2147483648,6062587904,407961600
209,1771998155823,3204,3204,3204,3204,3204,3204,3204,3204,25,25,23.809524536132813,25,4.761904716491699,0,0,4.761904716491699,5.258548259735107,8589934592,2147483648,6062604288,407961600
199,1771998156033,3204,3204,3204,3204,3204,3204,3204,3204,28.571430206298828,31.81818199157715,20,18.18181800842285,4.761904716491699,4.761904716491699,8.69565200805664,4.545454502105713,5.258548259735107,8589934592,2147483648,6062686208,407961600
204,1771998156233,3204,3204,3204,3204,3204,3204,3204,3204,25,26.3157901763916,23.809524536132813,15.789472579956055,10.526315689086914,15.000000953674316,5.263157844543457,5,5.48391580581665,8589934592,2147483648,6062686208,407961600
208,1771998156437,3204,3204,3204,3204,3204,3204,3204,3204,28.571430206298828,25,20,20,28.571430206298828,25,14.285715103149414,10,5.48391580581665,8589934592,2147483648,6062686208,407961600
209,1771998156646,3204,3204,3204,3204,3204,3204,3204,3204,25,27.272727966308594,23.809524536132813,22.72727394104004,14.285715103149414,28.571430206298828,0,0,5.48391580581665,8589934592,2147483648,6060392448,407961600
205,1771998156857,3204,3204,3204,3204,3204,3204,3204,3204,36.3636360168457,25,19.047618865966797,15.000000953674316,5,4.761904716491699,4.761904716491699,4.545454502105713,5.48391580581665,8589934592,2147483648,6046040064,407961600
207,1771998157063,3204,3204,3204,3204,3204,3204,3204,3204,21.052631378173828,20,15.000000953674316,19.047618865966797,9.090909004211426,5,4.761904716491699,0,5.293898582458496,8589934592,2147483648,6060507136,407961600
209,1771998157271,3204,3204,3204,3204,3204,3204,3204,3204,28.571430206298828,33.333335876464844,20,19.047618865966797,0,0,0,0,5.293898582458496,8589934592,2147483648,6060507136,407961600
208,1771998157481,3204,3204,3204,3204,3204,3204,3204,3204,28.571430206298828,33.333335876464844,23.809524536132813,15.000000953674316,0,9.090909004211426,0,9.090909004211426,5.293898582458496,8589934592,2147483648,6060507136,407961600
204,1771998157691,3204,3204,3204,3204,3204,3204,3204,3204,23.809524536132813,25,19.047618865966797,19.047618865966797,4.761904716491699,4.545454502105713,0,0,5.293898582458496,8589934592,2147483648,6040518656,407961600
207,1771998157897,3204,3204,3204,3204,3204,3204,3204,3204,25,28.571430206298828,31.81818199157715,22.72727394104004,0,0,0,0,5.293898582458496,8589934592,2147483648,6040174592,407961600
203,1771998158105,3204,3204,3204,3204,3204,3204,3204,3204,28.571430206298828,27.272727966308594,30.000001907348633,15.789472579956055,5,5,4.761904716491699,0,5.460246562957764,8589934592,2147483648,6034800640,407961600
200,1771998158308,3204,3204,3204,3204,3204,3204,3204,3204,30.000001907348633,26.3157901763916,35,23.809524536132813,19.047618865966797,19.047618865966797,22.72727394104004,20,5.460246562957764,8589934592,2147483648,6034489344,407961600
207,1771998158509,3204,3204,3204,3204,3204,3204,3204,3204,35,30.000001907348633,25,25,5.263157844543457,10,5.263157844543457,0,5.460246562957764,8589934592,2147483648,6044041216,407961600
203,1771998158717,3204,3204,3204,3204,3204,3204,3204,3204,28.571430206298828,33.333335876464844,20,19.047618865966797,22.72727394104004,25,4.761904716491699,4.761904716491699,5.460246562957764,8589934592,2147483648,6032244736,407961600
201,1771998158921,3204,3204,3204,3204,3204,3204,3204,3204,30.000001907348633,28.571430206298828,27.272727966308594,20,0,0,0,0,5.460246562957764,8589934592,2147483648,6032539648,407961600
209,1771998159124,3204,3204,3204,3204,3204,3204,3204,3204,38.095237731933594,36.842105865478516,31.57894515991211,35,4.761904716491699,5,0,0,5.651307582855225,8589934592,2147483648,6032539648,407961600
204,1771998159333,3204,3204,3204,3204,3204,3204,3204,3204,25,23.809524536132813,19.047618865966797,14.285715103149414,5,4.761904716491699,4.761904716491699,4.545454502105713,5.651307582855225,8589934592,2147483648,6032539648,407961600
200,1771998159539,3204,3204,3204,3204,3204,3204,3204,3204,28.571430206298828,25,25,23.809524536132813,0,0,0,0,5.651307582855225,8589934592,2147483648,6032539648,407961600
206,1771998159740,3204,3204,3204,3204,3204,3204,3204,3204,26.3157901763916,25,20,20,0,0,0,0,5.651307582855225,8589934592,2147483648,6033276928,407961600
207,1771998159947,3204,3204,3204,3204,3204,3204,3204,3204,28.571430206298828,28.571430206298828,27.272727966308594,15.789472579956055,4.761904716491699,4.761904716491699,4.761904716491699,0,5.651307582855225,8589934592,2147483648,6034702336,407961600
200,1771998160154,3204,3204,3204,3204,3204,3204,3204,3204,25,23.809524536132813,20,22.72727394104004,0,0,0,4.545454502105713,5.00827169418335,8589934592,2147483648,6034751488,407961600
206,1771998160355,3204,3204,3204,3204,3204,3204,3204,3204,36.3636360168457,30.000001907348633,20,20,9.523809432983398,5,0,0,5.00827169418335,8589934592,2147483648,6034751488,407961600
202,1771998160562,3204,3204,3204,3204,3204,3204,3204,3204,31.57894515991211,25,20,15.000000953674316,15.000000953674316,5,9.090909004211426,0,5.00827169418335,8589934592,2147483648,6034751488,407961600
207,1771998160765,3204,3204,3204,3204,3204,3204,3204,3204,30.000001907348633,35,28.571430206298828,28.571430206298828,28.571430206298828,28.571430206298828,0,14.285715103149414,5.00827169418335,8589934592,2147483648,6034407424,407961600
208,1771998160974,3204,3204,3204,3204,3204,3204,3204,3204,23.809524536132813,27.272727966308594,25,15.000000953674316,0,0,0,0,5.00827169418335,8589934592,2147483648,6034604032,407961600
208,1771998161183,3204,3204,3204,3204,3204,3204,3204,3204,28.571430206298828,23.809524536132813,28.571430206298828,19.047618865966797,4.761904716491699,4.761904716491699,4.545454502105713,4.761904716491699,5.634296417236328,8589934592,2147483648,6034604032,407961600
204,1771998161392,3204,3204,3204,3204,3204,3204,3204,3204,20,21.052631378173828,20,14.285715103149414,5,9.523809432983398,4.761904716491699,9.523809432983398,5.634296417236328,8589934592,2147483648,6034604032,407961600
209,1771998161596,3204,3204,3204,3204,3204,3204,3204,3204,33.333335876464844,28.571430206298828,23.809524536132813,23.809524536132813,4.761904716491699,0,0,0,5.634296417236328,8589934592,2147483648,6034604032,407961600
201,1771998161807,3204,3204,3204,3204,3204,3204,3204,3204,28.571430206298828,20,23.809524536132813,20,27.272727966308594,4.761904716491699,0,0,5.634296417236328,8589934592,2147483648,6041567232,407961600
207,1771998162009,3204,3204,3204,3204,3204,3204,3204,3204,26.3157901763916,27.272727966308594,35,23.809524536132813,0,4.761904716491699,0,0,5.634296417236328,8589934592,2147483648,6055313408,407961600
205,1771998162217,3204,3204,3204,3204,3204,3204,3204,3204,28.571430206298828,25,23.809524536132813,19.047618865966797,0,0,0,0,4.97432804107666,8589934592,2147483648,6040895488,407961600
207,1771998162423,3204,3204,3204,3204,3204,3204,3204,3204,27.272727966308594,20,30.000001907348633,25,4.761904716491699,4.761904716491699,4.761904716491699,0,4.97432804107666,8589934592,2147483648,6036619264,407961600
208,1771998162632,3204,3204,3204,3204,3204,3204,3204,3204,26.3157901763916,28.571430206298828,23.809524536132813,25,0,0,0,0,4.97432804107666,8589934592,2147483648,6035701760,407961600
207,1771998162841,3204,3204,3204,3204,3204,3204,3204,3204,31.81818199157715,23.809524536132813,28.571430206298828,28.571430206298828,14.285715103149414,15.000000953674316,9.523809432983398,9.523809432983398,4.97432804107666,8589934592,2147483648,6044909568,407961600
201,1771998163048,3204,3204,3204,3204,3204,3204,3204,3204,30.000001907348633,30.000001907348633,23.809524536132813,31.81818199157715,9.523809432983398,5,4.761904716491699,4.761904716491699,4.97432804107666,8589934592,2147483648,6034636800,407961600
205,1771998163250,3204,3204,3204,3204,3204,3204,3204,3204,35,30.000001907348633,21.052631378173828,15.789472579956055,0,9.523809432983398,4.761904716491699,0,5.343543529510498,8589934592,2147483648,6034620416,407961600
204,1771998163456,3204,3204,3204,3204,3204,3204,3204,3204,28.571430206298828,38.095237731933594,33.333335876464844,23.809524536132813,4.761904716491699,4.545454502105713,0,0,5.343543529510498,8589934592,2147483648,6035210240,407961600
200,1771998163661,3204,3204,3204,3204,3204,3204,3204,3204,20,20,23.809524536132813,20,0,0,0,4.545454502105713,5.343543529510498,8589934592,2147483648,6035046400,407961600
209,1771998163862,3204,3204,3204,3204,3204,3204,3204,3204,30.000001907348633,28.571430206298828,26.3157901763916,25,5,0,4.761904716491699,0,5.343543529510498,8589934592,2147483648,6035144704,407961600
201,1771998164072,3204,3204,3204,3204,3204,3204,3204,3204,25,19.047618865966797,28.571430206298828,18.18181800842285,13.636363983154297,9.523809432983398,5,4.761904716491699,5.295022487640381,8589934592,2147483648,6035046400,407961600
209,1771998164274,3204,3204,3204,3204,3204,3204,3204,3204,36.3636360168457,21.052631378173828,25,15.789472579956055,0,0,0,0,5.295022487640381,8589934592,2147483648,6035193856,407961600
203,1771998164484,3204,3204,3204,3204,3204,3204,3204,3204,26.3157901763916,23.809524536132813,31.81818199157715,22.72727394104004,0,0,0,0,5.295022487640381,8589934592,2147483648,6035275776,407961600
203,1771998164688,3204,3204,3204,3204,3204,3204,3204,3204,23.809524536132813,20,25,21.052631378173828,0,4.761904716491699,0,0,5.295022487640381,8589934592,2147483648,6035275776,407961600
209,1771998164892,3204,3204,3204,3204,3204,3204,3204,3204,35,33.333335876464844,25,35,9.523809432983398,0,0,0,5.295022487640381,8589934592,2147483648,6042550272,407961600
205,1771998165103,3204,3204,3204,3204,3204,3204,3204,3204,31.81818199157715,23.809524536132813,31.81818199157715,27.272727966308594,19.047618865966797,28.571430206298828,0,4.761904716491699,5.462761402130127,8589934592,2147483648,6034571264,407961600
205,1771998165309,3204,3204,3204,3204,3204,3204,3204,3204,30.000001907348633,25,26.3157901763916,25,0,0,0,0,5.462761402130127,8589934592,2147483648,6034604032,407961600
207,1771998165515,3204,3204,3204,3204,3204,3204,3204,3204,25,25,28.571430206298828,20,9.523809432983398,9.523809432983398,9.090909004211426,0,5.462761402130127,8589934592,2147483648,6033735680,407961600
203,1771998165723,3204,3204,3204,3204,3204,3204,3204,3204,19.047618865966797,20,23.809524536132813,19.047618865966797,10,0,4.761904716491699,4.761904716491699,5.462761402130127,8589934592,2147483648,6033735680,407961600
202,1771998165927,3204,3204,3204,3204,3204,3204,3204,3204,30.000001907348633,27.272727966308594,20,23.809524536132813,0,0,0,0,5.462761402130127,8589934592,2147483648,6033670144,407961600
209,1771998166130,3204,3204,3204,3204,3204,3204,3204,3204,20,30.000001907348633,20,20,5,4.761904716491699,0,0,5.459986209869385,8589934592,2147483648,6034653184,407961600
209,1771998166340,3204,3204,3204,3204,3204,3204,3204,3204,28.571430206298828,25,19.047618865966797,22.72727394104004,9.090909004211426,0,0,0,5.459986209869385,8589934592,2147483648,6033899520,407961600
203,1771998166550,3204,3204,3204,3204,3204,3204,3204,3204,23.809524536132813,31.81818199157715,14.285715103149414,20,9.523809432983398,9.090909004211426,4.761904716491699,4.545454502105713,5.459986209869385,8589934592,2147483648,6046941184,407961600
209,1771998166754,3204,3204,3204,3204,3204,3204,3204,3204,30.000001907348633,26.3157901763916,25,20,10,21.052631378173828,0,4.761904716491699,5.459986209869385,8589934592,2147483648,6033702912,407961600
200,1771998166964,3204,3204,3204,3204,3204,3204,3204,3204,28.571430206298828,27.272727966308594,23.809524536132813,20,4.761904716491699,9.090909004211426,0,0,5.459986209869385,8589934592,2147483648,6033817600,407961600
200,1771998167165,3204,3204,3204,3204,3204,3204,3204,3204,35,26.3157901763916,35,28.571430206298828,30.000001907348633,20,9.523809432983398,5,5.044349670410156,8589934592,2147483648,6033670144,407961600
208,1771998167366,3204,3204,3204,3204,3204,3204,3204,3204,25,33.333335876464844,25,20,5,5,0,0,5.044349670410156,8589934592,2147483648,6033670144,407961600
205,1771998167575,3204,3204,3204,3204,3204,3204,3204,3204,25,25,19.047618865966797,15.000000953674316,0,0,0,0,5.044349670410156,8589934592,2147483648,6033670144,407961600
207,1771998167781,3204,3204,3204,3204,3204,3204,3204,3204,19.047618865966797,33.333335876464844,23.809524536132813,19.047618865966797,5,0,4.545454502105713,0,5.044349670410156,8589934592,2147483648,6033670144,407961600
200,1771998167988,3204,3204,3204,3204,3204,3204,3204,3204,33.333335876464844,25,25,20,4.761904716491699,9.523809432983398,0,0,5.044349670410156,8589934592,2147483648,6027886592,407961600
200,1771998168189,3204,3204,3204,3204,3204,3204,3204,3204,20,33.333335876464844,20,19.047618865966797,10,9.523809432983398,5,4.761904716491699,5.0917463302612305,8589934592,2147483648,6028591104,407961600
208,1771998168390,3204,3204,3204,3204,3204,3204,3204,3204,25,21.052631378173828,21.052631378173828,20,0,0,5,0,5.0917463302612305,8589934592,2147483648,6027329536,407961600
206,1771998168599,3204,3204,3204,3204,3204,3204,3204,3204,23.809524536132813,23.809524536132813,22.72727394104004,23.809524536132813,4.761904716491699,5,0,4.761904716491699,5.0917463302612305,8589934592,2147483648,6027362304,407961600
206,1771998168807,3204,3204,3204,3204,3204,3204,3204,3204,25,19.047618865966797,25,15.000000953674316,5,4.761904716491699,4.545454502105713,0,5.0917463302612305,8589934592,2147483648,6027411456,407961600
203,1771998169013,3204,3204,3204,3204,3204,3204,3204,3204,30.000001907348633,30.000001907348633,28.571430206298828,23.809524536132813,0,0,0,0,5.0917463302612305,8589934592,2147483648,6027444224,407961600
205,1771998169217,3204,3204,3204,3204,3204,3204,3204,3204,35,28.571430206298828,30.000001907348633,30.000001907348633,14.285715103149414,15.000000953674316,5,4.761904716491699,5.3643598556518555,8589934592,2147483648,6036897792,407961600
204,1771998169423,3204,3204,3204,3204,3204,3204,3204,3204,28.571430206298828,25,19.047618865966797,23.809524536132813,20,23.809524536132813,14.285715103149414,0,5.3643598556518555,8589934592,2147483648,6027460608,407961600
209,1771998169628,3204,3204,3204,3204,3204,3204,3204,3204,28.571430206298828,20,26.3157901763916,20,9.523809432983398,4.761904716491699,0,0,5.3643598556518555,8589934592,2147483648,6025248768,407961600
201,1771998169838,3204,3204,3204,3204,3204,3204,3204,3204,20,23.809524536132813,22.72727394104004,19.047618865966797,5,5,9.523809432983398,4.761904716491699,5.3643598556518555,8589934592,2147483648,6025641984,407961600
207,1771998170040,3204,3204,3204,3204,3204,3204,3204,3204,25,23.809524536132813,15.789472579956055,20,9.523809432983398,20,10,4.761904716491699,5.3643598556518555,8589934592,2147483648,6027771904,407961600
209,1771998170248,3204,3204,3204,3204,3204,3204,3204,3204,19.047618865966797,15.000000953674316,13.636363983154297,4.761904716491699,23.809524536132813,50,14.285715103149414,25,5.26112174987793,8589934592,2147483648,6045073408,407961600
205,1771998170458,3204,3204,3204,3204,3204,3204,3204,3204,19.047618865966797,14.285715103149414,14.285715103149414,9.523809432983398,9.523809432983398,5,5,4.761904716491699,5.26112174987793,8589934592,2147483648,6045433856,407961600
209,1771998170663,3204,3204,3204,3204,3204,3204,3204,3204,25,15.000000953674316,10.526315689086914,15.000000953674316,10,15.000000953674316,9.523809432983398,9.523809432983398,5.26112174987793,8589934592,2147483648,6045646848,407961600
208,1771998170873,3204,3204,3204,3204,3204,3204,3204,3204,33.333335876464844,23.809524536132813,26.086956024169922,23.809524536132813,0,0,0,0,5.26112174987793,8589934592,2147483648,6046760960,407961600
202,1771998171083,3204,3204,3204,3204,3204,3204,3204,3204,33.333335876464844,25,15.000000953674316,19.047618865966797,0,4.545454502105713,0,0,5.008860111236572,8589934592,2147483648,6046646272,407961600
204,1771998171286,3204,3204,3204,3204,3204,3204,3204,3204,40,33.333335876464844,28.571430206298828,30.000001907348633,23.809524536132813,15.789472579956055,20,19.047618865966797,5.008860111236572,8589934592,2147483648,6046285824,407961600
200,1771998171491,3204,3204,3204,3204,3204,3204,3204,3204,47.619049072265625,45,36.842105865478516,35,42.85714340209961,31.81818199157715,9.523809432983398,5,5.008860111236572,8589934592,2147483648,6046285824,407961600
209,1771998171692,3204,3204,3204,3204,3204,3204,3204,3204,100,100,100,100,10,15.789472579956055,0,0,5.008860111236572,8589934592,2147483648,6046285824,407961600
203,1771998171902,3204,3204,3204,3204,3204,3204,3204,3204,33.333335876464844,31.81818199157715,31.81818199157715,31.81818199157715,4.761904716491699,4.545454502105713,0,0,5.008860111236572,8589934592,2147483648,6046285824,407961600
200,1771998172107,3204,3204,3204,3204,3204,3204,3204,3204,30.000001907348633,30.000001907348633,23.809524536132813,19.047618865966797,0,5,0,0,5.38972282409668,8589934592,2147483648,6058934272,407961600
206,1771998172308,3204,3204,3204,3204,3204,3204,3204,3204,25,20,20,15.789472579956055,0,0,0,0,5.38972282409668,8589934592,2147483648,6057951232,407961600
200,1771998172515,3204,3204,3204,3204,3204,3204,3204,3204,20,30.000001907348633,21.052631378173828,20,9.090909004211426,4.761904716491699,4.545454502105713,4.545454502105713,5.38972282409668,8589934592,2147483648,6038700032,407961600
206,1771998172716,3204,3204,3204,3204,3204,3204,3204,3204,30.000001907348633,28.571430206298828,23.809524536132813,23.809524536132813,0,0,4.761904716491699,0,5.38972282409668,8589934592,2147483648,6038700032,407961600
205,1771998172924,3204,3204,3204,3204,3204,3204,3204,3204,25,23.809524536132813,28.571430206298828,23.809524536132813,0,0,0,0,5.38972282409668,8589934592,2147483648,6038700032,407961600
209,1771998173130,3204,3204,3204,3204,3204,3204,3204,3204,27.272727966308594,21.052631378173828,30.000001907348633,15.789472579956055,5,5,0,0,6.49021577835083,8589934592,2147483648,6051594240,407961600
209,1771998173340,3204,3204,3204,3204,3204,3204,3204,3204,20,19.047618865966797,20,18.18181800842285,9.523809432983398,4.761904716491699,4.761904716491699,0,6.49021577835083,8589934592,2147483648,6037192704,407961600
208,1771998173550,3204,3204,3204,3204,3204,3204,3204,3204,33.333335876464844,31.81818199157715,36.3636360168457,25,14.285715103149414,14.285715103149414,15.000000953674316,9.090909004211426,6.49021577835083,8589934592,2147483648,6037192704,407961600
205,1771998173758,3204,3204,3204,3204,3204,3204,3204,3204,33.333335876464844,21.052631378173828,20,23.809524536132813,14.285715103149414,9.090909004211426,0,0,6.49021577835083,8589934592,2147483648,6037192704,407961600
208,1771998173964,3204,3204,3204,3204,3204,3204,3204,3204,28.571430206298828,31.81818199157715,23.809524536132813,19.047618865966797,0,0,0,0,6.49021577835083,8589934592,2147483648,6037192704,407961600
207,1771998174174,3204,3204,3204,3204,3204,3204,3204,3204,35,40,25,20,4.761904716491699,0,4.545454502105713,0,6.240516662597656,8589934592,2147483648,6013255680,407961600
200,1771998174381,3204,3204,3204,3204,3204,3204,3204,3204,28.571430206298828,31.81818199157715,23.809524536132813,22.72727394104004,0,0,0,0,6.240516662597656,8589934592,2147483648,6013353984,407961600
209,1771998174583,3204,3204,3204,3204,3204,3204,3204,3204,30.000001907348633,26.3157901763916,25,20,0,4.761904716491699,0,0,6.240516662597656,8589934592,2147483648,6014091264,407961600
207,1771998174792,3204,3204,3204,3204,3204,3204,3204,3204,20,25,22.72727394104004,23.809524536132813,4.761904716491699,0,4.545454502105713,0,6.240516662597656,8589934592,2147483648,6013140992,407961600
209,1771998175000,3204,3204,3204,3204,3204,3204,3204,3204,27.272727966308594,28.571430206298828,20,20,0,0,0,0,6.240516662597656,8589934592,2147483648,6013190144,407961600
209,1771998175210,3204,3204,3204,3204,3204,3204,3204,3204,25,23.809524536132813,25,23.809524536132813,4.545454502105713,4.761904716491699,0,0,4.854891300201416,8589934592,2147483648,6014631936,407961600
201,1771998175420,3204,3204,3204,3204,3204,3204,3204,3204,28.571430206298828,27.272727966308594,27.272727966308594,14.285715103149414,4.545454502105713,0,0,0,4.854891300201416,8589934592,2147483648,6029066240,407961600
209,1771998175622,3204,3204,3204,3204,3204,3204,3204,3204,28.571430206298828,21.052631378173828,26.3157901763916,20,5,10,9.523809432983398,9.523809432983398,4.854891300201416,8589934592,2147483648,6024019968,407961600
199,1771998175832,3204,3204,3204,3204,3204,3204,3204,3204,25,28.571430206298828,19.047618865966797,28.571430206298828,15.000000953674316,20,10,4.761904716491699,4.854891300201416,8589934592,2147483648,6013173760,407961600
209,1771998176033,3204,3204,3204,3204,3204,3204,3204,3204,25,28.571430206298828,25,25,0,0,0,0,4.854891300201416,8589934592,2147483648,6013173760,407961600
209,1771998176243,3204,3204,3204,3204,3204,3204,3204,3204,28.571430206298828,20,22.72727394104004,19.047618865966797,0,8.69565200805664,4.545454502105713,4.761904716491699,5.30582857131958,8589934592,2147483648,6014566400,407961600
201,1771998176453,3204,3204,3204,3204,3204,3204,3204,3204,23.809524536132813,28.571430206298828,20,23.809524536132813,14.285715103149414,9.523809432983398,0,0,5.30582857131958,8589934592,2147483648,6028656640,407961600
202,1771998176655,3204,3204,3204,3204,3204,3204,3204,3204,21.052631378173828,20,15.000000953674316,20,10,31.57894515991211,9.523809432983398,5,5.30582857131958,8589934592,2147483648,6031982592,407961600
206,1771998176858,3204,3204,3204,3204,3204,3204,3204,3204,28.571430206298828,25,25,25,10,9.523809432983398,5,4.761904716491699,5.30582857131958,8589934592,2147483648,6017564672,407961600
201,1771998177065,3204,3204,3204,3204,3204,3204,3204,3204,25,28.571430206298828,19.047618865966797,23.809524536132813,0,0,0,0,5.128383159637451,8589934592,2147483648,6017679360,407961600
207,1771998177267,3204,3204,3204,3204,3204,3204,3204,3204,40,40,38.095237731933594,36.842105865478516,10,9.523809432983398,5,5,5.128383159637451,8589934592,2147483648,6022103040,407961600
199,1771998177474,3204,3204,3204,3204,3204,3204,3204,3204,28.571430206298828,20,30.000001907348633,22.72727394104004,9.090909004211426,5,9.523809432983398,0,5.128383159637451,8589934592,2147483648,6022578176,407961600
207,1771998177674,3204,3204,3204,3204,3204,3204,3204,3204,31.57894515991211,28.571430206298828,20,20,10.526315689086914,5,5,5,5.128383159637451,8589934592,2147483648,6018383872,407961600
205,1771998177883,3204,3204,3204,3204,3204,3204,3204,3204,36.3636360168457,35,30.000001907348633,20,33.333335876464844,19.047618865966797,10,4.761904716491699,5.128383159637451,8589934592,2147483648,6018023424,407961600
207,1771998178088,3204,3204,3204,3204,3204,3204,3204,3204,35,23.809524536132813,28.571430206298828,23.809524536132813,5,9.523809432983398,4.761904716491699,4.761904716491699,5.176709175109863,8589934592,2147483648,6018039808,407961600
201,1771998178296,3204,3204,3204,3204,3204,3204,3204,3204,30.000001907348633,25,20,23.809524536132813,4.761904716491699,0,0,0,5.176709175109863,8589934592,2147483648,6018039808,407961600
208,1771998178499,3204,3204,3204,3204,3204,3204,3204,3204,38.095237731933594,28.571430206298828,20,20,5,9.523809432983398,4.761904716491699,4.761904716491699,5.176709175109863,8589934592,2147483648,6017794048,407961600
199,1771998178708,3204,3204,3204,3204,3204,3204,3204,3204,30.000001907348633,25,27.272727966308594,19.047618865966797,4.761904716491699,0,0,0,5.176709175109863,8589934592,2147483648,6017859584,407961600
204,1771998178908,3204,3204,3204,3204,3204,3204,3204,3204,30.000001907348633,21.052631378173828,25,21.052631378173828,5,4.761904716491699,4.761904716491699,0,5.176709175109863,8589934592,2147483648,6017908736,407961600
209,1771998179113,3204,3204,3204,3204,3204,3204,3204,3204,33.333335876464844,25,20,19.047618865966797,4.761904716491699,0,0,4.545454502105713,10.31428337097168,8589934592,2147483648,6017122304,407961600
203,1771998179323,3204,3204,3204,3204,3204,3204,3204,3204,30.000001907348633,34.78260803222656,23.809524536132813,20,4.761904716491699,9.090909004211426,4.761904716491699,0,10.31428337097168,8589934592,2147483648,6017138688,407961600
209,1771998179528,3204,3204,3204,3204,3204,3204,3204,3204,33.333335876464844,31.57894515991211,20,19.047618865966797,5,5,0,0,10.31428337097168,8589934592,2147483648,6017826816,407961600
201,1771998179738,3204,3204,3204,3204,3204,3204,3204,3204,25,23.809524536132813,23.809524536132813,14.285715103149414,0,0,0,4.545454502105713,10.31428337097168,8589934592,2147483648,6017269760,407961600
209,1771998179940,3204,3204,3204,3204,3204,3204,3204,3204,38.095237731933594,35,25,25,14.285715103149414,10.526315689086914,9.090909004211426,4.761904716491699,10.31428337097168,8589934592,2147483648,6026805248,407961600
204,1771998180150,3204,3204,3204,3204,3204,3204,3204,3204,38.095237731933594,28.571430206298828,33.333335876464844,33.333335876464844,15.000000953674316,14.285715103149414,0,4.761904716491699,6.098258018493652,8589934592,2147483648,6026018816,407961600
208,1771998180355,3204,3204,3204,3204,3204,3204,3204,3204,35,33.333335876464844,35,25,0,0,4.761904716491699,0,6.098258018493652,8589934592,2147483648,6041763840,407961600
201,1771998180563,3204,3204,3204,3204,3204,3204,3204,3204,33.333335876464844,35,28.571430206298828,23.809524536132813,4.761904716491699,9.090909004211426,0,0,6.098258018493652,8589934592,2147483648,6027755520,407961600
208,1771998180766,3204,3204,3204,3204,3204,3204,3204,3204,36.842105865478516,30.000001907348633,28.571430206298828,30.000001907348633,5,9.523809432983398,4.761904716491699,5,6.098258018493652,8589934592,2147483648,6027755520,407961600
204,1771998180975,3204,3204,3204,3204,3204,3204,3204,3204,36.3636360168457,33.333335876464844,26.3157901763916,28.571430206298828,0,0,0,0,6.098258018493652,8589934592,2147483648,6027755520,407961600
209,1771998181180,3204,3204,3204,3204,3204,3204,3204,3204,35,33.333335876464844,31.81818199157715,33.333335876464844,4.761904716491699,4.761904716491699,0,0,5.568328380584717,8589934592,2147483648,6027755520,407961600
205,1771998181390,3204,3204,3204,3204,3204,3204,3204,3204,33.333335876464844,28.571430206298828,30.000001907348633,20,4.545454502105713,0,0,0,5.568328380584717,8589934592,2147483648,6026641408,407961600
203,1771998181595,3204,3204,3204,3204,3204,3204,3204,3204,25,20,19.047618865966797,19.047618865966797,10,9.523809432983398,15.000000953674316,4.761904716491699,5.568328380584717,8589934592,2147483648,6045253632,407961600
208,1771998181799,3204,3204,3204,3204,3204,3204,3204,3204,35,35,26.3157901763916,20,20,15.000000953674316,0,0,5.568328380584717,8589934592,2147483648,6029541376,407961600
207,1771998182008,3204,3204,3204,3204,3204,3204,3204,3204,36.3636360168457,23.809524536132813,28.571430206298828,19.047618865966797,4.761904716491699,4.761904716491699,4.545454502105713,0,5.568328380584717,8589934592,2147483648,6027935744,407961600
209,1771998182215,3204,3204,3204,3204,3204,3204,3204,3204,33.333335876464844,35,33.333335876464844,23.809524536132813,42.85714340209961,14.285715103149414,0,4.761904716491699,5.506960868835449,8589934592,2147483648,6027362304,407961600
209,1771998182425,3204,3204,3204,3204,3204,3204,3204,3204,25,33.333335876464844,23.809524536132813,20,0,0,0,0,5.506960868835449,8589934592,2147483648,6027345920,407961600
206,1771998182635,3204,3204,3204,3204,3204,3204,3204,3204,25,23.809524536132813,19.047618865966797,18.18181800842285,4.761904716491699,4.761904716491699,9.090909004211426,0,5.506960868835449,8589934592,2147483648,6022283264,407961600
204,1771998182842,3204,3204,3204,3204,3204,3204,3204,3204,28.571430206298828,33.333335876464844,23.809524536132813,20,4.761904716491699,4.545454502105713,0,4.545454502105713,5.506960868835449,8589934592,2147483648,6022086656,407961600
207,1771998183046,3204,3204,3204,3204,3204,3204,3204,3204,30.000001907348633,21.052631378173828,20,19.047618865966797,4.761904716491699,5,4.761904716491699,0,5.506960868835449,8589934592,2147483648,6022086656,407961600
208,1771998183254,3204,3204,3204,3204,3204,3204,3204,3204,31.81818199157715,31.81818199157715,23.809524536132813,20,5,4.761904716491699,4.761904716491699,0,5.529529571533203,8589934592,2147483648,6022086656,407961600
207,1771998183463,3204,3204,3204,3204,3204,3204,3204,3204,30.000001907348633,28.571430206298828,23.809524536132813,18.18181800842285,0,0,0,0,5.529529571533203,8589934592,2147483648,6019317760,407961600
208,1771998183671,3204,3204,3204,3204,3204,3204,3204,3204,28.571430206298828,25,25,15.000000953674316,4.761904716491699,0,0,4.761904716491699,5.529529571533203,8589934592,2147483648,6019104768,407961600
209,1771998183880,3204,3204,3204,3204,3204,3204,3204,3204,25,23.809524536132813,19.047618865966797,20,5,9.523809432983398,4.761904716491699,0,5.529529571533203,8589934592,2147483648,6019825664,407961600
204,1771998184089,3204,3204,3204,3204,3204,3204,3204,3204,31.81818199157715,20,19.047618865966797,23.809524536132813,0,0,0,0,5.684030532836914,8589934592,2147483648,6019842048,407961600
204,1771998184294,3204,3204,3204,3204,3204,3204,3204,3204,26.3157901763916,33.333335876464844,35,25,23.809524536132813,19.047618865966797,5,4.761904716491699,5.684030532836914,8589934592,2147483648,6019842048,407961600
209,1771998184499,3204,3204,3204,3204,3204,3204,3204,3204,33.333335876464844,30.000001907348633,23.809524536132813,23.809524536132813,14.285715103149414,10,0,0,5.684030532836914,8589934592,2147483648,6018760704,407961600
209,1771998184709,3204,3204,3204,3204,3204,3204,3204,3204,23.809524536132813,27.272727966308594,23.809524536132813,19.047618865966797,4.761904716491699,0,0,0,5.684030532836914,8589934592,2147483648,6018793472,407961600
208,1771998184919,3204,3204,3204,3204,3204,3204,3204,3204,27.272727966308594,25,20,19.047618865966797,0,4.761904716491699,0,0,5.684030532836914,8589934592,2147483648,6018809856,407961600
204,1771998185128,3204,3204,3204,3204,3204,3204,3204,3204,26.3157901763916,23.809524536132813,23.809524536132813,23.809524536132813,4.761904716491699,4.761904716491699,4.761904716491699,4.761904716491699,5.38800048828125,8589934592,2147483648,6018809856,407961600
208,1771998185333,3204,3204,3204,3204,3204,3204,3204,3204,33.333335876464844,25,30.000001907348633,19.047618865966797,0,0,0,0,5.38800048828125,8589934592,2147483648,6018809856,407961600
209,1771998185541,3204,3204,3204,3204,3204,3204,3204,3204,23.809524536132813,19.047618865966797,31.81818199157715,20,5,4.761904716491699,4.761904716491699,4.761904716491699,5.38800048828125,8589934592,2147483648,6019547136,407961600
204,1771998185751,3204,3204,3204,3204,3204,3204,3204,3204,25,23.809524536132813,20,19.047618865966797,9.090909004211426,13.636363983154297,4.761904716491699,9.090909004211426,5.38800048828125,8589934592,2147483648,6019596288,407961600
204,1771998185956,3204,3204,3204,3204,3204,3204,3204,3204,25,20,23.809524536132813,15.000000953674316,0,0,0,0,5.38800048828125,8589934592,2147483648,6020890624,407961600
209,1771998186161,3204,3204,3204,3204,3204,3204,3204,3204,33.333335876464844,25,25,25,9.090909004211426,4.761904716491699,0,0,5.532390594482422,8589934592,2147483648,6034980864,407961600
209,1771998186371,3204,3204,3204,3204,3204,3204,3204,3204,33.333335876464844,28.571430206298828,25,28.571430206298828,14.285715103149414,4.761904716491699,9.523809432983398,0,5.532390594482422,8589934592,2147483648,6031949824,407961600
209,1771998186581,3204,3204,3204,3204,3204,3204,3204,3204,23.809524536132813,19.047618865966797,19.047618865966797,15.000000953674316,38.095237731933594,22.72727394104004,4.761904716491699,4.761904716491699,5.532390594482422,8589934592,2147483648,6041534464,407961600
209,1771998186791,3204,3204,3204,3204,3204,3204,3204,3204,30.000001907348633,19.047618865966797,27.272727966308594,27.272727966308594,5,5,23.809524536132813,4.545454502105713,5.532390594482422,8589934592,2147483648,6027460608,407961600
202,1771998187001,3204,3204,3204,3204,3204,3204,3204,3204,23.809524536132813,20,15.000000953674316,23.809524536132813,13.636363983154297,9.523809432983398,4.761904716491699,0,5.532390594482422,8589934592,2147483648,6027100160,407961600
201,1771998187204,3204,3204,3204,3204,3204,3204,3204,3204,23.809524536132813,28.571430206298828,27.272727966308594,25,0,0,4.761904716491699,4.761904716491699,5.328678607940674,8589934592,2147483648,6027100160,407961600
202,1771998187406,3204,3204,3204,3204,3204,3204,3204,3204,26.3157901763916,25,11.111111640930176,25,10,14.285715103149414,5,5,5.328678607940674,8589934592,2147483648,6027100160,407961600
201,1771998187609,3204,3204,3204,3204,3204,3204,3204,3204,28.571430206298828,20,23.809524536132813,28.571430206298828,0,0,4.761904716491699,0,5.328678607940674,8589934592,2147483648,6027116544,407961600
206,1771998187811,3204,3204,3204,3204,3204,3204,3204,3204,30.000001907348633,25,20,25,5,5,5,5,5.328678607940674,8589934592,2147483648,6023675904,407961600
200,1771998188018,3204,3204,3204,3204,3204,3204,3204,3204,23.809524536132813,19.047618865966797,23.809524536132813,28.571430206298828,9.523809432983398,4.761904716491699,0,0,5.328678607940674,8589934592,2147483648,6022021120,407961600
202,1771998188220,3204,3204,3204,3204,3204,3204,3204,3204,25,30.000001907348633,25,30.000001907348633,4.761904716491699,0,0,0,5.760077953338623,8589934592,2147483648,6021480448,407961600
209,1771998188423,3204,3204,3204,3204,3204,3204,3204,3204,21.052631378173828,19.047618865966797,20,19.047618865966797,0,0,0,0,5.760077953338623,8589934592,2147483648,6021300224,407961600
201,1771998188633,3204,3204,3204,3204,3204,3204,3204,3204,40.90909194946289,35,28.571430206298828,25,20,19.047618865966797,10,0,5.760077953338623,8589934592,2147483648,6020890624,407961600
207,1771998188834,3204,3204,3204,3204,3204,3204,3204,3204,31.57894515991211,35,35,30.000001907348633,28.571430206298828,25,19.047618865966797,20,5.760077953338623,8589934592,2147483648,6022135808,407961600
209,1771998189042,3204,3204,3204,3204,3204,3204,3204,3204,33.333335876464844,42.85714340209961,19.047618865966797,15.000000953674316,10,9.523809432983398,5,0,5.760077953338623,8589934592,2147483648,6021513216,407961600
205,1771998189252,3204,3204,3204,3204,3204,3204,3204,3204,33.333335876464844,28.571430206298828,23.809524536132813,18.18181800842285,0,0,0,4.545454502105713,5.289190292358398,8589934592,2147483648,6021513216,407961600
204,1771998189458,3204,3204,3204,3204,3204,3204,3204,3204,25,25,20,15.000000953674316,0,0,0,0,5.289190292358398,8589934592,2147483648,6021513216,407961600
207,1771998189663,3204,3204,3204,3204,3204,3204,3204,3204,33.333335876464844,28.571430206298828,20,19.047618865966797,0,0,0,0,5.289190292358398,8589934592,2147483648,6022627328,407961600
199,1771998189871,3204,3204,3204,3204,3204,3204,3204,3204,20,30.000001907348633,19.047618865966797,19.047618865966797,4.761904716491699,0,0,0,5.289190292358398,8589934592,2147483648,6022070272,407961600
208,1771998190071,3204,3204,3204,3204,3204,3204,3204,3204,28.571430206298828,30.000001907348633,25,15.789472579956055,0,4.761904716491699,0,0,6.120070934295654,8589934592,2147483648,6022070272,407961600
207,1771998190280,3204,3204,3204,3204,3204,3204,3204,3204,28.571430206298828,23.809524536132813,20,20,19.047618865966797,19.047618865966797,14.285715103149414,5,6.120070934295654,8589934592,2147483648,6022070272,407961600
205,1771998190488,3204,3204,3204,3204,3204,3204,3204,3204,25,20,23.809524536132813,27.272727966308594,4.761904716491699,0,0,4.761904716491699,6.120070934295654,8589934592,2147483648,6022070272,407961600
209,1771998190694,3204,3204,3204,3204,3204,3204,3204,3204,35,36.3636360168457,28.571430206298828,30.000001907348633,10,25,10,9.523809432983398,6.120070934295654,8589934592,2147483648,6032408576,407961600
208,1771998190904,3204,3204,3204,3204,3204,3204,3204,3204,27.272727966308594,25,23.809524536132813,23.809524536132813,19.047618865966797,9.523809432983398,9.090909004211426,4.761904716491699,6.120070934295654,8589934592,2147483648,6021431296,407961600
207,1771998191113,3204,3204,3204,3204,3204,3204,3204,3204,20,20,28.571430206298828,23.809524536132813,4.761904716491699,4.761904716491699,4.761904716491699,0,5.303111553192139,8589934592,2147483648,6021447680,407961600
209,1771998191321,3204,3204,3204,3204,3204,3204,3204,3204,23.809524536132813,27.272727966308594,25,15.000000953674316,9.523809432983398,9.523809432983398,4.761904716491699,4.761904716491699,5.303111553192139,8589934592,2147483648,6022774784,407961600
201,1771998191531,3204,3204,3204,3204,3204,3204,3204,3204,30.000001907348633,20,19.047618865966797,23.809524536132813,0,0,0,4.761904716491699,5.303111553192139,8589934592,2147483648,6022774784,407961600
207,1771998191733,3204,3204,3204,3204,3204,3204,3204,3204,28.571430206298828,28.571430206298828,23.809524536132813,19.047618865966797,27.272727966308594,35,10,5,5.303111553192139,8589934592,2147483648,6038732800,407961600
206,1771998191941,3204,3204,3204,3204,3204,3204,3204,3204,30.000001907348633,20,20,15.000000953674316,0,4.545454502105713,4.761904716491699,0,5.303111553192139,8589934592,2147483648,6024298496,407961600
207,1771998192148,3204,3204,3204,3204,3204,3204,3204,3204,25,25,23.809524536132813,23.809524536132813,4.761904716491699,0,4.761904716491699,4.761904716491699,5.839704990386963,8589934592,2147483648,6022922240,407961600
206,1771998192357,3204,3204,3204,3204,3204,3204,3204,3204,33.333335876464844,23.809524536132813,25,30.000001907348633,0,4.761904716491699,0,0,5.839704990386963,8589934592,2147483648,6023102464,407961600
208,1771998192563,3204,3204,3204,3204,3204,3204,3204,3204,25,20,19.047618865966797,28.571430206298828,0,0,0,0,5.839704990386963,8589934592,2147483648,6023004160,407961600
209,1771998192772,3204,3204,3204,3204,3204,3204,3204,3204,33.333335876464844,33.333335876464844,28.571430206298828,33.333335876464844,9.523809432983398,4.761904716491699,9.523809432983398,4.761904716491699,5.839704990386963,8589934592,2147483648,6029099008,407961600
199,1771998192982,3204,3204,3204,3204,3204,3204,3204,3204,28.571430206298828,23.809524536132813,25,20,19.047618865966797,14.285715103149414,14.285715103149414,0,5.839704990386963,8589934592,2147483648,6020481024,407961600
207,1771998193183,3204,3204,3204,3204,3204,3204,3204,3204,38.095237731933594,28.571430206298828,20,25,0,5,0,0,5.460700511932373,8589934592,2147483648,6020530176,407961600
209,1771998193390,3204,3204,3204,3204,3204,3204,3204,3204,30.000001907348633,20,23.809524536132813,19.047618865966797,5,4.761904716491699,4.761904716491699,4.761904716491699,5.460700511932373,8589934592,2147483648,6020530176,407961600
206,1771998193600,3204,3204,3204,3204,3204,3204,3204,3204,28.571430206298828,23.809524536132813,15.000000953674316,19.047618865966797,9.523809432983398,9.523809432983398,4.761904716491699,4.761904716491699,5.460700511932373,8589934592,2147483648,6020481024,407961600
204,1771998193807,3204,3204,3204,3204,3204,3204,3204,3204,28.571430206298828,33.333335876464844,28.571430206298828,19.047618865966797,9.090909004211426,4.761904716491699,0,0,5.460700511932373,8589934592,2147483648,6020481024,407961600
203,1771998194013,3204,3204,3204,3204,3204,3204,3204,3204,28.571430206298828,25,23.809524536132813,19.047618865966797,0,0,4.761904716491699,0,5.460700511932373,8589934592,2147483648,6020481024,407961600
205,1771998194217,3204,3204,3204,3204,3204,3204,3204,3204,21.052631378173828,33.333335876464844,20,15.000000953674316,0,0,0,0,5.645493507385254,8589934592,2147483648,6020448256,407961600
199,1771998194424,3204,3204,3204,3204,3204,3204,3204,3204,38.095237731933594,20,19.047618865966797,15.000000953674316,4.761904716491699,4.761904716491699,4.545454502105713,0,5.645493507385254,8589934592,2147483648,6021070848,407961600
199,1771998194624,3204,3204,3204,3204,3204,3204,3204,3204,26.3157901763916,25,21.052631378173828,20,5,0,0,0,5.645493507385254,8589934592,2147483648,6020628480,407961600
207,1771998194824,3204,3204,3204,3204,3204,3204,3204,3204,30.000001907348633,25,25,20,0,5,4.761904716491699,5,5.645493507385254,8589934592,2147483648,6020628480,407961600
207,1771998195032,3204,3204,3204,3204,3204,3204,3204,3204,38.095237731933594,35,27.272727966308594,27.272727966308594,27.272727966308594,15.000000953674316,0,0,5.645493507385254,8589934592,2147483648,6020677632,407961600
202,1771998195240,3204,3204,3204,3204,3204,3204,3204,3204,33.333335876464844,35,20,25,5,18.18181800842285,4.761904716491699,0,5.614315032958984,8589934592,2147483648,6020988928,407961600
209,1771998195442,3204,3204,3204,3204,3204,3204,3204,3204,30.000001907348633,25,25,15.789472579956055,0,0,0,0,5.614315032958984,8589934592,2147483648,6021971968,407961600
204,1771998195652,3204,3204,3204,3204,3204,3204,3204,3204,31.81818199157715,26.086956024169922,19.047618865966797,18.18181800842285,4.761904716491699,4.761904716491699,0,4.545454502105713,5.614315032958984,8589934592,2147483648,6021332992,407961600
200,1771998195857,3204,3204,3204,3204,3204,3204,3204,3204,31.57894515991211,25,23.809524536132813,20,4.761904716491699,5,4.761904716491699,4.761904716491699,5.614315032958984,8589934592,2147483648,6035587072,407961600
209,1771998196059,3204,3204,3204,3204,3204,3204,3204,3204,33.333335876464844,21.052631378173828,21.052631378173828,19.047618865966797,0,4.761904716491699,0,0,5.475687026977539,8589934592,2147483648,6022692864,407961600
203,1771998196269,3204,3204,3204,3204,3204,3204,3204,3204,35,23.809524536132813,22.72727394104004,10.526315689086914,4.545454502105713,0,0,0,5.475687026977539,8589934592,2147483648,6022168576,407961600
205,1771998196473,3204,3204,3204,3204,3204,3204,3204,3204,25,33.333335876464844,20,23.809524536132813,4.761904716491699,0,0,0,5.475687026977539,8589934592,2147483648,6022201344,407961600
209,1771998196679,3204,3204,3204,3204,3204,3204,3204,3204,23.809524536132813,20,23.809524536132813,15.000000953674316,20,23.809524536132813,19.047618865966797,4.761904716491699,5.475687026977539,8589934592,2147483648,6043549696,407961600
199,1771998196889,3204,3204,3204,3204,3204,3204,3204,3204,31.81818199157715,25,19.047618865966797,14.285715103149414,0,4.545454502105713,0,0,5.475687026977539,8589934592,2147483648,6026215424,407961600
209,1771998197089,3204,3204,3204,3204,3204,3204,3204,3204,31.57894515991211,33.333335876464844,20,25,15.000000953674316,5.263157844543457,10.526315689086914,5,5.4408698081970215,8589934592,2147483648,6037995520,407961600
206,1771998197300,3204,3204,3204,3204,3204,3204,3204,3204,33.333335876464844,23.809524536132813,21.052631378173828,27.272727966308594,23.809524536132813,9.523809432983398,9.523809432983398,0,5.4408698081970215,8589934592,2147483648,6026084352,407961600
209,1771998197506,3204,3204,3204,3204,3204,3204,3204,3204,25,25,22.72727394104004,25,4.761904716491699,0,0,0,5.4408698081970215,8589934592,2147483648,6026035200,407961600
204,1771998197716,3204,3204,3204,3204,3204,3204,3204,3204,27.272727966308594,19.047618865966797,20,22.72727394104004,10,14.285715103149414,9.523809432983398,9.090909004211426,5.4408698081970215,8589934592,2147483648,6026788864,407961600
206,1771998197921,3204,3204,3204,3204,3204,3204,3204,3204,31.57894515991211,23.809524536132813,28.571430206298828,15.789472579956055,14.285715103149414,14.285715103149414,9.523809432983398,5,5.4408698081970215,8589934592,2147483648,6020923392,407961600
203,1771998198128,3204,3204,3204,3204,3204,3204,3204,3204,28.571430206298828,20,28.571430206298828,23.809524536132813,4.761904716491699,4.761904716491699,4.761904716491699,0,5.383468151092529,8589934592,2147483648,6020825088,407961600
207,1771998198332,3204,3204,3204,3204,3204,3204,3204,3204,33.333335876464844,28.571430206298828,30.000001907348633,25,25,25,20,27.272727966308594,5.383468151092529,8589934592,2147483648,6020808704,407961600
200,1771998198540,3204,3204,3204,3204,3204,3204,3204,3204,21.052631378173828,20,23.809524536132813,28.571430206298828,0,0,0,0,5.383468151092529,8589934592,2147483648,6020808704,407961600
203,1771998198741,3204,3204,3204,3204,3204,3204,3204,3204,28.571430206298828,25,20,25,9.523809432983398,0,4.761904716491699,5,5.383468151092529,8589934592,2147483648,6020808704,407961600
209,1771998198945,3204,3204,3204,3204,3204,3204,3204,3204,28.571430206298828,25,23.809524536132813,19.047618865966797,0,4.761904716491699,0,0,5.383468151092529,8589934592,2147483648,6020562944,407961600
200,1771998199155,3204,3204,3204,3204,3204,3204,3204,3204,25,28.571430206298828,15.789472579956055,23.809524536132813,8.69565200805664,4.761904716491699,0,0,5.905878067016602,8589934592,2147483648,6021578752,407961600
203,1771998199355,3204,3204,3204,3204,3204,3204,3204,3204,40,36.842105865478516,38.095237731933594,25,26.3157901763916,21.052631378173828,5,5,5.905878067016602,8589934592,2147483648,6020415488,407961600
206,1771998199559,3204,3204,3204,3204,3204,3204,3204,3204,25,28.571430206298828,20,15.789472579956055,5,4.545454502105713,4.545454502105713,0,5.905878067016602,8589934592,2147483648,6020595712,407961600
205,1771998199767,3204,3204,3204,3204,3204,3204,3204,3204,30.000001907348633,23.809524536132813,20,19.047618865966797,9.090909004211426,5,0,0,5.905878067016602,8589934592,2147483648,6020612096,407961600
207,1771998199974,3204,3204,3204,3204,3204,3204,3204,3204,33.333335876464844,23.809524536132813,23.809524536132813,23.809524536132813,0,0,0,0,5.905878067016602,8589934592,2147483648,6020743168,407961600
209,1771998200181,3204,3204,3204,3204,3204,3204,3204,3204,33.333335876464844,20,20,19.047618865966797,0,0,0,0,5.741977214813232,8589934592,2147483648,6020677632,407961600
201,1771998200391,3204,3204,3204,3204,3204,3204,3204,3204,33.333335876464844,28.571430206298828,22.72727394104004,19.047618865966797,4.761904716491699,4.545454502105713,4.545454502105713,0,5.741977214813232,8589934592,2147483648,6020726784,407961600
202,1771998200593,3204,3204,3204,3204,3204,3204,3204,3204,25,20,20,15.789472579956055,0,0,0,0,5.741977214813232,8589934592,2147483648,6020808704,407961600
209,1771998200797,3204,3204,3204,3204,3204,3204,3204,3204,33.333335876464844,30.000001907348633,25,28.571430206298828,5,5,0,5,5.741977214813232,8589934592,2147483648,6022250496,407961600
199,1771998201007,3204,3204,3204,3204,3204,3204,3204,3204,20,22.72727394104004,19.047618865966797,19.047618865966797,9.523809432983398,9.523809432983398,9.090909004211426,0,5.741977214813232,8589934592,2147483648,6022135808,407961600
204,1771998201208,3204,3204,3204,3204,3204,3204,3204,3204,30.000001907348633,22.22222328186035,25,20,0,0,0,0,5.6510329246521,8589934592,2147483648,6021890048,407961600
209,1771998201413,3204,3204,3204,3204,3204,3204,3204,3204,40,38.095237731933594,33.333335876464844,30.000001907348633,19.047618865966797,19.047618865966797,0,4.761904716491699,5.6510329246521,8589934592,2147483648,6034407424,407961600
209,1771998201623,3204,3204,3204,3204,3204,3204,3204,3204,28.571430206298828,31.81818199157715,19.047618865966797,22.72727394104004,10,10,4.545454502105713,0,5.6510329246521,8589934592,2147483648,6023184384,407961600
209,1771998201833,3204,3204,3204,3204,3204,3204,3204,3204,19.047618865966797,15.000000953674316,20,15.000000953674316,19.047618865966797,18.18181800842285,9.523809432983398,9.523809432983398,5.6510329246521,8589934592,2147483648,6039863296,407961600
207,1771998202043,3204,3204,3204,3204,3204,3204,3204,3204,30.000001907348633,28.571430206298828,22.72727394104004,23.809524536132813,4.545454502105713,4.761904716491699,0,0,5.6510329246521,8589934592,2147483648,6025461760,407961600
206,1771998202252,3204,3204,3204,3204,3204,3204,3204,3204,31.81818199157715,23.809524536132813,21.052631378173828,22.72727394104004,0,0,0,0,5.3661909103393555,8589934592,2147483648,6025773056,407961600
206,1771998202459,3204,3204,3204,3204,3204,3204,3204,3204,25,25,23.809524536132813,15.789472579956055,9.090909004211426,5,4.545454502105713,0,5.3661909103393555,8589934592,2147483648,6026199040,407961600
209,1771998202665,3204,3204,3204,3204,3204,3204,3204,3204,25,23.809524536132813,23.809524536132813,23.809524536132813,0,0,0,0,5.3661909103393555,8589934592,2147483648,6025560064,407961600
204,1771998202875,3204,3204,3204,3204,3204,3204,3204,3204,28.571430206298828,28.571430206298828,19.047618865966797,19.047618865966797,0,0,0,4.545454502105713,5.3661909103393555,8589934592,2147483648,6025560064,407961600
208,1771998203080,3204,3204,3204,3204,3204,3204,3204,3204,33.333335876464844,30.000001907348633,25,23.809524536132813,0,5,0,0,5.690633296966553,8589934592,2147483648,6021120000,407961600
205,1771998203290,3204,3204,3204,3204,3204,3204,3204,3204,20,28.571430206298828,19.047618865966797,15.000000953674316,4.545454502105713,0,0,4.545454502105713,5.690633296966553,8589934592,2147483648,6021120000,407961600
209,1771998203496,3204,3204,3204,3204,3204,3204,3204,3204,33.333335876464844,33.333335876464844,30.000001907348633,20,5,4.761904716491699,4.761904716491699,0,5.690633296966553,8589934592,2147483648,6023331840,407961600
206,1771998203707,3204,3204,3204,3204,3204,3204,3204,3204,33.333335876464844,28.571430206298828,31.81818199157715,28.571430206298828,42.85714340209961,15.000000953674316,4.761904716491699,5,5.690633296966553,8589934592,2147483648,6020218880,407961600
207,1771998203914,3204,3204,3204,3204,3204,3204,3204,3204,23.809524536132813,30.000001907348633,20,19.047618865966797,0,9.090909004211426,0,0,5.690633296966553,8589934592,2147483648,6020218880,407961600
208,1771998204121,3204,3204,3204,3204,3204,3204,3204,3204,25,25,25,14.285715103149414,9.523809432983398,5,5,4.761904716491699,5.488375663757324,8589934592,2147483648,6020907008,407961600
209,1771998204330,3204,3204,3204,3204,3204,3204,3204,3204,28.571430206298828,36.3636360168457,23.809524536132813,23.809524536132813,9.523809432983398,4.761904716491699,4.761904716491699,4.761904716491699,5.488375663757324,8589934592,2147483648,6020677632,407961600
209,1771998204540,3204,3204,3204,3204,3204,3204,3204,3204,28.571430206298828,30.000001907348633,23.809524536132813,20,4.761904716491699,4.761904716491699,4.545454502105713,0,5.488375663757324,8589934592,2147483648,6020644864,407961600
204,1771998204749,3204,3204,3204,3204,3204,3204,3204,3204,20,28.571430206298828,28.571430206298828,19.047618865966797,0,0,0,0,5.488375663757324,8589934592,2147483648,6020595712,407961600
199,1771998204955,3204,3204,3204,3204,3204,3204,3204,3204,28.571430206298828,30.000001907348633,28.571430206298828,19.047618865966797,4.761904716491699,4.761904716491699,0,4.761904716491699,5.488375663757324,8589934592,2147483648,6020481024,407961600
209,1771998205155,3204,3204,3204,3204,3204,3204,3204,3204,25,30.000001907348633,20,20,0,0,5,0,5.6759352684021,8589934592,2147483648,6020513792,407961600
200,1771998205365,3204,3204,3204,3204,3204,3204,3204,3204,23.809524536132813,23.809524536132813,19.047618865966797,28.571430206298828,0,0,0,0,5.6759352684021,8589934592,2147483648,6020481024,407961600
207,1771998205565,3204,3204,3204,3204,3204,3204,3204,3204,35,28.571430206298828,25,21.052631378173828,4.761904716491699,5,4.761904716491699,0,5.6759352684021,8589934592,2147483648,6020481024,407961600
206,1771998205773,3204,3204,3204,3204,3204,3204,3204,3204,30.000001907348633,33.333335876464844,30.000001907348633,31.81818199157715,28.571430206298828,19.047618865966797,0,4.761904716491699,5.6759352684021,8589934592,2147483648,6020481024,407961600
201,1771998205980,3204,3204,3204,3204,3204,3204,3204,3204,28.571430206298828,21.052631378173828,23.809524536132813,15.789472579956055,10,19.047618865966797,4.761904716491699,0,5.6759352684021,8589934592,2147483648,6020481024,407961600
206,1771998206182,3204,3204,3204,3204,3204,3204,3204,3204,25,25,25,28.571430206298828,0,0,0,0,5.351586818695068,8589934592,2147483648,6022299648,407961600
200,1771998206390,3204,3204,3204,3204,3204,3204,3204,3204,28.571430206298828,27.272727966308594,15.000000953674316,20,4.761904716491699,4.761904716491699,0,0,5.351586818695068,8589934592,2147483648,6021824512,407961600
205,1771998206591,3204,3204,3204,3204,3204,3204,3204,3204,20,25,19.047618865966797,23.809524536132813,5,5,5,4.761904716491699,5.351586818695068,8589934592,2147483648,6021808128,407961600
209,1771998206796,3204,3204,3204,3204,3204,3204,3204,3204,25,15.789472579956055,15.000000953674316,15.000000953674316,19.047618865966797,28.571430206298828,5,4.761904716491699,5.351586818695068,8589934592,2147483648,6021808128,407961600
205,1771998207007,3204,3204,3204,3204,3204,3204,3204,3204,25,22.72727394104004,14.285715103149414,22.72727394104004,0,4.761904716491699,0,0,5.351586818695068,8589934592,2147483648,6021808128,407961600
201,1771998207213,3204,3204,3204,3204,3204,3204,3204,3204,28.571430206298828,25,20,30.000001907348633,4.761904716491699,0,4.761904716491699,0,5.551853656768799,8589934592,2147483648,6023675904,407961600
208,1771998207415,3204,3204,3204,3204,3204,3204,3204,3204,30.000001907348633,25,20,15.000000953674316,0,0,0,0,5.551853656768799,8589934592,2147483648,6023692288,407961600
208,1771998207624,3204,3204,3204,3204,3204,3204,3204,3204,27.272727966308594,25,23.809524536132813,14.285715103149414,0,0,0,0,5.551853656768799,8589934592,2147483648,6038159360,407961600
206,1771998207833,3204,3204,3204,3204,3204,3204,3204,3204,31.57894515991211,36.3636360168457,33.333335876464844,38.095237731933594,19.047618865966797,14.285715103149414,9.523809432983398,4.761904716491699,5.551853656768799,8589934592,2147483648,6034276352,407961600
209,1771998208040,3204,3204,3204,3204,3204,3204,3204,3204,28.571430206298828,20,23.809524536132813,15.000000953674316,19.047618865966797,19.047618865966797,0,4.761904716491699,5.551853656768799,8589934592,2147483648,6034276352,407961600
206,1771998208250,3204,3204,3204,3204,3204,3204,3204,3204,31.81818199157715,25,28.571430206298828,19.047618865966797,0,0,0,0,5.355730056762695,8589934592,2147483648,6021120000,407961600
205,1771998208457,3204,3204,3204,3204,3204,3204,3204,3204,23.809524536132813,22.72727394104004,26.3157901763916,20,0,0,4.761904716491699,0,5.355730056762695,8589934592,2147483648,6021120000,407961600
201,1771998208662,3204,3204,3204,3204,3204,3204,3204,3204,26.3157901763916,25,28.571430206298828,23.809524536132813,9.090909004211426,4.761904716491699,0,0,5.355730056762695,8589934592,2147483648,6021267456,407961600
208,1771998208864,3204,3204,3204,3204,3204,3204,3204,3204,20,20,20,20,5,10,5,9.090909004211426,5.355730056762695,8589934592,2147483648,6021464064,407961600
209,1771998209073,3204,3204,3204,3204,3204,3204,3204,3204,28.571430206298828,23.809524536132813,23.809524536132813,23.809524536132813,0,0,0,0,5.476357460021973,8589934592,2147483648,6021464064,407961600
207,1771998209283,3204,3204,3204,3204,3204,3204,3204,3204,20,25,28.571430206298828,23.809524536132813,0,4.545454502105713,0,0,5.476357460021973,8589934592,2147483648,6021185536,407961600
205,1771998209491,3204,3204,3204,3204,3204,3204,3204,3204,31.81818199157715,28.571430206298828,33.333335876464844,19.047618865966797,9.090909004211426,5,4.761904716491699,5,5.476357460021973,8589934592,2147483648,6021005312,407961600
209,1771998209696,3204,3204,3204,3204,3204,3204,3204,3204,20,23.809524536132813,30.000001907348633,20,0,0,0,0,5.476357460021973,8589934592,2147483648,6021021696,407961600
200,1771998209907,3204,3204,3204,3204,3204,3204,3204,3204,25,20,28.571430206298828,19.047618865966797,9.090909004211426,4.761904716491699,0,4.761904716491699,5.476357460021973,8589934592,2147483648,6021070848,407961600
204,1771998210108,3204,3204,3204,3204,3204,3204,3204,3204,38.095237731933594,35,35,25,26.3157901763916,33.333335876464844,10,5,5.313652992248535,8589934592,2147483648,6020923392,407961600
200,1771998210312,3204,3204,3204,3204,3204,3204,3204,3204,25,23.809524536132813,23.809524536132813,20,0,0,0,0,5.313652992248535,8589934592,2147483648,6020923392,407961600
203,1771998210513,3204,3204,3204,3204,3204,3204,3204,3204,28.571430206298828,21.052631378173828,25,28.571430206298828,4.761904716491699,0,0,0,5.313652992248535,8589934592,2147483648,6021267456,407961600
206,1771998210717,3204,3204,3204,3204,3204,3204,3204,3204,26.3157901763916,33.333335876464844,20,30.000001907348633,0,0,4.761904716491699,0,5.313652992248535,8589934592,2147483648,6021545984,407961600
205,1771998210923,3204,3204,3204,3204,3204,3204,3204,3204,33.333335876464844,20,23.809524536132813,20,5,4.761904716491699,4.761904716491699,0,5.313652992248535,8589934592,2147483648,6023348224,407961600
208,1771998211129,3204,3204,3204,3204,3204,3204,3204,3204,25,28.571430206298828,20,14.285715103149414,4.761904716491699,5,4.761904716491699,4.761904716491699,5.655205249786377,8589934592,2147483648,6022823936,407961600
206,1771998211338,3204,3204,3204,3204,3204,3204,3204,3204,27.272727966308594,28.571430206298828,15.000000953674316,19.047618865966797,4.761904716491699,0,0,0,5.655205249786377,8589934592,2147483648,6022823936,407961600
207,1771998211545,3204,3204,3204,3204,3204,3204,3204,3204,25,23.809524536132813,23.809524536132813,20,4.761904716491699,4.761904716491699,4.761904716491699,0,5.655205249786377,8589934592,2147483648,6022742016,407961600
209,1771998211753,3204,3204,3204,3204,3204,3204,3204,3204,30.000001907348633,23.809524536132813,25,23.809524536132813,30.000001907348633,9.523809432983398,0,4.761904716491699,5.655205249786377,8589934592,2147483648,6020546560,407961600
202,1771998211963,3204,3204,3204,3204,3204,3204,3204,3204,23.809524536132813,19.047618865966797,22.72727394104004,23.809524536132813,4.761904716491699,9.523809432983398,4.761904716491699,0,5.655205249786377,8589934592,2147483648,6022496256,407961600
200,1771998212165,3204,3204,3204,3204,3204,3204,3204,3204,35,26.3157901763916,33.333335876464844,25,20,15.000000953674316,0,5,5.412563323974609,8589934592,2147483648,6022496256,407961600
206,1771998212366,3204,3204,3204,3204,3204,3204,3204,3204,30.000001907348633,25,26.3157901763916,25,14.285715103149414,20,4.761904716491699,0,5.412563323974609,8589934592,2147483648,6022594560,407961600
206,1771998212573,3204,3204,3204,3204,3204,3204,3204,3204,33.333335876464844,30.000001907348633,23.809524536132813,19.047618865966797,0,4.761904716491699,0,4.761904716491699,5.412563323974609,8589934592,2147483648,6024560640,407961600
209,1771998212780,3204,3204,3204,3204,3204,3204,3204,3204,25,23.809524536132813,25,19.047618865966797,0,0,0,0,5.412563323974609,8589934592,2147483648,6024560640,407961600
209,1771998212990,3204,3204,3204,3204,3204,3204,3204,3204,27.272727966308594,28.571430206298828,28.571430206298828,19.047618865966797,4.761904716491699,4.761904716491699,4.545454502105713,0,5.412563323974609,8589934592,2147483648,6020792320,407961600
204,1771998213200,3204,3204,3204,3204,3204,3204,3204,3204,30.000001907348633,23.809524536132813,19.047618865966797,15.000000953674316,4.761904716491699,0,0,4.545454502105713,5.550224781036377,8589934592,2147483648,6020890624,407961600
208,1771998213405,3204,3204,3204,3204,3204,3204,3204,3204,30.000001907348633,20,28.571430206298828,19.047618865966797,5,9.523809432983398,4.761904716491699,0,5.550224781036377,8589934592,2147483648,6020890624,407961600
209,1771998213613,3204,3204,3204,3204,3204,3204,3204,3204,33.333335876464844,28.571430206298828,25,20,4.761904716491699,4.761904716491699,4.761904716491699,4.545454502105713,5.550224781036377,8589934592,2147483648,6009683968,407961600
209,1771998213823,3204,3204,3204,3204,3204,3204,3204,3204,28.571430206298828,28.571430206298828,28.571430206298828,27.272727966308594,0,0,0,0,5.550224781036377,8589934592,2147483648,5994037248,407961600
208,1771998214033,3204,3204,3204,3204,3204,3204,3204,3204,28.571430206298828,28.571430206298828,23.809524536132813,25,9.090909004211426,5,4.761904716491699,4.761904716491699,5.550224781036377,8589934592,2147483648,5994070016,407961600
209,1771998214241,3204,3204,3204,3204,3204,3204,3204,3204,47.619049072265625,42.85714340209961,40,33.333335876464844,15.000000953674316,18.18181800842285,9.523809432983398,9.523809432983398,5.52242374420166,8589934592,2147483648,6006833152,407961600
204,1771998214452,3204,3204,3204,3204,3204,3204,3204,3204,65,75,63.6363639831543,61.904762268066406,19.047618865966797,19.047618865966797,0,0,5.52242374420166,8589934592,2147483648,5998968832,407961600
206,1771998214657,3204,3204,3204,3204,3204,3204,3204,3204,42.85714340209961,52.38095474243164,31.57894515991211,40,20,10,5,4.761904716491699,5.52242374420166,8589934592,2147483648,6001688576,407961600
209,1771998214863,3204,3204,3204,3204,3204,3204,3204,3204,57.142860412597656,50,50,47.619049072265625,4.761904716491699,0,0,0,5.52242374420166,8589934592,2147483648,6011781120,407961600
208,1771998215073,3204,3204,3204,3204,3204,3204,3204,3204,55,50,50,38.095237731933594,0,0,0,0,5.342353820800781,8589934592,2147483648,6019579904,407961600
206,1771998215283,3204,3204,3204,3204,3204,3204,3204,3204,66.66667175292969,66.66667175292969,61.904762268066406,52.38095474243164,4.761904716491699,4.761904716491699,4.761904716491699,4.545454502105713,5.342353820800781,8589934592,2147483648,6019579904,407961600
207,1771998215490,3204,3204,3204,3204,3204,3204,3204,3204,33.333335876464844,30.000001907348633,28.571430206298828,23.809524536132813,0,0,0,0,5.342353820800781,8589934592,2147483648,6017351680,407961600
206,1771998215698,3204,3204,3204,3204,3204,3204,3204,3204,40,38.095237731933594,33.333335876464844,26.3157901763916,0,0,0,0,5.342353820800781,8589934592,2147483648,6017433600,407961600
208,1771998215905,3204,3204,3204,3204,3204,3204,3204,3204,33.333335876464844,23.809524536132813,35,28.571430206298828,10,0,0,0,5.342353820800781,8589934592,2147483648,6018449408,407961600
208,1771998216114,3204,3204,3204,3204,3204,3204,3204,3204,25,25,23.809524536132813,23.809524536132813,52.38095474243164,33.333335876464844,30.000001907348633,0,6.496146202087402,8589934592,2147483648,6016876544,407961600
206,1771998216323,3204,3204,3204,3204,3204,3204,3204,3204,45.45454788208008,45,30.000001907348633,22.72727394104004,38.095237731933594,61.904762268066406,0,0,6.496146202087402,8589934592,2147483648,6016909312,407961600
203,1771998216529,3204,3204,3204,3204,3204,3204,3204,3204,35,36.3636360168457,31.81818199157715,30.000001907348633,33.333335876464844,23.809524536132813,27.272727966308594,35,6.496146202087402,8589934592,2147483648,6016843776,407961600
207,1771998216733,3204,3204,3204,3204,3204,3204,3204,3204,20,21.052631378173828,25,20,26.3157901763916,0,5.263157844543457,76.19047546386719,6.496146202087402,8589934592,2147483648,6017122304,407961600
201,1771998216941,3204,3204,3204,3204,3204,3204,3204,3204,25,14.285715103149414,15.000000953674316,19.047618865966797,13.636363983154297,31.81818199157715,28.571430206298828,10,6.496146202087402,8589934592,2147483648,6017122304,407961600
203,1771998217143,3204,3204,3204,3204,3204,3204,3204,3204,28.571430206298828,21.052631378173828,20,10.526315689086914,35,26.3157901763916,38.095237731933594,0,6.342519760131836,8589934592,2147483648,6017122304,407961600
207,1771998217346,3204,3204,3204,3204,3204,3204,3204,3204,20,23.809524536132813,20,19.047618865966797,26.3157901763916,71.42857360839844,0,0,6.342519760131836,8589934592,2147483648,6017122304,407961600
208,1771998217554,3204,3204,3204,3204,3204,3204,3204,3204,25,23.809524536132813,18.18181800842285,15.000000953674316,77.2727279663086,4.761904716491699,0,0,6.342519760131836,8589934592,2147483648,6032637952,407961600
206,1771998217763,3204,3204,3204,3204,3204,3204,3204,3204,28.571430206298828,28.571430206298828,15.000000953674316,22.72727394104004,38.095237731933594,23.809524536132813,4.761904716491699,0,6.342519760131836,8589934592,2147483648,6032031744,407961600
209,1771998217970,3204,3204,3204,3204,3204,3204,3204,3204,19.047618865966797,19.047618865966797,20,15.000000953674316,50,40,0,28.571430206298828,6.342519760131836,8589934592,2147483648,6031392768,407961600
209,1771998218180,3204,3204,3204,3204,3204,3204,3204,3204,28.571430206298828,23.809524536132813,23.809524536132813,20,72.7272720336914,15.000000953674316,0,0,10.778603553771973,8589934592,2147483648,6028083200,407961600
209,1771998218390,3204,3204,3204,3204,3204,3204,3204,3204,23.809524536132813,20,14.285715103149414,19.047618865966797,10,77.2727279663086,13.636363983154297,4.545454502105713,10.778603553771973,8589934592,2147483648,6027444224,407961600
201,1771998218600,3204,3204,3204,3204,3204,3204,3204,3204,25,30.000001907348633,28.571430206298828,23.809524536132813,42.85714340209961,23.809524536132813,60.000003814697266,5,10.778603553771973,8589934592,2147483648,6035259392,407961600
204,1771998218801,3204,3204,3204,3204,3204,3204,3204,3204,30.000001907348633,28.571430206298828,20,19.047618865966797,15.000000953674316,26.3157901763916,5,0,10.778603553771973,8589934592,2147483648,6024298496,407961600
205,1771998219007,3204,3204,3204,3204,3204,3204,3204,3204,38.095237731933594,33.333335876464844,42.85714340209961,25,19.047618865966797,42.85714340209961,36.3636360168457,10,10.778603553771973,8589934592,2147483648,6023839744,407961600
209,1771998219213,3204,3204,3204,3204,3204,3204,3204,3204,30.000001907348633,25,20,19.047618865966797,0,0,100,0,10.424480438232422,8589934592,2147483648,6023839744,407961600
204,1771998219423,3204,3204,3204,3204,3204,3204,3204,3204,28.571430206298828,25,23.809524536132813,23.809524536132813,19.047618865966797,4.761904716491699,30.000001907348633,0,10.424480438232422,8589934592,2147483648,6023839744,407961600
202,1771998219628,3204,3204,3204,3204,3204,3204,3204,3204,20,22.72727394104004,19.047618865966797,20,0,5,61.904762268066406,25,10.424480438232422,8589934592,2147483648,6023938048,407961600
209,1771998219831,3204,3204,3204,3204,3204,3204,3204,3204,25,31.57894515991211,20,20,40.90909194946289,19.047618865966797,20,33.333335876464844,10.424480438232422,8589934592,2147483648,6023987200,407961600
205,1771998220041,3204,3204,3204,3204,3204,3204,3204,3204,28.571430206298828,23.809524536132813,23.809524536132813,19.047618865966797,10,52.38095474243164,0,4.761904716491699,10.424480438232422,8589934592,2147483648,6023708672,407961600
207,1771998220246,3204,3204,3204,3204,3204,3204,3204,3204,28.571430206298828,28.571430206298828,25,19.047618865966797,9.523809432983398,70,0,0,10.528892517089844,8589934592,2147483648,6023741440,407961600
203,1771998220455,3204,3204,3204,3204,3204,3204,3204,3204,30.000001907348633,20,19.047618865966797,20,9.523809432983398,80.95238494873047,4.761904716491699,5,10.528892517089844,8589934592,2147483648,6023528448,407961600
209,1771998220658,3204,3204,3204,3204,3204,3204,3204,3204,33.333335876464844,33.333335876464844,28.571430206298828,23.809524536132813,33.333335876464844,50,9.090909004211426,9.523809432983398,10.528892517089844,8589934592,2147483648,6034276352,407961600
208,1771998220869,3204,3204,3204,3204,3204,3204,3204,3204,23.809524536132813,30.000001907348633,25,15.000000953674316,90,9.523809432983398,15.000000953674316,0,10.528892517089844,8589934592,2147483648,6023872512,407961600
200,1771998221078,3204,3204,3204,3204,3204,3204,3204,3204,35,27.272727966308594,30.000001907348633,27.272727966308594,66.66667175292969,19.047618865966797,28.571430206298828,35,9.786662101745605,8589934592,2147483648,6025216000,407961600
200,1771998221279,3204,3204,3204,3204,3204,3204,3204,3204,23.809524536132813,15.789472579956055,23.809524536132813,15.000000953674316,75,5,0,0,9.786662101745605,8589934592,2147483648,6025216000,407961600
208,1771998221479,3204,3204,3204,3204,3204,3204,3204,3204,26.3157901763916,20,20,20,5.263157844543457,0,94.73684692382813,0,9.786662101745605,8589934592,2147483648,6025216000,407961600
201,1771998221688,3204,3204,3204,3204,3204,3204,3204,3204,28.571430206298828,30.000001907348633,25,25,14.285715103149414,13.636363983154297,50,4.545454502105713,9.786662101745605,8589934592,2147483648,6028689408,407961600
199,1771998221890,3204,3204,3204,3204,3204,3204,3204,3204,25,28.571430206298828,23.809524536132813,15.000000953674316,52.38095474243164,5.263157844543457,9.523809432983398,0,9.786662101745605,8589934592,2147483648,6026330112,407961600
202,1771998222090,3204,3204,3204,3204,3204,3204,3204,3204,31.57894515991211,31.57894515991211,25,20,45,0,0,0,11.101694107055664,8589934592,2147483648,6042337280,407961600
208,1771998222293,3204,3204,3204,3204,3204,3204,3204,3204,25,28.571430206298828,21.052631378173828,20,52.6315803527832,9.523809432983398,9.523809432983398,0,11.101694107055664,8589934592,2147483648,6053036032,407961600
205,1771998222503,3204,3204,3204,3204,3204,3204,3204,3204,36.3636360168457,25,25,19.047618865966797,50,0,0,0,11.101694107055664,8589934592,2147483648,6057607168,407961600
209,1771998222709,3204,3204,3204,3204,3204,3204,3204,3204,35,28.571430206298828,27.272727966308594,20,21.052631378173828,5,0,4.761904716491699,11.101694107055664,8589934592,2147483648,6059163648,407961600
202,1771998222918,3204,3204,3204,3204,3204,3204,3204,3204,40.90909194946289,33.333335876464844,30.000001907348633,28.571430206298828,76.19047546386719,14.285715103149414,4.545454502105713,0,11.101694107055664,8589934592,2147483648,6044368896,407961600
202,1771998223122,3204,3204,3204,3204,3204,3204,3204,3204,36.842105865478516,35,33.333335876464844,25,47.619049072265625,0,0,0,9.442395210266113,8589934592,2147483648,6032703488,407961600
199,1771998223325,3204,3204,3204,3204,3204,3204,3204,3204,25,25,15.789472579956055,19.047618865966797,57.894737243652344,14.285715103149414,5,0,9.442395210266113,8589934592,2147483648,6038388736,407961600
207,1771998223525,3204,3204,3204,3204,3204,3204,3204,3204,25,21.052631378173828,23.809524536132813,10.526315689086914,95,0,0,0,9.442395210266113,8589934592,2147483648,6054297600,407961600
206,1771998223733,3204,3204,3204,3204,3204,3204,3204,3204,35,38.095237731933594,30.000001907348633,28.571430206298828,22.72727394104004,4.761904716491699,0,0,9.442395210266113,8589934592,2147483648,6039289856,407961600
205,1771998223940,3204,3204,3204,3204,3204,3204,3204,3204,35,33.333335876464844,25,20,100,0,0,0,9.442395210266113,8589934592,2147483648,6065078272,407961600
202,1771998224146,3204,3204,3204,3204,3204,3204,3204,3204,36.3636360168457,30.000001907348633,25,23.809524536132813,50,0,0,0,9.425444602966309,8589934592,2147483648,6063243264,407961600
200,1771998224349,3204,3204,3204,3204,3204,3204,3204,3204,42.105262756347656,42.85714340209961,38.095237731933594,25,15.000000953674316,0,0,0,9.425444602966309,8589934592,2147483648,6046924800,407961600
209,1771998224550,3204,3204,3204,3204,3204,3204,3204,3204,25,35,28.571430206298828,23.809524536132813,23.809524536132813,10,0,4.761904716491699,9.425444602966309,8589934592,2147483648,6046924800,407961600
202,1771998224761,3204,3204,3204,3204,3204,3204,3204,3204,23.809524536132813,20,15.000000953674316,19.047618865966797,80.95238494873047,0,0,0,9.425444602966309,8589934592,2147483648,6048153600,407961600
199,1771998224963,3204,3204,3204,3204,3204,3204,3204,3204,31.57894515991211,35,30.000001907348633,25,15.789472579956055,4.761904716491699,10,5,9.425444602966309,8589934592,2147483648,6060933120,407961600
209,1771998225163,3204,3204,3204,3204,3204,3204,3204,3204,47.619049072265625,36.842105865478516,36.842105865478516,31.57894515991211,25,15.000000953674316,5,0,10.01228141784668,8589934592,2147483648,6042648576,407961600
201,1771998225373,3204,3204,3204,3204,3204,3204,3204,3204,30.000001907348633,36.3636360168457,31.81818199157715,36.3636360168457,4.761904716491699,4.761904716491699,0,0,10.01228141784668,8589934592,2147483648,6042812416,407961600
204,1771998225575,3204,3204,3204,3204,3204,3204,3204,3204,30.000001907348633,26.3157901763916,25,35,5,5,5,4.761904716491699,10.01228141784668,8589934592,2147483648,6043074560,407961600
201,1771998225780,3204,3204,3204,3204,3204,3204,3204,3204,28.571430206298828,33.333335876464844,25,20,66.66667175292969,0,0,0,10.01228141784668,8589934592,2147483648,6043107328,407961600
207,1771998225981,3204,3204,3204,3204,3204,3204,3204,3204,25,25,19.047618865966797,20,5,5,5,0,10.01228141784668,8589934592,2147483648,6044434432,407961600
209,1771998226189,3204,3204,3204,3204,3204,3204,3204,3204,23.809524536132813,23.809524536132813,15.000000953674316,19.047618865966797,14.285715103149414,9.523809432983398,9.523809432983398,5,7.750894546508789,8589934592,2147483648,6046023680,407961600
206,1771998226399,3204,3204,3204,3204,3204,3204,3204,3204,28.571430206298828,23.809524536132813,19.047618865966797,15.000000953674316,4.761904716491699,5,4.545454502105713,4.545454502105713,7.750894546508789,8589934592,2147483648,6046023680,407961600
209,1771998226607,3204,3204,3204,3204,3204,3204,3204,3204,25,25,20,27.272727966308594,0,0,0,0,7.750894546508789,8589934592,2147483648,6046023680,407961600
209,1771998226816,3204,3204,3204,3204,3204,3204,3204,3204,33.333335876464844,30.000001907348633,28.571430206298828,30.000001907348633,4.761904716491699,27.272727966308594,4.761904716491699,4.545454502105713,7.750894546508789,8589934592,2147483648,6046957568,407961600
205,1771998227026,3204,3204,3204,3204,3204,3204,3204,3204,19.047618865966797,19.047618865966797,14.285715103149414,14.285715103149414,18.18181800842285,14.285715103149414,0,0,7.750894546508789,8589934592,2147483648,6063603712,407961600
209,1771998227232,3204,3204,3204,3204,3204,3204,3204,3204,40,40.90909194946289,33.333335876464844,38.095237731933594,25,28.571430206298828,9.090909004211426,0,6.173245906829834,8589934592,2147483648,6063685632,407961600
208,1771998227442,3204,3204,3204,3204,3204,3204,3204,3204,28.571430206298828,25,23.809524536132813,20,9.523809432983398,5,0,4.545454502105713,6.173245906829834,8589934592,2147483648,6047203328,407961600
204,1771998227652,3204,3204,3204,3204,3204,3204,3204,3204,30.000001907348633,25,28.571430206298828,23.809524536132813,4.761904716491699,4.545454502105713,4.545454502105713,0,6.173245906829834,8589934592,2147483648,6047170560,407961600
205,1771998227857,3204,3204,3204,3204,3204,3204,3204,3204,28.571430206298828,28.571430206298828,30.000001907348633,23.809524536132813,0,0,0,0,6.173245906829834,8589934592,2147483648,6047170560,407961600
209,1771998228063,3204,3204,3204,3204,3204,3204,3204,3204,25,20,25,19.047618865966797,0,0,0,0,5.4839887619018555,8589934592,2147483648,6046990336,407961600
209,1771998228273,3204,3204,3204,3204,3204,3204,3204,3204,31.81818199157715,28.571430206298828,28.571430206298828,20,4.761904716491699,4.761904716491699,4.545454502105713,4.545454502105713,5.4839887619018555,8589934592,2147483648,6046695424,407961600
200,1771998228483,3204,3204,3204,3204,3204,3204,3204,3204,30.000001907348633,23.809524536132813,23.809524536132813,22.72727394104004,0,0,0,0,5.4839887619018555,8589934592,2147483648,6046744576,407961600
199,1771998228683,3204,3204,3204,3204,3204,3204,3204,3204,30.000001907348633,28.571430206298828,25,21.052631378173828,0,5,0,0,5.4839887619018555,8589934592,2147483648,6046760960,407961600
209,1771998228884,3204,3204,3204,3204,3204,3204,3204,3204,25,31.57894515991211,30.000001907348633,23.809524536132813,0,0,0,0,5.4839887619018555,8589934592,2147483648,6046793728,407961600
205,1771998229094,3204,3204,3204,3204,3204,3204,3204,3204,30.000001907348633,31.81818199157715,23.809524536132813,20,4.545454502105713,0,4.545454502105713,4.545454502105713,5.540666580200195,8589934592,2147483648,6046728192,407961600
206,1771998229300,3204,3204,3204,3204,3204,3204,3204,3204,31.81818199157715,25,28.571430206298828,20,23.809524536132813,23.809524536132813,0,14.285715103149414,5.540666580200195,8589934592,2147483648,6054576128,407961600
205,1771998229507,3204,3204,3204,3204,3204,3204,3204,3204,25,28.571430206298828,25,23.809524536132813,9.523809432983398,4.761904716491699,0,0,5.540666580200195,8589934592,2147483648,6043369472,407961600
209,1771998229713,3204,3204,3204,3204,3204,3204,3204,3204,28.571430206298828,25,23.809524536132813,25,0,5,0,0,5.540666580200195,8589934592,2147483648,6043418624,407961600
207,1771998229923,3204,3204,3204,3204,3204,3204,3204,3204,25,20,19.047618865966797,18.18181800842285,10,14.285715103149414,14.285715103149414,9.523809432983398,5.540666580200195,8589934592,2147483648,6042484736,407961600
208,1771998230131,3204,3204,3204,3204,3204,3204,3204,3204,28.571430206298828,23.809524536132813,25,25,4.761904716491699,5,0,0,5.232814788818359,8589934592,2147483648,6042468352,407961600
206,1771998230340,3204,3204,3204,3204,3204,3204,3204,3204,28.571430206298828,23.809524536132813,23.809524536132813,20,9.090909004211426,9.090909004211426,4.545454502105713,4.545454502105713,5.232814788818359,8589934592,2147483648,6041911296,407961600
209,1771998230547,3204,3204,3204,3204,3204,3204,3204,3204,20,33.333335876464844,20,22.72727394104004,0,0,0,0,5.232814788818359,8589934592,2147483648,6041927680,407961600
202,1771998230757,3204,3204,3204,3204,3204,3204,3204,3204,23.809524536132813,25,27.272727966308594,20,0,4.761904716491699,0,0,5.232814788818359,8589934592,2147483648,6044139520,407961600
209,1771998230960,3204,3204,3204,3204,3204,3204,3204,3204,30.000001907348633,25,20,23.809524536132813,5,0,9.523809432983398,0,5.232814788818359,8589934592,2147483648,6044041216,407961600
202,1771998231169,3204,3204,3204,3204,3204,3204,3204,3204,23.809524536132813,22.72727394104004,20,19.047618865966797,9.523809432983398,10,0,4.545454502105713,5.641802787780762,8589934592,2147483648,6044155904,407961600
209,1771998231372,3204,3204,3204,3204,3204,3204,3204,3204,33.333335876464844,30.000001907348633,28.571430206298828,28.571430206298828,9.523809432983398,10,20,0,5.641802787780762,8589934592,2147483648,6054608896,407961600
209,1771998231582,3204,3204,3204,3204,3204,3204,3204,3204,35,30.000001907348633,23.809524536132813,15.000000953674316,20,21.7391300201416,0,4.761904716491699,5.641802787780762,8589934592,2147483648,6040895488,407961600
209,1771998231792,3204,3204,3204,3204,3204,3204,3204,3204,28.571430206298828,33.333335876464844,20,23.809524536132813,9.523809432983398,25,4.761904716491699,0,5.641802787780762,8589934592,2147483648,6041010176,407961600
202,1771998232002,3204,3204,3204,3204,3204,3204,3204,3204,19.047618865966797,23.809524536132813,18.18181800842285,15.000000953674316,9.523809432983398,9.523809432983398,0,4.761904716491699,5.641802787780762,8589934592,2147483648,6042271744,407961600
208,1771998232205,3204,3204,3204,3204,3204,3204,3204,3204,25,25,21.052631378173828,15.000000953674316,5,5,4.761904716491699,0,5.364370346069336,8589934592,2147483648,6042451968,407961600
201,1771998232415,3204,3204,3204,3204,3204,3204,3204,3204,23.809524536132813,31.81818199157715,22.72727394104004,23.809524536132813,4.761904716491699,4.761904716491699,0,0,5.364370346069336,8589934592,2147483648,6042468352,407961600
206,1771998232616,3204,3204,3204,3204,3204,3204,3204,3204,30.000001907348633,26.3157901763916,25,20,5,5,4.761904716491699,5,5.364370346069336,8589934592,2147483648,6042435584,407961600
207,1771998232824,3204,3204,3204,3204,3204,3204,3204,3204,30.000001907348633,28.571430206298828,21.052631378173828,19.047618865966797,4.761904716491699,4.761904716491699,4.761904716491699,0,5.364370346069336,8589934592,2147483648,6036553728,407961600
207,1771998233032,3204,3204,3204,3204,3204,3204,3204,3204,23.809524536132813,23.809524536132813,27.272727966308594,23.809524536132813,0,0,0,0,5.364370346069336,8589934592,2147483648,6036717568,407961600
201,1771998233240,3204,3204,3204,3204,3204,3204,3204,3204,33.333335876464844,33.333335876464844,23.809524536132813,23.809524536132813,4.761904716491699,0,0,0,5.736448287963867,8589934592,2147483648,6036701184,407961600
207,1771998233442,3204,3204,3204,3204,3204,3204,3204,3204,23.809524536132813,25,20,25,0,4.761904716491699,0,0,5.736448287963867,8589934592,2147483648,6036701184,407961600
200,1771998233650,3204,3204,3204,3204,3204,3204,3204,3204,35,38.095237731933594,28.571430206298828,28.571430206298828,36.3636360168457,15.000000953674316,4.761904716491699,0,5.736448287963867,8589934592,2147483648,6036258816,407961600
208,1771998233851,3204,3204,3204,3204,3204,3204,3204,3204,35,26.3157901763916,21.052631378173828,25,5.263157844543457,9.523809432983398,0,9.090909004211426,5.736448287963867,8589934592,2147483648,6036258816,407961600
201,1771998234059,3204,3204,3204,3204,3204,3204,3204,3204,23.809524536132813,23.809524536132813,28.571430206298828,19.047618865966797,0,4.761904716491699,0,0,5.220682144165039,8589934592,2147483648,6035668992,407961600
209,1771998234261,3204,3204,3204,3204,3204,3204,3204,3204,25,20,20,15.000000953674316,5,5,4.761904716491699,5,5.220682144165039,8589934592,2147483648,6050136064,407961600
207,1771998234471,3204,3204,3204,3204,3204,3204,3204,3204,25,25,19.047618865966797,20,4.761904716491699,0,4.761904716491699,0,5.220682144165039,8589934592,2147483648,6050136064,407961600
208,1771998234679,3204,3204,3204,3204,3204,3204,3204,3204,36.3636360168457,27.272727966308594,20,18.18181800842285,0,4.761904716491699,0,0,5.220682144165039,8589934592,2147483648,6050136064,407961600
207,1771998234888,3204,3204,3204,3204,3204,3204,3204,3204,30.000001907348633,30.000001907348633,28.571430206298828,25,4.761904716491699,0,0,0,5.220682144165039,8589934592,2147483648,6050136064,407961600
208,1771998235096,3204,3204,3204,3204,3204,3204,3204,3204,33.333335876464844,33.333335876464844,28.571430206298828,28.571430206298828,9.090909004211426,9.523809432983398,0,0,5.518610954284668,8589934592,2147483648,6037192704,407961600
201,1771998235305,3204,3204,3204,3204,3204,3204,3204,3204,25,28.571430206298828,23.809524536132813,20,4.761904716491699,4.761904716491699,4.761904716491699,4.761904716491699,5.518610954284668,8589934592,2147483648,6037209088,407961600
205,1771998235508,3204,3204,3204,3204,3204,3204,3204,3204,30.000001907348633,26.3157901763916,25,20,0,0,5,0,5.518610954284668,8589934592,2147483648,6038224896,407961600
205,1771998235713,3204,3204,3204,3204,3204,3204,3204,3204,35,38.095237731933594,28.571430206298828,28.571430206298828,9.523809432983398,9.523809432983398,9.523809432983398,9.523809432983398,5.518610954284668,8589934592,2147483648,6038224896,407961600
207,1771998235919,3204,3204,3204,3204,3204,3204,3204,3204,33.333335876464844,28.571430206298828,23.809524536132813,28.571430206298828,20,9.523809432983398,0,0,5.518610954284668,8589934592,2147483648,6038224896,407961600
206,1771998236127,3204,3204,3204,3204,3204,3204,3204,3204,20,30.000001907348633,20,20,14.285715103149414,10,9.523809432983398,4.761904716491699,5.377979755401611,8589934592,2147483648,6040420352,407961600
203,1771998236334,3204,3204,3204,3204,3204,3204,3204,3204,28.571430206298828,23.809524536132813,20,20,9.523809432983398,4.761904716491699,4.761904716491699,4.761904716491699,5.377979755401611,8589934592,2147483648,6054412288,407961600
199,1771998236538,3204,3204,3204,3204,3204,3204,3204,3204,25,28.571430206298828,23.809524536132813,23.809524536132813,5,10,5,5,5.377979755401611,8589934592,2147483648,6037897216,407961600
202,1771998236738,3204,3204,3204,3204,3204,3204,3204,3204,25,26.3157901763916,25,20,28.571430206298828,5,0,0,5.377979755401611,8589934592,2147483648,6037913600,407961600
206,1771998236942,3204,3204,3204,3204,3204,3204,3204,3204,33.333335876464844,28.571430206298828,25,23.809524536132813,5,5,0,0,5.377979755401611,8589934592,2147483648,6037913600,407961600
205,1771998237149,3204,3204,3204,3204,3204,3204,3204,3204,23.809524536132813,25,19.047618865966797,20,9.523809432983398,14.285715103149414,5,4.761904716491699,5.857752799987793,8589934592,2147483648,6053298176,407961600
208,1771998237355,3204,3204,3204,3204,3204,3204,3204,3204,25,30.000001907348633,25,20,5,5,9.090909004211426,5,5.857752799987793,8589934592,2147483648,6038863872,407961600
207,1771998237563,3204,3204,3204,3204,3204,3204,3204,3204,23.809524536132813,27.272727966308594,23.809524536132813,19.047618865966797,0,0,4.761904716491699,0,5.857752799987793,8589934592,2147483648,6038863872,407961600
209,1771998237771,3204,3204,3204,3204,3204,3204,3204,3204,25,30.000001907348633,20,28.571430206298828,5,9.523809432983398,0,4.761904716491699,5.857752799987793,8589934592,2147483648,6041976832,407961600
209,1771998237981,3204,3204,3204,3204,3204,3204,3204,3204,33.333335876464844,28.571430206298828,28.571430206298828,19.047618865966797,38.095237731933594,14.285715103149414,5,9.523809432983398,5.857752799987793,8589934592,2147483648,6038962176,407961600
205,1771998238191,3204,3204,3204,3204,3204,3204,3204,3204,33.333335876464844,30.000001907348633,23.809524536132813,23.809524536132813,9.090909004211426,5,4.545454502105713,4.545454502105713,5.6197099685668945,8589934592,2147483648,6039011328,407961600
207,1771998238397,3204,3204,3204,3204,3204,3204,3204,3204,20,28.571430206298828,28.571430206298828,19.047618865966797,0,0,0,0,5.6197099685668945,8589934592,2147483648,6039011328,407961600
201,1771998238605,3204,3204,3204,3204,3204,3204,3204,3204,28.571430206298828,28.571430206298828,20,15.000000953674316,0,0,0,0,5.6197099685668945,8589934592,2147483648,6039093248,407961600
201,1771998238807,3204,3204,3204,3204,3204,3204,3204,3204,20,21.052631378173828,25,23.809524536132813,0,5,0,0,5.6197099685668945,8589934592,2147483648,6039093248,407961600
209,1771998239009,3204,3204,3204,3204,3204,3204,3204,3204,33.333335876464844,28.571430206298828,23.809524536132813,15.789472579956055,0,0,0,0,5.6197099685668945,8589934592,2147483648,6039093248,407961600
203,1771998239219,3204,3204,3204,3204,3204,3204,3204,3204,30.000001907348633,23.809524536132813,20,14.285715103149414,4.761904716491699,4.761904716491699,0,0,5.5891523361206055,8589934592,2147483648,6038175744,407961600
209,1771998239423,3204,3204,3204,3204,3204,3204,3204,3204,28.571430206298828,30.000001907348633,28.571430206298828,20,4.761904716491699,9.090909004211426,4.761904716491699,4.761904716491699,5.5891523361206055,8589934592,2147483648,6038257664,407961600
205,1771998239633,3204,3204,3204,3204,3204,3204,3204,3204,25,28.571430206298828,23.809524536132813,22.72727394104004,0,0,0,0,5.5891523361206055,8589934592,2147483648,6038290432,407961600
207,1771998239840,3204,3204,3204,3204,3204,3204,3204,3204,28.571430206298828,20,15.000000953674316,20,9.523809432983398,5,0,0,5.5891523361206055,8589934592,2147483648,6015959040,407961600
207,1771998240048,3204,3204,3204,3204,3204,3204,3204,3204,40,38.095237731933594,35,38.095237731933594,19.047618865966797,9.523809432983398,15.000000953674316,4.761904716491699,5.5891523361206055,8589934592,2147483648,6033473536,407961600
209,1771998240256,3204,3204,3204,3204,3204,3204,3204,3204,38.095237731933594,38.095237731933594,33.333335876464844,20,9.523809432983398,5,0,0,5.334004878997803,8589934592,2147483648,6034341888,407961600
209,1771998240466,3204,3204,3204,3204,3204,3204,3204,3204,38.095237731933594,33.333335876464844,23.809524536132813,23.809524536132813,0,4.545454502105713,0,0,5.334004878997803,8589934592,2147483648,6034669568,407961600
203,1771998240676,3204,3204,3204,3204,3204,3204,3204,3204,42.85714340209961,28.571430206298828,33.333335876464844,28.571430206298828,5,0,4.761904716491699,0,5.334004878997803,8589934592,2147483648,6034669568,407961600
5,1771998240880,3204,3204,3204,3204,3204,3204,3204,3204,35,35,28.571430206298828,33.333335876464844,4.761904716491699,4.761904716491699,0,0,5.334004878997803,8589934592,2147483648,6034669568,407961600
