Delta,Time,CPU_FREQUENCY_0,CPU_FREQUENCY_1,CPU_FREQUENCY_2,CPU_FREQUENCY_3,CPU_FREQUENCY_4,CPU_FREQUENCY_5,CPU_FREQUENCY_6,CPU_FREQUENCY_7,CPU_USAGE_0,CPU_USAGE_1,CPU_USAGE_2,CPU_USAGE_3,CPU_USAGE_4,CPU_USAGE_5,CPU_USAGE_6,CPU_USAGE_7,SYSTEM_POWER (Watts),TOTAL_MEMORY,TOTAL_SWAP,USED_MEMORY,USED_SWAP
0,1772004856435,3204,3204,3204,3204,3204,3204,3204,3204,0,NaN,100,50,0,0,0,0,5.376211166381836,8589934592,2147483648,5971394560,407961600
209,1772004856435,3204,3204,3204,3204,3204,3204,3204,3204,NaN,0,0,NaN,0,NaN,0,NaN,5.376211166381836,8589934592,2147483648,5972115456,407961600
202,1772004856645,3204,3204,3204,3204,3204,3204,3204,3204,28.571430206298828,33.333335876464844,25,22.72727394104004,0,0,0,0,5.376211166381836,8589934592,2147483648,5974310912,407961600
209,1772004856849,3204,3204,3204,3204,3204,3204,3204,3204,70,65,57.142860412597656,60.000003814697266,35,23.809524536132813,10,5,5.585615158081055,8589934592,2147483648,5974310912,407961600
204,1772004857059,3204,3204,3204,3204,3204,3204,3204,3204,52.38095474243164,38.095237731933594,38.095237731933594,30.000001907348633,19.047618865966797,19.047618865966797,0,0,5.585615158081055,8589934592,2147483648,5983682560,407961600
209,1772004857263,3204,3204,3204,3204,3204,3204,3204,3204,65,50,42.105262756347656,42.85714340209961,4.761904716491699,5,4.761904716491699,4.761904716491699,5.585615158081055,8589934592,2147483648,5998739456,407961600
209,1772004857473,3204,3204,3204,3204,3204,3204,3204,3204,50,47.619049072265625,40.90909194946289,40,4.761904716491699,4.761904716491699,0,0,5.585615158081055,8589934592,2147483648,5996609536,407961600
202,1772004857683,3204,3204,3204,3204,3204,3204,3204,3204,47.36842346191406,47.619049072265625,42.85714340209961,36.3636360168457,9.523809432983398,4.761904716491699,9.523809432983398,9.090909004211426,5.585615158081055,8589934592,2147483648,5988761600,407961600
203,1772004857886,3204,3204,3204,3204,3204,3204,3204,3204,47.619049072265625,40,42.105262756347656,31.57894515991211,0,4.761904716491699,0,0,5.835872173309326,8589934592,2147483648,5984845824,407961600
209,1772004858089,3204,3204,3204,3204,3204,3204,3204,3204,60.000003814697266,38.095237731933594,38.095237731933594,33.333335876464844,15.000000953674316,15.000000953674316,0,0,5.835872173309326,8589934592,2147483648,5962498048,407961600
200,1772004858299,3204,3204,3204,3204,3204,3204,3204,3204,40.90909194946289,35,25,28.571430206298828,9.523809432983398,9.523809432983398,9.090909004211426,4.761904716491699,5.835872173309326,8589934592,2147483648,5960925184,407961600
207,1772004858501,3204,3204,3204,3204,3204,3204,3204,3204,84.21052551269531,75,71.42857360839844,73.68421173095703,38.095237731933594,0,0,0,5.835872173309326,8589934592,2147483648,5956206592,407961600
203,1772004858708,3204,3204,3204,3204,3204,3204,3204,3204,61.904762268066406,76.19047546386719,70,77.2727279663086,10,14.285715103149414,4.761904716491699,0,5.835872173309326,8589934592,2147483648,5957369856,407961600
209,1772004858912,3204,3204,3204,3204,3204,3204,3204,3204,78.94737243652344,70,71.42857360839844,75,23.809524536132813,9.523809432983398,5,5,6.504644870758057,8589934592,2147483648,5961908224,407961600
201,1772004859122,3204,3204,3204,3204,3204,3204,3204,3204,68.18181610107422,63.6363639831543,65,57.142860412597656,15.000000953674316,13.636363983154297,0,0,6.504644870758057,8589934592,2147483648,5946097664,407961600
200,1772004859325,3204,3204,3204,3204,3204,3204,3204,3204,55,55,57.142860412597656,75,0,0,0,0,6.504644870758057,8589934592,2147483648,5946720256,407961600
209,1772004859525,3204,3204,3204,3204,3204,3204,3204,3204,60.000003814697266,60.000003814697266,65,60.000003814697266,30.000001907348633,5.263157844543457,0,26.3157901763916,6.504644870758057,8589934592,2147483648,5949440000,407961600
207,1772004859735,3204,3204,3204,3204,3204,3204,3204,3204,57.142860412597656,60.000003814697266,61.904762268066406,52.38095474243164,4.761904716491699,4.761904716491699,4.761904716491699,4.761904716491699,6.504644870758057,8589934592,2147483648,5947195392,407961600
208,1772004859943,3204,3204,3204,3204,3204,3204,3204,3204,71.42857360839844,61.904762268066406,66.66667175292969,57.142860412597656,4.761904716491699,4.761904716491699,4.761904716491699,0,6.8026838302612305,8589934592,2147483648,5944131584,407961600
204,1772004860151,3204,3204,3204,3204,3204,3204,3204,3204,65,50,50,57.142860412597656,0,0,0,4.545454502105713,6.8026838302612305,8589934592,2147483648,5940641792,407961600
203,1772004860356,3204,3204,3204,3204,3204,3204,3204,3204,50,42.85714340209961,68.18181610107422,35,14.285715103149414,10,0,0,6.8026838302612305,8589934592,2147483648,5938593792,407961600
204,1772004860561,3204,3204,3204,3204,3204,3204,3204,3204,68.18181610107422,45,42.105262756347656,52.38095474243164,38.095237731933594,22.72727394104004,5,23.809524536132813,6.8026838302612305,8589934592,2147483648,5945376768,407961600
208,1772004860765,3204,3204,3204,3204,3204,3204,3204,3204,63.15789031982422,52.38095474243164,50,50,10,5,9.523809432983398,5,6.8026838302612305,8589934592,2147483648,5942132736,407961600
209,1772004860974,3204,3204,3204,3204,3204,3204,3204,3204,61.904762268066406,60.000003814697266,52.38095474243164,60.000003814697266,0,0,0,0,7.001262187957764,8589934592,2147483648,5940150272,407961600
206,1772004861184,3204,3204,3204,3204,3204,3204,3204,3204,52.38095474243164,52.38095474243164,55,47.619049072265625,36.3636360168457,19.047618865966797,4.761904716491699,4.545454502105713,7.001262187957764,8589934592,2147483648,5929680896,407961600
207,1772004861390,3204,3204,3204,3204,3204,3204,3204,3204,61.904762268066406,61.904762268066406,68.18181610107422,57.142860412597656,4.761904716491699,5,4.761904716491699,4.761904716491699,7.001262187957764,8589934592,2147483648,5931778048,407961600
209,1772004861598,3204,3204,3204,3204,3204,3204,3204,3204,47.619049072265625,45,47.619049072265625,35,47.619049072265625,9.090909004211426,0,0,7.001262187957764,8589934592,2147483648,5931778048,407961600
202,1772004861808,3204,3204,3204,3204,3204,3204,3204,3204,50,42.85714340209961,45,42.85714340209961,0,0,0,0,7.072415351867676,8589934592,2147483648,5931778048,407961600
209,1772004862010,3204,3204,3204,3204,3204,3204,3204,3204,50,42.85714340209961,40,47.619049072265625,4.761904716491699,0,0,0,7.072415351867676,8589934592,2147483648,5931778048,407961600
207,1772004862220,3204,3204,3204,3204,3204,3204,3204,3204,59.09090805053711,38.095237731933594,63.6363639831543,30.000001907348633,0,0,0,0,7.072415351867676,8589934592,2147483648,5938069504,407961600
204,1772004862428,3204,3204,3204,3204,3204,3204,3204,3204,50,45,60.000003814697266,33.333335876464844,0,0,0,0,7.072415351867676,8589934592,2147483648,5938823168,407961600
203,1772004862632,3204,3204,3204,3204,3204,3204,3204,3204,57.142860412597656,47.619049072265625,50,38.095237731933594,0,4.761904716491699,4.761904716491699,0,7.072415351867676,8589934592,2147483648,5936644096,407961600
204,1772004862837,3204,3204,3204,3204,3204,3204,3204,3204,63.15789031982422,52.38095474243164,42.85714340209961,35,25,25,20,20,6.927340030670166,8589934592,2147483648,5934710784,407961600
209,1772004863041,3204,3204,3204,3204,3204,3204,3204,3204,50,47.36842346191406,30.000001907348633,47.619049072265625,45,0,0,4.545454502105713,6.927340030670166,8589934592,2147483648,5936431104,407961600
208,1772004863251,3204,3204,3204,3204,3204,3204,3204,3204,60.000003814697266,57.142860412597656,52.38095474243164,50,22.72727394104004,9.523809432983398,9.523809432983398,0,6.927340030670166,8589934592,2147483648,5931941888,407961600
201,1772004863460,3204,3204,3204,3204,3204,3204,3204,3204,52.38095474243164,66.66667175292969,47.619049072265625,54.54545593261719,5,9.523809432983398,4.761904716491699,4.761904716491699,6.927340030670166,8589934592,2147483648,5933858816,407961600
203,1772004863662,3204,3204,3204,3204,3204,3204,3204,3204,45,50,35,40,4.761904716491699,0,0,0,6.927340030670166,8589934592,2147483648,5933858816,407961600
209,1772004863865,3204,3204,3204,3204,3204,3204,3204,3204,47.619049072265625,50,40,40,0,4.761904716491699,0,0,6.386354923248291,8589934592,2147483648,5933858816,407961600
208,1772004864075,3204,3204,3204,3204,3204,3204,3204,3204,40,50,47.619049072265625,38.095237731933594,4.761904716491699,0,4.545454502105713,0,6.386354923248291,8589934592,2147483648,5933858816,407961600
207,1772004864284,3204,3204,3204,3204,3204,3204,3204,3204,47.619049072265625,38.095237731933594,54.54545593261719,40,0,4.761904716491699,4.761904716491699,4.761904716491699,6.386354923248291,8589934592,2147483648,5931843584,407961600
209,1772004864492,3204,3204,3204,3204,3204,3204,3204,3204,52.38095474243164,45,57.894737243652344,42.85714340209961,27.272727966308594,5,0,0,6.386354923248291,8589934592,2147483648,5931155456,407961600
209,1772004864703,3204,3204,3204,3204,3204,3204,3204,3204,60.000003814697266,57.142860412597656,68.18181610107422,57.142860412597656,5,4.761904716491699,9.090909004211426,4.761904716491699,6.386354923248291,8589934592,2147483648,5932171264,407961600
209,1772004864913,3204,3204,3204,3204,3204,3204,3204,3204,61.904762268066406,61.904762268066406,65,52.38095474243164,4.545454502105713,0,0,0,6.543362140655518,8589934592,2147483648,5932957696,407961600
204,1772004865123,3204,3204,3204,3204,3204,3204,3204,3204,71.42857360839844,76.19047546386719,68.18181610107422,60.000003814697266,0,4.761904716491699,0,0,6.543362140655518,8589934592,2147483648,5933449216,407961600
209,1772004865327,3204,3204,3204,3204,3204,3204,3204,3204,71.42857360839844,60.000003814697266,70,76.19047546386719,10,9.523809432983398,4.761904716491699,10,6.543362140655518,8589934592,2147483648,5944410112,407961600
206,1772004865537,3204,3204,3204,3204,3204,3204,3204,3204,61.904762268066406,52.38095474243164,66.66667175292969,57.142860412597656,27.272727966308594,14.285715103149414,0,0,6.543362140655518,8589934592,2147483648,5934546944,407961600
204,1772004865744,3204,3204,3204,3204,3204,3204,3204,3204,55,52.38095474243164,40,60.000003814697266,0,0,0,4.761904716491699,6.543362140655518,8589934592,2147483648,5935693824,407961600
200,1772004865950,3204,3204,3204,3204,3204,3204,3204,3204,50,52.6315803527832,52.38095474243164,57.142860412597656,4.761904716491699,4.761904716491699,4.761904716491699,0,6.210942268371582,8589934592,2147483648,5932761088,407961600
205,1772004866151,3204,3204,3204,3204,3204,3204,3204,3204,57.142860412597656,57.142860412597656,50,50,0,0,0,4.761904716491699,6.210942268371582,8589934592,2147483648,5932351488,407961600
205,1772004866357,3204,3204,3204,3204,3204,3204,3204,3204,40,57.142860412597656,35,45,0,0,0,0,6.210942268371582,8589934592,2147483648,5933514752,407961600
202,1772004866562,3204,3204,3204,3204,3204,3204,3204,3204,52.38095474243164,47.36842346191406,40,61.904762268066406,45,55,0,0,6.210942268371582,8589934592,2147483648,5936234496,407961600
207,1772004866765,3204,3204,3204,3204,3204,3204,3204,3204,36.842105865478516,52.38095474243164,28.571430206298828,30.000001907348633,38.095237731933594,42.85714340209961,5,20,6.210942268371582,8589934592,2147483648,5936234496,407961600
200,1772004866973,3204,3204,3204,3204,3204,3204,3204,3204,27.272727966308594,38.095237731933594,38.095237731933594,50,0,80,0,0,6.545617580413818,8589934592,2147483648,5936234496,407961600
207,1772004867174,3204,3204,3204,3204,3204,3204,3204,3204,45,40,36.842105865478516,36.3636360168457,100,0,0,0,6.545617580413818,8589934592,2147483648,5936234496,407961600
209,1772004867382,3204,3204,3204,3204,3204,3204,3204,3204,30.000001907348633,33.333335876464844,45.45454788208008,40,19.047618865966797,80.95238494873047,0,0,6.545617580413818,8589934592,2147483648,5940559872,407961600
208,1772004867592,3204,3204,3204,3204,3204,3204,3204,3204,52.38095474243164,61.904762268066406,50,57.142860412597656,27.272727966308594,72.7272720336914,9.523809432983398,4.761904716491699,6.545617580413818,8589934592,2147483648,5927763968,407961600
208,1772004867801,3204,3204,3204,3204,3204,3204,3204,3204,52.38095474243164,35,23.809524536132813,35,0,95,0,9.523809432983398,7.981705188751221,8589934592,2147483648,5925257216,407961600
209,1772004868009,3204,3204,3204,3204,3204,3204,3204,3204,52.38095474243164,50,31.81818199157715,27.272727966308594,71.42857360839844,30.000001907348633,0,0,7.981705188751221,8589934592,2147483648,5925257216,407961600
208,1772004868219,3204,3204,3204,3204,3204,3204,3204,3204,30.000001907348633,54.54545593261719,35,38.095237731933594,38.095237731933594,4.545454502105713,0,0,7.981705188751221,8589934592,2147483648,5925257216,407961600
209,1772004868427,3204,3204,3204,3204,3204,3204,3204,3204,40.90909194946289,45,33.333335876464844,42.85714340209961,61.904762268066406,57.142860412597656,0,4.761904716491699,7.981705188751221,8589934592,2147483648,5931253760,407961600
204,1772004868637,3204,3204,3204,3204,3204,3204,3204,3204,60.000003814697266,28.571430206298828,38.095237731933594,33.333335876464844,47.619049072265625,9.523809432983398,0,47.619049072265625,7.981705188751221,8589934592,2147483648,5936283648,407961600
209,1772004868842,3204,3204,3204,3204,3204,3204,3204,3204,57.142860412597656,36.3636360168457,33.333335876464844,36.842105865478516,5,33.333335876464844,4.761904716491699,5,11.859488487243652,8589934592,2147483648,5932187648,407961600
201,1772004869052,3204,3204,3204,3204,3204,3204,3204,3204,42.85714340209961,50,35,27.272727966308594,0,15.000000953674316,80.95238494873047,0,11.859488487243652,8589934592,2147483648,5936578560,407961600
206,1772004869253,3204,3204,3204,3204,3204,3204,3204,3204,50,40,52.38095474243164,21.052631378173828,35,70,15.000000953674316,0,11.859488487243652,8589934592,2147483648,5935644672,407961600
209,1772004869460,3204,3204,3204,3204,3204,3204,3204,3204,38.095237731933594,47.619049072265625,30.000001907348633,28.571430206298828,10,45,10,4.761904716491699,11.859488487243652,8589934592,2147483648,5933727744,407961600
203,1772004869671,3204,3204,3204,3204,3204,3204,3204,3204,35,30.000001907348633,28.571430206298828,23.809524536132813,50,45.45454788208008,23.809524536132813,0,11.859488487243652,8589934592,2147483648,5909889024,407961600
206,1772004869875,3204,3204,3204,3204,3204,3204,3204,3204,25,23.809524536132813,20,15.000000953674316,20,10,9.090909004211426,76.19047546386719,10.380746841430664,8589934592,2147483648,5911183360,407961600
207,1772004870082,3204,3204,3204,3204,3204,3204,3204,3204,23.809524536132813,20,15.000000953674316,23.809524536132813,61.904762268066406,0,0,0,10.380746841430664,8589934592,2147483648,5913837568,407961600
201,1772004870290,3204,3204,3204,3204,3204,3204,3204,3204,20,25,23.809524536132813,19.047618865966797,47.619049072265625,50,0,5,10.380746841430664,8589934592,2147483648,5915049984,407961600
201,1772004870492,3204,3204,3204,3204,3204,3204,3204,3204,25,20,20,19.047618865966797,70,10,20,0,10.380746841430664,8589934592,2147483648,5919195136,407961600
205,1772004870694,3204,3204,3204,3204,3204,3204,3204,3204,30.000001907348633,33.333335876464844,25,15.789472579956055,5,0,30.000001907348633,0,10.380746841430664,8589934592,2147483648,5919129600,407961600
206,1772004870900,3204,3204,3204,3204,3204,3204,3204,3204,19.047618865966797,20,19.047618865966797,15.000000953674316,80,0,20,5,11.90607738494873,8589934592,2147483648,5918228480,407961600
201,1772004871107,3204,3204,3204,3204,3204,3204,3204,3204,23.809524536132813,28.571430206298828,15.789472579956055,19.047618865966797,95.23809814453125,0,4.761904716491699,0,11.90607738494873,8589934592,2147483648,5919178752,407961600
202,1772004871309,3204,3204,3204,3204,3204,3204,3204,3204,47.36842346191406,40,38.095237731933594,30.000001907348633,20,30.000001907348633,0,4.761904716491699,11.90607738494873,8589934592,2147483648,5911298048,407961600
208,1772004871511,3204,3204,3204,3204,3204,3204,3204,3204,20,25,23.809524536132813,15.000000953674316,0,100,0,0,11.90607738494873,8589934592,2147483648,5912674304,407961600
204,1772004871720,3204,3204,3204,3204,3204,3204,3204,3204,33.333335876464844,27.272727966308594,25,28.571430206298828,31.81818199157715,75,14.285715103149414,9.090909004211426,11.90607738494873,8589934592,2147483648,5884575744,407961600
199,1772004871924,3204,3204,3204,3204,3204,3204,3204,3204,35,36.842105865478516,33.333335876464844,25,33.333335876464844,47.619049072265625,19.047618865966797,57.894737243652344,10.117259979248047,8589934592,2147483648,5860540416,407961600
207,1772004872125,3204,3204,3204,3204,3204,3204,3204,3204,19.047618865966797,19.047618865966797,5.263157844543457,15.000000953674316,5.263157844543457,20,10,68.42105102539063,10.117259979248047,8589934592,2147483648,5861212160,407961600
206,1772004872333,3204,3204,3204,3204,3204,3204,3204,3204,25,20,28.571430206298828,15.000000953674316,38.095237731933594,4.761904716491699,0,18.18181800842285,10.117259979248047,8589934592,2147483648,5870075904,407961600
209,1772004872540,3204,3204,3204,3204,3204,3204,3204,3204,40,38.095237731933594,33.333335876464844,31.81818199157715,52.38095474243164,15.000000953674316,19.047618865966797,15.000000953674316,10.117259979248047,8589934592,2147483648,5876547584,407961600
208,1772004872750,3204,3204,3204,3204,3204,3204,3204,3204,28.571430206298828,23.809524536132813,25,15.000000953674316,30.000001907348633,19.047618865966797,4.761904716491699,4.761904716491699,10.117259979248047,8589934592,2147483648,5875023872,407961600
209,1772004872959,3204,3204,3204,3204,3204,3204,3204,3204,30.000001907348633,25,27.272727966308594,23.809524536132813,50,9.523809432983398,4.545454502105713,0,10.480802536010742,8589934592,2147483648,5886296064,407961600
208,1772004873168,3204,3204,3204,3204,3204,3204,3204,3204,38.095237731933594,30.000001907348633,28.571430206298828,23.809524536132813,31.81818199157715,4.545454502105713,0,4.545454502105713,10.480802536010742,8589934592,2147483648,5886296064,407961600
208,1772004873377,3204,3204,3204,3204,3204,3204,3204,3204,28.571430206298828,27.272727966308594,21.052631378173828,15.000000953674316,65,4.761904716491699,0,0,10.480802536010742,8589934592,2147483648,5886296064,407961600
205,1772004873586,3204,3204,3204,3204,3204,3204,3204,3204,33.333335876464844,25,23.809524536132813,23.809524536132813,42.85714340209961,0,0,0,10.480802536010742,8589934592,2147483648,5918720000,407961600
209,1772004873792,3204,3204,3204,3204,3204,3204,3204,3204,30.000001907348633,30.000001907348633,25,23.809524536132813,35,5,0,0,10.14571762084961,8589934592,2147483648,5910429696,407961600
204,1772004874002,3204,3204,3204,3204,3204,3204,3204,3204,33.333335876464844,30.000001907348633,27.272727966308594,28.571430206298828,80.95238494873047,23.809524536132813,9.523809432983398,4.545454502105713,10.14571762084961,8589934592,2147483648,5918507008,407961600
204,1772004874207,3204,3204,3204,3204,3204,3204,3204,3204,36.842105865478516,33.333335876464844,26.3157901763916,23.809524536132813,42.85714340209961,5,5,0,10.14571762084961,8589934592,2147483648,5910282240,407961600
209,1772004874411,3204,3204,3204,3204,3204,3204,3204,3204,40.90909194946289,31.57894515991211,28.571430206298828,15.789472579956055,47.36842346191406,9.523809432983398,4.761904716491699,0,10.14571762084961,8589934592,2147483648,5943164928,407961600
203,1772004874621,3204,3204,3204,3204,3204,3204,3204,3204,35,36.3636360168457,23.809524536132813,23.809524536132813,38.095237731933594,0,0,0,10.14571762084961,8589934592,2147483648,5951537152,407961600
209,1772004874826,3204,3204,3204,3204,3204,3204,3204,3204,35,31.57894515991211,25,28.571430206298828,25,10,0,4.761904716491699,8.542285919189453,8589934592,2147483648,5957140480,407961600
201,1772004875036,3204,3204,3204,3204,3204,3204,3204,3204,23.809524536132813,27.272727966308594,19.047618865966797,14.285715103149414,95.23809814453125,0,0,0,8.542285919189453,8589934592,2147483648,5965414400,407961600
204,1772004875238,3204,3204,3204,3204,3204,3204,3204,3204,65,65,60.000003814697266,60.000003814697266,38.095237731933594,5,9.090909004211426,0,8.542285919189453,8589934592,2147483648,5965103104,407961600
208,1772004875443,3204,3204,3204,3204,3204,3204,3204,3204,25,20,20,20,25,25,0,0,8.542285919189453,8589934592,2147483648,5967806464,407961600
209,1772004875652,3204,3204,3204,3204,3204,3204,3204,3204,23.809524536132813,23.809524536132813,23.809524536132813,19.047618865966797,90.90909576416016,0,4.761904716491699,0,8.542285919189453,8589934592,2147483648,5964365824,407961600
207,1772004875862,3204,3204,3204,3204,3204,3204,3204,3204,35,33.333335876464844,23.809524536132813,23.809524536132813,15.789472579956055,4.761904716491699,0,4.761904716491699,8.619357109069824,8589934592,2147483648,5962956800,407961600
203,1772004876070,3204,3204,3204,3204,3204,3204,3204,3204,47.619049072265625,40,52.38095474243164,40,19.047618865966797,13.636363983154297,10,4.761904716491699,8.619357109069824,8589934592,2147483648,5962448896,407961600
202,1772004876274,3204,3204,3204,3204,3204,3204,3204,3204,40,38.095237731933594,30.000001907348633,25,14.285715103149414,10,4.761904716491699,0,8.619357109069824,8589934592,2147483648,5952716800,407961600
209,1772004876476,3204,3204,3204,3204,3204,3204,3204,3204,23.809524536132813,20,25,19.047618865966797,4.761904716491699,5,0,5,8.619357109069824,8589934592,2147483648,5952716800,407961600
206,1772004876686,3204,3204,3204,3204,3204,3204,3204,3204,28.571430206298828,30.000001907348633,30.000001907348633,28.571430206298828,36.842105865478516,4.761904716491699,4.761904716491699,9.090909004211426,8.619357109069824,8589934592,2147483648,5953814528,407961600
204,1772004876892,3204,3204,3204,3204,3204,3204,3204,3204,21.052631378173828,28.571430206298828,28.571430206298828,19.047618865966797,9.523809432983398,10,5,0,9.800116539001465,8589934592,2147483648,5954093056,407961600
209,1772004877098,3204,3204,3204,3204,3204,3204,3204,3204,36.3636360168457,25,27.272727966308594,20,28.571430206298828,9.523809432983398,4.761904716491699,4.761904716491699,9.800116539001465,8589934592,2147483648,5955043328,407961600
209,1772004877307,3204,3204,3204,3204,3204,3204,3204,3204,45,42.85714340209961,45,38.095237731933594,5,5,4.761904716491699,5,9.800116539001465,8589934592,2147483648,5958582272,407961600
207,1772004877517,3204,3204,3204,3204,3204,3204,3204,3204,47.619049072265625,42.85714340209961,38.095237731933594,33.333335876464844,4.761904716491699,4.761904716491699,0,0,9.800116539001465,8589934592,2147483648,5962530816,407961600
203,1772004877726,3204,3204,3204,3204,3204,3204,3204,3204,23.809524536132813,28.571430206298828,23.809524536132813,20,0,9.090909004211426,4.545454502105713,4.761904716491699,9.800116539001465,8589934592,2147483648,5962694656,407961600
209,1772004877930,3204,3204,3204,3204,3204,3204,3204,3204,25,30.000001907348633,21.052631378173828,14.285715103149414,13.636363983154297,0,0,0,6.023967266082764,8589934592,2147483648,5962776576,407961600
209,1772004878139,3204,3204,3204,3204,3204,3204,3204,3204,55,38.095237731933594,40.90909194946289,35,57.142860412597656,4.761904716491699,4.761904716491699,0,6.023967266082764,8589934592,2147483648,5977145344,407961600
205,1772004878349,3204,3204,3204,3204,3204,3204,3204,3204,40.90909194946289,35,35,28.571430206298828,19.047618865966797,14.285715103149414,0,4.545454502105713,6.023967266082764,8589934592,2147483648,5968822272,407961600
203,1772004878555,3204,3204,3204,3204,3204,3204,3204,3204,35,33.333335876464844,28.571430206298828,25,5,4.761904716491699,4.761904716491699,0,6.023967266082764,8589934592,2147483648,5968904192,407961600
205,1772004878760,3204,3204,3204,3204,3204,3204,3204,3204,45,35,25,40.90909194946289,4.761904716491699,0,0,0,6.023967266082764,8589934592,2147483648,5969494016,407961600
201,1772004878965,3204,3204,3204,3204,3204,3204,3204,3204,28.571430206298828,30.000001907348633,28.571430206298828,15.789472579956055,4.761904716491699,4.761904716491699,4.761904716491699,4.761904716491699,6.020663738250732,8589934592,2147483648,5969051648,407961600
202,1772004879168,3204,3204,3204,3204,3204,3204,3204,3204,30.000001907348633,23.809524536132813,25,20,0,0,0,0,6.020663738250732,8589934592,2147483648,5969362944,407961600
209,1772004879370,3204,3204,3204,3204,3204,3204,3204,3204,35,25,25,23.809524536132813,0,4.761904716491699,4.761904716491699,0,6.020663738250732,8589934592,2147483648,5970083840,407961600
209,1772004879580,3204,3204,3204,3204,3204,3204,3204,3204,23.809524536132813,33.333335876464844,19.047618865966797,19.047618865966797,4.545454502105713,23.809524536132813,0,0,6.020663738250732,8589934592,2147483648,5969199104,407961600
209,1772004879790,3204,3204,3204,3204,3204,3204,3204,3204,23.809524536132813,28.571430206298828,23.809524536132813,19.047618865966797,4.761904716491699,4.761904716491699,0,0,6.1650567054748535,8589934592,2147483648,5969199104,407961600
208,1772004880000,3204,3204,3204,3204,3204,3204,3204,3204,25,28.571430206298828,23.809524536132813,19.047618865966797,0,4.545454502105713,4.545454502105713,4.761904716491699,6.1650567054748535,8589934592,2147483648,5969215488,407961600
208,1772004880210,3204,3204,3204,3204,3204,3204,3204,3204,28.571430206298828,28.571430206298828,23.809524536132813,20,4.761904716491699,0,0,0,6.1650567054748535,8589934592,2147483648,5969690624,407961600
209,1772004880419,3204,3204,3204,3204,3204,3204,3204,3204,38.095237731933594,35,30.000001907348633,28.571430206298828,5,10,0,13.636363983154297,6.1650567054748535,8589934592,2147483648,5955813376,407961600
206,1772004880629,3204,3204,3204,3204,3204,3204,3204,3204,40.90909194946289,38.095237731933594,33.333335876464844,28.571430206298828,0,0,0,0,6.1650567054748535,8589934592,2147483648,5956321280,407961600
204,1772004880836,3204,3204,3204,3204,3204,3204,3204,3204,35,35,35,33.333335876464844,23.809524536132813,22.72727394104004,20,19.047618865966797,5.670647144317627,8589934592,2147483648,5956222976,407961600
209,1772004881041,3204,3204,3204,3204,3204,3204,3204,3204,30.000001907348633,28.571430206298828,28.571430206298828,10,0,0,0,0,5.670647144317627,8589934592,2147483648,5956943872,407961600
207,1772004881251,3204,3204,3204,3204,3204,3204,3204,3204,25,25,19.047618865966797,20,0,0,4.761904716491699,0,5.670647144317627,8589934592,2147483648,5956943872,407961600
204,1772004881459,3204,3204,3204,3204,3204,3204,3204,3204,42.85714340209961,47.619049072265625,38.095237731933594,36.3636360168457,0,0,0,0,5.670647144317627,8589934592,2147483648,5956943872,407961600
209,1772004881664,3204,3204,3204,3204,3204,3204,3204,3204,25,27.272727966308594,20,23.809524536132813,9.090909004211426,4.761904716491699,0,4.761904716491699,5.670647144317627,8589934592,2147483648,5956943872,407961600
200,1772004881874,3204,3204,3204,3204,3204,3204,3204,3204,28.571430206298828,20,20,15.789472579956055,0,0,0,0,6.170856952667236,8589934592,2147483648,5959073792,407961600
207,1772004882075,3204,3204,3204,3204,3204,3204,3204,3204,25,21.052631378173828,19.047618865966797,20,5,5,0,0,6.170856952667236,8589934592,2147483648,5960482816,407961600
209,1772004882282,3204,3204,3204,3204,3204,3204,3204,3204,33.333335876464844,28.571430206298828,23.809524536132813,22.72727394104004,4.761904716491699,4.761904716491699,4.761904716491699,4.761904716491699,6.170856952667236,8589934592,2147483648,5960253440,407961600
199,1772004882492,3204,3204,3204,3204,3204,3204,3204,3204,35,33.333335876464844,30.000001907348633,28.571430206298828,14.285715103149414,9.523809432983398,4.761904716491699,0,6.170856952667236,8589934592,2147483648,5960253440,407961600
206,1772004882692,3204,3204,3204,3204,3204,3204,3204,3204,40,33.333335876464844,25,25,0,5,0,0,6.170856952667236,8589934592,2147483648,5960253440,407961600
205,1772004882899,3204,3204,3204,3204,3204,3204,3204,3204,35,30.000001907348633,28.571430206298828,21.052631378173828,10,9.523809432983398,5,9.523809432983398,5.546910762786865,8589934592,2147483648,5946638336,407961600
205,1772004883105,3204,3204,3204,3204,3204,3204,3204,3204,31.81818199157715,25,20,23.809524536132813,4.761904716491699,0,4.761904716491699,0,5.546910762786865,8589934592,2147483648,5946638336,407961600
206,1772004883312,3204,3204,3204,3204,3204,3204,3204,3204,20,30.000001907348633,19.047618865966797,14.285715103149414,0,0,0,0,5.546910762786865,8589934592,2147483648,5946490880,407961600
205,1772004883519,3204,3204,3204,3204,3204,3204,3204,3204,25,33.333335876464844,20,23.809524536132813,5,4.761904716491699,4.761904716491699,4.761904716491699,5.546910762786865,8589934592,2147483648,5946638336,407961600
209,1772004883726,3204,3204,3204,3204,3204,3204,3204,3204,28.571430206298828,28.571430206298828,23.809524536132813,15.000000953674316,0,0,0,0,5.546910762786865,8589934592,2147483648,5946638336,407961600
206,1772004883935,3204,3204,3204,3204,3204,3204,3204,3204,23.809524536132813,30.000001907348633,19.047618865966797,19.047618865966797,0,0,0,0,5.7227349281311035,8589934592,2147483648,5946556416,407961600
206,1772004884142,3204,3204,3204,3204,3204,3204,3204,3204,33.333335876464844,33.333335876464844,25,23.809524536132813,4.761904716491699,5,0,4.545454502105713,5.7227349281311035,8589934592,2147483648,5934563328,407961600
209,1772004884349,3204,3204,3204,3204,3204,3204,3204,3204,30.000001907348633,20,20,15.000000953674316,0,0,0,0,5.7227349281311035,8589934592,2147483648,5934481408,407961600
209,1772004884558,3204,3204,3204,3204,3204,3204,3204,3204,33.333335876464844,28.571430206298828,31.81818199157715,23.809524536132813,4.761904716491699,33.333335876464844,4.545454502105713,0,5.7227349281311035,8589934592,2147483648,5943574528,407961600
208,1772004884768,3204,3204,3204,3204,3204,3204,3204,3204,35,38.095237731933594,33.333335876464844,28.571430206298828,10,9.523809432983398,14.285715103149414,4.761904716491699,5.7227349281311035,8589934592,2147483648,5934628864,407961600
201,1772004884977,3204,3204,3204,3204,3204,3204,3204,3204,23.809524536132813,23.809524536132813,28.571430206298828,19.047618865966797,13.636363983154297,5,0,0,5.582810401916504,8589934592,2147483648,5934628864,407961600
204,1772004885179,3204,3204,3204,3204,3204,3204,3204,3204,30.000001907348633,35,25,23.809524536132813,0,9.090909004211426,4.761904716491699,0,5.582810401916504,8589934592,2147483648,5937168384,407961600
199,1772004885384,3204,3204,3204,3204,3204,3204,3204,3204,28.571430206298828,25,20,10.526315689086914,4.761904716491699,0,0,0,5.582810401916504,8589934592,2147483648,5937201152,407961600
205,1772004885585,3204,3204,3204,3204,3204,3204,3204,3204,26.3157901763916,28.571430206298828,28.571430206298828,23.809524536132813,0,4.761904716491699,0,4.761904716491699,5.582810401916504,8589934592,2147483648,5937184768,407961600
206,1772004885790,3204,3204,3204,3204,3204,3204,3204,3204,31.81818199157715,20,25,15.000000953674316,5,5,9.523809432983398,5,5.756648063659668,8589934592,2147483648,5937217536,407961600
206,1772004885997,3204,3204,3204,3204,3204,3204,3204,3204,26.3157901763916,20,19.047618865966797,15.000000953674316,0,0,0,0,5.756648063659668,8589934592,2147483648,5937250304,407961600
203,1772004886203,3204,3204,3204,3204,3204,3204,3204,3204,27.272727966308594,23.809524536132813,21.052631378173828,23.809524536132813,4.761904716491699,4.545454502105713,0,0,5.756648063659668,8589934592,2147483648,5930090496,407961600
203,1772004886407,3204,3204,3204,3204,3204,3204,3204,3204,26.3157901763916,20,23.809524536132813,23.809524536132813,4.761904716491699,5,4.761904716491699,0,5.756648063659668,8589934592,2147483648,5932400640,407961600
201,1772004886611,3204,3204,3204,3204,3204,3204,3204,3204,23.809524536132813,25,20,10.526315689086914,0,0,0,0,5.756648063659668,8589934592,2147483648,5932433408,407961600
201,1772004886813,3204,3204,3204,3204,3204,3204,3204,3204,30.000001907348633,30.000001907348633,25,25,20,5,5,9.523809432983398,5.605626106262207,8589934592,2147483648,5932433408,407961600
207,1772004887015,3204,3204,3204,3204,3204,3204,3204,3204,25,25,20,20,14.285715103149414,5.263157844543457,0,0,5.605626106262207,8589934592,2147483648,5932122112,407961600
208,1772004887223,3204,3204,3204,3204,3204,3204,3204,3204,20,22.72727394104004,28.571430206298828,19.047618865966797,0,0,0,0,5.605626106262207,8589934592,2147483648,5932122112,407961600
207,1772004887432,3204,3204,3204,3204,3204,3204,3204,3204,28.571430206298828,25,23.809524536132813,19.047618865966797,0,4.761904716491699,4.761904716491699,0,5.605626106262207,8589934592,2147483648,5932285952,407961600
205,1772004887640,3204,3204,3204,3204,3204,3204,3204,3204,30.000001907348633,19.047618865966797,23.809524536132813,18.18181800842285,0,0,0,0,5.605626106262207,8589934592,2147483648,5932908544,407961600
202,1772004887846,3204,3204,3204,3204,3204,3204,3204,3204,33.333335876464844,25,21.052631378173828,10.526315689086914,9.523809432983398,9.523809432983398,4.761904716491699,4.545454502105713,5.593247413635254,8589934592,2147483648,5932761088,407961600
202,1772004888049,3204,3204,3204,3204,3204,3204,3204,3204,30.000001907348633,25,23.809524536132813,20,0,0,0,0,5.593247413635254,8589934592,2147483648,5932941312,407961600
209,1772004888251,3204,3204,3204,3204,3204,3204,3204,3204,23.809524536132813,21.052631378173828,20,19.047618865966797,0,4.761904716491699,0,0,5.593247413635254,8589934592,2147483648,5933006848,407961600
203,1772004888461,3204,3204,3204,3204,3204,3204,3204,3204,20,27.272727966308594,23.809524536132813,19.047618865966797,4.545454502105713,0,0,0,5.593247413635254,8589934592,2147483648,5933268992,407961600
209,1772004888665,3204,3204,3204,3204,3204,3204,3204,3204,30.000001907348633,25,20,19.047618865966797,5,9.090909004211426,4.761904716491699,4.761904716491699,5.593247413635254,8589934592,2147483648,5933268992,407961600
200,1772004888875,3204,3204,3204,3204,3204,3204,3204,3204,38.095237731933594,35,38.095237731933594,26.3157901763916,10,0,9.523809432983398,0,5.564123630523682,8589934592,2147483648,5933268992,407961600
201,1772004889075,3204,3204,3204,3204,3204,3204,3204,3204,30.000001907348633,28.571430206298828,20,20,33.333335876464844,20,9.523809432983398,5,5.564123630523682,8589934592,2147483648,5932711936,407961600
204,1772004889277,3204,3204,3204,3204,3204,3204,3204,3204,30.000001907348633,21.052631378173828,21.052631378173828,23.809524536132813,0,0,0,0,5.564123630523682,8589934592,2147483648,5931270144,407961600
209,1772004889482,3204,3204,3204,3204,3204,3204,3204,3204,38.095237731933594,40.90909194946289,33.333335876464844,35,10,25,5,4.761904716491699,5.564123630523682,8589934592,2147483648,5931237376,407961600
206,1772004889692,3204,3204,3204,3204,3204,3204,3204,3204,33.333335876464844,20,19.047618865966797,19.047618865966797,4.761904716491699,4.761904716491699,4.761904716491699,0,5.564123630523682,8589934592,2147483648,5931220992,407961600
209,1772004889899,3204,3204,3204,3204,3204,3204,3204,3204,35,38.095237731933594,33.333335876464844,25,0,0,0,0,5.666570663452148,8589934592,2147483648,5932548096,407961600
201,1772004890109,3204,3204,3204,3204,3204,3204,3204,3204,38.095237731933594,52.38095474243164,52.38095474243164,45.45454788208008,4.545454502105713,0,0,4.761904716491699,5.666570663452148,8589934592,2147483648,5938528256,407961600
200,1772004890311,3204,3204,3204,3204,3204,3204,3204,3204,40,31.57894515991211,25,25,0,9.090909004211426,0,0,5.666570663452148,8589934592,2147483648,5938577408,407961600
209,1772004890512,3204,3204,3204,3204,3204,3204,3204,3204,26.3157901763916,28.571430206298828,25,23.809524536132813,0,0,0,0,5.666570663452148,8589934592,2147483648,5938577408,407961600
209,1772004890723,3204,3204,3204,3204,3204,3204,3204,3204,30.434782028198242,25,23.809524536132813,10.526315689086914,4.761904716491699,4.761904716491699,4.761904716491699,4.545454502105713,5.666570663452148,8589934592,2147483648,5938692096,407961600
202,1772004890932,3204,3204,3204,3204,3204,3204,3204,3204,21.052631378173828,31.81818199157715,23.809524536132813,18.18181800842285,0,0,0,0,5.831079006195068,8589934592,2147483648,5938675712,407961600
199,1772004891135,3204,3204,3204,3204,3204,3204,3204,3204,38.095237731933594,35,35,30.000001907348633,33.333335876464844,14.285715103149414,5,0,5.831079006195068,8589934592,2147483648,5939609600,407961600
206,1772004891335,3204,3204,3204,3204,3204,3204,3204,3204,30.000001907348633,25,25,20,0,5.263157844543457,0,4.761904716491699,5.831079006195068,8589934592,2147483648,5939625984,407961600
209,1772004891542,3204,3204,3204,3204,3204,3204,3204,3204,25,20,20,15.000000953674316,0,0,0,0,5.831079006195068,8589934592,2147483648,5939527680,407961600
204,1772004891752,3204,3204,3204,3204,3204,3204,3204,3204,23.809524536132813,20,23.809524536132813,19.047618865966797,4.545454502105713,4.545454502105713,0,0,5.831079006195068,8589934592,2147483648,5939527680,407961600
200,1772004891958,3204,3204,3204,3204,3204,3204,3204,3204,28.571430206298828,27.272727966308594,25,20,5.263157844543457,5.263157844543457,5,4.761904716491699,5.4793701171875,8589934592,2147483648,5939527680,407961600
203,1772004892159,3204,3204,3204,3204,3204,3204,3204,3204,30.000001907348633,21.052631378173828,25,20,9.523809432983398,5,4.761904716491699,0,5.4793701171875,8589934592,2147483648,5940297728,407961600
207,1772004892362,3204,3204,3204,3204,3204,3204,3204,3204,25,28.571430206298828,15.000000953674316,19.047618865966797,4.761904716491699,4.761904716491699,0,0,5.4793701171875,8589934592,2147483648,5939789824,407961600
200,1772004892570,3204,3204,3204,3204,3204,3204,3204,3204,25,25,19.047618865966797,20,0,0,4.761904716491699,4.761904716491699,5.4793701171875,8589934592,2147483648,5939150848,407961600
206,1772004892771,3204,3204,3204,3204,3204,3204,3204,3204,28.571430206298828,25,25,23.809524536132813,5,9.523809432983398,0,0,5.4793701171875,8589934592,2147483648,5939216384,407961600
203,1772004892977,3204,3204,3204,3204,3204,3204,3204,3204,35,23.809524536132813,28.571430206298828,20,28.571430206298828,23.809524536132813,27.272727966308594,28.571430206298828,5.55377721786499,8589934592,2147483648,5939363840,407961600
209,1772004893181,3204,3204,3204,3204,3204,3204,3204,3204,31.57894515991211,33.333335876464844,25,25,23.809524536132813,5,5,4.761904716491699,5.55377721786499,8589934592,2147483648,5949734912,407961600
209,1772004893391,3204,3204,3204,3204,3204,3204,3204,3204,31.81818199157715,15.789472579956055,19.047618865966797,19.047618865966797,15.000000953674316,14.285715103149414,9.523809432983398,0,5.55377721786499,8589934592,2147483648,5939200000,407961600
209,1772004893601,3204,3204,3204,3204,3204,3204,3204,3204,28.571430206298828,23.809524536132813,23.809524536132813,18.18181800842285,4.761904716491699,0,0,0,5.55377721786499,8589934592,2147483648,5939200000,407961600
206,1772004893811,3204,3204,3204,3204,3204,3204,3204,3204,30.000001907348633,28.571430206298828,23.809524536132813,20,4.545454502105713,4.761904716491699,4.545454502105713,4.545454502105713,5.634464263916016,8589934592,2147483648,5939200000,407961600
206,1772004894018,3204,3204,3204,3204,3204,3204,3204,3204,28.571430206298828,28.571430206298828,25,23.809524536132813,0,0,0,4.761904716491699,5.634464263916016,8589934592,2147483648,5939200000,407961600
209,1772004894225,3204,3204,3204,3204,3204,3204,3204,3204,25,28.571430206298828,20,23.809524536132813,4.761904716491699,4.761904716491699,4.761904716491699,0,5.634464263916016,8589934592,2147483648,5939904512,407961600
209,1772004894435,3204,3204,3204,3204,3204,3204,3204,3204,27.272727966308594,28.571430206298828,26.086956024169922,15.000000953674316,9.523809432983398,23.809524536132813,4.761904716491699,0,5.634464263916016,8589934592,2147483648,5942427648,407961600
202,1772004894645,3204,3204,3204,3204,3204,3204,3204,3204,25,28.571430206298828,15.000000953674316,18.18181800842285,0,4.761904716491699,0,0,5.634464263916016,8589934592,2147483648,5939576832,407961600
207,1772004894849,3204,3204,3204,3204,3204,3204,3204,3204,25,30.000001907348633,30.000001907348633,25,5,4.761904716491699,0,4.761904716491699,5.997303485870361,8589934592,2147483648,5939593216,407961600
201,1772004895057,3204,3204,3204,3204,3204,3204,3204,3204,23.809524536132813,26.3157901763916,23.809524536132813,20,0,0,0,0,5.997303485870361,8589934592,2147483648,5931892736,407961600
207,1772004895258,3204,3204,3204,3204,3204,3204,3204,3204,26.3157901763916,36.3636360168457,25,23.809524536132813,4.761904716491699,0,0,0,5.997303485870361,8589934592,2147483648,5932023808,407961600
208,1772004895467,3204,3204,3204,3204,3204,3204,3204,3204,28.571430206298828,25,28.571430206298828,15.789472579956055,19.047618865966797,23.809524536132813,9.523809432983398,4.761904716491699,5.997303485870361,8589934592,2147483648,5930254336,407961600
206,1772004895676,3204,3204,3204,3204,3204,3204,3204,3204,22.72727394104004,20,20,18.18181800842285,0,0,0,0,5.997303485870361,8589934592,2147483648,5930303488,407961600
208,1772004895883,3204,3204,3204,3204,3204,3204,3204,3204,23.809524536132813,28.571430206298828,19.047618865966797,19.047618865966797,0,4.761904716491699,0,0,5.3448100090026855,8589934592,2147483648,5930270720,407961600
205,1772004896092,3204,3204,3204,3204,3204,3204,3204,3204,20,23.809524536132813,19.047618865966797,19.047618865966797,0,0,0,0,5.3448100090026855,8589934592,2147483648,5930483712,407961600
207,1772004896299,3204,3204,3204,3204,3204,3204,3204,3204,55,50,55,60.000003814697266,0,0,0,0,5.3448100090026855,8589934592,2147483648,5938266112,407961600
208,1772004896508,3204,3204,3204,3204,3204,3204,3204,3204,61.904762268066406,55,52.38095474243164,47.619049072265625,4.761904716491699,4.545454502105713,0,0,5.3448100090026855,8589934592,2147483648,5937758208,407961600
206,1772004896718,3204,3204,3204,3204,3204,3204,3204,3204,45.45454788208008,45,38.095237731933594,42.85714340209961,0,0,4.545454502105713,4.545454502105713,5.3448100090026855,8589934592,2147483648,5938462720,407961600
199,1772004896925,3204,3204,3204,3204,3204,3204,3204,3204,47.36842346191406,55,42.85714340209961,38.095237731933594,0,0,0,0,5.481956481933594,8589934592,2147483648,5941100544,407961600
203,1772004897126,3204,3204,3204,3204,3204,3204,3204,3204,71.42857360839844,71.42857360839844,70,75,5,5,4.761904716491699,0,5.481956481933594,8589934592,2147483648,5944934400,407961600
200,1772004897330,3204,3204,3204,3204,3204,3204,3204,3204,55,50,57.142860412597656,47.36842346191406,4.761904716491699,4.761904716491699,0,4.761904716491699,5.481956481933594,8589934592,2147483648,5945769984,407961600
206,1772004897531,3204,3204,3204,3204,3204,3204,3204,3204,50,47.619049072265625,50,52.38095474243164,23.809524536132813,15.789472579956055,5,0,5.481956481933594,8589934592,2147483648,5954912256,407961600
202,1772004897739,3204,3204,3204,3204,3204,3204,3204,3204,55,60.000003814697266,50,50,0,9.523809432983398,4.545454502105713,0,5.481956481933594,8589934592,2147483648,5944557568,407961600
205,1772004897942,3204,3204,3204,3204,3204,3204,3204,3204,47.619049072265625,47.619049072265625,55,38.095237731933594,9.523809432983398,10,0,5,5.760178089141846,8589934592,2147483648,5944868864,407961600
209,1772004898149,3204,3204,3204,3204,3204,3204,3204,3204,55,47.36842346191406,47.619049072265625,47.619049072265625,4.761904716491699,4.761904716491699,4.761904716491699,0,5.760178089141846,8589934592,2147483648,5945475072,407961600
207,1772004898359,3204,3204,3204,3204,3204,3204,3204,3204,42.85714340209961,47.619049072265625,47.619049072265625,42.105262756347656,0,4.761904716491699,4.545454502105713,0,5.760178089141846,8589934592,2147483648,5945835520,407961600
207,1772004898568,3204,3204,3204,3204,3204,3204,3204,3204,47.619049072265625,42.85714340209961,40,36.3636360168457,9.090909004211426,9.090909004211426,0,4.761904716491699,5.760178089141846,8589934592,2147483648,5946195968,407961600
206,1772004898775,3204,3204,3204,3204,3204,3204,3204,3204,33.333335876464844,36.3636360168457,28.571430206298828,25,15.000000953674316,10,9.523809432983398,4.761904716491699,5.760178089141846,8589934592,2147483648,5946195968,407961600
200,1772004898982,3204,3204,3204,3204,3204,3204,3204,3204,45,25,47.619049072265625,36.3636360168457,0,0,0,0,6.311936855316162,8589934592,2147483648,5946195968,407961600
208,1772004899183,3204,3204,3204,3204,3204,3204,3204,3204,25,26.3157901763916,31.57894515991211,20,5,4.761904716491699,0,9.090909004211426,6.311936855316162,8589934592,2147483648,5946195968,407961600
209,1772004899392,3204,3204,3204,3204,3204,3204,3204,3204,23.809524536132813,23.809524536132813,23.809524536132813,10.526315689086914,4.761904716491699,0,0,0,6.311936855316162,8589934592,2147483648,5948047360,407961600
209,1772004899602,3204,3204,3204,3204,3204,3204,3204,3204,33.333335876464844,33.333335876464844,33.333335876464844,33.333335876464844,23.809524536132813,31.81818199157715,14.285715103149414,14.285715103149414,6.311936855316162,8589934592,2147483648,5949292544,407961600
201,1772004899812,3204,3204,3204,3204,3204,3204,3204,3204,20,19.047618865966797,19.047618865966797,18.18181800842285,80,20,19.047618865966797,26.3157901763916,5.943897247314453,8589934592,2147483648,5946130432,407961600
199,1772004900014,3204,3204,3204,3204,3204,3204,3204,3204,25,33.333335876464844,25,23.809524536132813,76.19047546386719,28.571430206298828,0,0,5.943897247314453,8589934592,2147483648,5942083584,407961600
209,1772004900214,3204,3204,3204,3204,3204,3204,3204,3204,28.571430206298828,26.3157901763916,25,26.3157901763916,0,31.57894515991211,0,0,5.943897247314453,8589934592,2147483648,5961924608,407961600
209,1772004900424,3204,3204,3204,3204,3204,3204,3204,3204,30.000001907348633,25,19.047618865966797,20,0,100,0,0,5.943897247314453,8589934592,2147483648,5962039296,407961600
206,1772004900633,3204,3204,3204,3204,3204,3204,3204,3204,25,31.81818199157715,28.571430206298828,19.047618865966797,0,100,0,0,5.943897247314453,8589934592,2147483648,5963890688,407961600
201,1772004900840,3204,3204,3204,3204,3204,3204,3204,3204,33.333335876464844,26.3157901763916,25,28.571430206298828,15.000000953674316,20,0,4.545454502105713,6.80302619934082,8589934592,2147483648,5964382208,407961600
205,1772004901042,3204,3204,3204,3204,3204,3204,3204,3204,25,28.571430206298828,20,15.789472579956055,0,100,0,0,6.80302619934082,8589934592,2147483648,5963988992,407961600
202,1772004901248,3204,3204,3204,3204,3204,3204,3204,3204,33.333335876464844,28.571430206298828,30.000001907348633,22.72727394104004,0,100,0,0,6.80302619934082,8589934592,2147483648,5967937536,407961600
207,1772004901451,3204,3204,3204,3204,3204,3204,3204,3204,25,26.3157901763916,28.571430206298828,21.052631378173828,33.333335876464844,9.523809432983398,0,0,6.80302619934082,8589934592,2147483648,5965086720,407961600
206,1772004901659,3204,3204,3204,3204,3204,3204,3204,3204,28.571430206298828,28.571430206298828,23.809524536132813,19.047618865966797,42.85714340209961,61.904762268066406,0,4.761904716491699,6.80302619934082,8589934592,2147483648,5964922880,407961600
206,1772004901867,3204,3204,3204,3204,3204,3204,3204,3204,35,33.333335876464844,26.3157901763916,28.571430206298828,60.000003814697266,40,10,30.000001907348633,9.512527465820313,8589934592,2147483648,5951094784,407961600
209,1772004902074,3204,3204,3204,3204,3204,3204,3204,3204,23.809524536132813,25,22.72727394104004,15.000000953674316,15.000000953674316,4.761904716491699,0,28.571430206298828,9.512527465820313,8589934592,2147483648,5948555264,407961600
209,1772004902283,3204,3204,3204,3204,3204,3204,3204,3204,23.809524536132813,22.72727394104004,19.047618865966797,22.72727394104004,40.90909194946289,47.619049072265625,14.285715103149414,0,9.512527465820313,8589934592,2147483648,5946507264,407961600
200,1772004902493,3204,3204,3204,3204,3204,3204,3204,3204,20,15.000000953674316,15.000000953674316,19.047618865966797,14.285715103149414,14.285715103149414,77.2727279663086,0,9.512527465820313,8589934592,2147483648,5944950784,407961600
201,1772004902694,3204,3204,3204,3204,3204,3204,3204,3204,25,15.000000953674316,20,10.526315689086914,35,25,0,0,9.512527465820313,8589934592,2147483648,5945131008,407961600
209,1772004902896,3204,3204,3204,3204,3204,3204,3204,3204,25,25,20,15.000000953674316,25,60.000003814697266,0,15.000000953674316,10.185093879699707,8589934592,2147483648,5945131008,407961600
208,1772004903106,3204,3204,3204,3204,3204,3204,3204,3204,18.18181800842285,25,19.047618865966797,13.636363983154297,0,0,0,100,10.185093879699707,8589934592,2147483648,5945131008,407961600
201,1772004903315,3204,3204,3204,3204,3204,3204,3204,3204,30.000001907348633,22.72727394104004,23.809524536132813,10.526315689086914,0,0,0,54.54545593261719,10.185093879699707,8589934592,2147483648,5945131008,407961600
205,1772004903517,3204,3204,3204,3204,3204,3204,3204,3204,25,25,14.285715103149414,18.18181800842285,31.57894515991211,9.090909004211426,0,45,10.185093879699707,8589934592,2147483648,5941493760,407961600
209,1772004903724,3204,3204,3204,3204,3204,3204,3204,3204,20,19.047618865966797,20,10.526315689086914,81.81818389892578,25,0,0,10.185093879699707,8589934592,2147483648,5941133312,407961600
209,1772004903934,3204,3204,3204,3204,3204,3204,3204,3204,28.571430206298828,26.3157901763916,23.809524536132813,31.81818199157715,75,19.047618865966797,9.523809432983398,4.761904716491699,9.692840576171875,8589934592,2147483648,5941133312,407961600
203,1772004904144,3204,3204,3204,3204,3204,3204,3204,3204,23.809524536132813,18.18181800842285,20,15.000000953674316,33.333335876464844,0,0,70,9.692840576171875,8589934592,2147483648,5941133312,407961600
206,1772004904348,3204,3204,3204,3204,3204,3204,3204,3204,15.789472579956055,20,23.809524536132813,14.285715103149414,100,0,0,0,9.692840576171875,8589934592,2147483648,5941133312,407961600
209,1772004904555,3204,3204,3204,3204,3204,3204,3204,3204,27.272727966308594,20,25,20,19.047618865966797,42.85714340209961,0,0,9.692840576171875,8589934592,2147483648,5939789824,407961600
200,1772004904765,3204,3204,3204,3204,3204,3204,3204,3204,30.000001907348633,36.3636360168457,23.809524536132813,23.809524536132813,0,85.71428680419922,18.18181800842285,4.545454502105713,9.692840576171875,8589934592,2147483648,5940887552,407961600
207,1772004904965,3204,3204,3204,3204,3204,3204,3204,3204,30.000001907348633,25,25,20,0,30.000001907348633,73.68421173095703,0,10.453673362731934,8589934592,2147483648,5940117504,407961600
206,1772004905173,3204,3204,3204,3204,3204,3204,3204,3204,30.000001907348633,25,28.571430206298828,23.809524536132813,15.000000953674316,61.904762268066406,19.047618865966797,14.285715103149414,10.453673362731934,8589934592,2147483648,5939724288,407961600
209,1772004905380,3204,3204,3204,3204,3204,3204,3204,3204,27.272727966308594,19.047618865966797,15.789472579956055,15.000000953674316,4.761904716491699,85.71428680419922,0,15.000000953674316,10.453673362731934,8589934592,2147483648,5939593216,407961600
208,1772004905590,3204,3204,3204,3204,3204,3204,3204,3204,20,20,22.72727394104004,9.523809432983398,30.000001907348633,0,0,9.090909004211426,10.453673362731934,8589934592,2147483648,5944410112,407961600
209,1772004905799,3204,3204,3204,3204,3204,3204,3204,3204,28.571430206298828,23.809524536132813,19.047618865966797,14.285715103149414,59.09090805053711,0,0,0,10.615975379943848,8589934592,2147483648,5950930944,407961600
209,1772004906008,3204,3204,3204,3204,3204,3204,3204,3204,35,38.095237731933594,30.000001907348633,23.809524536132813,35,9.523809432983398,13.636363983154297,4.545454502105713,10.615975379943848,8589934592,2147483648,5936234496,407961600
206,1772004906219,3204,3204,3204,3204,3204,3204,3204,3204,31.81818199157715,25,23.809524536132813,28.571430206298828,54.54545593261719,4.761904716491699,4.761904716491699,0,10.615975379943848,8589934592,2147483648,5938495488,407961600
209,1772004906425,3204,3204,3204,3204,3204,3204,3204,3204,30.000001907348633,33.333335876464844,23.809524536132813,25,31.57894515991211,0,0,4.761904716491699,10.615975379943848,8589934592,2147483648,5938495488,407961600
206,1772004906635,3204,3204,3204,3204,3204,3204,3204,3204,20,23.809524536132813,20,19.047618865966797,57.142860412597656,9.090909004211426,0,0,10.615975379943848,8589934592,2147483648,5927223296,407961600
206,1772004906842,3204,3204,3204,3204,3204,3204,3204,3204,25,25,22.72727394104004,23.809524536132813,80.95238494873047,0,0,0,10.24168872833252,8589934592,2147483648,5906923520,407961600
208,1772004907049,3204,3204,3204,3204,3204,3204,3204,3204,30.000001907348633,35,25,25,10,0,4.761904716491699,0,10.24168872833252,8589934592,2147483648,5908807680,407961600
209,1772004907258,3204,3204,3204,3204,3204,3204,3204,3204,22.72727394104004,19.047618865966797,20,19.047618865966797,81.81818389892578,45,0,4.761904716491699,10.24168872833252,8589934592,2147483648,5921718272,407961600
205,1772004907468,3204,3204,3204,3204,3204,3204,3204,3204,33.333335876464844,31.81818199157715,28.571430206298828,19.047618865966797,65,14.285715103149414,0,0,10.24168872833252,8589934592,2147483648,5916131328,407961600
201,1772004907674,3204,3204,3204,3204,3204,3204,3204,3204,42.85714340209961,31.57894515991211,20,25,15.000000953674316,0,0,0,10.24168872833252,8589934592,2147483648,5932072960,407961600
202,1772004907875,3204,3204,3204,3204,3204,3204,3204,3204,31.57894515991211,33.333335876464844,28.571430206298828,19.047618865966797,35,4.761904716491699,0,0,9.511587142944336,8589934592,2147483648,5950767104,407961600
200,1772004908078,3204,3204,3204,3204,3204,3204,3204,3204,31.57894515991211,31.57894515991211,30.000001907348633,21.052631378173828,25,14.285715103149414,9.523809432983398,0,9.511587142944336,8589934592,2147483648,5951586304,407961600
207,1772004908279,3204,3204,3204,3204,3204,3204,3204,3204,38.095237731933594,30.000001907348633,26.3157901763916,28.571430206298828,55,21.052631378173828,10.526315689086914,0,9.511587142944336,8589934592,2147483648,5952716800,407961600
209,1772004908488,3204,3204,3204,3204,3204,3204,3204,3204,20,23.809524536132813,19.047618865966797,15.000000953674316,95.45454406738281,0,0,0,9.511587142944336,8589934592,2147483648,5956337664,407961600
209,1772004908698,3204,3204,3204,3204,3204,3204,3204,3204,33.333335876464844,35,35,28.571430206298828,21.052631378173828,0,4.761904716491699,4.545454502105713,9.511587142944336,8589934592,2147483648,5949423616,407961600
201,1772004908908,3204,3204,3204,3204,3204,3204,3204,3204,55,54.54545593261719,72.7272720336914,42.85714340209961,50,0,0,0,8.787039756774902,8589934592,2147483648,5941329920,407961600
206,1772004909111,3204,3204,3204,3204,3204,3204,3204,3204,47.619049072265625,40,50,40,10,4.761904716491699,10,0,8.787039756774902,8589934592,2147483648,5938757632,407961600
205,1772004909318,3204,3204,3204,3204,3204,3204,3204,3204,52.38095474243164,50,45,50,0,5,9.090909004211426,4.761904716491699,8.787039756774902,8589934592,2147483648,5937938432,407961600
209,1772004909523,3204,3204,3204,3204,3204,3204,3204,3204,35,33.333335876464844,31.81818199157715,23.809524536132813,23.809524536132813,9.090909004211426,0,0,8.787039756774902,8589934592,2147483648,5937184768,407961600
207,1772004909734,3204,3204,3204,3204,3204,3204,3204,3204,28.571430206298828,33.333335876464844,25,28.571430206298828,5,0,0,36.3636360168457,8.787039756774902,8589934592,2147483648,5936283648,407961600
206,1772004909942,3204,3204,3204,3204,3204,3204,3204,3204,30.000001907348633,33.333335876464844,28.571430206298828,23.809524536132813,13.636363983154297,4.761904716491699,4.761904716491699,5,8.904698371887207,8589934592,2147483648,5936381952,407961600
207,1772004910149,3204,3204,3204,3204,3204,3204,3204,3204,30.000001907348633,26.3157901763916,20,20,0,0,0,0,8.904698371887207,8589934592,2147483648,5936513024,407961600
208,1772004910357,3204,3204,3204,3204,3204,3204,3204,3204,28.571430206298828,28.571430206298828,38.095237731933594,19.047618865966797,15.000000953674316,18.18181800842285,5,9.523809432983398,8.904698371887207,8589934592,2147483648,5936513024,407961600
209,1772004910566,3204,3204,3204,3204,3204,3204,3204,3204,31.81818199157715,23.809524536132813,30.000001907348633,19.047618865966797,9.523809432983398,9.523809432983398,4.761904716491699,0,8.904698371887207,8589934592,2147483648,5936513024,407961600
206,1772004910775,3204,3204,3204,3204,3204,3204,3204,3204,20,28.571430206298828,23.809524536132813,19.047618865966797,0,0,0,0,8.904698371887207,8589934592,2147483648,5937758208,407961600
201,1772004910982,3204,3204,3204,3204,3204,3204,3204,3204,25,20,19.047618865966797,19.047618865966797,0,5,0,0,6.588335990905762,8589934592,2147483648,5936660480,407961600
207,1772004911184,3204,3204,3204,3204,3204,3204,3204,3204,38.095237731933594,25,20,25,4.761904716491699,0,0,4.761904716491699,6.588335990905762,8589934592,2147483648,5936644096,407961600
201,1772004911392,3204,3204,3204,3204,3204,3204,3204,3204,25,28.571430206298828,23.809524536132813,10.526315689086914,4.761904716491699,4.545454502105713,0,0,6.588335990905762,8589934592,2147483648,5938446336,407961600
209,1772004911594,3204,3204,3204,3204,3204,3204,3204,3204,30.000001907348633,28.571430206298828,26.3157901763916,23.809524536132813,0,0,4.761904716491699,0,6.588335990905762,8589934592,2147483648,5937954816,407961600
209,1772004911803,3204,3204,3204,3204,3204,3204,3204,3204,33.333335876464844,21.052631378173828,22.72727394104004,18.18181800842285,0,0,0,0,5.605973243713379,8589934592,2147483648,5938069504,407961600
209,1772004912013,3204,3204,3204,3204,3204,3204,3204,3204,28.571430206298828,33.333335876464844,28.571430206298828,20,4.761904716491699,4.761904716491699,0,0,5.605973243713379,8589934592,2147483648,5938561024,407961600
209,1772004912223,3204,3204,3204,3204,3204,3204,3204,3204,28.571430206298828,22.72727394104004,19.047618865966797,14.285715103149414,0,0,0,0,5.605973243713379,8589934592,2147483648,5936611328,407961600
209,1772004912433,3204,3204,3204,3204,3204,3204,3204,3204,38.095237731933594,28.571430206298828,30.000001907348633,28.571430206298828,9.523809432983398,0,0,9.523809432983398,5.605973243713379,8589934592,2147483648,5946441728,407961600
204,1772004912643,3204,3204,3204,3204,3204,3204,3204,3204,25,30.000001907348633,23.809524536132813,14.285715103149414,19.047618865966797,22.72727394104004,8.69565200805664,0,5.605973243713379,8589934592,2147483648,5936627712,407961600
205,1772004912849,3204,3204,3204,3204,3204,3204,3204,3204,27.272727966308594,25,20,15.789472579956055,0,0,0,0,5.159872055053711,8589934592,2147483648,5936693248,407961600
201,1772004913054,3204,3204,3204,3204,3204,3204,3204,3204,20,25,19.047618865966797,18.18181800842285,5,5,0,0,5.159872055053711,8589934592,2147483648,5935235072,407961600
208,1772004913256,3204,3204,3204,3204,3204,3204,3204,3204,25,28.571430206298828,21.052631378173828,15.000000953674316,0,0,0,0,5.159872055053711,8589934592,2147483648,5935185920,407961600
209,1772004913465,3204,3204,3204,3204,3204,3204,3204,3204,25,28.571430206298828,19.047618865966797,15.000000953674316,0,0,0,0,5.159872055053711,8589934592,2147483648,5935185920,407961600
209,1772004913675,3204,3204,3204,3204,3204,3204,3204,3204,27.272727966308594,20,27.272727966308594,19.047618865966797,0,0,4.761904716491699,0,5.159872055053711,8589934592,2147483648,5935185920,407961600
204,1772004913885,3204,3204,3204,3204,3204,3204,3204,3204,25,27.272727966308594,23.809524536132813,19.047618865966797,4.545454502105713,4.545454502105713,0,0,5.3381547927856445,8589934592,2147483648,5936431104,407961600
199,1772004914091,3204,3204,3204,3204,3204,3204,3204,3204,25,15.000000953674316,20,18.18181800842285,0,0,0,0,5.3381547927856445,8589934592,2147483648,5936414720,407961600
207,1772004914291,3204,3204,3204,3204,3204,3204,3204,3204,30.000001907348633,25,20,11.111111640930176,4.761904716491699,0,0,4.761904716491699,5.3381547927856445,8589934592,2147483648,5936332800,407961600
209,1772004914499,3204,3204,3204,3204,3204,3204,3204,3204,28.571430206298828,20,20,22.72727394104004,5,23.809524536132813,0,0,5.3381547927856445,8589934592,2147483648,5936332800,407961600
209,1772004914709,3204,3204,3204,3204,3204,3204,3204,3204,25,33.333335876464844,23.809524536132813,19.047618865966797,36.3636360168457,10,4.545454502105713,0,5.3381547927856445,8589934592,2147483648,5936332800,407961600
209,1772004914919,3204,3204,3204,3204,3204,3204,3204,3204,31.81818199157715,27.272727966308594,19.047618865966797,19.047618865966797,0,0,0,0,5.050990104675293,8589934592,2147483648,5935808512,407961600
204,1772004915129,3204,3204,3204,3204,3204,3204,3204,3204,26.3157901763916,25,27.272727966308594,15.000000953674316,0,4.761904716491699,0,0,5.050990104675293,8589934592,2147483648,5935480832,407961600
203,1772004915335,3204,3204,3204,3204,3204,3204,3204,3204,31.81818199157715,25,21.052631378173828,19.047618865966797,0,0,0,0,5.050990104675293,8589934592,2147483648,5935955968,407961600
209,1772004915539,3204,3204,3204,3204,3204,3204,3204,3204,35,33.333335876464844,35,21.052631378173828,5,9.523809432983398,4.761904716491699,4.761904716491699,5.050990104675293,8589934592,2147483648,5935955968,407961600
201,1772004915748,3204,3204,3204,3204,3204,3204,3204,3204,20,23.809524536132813,18.18181800842285,14.285715103149414,4.761904716491699,4.761904716491699,0,0,5.050990104675293,8589934592,2147483648,5935955968,407961600
207,1772004915951,3204,3204,3204,3204,3204,3204,3204,3204,23.809524536132813,21.052631378173828,20,19.047618865966797,0,0,0,0,5.366940498352051,8589934592,2147483648,5936087040,407961600
209,1772004916159,3204,3204,3204,3204,3204,3204,3204,3204,20,20,20,23.809524536132813,0,0,0,0,5.366940498352051,8589934592,2147483648,5936742400,407961600
206,1772004916369,3204,3204,3204,3204,3204,3204,3204,3204,28.571430206298828,26.086956024169922,19.047618865966797,19.047618865966797,0,0,0,0,5.366940498352051,8589934592,2147483648,5936037888,407961600
204,1772004916575,3204,3204,3204,3204,3204,3204,3204,3204,23.809524536132813,21.052631378173828,23.809524536132813,15.000000953674316,0,0,0,0,5.366940498352051,8589934592,2147483648,5936037888,407961600
206,1772004916780,3204,3204,3204,3204,3204,3204,3204,3204,31.57894515991211,33.333335876464844,25,25,23.809524536132813,14.285715103149414,10,0,5.366940498352051,8589934592,2147483648,5931466752,407961600
204,1772004916987,3204,3204,3204,3204,3204,3204,3204,3204,27.272727966308594,28.571430206298828,20,19.047618865966797,9.523809432983398,5,0,0,5.583498001098633,8589934592,2147483648,5931597824,407961600
208,1772004917192,3204,3204,3204,3204,3204,3204,3204,3204,26.3157901763916,20,23.809524536132813,10,0,0,0,0,5.583498001098633,8589934592,2147483648,5931614208,407961600
207,1772004917401,3204,3204,3204,3204,3204,3204,3204,3204,28.571430206298828,20,23.809524536132813,19.047618865966797,0,4.545454502105713,0,0,5.583498001098633,8589934592,2147483648,5931614208,407961600
201,1772004917609,3204,3204,3204,3204,3204,3204,3204,3204,28.571430206298828,22.72727394104004,20,14.285715103149414,0,0,0,0,5.583498001098633,8589934592,2147483648,5931286528,407961600
200,1772004917810,3204,3204,3204,3204,3204,3204,3204,3204,25,15.789472579956055,23.809524536132813,10.526315689086914,0,0,4.761904716491699,5,5.321292400360107,8589934592,2147483648,5931270144,407961600
207,1772004918011,3204,3204,3204,3204,3204,3204,3204,3204,35,30.000001907348633,30.000001907348633,23.809524536132813,27.272727966308594,20,15.000000953674316,15.000000953674316,5.321292400360107,8589934592,2147483648,5931319296,407961600
205,1772004918219,3204,3204,3204,3204,3204,3204,3204,3204,20,14.285715103149414,14.285715103149414,10,0,4.545454502105713,0,0,5.321292400360107,8589934592,2147483648,5930795008,407961600
200,1772004918425,3204,3204,3204,3204,3204,3204,3204,3204,28.571430206298828,20,15.789472579956055,14.285715103149414,0,4.761904716491699,4.761904716491699,0,5.321292400360107,8589934592,2147483648,5930811392,407961600
202,1772004918626,3204,3204,3204,3204,3204,3204,3204,3204,30.000001907348633,30.000001907348633,28.571430206298828,25,4.761904716491699,0,4.761904716491699,4.761904716491699,5.321292400360107,8589934592,2147483648,5931581440,407961600
209,1772004918828,3204,3204,3204,3204,3204,3204,3204,3204,30.000001907348633,28.571430206298828,26.3157901763916,20,15.000000953674316,5,5,4.761904716491699,5.165056228637695,8589934592,2147483648,5941985280,407961600
208,1772004919039,3204,3204,3204,3204,3204,3204,3204,3204,23.809524536132813,23.809524536132813,19.047618865966797,23.809524536132813,19.047618865966797,14.285715103149414,0,0,5.165056228637695,8589934592,2147483648,5931778048,407961600
209,1772004919248,3204,3204,3204,3204,3204,3204,3204,3204,28.571430206298828,25,23.809524536132813,10,0,4.761904716491699,0,4.545454502105713,5.165056228637695,8589934592,2147483648,5931827200,407961600
209,1772004919458,3204,3204,3204,3204,3204,3204,3204,3204,20,23.809524536132813,18.18181800842285,23.809524536132813,9.090909004211426,19.047618865966797,0,0,5.165056228637695,8589934592,2147483648,5931827200,407961600
203,1772004919668,3204,3204,3204,3204,3204,3204,3204,3204,31.81818199157715,30.000001907348633,25,27.272727966308594,4.761904716491699,9.523809432983398,4.761904716491699,0,5.165056228637695,8589934592,2147483648,5931827200,407961600
208,1772004919872,3204,3204,3204,3204,3204,3204,3204,3204,30.000001907348633,28.571430206298828,28.571430206298828,23.809524536132813,0,4.761904716491699,0,0,5.400459289550781,8589934592,2147483648,5931827200,407961600
209,1772004920080,3204,3204,3204,3204,3204,3204,3204,3204,30.000001907348633,28.571430206298828,28.571430206298828,25,0,0,0,0,5.400459289550781,8589934592,2147483648,5933088768,407961600
208,1772004920290,3204,3204,3204,3204,3204,3204,3204,3204,28.571430206298828,25,15.000000953674316,10,0,0,0,0,5.400459289550781,8589934592,2147483648,5933039616,407961600
207,1772004920499,3204,3204,3204,3204,3204,3204,3204,3204,28.571430206298828,23.809524536132813,23.809524536132813,19.047618865966797,9.090909004211426,4.545454502105713,4.761904716491699,4.545454502105713,5.400459289550781,8589934592,2147483648,5933744128,407961600
201,1772004920707,3204,3204,3204,3204,3204,3204,3204,3204,28.571430206298828,23.809524536132813,28.571430206298828,19.047618865966797,0,0,0,0,5.400459289550781,8589934592,2147483648,5933301760,407961600
209,1772004920909,3204,3204,3204,3204,3204,3204,3204,3204,21.052631378173828,20,21.052631378173828,20,0,0,0,0,5.753909587860107,8589934592,2147483648,5933350912,407961600
208,1772004921119,3204,3204,3204,3204,3204,3204,3204,3204,36.3636360168457,30.000001907348633,36.3636360168457,23.809524536132813,40,14.285715103149414,4.761904716491699,4.761904716491699,5.753909587860107,8589934592,2147483648,5934448640,407961600
204,1772004921328,3204,3204,3204,3204,3204,3204,3204,3204,20,27.272727966308594,20,14.285715103149414,0,0,0,0,5.753909587860107,8589934592,2147483648,5934448640,407961600
209,1772004921532,3204,3204,3204,3204,3204,3204,3204,3204,30.000001907348633,26.3157901763916,20,25,4.761904716491699,4.761904716491699,0,0,5.753909587860107,8589934592,2147483648,5934465024,407961600
206,1772004921742,3204,3204,3204,3204,3204,3204,3204,3204,28.571430206298828,28.571430206298828,19.047618865966797,14.285715103149414,4.761904716491699,0,0,0,5.753909587860107,8589934592,2147483648,5936087040,407961600
207,1772004921949,3204,3204,3204,3204,3204,3204,3204,3204,23.809524536132813,22.72727394104004,19.047618865966797,19.047618865966797,0,0,0,0,5.334810733795166,8589934592,2147483648,5935464448,407961600
199,1772004922157,3204,3204,3204,3204,3204,3204,3204,3204,28.571430206298828,25,15.000000953674316,14.285715103149414,0,4.761904716491699,4.545454502105713,0,5.334810733795166,8589934592,2147483648,5935398912,407961600
207,1772004922357,3204,3204,3204,3204,3204,3204,3204,3204,30.000001907348633,21.052631378173828,23.809524536132813,10.526315689086914,0,0,0,0,5.334810733795166,8589934592,2147483648,5935333376,407961600
207,1772004922566,3204,3204,3204,3204,3204,3204,3204,3204,26.3157901763916,22.72727394104004,15.000000953674316,19.047618865966797,4.545454502105713,4.761904716491699,0,0,5.334810733795166,8589934592,2147483648,5935333376,407961600
209,1772004922773,3204,3204,3204,3204,3204,3204,3204,3204,31.81818199157715,20,23.809524536132813,23.809524536132813,0,4.545454502105713,4.761904716491699,4.761904716491699,5.334810733795166,8589934592,2147483648,5935333376,407961600
209,1772004922984,3204,3204,3204,3204,3204,3204,3204,3204,23.809524536132813,23.809524536132813,19.047618865966797,9.523809432983398,10,5,4.761904716491699,4.761904716491699,5.495982646942139,8589934592,2147483648,5935333376,407961600
203,1772004923193,3204,3204,3204,3204,3204,3204,3204,3204,35,28.571430206298828,28.571430206298828,23.809524536132813,19.047618865966797,5,5,0,5.495982646942139,8589934592,2147483648,5945638912,407961600
209,1772004923398,3204,3204,3204,3204,3204,3204,3204,3204,28.571430206298828,25,20,10.526315689086914,10,10,0,0,5.495982646942139,8589934592,2147483648,5935415296,407961600
200,1772004923608,3204,3204,3204,3204,3204,3204,3204,3204,28.571430206298828,23.809524536132813,19.047618865966797,22.72727394104004,8.69565200805664,4.545454502105713,0,0,5.495982646942139,8589934592,2147483648,5935415296,407961600
209,1772004923809,3204,3204,3204,3204,3204,3204,3204,3204,30.000001907348633,25,20,19.047618865966797,5,0,4.761904716491699,0,5.037806034088135,8589934592,2147483648,5935235072,407961600
207,1772004924019,3204,3204,3204,3204,3204,3204,3204,3204,38.095237731933594,33.333335876464844,20,15.789472579956055,0,0,0,4.545454502105713,5.037806034088135,8589934592,2147483648,5935251456,407961600
206,1772004924227,3204,3204,3204,3204,3204,3204,3204,3204,20,19.047618865966797,22.72727394104004,19.047618865966797,0,4.761904716491699,4.761904716491699,0,5.037806034088135,8589934592,2147483648,5935071232,407961600
209,1772004924434,3204,3204,3204,3204,3204,3204,3204,3204,23.809524536132813,25,25,22.72727394104004,5,9.090909004211426,0,0,5.037806034088135,8589934592,2147483648,5934825472,407961600
199,1772004924644,3204,3204,3204,3204,3204,3204,3204,3204,25,20,18.18181800842285,15.000000953674316,22.72727394104004,0,0,0,5.037806034088135,8589934592,2147483648,5934759936,407961600
204,1772004924844,3204,3204,3204,3204,3204,3204,3204,3204,40,38.095237731933594,22.22222328186035,25,0,4.761904716491699,4.761904716491699,4.761904716491699,5.402609348297119,8589934592,2147483648,5936054272,407961600
207,1772004925049,3204,3204,3204,3204,3204,3204,3204,3204,42.85714340209961,40,38.095237731933594,35,28.571430206298828,25,25,20,5.402609348297119,8589934592,2147483648,5936562176,407961600
209,1772004925257,3204,3204,3204,3204,3204,3204,3204,3204,25,28.571430206298828,19.047618865966797,20,14.285715103149414,5,0,0,5.402609348297119,8589934592,2147483648,5945982976,407961600
208,1772004925467,3204,3204,3204,3204,3204,3204,3204,3204,38.095237731933594,20,25,22.72727394104004,23.809524536132813,18.18181800842285,9.090909004211426,4.545454502105713,5.402609348297119,8589934592,2147483648,5927862272,407961600
209,1772004925675,3204,3204,3204,3204,3204,3204,3204,3204,25,23.809524536132813,23.809524536132813,20,0,0,0,0,5.402609348297119,8589934592,2147483648,5927895040,407961600
208,1772004925885,3204,3204,3204,3204,3204,3204,3204,3204,36.3636360168457,28.571430206298828,23.809524536132813,22.72727394104004,4.761904716491699,4.761904716491699,4.545454502105713,0,5.357998371124268,8589934592,2147483648,5929271296,407961600
203,1772004926094,3204,3204,3204,3204,3204,3204,3204,3204,20,23.809524536132813,23.809524536132813,19.047618865966797,4.761904716491699,4.761904716491699,4.761904716491699,4.761904716491699,5.357998371124268,8589934592,2147483648,5929205760,407961600
202,1772004926298,3204,3204,3204,3204,3204,3204,3204,3204,23.809524536132813,28.571430206298828,23.809524536132813,23.809524536132813,0,4.761904716491699,0,4.545454502105713,5.357998371124268,8589934592,2147483648,5929222144,407961600
204,1772004926502,3204,3204,3204,3204,3204,3204,3204,3204,21.052631378173828,26.3157901763916,20,11.111111640930176,0,0,0,0,5.357998371124268,8589934592,2147483648,5929238528,407961600
208,1772004926707,3204,3204,3204,3204,3204,3204,3204,3204,31.81818199157715,28.571430206298828,25,22.72727394104004,4.761904716491699,0,4.761904716491699,4.761904716491699,5.357998371124268,8589934592,2147483648,5928091648,407961600
206,1772004926916,3204,3204,3204,3204,3204,3204,3204,3204,20,23.809524536132813,19.047618865966797,19.047618865966797,0,4.545454502105713,0,0,6.229890823364258,8589934592,2147483648,5929631744,407961600
206,1772004927123,3204,3204,3204,3204,3204,3204,3204,3204,30.000001907348633,21.052631378173828,23.809524536132813,15.000000953674316,0,0,0,0,6.229890823364258,8589934592,2147483648,5929156608,407961600
205,1772004927329,3204,3204,3204,3204,3204,3204,3204,3204,28.571430206298828,23.809524536132813,25,20,0,0,0,0,6.229890823364258,8589934592,2147483648,5928534016,407961600
203,1772004927535,3204,3204,3204,3204,3204,3204,3204,3204,35,30.000001907348633,23.809524536132813,19.047618865966797,23.809524536132813,23.809524536132813,9.090909004211426,15.000000953674316,6.229890823364258,8589934592,2147483648,5928353792,407961600
209,1772004927739,3204,3204,3204,3204,3204,3204,3204,3204,23.809524536132813,31.81818199157715,21.052631378173828,15.000000953674316,4.761904716491699,5,4.761904716491699,0,6.229890823364258,8589934592,2147483648,5928353792,407961600
201,1772004927949,3204,3204,3204,3204,3204,3204,3204,3204,28.571430206298828,25,23.809524536132813,22.72727394104004,0,4.761904716491699,0,0,5.258505344390869,8589934592,2147483648,5928370176,407961600
206,1772004928152,3204,3204,3204,3204,3204,3204,3204,3204,25,30.000001907348633,23.809524536132813,11.111111640930176,9.523809432983398,5,0,4.761904716491699,5.258505344390869,8589934592,2147483648,5928386560,407961600
207,1772004928359,3204,3204,3204,3204,3204,3204,3204,3204,25,23.809524536132813,20,18.18181800842285,0,0,0,0,5.258505344390869,8589934592,2147483648,5928419328,407961600
207,1772004928567,3204,3204,3204,3204,3204,3204,3204,3204,30.000001907348633,28.571430206298828,23.809524536132813,23.809524536132813,4.761904716491699,0,4.761904716491699,0,5.258505344390869,8589934592,2147483648,5928665088,407961600
205,1772004928775,3204,3204,3204,3204,3204,3204,3204,3204,33.333335876464844,21.052631378173828,23.809524536132813,19.047618865966797,0,4.761904716491699,0,0,5.258505344390869,8589934592,2147483648,5928288256,407961600
208,1772004928981,3204,3204,3204,3204,3204,3204,3204,3204,28.571430206298828,23.809524536132813,23.809524536132813,19.047618865966797,9.090909004211426,4.761904716491699,0,4.761904716491699,5.361168384552002,8589934592,2147483648,5928206336,407961600
208,1772004929190,3204,3204,3204,3204,3204,3204,3204,3204,28.571430206298828,27.272727966308594,20,10.526315689086914,0,0,0,0,5.361168384552002,8589934592,2147483648,5927911424,407961600
207,1772004929399,3204,3204,3204,3204,3204,3204,3204,3204,33.333335876464844,25,23.809524536132813,19.047618865966797,4.761904716491699,4.761904716491699,4.761904716491699,4.761904716491699,5.361168384552002,8589934592,2147483648,5928124416,407961600
209,1772004929607,3204,3204,3204,3204,3204,3204,3204,3204,35,30.000001907348633,33.333335876464844,28.571430206298828,25,25,4.761904716491699,5,5.361168384552002,8589934592,2147483648,5938036736,407961600
206,1772004929817,3204,3204,3204,3204,3204,3204,3204,3204,27.272727966308594,28.571430206298828,23.809524536132813,19.047618865966797,13.636363983154297,9.523809432983398,0,0,5.13296365737915,8589934592,2147483648,5927911424,407961600
201,1772004930024,3204,3204,3204,3204,3204,3204,3204,3204,30.000001907348633,36.3636360168457,25,23.809524536132813,0,4.545454502105713,0,4.761904716491699,5.13296365737915,8589934592,2147483648,5927780352,407961600
209,1772004930226,3204,3204,3204,3204,3204,3204,3204,3204,30.000001907348633,25,23.809524536132813,15.000000953674316,0,0,0,0,5.13296365737915,8589934592,2147483648,5927780352,407961600
203,1772004930436,3204,3204,3204,3204,3204,3204,3204,3204,25,23.809524536132813,20,23.809524536132813,4.545454502105713,0,4.545454502105713,0,5.13296365737915,8589934592,2147483648,5928419328,407961600
207,1772004930641,3204,3204,3204,3204,3204,3204,3204,3204,36.3636360168457,25,19.047618865966797,20,5,5,0,4.761904716491699,5.13296365737915,8589934592,2147483648,5930008576,407961600
209,1772004930849,3204,3204,3204,3204,3204,3204,3204,3204,26.3157901763916,30.000001907348633,25,23.809524536132813,0,0,4.545454502105713,0,5.529397010803223,8589934592,2147483648,5930074112,407961600
202,1772004931059,3204,3204,3204,3204,3204,3204,3204,3204,23.809524536132813,28.571430206298828,27.272727966308594,14.285715103149414,0,0,0,0,5.529397010803223,8589934592,2147483648,5930074112,407961600
206,1772004931262,3204,3204,3204,3204,3204,3204,3204,3204,33.333335876464844,30.000001907348633,20,25,4.761904716491699,4.761904716491699,0,0,5.529397010803223,8589934592,2147483648,5930074112,407961600
204,1772004931469,3204,3204,3204,3204,3204,3204,3204,3204,35,35,30.000001907348633,23.809524536132813,4.761904716491699,0,0,0,5.529397010803223,8589934592,2147483648,5932646400,407961600
209,1772004931673,3204,3204,3204,3204,3204,3204,3204,3204,42.85714340209961,33.333335876464844,26.3157901763916,30.000001907348633,10.526315689086914,9.523809432983398,5,4.761904716491699,5.529397010803223,8589934592,2147483648,5942788096,407961600
209,1772004931883,3204,3204,3204,3204,3204,3204,3204,3204,35,23.809524536132813,31.81818199157715,23.809524536132813,21.7391300201416,19.047618865966797,0,0,5.402589321136475,8589934592,2147483648,5928861696,407961600
203,1772004932094,3204,3204,3204,3204,3204,3204,3204,3204,23.809524536132813,31.81818199157715,19.047618865966797,19.047618865966797,0,0,0,0,5.402589321136475,8589934592,2147483648,5928894464,407961600
201,1772004932297,3204,3204,3204,3204,3204,3204,3204,3204,25,21.052631378173828,20,15.000000953674316,0,5,9.090909004211426,0,5.402589321136475,8589934592,2147483648,5928435712,407961600
208,1772004932500,3204,3204,3204,3204,3204,3204,3204,3204,30.000001907348633,25,28.571430206298828,20,4.761904716491699,0,0,4.761904716491699,5.402589321136475,8589934592,2147483648,5928828928,407961600
206,1772004932709,3204,3204,3204,3204,3204,3204,3204,3204,28.571430206298828,27.272727966308594,20,19.047618865966797,0,0,0,0,5.402589321136475,8589934592,2147483648,5908824064,407961600
200,1772004932916,3204,3204,3204,3204,3204,3204,3204,3204,35,31.57894515991211,28.571430206298828,28.571430206298828,0,4.761904716491699,0,0,5.885684967041016,8589934592,2147483648,5908643840,407961600
208,1772004933116,3204,3204,3204,3204,3204,3204,3204,3204,23.809524536132813,25,20,15.789472579956055,10,5,5,0,5.885684967041016,8589934592,2147483648,5908692992,407961600
208,1772004933326,3204,3204,3204,3204,3204,3204,3204,3204,25,23.809524536132813,19.047618865966797,18.18181800842285,4.761904716491699,0,0,4.545454502105713,5.885684967041016,8589934592,2147483648,5910331392,407961600
204,1772004933535,3204,3204,3204,3204,3204,3204,3204,3204,52.38095474243164,57.142860412597656,45,40,0,4.545454502105713,4.545454502105713,0,5.885684967041016,8589934592,2147483648,5914935296,407961600
202,1772004933740,3204,3204,3204,3204,3204,3204,3204,3204,55,66.66667175292969,61.904762268066406,52.38095474243164,4.761904716491699,5,5,4.761904716491699,5.885684967041016,8589934592,2147483648,5921161216,407961600
203,1772004933943,3204,3204,3204,3204,3204,3204,3204,3204,57.142860412597656,42.105262756347656,40,45,45,23.809524536132813,15.000000953674316,5,5.518979549407959,8589934592,2147483648,5924585472,407961600
202,1772004934147,3204,3204,3204,3204,3204,3204,3204,3204,60.000003814697266,47.619049072265625,40,40,4.761904716491699,5,0,0,5.518979549407959,8589934592,2147483648,5933629440,407961600
206,1772004934350,3204,3204,3204,3204,3204,3204,3204,3204,63.15789031982422,65,57.142860412597656,61.904762268066406,5,5,5,5,5.518979549407959,8589934592,2147483648,5933629440,407961600
209,1772004934557,3204,3204,3204,3204,3204,3204,3204,3204,59.09090805053711,52.38095474243164,60.000003814697266,45,5,23.809524536132813,0,0,5.518979549407959,8589934592,2147483648,5939462144,407961600
203,1772004934768,3204,3204,3204,3204,3204,3204,3204,3204,47.619049072265625,47.619049072265625,47.619049072265625,38.095237731933594,4.545454502105713,0,0,0,5.518979549407959,8589934592,2147483648,5939806208,407961600
199,1772004934972,3204,3204,3204,3204,3204,3204,3204,3204,50,45,45,45,0,0,4.761904716491699,0,5.682025909423828,8589934592,2147483648,5939838976,407961600
208,1772004935173,3204,3204,3204,3204,3204,3204,3204,3204,60.000003814697266,50,45,42.85714340209961,0,0,0,0,5.682025909423828,8589934592,2147483648,5940346880,407961600
208,1772004935383,3204,3204,3204,3204,3204,3204,3204,3204,55,57.142860412597656,52.38095474243164,47.619049072265625,4.761904716491699,9.090909004211426,0,4.761904716491699,5.682025909423828,8589934592,2147483648,5940740096,407961600
202,1772004935593,3204,3204,3204,3204,3204,3204,3204,3204,42.85714340209961,38.095237731933594,45.45454788208008,35,0,0,0,0,5.682025909423828,8589934592,2147483648,5941166080,407961600
209,1772004935797,3204,3204,3204,3204,3204,3204,3204,3204,47.619049072265625,45,47.36842346191406,42.85714340209961,4.761904716491699,0,4.761904716491699,0,6.463440418243408,8589934592,2147483648,5941428224,407961600
201,1772004936007,3204,3204,3204,3204,3204,3204,3204,3204,61.904762268066406,57.142860412597656,55,61.904762268066406,14.285715103149414,9.523809432983398,0,18.18181800842285,6.463440418243408,8589934592,2147483648,5941428224,407961600
205,1772004936209,3204,3204,3204,3204,3204,3204,3204,3204,50,50,47.619049072265625,45,20,10,0,0,6.463440418243408,8589934592,2147483648,5941428224,407961600
206,1772004936416,3204,3204,3204,3204,3204,3204,3204,3204,47.619049072265625,47.619049072265625,47.619049072265625,40,0,0,4.761904716491699,4.761904716491699,6.463440418243408,8589934592,2147483648,5941428224,407961600
203,1772004936623,3204,3204,3204,3204,3204,3204,3204,3204,45,45,40,47.619049072265625,0,4.545454502105713,0,0,6.463440418243408,8589934592,2147483648,5942837248,407961600
208,1772004936828,3204,3204,3204,3204,3204,3204,3204,3204,55,45,47.619049072265625,40,4.761904716491699,0,0,0,5.687472343444824,8589934592,2147483648,5944492032,407961600
200,1772004937038,3204,3204,3204,3204,3204,3204,3204,3204,61.904762268066406,68.18181610107422,52.38095474243164,65,0,4.761904716491699,4.761904716491699,0,5.687472343444824,8589934592,2147483648,5943394304,407961600
208,1772004937240,3204,3204,3204,3204,3204,3204,3204,3204,50,45,40,40.90909194946289,0,0,0,0,5.687472343444824,8589934592,2147483648,5943115776,407961600
201,1772004937449,3204,3204,3204,3204,3204,3204,3204,3204,50,47.619049072265625,42.85714340209961,45,9.090909004211426,4.761904716491699,4.761904716491699,4.761904716491699,5.687472343444824,8589934592,2147483648,5943115776,407961600
209,1772004937651,3204,3204,3204,3204,3204,3204,3204,3204,25,30.000001907348633,20,15.000000953674316,5,5,4.761904716491699,4.761904716491699,5.687472343444824,8589934592,2147483648,5942034432,407961600
203,1772004937861,3204,3204,3204,3204,3204,3204,3204,3204,45,33.333335876464844,28.571430206298828,38.095237731933594,0,4.761904716491699,0,0,6.013745307922363,8589934592,2147483648,5942165504,407961600
209,1772004938065,3204,3204,3204,3204,3204,3204,3204,3204,30.000001907348633,26.3157901763916,35,40,9.523809432983398,5,4.761904716491699,5,6.013745307922363,8589934592,2147483648,5941968896,407961600
199,1772004938275,3204,3204,3204,3204,3204,3204,3204,3204,33.333335876464844,31.81818199157715,23.809524536132813,28.571430206298828,30.000001907348633,23.809524536132813,5,4.761904716491699,6.013745307922363,8589934592,2147483648,5941886976,407961600
207,1772004938476,3204,3204,3204,3204,3204,3204,3204,3204,30.000001907348633,36.842105865478516,26.3157901763916,28.571430206298828,0,0,0,4.761904716491699,6.013745307922363,8589934592,2147483648,5942067200,407961600
209,1772004938684,3204,3204,3204,3204,3204,3204,3204,3204,33.333335876464844,27.272727966308594,33.333335876464844,20,52.38095474243164,31.81818199157715,52.38095474243164,5,6.013745307922363,8589934592,2147483648,5950341120,407961600
209,1772004938894,3204,3204,3204,3204,3204,3204,3204,3204,28.571430206298828,20,31.81818199157715,23.809524536132813,22.72727394104004,80.95238494873047,0,0,5.577104091644287,8589934592,2147483648,5950357504,407961600
205,1772004939104,3204,3204,3204,3204,3204,3204,3204,3204,23.809524536132813,23.809524536132813,15.000000953674316,14.285715103149414,0,55,0,0,5.577104091644287,8589934592,2147483648,5949636608,407961600
209,1772004939310,3204,3204,3204,3204,3204,3204,3204,3204,21.052631378173828,15.000000953674316,15.000000953674316,10,0,100,0,0,5.577104091644287,8589934592,2147483648,5949571072,407961600
209,1772004939519,3204,3204,3204,3204,3204,3204,3204,3204,28.571430206298828,23.809524536132813,19.047618865966797,19.047618865966797,30.000001907348633,80.95238494873047,0,4.761904716491699,5.577104091644287,8589934592,2147483648,5947965440,407961600
204,1772004939730,3204,3204,3204,3204,3204,3204,3204,3204,31.81818199157715,23.809524536132813,22.72727394104004,18.18181800842285,27.272727966308594,40,0,0,5.577104091644287,8589934592,2147483648,5948243968,407961600
209,1772004939935,3204,3204,3204,3204,3204,3204,3204,3204,38.095237731933594,33.333335876464844,30.000001907348633,21.052631378173828,19.047618865966797,40.90909194946289,70,19.047618865966797,7.30619478225708,8589934592,2147483648,5950259200,407961600
201,1772004940145,3204,3204,3204,3204,3204,3204,3204,3204,35,35,28.571430206298828,23.809524536132813,19.047618865966797,23.809524536132813,63.6363639831543,0,7.30619478225708,8589934592,2147483648,5954945024,407961600
209,1772004940347,3204,3204,3204,3204,3204,3204,3204,3204,26.3157901763916,25,25,19.047618865966797,55,30.000001907348633,20,5,7.30619478225708,8589934592,2147483648,5954945024,407961600
206,1772004940557,3204,3204,3204,3204,3204,3204,3204,3204,23.809524536132813,28.571430206298828,20,19.047618865966797,45,70,9.523809432983398,0,7.30619478225708,8589934592,2147483648,5954945024,407961600
209,1772004940764,3204,3204,3204,3204,3204,3204,3204,3204,28.571430206298828,25,23.809524536132813,21.052631378173828,4.761904716491699,60.000003814697266,0,4.761904716491699,7.30619478225708,8589934592,2147483648,5953044480,407961600
208,1772004940974,3204,3204,3204,3204,3204,3204,3204,3204,19.047618865966797,19.047618865966797,18.18181800842285,18.18181800842285,9.523809432983398,86.36363983154297,4.545454502105713,0,9.992263793945313,8589934592,2147483648,5952684032,407961600
207,1772004941182,3204,3204,3204,3204,3204,3204,3204,3204,23.809524536132813,23.809524536132813,19.047618865966797,15.000000953674316,14.285715103149414,38.095237731933594,0,55,9.992263793945313,8589934592,2147483648,5952864256,407961600
206,1772004941390,3204,3204,3204,3204,3204,3204,3204,3204,28.571430206298828,20,15.000000953674316,23.809524536132813,38.095237731933594,19.047618865966797,14.285715103149414,4.545454502105713,9.992263793945313,8589934592,2147483648,5953191936,407961600
209,1772004941597,3204,3204,3204,3204,3204,3204,3204,3204,21.052631378173828,27.272727966308594,23.809524536132813,19.047618865966797,10,80.95238494873047,4.545454502105713,0,9.992263793945313,8589934592,2147483648,5953191936,407961600
203,1772004941807,3204,3204,3204,3204,3204,3204,3204,3204,27.272727966308594,20,15.000000953674316,23.809524536132813,0,75,25,0,11.456812858581543,8589934592,2147483648,5953519616,407961600
209,1772004942011,3204,3204,3204,3204,3204,3204,3204,3204,25,28.571430206298828,15.000000953674316,15.000000953674316,0,0,61.904762268066406,0,11.456812858581543,8589934592,2147483648,5953536000,407961600
202,1772004942221,3204,3204,3204,3204,3204,3204,3204,3204,15.000000953674316,23.809524536132813,22.72727394104004,19.047618865966797,4.761904716491699,75,0,0,11.456812858581543,8589934592,2147483648,5952978944,407961600
205,1772004942424,3204,3204,3204,3204,3204,3204,3204,3204,33.333335876464844,30.000001907348633,30.000001907348633,25,19.047618865966797,57.142860412597656,4.761904716491699,38.095237731933594,11.456812858581543,8589934592,2147483648,5947211776,407961600
209,1772004942630,3204,3204,3204,3204,3204,3204,3204,3204,23.809524536132813,20,23.809524536132813,19.047618865966797,68.42105102539063,10,0,4.761904716491699,11.456812858581543,8589934592,2147483648,5937627136,407961600
209,1772004942840,3204,3204,3204,3204,3204,3204,3204,3204,25,23.809524536132813,20,14.285715103149414,4.545454502105713,61.904762268066406,0,0,10.079520225524902,8589934592,2147483648,5937725440,407961600
209,1772004943050,3204,3204,3204,3204,3204,3204,3204,3204,23.809524536132813,25,19.047618865966797,14.285715103149414,50,31.81818199157715,28.571430206298828,0,10.079520225524902,8589934592,2147483648,5937283072,407961600
200,1772004943260,3204,3204,3204,3204,3204,3204,3204,3204,19.047618865966797,19.047618865966797,20,14.285715103149414,34.78260803222656,42.85714340209961,0,4.545454502105713,10.079520225524902,8589934592,2147483648,5936594944,407961600
208,1772004943461,3204,3204,3204,3204,3204,3204,3204,3204,20,20,23.809524536132813,10.526315689086914,50,0,25,0,10.079520225524902,8589934592,2147483648,5937463296,407961600
209,1772004943670,3204,3204,3204,3204,3204,3204,3204,3204,23.809524536132813,23.809524536132813,20,22.72727394104004,15.000000953674316,0,80.95238494873047,0,10.079520225524902,8589934592,2147483648,5937037312,407961600
203,1772004943880,3204,3204,3204,3204,3204,3204,3204,3204,23.809524536132813,19.047618865966797,19.047618865966797,14.285715103149414,66.66667175292969,0,0,0,9.34049129486084,8589934592,2147483648,5937037312,407961600
205,1772004944084,3204,3204,3204,3204,3204,3204,3204,3204,20,20,23.809524536132813,15.000000953674316,85,0,4.761904716491699,0,9.34049129486084,8589934592,2147483648,5937053696,407961600
208,1772004944290,3204,3204,3204,3204,3204,3204,3204,3204,28.571430206298828,23.809524536132813,15.000000953674316,19.047618865966797,95.23809814453125,4.761904716491699,0,0,9.34049129486084,8589934592,2147483648,5936906240,407961600
209,1772004944499,3204,3204,3204,3204,3204,3204,3204,3204,25,25,23.809524536132813,15.000000953674316,23.809524536132813,14.285715103149414,20,13.636363983154297,9.34049129486084,8589934592,2147483648,5951062016,407961600
203,1772004944709,3204,3204,3204,3204,3204,3204,3204,3204,33.333335876464844,23.809524536132813,23.809524536132813,23.809524536132813,71.42857360839844,9.523809432983398,9.523809432983398,0,9.34049129486084,8589934592,2147483648,5952126976,407961600
199,1772004944913,3204,3204,3204,3204,3204,3204,3204,3204,30.000001907348633,28.571430206298828,25,19.047618865966797,25,0,0,0,10.373937606811523,8589934592,2147483648,5936480256,407961600
204,1772004945113,3204,3204,3204,3204,3204,3204,3204,3204,26.3157901763916,31.57894515991211,30.000001907348633,21.052631378173828,25,4.761904716491699,9.523809432983398,0,10.373937606811523,8589934592,2147483648,5933088768,407961600
207,1772004945318,3204,3204,3204,3204,3204,3204,3204,3204,25,28.571430206298828,20,20,57.142860412597656,0,0,0,10.373937606811523,8589934592,2147483648,5929861120,407961600
208,1772004945525,3204,3204,3204,3204,3204,3204,3204,3204,54.54545593261719,52.38095474243164,40,42.85714340209961,45,4.545454502105713,0,0,10.373937606811523,8589934592,2147483648,5917081600,407961600
206,1772004945734,3204,3204,3204,3204,3204,3204,3204,3204,21.052631378173828,20,22.72727394104004,19.047618865966797,61.904762268066406,5,0,4.761904716491699,10.373937606811523,8589934592,2147483648,5929713664,407961600
205,1772004945942,3204,3204,3204,3204,3204,3204,3204,3204,42.85714340209961,35,31.57894515991211,28.571430206298828,70,4.545454502105713,5,0,9.309869766235352,8589934592,2147483648,5915738112,407961600
209,1772004946147,3204,3204,3204,3204,3204,3204,3204,3204,33.333335876464844,33.333335876464844,27.272727966308594,21.052631378173828,57.142860412597656,30.000001907348633,23.809524536132813,19.047618865966797,9.309869766235352,8589934592,2147483648,5910134784,407961600
209,1772004946357,3204,3204,3204,3204,3204,3204,3204,3204,28.571430206298828,19.047618865966797,20,18.18181800842285,95.23809814453125,0,0,0,9.309869766235352,8589934592,2147483648,5910134784,407961600
208,1772004946567,3204,3204,3204,3204,3204,3204,3204,3204,45,38.095237731933594,38.095237731933594,30.000001907348633,15.000000953674316,0,0,0,9.309869766235352,8589934592,2147483648,5910134784,407961600
208,1772004946775,3204,3204,3204,3204,3204,3204,3204,3204,38.095237731933594,40,25,28.571430206298828,42.85714340209961,47.619049072265625,9.523809432983398,4.761904716491699,9.309869766235352,8589934592,2147483648,5910134784,407961600
206,1772004946984,3204,3204,3204,3204,3204,3204,3204,3204,35,35,28.571430206298828,19.047618865966797,33.333335876464844,0,0,0,9.17395305633545,8589934592,2147483648,5937020928,407961600
208,1772004947190,3204,3204,3204,3204,3204,3204,3204,3204,30.000001907348633,25,20,19.047618865966797,40,4.761904716491699,0,0,9.17395305633545,8589934592,2147483648,5939281920,407961600
207,1772004947399,3204,3204,3204,3204,3204,3204,3204,3204,19.047618865966797,22.72727394104004,18.18181800842285,10.526315689086914,90,9.523809432983398,0,0,9.17395305633545,8589934592,2147483648,5950406656,407961600
201,1772004947607,3204,3204,3204,3204,3204,3204,3204,3204,36.3636360168457,31.57894515991211,20,27.272727966308594,33.333335876464844,0,0,0,9.17395305633545,8589934592,2147483648,5942149120,407961600
209,1772004947810,3204,3204,3204,3204,3204,3204,3204,3204,38.88888931274414,47.619049072265625,35,30.000001907348633,10,5,0,0,10.612364768981934,8589934592,2147483648,5931008000,407961600
201,1772004948020,3204,3204,3204,3204,3204,3204,3204,3204,36.3636360168457,28.571430206298828,23.809524536132813,28.571430206298828,4.761904716491699,0,4.761904716491699,0,10.612364768981934,8589934592,2147483648,5931139072,407961600
203,1772004948221,3204,3204,3204,3204,3204,3204,3204,3204,30.000001907348633,30.000001907348633,21.052631378173828,26.3157901763916,15.000000953674316,50,4.761904716491699,5,10.612364768981934,8589934592,2147483648,5932302336,407961600
208,1772004948426,3204,3204,3204,3204,3204,3204,3204,3204,25,15.000000953674316,23.809524536132813,14.285715103149414,4.761904716491699,4.761904716491699,0,4.761904716491699,10.612364768981934,8589934592,2147483648,5931614208,407961600
199,1772004948635,3204,3204,3204,3204,3204,3204,3204,3204,33.333335876464844,28.571430206298828,23.809524536132813,28.571430206298828,4.761904716491699,0,0,0,10.612364768981934,8589934592,2147483648,5931663360,407961600
209,1772004948835,3204,3204,3204,3204,3204,3204,3204,3204,38.095237731933594,35,30.000001907348633,25,15.789472579956055,26.3157901763916,5,9.523809432983398,8.311386108398438,8589934592,2147483648,5942263808,407961600
200,1772004949044,3204,3204,3204,3204,3204,3204,3204,3204,25,25,19.047618865966797,19.047618865966797,9.523809432983398,14.285715103149414,0,0,8.311386108398438,8589934592,2147483648,5931728896,407961600
201,1772004949245,3204,3204,3204,3204,3204,3204,3204,3204,26.3157901763916,33.333335876464844,25,26.3157901763916,9.523809432983398,9.523809432983398,5,0,8.311386108398438,8589934592,2147483648,5931876352,407961600
201,1772004949447,3204,3204,3204,3204,3204,3204,3204,3204,25,25,20,20,5,0,4.761904716491699,4.761904716491699,8.311386108398438,8589934592,2147483648,5932498944,407961600
209,1772004949648,3204,3204,3204,3204,3204,3204,3204,3204,28.571430206298828,21.052631378173828,20,14.285715103149414,25,9.523809432983398,5,0,8.311386108398438,8589934592,2147483648,5932498944,407961600
206,1772004949859,3204,3204,3204,3204,3204,3204,3204,3204,33.333335876464844,31.81818199157715,28.571430206298828,23.809524536132813,9.523809432983398,4.761904716491699,4.761904716491699,4.761904716491699,5.698345184326172,8589934592,2147483648,5932498944,407961600
209,1772004950066,3204,3204,3204,3204,3204,3204,3204,3204,20,30.000001907348633,20,15.000000953674316,0,0,0,0,5.698345184326172,8589934592,2147483648,5931663360,407961600
201,1772004950276,3204,3204,3204,3204,3204,3204,3204,3204,33.333335876464844,28.571430206298828,27.272727966308594,23.809524536132813,0,0,0,0,5.698345184326172,8589934592,2147483648,5931843584,407961600
209,1772004950478,3204,3204,3204,3204,3204,3204,3204,3204,31.57894515991211,23.809524536132813,15.789472579956055,15.000000953674316,5,4.761904716491699,0,0,5.698345184326172,8589934592,2147483648,5931843584,407961600
205,1772004950688,3204,3204,3204,3204,3204,3204,3204,3204,27.272727966308594,15.789472579956055,28.571430206298828,19.047618865966797,0,0,0,0,5.698345184326172,8589934592,2147483648,5931827200,407961600
199,1772004950895,3204,3204,3204,3204,3204,3204,3204,3204,35,31.81818199157715,27.272727966308594,20,5,5,4.761904716491699,0,5.6782050132751465,8589934592,2147483648,5933727744,407961600
203,1772004951095,3204,3204,3204,3204,3204,3204,3204,3204,35,36.842105865478516,31.57894515991211,28.571430206298828,33.333335876464844,23.809524536132813,5,10,5.6782050132751465,8589934592,2147483648,5932433408,407961600
209,1772004951299,3204,3204,3204,3204,3204,3204,3204,3204,20,23.809524536132813,25,15.789472579956055,0,0,0,0,5.6782050132751465,8589934592,2147483648,5932417024,407961600
206,1772004951508,3204,3204,3204,3204,3204,3204,3204,3204,28.571430206298828,23.809524536132813,20,18.18181800842285,0,4.761904716491699,0,0,5.6782050132751465,8589934592,2147483648,5933383680,407961600
207,1772004951716,3204,3204,3204,3204,3204,3204,3204,3204,25,25,23.809524536132813,20,4.545454502105713,0,0,0,5.6782050132751465,8589934592,2147483648,5933514752,407961600
201,1772004951924,3204,3204,3204,3204,3204,3204,3204,3204,28.571430206298828,23.809524536132813,23.809524536132813,22.72727394104004,0,5,0,0,5.225121974945068,8589934592,2147483648,5933531136,407961600
199,1772004952126,3204,3204,3204,3204,3204,3204,3204,3204,33.333335876464844,20,20,10.526315689086914,0,0,0,4.761904716491699,5.225121974945068,8589934592,2147483648,5932761088,407961600
208,1772004952326,3204,3204,3204,3204,3204,3204,3204,3204,30.000001907348633,20,20,20,5,0,4.761904716491699,0,5.225121974945068,8589934592,2147483648,5932662784,407961600
200,1772004952535,3204,3204,3204,3204,3204,3204,3204,3204,25,20,19.047618865966797,23.809524536132813,0,0,0,0,5.225121974945068,8589934592,2147483648,5932662784,407961600
206,1772004952736,3204,3204,3204,3204,3204,3204,3204,3204,26.3157901763916,20,20,15.000000953674316,0,0,0,0,5.225121974945068,8589934592,2147483648,5932662784,407961600
207,1772004952942,3204,3204,3204,3204,3204,3204,3204,3204,27.272727966308594,28.571430206298828,25,19.047618865966797,4.761904716491699,4.761904716491699,0,0,5.754690170288086,8589934592,2147483648,5932662784,407961600
208,1772004953150,3204,3204,3204,3204,3204,3204,3204,3204,30.000001907348633,23.809524536132813,23.809524536132813,19.047618865966797,23.809524536132813,23.809524536132813,13.636363983154297,5,5.754690170288086,8589934592,2147483648,5943820288,407961600
200,1772004953359,3204,3204,3204,3204,3204,3204,3204,3204,23.809524536132813,21.052631378173828,23.809524536132813,23.809524536132813,10,5,0,0,5.754690170288086,8589934592,2147483648,5933563904,407961600
204,1772004953560,3204,3204,3204,3204,3204,3204,3204,3204,30.000001907348633,33.333335876464844,30.000001907348633,15.789472579956055,5,5,0,4.761904716491699,5.754690170288086,8589934592,2147483648,5934743552,407961600
200,1772004953765,3204,3204,3204,3204,3204,3204,3204,3204,30.000001907348633,30.000001907348633,30.000001907348633,30.000001907348633,19.047618865966797,19.047618865966797,19.047618865966797,15.789472579956055,5.754690170288086,8589934592,2147483648,5934448640,407961600
204,1772004953966,3204,3204,3204,3204,3204,3204,3204,3204,20,20,25,19.047618865966797,0,0,0,0,5.041869640350342,8589934592,2147483648,5934465024,407961600
205,1772004954172,3204,3204,3204,3204,3204,3204,3204,3204,35,30.000001907348633,28.571430206298828,20,5,5,0,4.761904716491699,5.041869640350342,8589934592,2147483648,5935808512,407961600
204,1772004954377,3204,3204,3204,3204,3204,3204,3204,3204,30.000001907348633,28.571430206298828,30.000001907348633,25,0,0,0,0,5.041869640350342,8589934592,2147483648,5936726016,407961600
209,1772004954582,3204,3204,3204,3204,3204,3204,3204,3204,33.333335876464844,30.000001907348633,20,23.809524536132813,9.523809432983398,28.571430206298828,0,0,5.041869640350342,8589934592,2147483648,5937659904,407961600
209,1772004954792,3204,3204,3204,3204,3204,3204,3204,3204,33.333335876464844,45.45454788208008,31.81818199157715,25,0,0,4.761904716491699,0,5.975103855133057,8589934592,2147483648,5938593792,407961600
206,1772004955002,3204,3204,3204,3204,3204,3204,3204,3204,28.571430206298828,25,23.809524536132813,18.18181800842285,0,0,0,0,5.975103855133057,8589934592,2147483648,5938577408,407961600
209,1772004955209,3204,3204,3204,3204,3204,3204,3204,3204,30.000001907348633,33.333335876464844,21.052631378173828,25,0,4.761904716491699,0,0,5.975103855133057,8589934592,2147483648,5942214656,407961600
202,1772004955419,3204,3204,3204,3204,3204,3204,3204,3204,33.333335876464844,28.571430206298828,31.81818199157715,23.809524536132813,13.636363983154297,14.285715103149414,9.523809432983398,4.761904716491699,5.975103855133057,8589934592,2147483648,5932843008,407961600
201,1772004955622,3204,3204,3204,3204,3204,3204,3204,3204,25,20,20,15.000000953674316,15.000000953674316,4.761904716491699,0,0,5.975103855133057,8589934592,2147483648,5932843008,407961600
202,1772004955824,3204,3204,3204,3204,3204,3204,3204,3204,33.333335876464844,25,28.571430206298828,15.000000953674316,0,5,0,0,5.5948967933654785,8589934592,2147483648,5932843008,407961600
206,1772004956027,3204,3204,3204,3204,3204,3204,3204,3204,21.052631378173828,25,21.052631378173828,23.809524536132813,5,0,5,0,5.5948967933654785,8589934592,2147483648,5932843008,407961600
205,1772004956234,3204,3204,3204,3204,3204,3204,3204,3204,28.571430206298828,28.571430206298828,15.000000953674316,15.000000953674316,0,4.761904716491699,0,0,5.5948967933654785,8589934592,2147483648,5934252032,407961600
208,1772004956440,3204,3204,3204,3204,3204,3204,3204,3204,23.809524536132813,23.809524536132813,23.809524536132813,14.285715103149414,5,0,0,4.761904716491699,5.5948967933654785,8589934592,2147483648,5933678592,407961600
208,1772004956649,3204,3204,3204,3204,3204,3204,3204,3204,25,30.000001907348633,20,15.000000953674316,0,4.545454502105713,0,4.545454502105713,5.5948967933654785,8589934592,2147483648,5933678592,407961600
201,1772004956859,3204,3204,3204,3204,3204,3204,3204,3204,33.333335876464844,28.571430206298828,23.809524536132813,19.047618865966797,4.761904716491699,0,4.545454502105713,0,5.6300129890441895,8589934592,2147483648,5933678592,407961600
209,1772004957061,3204,3204,3204,3204,3204,3204,3204,3204,33.333335876464844,28.571430206298828,31.81818199157715,20,0,5,0,5,5.6300129890441895,8589934592,2147483648,5933678592,407961600
206,1772004957271,3204,3204,3204,3204,3204,3204,3204,3204,25,15.789472579956055,20,19.047618865966797,0,0,0,0,5.6300129890441895,8589934592,2147483648,5933596672,407961600
203,1772004957478,3204,3204,3204,3204,3204,3204,3204,3204,38.095237731933594,36.3636360168457,30.000001907348633,28.571430206298828,19.047618865966797,4.761904716491699,0,0,5.6300129890441895,8589934592,2147483648,5933727744,407961600
207,1772004957682,3204,3204,3204,3204,3204,3204,3204,3204,26.3157901763916,30.000001907348633,23.809524536132813,23.809524536132813,19.047618865966797,5,0,0,5.6300129890441895,8589934592,2147483648,5933776896,407961600
201,1772004957890,3204,3204,3204,3204,3204,3204,3204,3204,31.81818199157715,25,20,10,0,0,4.761904716491699,0,5.271162509918213,8589934592,2147483648,5933924352,407961600
199,1772004958092,3204,3204,3204,3204,3204,3204,3204,3204,26.3157901763916,25,23.809524536132813,15.000000953674316,0,0,0,0,5.271162509918213,8589934592,2147483648,5933678592,407961600
205,1772004958293,3204,3204,3204,3204,3204,3204,3204,3204,25,25,15.000000953674316,20,5,10,0,0,5.271162509918213,8589934592,2147483648,5933662208,407961600
207,1772004958499,3204,3204,3204,3204,3204,3204,3204,3204,27.272727966308594,31.81818199157715,25,19.047618865966797,4.761904716491699,4.761904716491699,9.090909004211426,4.761904716491699,5.271162509918213,8589934592,2147483648,5933891584,407961600
199,1772004958707,3204,3204,3204,3204,3204,3204,3204,3204,30.000001907348633,15.789472579956055,19.047618865966797,19.047618865966797,0,0,0,0,5.271162509918213,8589934592,2147483648,5933842432,407961600
207,1772004958907,3204,3204,3204,3204,3204,3204,3204,3204,31.57894515991211,25,25,15.789472579956055,0,5,0,0,5.532768249511719,8589934592,2147483648,5933891584,407961600
209,1772004959116,3204,3204,3204,3204,3204,3204,3204,3204,23.809524536132813,25,20,15.000000953674316,4.545454502105713,0,0,0,5.532768249511719,8589934592,2147483648,5933907968,407961600
199,1772004959326,3204,3204,3204,3204,3204,3204,3204,3204,19.047618865966797,23.809524536132813,23.809524536132813,19.047618865966797,0,0,0,0,5.532768249511719,8589934592,2147483648,5933891584,407961600
203,1772004959526,3204,3204,3204,3204,3204,3204,3204,3204,31.57894515991211,33.333335876464844,30.000001907348633,25,26.3157901763916,15.000000953674316,10,0,5.532768249511719,8589934592,2147483648,5939937280,407961600
203,1772004959729,3204,3204,3204,3204,3204,3204,3204,3204,23.809524536132813,30.000001907348633,20,19.047618865966797,19.047618865966797,5,0,4.761904716491699,5.532768249511719,8589934592,2147483648,5932138496,407961600
202,1772004959933,3204,3204,3204,3204,3204,3204,3204,3204,30.000001907348633,30.000001907348633,25,20,0,4.761904716491699,4.761904716491699,0,5.206962585449219,8589934592,2147483648,5932646400,407961600
199,1772004960136,3204,3204,3204,3204,3204,3204,3204,3204,42.85714340209961,33.333335876464844,35,30.000001907348633,0,0,0,0,5.206962585449219,8589934592,2147483648,5942067200,407961600
200,1772004960336,3204,3204,3204,3204,3204,3204,3204,3204,35,36.842105865478516,38.095237731933594,25,4.761904716491699,0,0,0,5.206962585449219,8589934592,2147483648,5943296000,407961600
204,1772004960538,3204,3204,3204,3204,3204,3204,3204,3204,31.57894515991211,35,31.57894515991211,23.809524536132813,0,0,0,0,5.206962585449219,8589934592,2147483648,5944934400,407961600
199,1772004960743,3204,3204,3204,3204,3204,3204,3204,3204,33.333335876464844,33.333335876464844,33.333335876464844,25,0,0,0,0,5.206962585449219,8589934592,2147483648,5944508416,407961600
205,1772004960943,3204,3204,3204,3204,3204,3204,3204,3204,35,31.57894515991211,30.000001907348633,30.000001907348633,4.761904716491699,0,0,0,5.590948104858398,8589934592,2147483648,5945884672,407961600
208,1772004961149,3204,3204,3204,3204,3204,3204,3204,3204,30.000001907348633,31.81818199157715,25,28.571430206298828,4.761904716491699,4.761904716491699,0,0,5.590948104858398,8589934592,2147483648,5945294848,407961600
207,1772004961358,3204,3204,3204,3204,3204,3204,3204,3204,33.333335876464844,25,28.571430206298828,25,0,0,4.545454502105713,4.545454502105713,5.590948104858398,8589934592,2147483648,5944803328,407961600
209,1772004961566,3204,3204,3204,3204,3204,3204,3204,3204,31.57894515991211,28.571430206298828,28.571430206298828,23.809524536132813,4.761904716491699,4.761904716491699,0,0,5.590948104858398,8589934592,2147483648,5944852480,407961600
207,1772004961776,3204,3204,3204,3204,3204,3204,3204,3204,50,47.36842346191406,40,38.095237731933594,28.571430206298828,31.81818199157715,19.047618865966797,14.285715103149414,5.590948104858398,8589934592,2147483648,5944852480,407961600
209,1772004961983,3204,3204,3204,3204,3204,3204,3204,3204,36.3636360168457,36.3636360168457,28.571430206298828,15.000000953674316,15.000000953674316,10,9.523809432983398,9.523809432983398,5.444141387939453,8589934592,2147483648,5944852480,407961600
209,1772004962193,3204,3204,3204,3204,3204,3204,3204,3204,26.3157901763916,28.571430206298828,23.809524536132813,28.571430206298828,4.761904716491699,4.761904716491699,0,0,5.444141387939453,8589934592,2147483648,5944852480,407961600
208,1772004962403,3204,3204,3204,3204,3204,3204,3204,3204,33.333335876464844,23.809524536132813,23.809524536132813,23.809524536132813,0,0,0,0,5.444141387939453,8589934592,2147483648,5938692096,407961600
207,1772004962612,3204,3204,3204,3204,3204,3204,3204,3204,28.571430206298828,28.571430206298828,28.571430206298828,20,23.809524536132813,19.047618865966797,19.047618865966797,19.047618865966797,5.444141387939453,8589934592,2147483648,5937528832,407961600
203,1772004962820,3204,3204,3204,3204,3204,3204,3204,3204,28.571430206298828,21.052631378173828,19.047618865966797,22.72727394104004,0,4.761904716491699,0,0,5.769478797912598,8589934592,2147483648,5937545216,407961600
200,1772004963024,3204,3204,3204,3204,3204,3204,3204,3204,30.000001907348633,23.809524536132813,20,15.000000953674316,9.090909004211426,0,4.761904716491699,0,5.769478797912598,8589934592,2147483648,5937545216,407961600
205,1772004963225,3204,3204,3204,3204,3204,3204,3204,3204,25,20,15.000000953674316,15.000000953674316,5.263157844543457,15.000000953674316,10,15.000000953674316,5.769478797912598,8589934592,2147483648,5935562752,407961600
209,1772004963430,3204,3204,3204,3204,3204,3204,3204,3204,25,28.571430206298828,20,20,4.761904716491699,0,0,0,5.769478797912598,8589934592,2147483648,5935579136,407961600
201,1772004963640,3204,3204,3204,3204,3204,3204,3204,3204,31.81818199157715,23.809524536132813,23.809524536132813,22.72727394104004,0,9.090909004211426,4.761904716491699,4.761904716491699,5.769478797912598,8589934592,2147483648,5935808512,407961600
209,1772004963842,3204,3204,3204,3204,3204,3204,3204,3204,36.842105865478516,26.3157901763916,23.809524536132813,25,14.285715103149414,10,0,4.761904716491699,6.136366844177246,8589934592,2147483648,5946376192,407961600
205,1772004964052,3204,3204,3204,3204,3204,3204,3204,3204,33.333335876464844,28.571430206298828,26.3157901763916,20,13.636363983154297,0,0,0,6.136366844177246,8589934592,2147483648,5935726592,407961600
206,1772004964259,3204,3204,3204,3204,3204,3204,3204,3204,28.571430206298828,28.571430206298828,23.809524536132813,15.000000953674316,5,4.761904716491699,5,0,6.136366844177246,8589934592,2147483648,5935841280,407961600
201,1772004964465,3204,3204,3204,3204,3204,3204,3204,3204,35,30.000001907348633,23.809524536132813,23.809524536132813,0,0,0,0,6.136366844177246,8589934592,2147483648,5930467328,407961600
207,1772004964668,3204,3204,3204,3204,3204,3204,3204,3204,30.000001907348633,20,25,15.000000953674316,5,20,0,0,6.136366844177246,8589934592,2147483648,5930401792,407961600
208,1772004964876,3204,3204,3204,3204,3204,3204,3204,3204,25,25,19.047618865966797,19.047618865966797,4.761904716491699,4.761904716491699,4.761904716491699,0,5.372747898101807,8589934592,2147483648,5929828352,407961600
201,1772004965084,3204,3204,3204,3204,3204,3204,3204,3204,31.81818199157715,27.272727966308594,23.809524536132813,14.285715103149414,0,0,0,0,5.372747898101807,8589934592,2147483648,5929844736,407961600
202,1772004965286,3204,3204,3204,3204,3204,3204,3204,3204,21.052631378173828,25,26.3157901763916,15.789472579956055,5,0,0,0,5.372747898101807,8589934592,2147483648,5931663360,407961600
202,1772004965489,3204,3204,3204,3204,3204,3204,3204,3204,28.571430206298828,21.052631378173828,23.809524536132813,19.047618865966797,0,0,0,4.761904716491699,5.372747898101807,8589934592,2147483648,5930860544,407961600
200,1772004965691,3204,3204,3204,3204,3204,3204,3204,3204,25,27.272727966308594,21.052631378173828,20,0,4.761904716491699,0,0,5.372747898101807,8589934592,2147483648,5930713088,407961600
203,1772004965892,3204,3204,3204,3204,3204,3204,3204,3204,25,20,31.81818199157715,23.809524536132813,0,0,0,0,5.70920467376709,8589934592,2147483648,5931433984,407961600
209,1772004966097,3204,3204,3204,3204,3204,3204,3204,3204,35,31.57894515991211,31.57894515991211,25,27.272727966308594,15.000000953674316,10,0,5.70920467376709,8589934592,2147483648,5930631168,407961600
199,1772004966307,3204,3204,3204,3204,3204,3204,3204,3204,27.272727966308594,27.272727966308594,22.72727394104004,19.047618865966797,0,4.761904716491699,0,0,5.70920467376709,8589934592,2147483648,5930647552,407961600
201,1772004966507,3204,3204,3204,3204,3204,3204,3204,3204,21.052631378173828,31.57894515991211,21.052631378173828,20,5,9.523809432983398,0,4.761904716491699,5.70920467376709,8589934592,2147483648,5930975232,407961600
209,1772004966709,3204,3204,3204,3204,3204,3204,3204,3204,25,20,20,15.000000953674316,0,0,0,0,5.70920467376709,8589934592,2147483648,5931008000,407961600
201,1772004966919,3204,3204,3204,3204,3204,3204,3204,3204,23.809524536132813,28.571430206298828,23.809524536132813,15.000000953674316,0,0,4.545454502105713,0,5.296657085418701,8589934592,2147483648,5930516480,407961600
203,1772004967121,3204,3204,3204,3204,3204,3204,3204,3204,21.052631378173828,30.000001907348633,15.789472579956055,19.047618865966797,0,0,0,0,5.296657085418701,8589934592,2147483648,5930565632,407961600
201,1772004967325,3204,3204,3204,3204,3204,3204,3204,3204,33.333335876464844,25,27.272727966308594,20,0,0,0,0,5.296657085418701,8589934592,2147483648,5930696704,407961600
209,1772004967527,3204,3204,3204,3204,3204,3204,3204,3204,25,25,21.052631378173828,20,0,4.761904716491699,4.761904716491699,0,5.296657085418701,8589934592,2147483648,5930713088,407961600
203,1772004967737,3204,3204,3204,3204,3204,3204,3204,3204,20,27.272727966308594,22.72727394104004,23.809524536132813,0,0,0,0,5.296657085418701,8589934592,2147483648,5930778624,407961600
203,1772004967941,3204,3204,3204,3204,3204,3204,3204,3204,28.571430206298828,20,20,19.047618865966797,5,0,0,0,5.528964042663574,8589934592,2147483648,5931515904,407961600
209,1772004968145,3204,3204,3204,3204,3204,3204,3204,3204,33.333335876464844,30.000001907348633,25,25,14.285715103149414,4.761904716491699,0,10,5.528964042663574,8589934592,2147483648,5939953664,407961600
206,1772004968356,3204,3204,3204,3204,3204,3204,3204,3204,25,25,19.047618865966797,19.047618865966797,14.285715103149414,10,0,0,5.528964042663574,8589934592,2147483648,5930450944,407961600
207,1772004968563,3204,3204,3204,3204,3204,3204,3204,3204,27.272727966308594,31.81818199157715,25,15.789472579956055,0,4.545454502105713,4.761904716491699,0,5.528964042663574,8589934592,2147483648,5931040768,407961600
204,1772004968771,3204,3204,3204,3204,3204,3204,3204,3204,45,36.842105865478516,40.90909194946289,27.272727966308594,0,0,0,4.545454502105713,5.528964042663574,8589934592,2147483648,5930958848,407961600
204,1772004968976,3204,3204,3204,3204,3204,3204,3204,3204,28.571430206298828,23.809524536132813,15.000000953674316,15.000000953674316,0,0,0,0,5.446248531341553,8589934592,2147483648,5930975232,407961600
202,1772004969181,3204,3204,3204,3204,3204,3204,3204,3204,25,19.047618865966797,19.047618865966797,14.285715103149414,4.761904716491699,0,0,0,5.446248531341553,8589934592,2147483648,5930860544,407961600
206,1772004969384,3204,3204,3204,3204,3204,3204,3204,3204,26.3157901763916,30.000001907348633,21.052631378173828,15.000000953674316,0,4.761904716491699,0,0,5.446248531341553,8589934592,2147483648,5930631168,407961600
209,1772004969590,3204,3204,3204,3204,3204,3204,3204,3204,36.3636360168457,25,28.571430206298828,20,14.285715103149414,25,4.761904716491699,4.761904716491699,5.446248531341553,8589934592,2147483648,5930614784,407961600
207,1772004969800,3204,3204,3204,3204,3204,3204,3204,3204,25,27.272727966308594,20,22.72727394104004,4.545454502105713,0,0,0,5.718696117401123,8589934592,2147483648,5930500096,407961600
207,1772004970008,3204,3204,3204,3204,3204,3204,3204,3204,30.000001907348633,20,23.809524536132813,15.000000953674316,5,9.090909004211426,4.761904716491699,5,5.718696117401123,8589934592,2147483648,5930795008,407961600
203,1772004970216,3204,3204,3204,3204,3204,3204,3204,3204,33.333335876464844,30.000001907348633,28.571430206298828,28.571430206298828,4.761904716491699,5,4.761904716491699,0,5.718696117401123,8589934592,2147483648,5930893312,407961600
207,1772004970419,3204,3204,3204,3204,3204,3204,3204,3204,40,35,30.000001907348633,25,30.000001907348633,5,0,4.761904716491699,5.718696117401123,8589934592,2147483648,5930319872,407961600
206,1772004970628,3204,3204,3204,3204,3204,3204,3204,3204,33.333335876464844,36.3636360168457,25,25,9.523809432983398,14.285715103149414,4.761904716491699,0,5.718696117401123,8589934592,2147483648,5931286528,407961600
204,1772004970835,3204,3204,3204,3204,3204,3204,3204,3204,28.571430206298828,28.571430206298828,23.809524536132813,22.72727394104004,4.761904716491699,0,0,0,5.59365177154541,8589934592,2147483648,5930762240,407961600
209,1772004971040,3204,3204,3204,3204,3204,3204,3204,3204,30.000001907348633,25,19.047618865966797,15.789472579956055,0,0,0,4.545454502105713,5.59365177154541,8589934592,2147483648,5930565632,407961600
208,1772004971250,3204,3204,3204,3204,3204,3204,3204,3204,23.809524536132813,25,25,14.285715103149414,4.761904716491699,9.090909004211426,4.761904716491699,0,5.59365177154541,8589934592,2147483648,5931778048,407961600
204,1772004971460,3204,3204,3204,3204,3204,3204,3204,3204,28.571430206298828,33.333335876464844,36.3636360168457,28.571430206298828,4.761904716491699,0,4.761904716491699,4.761904716491699,5.59365177154541,8589934592,2147483648,5917523968,407961600
209,1772004971665,3204,3204,3204,3204,3204,3204,3204,3204,20,23.809524536132813,25,15.000000953674316,5,9.090909004211426,0,0,5.59365177154541,8589934592,2147483648,5918457856,407961600
207,1772004971875,3204,3204,3204,3204,3204,3204,3204,3204,31.81818199157715,28.571430206298828,23.809524536132813,22.72727394104004,0,0,0,0,5.8173508644104,8589934592,2147483648,5918130176,407961600
205,1772004972083,3204,3204,3204,3204,3204,3204,3204,3204,30.000001907348633,30.000001907348633,25,19.047618865966797,4.761904716491699,4.761904716491699,0,4.545454502105713,5.8173508644104,8589934592,2147483648,5916868608,407961600
205,1772004972288,3204,3204,3204,3204,3204,3204,3204,3204,20,28.571430206298828,19.047618865966797,10.526315689086914,4.761904716491699,0,8.69565200805664,0,5.8173508644104,8589934592,2147483648,5916835840,407961600
204,1772004972494,3204,3204,3204,3204,3204,3204,3204,3204,35,35,28.571430206298828,27.272727966308594,30.000001907348633,10,5,0,5.8173508644104,8589934592,2147483648,5928124416,407961600
208,1772004972700,3204,3204,3204,3204,3204,3204,3204,3204,28.571430206298828,25,23.809524536132813,20,5,9.523809432983398,0,0,5.8173508644104,8589934592,2147483648,5917130752,407961600
205,1772004972909,3204,3204,3204,3204,3204,3204,3204,3204,20,28.571430206298828,15.789472579956055,19.047618865966797,4.545454502105713,4.761904716491699,0,4.545454502105713,5.433538913726807,8589934592,2147483648,5918425088,407961600
205,1772004973115,3204,3204,3204,3204,3204,3204,3204,3204,47.619049072265625,47.619049072265625,40.90909194946289,40,0,0,0,0,5.433538913726807,8589934592,2147483648,5919539200,407961600
208,1772004973321,3204,3204,3204,3204,3204,3204,3204,3204,33.333335876464844,20,15.000000953674316,23.809524536132813,5,5.263157844543457,0,0,5.433538913726807,8589934592,2147483648,5919555584,407961600
208,1772004973530,3204,3204,3204,3204,3204,3204,3204,3204,25,20,23.809524536132813,14.285715103149414,0,0,0,0,5.433538913726807,8589934592,2147483648,5919571968,407961600
209,1772004973739,3204,3204,3204,3204,3204,3204,3204,3204,25,28.571430206298828,23.809524536132813,15.000000953674316,9.090909004211426,4.545454502105713,4.545454502105713,0,5.433538913726807,8589934592,2147483648,5920014336,407961600
202,1772004973949,3204,3204,3204,3204,3204,3204,3204,3204,27.272727966308594,31.81818199157715,15.000000953674316,19.047618865966797,0,0,0,0,5.49165678024292,8589934592,2147483648,5919916032,407961600
209,1772004974152,3204,3204,3204,3204,3204,3204,3204,3204,25,30.000001907348633,25,20,0,0,0,0,5.49165678024292,8589934592,2147483648,5919948800,407961600
201,1772004974362,3204,3204,3204,3204,3204,3204,3204,3204,23.809524536132813,33.333335876464844,23.809524536132813,19.047618865966797,4.761904716491699,9.090909004211426,0,4.761904716491699,5.49165678024292,8589934592,2147483648,5919850496,407961600
209,1772004974564,3204,3204,3204,3204,3204,3204,3204,3204,30.000001907348633,35,25,25,19.047618865966797,21.052631378173828,5,0,5.49165678024292,8589934592,2147483648,5929304064,407961600
201,1772004974774,3204,3204,3204,3204,3204,3204,3204,3204,20,25,19.047618865966797,18.18181800842285,20,14.285715103149414,0,0,5.49165678024292,8589934592,2147483648,5919260672,407961600
205,1772004974977,3204,3204,3204,3204,3204,3204,3204,3204,23.809524536132813,28.571430206298828,20,20,0,0,4.761904716491699,0,5.386388778686523,8589934592,2147483648,5919211520,407961600
209,1772004975182,3204,3204,3204,3204,3204,3204,3204,3204,25,25,23.809524536132813,25,4.761904716491699,4.761904716491699,0,4.761904716491699,5.386388778686523,8589934592,2147483648,5919211520,407961600
208,1772004975392,3204,3204,3204,3204,3204,3204,3204,3204,23.809524536132813,20,19.047618865966797,19.047618865966797,0,0,0,0,5.386388778686523,8589934592,2147483648,5920423936,407961600
207,1772004975601,3204,3204,3204,3204,3204,3204,3204,3204,28.571430206298828,27.272727966308594,20,19.047618865966797,0,4.545454502105713,0,0,5.386388778686523,8589934592,2147483648,5919457280,407961600
207,1772004975809,3204,3204,3204,3204,3204,3204,3204,3204,30.000001907348633,23.809524536132813,19.047618865966797,20,0,0,4.545454502105713,0,5.440423488616943,8589934592,2147483648,5920276480,407961600
200,1772004976017,3204,3204,3204,3204,3204,3204,3204,3204,36.3636360168457,28.571430206298828,25,19.047618865966797,9.090909004211426,4.761904716491699,0,0,5.440423488616943,8589934592,2147483648,5921898496,407961600
207,1772004976218,3204,3204,3204,3204,3204,3204,3204,3204,26.3157901763916,26.3157901763916,20,15.789472579956055,0,0,0,0,5.440423488616943,8589934592,2147483648,5921406976,407961600
209,1772004976426,3204,3204,3204,3204,3204,3204,3204,3204,25,30.000001907348633,23.809524536132813,28.571430206298828,0,0,0,0,5.440423488616943,8589934592,2147483648,5921423360,407961600
209,1772004976636,3204,3204,3204,3204,3204,3204,3204,3204,27.272727966308594,27.272727966308594,19.047618865966797,19.047618865966797,4.545454502105713,0,0,4.545454502105713,5.440423488616943,8589934592,2147483648,5920505856,407961600
209,1772004976845,3204,3204,3204,3204,3204,3204,3204,3204,38.095237731933594,30.000001907348633,31.81818199157715,33.333335876464844,30.000001907348633,19.047618865966797,0,4.761904716491699,5.158320903778076,8589934592,2147483648,5920129024,407961600
209,1772004977056,3204,3204,3204,3204,3204,3204,3204,3204,20,25,20,18.18181800842285,5,4.761904716491699,4.761904716491699,0,5.158320903778076,8589934592,2147483648,5920194560,407961600
207,1772004977266,3204,3204,3204,3204,3204,3204,3204,3204,33.333335876464844,33.333335876464844,27.272727966308594,30.000001907348633,18.18181800842285,14.285715103149414,18.18181800842285,14.285715103149414,5.158320903778076,8589934592,2147483648,5920407552,407961600
206,1772004977474,3204,3204,3204,3204,3204,3204,3204,3204,20,19.047618865966797,15.789472579956055,23.809524536132813,4.761904716491699,0,0,0,5.158320903778076,8589934592,2147483648,5920276480,407961600
204,1772004977681,3204,3204,3204,3204,3204,3204,3204,3204,27.272727966308594,27.272727966308594,19.047618865966797,19.047618865966797,0,8.69565200805664,4.761904716491699,4.545454502105713,5.158320903778076,8589934592,2147483648,5920751616,407961600
207,1772004977886,3204,3204,3204,3204,3204,3204,3204,3204,25,20,28.571430206298828,25,0,0,0,0,5.38926362991333,8589934592,2147483648,5920456704,407961600
199,1772004978094,3204,3204,3204,3204,3204,3204,3204,3204,19.047618865966797,25,20,19.047618865966797,4.761904716491699,0,0,0,5.38926362991333,8589934592,2147483648,5920505856,407961600
200,1772004978294,3204,3204,3204,3204,3204,3204,3204,3204,21.052631378173828,20,20,10,5,10,5,5,5.38926362991333,8589934592,2147483648,5920505856,407961600
208,1772004978496,3204,3204,3204,3204,3204,3204,3204,3204,28.571430206298828,30.000001907348633,20,15.000000953674316,0,0,0,0,5.38926362991333,8589934592,2147483648,5920505856,407961600
202,1772004978705,3204,3204,3204,3204,3204,3204,3204,3204,20,23.809524536132813,23.809524536132813,20,4.761904716491699,4.761904716491699,0,0,5.38926362991333,8589934592,2147483648,5920505856,407961600
207,1772004978908,3204,3204,3204,3204,3204,3204,3204,3204,40,35,25,28.571430206298828,28.571430206298828,5.263157844543457,5,5,5.604160308837891,8589934592,2147483648,5930582016,407961600
202,1772004979115,3204,3204,3204,3204,3204,3204,3204,3204,25,33.333335876464844,31.81818199157715,23.809524536132813,10,14.285715103149414,0,0,5.604160308837891,8589934592,2147483648,5920227328,407961600
208,1772004979318,3204,3204,3204,3204,3204,3204,3204,3204,28.571430206298828,25,21.052631378173828,10.526315689086914,0,0,4.761904716491699,0,5.604160308837891,8589934592,2147483648,5914771456,407961600
209,1772004979527,3204,3204,3204,3204,3204,3204,3204,3204,20,28.571430206298828,19.047618865966797,27.272727966308594,9.523809432983398,19.047618865966797,5,4.761904716491699,5.604160308837891,8589934592,2147483648,5917229056,407961600
209,1772004979737,3204,3204,3204,3204,3204,3204,3204,3204,33.333335876464844,28.571430206298828,23.809524536132813,23.809524536132813,33.333335876464844,14.285715103149414,0,0,5.604160308837891,8589934592,2147483648,5914034176,407961600
209,1772004979948,3204,3204,3204,3204,3204,3204,3204,3204,23.809524536132813,20,23.809524536132813,15.000000953674316,4.761904716491699,0,0,0,5.134270668029785,8589934592,2147483648,5914181632,407961600
209,1772004980158,3204,3204,3204,3204,3204,3204,3204,3204,28.571430206298828,31.81818199157715,25,23.809524536132813,0,4.545454502105713,4.761904716491699,4.545454502105713,5.134270668029785,8589934592,2147483648,5914116096,407961600
209,1772004980368,3204,3204,3204,3204,3204,3204,3204,3204,28.571430206298828,25,19.047618865966797,22.72727394104004,9.523809432983398,9.523809432983398,4.761904716491699,4.761904716491699,5.134270668029785,8589934592,2147483648,5915492352,407961600
209,1772004980578,3204,3204,3204,3204,3204,3204,3204,3204,33.333335876464844,28.571430206298828,22.72727394104004,15.000000953674316,0,0,0,0,5.134270668029785,8589934592,2147483648,5915213824,407961600
205,1772004980787,3204,3204,3204,3204,3204,3204,3204,3204,25,33.333335876464844,25,19.047618865966797,4.761904716491699,4.545454502105713,0,0,5.752440929412842,8589934592,2147483648,5915820032,407961600
209,1772004980993,3204,3204,3204,3204,3204,3204,3204,3204,33.333335876464844,28.571430206298828,28.571430206298828,23.809524536132813,9.523809432983398,10.526315689086914,9.523809432983398,0,5.752440929412842,8589934592,2147483648,5924814848,407961600
204,1772004981204,3204,3204,3204,3204,3204,3204,3204,3204,38.095237731933594,38.095237731933594,38.095237731933594,25,10,18.18181800842285,4.761904716491699,0,5.752440929412842,8589934592,2147483648,5919539200,407961600
209,1772004981409,3204,3204,3204,3204,3204,3204,3204,3204,20,20,20,20,4.761904716491699,5,0,4.545454502105713,5.752440929412842,8589934592,2147483648,5919277056,407961600
204,1772004981619,3204,3204,3204,3204,3204,3204,3204,3204,27.272727966308594,14.285715103149414,19.047618865966797,27.272727966308594,0,0,0,0,5.752440929412842,8589934592,2147483648,5919195136,407961600
207,1772004981824,3204,3204,3204,3204,3204,3204,3204,3204,20,20,20,19.047618865966797,0,0,4.761904716491699,4.761904716491699,5.16831636428833,8589934592,2147483648,5918834688,407961600
207,1772004982032,3204,3204,3204,3204,3204,3204,3204,3204,30.000001907348633,30.000001907348633,33.333335876464844,15.789472579956055,0,0,0,0,5.16831636428833,8589934592,2147483648,5918916608,407961600
209,1772004982240,3204,3204,3204,3204,3204,3204,3204,3204,19.047618865966797,19.047618865966797,14.285715103149414,19.047618865966797,0,0,0,0,5.16831636428833,8589934592,2147483648,5918916608,407961600
206,1772004982450,3204,3204,3204,3204,3204,3204,3204,3204,23.809524536132813,19.047618865966797,23.809524536132813,23.809524536132813,8.69565200805664,0,0,0,5.16831636428833,8589934592,2147483648,5918900224,407961600
207,1772004982658,3204,3204,3204,3204,3204,3204,3204,3204,20,20,19.047618865966797,20,0,0,0,0,5.16831636428833,8589934592,2147483648,5918883840,407961600
207,1772004982866,3204,3204,3204,3204,3204,3204,3204,3204,19.047618865966797,23.809524536132813,20,22.72727394104004,0,0,0,0,5.406836986541748,8589934592,2147483648,5918883840,407961600
201,1772004983073,3204,3204,3204,3204,3204,3204,3204,3204,25,20,14.285715103149414,15.000000953674316,0,0,0,0,5.406836986541748,8589934592,2147483648,5920686080,407961600
209,1772004983276,3204,3204,3204,3204,3204,3204,3204,3204,40,40.90909194946289,31.57894515991211,30.000001907348633,40,23.809524536132813,15.000000953674316,14.285715103149414,5.406836986541748,8589934592,2147483648,5920931840,407961600
209,1772004983486,3204,3204,3204,3204,3204,3204,3204,3204,19.047618865966797,25,19.047618865966797,18.18181800842285,9.090909004211426,4.761904716491699,0,0,5.406836986541748,8589934592,2147483648,5920899072,407961600
209,1772004983696,3204,3204,3204,3204,3204,3204,3204,3204,25,28.571430206298828,27.272727966308594,15.000000953674316,0,0,8.69565200805664,4.761904716491699,5.406836986541748,8589934592,2147483648,5920915456,407961600
209,1772004983906,3204,3204,3204,3204,3204,3204,3204,3204,26.086956024169922,30.000001907348633,19.047618865966797,14.285715103149414,0,0,0,0,5.22330904006958,8589934592,2147483648,5920915456,407961600
206,1772004984116,3204,3204,3204,3204,3204,3204,3204,3204,25,27.272727966308594,23.809524536132813,19.047618865966797,4.545454502105713,4.545454502105713,0,0,5.22330904006958,8589934592,2147483648,5920768000,407961600
204,1772004984323,3204,3204,3204,3204,3204,3204,3204,3204,25,23.809524536132813,25,15.000000953674316,4.761904716491699,4.761904716491699,5,0,5.22330904006958,8589934592,2147483648,5921193984,407961600
208,1772004984528,3204,3204,3204,3204,3204,3204,3204,3204,35,30.000001907348633,25,23.809524536132813,10,15.000000953674316,0,0,5.22330904006958,8589934592,2147483648,5923012608,407961600
207,1772004984737,3204,3204,3204,3204,3204,3204,3204,3204,27.272727966308594,25,31.81818199157715,23.809524536132813,4.761904716491699,9.523809432983398,4.761904716491699,4.761904716491699,5.22330904006958,8589934592,2147483648,5923012608,407961600
203,1772004984945,3204,3204,3204,3204,3204,3204,3204,3204,25,27.272727966308594,25,14.285715103149414,0,0,0,0,5.508756160736084,8589934592,2147483648,5923012608,407961600
207,1772004985149,3204,3204,3204,3204,3204,3204,3204,3204,25,21.052631378173828,25,15.000000953674316,4.761904716491699,4.761904716491699,4.761904716491699,4.761904716491699,5.508756160736084,8589934592,2147483648,5921996800,407961600
208,1772004985358,3204,3204,3204,3204,3204,3204,3204,3204,30.000001907348633,33.333335876464844,28.571430206298828,20,28.571430206298828,5,0,0,5.508756160736084,8589934592,2147483648,5931859968,407961600
209,1772004985567,3204,3204,3204,3204,3204,3204,3204,3204,23.809524536132813,23.809524536132813,30.000001907348633,19.047618865966797,9.523809432983398,9.523809432983398,0,0,5.508756160736084,8589934592,2147483648,5921538048,407961600
202,1772004985777,3204,3204,3204,3204,3204,3204,3204,3204,26.086956024169922,23.809524536132813,28.571430206298828,18.18181800842285,0,4.761904716491699,4.761904716491699,0,5.508756160736084,8589934592,2147483648,5921423360,407961600
209,1772004985980,3204,3204,3204,3204,3204,3204,3204,3204,21.052631378173828,25,23.809524536132813,10.526315689086914,0,0,0,0,5.352605819702148,8589934592,2147483648,5919916032,407961600
201,1772004986190,3204,3204,3204,3204,3204,3204,3204,3204,23.809524536132813,28.571430206298828,19.047618865966797,19.047618865966797,0,4.761904716491699,0,0,5.352605819702148,8589934592,2147483648,5921914880,407961600
202,1772004986392,3204,3204,3204,3204,3204,3204,3204,3204,25,30.000001907348633,21.052631378173828,20,4.761904716491699,4.761904716491699,0,4.761904716491699,5.352605819702148,8589934592,2147483648,5922177024,407961600
203,1772004986595,3204,3204,3204,3204,3204,3204,3204,3204,50,55,38.095237731933594,42.85714340209961,0,0,4.761904716491699,0,5.352605819702148,8589934592,2147483648,5923766272,407961600
207,1772004986799,3204,3204,3204,3204,3204,3204,3204,3204,30.000001907348633,25,20,25,4.761904716491699,4.761904716491699,0,0,5.494652271270752,8589934592,2147483648,5924126720,407961600
209,1772004987007,3204,3204,3204,3204,3204,3204,3204,3204,25,23.809524536132813,19.047618865966797,19.047618865966797,4.761904716491699,0,0,4.545454502105713,5.494652271270752,8589934592,2147483648,5924274176,407961600
202,1772004987216,3204,3204,3204,3204,3204,3204,3204,3204,27.272727966308594,23.809524536132813,20,15.000000953674316,4.545454502105713,0,4.545454502105713,0,5.494652271270752,8589934592,2147483648,5924290560,407961600
209,1772004987419,3204,3204,3204,3204,3204,3204,3204,3204,31.57894515991211,31.57894515991211,30.000001907348633,23.809524536132813,15.000000953674316,4.761904716491699,0,0,5.494652271270752,8589934592,2147483648,5933940736,407961600
202,1772004987630,3204,3204,3204,3204,3204,3204,3204,3204,31.81818199157715,28.571430206298828,19.047618865966797,15.000000953674316,14.285715103149414,15.000000953674316,0,0,5.494652271270752,8589934592,2147483648,5925355520,407961600
209,1772004987832,3204,3204,3204,3204,3204,3204,3204,3204,21.052631378173828,33.333335876464844,23.809524536132813,19.047618865966797,4.761904716491699,4.761904716491699,0,0,5.416690349578857,8589934592,2147483648,5925863424,407961600
203,1772004988043,3204,3204,3204,3204,3204,3204,3204,3204,31.81818199157715,20,28.571430206298828,19.047618865966797,0,0,4.761904716491699,0,5.416690349578857,8589934592,2147483648,5925388288,407961600
209,1772004988247,3204,3204,3204,3204,3204,3204,3204,3204,25,20,25,10,0,5,4.545454502105713,0,5.416690349578857,8589934592,2147483648,5925404672,407961600
209,1772004988456,3204,3204,3204,3204,3204,3204,3204,3204,20,22.72727394104004,19.047618865966797,19.047618865966797,4.761904716491699,4.761904716491699,0,4.761904716491699,5.416690349578857,8589934592,2147483648,5925552128,407961600
200,1772004988666,3204,3204,3204,3204,3204,3204,3204,3204,23.809524536132813,20,19.047618865966797,19.047618865966797,0,0,0,4.761904716491699,5.416690349578857,8589934592,2147483648,5925699584,407961600
207,1772004988867,3204,3204,3204,3204,3204,3204,3204,3204,23.809524536132813,28.571430206298828,30.000001907348633,15.000000953674316,5,9.090909004211426,4.761904716491699,0,5.519604682922363,8589934592,2147483648,5925732352,407961600
209,1772004989076,3204,3204,3204,3204,3204,3204,3204,3204,20,20,25,19.047618865966797,0,0,0,0,5.519604682922363,8589934592,2147483648,5925552128,407961600
208,1772004989286,3204,3204,3204,3204,3204,3204,3204,3204,23.809524536132813,25,23.809524536132813,14.285715103149414,0,0,0,0,5.519604682922363,8589934592,2147483648,5925060608,407961600
209,1772004989495,3204,3204,3204,3204,3204,3204,3204,3204,31.81818199157715,27.272727966308594,28.571430206298828,19.047618865966797,9.090909004211426,4.761904716491699,0,0,5.519604682922363,8589934592,2147483648,5922177024,407961600
201,1772004989705,3204,3204,3204,3204,3204,3204,3204,3204,26.3157901763916,25,28.571430206298828,20,47.619049072265625,19.047618865966797,4.761904716491699,4.761904716491699,5.519604682922363,8589934592,2147483648,5920686080,407961600
206,1772004989907,3204,3204,3204,3204,3204,3204,3204,3204,28.571430206298828,25,20,20,0,5,0,0,5.300168514251709,8589934592,2147483648,5920751616,407961600
209,1772004990114,3204,3204,3204,3204,3204,3204,3204,3204,20,23.809524536132813,19.047618865966797,23.809524536132813,4.761904716491699,0,0,0,5.300168514251709,8589934592,2147483648,5920768000,407961600
209,1772004990324,3204,3204,3204,3204,3204,3204,3204,3204,30.000001907348633,27.272727966308594,20,19.047618865966797,0,4.761904716491699,0,0,5.300168514251709,8589934592,2147483648,5920604160,407961600
207,1772004990534,3204,3204,3204,3204,3204,3204,3204,3204,33.333335876464844,20,23.809524536132813,22.72727394104004,4.545454502105713,0,0,0,5.300168514251709,8589934592,2147483648,5921226752,407961600
202,1772004990742,3204,3204,3204,3204,3204,3204,3204,3204,31.81818199157715,30.000001907348633,23.809524536132813,20,5,5,4.761904716491699,4.761904716491699,5.300168514251709,8589934592,2147483648,5921275904,407961600
203,1772004990945,3204,3204,3204,3204,3204,3204,3204,3204,26.3157901763916,28.571430206298828,20,15.789472579956055,19.047618865966797,10,9.523809432983398,14.285715103149414,5.473175525665283,8589934592,2147483648,5924093952,407961600
205,1772004991149,3204,3204,3204,3204,3204,3204,3204,3204,33.333335876464844,20,25,14.285715103149414,0,9.090909004211426,0,0,5.473175525665283,8589934592,2147483648,5922308096,407961600
201,1772004991355,3204,3204,3204,3204,3204,3204,3204,3204,25,25,20,23.809524536132813,4.761904716491699,4.761904716491699,0,4.761904716491699,5.473175525665283,8589934592,2147483648,5921538048,407961600
203,1772004991557,3204,3204,3204,3204,3204,3204,3204,3204,25,25,19.047618865966797,15.000000953674316,5,0,4.761904716491699,0,5.473175525665283,8589934592,2147483648,5921144832,407961600
202,1772004991761,3204,3204,3204,3204,3204,3204,3204,3204,40,25,25,28.571430206298828,23.809524536132813,10,9.523809432983398,9.523809432983398,5.473175525665283,8589934592,2147483648,5921144832,407961600
202,1772004991964,3204,3204,3204,3204,3204,3204,3204,3204,30.000001907348633,27.272727966308594,23.809524536132813,15.000000953674316,15.000000953674316,10,0,0,5.347111225128174,8589934592,2147483648,5921144832,407961600
201,1772004992167,3204,3204,3204,3204,3204,3204,3204,3204,28.571430206298828,21.052631378173828,20,15.000000953674316,0,4.761904716491699,0,0,5.347111225128174,8589934592,2147483648,5921144832,407961600
202,1772004992369,3204,3204,3204,3204,3204,3204,3204,3204,35,33.333335876464844,30.000001907348633,30.000001907348633,10,10,14.285715103149414,10,5.347111225128174,8589934592,2147483648,5921570816,407961600
200,1772004992572,3204,3204,3204,3204,3204,3204,3204,3204,28.571430206298828,21.052631378173828,25,15.789472579956055,20,15.000000953674316,10.526315689086914,14.285715103149414,5.347111225128174,8589934592,2147483648,5924061184,407961600
202,1772004992773,3204,3204,3204,3204,3204,3204,3204,3204,21.052631378173828,28.571430206298828,20,23.809524536132813,0,0,0,0,5.347111225128174,8589934592,2147483648,5923504128,407961600
203,1772004992976,3204,3204,3204,3204,3204,3204,3204,3204,25,21.052631378173828,23.809524536132813,20,0,0,0,0,5.704436779022217,8589934592,2147483648,5923553280,407961600
209,1772004993180,3204,3204,3204,3204,3204,3204,3204,3204,23.809524536132813,23.809524536132813,20,25,0,4.761904716491699,0,0,5.704436779022217,8589934592,2147483648,5923569664,407961600
201,1772004993390,3204,3204,3204,3204,3204,3204,3204,3204,20,19.047618865966797,14.285715103149414,19.047618865966797,9.523809432983398,9.090909004211426,4.761904716491699,4.545454502105713,5.704436779022217,8589934592,2147483648,5923651584,407961600
206,1772004993592,3204,3204,3204,3204,3204,3204,3204,3204,15.000000953674316,25,15.000000953674316,28.571430206298828,4.761904716491699,0,0,0,5.704436779022217,8589934592,2147483648,5923667968,407961600
202,1772004993799,3204,3204,3204,3204,3204,3204,3204,3204,33.333335876464844,30.000001907348633,25,25,4.761904716491699,4.761904716491699,0,0,5.7056803703308105,8589934592,2147483648,5923667968,407961600
208,1772004994002,3204,3204,3204,3204,3204,3204,3204,3204,30.000001907348633,28.571430206298828,28.571430206298828,20,25,21.052631378173828,5,0,5.7056803703308105,8589934592,2147483648,5923667968,407961600
209,1772004994211,3204,3204,3204,3204,3204,3204,3204,3204,28.571430206298828,20,25,19.047618865966797,4.761904716491699,0,0,0,5.7056803703308105,8589934592,2147483648,5923667968,407961600
203,1772004994421,3204,3204,3204,3204,3204,3204,3204,3204,25,23.809524536132813,19.047618865966797,19.047618865966797,0,0,0,4.545454502105713,5.7056803703308105,8589934592,2147483648,5923110912,407961600
209,1772004994625,3204,3204,3204,3204,3204,3204,3204,3204,22.72727394104004,28.571430206298828,25,19.047618865966797,9.523809432983398,23.809524536132813,0,0,5.7056803703308105,8589934592,2147483648,5923094528,407961600
209,1772004994836,3204,3204,3204,3204,3204,3204,3204,3204,25,20,14.285715103149414,15.000000953674316,0,0,0,0,5.157814025878906,8589934592,2147483648,5923127296,407961600
209,1772004995046,3204,3204,3204,3204,3204,3204,3204,3204,25,28.571430206298828,28.571430206298828,19.047618865966797,0,0,4.545454502105713,0,5.157814025878906,8589934592,2147483648,5923209216,407961600
209,1772004995256,3204,3204,3204,3204,3204,3204,3204,3204,50,33.333335876464844,33.333335876464844,28.571430206298828,4.545454502105713,8.69565200805664,0,0,5.157814025878906,8589934592,2147483648,5928583168,407961600
207,1772004995466,3204,3204,3204,3204,3204,3204,3204,3204,42.85714340209961,33.333335876464844,42.85714340209961,42.85714340209961,0,0,0,0,5.157814025878906,8589934592,2147483648,5935464448,407961600
208,1772004995674,3204,3204,3204,3204,3204,3204,3204,3204,33.333335876464844,25,23.809524536132813,20,0,0,0,0,5.157814025878906,8589934592,2147483648,5937479680,407961600
209,1772004995882,3204,3204,3204,3204,3204,3204,3204,3204,21.052631378173828,23.809524536132813,23.809524536132813,22.72727394104004,0,0,0,0,5.420867443084717,8589934592,2147483648,5936693248,407961600
200,1772004996092,3204,3204,3204,3204,3204,3204,3204,3204,33.333335876464844,31.81818199157715,30.000001907348633,25,23.809524536132813,20,0,0,5.420867443084717,8589934592,2147483648,5936611328,407961600
206,1772004996294,3204,3204,3204,3204,3204,3204,3204,3204,23.809524536132813,26.3157901763916,19.047618865966797,19.047618865966797,5,9.523809432983398,0,4.761904716491699,5.420867443084717,8589934592,2147483648,5936594944,407961600
205,1772004996501,3204,3204,3204,3204,3204,3204,3204,3204,25,33.333335876464844,20,10.526315689086914,0,0,0,0,5.420867443084717,8589934592,2147483648,5935693824,407961600
208,1772004996707,3204,3204,3204,3204,3204,3204,3204,3204,28.571430206298828,25,25,22.72727394104004,4.761904716491699,4.761904716491699,4.761904716491699,0,5.420867443084717,8589934592,2147483648,5935480832,407961600
209,1772004996916,3204,3204,3204,3204,3204,3204,3204,3204,25,28.571430206298828,19.047618865966797,19.047618865966797,0,0,0,4.545454502105713,5.3660688400268555,8589934592,2147483648,5935497216,407961600
202,1772004997126,3204,3204,3204,3204,3204,3204,3204,3204,33.333335876464844,25,28.571430206298828,25,4.761904716491699,4.761904716491699,9.090909004211426,0,5.3660688400268555,8589934592,2147483648,5935497216,407961600
209,1772004997329,3204,3204,3204,3204,3204,3204,3204,3204,28.571430206298828,27.272727966308594,19.047618865966797,19.047618865966797,5,5,5,5,5.3660688400268555,8589934592,2147483648,5935497216,407961600
205,1772004997538,3204,3204,3204,3204,3204,3204,3204,3204,25,20,30.000001907348633,19.047618865966797,0,0,0,0,5.3660688400268555,8589934592,2147483648,5935202304,407961600
209,1772004997745,3204,3204,3204,3204,3204,3204,3204,3204,23.809524536132813,25,28.571430206298828,20,0,0,0,0,5.3660688400268555,8589934592,2147483648,5935251456,407961600
204,1772004997955,3204,3204,3204,3204,3204,3204,3204,3204,25,19.047618865966797,28.571430206298828,14.285715103149414,9.090909004211426,4.761904716491699,0,0,5.439717769622803,8589934592,2147483648,5935562752,407961600
209,1772004998160,3204,3204,3204,3204,3204,3204,3204,3204,33.333335876464844,28.571430206298828,33.333335876464844,23.809524536132813,19.047618865966797,9.523809432983398,4.761904716491699,9.090909004211426,5.439717769622803,8589934592,2147483648,5945081856,407961600
203,1772004998371,3204,3204,3204,3204,3204,3204,3204,3204,23.809524536132813,23.809524536132813,20,14.285715103149414,15.000000953674316,19.047618865966797,0,0,5.439717769622803,8589934592,2147483648,5933531136,407961600
200,1772004998574,3204,3204,3204,3204,3204,3204,3204,3204,30.000001907348633,25,20,15.000000953674316,0,0,0,0,5.439717769622803,8589934592,2147483648,5933711360,407961600
209,1772004998776,3204,3204,3204,3204,3204,3204,3204,3204,45,42.105262756347656,28.571430206298828,26.3157901763916,9.090909004211426,4.761904716491699,0,0,5.439717769622803,8589934592,2147483648,5933645824,407961600
209,1772004998986,3204,3204,3204,3204,3204,3204,3204,3204,25,22.72727394104004,20,18.18181800842285,4.761904716491699,5,4.761904716491699,4.761904716491699,5.2640862464904785,8589934592,2147483648,5933678592,407961600
209,1772004999196,3204,3204,3204,3204,3204,3204,3204,3204,22.72727394104004,20,23.809524536132813,20,0,0,0,0,5.2640862464904785,8589934592,2147483648,5933662208,407961600
209,1772004999406,3204,3204,3204,3204,3204,3204,3204,3204,23.809524536132813,23.809524536132813,31.81818199157715,18.18181800842285,0,0,0,0,5.2640862464904785,8589934592,2147483648,5933318144,407961600
209,1772004999615,3204,3204,3204,3204,3204,3204,3204,3204,23.809524536132813,28.571430206298828,20,20,0,23.809524536132813,0,0,5.2640862464904785,8589934592,2147483648,5933334528,407961600
209,1772004999826,3204,3204,3204,3204,3204,3204,3204,3204,23.809524536132813,20,18.18181800842285,33.333335876464844,0,0,0,0,5.448251247406006,8589934592,2147483648,5933481984,407961600
202,1772005000036,3204,3204,3204,3204,3204,3204,3204,3204,30.000001907348633,31.81818199157715,21.052631378173828,23.809524536132813,8.69565200805664,0,0,0,5.448251247406006,8589934592,2147483648,5935284224,407961600
209,1772005000239,3204,3204,3204,3204,3204,3204,3204,3204,30.000001907348633,25,23.809524536132813,20,0,5,4.761904716491699,0,5.448251247406006,8589934592,2147483648,5935284224,407961600
203,1772005000449,3204,3204,3204,3204,3204,3204,3204,3204,31.81818199157715,25,25,19.047618865966797,33.333335876464844,18.18181800842285,4.761904716491699,4.761904716491699,5.448251247406006,8589934592,2147483648,5935284224,407961600
209,1772005000653,3204,3204,3204,3204,3204,3204,3204,3204,21.052631378173828,23.809524536132813,19.047618865966797,19.047618865966797,0,0,0,0,5.448251247406006,8589934592,2147483648,5935448064,407961600
204,1772005000863,3204,3204,3204,3204,3204,3204,3204,3204,31.81818199157715,25,23.809524536132813,19.047618865966797,4.761904716491699,4.761904716491699,4.761904716491699,4.761904716491699,5.164944171905518,8589934592,2147483648,5935546368,407961600
207,1772005001068,3204,3204,3204,3204,3204,3204,3204,3204,30.000001907348633,27.272727966308594,23.809524536132813,15.789472579956055,0,4.761904716491699,0,0,5.164944171905518,8589934592,2147483648,5935661056,407961600
209,1772005001276,3204,3204,3204,3204,3204,3204,3204,3204,30.000001907348633,20,15.000000953674316,14.285715103149414,0,0,0,0,5.164944171905518,8589934592,2147483648,5935677440,407961600
206,1772005001486,3204,3204,3204,3204,3204,3204,3204,3204,33.333335876464844,28.571430206298828,23.809524536132813,22.72727394104004,4.545454502105713,0,4.545454502105713,0,5.164944171905518,8589934592,2147483648,5935677440,407961600
206,1772005001692,3204,3204,3204,3204,3204,3204,3204,3204,25,20,25,23.809524536132813,4.761904716491699,0,0,0,5.164944171905518,8589934592,2147483648,5935054848,407961600
209,1772005001900,3204,3204,3204,3204,3204,3204,3204,3204,27.272727966308594,28.571430206298828,28.571430206298828,15.789472579956055,4.761904716491699,4.761904716491699,4.761904716491699,4.761904716491699,5.594208717346191,8589934592,2147483648,5935038464,407961600
205,1772005002109,3204,3204,3204,3204,3204,3204,3204,3204,25,19.047618865966797,19.047618865966797,18.18181800842285,0,4.545454502105713,0,0,5.594208717346191,8589934592,2147483648,5935022080,407961600
199,1772005002316,3204,3204,3204,3204,3204,3204,3204,3204,23.809524536132813,20,23.809524536132813,15.000000953674316,0,0,0,0,5.594208717346191,8589934592,2147483648,5935120384,407961600
209,1772005002516,3204,3204,3204,3204,3204,3204,3204,3204,35,35,31.57894515991211,28.571430206298828,25,25,5,5,5.594208717346191,8589934592,2147483648,5935087616,407961600
204,1772005002726,3204,3204,3204,3204,3204,3204,3204,3204,23.809524536132813,25,19.047618865966797,15.000000953674316,5,5,0,0,5.594208717346191,8589934592,2147483648,5935464448,407961600
203,1772005002931,3204,3204,3204,3204,3204,3204,3204,3204,21.052631378173828,27.272727966308594,23.809524536132813,20,0,0,0,0,5.078829288482666,8589934592,2147483648,5935464448,407961600
206,1772005003136,3204,3204,3204,3204,3204,3204,3204,3204,25,30.000001907348633,20,19.047618865966797,5,4.761904716491699,4.761904716491699,0,5.078829288482666,8589934592,2147483648,5935513600,407961600
208,1772005003342,3204,3204,3204,3204,3204,3204,3204,3204,22.72727394104004,25,19.047618865966797,15.000000953674316,9.523809432983398,4.761904716491699,0,4.545454502105713,5.078829288482666,8589934592,2147483648,5935497216,407961600
209,1772005003552,3204,3204,3204,3204,3204,3204,3204,3204,20,23.809524536132813,19.047618865966797,14.285715103149414,4.761904716491699,4.761904716491699,0,0,5.078829288482666,8589934592,2147483648,5935595520,407961600
200,1772005003762,3204,3204,3204,3204,3204,3204,3204,3204,20,31.81818199157715,20,23.809524536132813,4.761904716491699,0,0,0,5.078829288482666,8589934592,2147483648,5935611904,407961600
209,1772005003963,3204,3204,3204,3204,3204,3204,3204,3204,22.72727394104004,31.57894515991211,20,19.047618865966797,0,0,0,0,5.374912738800049,8589934592,2147483648,5935628288,407961600
209,1772005004173,3204,3204,3204,3204,3204,3204,3204,3204,25,23.809524536132813,22.72727394104004,15.789472579956055,4.761904716491699,4.545454502105713,4.545454502105713,0,5.374912738800049,8589934592,2147483648,5935529984,407961600
201,1772005004383,3204,3204,3204,3204,3204,3204,3204,3204,23.809524536132813,23.809524536132813,15.000000953674316,18.18181800842285,0,0,0,4.545454502105713,5.374912738800049,8589934592,2147483648,5935038464,407961600
209,1772005004585,3204,3204,3204,3204,3204,3204,3204,3204,35,30.000001907348633,35,25,15.789472579956055,10,28.571430206298828,0,5.374912738800049,8589934592,2147483648,5943083008,407961600
206,1772005004795,3204,3204,3204,3204,3204,3204,3204,3204,23.809524536132813,19.047618865966797,23.809524536132813,14.285715103149414,19.047618865966797,13.636363983154297,0,0,5.2391581535339355,8589934592,2147483648,5936971776,407961600
207,1772005005003,3204,3204,3204,3204,3204,3204,3204,3204,25,33.333335876464844,22.72727394104004,20,0,0,0,0,5.2391581535339355,8589934592,2147483648,5936136192,407961600
209,1772005005211,3204,3204,3204,3204,3204,3204,3204,3204,28.571430206298828,25,15.789472579956055,19.047618865966797,4.761904716491699,4.761904716491699,4.761904716491699,4.761904716491699,5.2391581535339355,8589934592,2147483648,5935988736,407961600
209,1772005005421,3204,3204,3204,3204,3204,3204,3204,3204,33.333335876464844,20,23.809524536132813,19.047618865966797,0,0,4.545454502105713,0,5.2391581535339355,8589934592,2147483648,5936021504,407961600
208,1772005005631,3204,3204,3204,3204,3204,3204,3204,3204,23.809524536132813,27.272727966308594,19.047618865966797,27.272727966308594,4.761904716491699,4.761904716491699,0,0,5.2391581535339355,8589934592,2147483648,5936021504,407961600
209,1772005005840,3204,3204,3204,3204,3204,3204,3204,3204,25,20,14.285715103149414,15.000000953674316,0,4.545454502105713,0,0,5.3985137939453125,8589934592,2147483648,5935988736,407961600
208,1772005006050,3204,3204,3204,3204,3204,3204,3204,3204,31.81818199157715,28.571430206298828,23.809524536132813,23.809524536132813,0,0,4.545454502105713,0,5.3985137939453125,8589934592,2147483648,5936037888,407961600
202,1772005006259,3204,3204,3204,3204,3204,3204,3204,3204,25,19.047618865966797,19.047618865966797,19.047618865966797,4.761904716491699,0,0,4.545454502105713,5.3985137939453125,8589934592,2147483648,5935923200,407961600
207,1772005006462,3204,3204,3204,3204,3204,3204,3204,3204,25,25,15.789472579956055,20,0,5,0,5,5.3985137939453125,8589934592,2147483648,5935300608,407961600
209,1772005006669,3204,3204,3204,3204,3204,3204,3204,3204,33.333335876464844,23.809524536132813,27.272727966308594,23.809524536132813,8.69565200805664,4.761904716491699,4.545454502105713,0,5.3985137939453125,8589934592,2147483648,5937053696,407961600
208,1772005006879,3204,3204,3204,3204,3204,3204,3204,3204,25,28.571430206298828,25,30.000001907348633,15.789472579956055,28.571430206298828,0,4.761904716491699,5.151871681213379,8589934592,2147483648,5935153152,407961600
206,1772005007088,3204,3204,3204,3204,3204,3204,3204,3204,33.333335876464844,25,23.809524536132813,19.047618865966797,4.761904716491699,4.761904716491699,4.761904716491699,4.545454502105713,5.151871681213379,8589934592,2147483648,5935136768,407961600
204,1772005007295,3204,3204,3204,3204,3204,3204,3204,3204,23.809524536132813,23.809524536132813,19.047618865966797,23.809524536132813,0,0,0,0,5.151871681213379,8589934592,2147483648,5935153152,407961600
209,1772005007499,3204,3204,3204,3204,3204,3204,3204,3204,25,30.000001907348633,20,23.809524536132813,4.761904716491699,4.545454502105713,0,0,5.151871681213379,8589934592,2147483648,5935677440,407961600
203,1772005007709,3204,3204,3204,3204,3204,3204,3204,3204,31.81818199157715,23.809524536132813,30.000001907348633,20,0,0,4.545454502105713,0,5.151871681213379,8589934592,2147483648,5935611904,407961600
200,1772005007913,3204,3204,3204,3204,3204,3204,3204,3204,26.3157901763916,23.809524536132813,28.571430206298828,23.809524536132813,0,0,0,0,5.241381645202637,8589934592,2147483648,5935693824,407961600
205,1772005008114,3204,3204,3204,3204,3204,3204,3204,3204,33.333335876464844,15.789472579956055,20,10.526315689086914,4.761904716491699,4.761904716491699,0,0,5.241381645202637,8589934592,2147483648,5935710208,407961600
209,1772005008320,3204,3204,3204,3204,3204,3204,3204,3204,30.000001907348633,23.809524536132813,23.809524536132813,15.000000953674316,0,4.761904716491699,0,4.761904716491699,5.241381645202637,8589934592,2147483648,5935677440,407961600
209,1772005008530,3204,3204,3204,3204,3204,3204,3204,3204,15.000000953674316,14.285715103149414,15.000000953674316,18.18181800842285,9.090909004211426,0,9.523809432983398,0,5.241381645202637,8589934592,2147483648,5935726592,407961600
201,1772005008740,3204,3204,3204,3204,3204,3204,3204,3204,28.571430206298828,23.809524536132813,19.047618865966797,19.047618865966797,0,0,0,0,5.241381645202637,8589934592,2147483648,5935726592,407961600
209,1772005008942,3204,3204,3204,3204,3204,3204,3204,3204,35,31.57894515991211,28.571430206298828,21.052631378173828,21.052631378173828,15.000000953674316,0,4.761904716491699,5.3240437507629395,8589934592,2147483648,5935824896,407961600
206,1772005009152,3204,3204,3204,3204,3204,3204,3204,3204,33.333335876464844,31.81818199157715,20,22.72727394104004,4.761904716491699,13.636363983154297,0,0,5.3240437507629395,8589934592,2147483648,5934759936,407961600
209,1772005009359,3204,3204,3204,3204,3204,3204,3204,3204,23.809524536132813,25,19.047618865966797,19.047618865966797,0,0,0,0,5.3240437507629395,8589934592,2147483648,5934710784,407961600
208,1772005009569,3204,3204,3204,3204,3204,3204,3204,3204,23.809524536132813,23.809524536132813,20,10,9.523809432983398,14.285715103149414,9.090909004211426,0,5.3240437507629395,8589934592,2147483648,5937528832,407961600
201,1772005009778,3204,3204,3204,3204,3204,3204,3204,3204,28.571430206298828,15.000000953674316,19.047618865966797,14.285715103149414,9.090909004211426,4.761904716491699,0,0,5.3240437507629395,8589934592,2147483648,5934776320,407961600
208,1772005009979,3204,3204,3204,3204,3204,3204,3204,3204,25,28.571430206298828,19.047618865966797,25,0,0,0,0,5.066037178039551,8589934592,2147483648,5934759936,407961600
209,1772005010188,3204,3204,3204,3204,3204,3204,3204,3204,15.000000953674316,28.571430206298828,19.047618865966797,14.285715103149414,0,0,4.761904716491699,0,5.066037178039551,8589934592,2147483648,5935316992,407961600
208,1772005010398,3204,3204,3204,3204,3204,3204,3204,3204,27.272727966308594,25,20,14.285715103149414,4.545454502105713,0,0,4.545454502105713,5.066037178039551,8589934592,2147483648,5935300608,407961600
208,1772005010607,3204,3204,3204,3204,3204,3204,3204,3204,21.052631378173828,22.72727394104004,23.809524536132813,14.285715103149414,0,9.090909004211426,0,0,5.066037178039551,8589934592,2147483648,5937397760,407961600
208,1772005010816,3204,3204,3204,3204,3204,3204,3204,3204,36.3636360168457,25,23.809524536132813,23.809524536132813,0,0,0,0,5.438042640686035,8589934592,2147483648,5936660480,407961600
209,1772005011024,3204,3204,3204,3204,3204,3204,3204,3204,35,28.571430206298828,15.000000953674316,25,19.047618865966797,5,0,0,5.438042640686035,8589934592,2147483648,5947195392,407961600
208,1772005011234,3204,3204,3204,3204,3204,3204,3204,3204,28.571430206298828,20,23.809524536132813,19.047618865966797,19.047618865966797,9.523809432983398,0,0,5.438042640686035,8589934592,2147483648,5935628288,407961600
205,1772005011444,3204,3204,3204,3204,3204,3204,3204,3204,20,19.047618865966797,22.72727394104004,22.72727394104004,0,4.545454502105713,0,0,5.438042640686035,8589934592,2147483648,5935480832,407961600
203,1772005011649,3204,3204,3204,3204,3204,3204,3204,3204,27.272727966308594,20,25,25,0,0,0,0,5.438042640686035,8589934592,2147483648,5935366144,407961600
205,1772005011853,3204,3204,3204,3204,3204,3204,3204,3204,20,23.809524536132813,10,25,0,0,4.761904716491699,0,5.027270793914795,8589934592,2147483648,5935316992,407961600
200,1772005012059,3204,3204,3204,3204,3204,3204,3204,3204,26.3157901763916,25,23.809524536132813,25,4.761904716491699,0,0,4.761904716491699,5.027270793914795,8589934592,2147483648,5935120384,407961600
209,1772005012259,3204,3204,3204,3204,3204,3204,3204,3204,25,25,26.3157901763916,35,4.761904716491699,4.761904716491699,0,0,5.027270793914795,8589934592,2147483648,5935710208,407961600
208,1772005012469,3204,3204,3204,3204,3204,3204,3204,3204,31.81818199157715,22.72727394104004,22.72727394104004,23.809524536132813,0,4.761904716491699,4.545454502105713,0,5.027270793914795,8589934592,2147483648,5935693824,407961600
204,1772005012678,3204,3204,3204,3204,3204,3204,3204,3204,23.809524536132813,25,25,19.047618865966797,4.761904716491699,0,0,4.761904716491699,5.027270793914795,8589934592,2147483648,5935661056,407961600
208,1772005012882,3204,3204,3204,3204,3204,3204,3204,3204,25,20,23.809524536132813,25,0,0,0,0,5.331500053405762,8589934592,2147483648,5935677440,407961600
209,1772005013091,3204,3204,3204,3204,3204,3204,3204,3204,25,23.809524536132813,23.809524536132813,23.809524536132813,4.761904716491699,4.761904716491699,4.545454502105713,0,5.331500053405762,8589934592,2147483648,5935677440,407961600
207,1772005013301,3204,3204,3204,3204,3204,3204,3204,3204,47.619049072265625,47.619049072265625,42.85714340209961,52.38095474243164,25,18.18181800842285,13.636363983154297,9.523809432983398,5.331500053405762,8589934592,2147483648,5937561600,407961600
201,1772005013509,3204,3204,3204,3204,3204,3204,3204,3204,65,66.66667175292969,50,57.142860412597656,9.523809432983398,9.523809432983398,4.761904716491699,4.761904716491699,5.331500053405762,8589934592,2147483648,5946048512,407961600
209,1772005013711,3204,3204,3204,3204,3204,3204,3204,3204,42.85714340209961,42.105262756347656,40,31.57894515991211,19.047618865966797,15.000000953674316,0,0,5.331500053405762,8589934592,2147483648,5947883520,407961600
206,1772005013921,3204,3204,3204,3204,3204,3204,3204,3204,57.142860412597656,54.54545593261719,50,42.85714340209961,4.761904716491699,0,0,0,5.143470764160156,8589934592,2147483648,5955387392,407961600
204,1772005014127,3204,3204,3204,3204,3204,3204,3204,3204,50,55,59.09090805053711,52.38095474243164,0,4.761904716491699,0,0,5.143470764160156,8589934592,2147483648,5960810496,407961600
207,1772005014333,3204,3204,3204,3204,3204,3204,3204,3204,57.142860412597656,60.000003814697266,55,52.38095474243164,0,0,0,0,5.143470764160156,8589934592,2147483648,5960433664,407961600
209,1772005014541,3204,3204,3204,3204,3204,3204,3204,3204,35,28.571430206298828,25,23.809524536132813,5,9.523809432983398,4.545454502105713,4.761904716491699,5.143470764160156,8589934592,2147483648,5960974336,407961600
209,1772005014751,3204,3204,3204,3204,3204,3204,3204,3204,38.095237731933594,25,31.81818199157715,28.571430206298828,4.761904716491699,23.809524536132813,0,0,5.143470764160156,8589934592,2147483648,5960826880,407961600
204,1772005014961,3204,3204,3204,3204,3204,3204,3204,3204,38.095237731933594,36.3636360168457,55,30.000001907348633,23.809524536132813,0,0,0,6.034923553466797,8589934592,2147483648,5961629696,407961600
209,1772005015166,3204,3204,3204,3204,3204,3204,3204,3204,25,35,23.809524536132813,23.809524536132813,63.6363639831543,42.85714340209961,0,0,6.034923553466797,8589934592,2147483648,5962629120,407961600
207,1772005015375,3204,3204,3204,3204,3204,3204,3204,3204,33.333335876464844,33.333335876464844,27.272727966308594,23.809524536132813,73.68421173095703,31.57894515991211,5,4.545454502105713,6.034923553466797,8589934592,2147483648,5949259776,407961600
206,1772005015583,3204,3204,3204,3204,3204,3204,3204,3204,23.809524536132813,28.571430206298828,15.789472579956055,19.047618865966797,42.85714340209961,31.81818199157715,4.545454502105713,50,6.034923553466797,8589934592,2147483648,5942624256,407961600
201,1772005015790,3204,3204,3204,3204,3204,3204,3204,3204,25,25,20,10,9.523809432983398,0,0,85.71428680419922,5.932129383087158,8589934592,2147483648,5942624256,407961600
201,1772005015992,3204,3204,3204,3204,3204,3204,3204,3204,23.809524536132813,23.809524536132813,14.285715103149414,15.000000953674316,76.19047546386719,0,0,0,5.932129383087158,8589934592,2147483648,5942624256,407961600
200,1772005016194,3204,3204,3204,3204,3204,3204,3204,3204,26.3157901763916,20,20,10,0,70,0,0,5.932129383087158,8589934592,2147483648,5941329920,407961600
203,1772005016395,3204,3204,3204,3204,3204,3204,3204,3204,31.81818199157715,20,23.809524536132813,20,0,45,57.894737243652344,0,5.932129383087158,8589934592,2147483648,5943967744,407961600
207,1772005016599,3204,3204,3204,3204,3204,3204,3204,3204,21.052631378173828,15.000000953674316,10.526315689086914,15.000000953674316,4.761904716491699,40,38.095237731933594,0,5.932129383087158,8589934592,2147483648,5943967744,407961600
201,1772005016807,3204,3204,3204,3204,3204,3204,3204,3204,28.571430206298828,23.809524536132813,19.047618865966797,10,35,23.809524536132813,0,0,10.32866382598877,8589934592,2147483648,5943967744,407961600
209,1772005017009,3204,3204,3204,3204,3204,3204,3204,3204,21.052631378173828,20,19.047618865966797,18.18181800842285,47.619049072265625,70,0,0,10.32866382598877,8589934592,2147483648,5943967744,407961600
209,1772005017219,3204,3204,3204,3204,3204,3204,3204,3204,28.571430206298828,26.3157901763916,20,20,80.95238494873047,5,4.761904716491699,13.636363983154297,10.32866382598877,8589934592,2147483648,5945589760,407961600
208,1772005017428,3204,3204,3204,3204,3204,3204,3204,3204,31.81818199157715,26.086956024169922,19.047618865966797,19.047618865966797,52.38095474243164,31.81818199157715,5,0,10.32866382598877,8589934592,2147483648,5928566784,407961600
206,1772005017638,3204,3204,3204,3204,3204,3204,3204,3204,30.000001907348633,30.000001907348633,20,15.000000953674316,19.047618865966797,20,36.3636360168457,31.81818199157715,10.32866382598877,8589934592,2147483648,5919834112,407961600
207,1772005017845,3204,3204,3204,3204,3204,3204,3204,3204,20,20,19.047618865966797,18.18181800842285,65,33.333335876464844,0,0,9.174917221069336,8589934592,2147483648,5920063488,407961600
205,1772005018053,3204,3204,3204,3204,3204,3204,3204,3204,22.72727394104004,20,19.047618865966797,20,28.571430206298828,76.19047546386719,0,0,9.174917221069336,8589934592,2147483648,5920358400,407961600
202,1772005018259,3204,3204,3204,3204,3204,3204,3204,3204,20,23.809524536132813,10,19.047618865966797,66.66667175292969,19.047618865966797,14.285715103149414,0,9.174917221069336,8589934592,2147483648,5920210944,407961600
204,1772005018462,3204,3204,3204,3204,3204,3204,3204,3204,15.789472579956055,23.809524536132813,20,20,40,5,10,5,9.174917221069336,8589934592,2147483648,5920636928,407961600
208,1772005018667,3204,3204,3204,3204,3204,3204,3204,3204,23.809524536132813,25,19.047618865966797,10,28.571430206298828,0,77.2727279663086,0,9.174917221069336,8589934592,2147483648,5920653312,407961600
201,1772005018876,3204,3204,3204,3204,3204,3204,3204,3204,23.809524536132813,20,14.285715103149414,14.285715103149414,70,36.3636360168457,0,0,11.122084617614746,8589934592,2147483648,5920440320,407961600
209,1772005019077,3204,3204,3204,3204,3204,3204,3204,3204,30.000001907348633,25,20,15.789472579956055,60.000003814697266,0,10,4.761904716491699,11.122084617614746,8589934592,2147483648,5920489472,407961600
206,1772005019287,3204,3204,3204,3204,3204,3204,3204,3204,23.809524536132813,27.272727966308594,19.047618865966797,18.18181800842285,54.54545593261719,42.85714340209961,9.523809432983398,0,11.122084617614746,8589934592,2147483648,5919162368,407961600
201,1772005019494,3204,3204,3204,3204,3204,3204,3204,3204,25,28.571430206298828,15.000000953674316,14.285715103149414,4.761904716491699,85.71428680419922,0,0,11.122084617614746,8589934592,2147483648,5919178752,407961600
207,1772005019696,3204,3204,3204,3204,3204,3204,3204,3204,30.000001907348633,31.57894515991211,25,20,36.842105865478516,50,25,35,11.122084617614746,8589934592,2147483648,5916606464,407961600
208,1772005019903,3204,3204,3204,3204,3204,3204,3204,3204,23.809524536132813,19.047618865966797,14.285715103149414,20,100,0,0,0,10.07127571105957,8589934592,2147483648,5918081024,407961600
206,1772005020112,3204,3204,3204,3204,3204,3204,3204,3204,28.571430206298828,30.000001907348633,30.000001907348633,23.809524536132813,28.571430206298828,0,0,23.809524536132813,10.07127571105957,8589934592,2147483648,5926141952,407961600
206,1772005020319,3204,3204,3204,3204,3204,3204,3204,3204,30.000001907348633,31.81818199157715,23.809524536132813,23.809524536132813,4.761904716491699,85,0,0,10.07127571105957,8589934592,2147483648,5926944768,407961600
209,1772005020526,3204,3204,3204,3204,3204,3204,3204,3204,25,25,28.571430206298828,25,0,52.38095474243164,0,0,10.07127571105957,8589934592,2147483648,5926584320,407961600
206,1772005020735,3204,3204,3204,3204,3204,3204,3204,3204,38.095237731933594,35,28.571430206298828,31.81818199157715,47.619049072265625,4.761904716491699,0,0,10.07127571105957,8589934592,2147483648,5938528256,407961600
209,1772005020942,3204,3204,3204,3204,3204,3204,3204,3204,40,33.333335876464844,30.000001907348633,25,57.142860412597656,0,0,0,10.919766426086426,8589934592,2147483648,5938528256,407961600
203,1772005021152,3204,3204,3204,3204,3204,3204,3204,3204,28.571430206298828,35,25,33.333335876464844,20,0,4.545454502105713,0,10.919766426086426,8589934592,2147483648,5938528256,407961600
209,1772005021356,3204,3204,3204,3204,3204,3204,3204,3204,38.095237731933594,28.571430206298828,28.571430206298828,21.052631378173828,55,4.761904716491699,0,0,10.919766426086426,8589934592,2147483648,5925519360,407961600
209,1772005021566,3204,3204,3204,3204,3204,3204,3204,3204,36.842105865478516,42.85714340209961,38.095237731933594,31.81818199157715,33.333335876464844,0,0,4.545454502105713,10.919766426086426,8589934592,2147483648,5905956864,407961600
205,1772005021777,3204,3204,3204,3204,3204,3204,3204,3204,33.333335876464844,33.333335876464844,30.000001907348633,28.571430206298828,52.38095474243164,23.809524536132813,9.523809432983398,0,10.919766426086426,8589934592,2147483648,5905956864,407961600
200,1772005021983,3204,3204,3204,3204,3204,3204,3204,3204,36.3636360168457,25,23.809524536132813,20,70,4.761904716491699,0,0,8.774989128112793,8589934592,2147483648,5905956864,407961600
206,1772005022184,3204,3204,3204,3204,3204,3204,3204,3204,30.000001907348633,30.000001907348633,25,25,14.285715103149414,0,0,0,8.774989128112793,8589934592,2147483648,5905956864,407961600
208,1772005022391,3204,3204,3204,3204,3204,3204,3204,3204,21.052631378173828,20,25,20,75,4.545454502105713,0,0,8.774989128112793,8589934592,2147483648,5901287424,407961600
207,1772005022601,3204,3204,3204,3204,3204,3204,3204,3204,23.809524536132813,28.571430206298828,19.047618865966797,14.285715103149414,80.95238494873047,0,0,0,8.774989128112793,8589934592,2147483648,5898108928,407961600
204,1772005022809,3204,3204,3204,3204,3204,3204,3204,3204,42.85714340209961,42.85714340209961,38.095237731933594,23.809524536132813,9.523809432983398,0,0,0,8.72229290008545,8589934592,2147483648,5910937600,407961600
209,1772005023014,3204,3204,3204,3204,3204,3204,3204,3204,42.105262756347656,35,40,30.000001907348633,25,5,9.090909004211426,4.761904716491699,8.72229290008545,8589934592,2147483648,5939986432,407961600
208,1772005023224,3204,3204,3204,3204,3204,3204,3204,3204,39.130435943603516,40,27.272727966308594,22.72727394104004,47.619049072265625,0,0,0,8.72229290008545,8589934592,2147483648,5942394880,407961600
209,1772005023433,3204,3204,3204,3204,3204,3204,3204,3204,25,28.571430206298828,20,20,60.000003814697266,4.761904716491699,0,4.761904716491699,8.72229290008545,8589934592,2147483648,5948063744,407961600
205,1772005023643,3204,3204,3204,3204,3204,3204,3204,3204,20,25,19.047618865966797,9.523809432983398,86.36363983154297,0,5,4.545454502105713,8.72229290008545,8589934592,2147483648,5943934976,407961600
209,1772005023849,3204,3204,3204,3204,3204,3204,3204,3204,38.095237731933594,50,30.000001907348633,26.3157901763916,30.000001907348633,19.047618865966797,13.636363983154297,0,8.871968269348145,8589934592,2147483648,5956648960,407961600
208,1772005024060,3204,3204,3204,3204,3204,3204,3204,3204,33.333335876464844,30.000001907348633,23.809524536132813,22.72727394104004,55,14.285715103149414,0,0,8.871968269348145,8589934592,2147483648,5956648960,407961600
204,1772005024269,3204,3204,3204,3204,3204,3204,3204,3204,25,25,20,19.047618865966797,42.85714340209961,0,0,0,8.871968269348145,8589934592,2147483648,5956648960,407961600
205,1772005024474,3204,3204,3204,3204,3204,3204,3204,3204,23.809524536132813,23.809524536132813,19.047618865966797,23.809524536132813,9.523809432983398,4.761904716491699,5,0,8.871968269348145,8589934592,2147483648,5935726592,407961600
209,1772005024679,3204,3204,3204,3204,3204,3204,3204,3204,36.842105865478516,42.85714340209961,28.571430206298828,30.000001907348633,9.523809432983398,20,4.761904716491699,4.545454502105713,8.871968269348145,8589934592,2147483648,5938708480,407961600
209,1772005024890,3204,3204,3204,3204,3204,3204,3204,3204,27.272727966308594,23.809524536132813,15.000000953674316,23.809524536132813,40,4.761904716491699,0,0,8.464959144592285,8589934592,2147483648,5938692096,407961600
208,1772005025100,3204,3204,3204,3204,3204,3204,3204,3204,30.000001907348633,20,28.571430206298828,19.047618865966797,9.090909004211426,4.545454502105713,0,0,8.464959144592285,8589934592,2147483648,5938757632,407961600
209,1772005025309,3204,3204,3204,3204,3204,3204,3204,3204,33.333335876464844,23.809524536132813,23.809524536132813,23.809524536132813,0,0,0,0,8.464959144592285,8589934592,2147483648,5938757632,407961600
209,1772005025519,3204,3204,3204,3204,3204,3204,3204,3204,36.3636360168457,27.272727966308594,20,10,4.545454502105713,4.545454502105713,4.545454502105713,0,8.464959144592285,8589934592,2147483648,5938266112,407961600
207,1772005025729,3204,3204,3204,3204,3204,3204,3204,3204,26.3157901763916,21.052631378173828,27.272727966308594,27.272727966308594,4.761904716491699,4.761904716491699,4.761904716491699,4.761904716491699,8.464959144592285,8589934592,2147483648,5939675136,407961600
209,1772005025936,3204,3204,3204,3204,3204,3204,3204,3204,33.333335876464844,31.81818199157715,33.333335876464844,25,5,0,0,0,7.790361404418945,8589934592,2147483648,5947670528,407961600
207,1772005026147,3204,3204,3204,3204,3204,3204,3204,3204,36.3636360168457,28.571430206298828,23.809524536132813,20,23.809524536132813,23.809524536132813,0,0,7.790361404418945,8589934592,2147483648,5947670528,407961600
201,1772005026355,3204,3204,3204,3204,3204,3204,3204,3204,25,25,20,18.18181800842285,0,0,4.545454502105713,4.545454502105713,7.790361404418945,8589934592,2147483648,5947670528,407961600
209,1772005026557,3204,3204,3204,3204,3204,3204,3204,3204,25,25,20,20,0,0,0,0,7.790361404418945,8589934592,2147483648,5939232768,407961600
208,1772005026767,3204,3204,3204,3204,3204,3204,3204,3204,38.095237731933594,27.272727966308594,19.047618865966797,19.047618865966797,4.761904716491699,4.761904716491699,0,0,7.790361404418945,8589934592,2147483648,5939052544,407961600
205,1772005026976,3204,3204,3204,3204,3204,3204,3204,3204,25,25,23.809524536132813,19.047618865966797,0,0,0,0,5.208302974700928,8589934592,2147483648,5939085312,407961600
208,1772005027183,3204,3204,3204,3204,3204,3204,3204,3204,31.81818199157715,20,25,20,0,4.761904716491699,0,0,5.208302974700928,8589934592,2147483648,5939920896,407961600
208,1772005027392,3204,3204,3204,3204,3204,3204,3204,3204,25,23.809524536132813,23.809524536132813,19.047618865966797,4.761904716491699,0,4.545454502105713,4.761904716491699,5.208302974700928,8589934592,2147483648,5939920896,407961600
205,1772005027601,3204,3204,3204,3204,3204,3204,3204,3204,25,25,23.809524536132813,15.000000953674316,0,0,0,0,5.208302974700928,8589934592,2147483648,5939200000,407961600
208,1772005027807,3204,3204,3204,3204,3204,3204,3204,3204,23.809524536132813,23.809524536132813,23.809524536132813,19.047618865966797,0,4.761904716491699,0,0,5.386953353881836,8589934592,2147483648,5939200000,407961600
200,1772005028016,3204,3204,3204,3204,3204,3204,3204,3204,27.272727966308594,20,23.809524536132813,23.809524536132813,0,0,0,0,5.386953353881836,8589934592,2147483648,5939134464,407961600
208,1772005028217,3204,3204,3204,3204,3204,3204,3204,3204,47.36842346191406,57.142860412597656,40,45,28.571430206298828,20,10,5.263157844543457,5.386953353881836,8589934592,2147483648,5937217536,407961600
209,1772005028426,3204,3204,3204,3204,3204,3204,3204,3204,57.142860412597656,42.85714340209961,38.095237731933594,47.619049072265625,0,4.761904716491699,4.761904716491699,0,5.386953353881836,8589934592,2147483648,5937283072,407961600
204,1772005028636,3204,3204,3204,3204,3204,3204,3204,3204,30.000001907348633,33.333335876464844,35,33.333335876464844,9.523809432983398,4.761904716491699,4.761904716491699,4.761904716491699,5.386953353881836,8589934592,2147483648,5936824320,407961600
208,1772005028841,3204,3204,3204,3204,3204,3204,3204,3204,38.095237731933594,42.85714340209961,40,30.000001907348633,0,4.761904716491699,0,0,5.087063789367676,8589934592,2147483648,5937577984,407961600
207,1772005029051,3204,3204,3204,3204,3204,3204,3204,3204,28.571430206298828,20,18.18181800842285,19.047618865966797,0,0,0,0,5.087063789367676,8589934592,2147483648,5937283072,407961600
206,1772005029259,3204,3204,3204,3204,3204,3204,3204,3204,28.571430206298828,28.571430206298828,20,23.809524536132813,4.761904716491699,4.761904716491699,4.761904716491699,4.761904716491699,5.087063789367676,8589934592,2147483648,5937004544,407961600
203,1772005029466,3204,3204,3204,3204,3204,3204,3204,3204,25,20,19.047618865966797,15.000000953674316,5,0,0,0,5.087063789367676,8589934592,2147483648,5936103424,407961600
205,1772005029670,3204,3204,3204,3204,3204,3204,3204,3204,30.000001907348633,20,20,15.000000953674316,19.047618865966797,18.18181800842285,9.523809432983398,9.090909004211426,5.087063789367676,8589934592,2147483648,5936136192,407961600
206,1772005029876,3204,3204,3204,3204,3204,3204,3204,3204,28.571430206298828,28.571430206298828,19.047618865966797,19.047618865966797,4.761904716491699,0,0,0,5.598948001861572,8589934592,2147483648,5936660480,407961600
203,1772005030082,3204,3204,3204,3204,3204,3204,3204,3204,30.000001907348633,28.571430206298828,25,25,0,4.761904716491699,0,0,5.598948001861572,8589934592,2147483648,5935923200,407961600
209,1772005030286,3204,3204,3204,3204,3204,3204,3204,3204,30.000001907348633,30.000001907348633,23.809524536132813,25,10,15.000000953674316,5,0,5.598948001861572,8589934592,2147483648,5946195968,407961600
209,1772005030496,3204,3204,3204,3204,3204,3204,3204,3204,31.81818199157715,23.809524536132813,25,23.809524536132813,20,9.523809432983398,4.761904716491699,4.545454502105713,5.598948001861572,8589934592,2147483648,5937332224,407961600
209,1772005030706,3204,3204,3204,3204,3204,3204,3204,3204,30.000001907348633,23.809524536132813,19.047618865966797,23.809524536132813,8.69565200805664,0,0,0,5.598948001861572,8589934592,2147483648,5936889856,407961600
207,1772005030916,3204,3204,3204,3204,3204,3204,3204,3204,28.571430206298828,25,25,19.047618865966797,4.761904716491699,0,0,0,5.369956016540527,8589934592,2147483648,5936922624,407961600
200,1772005031124,3204,3204,3204,3204,3204,3204,3204,3204,30.000001907348633,33.333335876464844,36.3636360168457,33.333335876464844,5,4.761904716491699,8.69565200805664,4.761904716491699,5.369956016540527,8589934592,2147483648,5936054272,407961600
205,1772005031325,3204,3204,3204,3204,3204,3204,3204,3204,38.095237731933594,33.333335876464844,30.000001907348633,30.000001907348633,0,0,0,0,5.369956016540527,8589934592,2147483648,5936054272,407961600
209,1772005031531,3204,3204,3204,3204,3204,3204,3204,3204,33.333335876464844,20,20,23.809524536132813,4.761904716491699,9.090909004211426,0,0,5.369956016540527,8589934592,2147483648,5936054272,407961600
208,1772005031741,3204,3204,3204,3204,3204,3204,3204,3204,25,20,19.047618865966797,19.047618865966797,0,0,0,0,5.369956016540527,8589934592,2147483648,5931106304,407961600
207,1772005031949,3204,3204,3204,3204,3204,3204,3204,3204,28.571430206298828,27.272727966308594,19.047618865966797,14.285715103149414,0,0,0,0,5.456843376159668,8589934592,2147483648,5931106304,407961600
208,1772005032157,3204,3204,3204,3204,3204,3204,3204,3204,25,25,25,20,0,0,0,0,5.456843376159668,8589934592,2147483648,5930549248,407961600
207,1772005032366,3204,3204,3204,3204,3204,3204,3204,3204,28.571430206298828,25,31.81818199157715,28.571430206298828,4.761904716491699,4.761904716491699,4.761904716491699,4.761904716491699,5.456843376159668,8589934592,2147483648,5934104576,407961600
208,1772005032573,3204,3204,3204,3204,3204,3204,3204,3204,42.85714340209961,33.333335876464844,26.3157901763916,23.809524536132813,19.047618865966797,0,0,0,5.456843376159668,8589934592,2147483648,5934104576,407961600
209,1772005032782,3204,3204,3204,3204,3204,3204,3204,3204,20,28.571430206298828,23.809524536132813,23.809524536132813,14.285715103149414,4.761904716491699,0,0,5.456843376159668,8589934592,2147483648,5930090496,407961600
209,1772005032992,3204,3204,3204,3204,3204,3204,3204,3204,33.333335876464844,20,19.047618865966797,14.285715103149414,0,4.761904716491699,0,0,5.43908166885376,8589934592,2147483648,5930156032,407961600
202,1772005033203,3204,3204,3204,3204,3204,3204,3204,3204,23.809524536132813,22.72727394104004,27.272727966308594,15.000000953674316,4.761904716491699,0,0,0,5.43908166885376,8589934592,2147483648,5930336256,407961600
206,1772005033406,3204,3204,3204,3204,3204,3204,3204,3204,30.000001907348633,21.052631378173828,15.789472579956055,19.047618865966797,0,0,0,0,5.43908166885376,8589934592,2147483648,5930287104,407961600
209,1772005033613,3204,3204,3204,3204,3204,3204,3204,3204,28.571430206298828,22.72727394104004,27.272727966308594,15.789472579956055,5,4.761904716491699,4.761904716491699,0,5.43908166885376,8589934592,2147483648,5930532864,407961600
206,1772005033823,3204,3204,3204,3204,3204,3204,3204,3204,28.571430206298828,25,20,18.18181800842285,0,4.761904716491699,0,4.761904716491699,5.707982540130615,8589934592,2147483648,5930434560,407961600
204,1772005034030,3204,3204,3204,3204,3204,3204,3204,3204,35,33.333335876464844,38.095237731933594,25,0,0,0,0,5.707982540130615,8589934592,2147483648,5931712512,407961600
206,1772005034235,3204,3204,3204,3204,3204,3204,3204,3204,30.000001907348633,30.000001907348633,20,23.809524536132813,5,9.523809432983398,5,0,5.707982540130615,8589934592,2147483648,5932236800,407961600
200,1772005034443,3204,3204,3204,3204,3204,3204,3204,3204,31.81818199157715,19.047618865966797,23.809524536132813,19.047618865966797,0,0,0,0,5.707982540130615,8589934592,2147483648,5932236800,407961600
209,1772005034643,3204,3204,3204,3204,3204,3204,3204,3204,33.333335876464844,35,26.3157901763916,25,35,26.3157901763916,5.263157844543457,5,5.707982540130615,8589934592,2147483648,5932236800,407961600
206,1772005034854,3204,3204,3204,3204,3204,3204,3204,3204,31.81818199157715,28.571430206298828,23.809524536132813,19.047618865966797,17.39130401611328,9.090909004211426,9.090909004211426,4.761904716491699,5.561332702636719,8589934592,2147483648,5934759936,407961600
209,1772005035061,3204,3204,3204,3204,3204,3204,3204,3204,38.095237731933594,30.000001907348633,33.333335876464844,35,15.000000953674316,15.000000953674316,14.285715103149414,14.285715103149414,5.561332702636719,8589934592,2147483648,5934792704,407961600
208,1772005035271,3204,3204,3204,3204,3204,3204,3204,3204,20,23.809524536132813,23.809524536132813,14.285715103149414,4.761904716491699,4.761904716491699,4.761904716491699,0,5.561332702636719,8589934592,2147483648,5937102848,407961600
205,1772005035480,3204,3204,3204,3204,3204,3204,3204,3204,31.81818199157715,20,23.809524536132813,20,0,4.761904716491699,0,4.545454502105713,5.561332702636719,8589934592,2147483648,5936398336,407961600
209,1772005035686,3204,3204,3204,3204,3204,3204,3204,3204,25,28.571430206298828,20,23.809524536132813,4.761904716491699,0,4.545454502105713,0,5.561332702636719,8589934592,2147483648,5936398336,407961600
207,1772005035896,3204,3204,3204,3204,3204,3204,3204,3204,23.809524536132813,19.047618865966797,23.809524536132813,18.18181800842285,0,0,0,0,5.846010208129883,8589934592,2147483648,5936250880,407961600
202,1772005036104,3204,3204,3204,3204,3204,3204,3204,3204,25,23.809524536132813,19.047618865966797,23.809524536132813,0,0,0,0,5.846010208129883,8589934592,2147483648,5935480832,407961600
209,1772005036307,3204,3204,3204,3204,3204,3204,3204,3204,28.571430206298828,25,20,15.789472579956055,4.761904716491699,4.761904716491699,0,4.761904716491699,5.846010208129883,8589934592,2147483648,5935267840,407961600
5,1772005036517,3204,3204,3204,3204,3204,3204,3204,3204,25,25,23.809524536132813,19.047618865966797,0,0,0,0,5.846010208129883,8589934592,2147483648,5935022080,407961600
