Delta,Time,CPU_FREQUENCY_0,CPU_FREQUENCY_1,CPU_FREQUENCY_2,CPU_FREQUENCY_3,CPU_FREQUENCY_4,CPU_FREQUENCY_5,CPU_FREQUENCY_6,CPU_FREQUENCY_7,CPU_USAGE_0,CPU_USAGE_1,CPU_USAGE_2,CPU_USAGE_3,CPU_USAGE_4,CPU_USAGE_5,CPU_USAGE_6,CPU_USAGE_7,SYSTEM_POWER (Watts),TOTAL_MEMORY,TOTAL_SWAP,USED_MEMORY,USED_SWAP
0,1772005400391,3204,3204,3204,3204,3204,3204,3204,3204,100,0,50,50,0,NaN,0,0,5.080114364624023,8589934592,2147483648,5987827712,407961600
209,1772005400391,3204,3204,3204,3204,3204,3204,3204,3204,NaN,NaN,NaN,NaN,0,0,100,0,5.080114364624023,8589934592,2147483648,5988302848,407961600
209,1772005400602,3204,3204,3204,3204,3204,3204,3204,3204,35,40.90909194946289,38.095237731933594,28.571430206298828,9.090909004211426,0,0,0,5.080114364624023,8589934592,2147483648,5987008512,407961600
206,1772005400812,3204,3204,3204,3204,3204,3204,3204,3204,81.81818389892578,76.19047546386719,75,75,4.761904716491699,5,4.761904716491699,4.761904716491699,5.381133556365967,8589934592,2147483648,5997494272,407961600
203,1772005401018,3204,3204,3204,3204,3204,3204,3204,3204,45,30.000001907348633,40.90909194946289,25,15.000000953674316,14.285715103149414,0,0,5.381133556365967,8589934592,2147483648,6002524160,407961600
203,1772005401222,3204,3204,3204,3204,3204,3204,3204,3204,66.66667175292969,60.000003814697266,47.36842346191406,50,28.571430206298828,19.047618865966797,0,0,5.381133556365967,8589934592,2147483648,6010011648,407961600
199,1772005401426,3204,3204,3204,3204,3204,3204,3204,3204,47.36842346191406,42.85714340209961,33.333335876464844,26.3157901763916,5,5,0,0,5.381133556365967,8589934592,2147483648,6025773056,407961600
206,1772005401626,3204,3204,3204,3204,3204,3204,3204,3204,57.142860412597656,55,55,50,0,5,5,4.761904716491699,5.381133556365967,8589934592,2147483648,6025773056,407961600
207,1772005401833,3204,3204,3204,3204,3204,3204,3204,3204,52.38095474243164,50,35,38.095237731933594,4.761904716491699,4.761904716491699,0,0,6.352450370788574,8589934592,2147483648,6025773056,407961600
201,1772005402041,3204,3204,3204,3204,3204,3204,3204,3204,55,71.42857360839844,42.85714340209961,40,0,0,4.545454502105713,0,6.352450370788574,8589934592,2147483648,6016270336,407961600
208,1772005402243,3204,3204,3204,3204,3204,3204,3204,3204,45,45,38.095237731933594,33.333335876464844,15.000000953674316,9.523809432983398,5,5,6.352450370788574,8589934592,2147483648,5994561536,407961600
204,1772005402452,3204,3204,3204,3204,3204,3204,3204,3204,40,38.095237731933594,30.000001907348633,28.571430206298828,4.761904716491699,0,0,0,6.352450370788574,8589934592,2147483648,5987401728,407961600
209,1772005402656,3204,3204,3204,3204,3204,3204,3204,3204,76.19047546386719,85,76.19047546386719,85,23.809524536132813,14.285715103149414,9.523809432983398,9.523809432983398,6.352450370788574,8589934592,2147483648,5987401728,407961600
202,1772005402867,3204,3204,3204,3204,3204,3204,3204,3204,65,52.38095474243164,50,57.142860412597656,10,19.047618865966797,13.636363983154297,9.523809432983398,6.69780158996582,8589934592,2147483648,5987401728,407961600
209,1772005403069,3204,3204,3204,3204,3204,3204,3204,3204,66.66667175292969,55,65,68.42105102539063,9.523809432983398,5,0,4.761904716491699,6.69780158996582,8589934592,2147483648,5967577088,407961600
209,1772005403279,3204,3204,3204,3204,3204,3204,3204,3204,76.19047546386719,76.19047546386719,68.18181610107422,68.18181610107422,14.285715103149414,9.523809432983398,4.545454502105713,0,6.69780158996582,8589934592,2147483648,5953978368,407961600
209,1772005403489,3204,3204,3204,3204,3204,3204,3204,3204,71.42857360839844,71.42857360839844,60.000003814697266,70,47.619049072265625,9.523809432983398,0,0,6.69780158996582,8589934592,2147483648,5953978368,407961600
202,1772005403699,3204,3204,3204,3204,3204,3204,3204,3204,66.66667175292969,50,54.54545593261719,54.54545593261719,0,9.523809432983398,0,4.545454502105713,6.69780158996582,8589934592,2147483648,5953978368,407961600
209,1772005403902,3204,3204,3204,3204,3204,3204,3204,3204,65,57.142860412597656,55,65,4.761904716491699,0,4.761904716491699,0,6.8403000831604,8589934592,2147483648,5953978368,407961600
210,1772005404112,3204,3204,3204,3204,3204,3204,3204,3204,61.904762268066406,68.18181610107422,65,60.000003814697266,0,0,0,0,6.8403000831604,8589934592,2147483648,5948506112,407961600
203,1772005404323,3204,3204,3204,3204,3204,3204,3204,3204,60.000003814697266,63.15789031982422,71.42857360839844,63.6363639831543,4.761904716491699,9.090909004211426,4.761904716491699,4.761904716491699,6.8403000831604,8589934592,2147483648,5951848448,407961600
208,1772005404526,3204,3204,3204,3204,3204,3204,3204,3204,61.904762268066406,55,65,50,5,0,0,0,6.8403000831604,8589934592,2147483648,5952487424,407961600
209,1772005404735,3204,3204,3204,3204,3204,3204,3204,3204,65,45.45454788208008,47.619049072265625,59.09090805053711,0,0,0,0,6.8403000831604,8589934592,2147483648,5945163776,407961600
209,1772005404945,3204,3204,3204,3204,3204,3204,3204,3204,57.142860412597656,57.142860412597656,40.90909194946289,42.85714340209961,0,4.545454502105713,0,0,6.899713516235352,8589934592,2147483648,5949276160,407961600
208,1772005405155,3204,3204,3204,3204,3204,3204,3204,3204,77.2727279663086,66.66667175292969,70,50,36.3636360168457,14.285715103149414,9.090909004211426,4.545454502105713,6.899713516235352,8589934592,2147483648,5962809344,407961600
203,1772005405363,3204,3204,3204,3204,3204,3204,3204,3204,57.142860412597656,60.000003814697266,47.619049072265625,52.38095474243164,20,20,4.761904716491699,4.761904716491699,6.899713516235352,8589934592,2147483648,5961990144,407961600
208,1772005405567,3204,3204,3204,3204,3204,3204,3204,3204,60.000003814697266,45,50,47.619049072265625,33.333335876464844,20,20,10,6.899713516235352,8589934592,2147483648,5954535424,407961600
206,1772005405776,3204,3204,3204,3204,3204,3204,3204,3204,57.142860412597656,50,59.09090805053711,63.15789031982422,4.545454502105713,4.545454502105713,4.761904716491699,0,6.3850178718566895,8589934592,2147483648,5953011712,407961600
209,1772005405983,3204,3204,3204,3204,3204,3204,3204,3204,60.000003814697266,55,50,52.38095474243164,15.000000953674316,14.285715103149414,9.523809432983398,5,6.3850178718566895,8589934592,2147483648,5955272704,407961600
207,1772005406193,3204,3204,3204,3204,3204,3204,3204,3204,60.000003814697266,57.142860412597656,65,59.09090805053711,4.761904716491699,5,0,0,6.3850178718566895,8589934592,2147483648,5960056832,407961600
204,1772005406401,3204,3204,3204,3204,3204,3204,3204,3204,59.09090805053711,60.000003814697266,52.38095474243164,60.000003814697266,20,0,0,0,6.3850178718566895,8589934592,2147483648,5959827456,407961600
209,1772005406606,3204,3204,3204,3204,3204,3204,3204,3204,50,28.571430206298828,50,35,33.333335876464844,10,4.761904716491699,8.69565200805664,6.3850178718566895,8589934592,2147483648,5946441728,407961600
209,1772005406816,3204,3204,3204,3204,3204,3204,3204,3204,52.38095474243164,42.85714340209961,31.81818199157715,52.38095474243164,0,0,0,0,7.194258689880371,8589934592,2147483648,5948194816,407961600
205,1772005407026,3204,3204,3204,3204,3204,3204,3204,3204,42.85714340209961,35,47.619049072265625,38.095237731933594,0,0,0,0,7.194258689880371,8589934592,2147483648,5948194816,407961600
207,1772005407231,3204,3204,3204,3204,3204,3204,3204,3204,45,47.619049072265625,57.142860412597656,30.000001907348633,4.761904716491699,4.761904716491699,0,0,7.194258689880371,8589934592,2147483648,5936201728,407961600
209,1772005407440,3204,3204,3204,3204,3204,3204,3204,3204,45.45454788208008,47.619049072265625,30.000001907348633,42.85714340209961,0,0,0,0,7.194258689880371,8589934592,2147483648,5938626560,407961600
201,1772005407649,3204,3204,3204,3204,3204,3204,3204,3204,52.6315803527832,38.095237731933594,42.85714340209961,40.90909194946289,21.052631378173828,19.047618865966797,4.761904716491699,14.285715103149414,7.194258689880371,8589934592,2147483648,5909659648,407961600
201,1772005407851,3204,3204,3204,3204,3204,3204,3204,3204,33.333335876464844,45,60.000003814697266,40,13.636363983154297,5,0,0,7.0657548904418945,8589934592,2147483648,5910069248,407961600
208,1772005408052,3204,3204,3204,3204,3204,3204,3204,3204,57.894737243652344,70,55,65,0,4.761904716491699,0,0,7.0657548904418945,8589934592,2147483648,5913133056,407961600
206,1772005408261,3204,3204,3204,3204,3204,3204,3204,3204,40.90909194946289,33.333335876464844,25,25,0,0,4.761904716491699,0,7.0657548904418945,8589934592,2147483648,5923586048,407961600
207,1772005408468,3204,3204,3204,3204,3204,3204,3204,3204,45,35,33.333335876464844,33.333335876464844,0,0,0,0,7.0657548904418945,8589934592,2147483648,5921046528,407961600
208,1772005408677,3204,3204,3204,3204,3204,3204,3204,3204,47.619049072265625,40,36.3636360168457,40,4.761904716491699,4.761904716491699,4.761904716491699,4.761904716491699,7.0657548904418945,8589934592,2147483648,5920538624,407961600
209,1772005408886,3204,3204,3204,3204,3204,3204,3204,3204,50,45.45454788208008,35,33.333335876464844,0,0,0,0,6.15708065032959,8589934592,2147483648,5928157184,407961600
202,1772005409096,3204,3204,3204,3204,3204,3204,3204,3204,85.71428680419922,85,76.19047546386719,71.42857360839844,4.761904716491699,4.761904716491699,4.761904716491699,4.761904716491699,6.15708065032959,8589934592,2147483648,5928665088,407961600
206,1772005409300,3204,3204,3204,3204,3204,3204,3204,3204,52.38095474243164,65,50,47.619049072265625,5,5,0,0,6.15708065032959,8589934592,2147483648,5928779776,407961600
208,1772005409507,3204,3204,3204,3204,3204,3204,3204,3204,55,52.38095474243164,52.38095474243164,40,0,0,4.761904716491699,4.761904716491699,6.15708065032959,8589934592,2147483648,5929091072,407961600
207,1772005409716,3204,3204,3204,3204,3204,3204,3204,3204,63.6363639831543,47.619049072265625,50,57.142860412597656,14.285715103149414,13.636363983154297,4.761904716491699,0,6.15708065032959,8589934592,2147483648,5932056576,407961600
207,1772005409925,3204,3204,3204,3204,3204,3204,3204,3204,65,55,61.904762268066406,47.619049072265625,33.333335876464844,35,5,4.761904716491699,6.339736461639404,8589934592,2147483648,5919522816,407961600
208,1772005410132,3204,3204,3204,3204,3204,3204,3204,3204,40,63.6363639831543,33.333335876464844,52.38095474243164,71.42857360839844,15.000000953674316,0,0,6.339736461639404,8589934592,2147483648,5919522816,407961600
201,1772005410341,3204,3204,3204,3204,3204,3204,3204,3204,40.90909194946289,35,33.333335876464844,45,55,4.545454502105713,0,0,6.339736461639404,8589934592,2147483648,5927780352,407961600
209,1772005410543,3204,3204,3204,3204,3204,3204,3204,3204,42.105262756347656,30.000001907348633,35,47.619049072265625,75,40,5,0,6.339736461639404,8589934592,2147483648,5915508736,407961600
207,1772005410753,3204,3204,3204,3204,3204,3204,3204,3204,42.85714340209961,42.85714340209961,47.619049072265625,35,68.18181610107422,0,0,14.285715103149414,6.339736461639404,8589934592,2147483648,5916491776,407961600
203,1772005410961,3204,3204,3204,3204,3204,3204,3204,3204,38.095237731933594,45,30.000001907348633,47.619049072265625,30.000001907348633,0,27.272727966308594,0,6.441290855407715,8589934592,2147483648,5917966336,407961600
209,1772005411165,3204,3204,3204,3204,3204,3204,3204,3204,45,38.095237731933594,38.095237731933594,52.38095474243164,60.000003814697266,0,0,0,6.441290855407715,8589934592,2147483648,5918326784,407961600
208,1772005411374,3204,3204,3204,3204,3204,3204,3204,3204,38.095237731933594,45.45454788208008,45,33.333335876464844,72.7272720336914,4.545454502105713,0,9.090909004211426,6.441290855407715,8589934592,2147483648,5918195712,407961600
201,1772005411583,3204,3204,3204,3204,3204,3204,3204,3204,50,35,40.90909194946289,25,60.000003814697266,0,0,0,6.441290855407715,8589934592,2147483648,5916966912,407961600
209,1772005411784,3204,3204,3204,3204,3204,3204,3204,3204,40.90909194946289,40,47.36842346191406,50,40,25,0,0,10.601208686828613,8589934592,2147483648,5916966912,407961600
208,1772005411995,3204,3204,3204,3204,3204,3204,3204,3204,35,50,59.09090805053711,38.095237731933594,72.7272720336914,9.523809432983398,5,0,10.601208686828613,8589934592,2147483648,5916966912,407961600
209,1772005412203,3204,3204,3204,3204,3204,3204,3204,3204,40,30.000001907348633,40,38.095237731933594,50,0,0,0,10.601208686828613,8589934592,2147483648,5916966912,407961600
202,1772005412413,3204,3204,3204,3204,3204,3204,3204,3204,45.45454788208008,40,33.333335876464844,47.619049072265625,42.85714340209961,4.545454502105713,0,0,10.601208686828613,8589934592,2147483648,5916131328,407961600
211,1772005412616,3204,3204,3204,3204,3204,3204,3204,3204,45,38.095237731933594,35,35,80.95238494873047,15.000000953674316,0,0,10.601208686828613,8589934592,2147483648,5918277632,407961600
204,1772005412828,3204,3204,3204,3204,3204,3204,3204,3204,47.619049072265625,50,38.095237731933594,61.904762268066406,80,23.809524536132813,18.18181800842285,14.285715103149414,9.280470848083496,8589934592,2147483648,5916852224,407961600
209,1772005413033,3204,3204,3204,3204,3204,3204,3204,3204,23.809524536132813,23.809524536132813,30.000001907348633,66.66667175292969,71.42857360839844,14.285715103149414,5,9.090909004211426,9.280470848083496,8589934592,2147483648,5919424512,407961600
201,1772005413243,3204,3204,3204,3204,3204,3204,3204,3204,50,57.142860412597656,31.81818199157715,25,75,5,0,0,9.280470848083496,8589934592,2147483648,5920014336,407961600
209,1772005413444,3204,3204,3204,3204,3204,3204,3204,3204,31.57894515991211,45,60.000003814697266,28.571430206298828,28.571430206298828,0,0,0,9.280470848083496,8589934592,2147483648,5917999104,407961600
207,1772005413654,3204,3204,3204,3204,3204,3204,3204,3204,52.38095474243164,66.66667175292969,60.000003814697266,42.85714340209961,76.19047546386719,18.18181800842285,0,0,9.280470848083496,8589934592,2147483648,5916033024,407961600
201,1772005413862,3204,3204,3204,3204,3204,3204,3204,3204,33.333335876464844,23.809524536132813,42.85714340209961,35,70,10,0,4.761904716491699,10.415864944458008,8589934592,2147483648,5903597568,407961600
199,1772005414064,3204,3204,3204,3204,3204,3204,3204,3204,60.000003814697266,45,40,40,60.000003814697266,15.000000953674316,9.523809432983398,0,10.415864944458008,8589934592,2147483648,5892243456,407961600
208,1772005414264,3204,3204,3204,3204,3204,3204,3204,3204,30.000001907348633,26.3157901763916,25,20,60.000003814697266,0,4.761904716491699,0,10.415864944458008,8589934592,2147483648,5893193728,407961600
209,1772005414472,3204,3204,3204,3204,3204,3204,3204,3204,23.809524536132813,28.571430206298828,23.809524536132813,23.809524536132813,66.66667175292969,0,0,0,10.415864944458008,8589934592,2147483648,5893537792,407961600
209,1772005414682,3204,3204,3204,3204,3204,3204,3204,3204,30.000001907348633,35,25,23.809524536132813,57.142860412597656,4.761904716491699,0,0,10.415864944458008,8589934592,2147483648,5896323072,407961600
209,1772005414892,3204,3204,3204,3204,3204,3204,3204,3204,30.000001907348633,31.81818199157715,28.571430206298828,25,71.42857360839844,0,0,0,10.753843307495117,8589934592,2147483648,5896486912,407961600
206,1772005415102,3204,3204,3204,3204,3204,3204,3204,3204,27.272727966308594,25,19.047618865966797,13.636363983154297,42.85714340209961,14.285715103149414,0,0,10.753843307495117,8589934592,2147483648,5896306688,407961600
205,1772005415309,3204,3204,3204,3204,3204,3204,3204,3204,23.809524536132813,27.272727966308594,20,19.047618865966797,61.904762268066406,10,4.761904716491699,4.761904716491699,10.753843307495117,8589934592,2147483648,5896306688,407961600
209,1772005415515,3204,3204,3204,3204,3204,3204,3204,3204,21.052631378173828,25,23.809524536132813,15.789472579956055,70,10,0,0,10.753843307495117,8589934592,2147483648,5901811712,407961600
200,1772005415724,3204,3204,3204,3204,3204,3204,3204,3204,27.272727966308594,20,19.047618865966797,19.047618865966797,47.619049072265625,8.69565200805664,0,0,10.753843307495117,8589934592,2147483648,5900615680,407961600
200,1772005415925,3204,3204,3204,3204,3204,3204,3204,3204,25,25,20,19.047618865966797,65,0,5,0,10.58431625366211,8589934592,2147483648,5900943360,407961600
208,1772005416126,3204,3204,3204,3204,3204,3204,3204,3204,26.3157901763916,25,25,15.789472579956055,70,5,4.761904716491699,9.523809432983398,10.58431625366211,8589934592,2147483648,5885460480,407961600
209,1772005416335,3204,3204,3204,3204,3204,3204,3204,3204,28.571430206298828,28.571430206298828,19.047618865966797,22.72727394104004,55,9.523809432983398,0,0,10.58431625366211,8589934592,2147483648,5885460480,407961600
199,1772005416545,3204,3204,3204,3204,3204,3204,3204,3204,28.571430206298828,33.333335876464844,23.809524536132813,20,66.66667175292969,9.090909004211426,0,0,10.58431625366211,8589934592,2147483648,5882200064,407961600
209,1772005416745,3204,3204,3204,3204,3204,3204,3204,3204,21.052631378173828,26.3157901763916,25,15.000000953674316,71.42857360839844,5,9.523809432983398,4.761904716491699,10.58431625366211,8589934592,2147483648,5881708544,407961600
204,1772005416955,3204,3204,3204,3204,3204,3204,3204,3204,27.272727966308594,19.047618865966797,25,14.285715103149414,71.42857360839844,0,0,0,9.107298851013184,8589934592,2147483648,5882363904,407961600
206,1772005417159,3204,3204,3204,3204,3204,3204,3204,3204,20,23.809524536132813,15.000000953674316,23.809524536132813,75,0,0,0,9.107298851013184,8589934592,2147483648,5882658816,407961600
207,1772005417366,3204,3204,3204,3204,3204,3204,3204,3204,25,20,22.72727394104004,20,76.19047546386719,4.761904716491699,0,0,9.107298851013184,8589934592,2147483648,5884510208,407961600
205,1772005417575,3204,3204,3204,3204,3204,3204,3204,3204,28.571430206298828,23.809524536132813,20,19.047618865966797,52.38095474243164,0,4.545454502105713,4.545454502105713,9.107298851013184,8589934592,2147483648,5884805120,407961600
209,1772005417780,3204,3204,3204,3204,3204,3204,3204,3204,28.571430206298828,30.000001907348633,23.809524536132813,25,26.3157901763916,0,0,0,9.917799949645996,8589934592,2147483648,5886672896,407961600
203,1772005417990,3204,3204,3204,3204,3204,3204,3204,3204,35,28.571430206298828,23.809524536132813,23.809524536132813,50,4.545454502105713,0,5,9.917799949645996,8589934592,2147483648,5898387456,407961600
209,1772005418193,3204,3204,3204,3204,3204,3204,3204,3204,57.142860412597656,60.000003814697266,55,55,47.36842346191406,0,0,0,9.917799949645996,8589934592,2147483648,5931089920,407961600
204,1772005418403,3204,3204,3204,3204,3204,3204,3204,3204,42.105262756347656,42.85714340209961,38.095237731933594,27.272727966308594,31.81818199157715,13.636363983154297,9.523809432983398,9.090909004211426,9.917799949645996,8589934592,2147483648,5926846464,407961600
207,1772005418608,3204,3204,3204,3204,3204,3204,3204,3204,47.619049072265625,45,45,27.77777862548828,5,4.761904716491699,0,0,9.917799949645996,8589934592,2147483648,5932204032,407961600
202,1772005418816,3204,3204,3204,3204,3204,3204,3204,3204,42.85714340209961,33.333335876464844,26.3157901763916,33.333335876464844,61.904762268066406,5,0,0,9.078426361083984,8589934592,2147483648,5951913984,407961600
208,1772005419019,3204,3204,3204,3204,3204,3204,3204,3204,60.000003814697266,42.105262756347656,45.45454788208008,42.85714340209961,35,5,4.761904716491699,0,9.078426361083984,8589934592,2147483648,5951750144,407961600
209,1772005419228,3204,3204,3204,3204,3204,3204,3204,3204,25,23.809524536132813,25,23.809524536132813,14.285715103149414,0,0,0,9.078426361083984,8589934592,2147483648,5952454656,407961600
204,1772005419438,3204,3204,3204,3204,3204,3204,3204,3204,28.571430206298828,28.571430206298828,23.809524536132813,22.72727394104004,71.42857360839844,0,0,0,9.078426361083984,8589934592,2147483648,5952454656,407961600
208,1772005419643,3204,3204,3204,3204,3204,3204,3204,3204,38.095237731933594,28.571430206298828,30.000001907348633,25,63.15789031982422,0,0,0,9.078426361083984,8589934592,2147483648,5966053376,407961600
207,1772005419852,3204,3204,3204,3204,3204,3204,3204,3204,30.000001907348633,30.000001907348633,25,20,31.81818199157715,13.636363983154297,0,4.545454502105713,8.276885986328125,8589934592,2147483648,5964070912,407961600
209,1772005420060,3204,3204,3204,3204,3204,3204,3204,3204,20,25,22.72727394104004,19.047618865966797,95,14.285715103149414,0,0,8.276885986328125,8589934592,2147483648,5974376448,407961600
201,1772005420270,3204,3204,3204,3204,3204,3204,3204,3204,33.333335876464844,31.81818199157715,30.000001907348633,23.809524536132813,47.619049072265625,0,4.545454502105713,0,8.276885986328125,8589934592,2147483648,5963333632,407961600
208,1772005420473,3204,3204,3204,3204,3204,3204,3204,3204,35,31.57894515991211,28.571430206298828,25,60.000003814697266,15.000000953674316,25,0,8.276885986328125,8589934592,2147483648,5972131840,407961600
208,1772005420682,3204,3204,3204,3204,3204,3204,3204,3204,28.571430206298828,28.571430206298828,20,20,85.71428680419922,0,4.545454502105713,4.545454502105713,8.276885986328125,8589934592,2147483648,5965234176,407961600
205,1772005420891,3204,3204,3204,3204,3204,3204,3204,3204,28.571430206298828,31.81818199157715,23.809524536132813,19.047618865966797,60.000003814697266,0,0,0,8.845548629760742,8589934592,2147483648,5969559552,407961600
204,1772005421097,3204,3204,3204,3204,3204,3204,3204,3204,35,36.842105865478516,30.000001907348633,25,61.904762268066406,33.333335876464844,23.809524536132813,19.047618865966797,8.845548629760742,8589934592,2147483648,5969559552,407961600
202,1772005421301,3204,3204,3204,3204,3204,3204,3204,3204,35,30.000001907348633,30.000001907348633,28.571430206298828,10.526315689086914,5,0,0,8.845548629760742,8589934592,2147483648,5969559552,407961600
209,1772005421504,3204,3204,3204,3204,3204,3204,3204,3204,40,38.095237731933594,40,25,4.761904716491699,4.761904716491699,4.761904716491699,4.545454502105713,8.845548629760742,8589934592,2147483648,5969559552,407961600
201,1772005421714,3204,3204,3204,3204,3204,3204,3204,3204,42.85714340209961,38.095237731933594,38.095237731933594,33.333335876464844,27.272727966308594,20,19.047618865966797,20,8.845548629760742,8589934592,2147483648,5922865152,407961600
209,1772005421916,3204,3204,3204,3204,3204,3204,3204,3204,30.000001907348633,31.57894515991211,20,20,10.526315689086914,14.285715103149414,35,0,10.500399589538574,8589934592,2147483648,5924339712,407961600
200,1772005422126,3204,3204,3204,3204,3204,3204,3204,3204,28.571430206298828,31.81818199157715,23.809524536132813,19.047618865966797,14.285715103149414,9.523809432983398,9.090909004211426,4.761904716491699,10.500399589538574,8589934592,2147483648,5908381696,407961600
202,1772005422327,3204,3204,3204,3204,3204,3204,3204,3204,26.3157901763916,25,28.571430206298828,25,9.523809432983398,5.263157844543457,5,14.285715103149414,10.500399589538574,8589934592,2147483648,5908430848,407961600
201,1772005422529,3204,3204,3204,3204,3204,3204,3204,3204,47.619049072265625,30.000001907348633,30.000001907348633,35,20,23.809524536132813,0,5,10.500399589538574,8589934592,2147483648,5920014336,407961600
200,1772005422731,3204,3204,3204,3204,3204,3204,3204,3204,35,36.842105865478516,31.57894515991211,30.000001907348633,15.000000953674316,10,5,10,10.500399589538574,8589934592,2147483648,5918457856,407961600
202,1772005422932,3204,3204,3204,3204,3204,3204,3204,3204,30.000001907348633,25,33.333335876464844,20,5.263157844543457,5,5,0,8.633959770202637,8589934592,2147483648,5918720000,407961600
209,1772005423135,3204,3204,3204,3204,3204,3204,3204,3204,33.333335876464844,28.571430206298828,21.052631378173828,20,4.761904716491699,0,0,0,8.633959770202637,8589934592,2147483648,5919981568,407961600
204,1772005423345,3204,3204,3204,3204,3204,3204,3204,3204,30.000001907348633,30.000001907348633,23.809524536132813,22.72727394104004,4.761904716491699,4.761904716491699,4.545454502105713,4.761904716491699,8.633959770202637,8589934592,2147483648,5919981568,407961600
209,1772005423550,3204,3204,3204,3204,3204,3204,3204,3204,33.333335876464844,28.571430206298828,20,25,40,33.333335876464844,0,0,8.633959770202637,8589934592,2147483648,5919981568,407961600
201,1772005423759,3204,3204,3204,3204,3204,3204,3204,3204,25,27.272727966308594,27.272727966308594,20,9.090909004211426,5,0,0,8.633959770202637,8589934592,2147483648,5929877504,407961600
206,1772005423962,3204,3204,3204,3204,3204,3204,3204,3204,23.809524536132813,26.3157901763916,15.789472579956055,20,0,0,0,4.545454502105713,6.259547710418701,8589934592,2147483648,5929893888,407961600
206,1772005424169,3204,3204,3204,3204,3204,3204,3204,3204,30.000001907348633,25,27.272727966308594,20,4.761904716491699,4.545454502105713,0,0,6.259547710418701,8589934592,2147483648,5930090496,407961600
209,1772005424376,3204,3204,3204,3204,3204,3204,3204,3204,28.571430206298828,27.272727966308594,23.809524536132813,26.086956024169922,0,0,0,0,6.259547710418701,8589934592,2147483648,5930156032,407961600
209,1772005424586,3204,3204,3204,3204,3204,3204,3204,3204,30.000001907348633,26.3157901763916,25,20,4.761904716491699,4.545454502105713,4.761904716491699,0,6.259547710418701,8589934592,2147483648,5930156032,407961600
200,1772005424796,3204,3204,3204,3204,3204,3204,3204,3204,33.333335876464844,28.571430206298828,28.571430206298828,19.047618865966797,27.272727966308594,20,5,4.545454502105713,6.100519180297852,8589934592,2147483648,5930500096,407961600
204,1772005424996,3204,3204,3204,3204,3204,3204,3204,3204,31.57894515991211,23.809524536132813,28.571430206298828,15.789472579956055,5.263157844543457,9.523809432983398,4.761904716491699,0,6.100519180297852,8589934592,2147483648,5932335104,407961600
204,1772005425201,3204,3204,3204,3204,3204,3204,3204,3204,38.095237731933594,35,35,28.571430206298828,5,10,0,0,6.100519180297852,8589934592,2147483648,5932253184,407961600
209,1772005425406,3204,3204,3204,3204,3204,3204,3204,3204,21.052631378173828,20,25,19.047618865966797,9.523809432983398,5,9.523809432983398,5,6.100519180297852,8589934592,2147483648,5931253760,407961600
202,1772005425616,3204,3204,3204,3204,3204,3204,3204,3204,36.3636360168457,28.571430206298828,20,25,4.545454502105713,0,0,0,6.100519180297852,8589934592,2147483648,5931302912,407961600
203,1772005425818,3204,3204,3204,3204,3204,3204,3204,3204,28.571430206298828,25,20,15.000000953674316,0,0,0,0,5.453912734985352,8589934592,2147483648,5931515904,407961600
209,1772005426022,3204,3204,3204,3204,3204,3204,3204,3204,20,25,23.809524536132813,23.809524536132813,0,9.090909004211426,0,0,5.453912734985352,8589934592,2147483648,5931499520,407961600
201,1772005426233,3204,3204,3204,3204,3204,3204,3204,3204,28.571430206298828,23.809524536132813,19.047618865966797,14.285715103149414,0,0,0,0,5.453912734985352,8589934592,2147483648,5931532288,407961600
208,1772005426435,3204,3204,3204,3204,3204,3204,3204,3204,21.052631378173828,30.000001907348633,25,15.789472579956055,5,0,5,4.761904716491699,5.453912734985352,8589934592,2147483648,5931286528,407961600
209,1772005426644,3204,3204,3204,3204,3204,3204,3204,3204,23.809524536132813,25,19.047618865966797,19.047618865966797,0,4.545454502105713,0,0,5.453912734985352,8589934592,2147483648,5931302912,407961600
204,1772005426854,3204,3204,3204,3204,3204,3204,3204,3204,38.095237731933594,31.81818199157715,25,28.571430206298828,20,5,0,9.523809432983398,5.827343463897705,8589934592,2147483648,5942755328,407961600
201,1772005427058,3204,3204,3204,3204,3204,3204,3204,3204,28.571430206298828,35,28.571430206298828,38.095237731933594,9.523809432983398,10,4.761904716491699,4.761904716491699,5.827343463897705,8589934592,2147483648,5931630592,407961600
209,1772005427260,3204,3204,3204,3204,3204,3204,3204,3204,25,30.000001907348633,20,10.526315689086914,4.761904716491699,4.761904716491699,0,0,5.827343463897705,8589934592,2147483648,5931663360,407961600
203,1772005427470,3204,3204,3204,3204,3204,3204,3204,3204,30.000001907348633,31.81818199157715,28.571430206298828,27.272727966308594,0,0,5,0,5.827343463897705,8589934592,2147483648,5933776896,407961600
206,1772005427674,3204,3204,3204,3204,3204,3204,3204,3204,25,21.052631378173828,28.571430206298828,15.000000953674316,0,0,0,0,5.827343463897705,8589934592,2147483648,5933776896,407961600
201,1772005427881,3204,3204,3204,3204,3204,3204,3204,3204,23.809524536132813,22.72727394104004,20,15.000000953674316,9.523809432983398,9.523809432983398,4.761904716491699,4.545454502105713,5.302496433258057,8589934592,2147483648,5933760512,407961600
203,1772005428083,3204,3204,3204,3204,3204,3204,3204,3204,30.000001907348633,21.052631378173828,21.052631378173828,19.047618865966797,0,0,0,0,5.302496433258057,8589934592,2147483648,5932302336,407961600
204,1772005428286,3204,3204,3204,3204,3204,3204,3204,3204,30.000001907348633,33.333335876464844,23.809524536132813,25,5,5,10,5,5.302496433258057,8589934592,2147483648,5935038464,407961600
200,1772005428491,3204,3204,3204,3204,3204,3204,3204,3204,35,30.000001907348633,28.571430206298828,21.052631378173828,0,0,0,0,5.302496433258057,8589934592,2147483648,5926338560,407961600
197,1772005428694,3204,3204,3204,3204,3204,3204,3204,3204,25,25,30.000001907348633,27.272727966308594,4.761904716491699,0,0,0,5.302496433258057,8589934592,2147483648,5921521664,407961600
201,1772005428892,3204,3204,3204,3204,3204,3204,3204,3204,33.333335876464844,26.3157901763916,26.3157901763916,26.3157901763916,10,5,5,5,5.508852958679199,8589934592,2147483648,5930909696,407961600
209,1772005429093,3204,3204,3204,3204,3204,3204,3204,3204,35,35,33.333335876464844,20,10,18.18181800842285,4.761904716491699,0,5.508852958679199,8589934592,2147483648,5919227904,407961600
209,1772005429303,3204,3204,3204,3204,3204,3204,3204,3204,28.571430206298828,19.047618865966797,20,23.809524536132813,10,0,0,0,5.508852958679199,8589934592,2147483648,5919358976,407961600
201,1772005429514,3204,3204,3204,3204,3204,3204,3204,3204,25,28.571430206298828,23.809524536132813,28.571430206298828,4.761904716491699,9.090909004211426,9.090909004211426,9.090909004211426,5.508852958679199,8589934592,2147483648,5919064064,407961600
199,1772005429715,3204,3204,3204,3204,3204,3204,3204,3204,33.333335876464844,35,25,23.809524536132813,0,0,0,0,5.508852958679199,8589934592,2147483648,5919850496,407961600
204,1772005429916,3204,3204,3204,3204,3204,3204,3204,3204,31.57894515991211,25,20,21.052631378173828,5,0,0,0,5.343640327453613,8589934592,2147483648,5920161792,407961600
209,1772005430120,3204,3204,3204,3204,3204,3204,3204,3204,30.000001907348633,23.809524536132813,30.000001907348633,20,9.523809432983398,19.047618865966797,10,5,5.343640327453613,8589934592,2147483648,5920374784,407961600
206,1772005430330,3204,3204,3204,3204,3204,3204,3204,3204,28.571430206298828,23.809524536132813,18.18181800842285,14.285715103149414,0,0,0,0,5.343640327453613,8589934592,2147483648,5920243712,407961600
209,1772005430537,3204,3204,3204,3204,3204,3204,3204,3204,23.809524536132813,30.000001907348633,21.052631378173828,22.72727394104004,9.523809432983398,5,5,4.761904716491699,5.343640327453613,8589934592,2147483648,5920505856,407961600
209,1772005430747,3204,3204,3204,3204,3204,3204,3204,3204,33.333335876464844,25,23.809524536132813,20,0,4.761904716491699,4.545454502105713,0,5.343640327453613,8589934592,2147483648,5920505856,407961600
209,1772005430957,3204,3204,3204,3204,3204,3204,3204,3204,20,28.571430206298828,19.047618865966797,15.000000953674316,4.545454502105713,0,0,0,5.53270959854126,8589934592,2147483648,5919719424,407961600
208,1772005431167,3204,3204,3204,3204,3204,3204,3204,3204,40.90909194946289,36.3636360168457,28.571430206298828,27.272727966308594,9.523809432983398,19.047618865966797,4.761904716491699,4.545454502105713,5.53270959854126,8589934592,2147483648,5921325056,407961600
209,1772005431376,3204,3204,3204,3204,3204,3204,3204,3204,40,35,33.333335876464844,30.000001907348633,19.047618865966797,4.761904716491699,0,0,5.53270959854126,8589934592,2147483648,5923192832,407961600
199,1772005431586,3204,3204,3204,3204,3204,3204,3204,3204,28.571430206298828,19.047618865966797,14.285715103149414,18.18181800842285,0,4.545454502105713,0,0,5.53270959854126,8589934592,2147483648,5923356672,407961600
205,1772005431787,3204,3204,3204,3204,3204,3204,3204,3204,25,26.3157901763916,20,15.789472579956055,0,0,0,0,5.408096790313721,8589934592,2147483648,5923356672,407961600
209,1772005431992,3204,3204,3204,3204,3204,3204,3204,3204,28.571430206298828,27.272727966308594,15.000000953674316,14.285715103149414,0,0,0,0,5.408096790313721,8589934592,2147483648,5923373056,407961600
207,1772005432203,3204,3204,3204,3204,3204,3204,3204,3204,52.38095474243164,57.142860412597656,50,47.619049072265625,4.761904716491699,0,0,0,5.408096790313721,8589934592,2147483648,5937987584,407961600
201,1772005432410,3204,3204,3204,3204,3204,3204,3204,3204,25,20,20,19.047618865966797,0,0,0,0,5.408096790313721,8589934592,2147483648,5937987584,407961600
209,1772005432612,3204,3204,3204,3204,3204,3204,3204,3204,30.000001907348633,25,20,21.052631378173828,0,0,0,0,5.408096790313721,8589934592,2147483648,5937954816,407961600
208,1772005432822,3204,3204,3204,3204,3204,3204,3204,3204,20,25,18.18181800842285,14.285715103149414,4.761904716491699,4.761904716491699,8.69565200805664,4.761904716491699,5.474945068359375,8589934592,2147483648,5937971200,407961600
204,1772005433030,3204,3204,3204,3204,3204,3204,3204,3204,31.81818199157715,28.571430206298828,30.000001907348633,23.809524536132813,23.809524536132813,23.809524536132813,20,19.047618865966797,5.474945068359375,8589934592,2147483648,5938053120,407961600
209,1772005433236,3204,3204,3204,3204,3204,3204,3204,3204,36.842105865478516,28.571430206298828,25,30.000001907348633,19.047618865966797,10,14.285715103149414,5,5.474945068359375,8589934592,2147483648,5948850176,407961600
207,1772005433446,3204,3204,3204,3204,3204,3204,3204,3204,33.333335876464844,30.000001907348633,23.809524536132813,27.272727966308594,15.000000953674316,17.39130401611328,0,0,5.474945068359375,8589934592,2147483648,5937577984,407961600
205,1772005433653,3204,3204,3204,3204,3204,3204,3204,3204,33.333335876464844,28.571430206298828,23.809524536132813,20,9.523809432983398,5.263157844543457,4.761904716491699,5,5.474945068359375,8589934592,2147483648,5939232768,407961600
208,1772005433859,3204,3204,3204,3204,3204,3204,3204,3204,33.333335876464844,27.272727966308594,20,25,9.523809432983398,4.761904716491699,4.761904716491699,4.545454502105713,5.527122497558594,8589934592,2147483648,5938053120,407961600
207,1772005434068,3204,3204,3204,3204,3204,3204,3204,3204,30.000001907348633,20,23.809524536132813,18.18181800842285,4.761904716491699,4.761904716491699,4.761904716491699,5,5.527122497558594,8589934592,2147483648,5938118656,407961600
206,1772005434276,3204,3204,3204,3204,3204,3204,3204,3204,28.571430206298828,20,19.047618865966797,14.285715103149414,0,4.761904716491699,0,0,5.527122497558594,8589934592,2147483648,5938085888,407961600
209,1772005434483,3204,3204,3204,3204,3204,3204,3204,3204,28.571430206298828,28.571430206298828,23.809524536132813,15.000000953674316,5,5,4.761904716491699,4.761904716491699,5.527122497558594,8589934592,2147483648,5938118656,407961600
209,1772005434693,3204,3204,3204,3204,3204,3204,3204,3204,25,28.571430206298828,25,20,0,0,4.545454502105713,0,5.527122497558594,8589934592,2147483648,5938249728,407961600
209,1772005434903,3204,3204,3204,3204,3204,3204,3204,3204,28.571430206298828,25,23.809524536132813,18.18181800842285,4.545454502105713,0,0,0,6.231136798858643,8589934592,2147483648,5938266112,407961600
201,1772005435113,3204,3204,3204,3204,3204,3204,3204,3204,28.571430206298828,27.272727966308594,23.809524536132813,23.809524536132813,5,27.272727966308594,0,0,6.231136798858643,8589934592,2147483648,5938315264,407961600
209,1772005435315,3204,3204,3204,3204,3204,3204,3204,3204,35,26.3157901763916,26.3157901763916,26.3157901763916,15.000000953674316,5.263157844543457,5,5.263157844543457,6.231136798858643,8589934592,2147483648,5949898752,407961600
201,1772005435525,3204,3204,3204,3204,3204,3204,3204,3204,28.571430206298828,28.571430206298828,22.72727394104004,19.047618865966797,18.18181800842285,18.18181800842285,5,0,6.231136798858643,8589934592,2147483648,5938364416,407961600
204,1772005435726,3204,3204,3204,3204,3204,3204,3204,3204,28.571430206298828,25,25,20,5,0,0,0,6.231136798858643,8589934592,2147483648,5938364416,407961600
209,1772005435931,3204,3204,3204,3204,3204,3204,3204,3204,21.052631378173828,28.571430206298828,20,22.72727394104004,0,0,4.761904716491699,4.761904716491699,5.181535243988037,8589934592,2147483648,5937512448,407961600
199,1772005436141,3204,3204,3204,3204,3204,3204,3204,3204,28.571430206298828,25,19.047618865966797,15.000000953674316,0,0,0,0,5.181535243988037,8589934592,2147483648,5937741824,407961600
209,1772005436342,3204,3204,3204,3204,3204,3204,3204,3204,65,65,65,52.6315803527832,0,0,0,0,5.181535243988037,8589934592,2147483648,5947572224,407961600
207,1772005436552,3204,3204,3204,3204,3204,3204,3204,3204,52.38095474243164,47.619049072265625,40,31.81818199157715,4.761904716491699,9.090909004211426,0,0,5.181535243988037,8589934592,2147483648,5949374464,407961600
208,1772005436760,3204,3204,3204,3204,3204,3204,3204,3204,60.000003814697266,61.904762268066406,61.904762268066406,55,0,0,4.761904716491699,0,5.181535243988037,8589934592,2147483648,5951750144,407961600
200,1772005436970,3204,3204,3204,3204,3204,3204,3204,3204,66.66667175292969,61.904762268066406,57.142860412597656,47.619049072265625,9.523809432983398,4.761904716491699,0,8.69565200805664,5.478782653808594,8589934592,2147483648,5947129856,407961600
205,1772005437171,3204,3204,3204,3204,3204,3204,3204,3204,61.904762268066406,60.000003814697266,60.000003814697266,55,0,5,0,0,5.478782653808594,8589934592,2147483648,5950193664,407961600
209,1772005437377,3204,3204,3204,3204,3204,3204,3204,3204,60.000003814697266,50,52.38095474243164,57.142860412597656,13.636363983154297,0,4.761904716491699,0,5.478782653808594,8589934592,2147483648,5952454656,407961600
206,1772005437586,3204,3204,3204,3204,3204,3204,3204,3204,57.142860412597656,52.38095474243164,50,47.619049072265625,9.523809432983398,9.523809432983398,5,4.761904716491699,5.478782653808594,8589934592,2147483648,5952454656,407961600
206,1772005437793,3204,3204,3204,3204,3204,3204,3204,3204,47.619049072265625,40,33.333335876464844,30.000001907348633,9.523809432983398,4.545454502105713,4.761904716491699,4.761904716491699,5.819677352905273,8589934592,2147483648,5952454656,407961600
207,1772005438000,3204,3204,3204,3204,3204,3204,3204,3204,45,47.619049072265625,52.38095474243164,40,25,25,20,19.047618865966797,5.819677352905273,8589934592,2147483648,5952454656,407961600
203,1772005438208,3204,3204,3204,3204,3204,3204,3204,3204,28.571430206298828,28.571430206298828,14.285715103149414,19.047618865966797,5,4.761904716491699,4.761904716491699,0,5.819677352905273,8589934592,2147483648,5954273280,407961600
205,1772005438412,3204,3204,3204,3204,3204,3204,3204,3204,31.57894515991211,35,30.000001907348633,27.272727966308594,36.3636360168457,35,38.095237731933594,9.523809432983398,5.819677352905273,8589934592,2147483648,5961039872,407961600
206,1772005438618,3204,3204,3204,3204,3204,3204,3204,3204,23.809524536132813,28.571430206298828,20,10.526315689086914,40,38.095237731933594,28.571430206298828,0,5.819677352905273,8589934592,2147483648,5960990720,407961600
200,1772005438825,3204,3204,3204,3204,3204,3204,3204,3204,28.571430206298828,25,23.809524536132813,19.047618865966797,0,40,30.000001907348633,0,6.580206871032715,8589934592,2147483648,5967527936,407961600
203,1772005439026,3204,3204,3204,3204,3204,3204,3204,3204,25,25,20,20,55,9.523809432983398,0,0,6.580206871032715,8589934592,2147483648,5967560704,407961600
205,1772005439230,3204,3204,3204,3204,3204,3204,3204,3204,23.809524536132813,25,19.047618865966797,15.000000953674316,5,0,0,95.23809814453125,6.580206871032715,8589934592,2147483648,5967609856,407961600
209,1772005439436,3204,3204,3204,3204,3204,3204,3204,3204,26.3157901763916,30.000001907348633,25,20,0,0,0,84.21052551269531,6.580206871032715,8589934592,2147483648,5968789504,407961600
209,1772005439645,3204,3204,3204,3204,3204,3204,3204,3204,36.3636360168457,31.81818199157715,23.809524536132813,30.434782028198242,42.85714340209961,14.285715103149414,13.636363983154297,13.636363983154297,6.580206871032715,8589934592,2147483648,5978488832,407961600
201,1772005439856,3204,3204,3204,3204,3204,3204,3204,3204,23.809524536132813,20,15.000000953674316,10.526315689086914,85.71428680419922,9.523809432983398,9.523809432983398,4.761904716491699,8.966622352600098,8589934592,2147483648,5968363520,407961600
209,1772005440057,3204,3204,3204,3204,3204,3204,3204,3204,35,28.571430206298828,25,20,57.142860412597656,10,31.57894515991211,0,8.966622352600098,8589934592,2147483648,5972672512,407961600
200,1772005440268,3204,3204,3204,3204,3204,3204,3204,3204,30.000001907348633,25,22.72727394104004,23.809524536132813,10,27.272727966308594,23.809524536132813,0,8.966622352600098,8589934592,2147483648,5973540864,407961600
207,1772005440468,3204,3204,3204,3204,3204,3204,3204,3204,28.571430206298828,28.571430206298828,25,20,40,78.94737243652344,0,0,8.966622352600098,8589934592,2147483648,5974376448,407961600
205,1772005440676,3204,3204,3204,3204,3204,3204,3204,3204,26.3157901763916,30.000001907348633,25,22.72727394104004,80.95238494873047,14.285715103149414,9.090909004211426,0,8.966622352600098,8589934592,2147483648,5977178112,407961600
209,1772005440882,3204,3204,3204,3204,3204,3204,3204,3204,28.571430206298828,28.571430206298828,23.809524536132813,15.000000953674316,14.285715103149414,71.42857360839844,0,0,9.603191375732422,8589934592,2147483648,5977440256,407961600
209,1772005441092,3204,3204,3204,3204,3204,3204,3204,3204,28.571430206298828,28.571430206298828,25,20,0,85,0,14.285715103149414,9.603191375732422,8589934592,2147483648,5974409216,407961600
207,1772005441302,3204,3204,3204,3204,3204,3204,3204,3204,28.571430206298828,28.571430206298828,23.809524536132813,22.72727394104004,42.85714340209961,47.619049072265625,0,4.761904716491699,9.603191375732422,8589934592,2147483648,5963513856,407961600
208,1772005441510,3204,3204,3204,3204,3204,3204,3204,3204,25,30.000001907348633,25,21.052631378173828,42.85714340209961,28.571430206298828,0,4.761904716491699,9.603191375732422,8589934592,2147483648,5962629120,407961600
209,1772005441718,3204,3204,3204,3204,3204,3204,3204,3204,30.000001907348633,30.000001907348633,31.81818199157715,23.809524536132813,100,0,5,0,9.603191375732422,8589934592,2147483648,5954781184,407961600
206,1772005441929,3204,3204,3204,3204,3204,3204,3204,3204,31.81818199157715,40.90909194946289,23.809524536132813,18.18181800842285,42.85714340209961,27.272727966308594,18.18181800842285,0,10.14133358001709,8589934592,2147483648,5954781184,407961600
209,1772005442135,3204,3204,3204,3204,3204,3204,3204,3204,20,20,19.047618865966797,15.000000953674316,9.523809432983398,14.285715103149414,85,4.761904716491699,10.14133358001709,8589934592,2147483648,5954781184,407961600
203,1772005442345,3204,3204,3204,3204,3204,3204,3204,3204,23.809524536132813,19.047618865966797,15.000000953674316,14.285715103149414,25,33.333335876464844,23.809524536132813,23.809524536132813,10.14133358001709,8589934592,2147483648,5945294848,407961600
200,1772005442549,3204,3204,3204,3204,3204,3204,3204,3204,25,30.000001907348633,25,23.809524536132813,0,0,0,40,10.14133358001709,8589934592,2147483648,5945229312,407961600
205,1772005442750,3204,3204,3204,3204,3204,3204,3204,3204,28.571430206298828,25,20,20,4.761904716491699,55,4.761904716491699,35,10.14133358001709,8589934592,2147483648,5944328192,407961600
203,1772005442956,3204,3204,3204,3204,3204,3204,3204,3204,20,19.047618865966797,19.047618865966797,15.000000953674316,42.85714340209961,5,55,9.523809432983398,10.428945541381836,8589934592,2147483648,5944328192,407961600
203,1772005443159,3204,3204,3204,3204,3204,3204,3204,3204,20,21.052631378173828,20,19.047618865966797,0,19.047618865966797,0,35,10.428945541381836,8589934592,2147483648,5944328192,407961600
204,1772005443363,3204,3204,3204,3204,3204,3204,3204,3204,25,23.809524536132813,20,15.000000953674316,9.523809432983398,15.000000953674316,60.000003814697266,0,10.428945541381836,8589934592,2147483648,5941526528,407961600
204,1772005443569,3204,3204,3204,3204,3204,3204,3204,3204,28.571430206298828,33.333335876464844,23.809524536132813,20,0,47.619049072265625,55,4.761904716491699,10.428945541381836,8589934592,2147483648,5942919168,407961600
201,1772005443774,3204,3204,3204,3204,3204,3204,3204,3204,21.052631378173828,21.052631378173828,20,23.809524536132813,0,0,61.904762268066406,0,10.005800247192383,8589934592,2147483648,5936005120,407961600
206,1772005443976,3204,3204,3204,3204,3204,3204,3204,3204,33.333335876464844,33.333335876464844,25,20,23.809524536132813,38.095237731933594,25,20,10.005800247192383,8589934592,2147483648,5935415296,407961600
209,1772005444183,3204,3204,3204,3204,3204,3204,3204,3204,25,20,15.000000953674316,15.000000953674316,4.761904716491699,0,80.95238494873047,0,10.005800247192383,8589934592,2147483648,5932744704,407961600
209,1772005444393,3204,3204,3204,3204,3204,3204,3204,3204,27.272727966308594,28.571430206298828,22.72727394104004,18.18181800842285,35,4.761904716491699,0,0,10.005800247192383,8589934592,2147483648,5938020352,407961600
203,1772005444604,3204,3204,3204,3204,3204,3204,3204,3204,30.000001907348633,23.809524536132813,20,15.000000953674316,59.09090805053711,0,0,0,10.005800247192383,8589934592,2147483648,5965365248,407961600
209,1772005444808,3204,3204,3204,3204,3204,3204,3204,3204,50,50,45,35,50,14.285715103149414,5,0,10.048922538757324,8589934592,2147483648,5948686336,407961600
209,1772005445018,3204,3204,3204,3204,3204,3204,3204,3204,25,23.809524536132813,18.18181800842285,10,90.47618865966797,14.285715103149414,0,0,10.048922538757324,8589934592,2147483648,5941592064,407961600
208,1772005445228,3204,3204,3204,3204,3204,3204,3204,3204,31.81818199157715,28.571430206298828,20,19.047618865966797,19.047618865966797,0,0,0,10.048922538757324,8589934592,2147483648,5941592064,407961600
208,1772005445437,3204,3204,3204,3204,3204,3204,3204,3204,30.000001907348633,26.3157901763916,30.000001907348633,31.81818199157715,15.000000953674316,0,0,0,10.048922538757324,8589934592,2147483648,5928730624,407961600
200,1772005445646,3204,3204,3204,3204,3204,3204,3204,3204,27.272727966308594,31.81818199157715,22.72727394104004,10.526315689086914,80,4.761904716491699,0,4.545454502105713,10.048922538757324,8589934592,2147483648,5931220992,407961600
209,1772005445847,3204,3204,3204,3204,3204,3204,3204,3204,21.052631378173828,21.052631378173828,20,19.047618865966797,85.71428680419922,0,0,0,9.072824478149414,8589934592,2147483648,5923061760,407961600
202,1772005446057,3204,3204,3204,3204,3204,3204,3204,3204,35,28.571430206298828,28.571430206298828,23.809524536132813,14.285715103149414,33.333335876464844,13.636363983154297,5,9.072824478149414,8589934592,2147483648,5936939008,407961600
201,1772005446259,3204,3204,3204,3204,3204,3204,3204,3204,40,42.85714340209961,26.3157901763916,30.000001907348633,55,10,0,0,9.072824478149414,8589934592,2147483648,5936939008,407961600
205,1772005446462,3204,3204,3204,3204,3204,3204,3204,3204,40,30.000001907348633,30.000001907348633,28.571430206298828,10.526315689086914,0,0,0,9.072824478149414,8589934592,2147483648,5934366720,407961600
205,1772005446668,3204,3204,3204,3204,3204,3204,3204,3204,42.85714340209961,40,33.333335876464844,25,4.761904716491699,4.761904716491699,0,0,9.072824478149414,8589934592,2147483648,5946277888,407961600
201,1772005446874,3204,3204,3204,3204,3204,3204,3204,3204,45,33.333335876464844,35,25,10,0,0,0,9.77145004272461,8589934592,2147483648,5948784640,407961600
203,1772005447076,3204,3204,3204,3204,3204,3204,3204,3204,25,25,20,20,61.904762268066406,5.263157844543457,0,0,9.77145004272461,8589934592,2147483648,5957074944,407961600
206,1772005447281,3204,3204,3204,3204,3204,3204,3204,3204,25,25,19.047618865966797,23.809524536132813,95,0,4.545454502105713,0,9.77145004272461,8589934592,2147483648,5949652992,407961600
205,1772005447487,3204,3204,3204,3204,3204,3204,3204,3204,28.571430206298828,30.000001907348633,25,20,5,0,0,0,9.77145004272461,8589934592,2147483648,5948686336,407961600
206,1772005447693,3204,3204,3204,3204,3204,3204,3204,3204,35,38.095237731933594,26.3157901763916,33.333335876464844,9.523809432983398,4.761904716491699,0,4.761904716491699,9.77145004272461,8589934592,2147483648,5939675136,407961600
199,1772005447900,3204,3204,3204,3204,3204,3204,3204,3204,38.095237731933594,20,31.81818199157715,20,0,0,0,0,8.250436782836914,8589934592,2147483648,5939675136,407961600
201,1772005448100,3204,3204,3204,3204,3204,3204,3204,3204,20,25,15.000000953674316,20,50,10.526315689086914,5,5.263157844543457,8.250436782836914,8589934592,2147483648,5939675136,407961600
207,1772005448302,3204,3204,3204,3204,3204,3204,3204,3204,35,30.000001907348633,25,26.3157901763916,38.095237731933594,23.809524536132813,0,4.761904716491699,8.250436782836914,8589934592,2147483648,5939675136,407961600
209,1772005448511,3204,3204,3204,3204,3204,3204,3204,3204,26.3157901763916,28.571430206298828,25,19.047618865966797,0,0,0,0,8.250436782836914,8589934592,2147483648,5941559296,407961600
209,1772005448720,3204,3204,3204,3204,3204,3204,3204,3204,31.81818199157715,30.000001907348633,31.81818199157715,38.095237731933594,0,4.761904716491699,0,0,8.250436782836914,8589934592,2147483648,5941673984,407961600
200,1772005448930,3204,3204,3204,3204,3204,3204,3204,3204,25,28.571430206298828,28.571430206298828,23.809524536132813,4.761904716491699,0,4.761904716491699,0,8.196720123291016,8589934592,2147483648,5941706752,407961600
202,1772005449130,3204,3204,3204,3204,3204,3204,3204,3204,35,30.000001907348633,21.052631378173828,20,0,0,0,0,8.196720123291016,8589934592,2147483648,5941706752,407961600
202,1772005449333,3204,3204,3204,3204,3204,3204,3204,3204,25,30.000001907348633,20,19.047618865966797,0,4.761904716491699,0,0,8.196720123291016,8589934592,2147483648,5941706752,407961600
209,1772005449536,3204,3204,3204,3204,3204,3204,3204,3204,38.095237731933594,38.095237731933594,30.000001907348633,30.000001907348633,0,0,0,4.761904716491699,8.196720123291016,8589934592,2147483648,5944442880,407961600
208,1772005449746,3204,3204,3204,3204,3204,3204,3204,3204,40,30.000001907348633,33.333335876464844,33.333335876464844,19.047618865966797,19.047618865966797,19.047618865966797,15.000000953674316,8.196720123291016,8589934592,2147483648,5944066048,407961600
204,1772005449954,3204,3204,3204,3204,3204,3204,3204,3204,27.272727966308594,19.047618865966797,19.047618865966797,23.809524536132813,8.69565200805664,0,0,0,6.435856819152832,8589934592,2147483648,5943934976,407961600
209,1772005450159,3204,3204,3204,3204,3204,3204,3204,3204,30.000001907348633,33.333335876464844,25,15.789472579956055,0,28.571430206298828,0,4.761904716491699,6.435856819152832,8589934592,2147483648,5944246272,407961600
206,1772005450369,3204,3204,3204,3204,3204,3204,3204,3204,35,25,23.809524536132813,23.809524536132813,22.72727394104004,14.285715103149414,13.636363983154297,0,6.435856819152832,8589934592,2147483648,5953470464,407961600
206,1772005450576,3204,3204,3204,3204,3204,3204,3204,3204,30.000001907348633,28.571430206298828,19.047618865966797,19.047618865966797,5,5,0,0,6.435856819152832,8589934592,2147483648,5944295424,407961600
209,1772005450783,3204,3204,3204,3204,3204,3204,3204,3204,31.81818199157715,20,25,22.72727394104004,4.761904716491699,4.761904716491699,0,0,6.065817832946777,8589934592,2147483648,5944475648,407961600
207,1772005450993,3204,3204,3204,3204,3204,3204,3204,3204,25,28.571430206298828,19.047618865966797,10.526315689086914,0,0,0,4.761904716491699,6.065817832946777,8589934592,2147483648,5944475648,407961600
199,1772005451201,3204,3204,3204,3204,3204,3204,3204,3204,25,23.809524536132813,20,23.809524536132813,0,0,0,0,6.065817832946777,8589934592,2147483648,5944475648,407961600
206,1772005451401,3204,3204,3204,3204,3204,3204,3204,3204,33.333335876464844,26.3157901763916,33.333335876464844,20,5,5,4.761904716491699,0,6.065817832946777,8589934592,2147483648,5944475648,407961600
208,1772005451608,3204,3204,3204,3204,3204,3204,3204,3204,25,19.047618865966797,20,14.285715103149414,0,0,0,0,6.065817832946777,8589934592,2147483648,5944737792,407961600
206,1772005451817,3204,3204,3204,3204,3204,3204,3204,3204,33.333335876464844,23.809524536132813,23.809524536132813,15.000000953674316,0,0,0,4.545454502105713,5.725561618804932,8589934592,2147483648,5944737792,407961600
203,1772005452024,3204,3204,3204,3204,3204,3204,3204,3204,28.571430206298828,23.809524536132813,19.047618865966797,23.809524536132813,4.761904716491699,4.761904716491699,0,0,5.725561618804932,8589934592,2147483648,5945999360,407961600
206,1772005452228,3204,3204,3204,3204,3204,3204,3204,3204,25,20,25,19.047618865966797,4.761904716491699,0,5,0,5.725561618804932,8589934592,2147483648,5945049088,407961600
209,1772005452435,3204,3204,3204,3204,3204,3204,3204,3204,33.333335876464844,33.333335876464844,28.571430206298828,23.809524536132813,9.523809432983398,18.18181800842285,0,9.090909004211426,5.725561618804932,8589934592,2147483648,5955076096,407961600
209,1772005452645,3204,3204,3204,3204,3204,3204,3204,3204,28.571430206298828,28.571430206298828,28.571430206298828,20,14.285715103149414,19.047618865966797,0,0,5.725561618804932,8589934592,2147483648,5943328768,407961600
201,1772005452855,3204,3204,3204,3204,3204,3204,3204,3204,20,30.000001907348633,20,18.18181800842285,4.761904716491699,4.761904716491699,4.761904716491699,0,5.3645758628845215,8589934592,2147483648,5942820864,407961600
209,1772005453058,3204,3204,3204,3204,3204,3204,3204,3204,21.052631378173828,20,20,10,5.263157844543457,5,5,5,5.3645758628845215,8589934592,2147483648,5941805056,407961600
208,1772005453267,3204,3204,3204,3204,3204,3204,3204,3204,36.3636360168457,20,22.72727394104004,20,0,0,0,0,5.3645758628845215,8589934592,2147483648,5941886976,407961600
206,1772005453476,3204,3204,3204,3204,3204,3204,3204,3204,20,23.809524536132813,20,19.047618865966797,4.761904716491699,4.761904716491699,4.761904716491699,0,5.3645758628845215,8589934592,2147483648,5941821440,407961600
207,1772005453683,3204,3204,3204,3204,3204,3204,3204,3204,27.272727966308594,25,20,14.285715103149414,4.761904716491699,0,0,0,5.3645758628845215,8589934592,2147483648,5941821440,407961600
209,1772005453891,3204,3204,3204,3204,3204,3204,3204,3204,20,27.272727966308594,22.72727394104004,15.000000953674316,0,9.090909004211426,0,4.545454502105713,5.418268203735352,8589934592,2147483648,5941903360,407961600
201,1772005454102,3204,3204,3204,3204,3204,3204,3204,3204,23.809524536132813,15.000000953674316,20,23.809524536132813,9.523809432983398,4.761904716491699,4.761904716491699,4.761904716491699,5.418268203735352,8589934592,2147483648,5942886400,407961600
207,1772005454304,3204,3204,3204,3204,3204,3204,3204,3204,25,23.809524536132813,28.571430206298828,15.000000953674316,0,0,0,0,5.418268203735352,8589934592,2147483648,5942247424,407961600
205,1772005454512,3204,3204,3204,3204,3204,3204,3204,3204,33.333335876464844,25,25,23.809524536132813,4.761904716491699,0,0,0,5.418268203735352,8589934592,2147483648,5943017472,407961600
207,1772005454718,3204,3204,3204,3204,3204,3204,3204,3204,40,33.333335876464844,36.3636360168457,28.571430206298828,25,26.3157901763916,9.523809432983398,10,5.418268203735352,8589934592,2147483648,5942411264,407961600
209,1772005454926,3204,3204,3204,3204,3204,3204,3204,3204,23.809524536132813,23.809524536132813,21.052631378173828,15.000000953674316,0,0,0,0,5.128452301025391,8589934592,2147483648,5942427648,407961600
209,1772005455136,3204,3204,3204,3204,3204,3204,3204,3204,23.809524536132813,25,19.047618865966797,22.72727394104004,9.523809432983398,22.72727394104004,0,0,5.128452301025391,8589934592,2147483648,5942444032,407961600
206,1772005455346,3204,3204,3204,3204,3204,3204,3204,3204,25,23.809524536132813,22.72727394104004,19.047618865966797,4.545454502105713,0,4.545454502105713,0,5.128452301025391,8589934592,2147483648,5942411264,407961600
209,1772005455554,3204,3204,3204,3204,3204,3204,3204,3204,23.809524536132813,28.571430206298828,15.000000953674316,15.000000953674316,0,0,0,0,5.128452301025391,8589934592,2147483648,5937053696,407961600
202,1772005455764,3204,3204,3204,3204,3204,3204,3204,3204,36.3636360168457,23.809524536132813,20,20,0,4.761904716491699,0,4.545454502105713,5.128452301025391,8589934592,2147483648,5936447488,407961600
207,1772005455967,3204,3204,3204,3204,3204,3204,3204,3204,21.052631378173828,25,20,19.047618865966797,0,0,0,0,5.583838939666748,8589934592,2147483648,5936267264,407961600
208,1772005456174,3204,3204,3204,3204,3204,3204,3204,3204,23.809524536132813,23.809524536132813,22.72727394104004,19.047618865966797,4.545454502105713,0,0,0,5.583838939666748,8589934592,2147483648,5936267264,407961600
209,1772005456383,3204,3204,3204,3204,3204,3204,3204,3204,28.571430206298828,28.571430206298828,25,15.000000953674316,0,4.761904716491699,0,0,5.583838939666748,8589934592,2147483648,5936267264,407961600
206,1772005456593,3204,3204,3204,3204,3204,3204,3204,3204,23.809524536132813,28.571430206298828,19.047618865966797,19.047618865966797,0,4.545454502105713,4.545454502105713,0,5.583838939666748,8589934592,2147483648,5936267264,407961600
209,1772005456800,3204,3204,3204,3204,3204,3204,3204,3204,35,31.57894515991211,33.333335876464844,25,33.333335876464844,9.523809432983398,5,4.761904716491699,5.222329616546631,8589934592,2147483648,5946834944,407961600
206,1772005457010,3204,3204,3204,3204,3204,3204,3204,3204,20,23.809524536132813,20,18.18181800842285,5,5,0,0,5.222329616546631,8589934592,2147483648,5936185344,407961600
209,1772005457217,3204,3204,3204,3204,3204,3204,3204,3204,28.571430206298828,23.809524536132813,19.047618865966797,10,4.545454502105713,0,0,0,5.222329616546631,8589934592,2147483648,5936185344,407961600
204,1772005457426,3204,3204,3204,3204,3204,3204,3204,3204,25,27.272727966308594,23.809524536132813,18.18181800842285,0,4.545454502105713,0,0,5.222329616546631,8589934592,2147483648,5936185344,407961600
208,1772005457632,3204,3204,3204,3204,3204,3204,3204,3204,27.272727966308594,21.052631378173828,20,10.526315689086914,0,0,0,0,5.222329616546631,8589934592,2147483648,5936185344,407961600
203,1772005457841,3204,3204,3204,3204,3204,3204,3204,3204,30.000001907348633,28.571430206298828,23.809524536132813,19.047618865966797,0,0,4.545454502105713,0,5.162913799285889,8589934592,2147483648,5937528832,407961600
209,1772005458045,3204,3204,3204,3204,3204,3204,3204,3204,25,20,15.000000953674316,14.285715103149414,4.761904716491699,5,0,0,5.162913799285889,8589934592,2147483648,5937135616,407961600
209,1772005458255,3204,3204,3204,3204,3204,3204,3204,3204,28.571430206298828,28.571430206298828,25,19.047618865966797,0,0,0,0,5.162913799285889,8589934592,2147483648,5937364992,407961600
209,1772005458465,3204,3204,3204,3204,3204,3204,3204,3204,23.809524536132813,23.809524536132813,19.047618865966797,10,4.761904716491699,4.761904716491699,0,0,5.162913799285889,8589934592,2147483648,5937414144,407961600
208,1772005458674,3204,3204,3204,3204,3204,3204,3204,3204,28.571430206298828,19.047618865966797,22.72727394104004,19.047618865966797,0,0,0,0,5.162913799285889,8589934592,2147483648,5937414144,407961600
209,1772005458883,3204,3204,3204,3204,3204,3204,3204,3204,30.000001907348633,30.000001907348633,28.571430206298828,23.809524536132813,13.636363983154297,14.285715103149414,4.761904716491699,9.523809432983398,5.241452217102051,8589934592,2147483648,5947604992,407961600
209,1772005459093,3204,3204,3204,3204,3204,3204,3204,3204,19.047618865966797,27.272727966308594,19.047618865966797,14.285715103149414,20,14.285715103149414,0,0,5.241452217102051,8589934592,2147483648,5937315840,407961600
208,1772005459303,3204,3204,3204,3204,3204,3204,3204,3204,28.571430206298828,23.809524536132813,20,18.18181800842285,0,0,0,0,5.241452217102051,8589934592,2147483648,5937332224,407961600
200,1772005459512,3204,3204,3204,3204,3204,3204,3204,3204,23.809524536132813,26.3157901763916,19.047618865966797,20,0,0,0,0,5.241452217102051,8589934592,2147483648,5937905664,407961600
207,1772005459713,3204,3204,3204,3204,3204,3204,3204,3204,28.571430206298828,28.571430206298828,15.000000953674316,10.526315689086914,0,4.761904716491699,0,0,5.241452217102051,8589934592,2147483648,5937987584,407961600
209,1772005459920,3204,3204,3204,3204,3204,3204,3204,3204,26.3157901763916,25,28.571430206298828,23.809524536132813,0,0,0,0,5.0548624992370605,8589934592,2147483648,5942247424,407961600
209,1772005460130,3204,3204,3204,3204,3204,3204,3204,3204,33.333335876464844,28.571430206298828,23.809524536132813,23.809524536132813,9.523809432983398,23.809524536132813,9.090909004211426,4.761904716491699,5.0548624992370605,8589934592,2147483648,5943508992,407961600
201,1772005460341,3204,3204,3204,3204,3204,3204,3204,3204,35,28.571430206298828,20,22.72727394104004,4.761904716491699,4.761904716491699,4.545454502105713,0,5.0548624992370605,8589934592,2147483648,5943410688,407961600
200,1772005460542,3204,3204,3204,3204,3204,3204,3204,3204,33.333335876464844,20,23.809524536132813,10.526315689086914,4.761904716491699,0,0,0,5.0548624992370605,8589934592,2147483648,5943328768,407961600
209,1772005460743,3204,3204,3204,3204,3204,3204,3204,3204,25,33.333335876464844,15.000000953674316,20,0,0,0,0,5.0548624992370605,8589934592,2147483648,5943312384,407961600
206,1772005460953,3204,3204,3204,3204,3204,3204,3204,3204,23.809524536132813,20,28.571430206298828,18.18181800842285,0,0,0,4.545454502105713,5.364375114440918,8589934592,2147483648,5943328768,407961600
205,1772005461160,3204,3204,3204,3204,3204,3204,3204,3204,33.333335876464844,23.809524536132813,30.000001907348633,25,25,31.81818199157715,0,0,5.364375114440918,8589934592,2147483648,5943132160,407961600
205,1772005461366,3204,3204,3204,3204,3204,3204,3204,3204,20,15.789472579956055,20,23.809524536132813,0,0,0,0,5.364375114440918,8589934592,2147483648,5943164928,407961600
204,1772005461571,3204,3204,3204,3204,3204,3204,3204,3204,25,27.272727966308594,25,20,4.761904716491699,0,0,0,5.364375114440918,8589934592,2147483648,5944885248,407961600
207,1772005461777,3204,3204,3204,3204,3204,3204,3204,3204,25,23.809524536132813,23.809524536132813,20,0,0,0,0,5.576998710632324,8589934592,2147483648,5944885248,407961600
206,1772005461985,3204,3204,3204,3204,3204,3204,3204,3204,28.571430206298828,25,23.809524536132813,19.047618865966797,0,0,0,0,5.576998710632324,8589934592,2147483648,5944197120,407961600
205,1772005462192,3204,3204,3204,3204,3204,3204,3204,3204,23.809524536132813,15.000000953674316,15.000000953674316,15.000000953674316,0,0,0,4.761904716491699,5.576998710632324,8589934592,2147483648,5944213504,407961600
207,1772005462398,3204,3204,3204,3204,3204,3204,3204,3204,21.052631378173828,20,20,19.047618865966797,0,0,0,0,5.576998710632324,8589934592,2147483648,5944229888,407961600
201,1772005462605,3204,3204,3204,3204,3204,3204,3204,3204,28.571430206298828,25,27.272727966308594,15.000000953674316,0,4.545454502105713,0,0,5.576998710632324,8589934592,2147483648,5942886400,407961600
202,1772005462808,3204,3204,3204,3204,3204,3204,3204,3204,23.809524536132813,27.272727966308594,15.000000953674316,14.285715103149414,0,0,0,0,5.327098369598389,8589934592,2147483648,5942853632,407961600
209,1772005463010,3204,3204,3204,3204,3204,3204,3204,3204,25,26.3157901763916,20,10,0,0,0,0,5.327098369598389,8589934592,2147483648,5942640640,407961600
209,1772005463220,3204,3204,3204,3204,3204,3204,3204,3204,33.333335876464844,33.333335876464844,28.571430206298828,30.000001907348633,36.3636360168457,35,33.333335876464844,19.047618865966797,5.327098369598389,8589934592,2147483648,5953175552,407961600
209,1772005463431,3204,3204,3204,3204,3204,3204,3204,3204,28.571430206298828,28.571430206298828,20,19.047618865966797,10,18.18181800842285,4.761904716491699,0,5.327098369598389,8589934592,2147483648,5942427648,407961600
209,1772005463640,3204,3204,3204,3204,3204,3204,3204,3204,23.809524536132813,27.272727966308594,22.72727394104004,19.047618865966797,0,0,0,0,5.327098369598389,8589934592,2147483648,5942460416,407961600
209,1772005463850,3204,3204,3204,3204,3204,3204,3204,3204,25,20,20,19.047618865966797,4.761904716491699,0,0,0,4.994426250457764,8589934592,2147483648,5942460416,407961600
206,1772005464060,3204,3204,3204,3204,3204,3204,3204,3204,23.809524536132813,23.809524536132813,19.047618865966797,19.047618865966797,0,4.761904716491699,0,4.545454502105713,4.994426250457764,8589934592,2147483648,5942673408,407961600
200,1772005464266,3204,3204,3204,3204,3204,3204,3204,3204,33.333335876464844,30.000001907348633,23.809524536132813,20,5,5,9.090909004211426,4.761904716491699,4.994426250457764,8589934592,2147483648,5936693248,407961600
207,1772005464468,3204,3204,3204,3204,3204,3204,3204,3204,31.57894515991211,35,25,28.571430206298828,9.523809432983398,5,0,0,4.994426250457764,8589934592,2147483648,5938413568,407961600
201,1772005464676,3204,3204,3204,3204,3204,3204,3204,3204,31.81818199157715,23.809524536132813,23.809524536132813,15.000000953674316,0,0,4.761904716491699,0,4.994426250457764,8589934592,2147483648,5931663360,407961600
209,1772005464878,3204,3204,3204,3204,3204,3204,3204,3204,26.3157901763916,26.3157901763916,25,23.809524536132813,4.761904716491699,5,0,0,5.732680320739746,8589934592,2147483648,5931991040,407961600
200,1772005465088,3204,3204,3204,3204,3204,3204,3204,3204,23.809524536132813,27.272727966308594,19.047618865966797,15.000000953674316,4.761904716491699,20,0,0,5.732680320739746,8589934592,2147483648,5931794432,407961600
209,1772005465289,3204,3204,3204,3204,3204,3204,3204,3204,35,35,31.57894515991211,25,5.263157844543457,9.090909004211426,10,5,5.732680320739746,8589934592,2147483648,5941772288,407961600
203,1772005465499,3204,3204,3204,3204,3204,3204,3204,3204,28.571430206298828,28.571430206298828,19.047618865966797,19.047618865966797,22.72727394104004,15.000000953674316,0,4.545454502105713,5.732680320739746,8589934592,2147483648,5931565056,407961600
207,1772005465703,3204,3204,3204,3204,3204,3204,3204,3204,25,25,19.047618865966797,19.047618865966797,0,0,0,0,5.732680320739746,8589934592,2147483648,5931565056,407961600
201,1772005465911,3204,3204,3204,3204,3204,3204,3204,3204,33.333335876464844,25,25,19.047618865966797,0,4.761904716491699,0,0,5.548448085784912,8589934592,2147483648,5931515904,407961600
209,1772005466114,3204,3204,3204,3204,3204,3204,3204,3204,35,28.571430206298828,20,15.789472579956055,0,0,0,0,5.548448085784912,8589934592,2147483648,5931499520,407961600
205,1772005466323,3204,3204,3204,3204,3204,3204,3204,3204,20,28.571430206298828,19.047618865966797,18.18181800842285,8.69565200805664,0,0,0,5.548448085784912,8589934592,2147483648,5933498368,407961600
208,1772005466529,3204,3204,3204,3204,3204,3204,3204,3204,23.809524536132813,25,20,15.000000953674316,0,4.761904716491699,9.090909004211426,4.761904716491699,5.548448085784912,8589934592,2147483648,5934252032,407961600
208,1772005466738,3204,3204,3204,3204,3204,3204,3204,3204,28.571430206298828,25,19.047618865966797,14.285715103149414,0,0,0,0,5.548448085784912,8589934592,2147483648,5934252032,407961600
209,1772005466947,3204,3204,3204,3204,3204,3204,3204,3204,25,23.809524536132813,22.72727394104004,19.047618865966797,0,0,0,0,5.532292366027832,8589934592,2147483648,5934252032,407961600
204,1772005467157,3204,3204,3204,3204,3204,3204,3204,3204,23.809524536132813,27.272727966308594,15.000000953674316,14.285715103149414,4.545454502105713,0,4.761904716491699,0,5.532292366027832,8589934592,2147483648,5934301184,407961600
201,1772005467362,3204,3204,3204,3204,3204,3204,3204,3204,33.333335876464844,26.3157901763916,23.809524536132813,20,0,0,0,0,5.532292366027832,8589934592,2147483648,5934694400,407961600
201,1772005467564,3204,3204,3204,3204,3204,3204,3204,3204,40,38.095237731933594,31.57894515991211,30.000001907348633,15.789472579956055,15.789472579956055,15.000000953674316,10,5.532292366027832,8589934592,2147483648,5934776320,407961600
208,1772005467765,3204,3204,3204,3204,3204,3204,3204,3204,30.000001907348633,20,25,19.047618865966797,4.761904716491699,5,0,0,5.532292366027832,8589934592,2147483648,5934809088,407961600
201,1772005467975,3204,3204,3204,3204,3204,3204,3204,3204,25,25,22.72727394104004,15.000000953674316,4.761904716491699,8.69565200805664,0,0,5.254449367523193,8589934592,2147483648,5934317568,407961600
208,1772005468176,3204,3204,3204,3204,3204,3204,3204,3204,20,25,15.000000953674316,15.000000953674316,5,5,5,0,5.254449367523193,8589934592,2147483648,5934514176,407961600
204,1772005468385,3204,3204,3204,3204,3204,3204,3204,3204,31.81818199157715,28.571430206298828,28.571430206298828,23.809524536132813,4.761904716491699,0,0,0,5.254449367523193,8589934592,2147483648,5934432256,407961600
209,1772005468590,3204,3204,3204,3204,3204,3204,3204,3204,25,25,20,15.000000953674316,0,0,0,4.761904716491699,5.254449367523193,8589934592,2147483648,5934432256,407961600
203,1772005468800,3204,3204,3204,3204,3204,3204,3204,3204,23.809524536132813,23.809524536132813,23.809524536132813,19.047618865966797,4.545454502105713,4.545454502105713,4.545454502105713,0,5.439274787902832,8589934592,2147483648,5934432256,407961600
205,1772005469004,3204,3204,3204,3204,3204,3204,3204,3204,28.571430206298828,23.809524536132813,15.000000953674316,15.000000953674316,0,0,0,0,5.439274787902832,8589934592,2147483648,5934432256,407961600
206,1772005469210,3204,3204,3204,3204,3204,3204,3204,3204,21.052631378173828,20,28.571430206298828,19.047618865966797,0,0,0,0,5.439274787902832,8589934592,2147483648,5933957120,407961600
209,1772005469417,3204,3204,3204,3204,3204,3204,3204,3204,25,28.571430206298828,19.047618865966797,23.809524536132813,4.761904716491699,4.761904716491699,0,4.545454502105713,5.439274787902832,8589934592,2147483648,5933973504,407961600
204,1772005469626,3204,3204,3204,3204,3204,3204,3204,3204,38.095237731933594,35,30.000001907348633,28.571430206298828,19.047618865966797,14.285715103149414,9.523809432983398,5,5.439274787902832,8589934592,2147483648,5943132160,407961600
209,1772005469831,3204,3204,3204,3204,3204,3204,3204,3204,33.333335876464844,28.571430206298828,25,21.052631378173828,19.047618865966797,10,4.761904716491699,4.761904716491699,5.109443664550781,8589934592,2147483648,5932793856,407961600
209,1772005470041,3204,3204,3204,3204,3204,3204,3204,3204,40,30.000001907348633,25,22.72727394104004,35,27.272727966308594,19.047618865966797,15.000000953674316,5.109443664550781,8589934592,2147483648,5935349760,407961600
207,1772005470251,3204,3204,3204,3204,3204,3204,3204,3204,28.571430206298828,27.272727966308594,22.72727394104004,15.000000953674316,9.523809432983398,0,0,8.69565200805664,5.109443664550781,8589934592,2147483648,5932924928,407961600
207,1772005470459,3204,3204,3204,3204,3204,3204,3204,3204,28.571430206298828,28.571430206298828,20,19.047618865966797,0,4.761904716491699,4.761904716491699,0,5.109443664550781,8589934592,2147483648,5933039616,407961600
209,1772005470666,3204,3204,3204,3204,3204,3204,3204,3204,28.571430206298828,25,23.809524536132813,25,9.090909004211426,0,0,0,5.109443664550781,8589934592,2147483648,5933121536,407961600
206,1772005470876,3204,3204,3204,3204,3204,3204,3204,3204,25,23.809524536132813,23.809524536132813,23.809524536132813,4.761904716491699,4.761904716491699,4.761904716491699,4.545454502105713,5.623485088348389,8589934592,2147483648,5933121536,407961600
209,1772005471083,3204,3204,3204,3204,3204,3204,3204,3204,33.333335876464844,30.000001907348633,20,19.047618865966797,0,0,0,0,5.623485088348389,8589934592,2147483648,5933105152,407961600
209,1772005471293,3204,3204,3204,3204,3204,3204,3204,3204,23.809524536132813,22.72727394104004,18.18181800842285,18.18181800842285,0,4.761904716491699,0,0,5.623485088348389,8589934592,2147483648,5933760512,407961600
204,1772005471503,3204,3204,3204,3204,3204,3204,3204,3204,38.095237731933594,35,30.000001907348633,23.809524536132813,4.545454502105713,4.545454502105713,4.761904716491699,4.545454502105713,5.623485088348389,8589934592,2147483648,5911068672,407961600
209,1772005471708,3204,3204,3204,3204,3204,3204,3204,3204,38.095237731933594,33.333335876464844,23.809524536132813,20,5.263157844543457,5,0,5,5.623485088348389,8589934592,2147483648,5921800192,407961600
207,1772005471919,3204,3204,3204,3204,3204,3204,3204,3204,30.000001907348633,20,23.809524536132813,15.000000953674316,23.809524536132813,19.047618865966797,0,0,5.695038318634033,8589934592,2147483648,5921800192,407961600
203,1772005472127,3204,3204,3204,3204,3204,3204,3204,3204,28.571430206298828,19.047618865966797,20,19.047618865966797,8.69565200805664,0,4.761904716491699,0,5.695038318634033,8589934592,2147483648,5921800192,407961600
202,1772005472331,3204,3204,3204,3204,3204,3204,3204,3204,25,25,23.809524536132813,19.047618865966797,5,4.761904716491699,0,0,5.695038318634033,8589934592,2147483648,5911560192,407961600
209,1772005472533,3204,3204,3204,3204,3204,3204,3204,3204,30.000001907348633,35,25,20,0,0,0,0,5.695038318634033,8589934592,2147483648,5911068672,407961600
209,1772005472743,3204,3204,3204,3204,3204,3204,3204,3204,42.85714340209961,38.095237731933594,40,33.333335876464844,0,4.761904716491699,0,4.545454502105713,5.695038318634033,8589934592,2147483648,5911068672,407961600
209,1772005472953,3204,3204,3204,3204,3204,3204,3204,3204,28.571430206298828,28.571430206298828,22.72727394104004,23.809524536132813,4.545454502105713,0,4.545454502105713,0,5.256049633026123,8589934592,2147483648,5911068672,407961600
205,1772005473163,3204,3204,3204,3204,3204,3204,3204,3204,23.809524536132813,22.72727394104004,20,20,4.761904716491699,4.761904716491699,0,0,5.256049633026123,8589934592,2147483648,5911068672,407961600
206,1772005473369,3204,3204,3204,3204,3204,3204,3204,3204,30.000001907348633,25,27.272727966308594,23.809524536132813,0,5,5,4.761904716491699,5.256049633026123,8589934592,2147483648,5918048256,407961600
203,1772005473576,3204,3204,3204,3204,3204,3204,3204,3204,28.571430206298828,25,20,20,4.545454502105713,0,0,0,5.256049633026123,8589934592,2147483648,5918064640,407961600
202,1772005473780,3204,3204,3204,3204,3204,3204,3204,3204,25,25,21.052631378173828,20,0,4.761904716491699,0,0,5.394227504730225,8589934592,2147483648,5918064640,407961600
209,1772005473983,3204,3204,3204,3204,3204,3204,3204,3204,35,38.095237731933594,28.571430206298828,33.333335876464844,25,20,0,0,5.394227504730225,8589934592,2147483648,5918064640,407961600
209,1772005474193,3204,3204,3204,3204,3204,3204,3204,3204,23.809524536132813,25,20,19.047618865966797,13.636363983154297,4.761904716491699,9.090909004211426,4.761904716491699,5.394227504730225,8589934592,2147483648,5918064640,407961600
204,1772005474403,3204,3204,3204,3204,3204,3204,3204,3204,28.571430206298828,22.72727394104004,23.809524536132813,23.809524536132813,0,4.761904716491699,0,4.545454502105713,5.394227504730225,8589934592,2147483648,5918113792,407961600
208,1772005474608,3204,3204,3204,3204,3204,3204,3204,3204,30.000001907348633,25,28.571430206298828,19.047618865966797,4.761904716491699,0,0,0,5.394227504730225,8589934592,2147483648,5918113792,407961600
209,1772005474816,3204,3204,3204,3204,3204,3204,3204,3204,33.333335876464844,20,22.72727394104004,10.526315689086914,0,0,0,0,5.313776969909668,8589934592,2147483648,5918113792,407961600
209,1772005475026,3204,3204,3204,3204,3204,3204,3204,3204,25,28.571430206298828,15.789472579956055,27.272727966308594,0,0,4.545454502105713,0,5.313776969909668,8589934592,2147483648,5918113792,407961600
200,1772005475236,3204,3204,3204,3204,3204,3204,3204,3204,31.81818199157715,28.571430206298828,19.047618865966797,14.285715103149414,9.523809432983398,23.809524536132813,4.761904716491699,4.761904716491699,5.313776969909668,8589934592,2147483648,5918113792,407961600
201,1772005475437,3204,3204,3204,3204,3204,3204,3204,3204,25,25,25,25,0,5,0,0,5.313776969909668,8589934592,2147483648,5917835264,407961600
201,1772005475639,3204,3204,3204,3204,3204,3204,3204,3204,21.052631378173828,21.052631378173828,20,20,0,0,0,0,5.313776969909668,8589934592,2147483648,5917589504,407961600
208,1772005475841,3204,3204,3204,3204,3204,3204,3204,3204,25,23.809524536132813,28.571430206298828,20,4.761904716491699,0,4.761904716491699,0,5.452172756195068,8589934592,2147483648,5917589504,407961600
209,1772005476050,3204,3204,3204,3204,3204,3204,3204,3204,28.571430206298828,30.000001907348633,25,25,9.523809432983398,13.636363983154297,0,9.523809432983398,5.452172756195068,8589934592,2147483648,5917589504,407961600
200,1772005476260,3204,3204,3204,3204,3204,3204,3204,3204,28.571430206298828,31.81818199157715,23.809524536132813,18.18181800842285,14.285715103149414,9.523809432983398,0,4.761904716491699,5.452172756195068,8589934592,2147483648,5917589504,407961600
209,1772005476461,3204,3204,3204,3204,3204,3204,3204,3204,30.000001907348633,30.000001907348633,30.000001907348633,25,5,5,4.761904716491699,5,5.452172756195068,8589934592,2147483648,5918195712,407961600
209,1772005476671,3204,3204,3204,3204,3204,3204,3204,3204,33.333335876464844,33.333335876464844,31.81818199157715,23.809524536132813,5,4.761904716491699,0,4.545454502105713,5.452172756195068,8589934592,2147483648,5922045952,407961600
202,1772005476881,3204,3204,3204,3204,3204,3204,3204,3204,30.000001907348633,28.571430206298828,28.571430206298828,20,9.090909004211426,4.761904716491699,4.545454502105713,0,5.178583145141602,8589934592,2147483648,5920849920,407961600
206,1772005477084,3204,3204,3204,3204,3204,3204,3204,3204,25,25,15.789472579956055,20,5,0,0,5,5.178583145141602,8589934592,2147483648,5922684928,407961600
208,1772005477291,3204,3204,3204,3204,3204,3204,3204,3204,28.571430206298828,21.052631378173828,18.18181800842285,19.047618865966797,0,0,0,0,5.178583145141602,8589934592,2147483648,5921652736,407961600
201,1772005477500,3204,3204,3204,3204,3204,3204,3204,3204,31.81818199157715,23.809524536132813,20,14.285715103149414,0,0,0,0,5.178583145141602,8589934592,2147483648,5921570816,407961600
209,1772005477702,3204,3204,3204,3204,3204,3204,3204,3204,26.3157901763916,33.333335876464844,25,20,0,4.761904716491699,4.761904716491699,0,5.178583145141602,8589934592,2147483648,5920882688,407961600
205,1772005477912,3204,3204,3204,3204,3204,3204,3204,3204,25,23.809524536132813,19.047618865966797,19.047618865966797,4.545454502105713,0,0,0,5.776132583618164,8589934592,2147483648,5920882688,407961600
209,1772005478117,3204,3204,3204,3204,3204,3204,3204,3204,36.3636360168457,33.333335876464844,30.000001907348633,20,25,27.272727966308594,19.047618865966797,20,5.776132583618164,8589934592,2147483648,5918736384,407961600
200,1772005478327,3204,3204,3204,3204,3204,3204,3204,3204,21.052631378173828,25,23.809524536132813,27.272727966308594,28.571430206298828,15.000000953674316,9.523809432983398,9.523809432983398,5.776132583618164,8589934592,2147483648,5919358976,407961600
204,1772005478529,3204,3204,3204,3204,3204,3204,3204,3204,66.66667175292969,63.15789031982422,70,68.42105102539063,5,4.761904716491699,0,0,5.776132583618164,8589934592,2147483648,5922439168,407961600
207,1772005478733,3204,3204,3204,3204,3204,3204,3204,3204,66.66667175292969,52.38095474243164,52.38095474243164,52.38095474243164,20,20,22.72727394104004,19.047618865966797,5.776132583618164,8589934592,2147483648,5930287104,407961600
201,1772005478941,3204,3204,3204,3204,3204,3204,3204,3204,50,47.619049072265625,40,30.000001907348633,19.047618865966797,9.523809432983398,9.523809432983398,4.761904716491699,5.22551155090332,8589934592,2147483648,5933318144,407961600
206,1772005479143,3204,3204,3204,3204,3204,3204,3204,3204,45,40,40,38.095237731933594,9.523809432983398,5.263157844543457,5,0,5.22551155090332,8589934592,2147483648,5941755904,407961600
209,1772005479350,3204,3204,3204,3204,3204,3204,3204,3204,50,50,66.66667175292969,38.095237731933594,0,0,0,0,5.22551155090332,8589934592,2147483648,5947719680,407961600
208,1772005479561,3204,3204,3204,3204,3204,3204,3204,3204,63.6363639831543,60.000003814697266,65,66.66667175292969,0,0,0,0,5.22551155090332,8589934592,2147483648,5949964288,407961600
206,1772005479770,3204,3204,3204,3204,3204,3204,3204,3204,36.3636360168457,30.000001907348633,27.272727966308594,15.000000953674316,4.761904716491699,9.090909004211426,0,0,6.67407751083374,8589934592,2147483648,5949833216,407961600
201,1772005479977,3204,3204,3204,3204,3204,3204,3204,3204,42.105262756347656,45.45454788208008,35,33.333335876464844,0,0,0,4.545454502105713,6.67407751083374,8589934592,2147483648,5949915136,407961600
209,1772005480179,3204,3204,3204,3204,3204,3204,3204,3204,42.85714340209961,31.57894515991211,38.095237731933594,35,40,5.263157844543457,5,5,6.67407751083374,8589934592,2147483648,5950406656,407961600
203,1772005480389,3204,3204,3204,3204,3204,3204,3204,3204,40,33.333335876464844,33.333335876464844,28.571430206298828,71.42857360839844,10,28.571430206298828,4.761904716491699,6.67407751083374,8589934592,2147483648,5943820288,407961600
207,1772005480593,3204,3204,3204,3204,3204,3204,3204,3204,20,20,20,15.000000953674316,5,100,0,0,6.67407751083374,8589934592,2147483648,5943951360,407961600
208,1772005480801,3204,3204,3204,3204,3204,3204,3204,3204,28.571430206298828,28.571430206298828,25,23.809524536132813,25,10,0,4.545454502105713,6.179721355438232,8589934592,2147483648,5943803904,407961600
205,1772005481010,3204,3204,3204,3204,3204,3204,3204,3204,28.571430206298828,20,19.047618865966797,15.000000953674316,100,0,0,0,6.179721355438232,8589934592,2147483648,5943803904,407961600
207,1772005481216,3204,3204,3204,3204,3204,3204,3204,3204,23.809524536132813,23.809524536132813,19.047618865966797,14.285715103149414,100,0,0,0,6.179721355438232,8589934592,2147483648,5946081280,407961600
203,1772005481425,3204,3204,3204,3204,3204,3204,3204,3204,20,28.571430206298828,20,19.047618865966797,47.619049072265625,30.000001907348633,4.545454502105713,38.095237731933594,6.179721355438232,8589934592,2147483648,5958860800,407961600
203,1772005481629,3204,3204,3204,3204,3204,3204,3204,3204,25,23.809524536132813,23.809524536132813,15.000000953674316,0,0,0,100,6.179721355438232,8589934592,2147483648,5961056256,407961600
204,1772005481833,3204,3204,3204,3204,3204,3204,3204,3204,20,25,15.789472579956055,23.809524536132813,42.85714340209961,4.761904716491699,0,40,8.204028129577637,8589934592,2147483648,5960630272,407961600
205,1772005482037,3204,3204,3204,3204,3204,3204,3204,3204,28.571430206298828,20,19.047618865966797,15.000000953674316,52.38095474243164,9.523809432983398,0,4.761904716491699,8.204028129577637,8589934592,2147483648,5959876608,407961600
209,1772005482243,3204,3204,3204,3204,3204,3204,3204,3204,25,23.809524536132813,19.047618865966797,15.000000953674316,80.95238494873047,38.095237731933594,0,0,8.204028129577637,8589934592,2147483648,5959041024,407961600
206,1772005482453,3204,3204,3204,3204,3204,3204,3204,3204,36.3636360168457,30.000001907348633,28.571430206298828,23.809524536132813,42.85714340209961,40,9.523809432983398,15.000000953674316,8.204028129577637,8589934592,2147483648,5967069184,407961600
206,1772005482660,3204,3204,3204,3204,3204,3204,3204,3204,30.000001907348633,23.809524536132813,25,20,15.000000953674316,76.19047546386719,4.761904716491699,9.523809432983398,8.204028129577637,8589934592,2147483648,5955092480,407961600
208,1772005482866,3204,3204,3204,3204,3204,3204,3204,3204,25,20,23.809524536132813,22.72727394104004,5,61.904762268066406,38.095237731933594,0,10.833077430725098,8589934592,2147483648,5955256320,407961600
207,1772005483075,3204,3204,3204,3204,3204,3204,3204,3204,20,19.047618865966797,20,10,36.3636360168457,40,0,0,10.833077430725098,8589934592,2147483648,5955502080,407961600
207,1772005483284,3204,3204,3204,3204,3204,3204,3204,3204,19.047618865966797,19.047618865966797,23.809524536132813,14.285715103149414,65,19.047618865966797,4.761904716491699,13.636363983154297,10.833077430725098,8589934592,2147483648,5955747840,407961600
209,1772005483491,3204,3204,3204,3204,3204,3204,3204,3204,23.809524536132813,23.809524536132813,20,19.047618865966797,85.71428680419922,4.761904716491699,19.047618865966797,0,10.833077430725098,8589934592,2147483648,5957107712,407961600
207,1772005483701,3204,3204,3204,3204,3204,3204,3204,3204,33.333335876464844,35,27.272727966308594,20,65,0,0,0,10.833077430725098,8589934592,2147483648,5958107136,407961600
207,1772005483909,3204,3204,3204,3204,3204,3204,3204,3204,38.095237731933594,33.333335876464844,28.571430206298828,31.81818199157715,71.42857360839844,0,0,0,10.153334617614746,8589934592,2147483648,5956911104,407961600
200,1772005484116,3204,3204,3204,3204,3204,3204,3204,3204,23.809524536132813,23.809524536132813,15.000000953674316,15.000000953674316,31.81818199157715,18.18181800842285,0,61.904762268066406,10.153334617614746,8589934592,2147483648,5956501504,407961600
209,1772005484317,3204,3204,3204,3204,3204,3204,3204,3204,26.3157901763916,20,23.809524536132813,15.000000953674316,55,15.789472579956055,0,0,10.153334617614746,8589934592,2147483648,5955190784,407961600
201,1772005484527,3204,3204,3204,3204,3204,3204,3204,3204,23.809524536132813,20,10.526315689086914,15.000000953674316,85,4.545454502105713,0,0,10.153334617614746,8589934592,2147483648,5955158016,407961600
200,1772005484729,3204,3204,3204,3204,3204,3204,3204,3204,31.57894515991211,30.000001907348633,28.571430206298828,15.000000953674316,65,20,30.000001907348633,0,10.153334617614746,8589934592,2147483648,5954895872,407961600
209,1772005484930,3204,3204,3204,3204,3204,3204,3204,3204,28.571430206298828,20,20,19.047618865966797,57.142860412597656,5.263157844543457,4.761904716491699,0,9.939165115356445,8589934592,2147483648,5954895872,407961600
209,1772005485139,3204,3204,3204,3204,3204,3204,3204,3204,28.571430206298828,23.809524536132813,19.047618865966797,15.000000953674316,15.000000953674316,42.85714340209961,30.000001907348633,4.545454502105713,9.939165115356445,8589934592,2147483648,5954879488,407961600
202,1772005485350,3204,3204,3204,3204,3204,3204,3204,3204,20,23.809524536132813,20,14.285715103149414,0,100,0,0,9.939165115356445,8589934592,2147483648,5954879488,407961600
206,1772005485553,3204,3204,3204,3204,3204,3204,3204,3204,23.809524536132813,25,25,19.047618865966797,14.285715103149414,61.904762268066406,0,0,9.939165115356445,8589934592,2147483648,5954879488,407961600
208,1772005485759,3204,3204,3204,3204,3204,3204,3204,3204,25,25,23.809524536132813,15.000000953674316,66.66667175292969,0,22.72727394104004,0,9.939165115356445,8589934592,2147483648,5954043904,407961600
207,1772005485969,3204,3204,3204,3204,3204,3204,3204,3204,20,22.72727394104004,14.285715103149414,9.523809432983398,10,14.285715103149414,90,4.761904716491699,10.629969596862793,8589934592,2147483648,5957337088,407961600
207,1772005486176,3204,3204,3204,3204,3204,3204,3204,3204,14.285715103149414,15.000000953674316,15.000000953674316,5,52.38095474243164,54.54545593261719,50,42.85714340209961,10.629969596862793,8589934592,2147483648,5965135872,407961600
208,1772005486384,3204,3204,3204,3204,3204,3204,3204,3204,19.047618865966797,19.047618865966797,10,9.523809432983398,47.619049072265625,5,4.761904716491699,5,10.629969596862793,8589934592,2147483648,5962137600,407961600
209,1772005486593,3204,3204,3204,3204,3204,3204,3204,3204,70,65,63.6363639831543,63.6363639831543,19.047618865966797,0,0,0,10.629969596862793,8589934592,2147483648,5965299712,407961600
206,1772005486803,3204,3204,3204,3204,3204,3204,3204,3204,52.38095474243164,45,47.619049072265625,40,38.095237731933594,22.72727394104004,13.636363983154297,13.636363983154297,9.770349502563477,8589934592,2147483648,5943590912,407961600
208,1772005487010,3204,3204,3204,3204,3204,3204,3204,3204,28.571430206298828,28.571430206298828,23.809524536132813,20,63.15789031982422,0,0,0,9.770349502563477,8589934592,2147483648,5946687488,407961600
208,1772005487220,3204,3204,3204,3204,3204,3204,3204,3204,33.333335876464844,28.571430206298828,30.000001907348633,28.571430206298828,19.047618865966797,0,0,0,9.770349502563477,8589934592,2147483648,5943328768,407961600
209,1772005487428,3204,3204,3204,3204,3204,3204,3204,3204,30.000001907348633,28.571430206298828,23.809524536132813,19.047618865966797,80.95238494873047,4.761904716491699,0,0,9.770349502563477,8589934592,2147483648,5954011136,407961600
204,1772005487638,3204,3204,3204,3204,3204,3204,3204,3204,28.571430206298828,28.571430206298828,28.571430206298828,28.571430206298828,55,0,0,4.761904716491699,9.770349502563477,8589934592,2147483648,5941166080,407961600
207,1772005487843,3204,3204,3204,3204,3204,3204,3204,3204,30.000001907348633,28.571430206298828,20,20,13.636363983154297,0,0,0,10.641332626342773,8589934592,2147483648,5939920896,407961600
208,1772005488051,3204,3204,3204,3204,3204,3204,3204,3204,33.333335876464844,30.000001907348633,19.047618865966797,23.809524536132813,75,4.761904716491699,9.523809432983398,0,10.641332626342773,8589934592,2147483648,5943951360,407961600
207,1772005488261,3204,3204,3204,3204,3204,3204,3204,3204,35,33.333335876464844,30.000001907348633,19.047618865966797,38.095237731933594,0,0,5,10.641332626342773,8589934592,2147483648,5941886976,407961600
209,1772005488469,3204,3204,3204,3204,3204,3204,3204,3204,47.619049072265625,35,33.333335876464844,23.809524536132813,15.000000953674316,4.761904716491699,4.761904716491699,4.761904716491699,10.641332626342773,8589934592,2147483648,5964070912,407961600
204,1772005488678,3204,3204,3204,3204,3204,3204,3204,3204,23.809524536132813,20,23.809524536132813,15.000000953674316,90.47618865966797,0,0,0,10.641332626342773,8589934592,2147483648,5973344256,407961600
209,1772005488883,3204,3204,3204,3204,3204,3204,3204,3204,35,38.095237731933594,25,25,40,9.523809432983398,0,4.761904716491699,9.260716438293457,8589934592,2147483648,5975064576,407961600
205,1772005489093,3204,3204,3204,3204,3204,3204,3204,3204,28.571430206298828,23.809524536132813,23.809524536132813,18.18181800842285,66.66667175292969,25,13.636363983154297,4.761904716491699,9.260716438293457,8589934592,2147483648,5974343680,407961600
203,1772005489300,3204,3204,3204,3204,3204,3204,3204,3204,30.000001907348633,30.000001907348633,28.571430206298828,23.809524536132813,40,0,4.545454502105713,0,9.260716438293457,8589934592,2147483648,5965987840,407961600
201,1772005489504,3204,3204,3204,3204,3204,3204,3204,3204,38.095237731933594,30.000001907348633,30.000001907348633,26.3157901763916,4.761904716491699,4.761904716491699,0,0,9.260716438293457,8589934592,2147483648,5959729152,407961600
209,1772005489705,3204,3204,3204,3204,3204,3204,3204,3204,36.842105865478516,28.571430206298828,30.000001907348633,30.000001907348633,0,5,0,0,9.260716438293457,8589934592,2147483648,5973622784,407961600
208,1772005489916,3204,3204,3204,3204,3204,3204,3204,3204,33.333335876464844,25,23.809524536132813,23.809524536132813,9.090909004211426,4.761904716491699,0,0,8.495800971984863,8589934592,2147483648,5973721088,407961600
209,1772005490124,3204,3204,3204,3204,3204,3204,3204,3204,38.095237731933594,38.095237731933594,42.85714340209961,33.333335876464844,47.619049072265625,25,4.761904716491699,10,8.495800971984863,8589934592,2147483648,5973426176,407961600
201,1772005490335,3204,3204,3204,3204,3204,3204,3204,3204,35,28.571430206298828,28.571430206298828,23.809524536132813,0,4.545454502105713,0,4.545454502105713,8.495800971984863,8589934592,2147483648,5973491712,407961600
205,1772005490537,3204,3204,3204,3204,3204,3204,3204,3204,30.000001907348633,21.052631378173828,20,25,5,0,0,0,8.495800971984863,8589934592,2147483648,5973000192,407961600
200,1772005490743,3204,3204,3204,3204,3204,3204,3204,3204,33.333335876464844,33.333335876464844,30.000001907348633,23.809524536132813,0,0,4.545454502105713,0,8.495800971984863,8589934592,2147483648,5974392832,407961600
207,1772005490944,3204,3204,3204,3204,3204,3204,3204,3204,33.333335876464844,30.000001907348633,15.789472579956055,15.789472579956055,0,4.761904716491699,0,0,8.030227661132813,8589934592,2147483648,5976014848,407961600
209,1772005491152,3204,3204,3204,3204,3204,3204,3204,3204,40,33.333335876464844,31.81818199157715,28.571430206298828,9.090909004211426,15.000000953674316,4.761904716491699,4.545454502105713,8.030227661132813,8589934592,2147483648,5968134144,407961600
204,1772005491362,3204,3204,3204,3204,3204,3204,3204,3204,28.571430206298828,28.571430206298828,38.095237731933594,23.809524536132813,14.285715103149414,9.523809432983398,4.761904716491699,0,8.030227661132813,8589934592,2147483648,5969264640,407961600
207,1772005491567,3204,3204,3204,3204,3204,3204,3204,3204,31.57894515991211,25,25,23.809524536132813,0,4.761904716491699,0,0,8.030227661132813,8589934592,2147483648,5969313792,407961600
200,1772005491775,3204,3204,3204,3204,3204,3204,3204,3204,31.81818199157715,19.047618865966797,19.047618865966797,20,0,0,0,0,6.338878631591797,8589934592,2147483648,5969313792,407961600
202,1772005491976,3204,3204,3204,3204,3204,3204,3204,3204,40,31.57894515991211,25,28.571430206298828,10,9.523809432983398,5,4.761904716491699,6.338878631591797,8589934592,2147483648,5970624512,407961600
203,1772005492179,3204,3204,3204,3204,3204,3204,3204,3204,36.842105865478516,33.333335876464844,33.333335876464844,26.3157901763916,25,20,15.000000953674316,20,6.338878631591797,8589934592,2147483648,5972115456,407961600
208,1772005492384,3204,3204,3204,3204,3204,3204,3204,3204,33.333335876464844,30.000001907348633,26.3157901763916,19.047618865966797,4.761904716491699,4.761904716491699,4.761904716491699,0,6.338878631591797,8589934592,2147483648,5973131264,407961600
209,1772005492593,3204,3204,3204,3204,3204,3204,3204,3204,30.000001907348633,28.571430206298828,23.809524536132813,28.571430206298828,0,0,0,0,6.338878631591797,8589934592,2147483648,5970935808,407961600
207,1772005492804,3204,3204,3204,3204,3204,3204,3204,3204,27.272727966308594,27.272727966308594,25,19.047618865966797,4.761904716491699,4.761904716491699,4.761904716491699,4.761904716491699,5.640444278717041,8589934592,2147483648,5970984960,407961600
207,1772005493012,3204,3204,3204,3204,3204,3204,3204,3204,25,25,23.809524536132813,10,0,0,0,0,5.640444278717041,8589934592,2147483648,5971034112,407961600
206,1772005493220,3204,3204,3204,3204,3204,3204,3204,3204,33.333335876464844,33.333335876464844,27.272727966308594,28.571430206298828,23.809524536132813,23.809524536132813,22.72727394104004,9.523809432983398,5.640444278717041,8589934592,2147483648,5980143616,407961600
206,1772005493426,3204,3204,3204,3204,3204,3204,3204,3204,25,20,20,23.809524536132813,10,14.285715103149414,0,4.545454502105713,5.640444278717041,8589934592,2147483648,5970345984,407961600
200,1772005493633,3204,3204,3204,3204,3204,3204,3204,3204,33.333335876464844,25,20,15.000000953674316,4.761904716491699,0,4.761904716491699,0,5.640444278717041,8589934592,2147483648,5971410944,407961600
208,1772005493834,3204,3204,3204,3204,3204,3204,3204,3204,30.000001907348633,25,20,20,5.263157844543457,5.263157844543457,5,5,6.2531538009643555,8589934592,2147483648,5970903040,407961600
209,1772005494043,3204,3204,3204,3204,3204,3204,3204,3204,28.571430206298828,23.809524536132813,23.809524536132813,14.285715103149414,4.545454502105713,4.545454502105713,0,0,6.2531538009643555,8589934592,2147483648,5970444288,407961600
204,1772005494253,3204,3204,3204,3204,3204,3204,3204,3204,28.571430206298828,28.571430206298828,23.809524536132813,19.047618865966797,4.761904716491699,4.761904716491699,4.761904716491699,4.545454502105713,6.2531538009643555,8589934592,2147483648,5970083840,407961600
204,1772005494458,3204,3204,3204,3204,3204,3204,3204,3204,28.571430206298828,23.809524536132813,30.000001907348633,19.047618865966797,0,0,0,0,6.2531538009643555,8589934592,2147483648,5970083840,407961600
200,1772005494663,3204,3204,3204,3204,3204,3204,3204,3204,26.3157901763916,31.57894515991211,19.047618865966797,15.000000953674316,9.523809432983398,4.761904716491699,0,4.761904716491699,6.2531538009643555,8589934592,2147483648,5970083840,407961600
200,1772005494864,3204,3204,3204,3204,3204,3204,3204,3204,25,20,26.3157901763916,20,0,0,0,0,5.688741207122803,8589934592,2147483648,5970083840,407961600
209,1772005495065,3204,3204,3204,3204,3204,3204,3204,3204,25,30.000001907348633,23.809524536132813,25,0,14.285715103149414,0,0,5.688741207122803,8589934592,2147483648,5971755008,407961600
209,1772005495275,3204,3204,3204,3204,3204,3204,3204,3204,28.571430206298828,28.571430206298828,28.571430206298828,28.571430206298828,18.18181800842285,14.285715103149414,5,0,5.688741207122803,8589934592,2147483648,5978800128,407961600
209,1772005495485,3204,3204,3204,3204,3204,3204,3204,3204,33.333335876464844,31.81818199157715,23.809524536132813,15.000000953674316,19.047618865966797,15.000000953674316,4.545454502105713,0,5.688741207122803,8589934592,2147483648,5978800128,407961600
204,1772005495695,3204,3204,3204,3204,3204,3204,3204,3204,23.809524536132813,20,15.000000953674316,27.272727966308594,0,4.545454502105713,0,0,5.688741207122803,8589934592,2147483648,5978800128,407961600
209,1772005495900,3204,3204,3204,3204,3204,3204,3204,3204,25,28.571430206298828,23.809524536132813,20,4.761904716491699,0,0,4.761904716491699,5.457937240600586,8589934592,2147483648,5978800128,407961600
207,1772005496110,3204,3204,3204,3204,3204,3204,3204,3204,28.571430206298828,30.000001907348633,25,33.333335876464844,0,0,0,0,5.457937240600586,8589934592,2147483648,5969018880,407961600
207,1772005496318,3204,3204,3204,3204,3204,3204,3204,3204,42.85714340209961,47.619049072265625,47.619049072265625,50,0,4.545454502105713,0,0,5.457937240600586,8589934592,2147483648,5968986112,407961600
209,1772005496526,3204,3204,3204,3204,3204,3204,3204,3204,45,61.904762268066406,52.38095474243164,40.90909194946289,0,0,4.761904716491699,0,5.457937240600586,8589934592,2147483648,5966118912,407961600
208,1772005496737,3204,3204,3204,3204,3204,3204,3204,3204,27.272727966308594,23.809524536132813,19.047618865966797,19.047618865966797,0,0,0,0,5.457937240600586,8589934592,2147483648,5966249984,407961600
205,1772005496946,3204,3204,3204,3204,3204,3204,3204,3204,30.000001907348633,25,23.809524536132813,10.526315689086914,4.761904716491699,4.761904716491699,0,0,5.538298606872559,8589934592,2147483648,5968183296,407961600
207,1772005497151,3204,3204,3204,3204,3204,3204,3204,3204,70,66.66667175292969,68.42105102539063,68.18181610107422,0,0,0,0,5.538298606872559,8589934592,2147483648,5979160576,407961600
200,1772005497360,3204,3204,3204,3204,3204,3204,3204,3204,85.71428680419922,85,82.60869598388672,85,4.545454502105713,0,4.545454502105713,0,5.538298606872559,8589934592,2147483648,5983191040,407961600
209,1772005497560,3204,3204,3204,3204,3204,3204,3204,3204,75,75,68.42105102539063,75,36.842105865478516,19.047618865966797,5,5,5.538298606872559,8589934592,2147483648,5983191040,407961600
203,1772005497771,3204,3204,3204,3204,3204,3204,3204,3204,75,80.95238494873047,71.42857360839844,61.904762268066406,4.761904716491699,0,0,0,5.51544713973999,8589934592,2147483648,5983191040,407961600
203,1772005497975,3204,3204,3204,3204,3204,3204,3204,3204,76.19047546386719,75,65,66.66667175292969,0,0,0,0,5.51544713973999,8589934592,2147483648,5983191040,407961600
209,1772005498178,3204,3204,3204,3204,3204,3204,3204,3204,60.000003814697266,50,50,50,4.761904716491699,0,0,0,5.51544713973999,8589934592,2147483648,5975506944,407961600
206,1772005498388,3204,3204,3204,3204,3204,3204,3204,3204,23.809524536132813,23.809524536132813,19.047618865966797,14.285715103149414,14.285715103149414,4.761904716491699,4.761904716491699,4.545454502105713,5.51544713973999,8589934592,2147483648,5977145344,407961600
200,1772005498595,3204,3204,3204,3204,3204,3204,3204,3204,25,23.809524536132813,19.047618865966797,15.000000953674316,0,0,0,0,5.51544713973999,8589934592,2147483648,5976178688,407961600
209,1772005498796,3204,3204,3204,3204,3204,3204,3204,3204,28.571430206298828,30.000001907348633,26.3157901763916,20,0,4.761904716491699,0,0,6.005395889282227,8589934592,2147483648,5976227840,407961600
203,1772005499006,3204,3204,3204,3204,3204,3204,3204,3204,19.047618865966797,15.000000953674316,19.047618865966797,19.047618865966797,4.545454502105713,0,4.545454502105713,0,6.005395889282227,8589934592,2147483648,5976227840,407961600
206,1772005499210,3204,3204,3204,3204,3204,3204,3204,3204,31.57894515991211,33.333335876464844,25,25,0,0,0,0,6.005395889282227,8589934592,2147483648,5975719936,407961600
206,1772005499417,3204,3204,3204,3204,3204,3204,3204,3204,28.571430206298828,25,19.047618865966797,14.285715103149414,0,0,0,0,6.005395889282227,8589934592,2147483648,5975769088,407961600
203,1772005499625,3204,3204,3204,3204,3204,3204,3204,3204,38.095237731933594,42.85714340209961,33.333335876464844,25,0,13.636363983154297,10,4.761904716491699,6.005395889282227,8589934592,2147483648,5974360064,407961600
201,1772005499828,3204,3204,3204,3204,3204,3204,3204,3204,35,38.095237731933594,25,20,4.761904716491699,0,0,0,5.643640518188477,8589934592,2147483648,5966921728,407961600
209,1772005500030,3204,3204,3204,3204,3204,3204,3204,3204,35,26.3157901763916,30.000001907348633,23.809524536132813,19.047618865966797,15.000000953674316,0,0,5.643640518188477,8589934592,2147483648,5980536832,407961600
209,1772005500240,3204,3204,3204,3204,3204,3204,3204,3204,33.333335876464844,33.333335876464844,23.809524536132813,33.333335876464844,9.523809432983398,22.72727394104004,0,0,5.643640518188477,8589934592,2147483648,5980667904,407961600
203,1772005500450,3204,3204,3204,3204,3204,3204,3204,3204,30.000001907348633,38.095237731933594,33.333335876464844,23.809524536132813,0,0,4.545454502105713,0,5.643640518188477,8589934592,2147483648,5980831744,407961600
202,1772005500655,3204,3204,3204,3204,3204,3204,3204,3204,42.85714340209961,35,33.333335876464844,30.000001907348633,0,0,0,0,5.643640518188477,8589934592,2147483648,5982044160,407961600
201,1772005500858,3204,3204,3204,3204,3204,3204,3204,3204,35,30.000001907348633,31.57894515991211,26.3157901763916,4.761904716491699,4.761904716491699,0,5,5.669287204742432,8589934592,2147483648,5982011392,407961600
208,1772005501060,3204,3204,3204,3204,3204,3204,3204,3204,31.57894515991211,38.095237731933594,30.000001907348633,25,5,5,5,0,5.669287204742432,8589934592,2147483648,5982896128,407961600
208,1772005501269,3204,3204,3204,3204,3204,3204,3204,3204,45.45454788208008,50,40.90909194946289,43.4782600402832,0,0,0,0,5.669287204742432,8589934592,2147483648,5983535104,407961600
208,1772005501479,3204,3204,3204,3204,3204,3204,3204,3204,35,35,35,25,19.047618865966797,19.047618865966797,19.047618865966797,19.047618865966797,5.669287204742432,8589934592,2147483648,5970935808,407961600
209,1772005501687,3204,3204,3204,3204,3204,3204,3204,3204,36.3636360168457,36.3636360168457,25,28.571430206298828,14.285715103149414,5,4.761904716491699,4.545454502105713,5.669287204742432,8589934592,2147483648,5964464128,407961600
202,1772005501898,3204,3204,3204,3204,3204,3204,3204,3204,38.095237731933594,33.333335876464844,31.81818199157715,23.809524536132813,14.285715103149414,13.636363983154297,13.636363983154297,4.761904716491699,5.835910320281982,8589934592,2147483648,5953060864,407961600
209,1772005502100,3204,3204,3204,3204,3204,3204,3204,3204,36.842105865478516,33.333335876464844,20,21.052631378173828,10,0,0,0,5.835910320281982,8589934592,2147483648,5943017472,407961600
205,1772005502310,3204,3204,3204,3204,3204,3204,3204,3204,31.81818199157715,21.052631378173828,19.047618865966797,18.18181800842285,0,0,0,0,5.835910320281982,8589934592,2147483648,5942902784,407961600
207,1772005502517,3204,3204,3204,3204,3204,3204,3204,3204,25,23.809524536132813,20,10.526315689086914,0,0,0,4.761904716491699,5.835910320281982,8589934592,2147483648,5940838400,407961600
208,1772005502725,3204,3204,3204,3204,3204,3204,3204,3204,20,33.333335876464844,20,19.047618865966797,4.761904716491699,4.761904716491699,0,0,5.835910320281982,8589934592,2147483648,5939134464,407961600
207,1772005502933,3204,3204,3204,3204,3204,3204,3204,3204,28.571430206298828,28.571430206298828,19.047618865966797,18.18181800842285,0,0,0,0,6.073329448699951,8589934592,2147483648,5939150848,407961600
201,1772005503141,3204,3204,3204,3204,3204,3204,3204,3204,30.000001907348633,33.333335876464844,28.571430206298828,25,0,0,4.545454502105713,4.545454502105713,6.073329448699951,8589934592,2147483648,5936775168,407961600
206,1772005503343,3204,3204,3204,3204,3204,3204,3204,3204,28.571430206298828,20,19.047618865966797,14.285715103149414,9.090909004211426,10,0,0,6.073329448699951,8589934592,2147483648,5937152000,407961600
208,1772005503551,3204,3204,3204,3204,3204,3204,3204,3204,30.000001907348633,25,20,20,0,0,0,0,6.073329448699951,8589934592,2147483648,5936988160,407961600
208,1772005503760,3204,3204,3204,3204,3204,3204,3204,3204,31.81818199157715,23.809524536132813,23.809524536132813,19.047618865966797,4.545454502105713,4.761904716491699,4.545454502105713,0,6.073329448699951,8589934592,2147483648,5936988160,407961600
206,1772005503969,3204,3204,3204,3204,3204,3204,3204,3204,25,25,25,23.809524536132813,5,9.523809432983398,5,0,5.388689041137695,8589934592,2147483648,5936988160,407961600
206,1772005504176,3204,3204,3204,3204,3204,3204,3204,3204,28.571430206298828,28.571430206298828,33.333335876464844,20,9.523809432983398,15.000000953674316,0,0,5.388689041137695,8589934592,2147483648,5936988160,407961600
207,1772005504383,3204,3204,3204,3204,3204,3204,3204,3204,60.000003814697266,42.85714340209961,42.85714340209961,45,0,4.545454502105713,0,0,5.388689041137695,8589934592,2147483648,5946572800,407961600
201,1772005504591,3204,3204,3204,3204,3204,3204,3204,3204,28.571430206298828,25,14.285715103149414,14.285715103149414,0,0,0,0,5.388689041137695,8589934592,2147483648,5946605568,407961600
200,1772005504793,3204,3204,3204,3204,3204,3204,3204,3204,31.57894515991211,26.3157901763916,21.052631378173828,19.047618865966797,9.523809432983398,5,9.523809432983398,0,5.2179059982299805,8589934592,2147483648,5946605568,407961600
209,1772005504993,3204,3204,3204,3204,3204,3204,3204,3204,33.333335876464844,28.571430206298828,15.000000953674316,15.789472579956055,0,0,0,0,5.2179059982299805,8589934592,2147483648,5946605568,407961600
209,1772005505203,3204,3204,3204,3204,3204,3204,3204,3204,25,28.571430206298828,23.809524536132813,14.285715103149414,0,22.72727394104004,0,4.545454502105713,5.2179059982299805,8589934592,2147483648,5946605568,407961600
209,1772005505414,3204,3204,3204,3204,3204,3204,3204,3204,31.81818199157715,27.272727966308594,18.18181800842285,14.285715103149414,9.090909004211426,0,0,0,5.2179059982299805,8589934592,2147483648,5947719680,407961600
209,1772005505624,3204,3204,3204,3204,3204,3204,3204,3204,28.571430206298828,23.809524536132813,20,19.047618865966797,0,0,0,0,5.2179059982299805,8589934592,2147483648,5948080128,407961600
207,1772005505833,3204,3204,3204,3204,3204,3204,3204,3204,25,26.3157901763916,28.571430206298828,23.809524536132813,0,0,0,0,5.757176399230957,8589934592,2147483648,5950078976,407961600
209,1772005506041,3204,3204,3204,3204,3204,3204,3204,3204,33.333335876464844,38.095237731933594,25,23.809524536132813,10,5,5,4.761904716491699,5.757176399230957,8589934592,2147483648,5950078976,407961600
207,1772005506251,3204,3204,3204,3204,3204,3204,3204,3204,42.85714340209961,35,31.81818199157715,23.809524536132813,27.272727966308594,17.39130401611328,4.545454502105713,0,5.757176399230957,8589934592,2147483648,5950078976,407961600
209,1772005506460,3204,3204,3204,3204,3204,3204,3204,3204,25,27.272727966308594,20,19.047618865966797,4.545454502105713,0,0,0,5.757176399230957,8589934592,2147483648,5951389696,407961600
206,1772005506670,3204,3204,3204,3204,3204,3204,3204,3204,23.809524536132813,23.809524536132813,22.72727394104004,25,0,0,0,0,5.757176399230957,8589934592,2147483648,5951242240,407961600
209,1772005506877,3204,3204,3204,3204,3204,3204,3204,3204,30.000001907348633,20,20,19.047618865966797,0,0,0,0,5.366672992706299,8589934592,2147483648,5951242240,407961600
206,1772005507087,3204,3204,3204,3204,3204,3204,3204,3204,31.81818199157715,23.809524536132813,25,14.285715103149414,0,0,0,0,5.366672992706299,8589934592,2147483648,5951242240,407961600
201,1772005507294,3204,3204,3204,3204,3204,3204,3204,3204,25,25,23.809524536132813,19.047618865966797,4.545454502105713,4.761904716491699,0,4.761904716491699,5.366672992706299,8589934592,2147483648,5951242240,407961600
208,1772005507496,3204,3204,3204,3204,3204,3204,3204,3204,35,23.809524536132813,20,15.789472579956055,5,0,4.761904716491699,0,5.366672992706299,8589934592,2147483648,5947817984,407961600
204,1772005507705,3204,3204,3204,3204,3204,3204,3204,3204,23.809524536132813,25,23.809524536132813,23.809524536132813,0,0,0,0,5.366672992706299,8589934592,2147483648,5947097088,407961600
203,1772005507910,3204,3204,3204,3204,3204,3204,3204,3204,38.095237731933594,28.571430206298828,30.000001907348633,23.809524536132813,0,4.761904716491699,0,0,5.7326765060424805,8589934592,2147483648,5947015168,407961600
209,1772005508113,3204,3204,3204,3204,3204,3204,3204,3204,30.000001907348633,25,23.809524536132813,20,5,5,5,4.761904716491699,5.7326765060424805,8589934592,2147483648,5949161472,407961600
205,1772005508324,3204,3204,3204,3204,3204,3204,3204,3204,25,28.571430206298828,20,18.18181800842285,31.81818199157715,27.272727966308594,14.285715103149414,19.047618865966797,5.7326765060424805,8589934592,2147483648,5949161472,407961600
207,1772005508530,3204,3204,3204,3204,3204,3204,3204,3204,33.333335876464844,23.809524536132813,22.72727394104004,10.526315689086914,0,0,0,0,5.7326765060424805,8589934592,2147483648,5948243968,407961600
203,1772005508739,3204,3204,3204,3204,3204,3204,3204,3204,50,35,25,31.81818199157715,0,0,0,0,5.7326765060424805,8589934592,2147483648,5947703296,407961600
208,1772005508943,3204,3204,3204,3204,3204,3204,3204,3204,33.333335876464844,30.000001907348633,23.809524536132813,20,4.761904716491699,5,5,0,5.2822957038879395,8589934592,2147483648,5948129280,407961600
208,1772005509153,3204,3204,3204,3204,3204,3204,3204,3204,52.6315803527832,47.619049072265625,35,38.095237731933594,4.761904716491699,0,4.545454502105713,0,5.2822957038879395,8589934592,2147483648,5948129280,407961600
204,1772005509362,3204,3204,3204,3204,3204,3204,3204,3204,30.434782028198242,14.285715103149414,19.047618865966797,15.000000953674316,0,0,0,0,5.2822957038879395,8589934592,2147483648,5948129280,407961600
207,1772005509567,3204,3204,3204,3204,3204,3204,3204,3204,35,28.571430206298828,20,15.000000953674316,0,0,0,4.761904716491699,5.2822957038879395,8589934592,2147483648,5949046784,407961600
208,1772005509775,3204,3204,3204,3204,3204,3204,3204,3204,28.571430206298828,19.047618865966797,19.047618865966797,14.285715103149414,4.761904716491699,4.761904716491699,0,0,5.720522880554199,8589934592,2147483648,5948801024,407961600
207,1772005509983,3204,3204,3204,3204,3204,3204,3204,3204,30.000001907348633,20,19.047618865966797,19.047618865966797,0,0,0,0,5.720522880554199,8589934592,2147483648,5948964864,407961600
209,1772005510191,3204,3204,3204,3204,3204,3204,3204,3204,33.333335876464844,35,20,19.047618865966797,10,15.000000953674316,4.545454502105713,4.761904716491699,5.720522880554199,8589934592,2147483648,5947146240,407961600
206,1772005510401,3204,3204,3204,3204,3204,3204,3204,3204,33.333335876464844,28.571430206298828,28.571430206298828,28.571430206298828,33.333335876464844,13.636363983154297,0,4.761904716491699,5.720522880554199,8589934592,2147483648,5947244544,407961600
209,1772005510608,3204,3204,3204,3204,3204,3204,3204,3204,25,23.809524536132813,28.571430206298828,14.285715103149414,0,5,0,0,5.720522880554199,8589934592,2147483648,5947277312,407961600
209,1772005510818,3204,3204,3204,3204,3204,3204,3204,3204,23.809524536132813,33.333335876464844,19.047618865966797,23.809524536132813,4.761904716491699,4.545454502105713,4.761904716491699,0,5.664714813232422,8589934592,2147483648,5950210048,407961600
205,1772005511028,3204,3204,3204,3204,3204,3204,3204,3204,23.809524536132813,20,23.809524536132813,20,0,0,0,0,5.664714813232422,8589934592,2147483648,5949128704,407961600
209,1772005511233,3204,3204,3204,3204,3204,3204,3204,3204,28.571430206298828,28.571430206298828,20,19.047618865966797,5,4.761904716491699,0,4.761904716491699,5.664714813232422,8589934592,2147483648,5949128704,407961600
206,1772005511443,3204,3204,3204,3204,3204,3204,3204,3204,20,28.571430206298828,19.047618865966797,20,0,0,0,0,5.664714813232422,8589934592,2147483648,5949145088,407961600
209,1772005511650,3204,3204,3204,3204,3204,3204,3204,3204,28.571430206298828,20,20,19.047618865966797,0,0,0,0,5.664714813232422,8589934592,2147483648,5948178432,407961600
203,1772005511860,3204,3204,3204,3204,3204,3204,3204,3204,30.000001907348633,23.809524536132813,19.047618865966797,20,4.761904716491699,0,0,0,5.563618183135986,8589934592,2147483648,5949259776,407961600
208,1772005512064,3204,3204,3204,3204,3204,3204,3204,3204,23.809524536132813,23.809524536132813,15.000000953674316,22.72727394104004,0,0,0,0,5.563618183135986,8589934592,2147483648,5947899904,407961600
203,1772005512274,3204,3204,3204,3204,3204,3204,3204,3204,25,20,19.047618865966797,19.047618865966797,4.761904716491699,0,4.545454502105713,0,5.563618183135986,8589934592,2147483648,5947047936,407961600
207,1772005512478,3204,3204,3204,3204,3204,3204,3204,3204,38.095237731933594,28.571430206298828,30.000001907348633,25,10.526315689086914,9.523809432983398,5.263157844543457,0,5.563618183135986,8589934592,2147483648,5956304896,407961600
209,1772005512685,3204,3204,3204,3204,3204,3204,3204,3204,25,20,23.809524536132813,15.000000953674316,13.636363983154297,10,0,0,5.563618183135986,8589934592,2147483648,5946933248,407961600
209,1772005512895,3204,3204,3204,3204,3204,3204,3204,3204,31.81818199157715,20,19.047618865966797,14.285715103149414,4.545454502105713,4.545454502105713,0,4.545454502105713,5.317280292510986,8589934592,2147483648,5946933248,407961600
209,1772005513105,3204,3204,3204,3204,3204,3204,3204,3204,40,36.3636360168457,28.571430206298828,23.809524536132813,0,0,0,0,5.317280292510986,8589934592,2147483648,5933727744,407961600
200,1772005513315,3204,3204,3204,3204,3204,3204,3204,3204,23.809524536132813,14.285715103149414,20,19.047618865966797,4.761904716491699,14.285715103149414,4.761904716491699,0,5.317280292510986,8589934592,2147483648,5934661632,407961600
207,1772005513517,3204,3204,3204,3204,3204,3204,3204,3204,25,30.000001907348633,19.047618865966797,15.000000953674316,0,0,0,0,5.317280292510986,8589934592,2147483648,5933891584,407961600
204,1772005513725,3204,3204,3204,3204,3204,3204,3204,3204,25,25,20,15.000000953674316,0,0,0,0,5.317280292510986,8589934592,2147483648,5933793280,407961600
206,1772005513929,3204,3204,3204,3204,3204,3204,3204,3204,28.571430206298828,14.285715103149414,19.047618865966797,19.047618865966797,0,4.761904716491699,0,4.545454502105713,5.299286842346191,8589934592,2147483648,5933514752,407961600
208,1772005514137,3204,3204,3204,3204,3204,3204,3204,3204,25,30.000001907348633,25,20,4.545454502105713,0,4.761904716491699,0,5.299286842346191,8589934592,2147483648,5933383680,407961600
207,1772005514345,3204,3204,3204,3204,3204,3204,3204,3204,27.272727966308594,33.333335876464844,28.571430206298828,22.72727394104004,0,4.761904716491699,0,4.761904716491699,5.299286842346191,8589934592,2147483648,5933383680,407961600
209,1772005514553,3204,3204,3204,3204,3204,3204,3204,3204,31.57894515991211,28.571430206298828,30.000001907348633,20,13.636363983154297,0,9.090909004211426,0,5.299286842346191,8589934592,2147483648,5933383680,407961600
200,1772005514763,3204,3204,3204,3204,3204,3204,3204,3204,31.81818199157715,28.571430206298828,22.72727394104004,19.047618865966797,20,19.047618865966797,10,0,5.299286842346191,8589934592,2147483648,5934104576,407961600
202,1772005514964,3204,3204,3204,3204,3204,3204,3204,3204,26.3157901763916,25,28.571430206298828,20,5,5,4.761904716491699,4.761904716491699,5.286461353302002,8589934592,2147483648,5934088192,407961600
209,1772005515166,3204,3204,3204,3204,3204,3204,3204,3204,33.333335876464844,30.000001907348633,26.3157901763916,28.571430206298828,14.285715103149414,19.047618865966797,0,0,5.286461353302002,8589934592,2147483648,5933662208,407961600
205,1772005515377,3204,3204,3204,3204,3204,3204,3204,3204,30.000001907348633,25,23.809524536132813,20,4.761904716491699,4.761904716491699,4.761904716491699,0,5.286461353302002,8589934592,2147483648,5933662208,407961600
208,1772005515582,3204,3204,3204,3204,3204,3204,3204,3204,28.571430206298828,28.571430206298828,20,15.000000953674316,5,5,0,4.761904716491699,5.286461353302002,8589934592,2147483648,5933662208,407961600
204,1772005515791,3204,3204,3204,3204,3204,3204,3204,3204,25,38.095237731933594,23.809524536132813,27.272727966308594,0,4.545454502105713,4.761904716491699,0,5.347236156463623,8589934592,2147483648,5933580288,407961600
204,1772005515996,3204,3204,3204,3204,3204,3204,3204,3204,23.809524536132813,20,19.047618865966797,19.047618865966797,4.761904716491699,0,0,0,5.347236156463623,8589934592,2147483648,5934415872,407961600
206,1772005516201,3204,3204,3204,3204,3204,3204,3204,3204,23.809524536132813,25,20,21.052631378173828,0,5,4.761904716491699,4.761904716491699,5.347236156463623,8589934592,2147483648,5933629440,407961600
207,1772005516408,3204,3204,3204,3204,3204,3204,3204,3204,20,23.809524536132813,19.047618865966797,23.809524536132813,4.545454502105713,0,0,0,5.347236156463623,8589934592,2147483648,5933613056,407961600
207,1772005516617,3204,3204,3204,3204,3204,3204,3204,3204,28.571430206298828,27.272727966308594,20,20,4.761904716491699,0,0,0,5.347236156463623,8589934592,2147483648,5933613056,407961600
207,1772005516824,3204,3204,3204,3204,3204,3204,3204,3204,31.57894515991211,26.3157901763916,28.571430206298828,33.333335876464844,25,18.18181800842285,9.523809432983398,4.545454502105713,5.633533000946045,8589934592,2147483648,5950832640,407961600
204,1772005517033,3204,3204,3204,3204,3204,3204,3204,3204,31.81818199157715,31.81818199157715,23.809524536132813,19.047618865966797,5,4.761904716491699,0,0,5.633533000946045,8589934592,2147483648,5950832640,407961600
205,1772005517238,3204,3204,3204,3204,3204,3204,3204,3204,20,25,20,20,9.090909004211426,5,0,0,5.633533000946045,8589934592,2147483648,5951143936,407961600
208,1772005517443,3204,3204,3204,3204,3204,3204,3204,3204,23.809524536132813,15.000000953674316,19.047618865966797,14.285715103149414,0,0,0,0,5.633533000946045,8589934592,2147483648,5951143936,407961600
207,1772005517652,3204,3204,3204,3204,3204,3204,3204,3204,33.333335876464844,23.809524536132813,19.047618865966797,20,4.761904716491699,4.545454502105713,0,4.545454502105713,5.633533000946045,8589934592,2147483648,5951160320,407961600
206,1772005517860,3204,3204,3204,3204,3204,3204,3204,3204,25,20,21.052631378173828,22.72727394104004,0,0,0,0,5.201278209686279,8589934592,2147483648,5951127552,407961600
207,1772005518067,3204,3204,3204,3204,3204,3204,3204,3204,25,28.571430206298828,22.72727394104004,15.000000953674316,0,0,4.761904716491699,4.545454502105713,5.201278209686279,8589934592,2147483648,5951127552,407961600
208,1772005518275,3204,3204,3204,3204,3204,3204,3204,3204,27.272727966308594,28.571430206298828,20,15.000000953674316,9.090909004211426,4.761904716491699,0,0,5.201278209686279,8589934592,2147483648,5951127552,407961600
199,1772005518484,3204,3204,3204,3204,3204,3204,3204,3204,25,25,19.047618865966797,28.571430206298828,20,20,23.809524536132813,19.047618865966797,5.201278209686279,8589934592,2147483648,5951127552,407961600
209,1772005518684,3204,3204,3204,3204,3204,3204,3204,3204,25,25,26.3157901763916,20,5,0,0,0,5.201278209686279,8589934592,2147483648,5951127552,407961600
208,1772005518893,3204,3204,3204,3204,3204,3204,3204,3204,33.333335876464844,23.809524536132813,27.272727966308594,23.809524536132813,9.523809432983398,9.090909004211426,4.761904716491699,0,5.402820587158203,8589934592,2147483648,5959876608,407961600
207,1772005519102,3204,3204,3204,3204,3204,3204,3204,3204,25,31.81818199157715,20,18.18181800842285,20,10,0,0,5.402820587158203,8589934592,2147483648,5942067200,407961600
206,1772005519310,3204,3204,3204,3204,3204,3204,3204,3204,28.571430206298828,25,23.809524536132813,10.526315689086914,4.545454502105713,4.761904716491699,0,4.761904716491699,5.402820587158203,8589934592,2147483648,5942083584,407961600
208,1772005519517,3204,3204,3204,3204,3204,3204,3204,3204,28.571430206298828,20,15.000000953674316,22.72727394104004,0,0,0,0,5.402820587158203,8589934592,2147483648,5942099968,407961600
207,1772005519727,3204,3204,3204,3204,3204,3204,3204,3204,25,23.809524536132813,28.571430206298828,15.000000953674316,4.545454502105713,4.761904716491699,4.761904716491699,0,5.402820587158203,8589934592,2147483648,5942099968,407961600
206,1772005519934,3204,3204,3204,3204,3204,3204,3204,3204,25,20,20,14.285715103149414,0,0,0,0,5.448776721954346,8589934592,2147483648,5942181888,407961600
209,1772005520141,3204,3204,3204,3204,3204,3204,3204,3204,28.571430206298828,28.571430206298828,27.272727966308594,15.000000953674316,5,19.047618865966797,0,0,5.448776721954346,8589934592,2147483648,5942099968,407961600
209,1772005520351,3204,3204,3204,3204,3204,3204,3204,3204,31.81818199157715,28.571430206298828,19.047618865966797,18.18181800842285,4.761904716491699,0,0,0,5.448776721954346,8589934592,2147483648,5941264384,407961600
200,1772005520562,3204,3204,3204,3204,3204,3204,3204,3204,21.052631378173828,20,20,19.047618865966797,4.545454502105713,0,4.545454502105713,0,5.448776721954346,8589934592,2147483648,5941493760,407961600
205,1772005520762,3204,3204,3204,3204,3204,3204,3204,3204,33.333335876464844,33.333335876464844,25,21.052631378173828,0,4.761904716491699,0,0,5.448776721954346,8589934592,2147483648,5941395456,407961600
208,1772005520969,3204,3204,3204,3204,3204,3204,3204,3204,30.000001907348633,25,23.809524536132813,19.047618865966797,0,0,0,4.545454502105713,5.383265495300293,8589934592,2147483648,5942673408,407961600
206,1772005521178,3204,3204,3204,3204,3204,3204,3204,3204,31.81818199157715,38.095237731933594,19.047618865966797,25,28.571430206298828,25,0,0,5.383265495300293,8589934592,2147483648,5942362112,407961600
205,1772005521385,3204,3204,3204,3204,3204,3204,3204,3204,25,23.809524536132813,25,22.72727394104004,4.761904716491699,4.761904716491699,0,0,5.383265495300293,8589934592,2147483648,5943017472,407961600
208,1772005521591,3204,3204,3204,3204,3204,3204,3204,3204,33.333335876464844,25,23.809524536132813,15.000000953674316,0,4.761904716491699,4.761904716491699,4.761904716491699,5.383265495300293,8589934592,2147483648,5942837248,407961600
209,1772005521800,3204,3204,3204,3204,3204,3204,3204,3204,25,15.000000953674316,19.047618865966797,15.000000953674316,4.545454502105713,4.761904716491699,0,0,5.29369592666626,8589934592,2147483648,5942771712,407961600
204,1772005522010,3204,3204,3204,3204,3204,3204,3204,3204,27.272727966308594,23.809524536132813,20,13.636363983154297,0,0,0,0,5.29369592666626,8589934592,2147483648,5950930944,407961600
209,1772005522215,3204,3204,3204,3204,3204,3204,3204,3204,26.3157901763916,31.81818199157715,23.809524536132813,15.000000953674316,0,0,4.761904716491699,0,5.29369592666626,8589934592,2147483648,5950504960,407961600
201,1772005522425,3204,3204,3204,3204,3204,3204,3204,3204,23.809524536132813,15.000000953674316,20,15.000000953674316,4.545454502105713,4.761904716491699,0,0,5.29369592666626,8589934592,2147483648,5950537728,407961600
207,1772005522627,3204,3204,3204,3204,3204,3204,3204,3204,28.571430206298828,30.000001907348633,23.809524536132813,23.809524536132813,0,0,0,0,5.29369592666626,8589934592,2147483648,5950210048,407961600
205,1772005522835,3204,3204,3204,3204,3204,3204,3204,3204,25,33.333335876464844,20,19.047618865966797,0,0,0,0,5.504858493804932,8589934592,2147483648,5949734912,407961600
200,1772005523042,3204,3204,3204,3204,3204,3204,3204,3204,23.809524536132813,25,19.047618865966797,15.000000953674316,4.761904716491699,4.761904716491699,0,4.545454502105713,5.504858493804932,8589934592,2147483648,5949767680,407961600
208,1772005523243,3204,3204,3204,3204,3204,3204,3204,3204,40,33.333335876464844,30.000001907348633,30.000001907348633,21.052631378173828,10.526315689086914,5,0,5.504858493804932,8589934592,2147483648,5960630272,407961600
207,1772005523452,3204,3204,3204,3204,3204,3204,3204,3204,20,20,22.72727394104004,10,14.285715103149414,9.523809432983398,9.090909004211426,5,5.504858493804932,8589934592,2147483648,5951324160,407961600
209,1772005523660,3204,3204,3204,3204,3204,3204,3204,3204,25,23.809524536132813,25,18.18181800842285,0,4.761904716491699,0,0,5.504858493804932,8589934592,2147483648,5950488576,407961600
206,1772005523870,3204,3204,3204,3204,3204,3204,3204,3204,27.272727966308594,25,23.809524536132813,14.285715103149414,8.69565200805664,4.761904716491699,4.545454502105713,4.761904716491699,5.067598342895508,8589934592,2147483648,5950488576,407961600
202,1772005524077,3204,3204,3204,3204,3204,3204,3204,3204,25,25,19.047618865966797,19.047618865966797,0,4.545454502105713,0,0,5.067598342895508,8589934592,2147483648,5950341120,407961600
209,1772005524280,3204,3204,3204,3204,3204,3204,3204,3204,23.809524536132813,27.272727966308594,25,15.789472579956055,4.761904716491699,0,4.761904716491699,0,5.067598342895508,8589934592,2147483648,5950357504,407961600
208,1772005524490,3204,3204,3204,3204,3204,3204,3204,3204,20,23.809524536132813,19.047618865966797,22.72727394104004,0,0,0,4.545454502105713,5.067598342895508,8589934592,2147483648,5950357504,407961600
209,1772005524699,3204,3204,3204,3204,3204,3204,3204,3204,28.571430206298828,25,20,23.809524536132813,5,5,0,0,5.067598342895508,8589934592,2147483648,5949947904,407961600
209,1772005524909,3204,3204,3204,3204,3204,3204,3204,3204,28.571430206298828,23.809524536132813,14.285715103149414,19.047618865966797,0,4.545454502105713,0,0,5.439427375793457,8589934592,2147483648,5949308928,407961600
205,1772005525118,3204,3204,3204,3204,3204,3204,3204,3204,28.571430206298828,28.571430206298828,25,23.809524536132813,13.636363983154297,15.000000953674316,4.761904716491699,4.545454502105713,5.439427375793457,8589934592,2147483648,5943754752,407961600
209,1772005525324,3204,3204,3204,3204,3204,3204,3204,3204,28.571430206298828,30.000001907348633,33.333335876464844,25,10.526315689086914,23.809524536132813,4.761904716491699,0,5.439427375793457,8589934592,2147483648,5950881792,407961600
201,1772005525535,3204,3204,3204,3204,3204,3204,3204,3204,26.3157901763916,23.809524536132813,22.72727394104004,15.000000953674316,19.047618865966797,19.047618865966797,0,4.545454502105713,5.439427375793457,8589934592,2147483648,5941526528,407961600
203,1772005525737,3204,3204,3204,3204,3204,3204,3204,3204,31.81818199157715,28.571430206298828,25,19.047618865966797,9.523809432983398,0,0,0,5.439427375793457,8589934592,2147483648,5942935552,407961600
200,1772005525942,3204,3204,3204,3204,3204,3204,3204,3204,20,26.3157901763916,15.000000953674316,23.809524536132813,0,0,4.761904716491699,0,5.092538356781006,8589934592,2147483648,5942624256,407961600
209,1772005526142,3204,3204,3204,3204,3204,3204,3204,3204,21.052631378173828,19.047618865966797,20,15.789472579956055,0,4.761904716491699,0,5,5.092538356781006,8589934592,2147483648,5943328768,407961600
205,1772005526352,3204,3204,3204,3204,3204,3204,3204,3204,28.571430206298828,20,19.047618865966797,19.047618865966797,0,0,0,0,5.092538356781006,8589934592,2147483648,5942591488,407961600
208,1772005526558,3204,3204,3204,3204,3204,3204,3204,3204,28.571430206298828,20,20,15.000000953674316,0,0,0,0,5.092538356781006,8589934592,2147483648,5942706176,407961600
207,1772005526767,3204,3204,3204,3204,3204,3204,3204,3204,25,28.571430206298828,15.000000953674316,19.047618865966797,5,5,0,0,5.536488056182861,8589934592,2147483648,5943738368,407961600
208,1772005526975,3204,3204,3204,3204,3204,3204,3204,3204,23.809524536132813,25,27.272727966308594,19.047618865966797,0,0,0,0,5.536488056182861,8589934592,2147483648,5943934976,407961600
209,1772005527183,3204,3204,3204,3204,3204,3204,3204,3204,28.571430206298828,27.272727966308594,19.047618865966797,10,0,4.545454502105713,0,0,5.536488056182861,8589934592,2147483648,5943492608,407961600
209,1772005527393,3204,3204,3204,3204,3204,3204,3204,3204,20,23.809524536132813,19.047618865966797,18.18181800842285,4.761904716491699,0,4.545454502105713,0,5.536488056182861,8589934592,2147483648,5944229888,407961600
205,1772005527604,3204,3204,3204,3204,3204,3204,3204,3204,31.81818199157715,33.333335876464844,25,23.809524536132813,27.272727966308594,23.809524536132813,9.523809432983398,4.545454502105713,5.536488056182861,8589934592,2147483648,5944229888,407961600
208,1772005527810,3204,3204,3204,3204,3204,3204,3204,3204,25,20,19.047618865966797,15.000000953674316,0,4.545454502105713,0,0,5.230681896209717,8589934592,2147483648,5944229888,407961600
206,1772005528020,3204,3204,3204,3204,3204,3204,3204,3204,28.571430206298828,33.333335876464844,25,23.809524536132813,9.523809432983398,9.523809432983398,5,9.090909004211426,5.230681896209717,8589934592,2147483648,5944229888,407961600
209,1772005528227,3204,3204,3204,3204,3204,3204,3204,3204,25,23.809524536132813,23.809524536132813,15.000000953674316,0,0,0,0,5.230681896209717,8589934592,2147483648,5944852480,407961600
205,1772005528437,3204,3204,3204,3204,3204,3204,3204,3204,23.809524536132813,15.000000953674316,23.809524536132813,19.047618865966797,9.523809432983398,9.523809432983398,9.523809432983398,4.761904716491699,5.230681896209717,8589934592,2147483648,5944934400,407961600
207,1772005528643,3204,3204,3204,3204,3204,3204,3204,3204,28.571430206298828,28.571430206298828,25,28.571430206298828,0,4.761904716491699,0,0,5.230681896209717,8589934592,2147483648,5925208064,407961600
205,1772005528852,3204,3204,3204,3204,3204,3204,3204,3204,30.000001907348633,23.809524536132813,23.809524536132813,15.000000953674316,4.761904716491699,0,0,4.761904716491699,5.425313472747803,8589934592,2147483648,5925388288,407961600
209,1772005529058,3204,3204,3204,3204,3204,3204,3204,3204,28.571430206298828,20,23.809524536132813,19.047618865966797,4.761904716491699,5,4.761904716491699,0,5.425313472747803,8589934592,2147483648,5925126144,407961600
208,1772005529268,3204,3204,3204,3204,3204,3204,3204,3204,28.571430206298828,23.809524536132813,23.809524536132813,22.72727394104004,0,4.545454502105713,0,4.545454502105713,5.425313472747803,8589934592,2147483648,5925126144,407961600
206,1772005529477,3204,3204,3204,3204,3204,3204,3204,3204,25,23.809524536132813,25,20,9.523809432983398,4.761904716491699,5,0,5.425313472747803,8589934592,2147483648,5925142528,407961600
207,1772005529684,3204,3204,3204,3204,3204,3204,3204,3204,28.571430206298828,30.000001907348633,23.809524536132813,19.047618865966797,25,10,4.545454502105713,4.761904716491699,5.425313472747803,8589934592,2147483648,5923586048,407961600
201,1772005529891,3204,3204,3204,3204,3204,3204,3204,3204,25,23.809524536132813,25,23.809524536132813,4.761904716491699,14.285715103149414,0,0,5.331258773803711,8589934592,2147483648,5923061760,407961600
209,1772005530093,3204,3204,3204,3204,3204,3204,3204,3204,33.333335876464844,20,30.000001907348633,15.789472579956055,4.761904716491699,0,0,0,5.331258773803711,8589934592,2147483648,5923110912,407961600
205,1772005530303,3204,3204,3204,3204,3204,3204,3204,3204,25,23.809524536132813,19.047618865966797,19.047618865966797,4.761904716491699,22.72727394104004,0,0,5.331258773803711,8589934592,2147483648,5922897920,407961600
208,1772005530511,3204,3204,3204,3204,3204,3204,3204,3204,28.571430206298828,28.571430206298828,23.809524536132813,19.047618865966797,4.761904716491699,5,4.761904716491699,4.545454502105713,5.331258773803711,8589934592,2147483648,5924405248,407961600
204,1772005530719,3204,3204,3204,3204,3204,3204,3204,3204,25,25,20,19.047618865966797,0,0,0,0,5.331258773803711,8589934592,2147483648,5924061184,407961600
203,1772005530924,3204,3204,3204,3204,3204,3204,3204,3204,23.809524536132813,28.571430206298828,27.272727966308594,20,0,0,0,0,5.380467414855957,8589934592,2147483648,5924044800,407961600
203,1772005531129,3204,3204,3204,3204,3204,3204,3204,3204,30.000001907348633,25,20,20,0,0,0,0,5.380467414855957,8589934592,2147483648,5924208640,407961600
209,1772005531333,3204,3204,3204,3204,3204,3204,3204,3204,35,30.000001907348633,30.000001907348633,25,23.809524536132813,20,20,20,5.380467414855957,8589934592,2147483648,5923438592,407961600
209,1772005531543,3204,3204,3204,3204,3204,3204,3204,3204,23.809524536132813,28.571430206298828,19.047618865966797,18.18181800842285,4.761904716491699,4.761904716491699,4.545454502105713,0,5.380467414855957,8589934592,2147483648,5924798464,407961600
209,1772005531753,3204,3204,3204,3204,3204,3204,3204,3204,31.81818199157715,23.809524536132813,33.333335876464844,20,15.000000953674316,5,0,4.545454502105713,5.380467414855957,8589934592,2147483648,5935022080,407961600
209,1772005531963,3204,3204,3204,3204,3204,3204,3204,3204,28.571430206298828,27.272727966308594,23.809524536132813,18.18181800842285,9.523809432983398,17.39130401611328,4.761904716491699,0,5.2510151863098145,8589934592,2147483648,5924683776,407961600
202,1772005532173,3204,3204,3204,3204,3204,3204,3204,3204,20,20,20,20,0,0,4.545454502105713,0,5.2510151863098145,8589934592,2147483648,5924438016,407961600
206,1772005532377,3204,3204,3204,3204,3204,3204,3204,3204,28.571430206298828,26.3157901763916,25,19.047618865966797,0,0,0,0,5.2510151863098145,8589934592,2147483648,5924798464,407961600
205,1772005532583,3204,3204,3204,3204,3204,3204,3204,3204,26.3157901763916,23.809524536132813,23.809524536132813,20,9.090909004211426,5,4.761904716491699,4.761904716491699,5.2510151863098145,8589934592,2147483648,5924847616,407961600
203,1772005532789,3204,3204,3204,3204,3204,3204,3204,3204,28.571430206298828,20,19.047618865966797,15.000000953674316,0,0,0,0,5.720248699188232,8589934592,2147483648,5924847616,407961600
208,1772005532993,3204,3204,3204,3204,3204,3204,3204,3204,28.571430206298828,30.000001907348633,25,19.047618865966797,0,0,0,0,5.720248699188232,8589934592,2147483648,5924847616,407961600
208,1772005533202,3204,3204,3204,3204,3204,3204,3204,3204,30.000001907348633,31.81818199157715,19.047618865966797,20,5,4.761904716491699,4.761904716491699,0,5.720248699188232,8589934592,2147483648,5924847616,407961600
202,1772005533411,3204,3204,3204,3204,3204,3204,3204,3204,20,19.047618865966797,20,13.636363983154297,9.523809432983398,0,0,0,5.720248699188232,8589934592,2147483648,5924896768,407961600
205,1772005533614,3204,3204,3204,3204,3204,3204,3204,3204,28.571430206298828,25,15.000000953674316,20,0,5,0,0,5.720248699188232,8589934592,2147483648,5925076992,407961600
206,1772005533820,3204,3204,3204,3204,3204,3204,3204,3204,25,21.052631378173828,20,20,0,0,0,0,5.3806962966918945,8589934592,2147483648,5925666816,407961600
209,1772005534027,3204,3204,3204,3204,3204,3204,3204,3204,30.000001907348633,33.333335876464844,27.272727966308594,25,28.571430206298828,20,5,4.545454502105713,5.3806962966918945,8589934592,2147483648,5925289984,407961600
206,1772005534237,3204,3204,3204,3204,3204,3204,3204,3204,31.81818199157715,27.272727966308594,19.047618865966797,22.72727394104004,4.761904716491699,4.761904716491699,4.545454502105713,0,5.3806962966918945,8589934592,2147483648,5925339136,407961600
207,1772005534443,3204,3204,3204,3204,3204,3204,3204,3204,30.000001907348633,30.000001907348633,25,25,0,0,0,0,5.3806962966918945,8589934592,2147483648,5925601280,407961600
207,1772005534651,3204,3204,3204,3204,3204,3204,3204,3204,23.809524536132813,23.809524536132813,19.047618865966797,25,0,0,0,0,5.3806962966918945,8589934592,2147483648,5926060032,407961600
200,1772005534859,3204,3204,3204,3204,3204,3204,3204,3204,25,25,25,23.809524536132813,4.761904716491699,0,0,0,5.084357738494873,8589934592,2147483648,5925879808,407961600
209,1772005535060,3204,3204,3204,3204,3204,3204,3204,3204,25,25,20,23.809524536132813,5,9.523809432983398,4.761904716491699,4.761904716491699,5.084357738494873,8589934592,2147483648,5925715968,407961600
206,1772005535270,3204,3204,3204,3204,3204,3204,3204,3204,27.272727966308594,20,23.809524536132813,23.809524536132813,15.000000953674316,14.285715103149414,0,0,5.084357738494873,8589934592,2147483648,5925715968,407961600
209,1772005535477,3204,3204,3204,3204,3204,3204,3204,3204,28.571430206298828,31.81818199157715,23.809524536132813,15.000000953674316,4.761904716491699,0,4.761904716491699,0,5.084357738494873,8589934592,2147483648,5925715968,407961600
205,1772005535687,3204,3204,3204,3204,3204,3204,3204,3204,31.57894515991211,28.571430206298828,23.809524536132813,27.272727966308594,4.761904716491699,4.761904716491699,0,4.761904716491699,5.084357738494873,8589934592,2147483648,5926273024,407961600
206,1772005535893,3204,3204,3204,3204,3204,3204,3204,3204,31.81818199157715,30.000001907348633,28.571430206298828,25,4.545454502105713,0,0,0,5.687525749206543,8589934592,2147483648,5926567936,407961600
207,1772005536100,3204,3204,3204,3204,3204,3204,3204,3204,35,30.000001907348633,30.000001907348633,33.333335876464844,20,18.18181800842285,4.761904716491699,9.090909004211426,5.687525749206543,8589934592,2147483648,5935775744,407961600
201,1772005536308,3204,3204,3204,3204,3204,3204,3204,3204,30.000001907348633,22.72727394104004,28.571430206298828,10.526315689086914,4.761904716491699,15.000000953674316,0,0,5.687525749206543,8589934592,2147483648,5935775744,407961600
209,1772005536510,3204,3204,3204,3204,3204,3204,3204,3204,23.809524536132813,26.3157901763916,25,23.809524536132813,0,4.761904716491699,0,0,5.687525749206543,8589934592,2147483648,5927174144,407961600
207,1772005536720,3204,3204,3204,3204,3204,3204,3204,3204,28.571430206298828,23.809524536132813,20,18.18181800842285,0,0,0,0,5.687525749206543,8589934592,2147483648,5927206912,407961600
209,1772005536928,3204,3204,3204,3204,3204,3204,3204,3204,25,25,22.72727394104004,20,4.545454502105713,0,9.090909004211426,0,5.501357555389404,8589934592,2147483648,5927206912,407961600
204,1772005537138,3204,3204,3204,3204,3204,3204,3204,3204,23.809524536132813,30.434782028198242,15.789472579956055,14.285715103149414,0,0,0,4.761904716491699,5.501357555389404,8589934592,2147483648,5926764544,407961600
209,1772005537343,3204,3204,3204,3204,3204,3204,3204,3204,33.333335876464844,20,27.272727966308594,15.789472579956055,0,0,0,0,5.501357555389404,8589934592,2147483648,5926797312,407961600
206,1772005537553,3204,3204,3204,3204,3204,3204,3204,3204,25,30.000001907348633,19.047618865966797,18.18181800842285,4.545454502105713,4.545454502105713,0,0,5.501357555389404,8589934592,2147483648,5926797312,407961600
200,1772005537760,3204,3204,3204,3204,3204,3204,3204,3204,28.571430206298828,20,21.052631378173828,20,4.761904716491699,0,0,0,5.501357555389404,8589934592,2147483648,5926633472,407961600
204,1772005537961,3204,3204,3204,3204,3204,3204,3204,3204,30.000001907348633,28.571430206298828,28.571430206298828,25,0,0,0,0,5.625091075897217,8589934592,2147483648,5927321600,407961600
209,1772005538166,3204,3204,3204,3204,3204,3204,3204,3204,30.000001907348633,26.3157901763916,23.809524536132813,31.81818199157715,10,9.523809432983398,4.761904716491699,0,5.625091075897217,8589934592,2147483648,5936644096,407961600
208,1772005538376,3204,3204,3204,3204,3204,3204,3204,3204,25,27.272727966308594,20,14.285715103149414,22.72727394104004,19.047618865966797,0,4.545454502105713,5.625091075897217,8589934592,2147483648,5925421056,407961600
199,1772005538586,3204,3204,3204,3204,3204,3204,3204,3204,27.272727966308594,20,14.285715103149414,10.526315689086914,5,5,4.761904716491699,0,5.625091075897217,8589934592,2147483648,5925748736,407961600
201,1772005538786,3204,3204,3204,3204,3204,3204,3204,3204,40,38.095237731933594,35,30.000001907348633,4.761904716491699,9.090909004211426,0,0,5.331232070922852,8589934592,2147483648,5925814272,407961600
208,1772005538989,3204,3204,3204,3204,3204,3204,3204,3204,21.052631378173828,20,15.789472579956055,23.809524536132813,0,0,0,0,5.331232070922852,8589934592,2147483648,5925830656,407961600
209,1772005539198,3204,3204,3204,3204,3204,3204,3204,3204,23.809524536132813,25,26.086956024169922,25,0,0,0,0,5.331232070922852,8589934592,2147483648,5925912576,407961600
205,1772005539408,3204,3204,3204,3204,3204,3204,3204,3204,36.3636360168457,33.333335876464844,30.000001907348633,28.571430206298828,18.18181800842285,14.285715103149414,18.18181800842285,18.18181800842285,5.331232070922852,8589934592,2147483648,5926076416,407961600
209,1772005539613,3204,3204,3204,3204,3204,3204,3204,3204,25,20,10,19.047618865966797,5,5,5,0,5.331232070922852,8589934592,2147483648,5925699584,407961600
205,1772005539824,3204,3204,3204,3204,3204,3204,3204,3204,28.571430206298828,22.72727394104004,19.047618865966797,18.18181800842285,0,0,0,0,5.627614498138428,8589934592,2147483648,5925404672,407961600
207,1772005540030,3204,3204,3204,3204,3204,3204,3204,3204,40,38.095237731933594,40.90909194946289,30.000001907348633,20,23.809524536132813,19.047618865966797,20,5.627614498138428,8589934592,2147483648,5925437440,407961600
209,1772005540238,3204,3204,3204,3204,3204,3204,3204,3204,23.809524536132813,20,15.000000953674316,10,27.272727966308594,0,0,4.545454502105713,5.627614498138428,8589934592,2147483648,5925453824,407961600
202,1772005540448,3204,3204,3204,3204,3204,3204,3204,3204,38.095237731933594,28.571430206298828,30.000001907348633,28.571430206298828,30.000001907348633,18.18181800842285,0,0,5.627614498138428,8589934592,2147483648,5925453824,407961600
206,1772005540651,3204,3204,3204,3204,3204,3204,3204,3204,26.3157901763916,31.57894515991211,19.047618865966797,15.000000953674316,0,5,0,0,5.627614498138428,8589934592,2147483648,5927337984,407961600
207,1772005540858,3204,3204,3204,3204,3204,3204,3204,3204,31.81818199157715,22.72727394104004,20,19.047618865966797,4.761904716491699,0,4.761904716491699,0,5.455367088317871,8589934592,2147483648,5926846464,407961600
207,1772005541067,3204,3204,3204,3204,3204,3204,3204,3204,30.000001907348633,25,23.809524536132813,19.047618865966797,4.545454502105713,4.545454502105713,0,0,5.455367088317871,8589934592,2147483648,5926961152,407961600
205,1772005541275,3204,3204,3204,3204,3204,3204,3204,3204,28.571430206298828,23.809524536132813,15.000000953674316,15.000000953674316,0,0,4.545454502105713,0,5.455367088317871,8589934592,2147483648,5927632896,407961600
209,1772005541481,3204,3204,3204,3204,3204,3204,3204,3204,30.000001907348633,30.000001907348633,23.809524536132813,19.047618865966797,9.523809432983398,5,5,5,5.455367088317871,8589934592,2147483648,5926797312,407961600
201,1772005541691,3204,3204,3204,3204,3204,3204,3204,3204,28.571430206298828,28.571430206298828,19.047618865966797,23.809524536132813,0,0,0,0,5.455367088317871,8589934592,2147483648,5926797312,407961600
206,1772005541893,3204,3204,3204,3204,3204,3204,3204,3204,28.571430206298828,20,20,10.526315689086914,5,5,0,4.761904716491699,5.810574531555176,8589934592,2147483648,5926404096,407961600
209,1772005542100,3204,3204,3204,3204,3204,3204,3204,3204,25,28.571430206298828,28.571430206298828,22.72727394104004,0,4.761904716491699,4.761904716491699,4.761904716491699,5.810574531555176,8589934592,2147483648,5926420480,407961600
209,1772005542310,3204,3204,3204,3204,3204,3204,3204,3204,30.000001907348633,23.809524536132813,19.047618865966797,14.285715103149414,4.761904716491699,0,0,0,5.810574531555176,8589934592,2147483648,5926453248,407961600
205,1772005542520,3204,3204,3204,3204,3204,3204,3204,3204,31.81818199157715,28.571430206298828,23.809524536132813,20,19.047618865966797,14.285715103149414,4.761904716491699,10,5.810574531555176,8589934592,2147483648,5936889856,407961600
200,1772005542727,3204,3204,3204,3204,3204,3204,3204,3204,30.000001907348633,28.571430206298828,20,19.047618865966797,5,14.285715103149414,0,4.761904716491699,5.810574531555176,8589934592,2147483648,5925650432,407961600
202,1772005542928,3204,3204,3204,3204,3204,3204,3204,3204,25,15.789472579956055,20,19.047618865966797,4.761904716491699,0,4.761904716491699,4.761904716491699,5.155241012573242,8589934592,2147483648,5926092800,407961600
203,1772005543131,3204,3204,3204,3204,3204,3204,3204,3204,28.571430206298828,28.571430206298828,25,15.789472579956055,4.761904716491699,0,0,0,5.155241012573242,8589934592,2147483648,5925945344,407961600
209,1772005543335,3204,3204,3204,3204,3204,3204,3204,3204,21.052631378173828,26.3157901763916,25,19.047618865966797,0,4.761904716491699,0,0,5.155241012573242,8589934592,2147483648,5926223872,407961600
205,1772005543545,3204,3204,3204,3204,3204,3204,3204,3204,22.72727394104004,19.047618865966797,18.18181800842285,10,4.761904716491699,9.523809432983398,4.761904716491699,4.761904716491699,5.155241012573242,8589934592,2147483648,5926256640,407961600
200,1772005543751,3204,3204,3204,3204,3204,3204,3204,3204,25,23.809524536132813,20,23.809524536132813,4.761904716491699,0,0,0,5.155241012573242,8589934592,2147483648,5926207488,407961600
207,1772005543952,3204,3204,3204,3204,3204,3204,3204,3204,26.3157901763916,21.052631378173828,15.000000953674316,20,0,5,4.761904716491699,0,5.515868186950684,8589934592,2147483648,5926207488,407961600
209,1772005544160,3204,3204,3204,3204,3204,3204,3204,3204,27.272727966308594,27.272727966308594,19.047618865966797,14.285715103149414,0,0,0,0,5.515868186950684,8589934592,2147483648,5926092800,407961600
205,1772005544370,3204,3204,3204,3204,3204,3204,3204,3204,25,30.000001907348633,19.047618865966797,22.72727394104004,4.761904716491699,4.761904716491699,0,0,5.515868186950684,8589934592,2147483648,5926092800,407961600
209,1772005544576,3204,3204,3204,3204,3204,3204,3204,3204,33.333335876464844,38.095237731933594,25,21.052631378173828,10,4.761904716491699,0,4.761904716491699,5.515868186950684,8589934592,2147483648,5926092800,407961600
209,1772005544786,3204,3204,3204,3204,3204,3204,3204,3204,20,19.047618865966797,19.047618865966797,13.636363983154297,27.272727966308594,10,0,0,5.123372554779053,8589934592,2147483648,5925912576,407961600
206,1772005544996,3204,3204,3204,3204,3204,3204,3204,3204,28.571430206298828,25,20,15.000000953674316,0,4.545454502105713,0,0,5.123372554779053,8589934592,2147483648,5925601280,407961600
209,1772005545203,3204,3204,3204,3204,3204,3204,3204,3204,31.81818199157715,28.571430206298828,22.72727394104004,20,9.090909004211426,20,0,0,5.123372554779053,8589934592,2147483648,5925519360,407961600
200,1772005545413,3204,3204,3204,3204,3204,3204,3204,3204,20,28.571430206298828,19.047618865966797,18.18181800842285,0,0,0,0,5.123372554779053,8589934592,2147483648,5927567360,407961600
209,1772005545614,3204,3204,3204,3204,3204,3204,3204,3204,26.3157901763916,30.000001907348633,20,20,5,5,5,4.761904716491699,5.123372554779053,8589934592,2147483648,5926993920,407961600
209,1772005545824,3204,3204,3204,3204,3204,3204,3204,3204,27.272727966308594,33.333335876464844,10,14.285715103149414,0,0,0,0,5.225515842437744,8589934592,2147483648,5926699008,407961600
208,1772005546034,3204,3204,3204,3204,3204,3204,3204,3204,20,28.571430206298828,23.809524536132813,15.000000953674316,0,0,4.761904716491699,0,5.225515842437744,8589934592,2147483648,5926748160,407961600
200,1772005546243,3204,3204,3204,3204,3204,3204,3204,3204,28.571430206298828,20,15.000000953674316,19.047618865966797,4.761904716491699,4.761904716491699,0,0,5.225515842437744,8589934592,2147483648,5926748160,407961600
201,1772005546444,3204,3204,3204,3204,3204,3204,3204,3204,25,28.571430206298828,19.047618865966797,25,0,0,0,0,5.225515842437744,8589934592,2147483648,5926764544,407961600
205,1772005546646,3204,3204,3204,3204,3204,3204,3204,3204,25,25,21.052631378173828,25,5,5,9.090909004211426,0,5.225515842437744,8589934592,2147483648,5926780928,407961600
201,1772005546851,3204,3204,3204,3204,3204,3204,3204,3204,33.333335876464844,35,31.81818199157715,28.571430206298828,30.000001907348633,14.285715103149414,0,0,5.233367919921875,8589934592,2147483648,5926273024,407961600
208,1772005547054,3204,3204,3204,3204,3204,3204,3204,3204,25,30.000001907348633,10.526315689086914,15.789472579956055,5,10,0,4.761904716491699,5.233367919921875,8589934592,2147483648,5926305792,407961600
209,1772005547262,3204,3204,3204,3204,3204,3204,3204,3204,25,28.571430206298828,20,18.18181800842285,4.761904716491699,4.761904716491699,4.761904716491699,0,5.233367919921875,8589934592,2147483648,5926453248,407961600
202,1772005547472,3204,3204,3204,3204,3204,3204,3204,3204,27.272727966308594,20,18.18181800842285,20,0,0,0,0,5.233367919921875,8589934592,2147483648,5926436864,407961600
204,1772005547675,3204,3204,3204,3204,3204,3204,3204,3204,26.3157901763916,27.272727966308594,28.571430206298828,20,0,0,0,0,5.233367919921875,8589934592,2147483648,5926436864,407961600
202,1772005547881,3204,3204,3204,3204,3204,3204,3204,3204,28.571430206298828,26.3157901763916,20,23.809524536132813,4.761904716491699,4.761904716491699,0,4.761904716491699,5.3333916664123535,8589934592,2147483648,5926486016,407961600
209,1772005548083,3204,3204,3204,3204,3204,3204,3204,3204,30.000001907348633,28.571430206298828,30.000001907348633,15.000000953674316,0,0,0,0,5.3333916664123535,8589934592,2147483648,5927288832,407961600
209,1772005548293,3204,3204,3204,3204,3204,3204,3204,3204,23.809524536132813,20,23.809524536132813,22.72727394104004,0,4.761904716491699,4.545454502105713,0,5.3333916664123535,8589934592,2147483648,5926649856,407961600
209,1772005548503,3204,3204,3204,3204,3204,3204,3204,3204,20,19.047618865966797,10,20,13.043478012084961,0,0,0,5.3333916664123535,8589934592,2147483648,5926649856,407961600
201,1772005548713,3204,3204,3204,3204,3204,3204,3204,3204,27.272727966308594,20,28.571430206298828,19.047618865966797,0,4.761904716491699,0,0,5.3333916664123535,8589934592,2147483648,5925371904,407961600
209,1772005548915,3204,3204,3204,3204,3204,3204,3204,3204,30.000001907348633,33.333335876464844,28.571430206298828,20,15.000000953674316,14.285715103149414,0,5,5.426311016082764,8589934592,2147483648,5936037888,407961600
205,1772005549125,3204,3204,3204,3204,3204,3204,3204,3204,25,25,20,18.18181800842285,14.285715103149414,10,0,0,5.426311016082764,8589934592,2147483648,5925371904,407961600
202,1772005549331,3204,3204,3204,3204,3204,3204,3204,3204,23.809524536132813,28.571430206298828,20,10.526315689086914,0,4.761904716491699,4.545454502105713,0,5.426311016082764,8589934592,2147483648,5925339136,407961600
208,1772005549534,3204,3204,3204,3204,3204,3204,3204,3204,25,23.809524536132813,23.809524536132813,25,4.761904716491699,0,0,0,5.426311016082764,8589934592,2147483648,5925371904,407961600
206,1772005549743,3204,3204,3204,3204,3204,3204,3204,3204,33.333335876464844,20,23.809524536132813,22.72727394104004,4.761904716491699,4.761904716491699,5,0,5.426311016082764,8589934592,2147483648,5925355520,407961600
205,1772005549950,3204,3204,3204,3204,3204,3204,3204,3204,25,28.571430206298828,20,19.047618865966797,0,0,0,4.545454502105713,5.097865104675293,8589934592,2147483648,5925470208,407961600
209,1772005550156,3204,3204,3204,3204,3204,3204,3204,3204,28.571430206298828,28.571430206298828,19.047618865966797,15.789472579956055,4.761904716491699,20,0,0,5.097865104675293,8589934592,2147483648,5925470208,407961600
209,1772005550366,3204,3204,3204,3204,3204,3204,3204,3204,23.809524536132813,25,19.047618865966797,22.72727394104004,4.761904716491699,4.761904716491699,0,0,5.097865104675293,8589934592,2147483648,5926895616,407961600
207,1772005550576,3204,3204,3204,3204,3204,3204,3204,3204,30.000001907348633,23.809524536132813,20,19.047618865966797,0,0,0,0,5.097865104675293,8589934592,2147483648,5926830080,407961600
209,1772005550784,3204,3204,3204,3204,3204,3204,3204,3204,31.81818199157715,23.809524536132813,19.047618865966797,19.047618865966797,4.761904716491699,0,4.545454502105713,0,5.379570007324219,8589934592,2147483648,5927796736,407961600
209,1772005550993,3204,3204,3204,3204,3204,3204,3204,3204,30.000001907348633,28.571430206298828,28.571430206298828,20,9.090909004211426,4.545454502105713,0,0,5.379570007324219,8589934592,2147483648,5929959424,407961600
205,1772005551204,3204,3204,3204,3204,3204,3204,3204,3204,33.333335876464844,25,31.81818199157715,19.047618865966797,23.809524536132813,23.809524536132813,13.636363983154297,4.761904716491699,5.379570007324219,8589934592,2147483648,5927567360,407961600
199,1772005551410,3204,3204,3204,3204,3204,3204,3204,3204,30.000001907348633,28.571430206298828,25,28.571430206298828,4.761904716491699,0,0,4.545454502105713,5.379570007324219,8589934592,2147483648,5927682048,407961600
206,1772005551610,3204,3204,3204,3204,3204,3204,3204,3204,40,25,30.000001907348633,26.3157901763916,0,0,0,0,5.379570007324219,8589934592,2147483648,5928386560,407961600
207,1772005551817,3204,3204,3204,3204,3204,3204,3204,3204,28.571430206298828,25,25,19.047618865966797,5,9.090909004211426,4.761904716491699,0,5.180233001708984,8589934592,2147483648,5927534592,407961600
208,1772005552025,3204,3204,3204,3204,3204,3204,3204,3204,28.571430206298828,25,23.809524536132813,15.000000953674316,4.761904716491699,0,0,0,5.180233001708984,8589934592,2147483648,5927534592,407961600
209,1772005552233,3204,3204,3204,3204,3204,3204,3204,3204,25,27.272727966308594,20,19.047618865966797,0,0,0,0,5.180233001708984,8589934592,2147483648,5927518208,407961600
207,1772005552444,3204,3204,3204,3204,3204,3204,3204,3204,28.571430206298828,28.571430206298828,19.047618865966797,18.18181800842285,4.761904716491699,4.761904716491699,4.545454502105713,9.090909004211426,5.180233001708984,8589934592,2147483648,5927550976,407961600
207,1772005552651,3204,3204,3204,3204,3204,3204,3204,3204,20,25,19.047618865966797,20,0,0,0,0,5.180233001708984,8589934592,2147483648,5927190528,407961600
206,1772005552859,3204,3204,3204,3204,3204,3204,3204,3204,23.809524536132813,19.047618865966797,19.047618865966797,19.047618865966797,0,0,0,0,5.4673871994018555,8589934592,2147483648,5927190528,407961600
204,1772005553066,3204,3204,3204,3204,3204,3204,3204,3204,30.000001907348633,25,23.809524536132813,20,5,4.761904716491699,0,0,5.4673871994018555,8589934592,2147483648,5928304640,407961600
209,1772005553271,3204,3204,3204,3204,3204,3204,3204,3204,28.571430206298828,28.571430206298828,25,28.571430206298828,19.047618865966797,20,9.523809432983398,4.761904716491699,5.4673871994018555,8589934592,2147483648,5928534016,407961600
200,1772005553481,3204,3204,3204,3204,3204,3204,3204,3204,31.81818199157715,23.809524536132813,23.809524536132813,15.000000953674316,9.523809432983398,14.285715103149414,0,0,5.4673871994018555,8589934592,2147483648,5928550400,407961600
209,1772005553682,3204,3204,3204,3204,3204,3204,3204,3204,26.3157901763916,20,20,19.047618865966797,0,0,0,0,5.4673871994018555,8589934592,2147483648,5928550400,407961600
207,1772005553892,3204,3204,3204,3204,3204,3204,3204,3204,23.809524536132813,25,19.047618865966797,14.285715103149414,0,0,4.545454502105713,0,5.0556440353393555,8589934592,2147483648,5928550400,407961600
201,1772005554100,3204,3204,3204,3204,3204,3204,3204,3204,28.571430206298828,23.809524536132813,20,20,4.545454502105713,4.761904716491699,0,0,5.0556440353393555,8589934592,2147483648,5928550400,407961600
205,1772005554303,3204,3204,3204,3204,3204,3204,3204,3204,21.052631378173828,25,20,15.000000953674316,0,0,0,0,5.0556440353393555,8589934592,2147483648,5928599552,407961600
209,1772005554508,3204,3204,3204,3204,3204,3204,3204,3204,28.571430206298828,23.809524536132813,20,15.000000953674316,5,5,0,4.761904716491699,5.0556440353393555,8589934592,2147483648,5928304640,407961600
207,1772005554718,3204,3204,3204,3204,3204,3204,3204,3204,20,28.571430206298828,19.047618865966797,18.18181800842285,0,0,0,0,5.0556440353393555,8589934592,2147483648,5928108032,407961600
207,1772005554927,3204,3204,3204,3204,3204,3204,3204,3204,27.272727966308594,19.047618865966797,19.047618865966797,15.000000953674316,0,0,0,0,5.44080114364624,8589934592,2147483648,5928140800,407961600
206,1772005555134,3204,3204,3204,3204,3204,3204,3204,3204,25,25,19.047618865966797,23.809524536132813,4.761904716491699,9.523809432983398,0,0,5.44080114364624,8589934592,2147483648,5929680896,407961600
209,1772005555341,3204,3204,3204,3204,3204,3204,3204,3204,33.333335876464844,28.571430206298828,30.000001907348633,19.047618865966797,15.000000953674316,23.809524536132813,0,0,5.44080114364624,8589934592,2147483648,5937446912,407961600
206,1772005555551,3204,3204,3204,3204,3204,3204,3204,3204,28.571430206298828,30.000001907348633,27.272727966308594,19.047618865966797,19.047618865966797,15.000000953674316,4.545454502105713,0,5.44080114364624,8589934592,2147483648,5928321024,407961600
208,1772005555758,3204,3204,3204,3204,3204,3204,3204,3204,20,19.047618865966797,15.000000953674316,19.047618865966797,0,0,0,0,5.44080114364624,8589934592,2147483648,5927944192,407961600
209,1772005555967,3204,3204,3204,3204,3204,3204,3204,3204,28.571430206298828,23.809524536132813,19.047618865966797,15.000000953674316,0,0,0,0,5.155884265899658,8589934592,2147483648,5927944192,407961600
207,1772005556177,3204,3204,3204,3204,3204,3204,3204,3204,20,20,14.285715103149414,28.571430206298828,4.761904716491699,0,0,4.545454502105713,5.155884265899658,8589934592,2147483648,5929730048,407961600
208,1772005556385,3204,3204,3204,3204,3204,3204,3204,3204,28.571430206298828,22.72727394104004,20,20,0,0,0,0,5.155884265899658,8589934592,2147483648,5925748736,407961600
209,1772005556593,3204,3204,3204,3204,3204,3204,3204,3204,20,20,22.72727394104004,19.047618865966797,0,0,0,0,5.155884265899658,8589934592,2147483648,5925683200,407961600
208,1772005556803,3204,3204,3204,3204,3204,3204,3204,3204,31.81818199157715,28.571430206298828,25,22.72727394104004,4.761904716491699,4.761904716491699,0,0,5.420558452606201,8589934592,2147483648,5924814848,407961600
207,1772005557012,3204,3204,3204,3204,3204,3204,3204,3204,30.000001907348633,30.000001907348633,19.047618865966797,20,0,4.761904716491699,4.761904716491699,4.761904716491699,5.420558452606201,8589934592,2147483648,5924831232,407961600
207,1772005557220,3204,3204,3204,3204,3204,3204,3204,3204,31.81818199157715,23.809524536132813,20,22.72727394104004,4.761904716491699,0,0,0,5.420558452606201,8589934592,2147483648,5925208064,407961600
202,1772005557427,3204,3204,3204,3204,3204,3204,3204,3204,30.000001907348633,28.571430206298828,28.571430206298828,20,4.761904716491699,5,4.761904716491699,0,5.420558452606201,8589934592,2147483648,5925322752,407961600
209,1772005557630,3204,3204,3204,3204,3204,3204,3204,3204,35,30.000001907348633,28.571430206298828,25,28.571430206298828,25,4.761904716491699,0,5.420558452606201,8589934592,2147483648,5925208064,407961600
202,1772005557840,3204,3204,3204,3204,3204,3204,3204,3204,23.809524536132813,25,23.809524536132813,15.000000953674316,4.761904716491699,8.69565200805664,4.545454502105713,4.761904716491699,5.02388858795166,8589934592,2147483648,5925830656,407961600
209,1772005558043,3204,3204,3204,3204,3204,3204,3204,3204,25,23.809524536132813,30.000001907348633,19.047618865966797,0,0,0,0,5.02388858795166,8589934592,2147483648,5925208064,407961600
205,1772005558253,3204,3204,3204,3204,3204,3204,3204,3204,31.81818199157715,28.571430206298828,23.809524536132813,23.809524536132813,4.761904716491699,4.761904716491699,4.761904716491699,4.761904716491699,5.02388858795166,8589934592,2147483648,5925257216,407961600
206,1772005558460,3204,3204,3204,3204,3204,3204,3204,3204,25,25,23.809524536132813,20,0,0,0,0,5.02388858795166,8589934592,2147483648,5925208064,407961600
208,1772005558667,3204,3204,3204,3204,3204,3204,3204,3204,25,23.809524536132813,25,14.285715103149414,4.761904716491699,9.523809432983398,0,0,5.02388858795166,8589934592,2147483648,5925273600,407961600
206,1772005558876,3204,3204,3204,3204,3204,3204,3204,3204,27.272727966308594,28.571430206298828,23.809524536132813,15.000000953674316,4.545454502105713,0,0,4.761904716491699,5.401724338531494,8589934592,2147483648,5925273600,407961600
208,1772005559083,3204,3204,3204,3204,3204,3204,3204,3204,21.052631378173828,28.571430206298828,28.571430206298828,23.809524536132813,0,4.545454502105713,4.761904716491699,0,5.401724338531494,8589934592,2147483648,5925273600,407961600
201,1772005559292,3204,3204,3204,3204,3204,3204,3204,3204,28.571430206298828,25,23.809524536132813,23.809524536132813,0,0,0,0,5.401724338531494,8589934592,2147483648,5925437440,407961600
206,1772005559494,3204,3204,3204,3204,3204,3204,3204,3204,25,28.571430206298828,26.3157901763916,15.789472579956055,5,0,4.761904716491699,0,5.401724338531494,8589934592,2147483648,5924978688,407961600
200,1772005559701,3204,3204,3204,3204,3204,3204,3204,3204,28.571430206298828,25,23.809524536132813,26.086956024169922,28.571430206298828,10,5,9.090909004211426,5.401724338531494,8589934592,2147483648,5924519936,407961600
209,1772005559903,3204,3204,3204,3204,3204,3204,3204,3204,30.000001907348633,25,25,15.789472579956055,5,14.285715103149414,0,0,5.2598795890808105,8589934592,2147483648,5924536320,407961600
205,1772005560113,3204,3204,3204,3204,3204,3204,3204,3204,25,25,28.571430206298828,27.272727966308594,4.761904716491699,4.761904716491699,0,0,5.2598795890808105,8589934592,2147483648,5934874624,407961600
206,1772005560319,3204,3204,3204,3204,3204,3204,3204,3204,38.095237731933594,33.333335876464844,30.000001907348633,30.000001907348633,23.809524536132813,5,0,0,5.2598795890808105,8589934592,2147483648,5935628288,407961600
206,1772005560526,3204,3204,3204,3204,3204,3204,3204,3204,35,33.333335876464844,30.000001907348633,20,5,4.761904716491699,0,0,5.2598795890808105,8589934592,2147483648,5937430528,407961600
205,1772005560733,3204,3204,3204,3204,3204,3204,3204,3204,38.095237731933594,35,33.333335876464844,28.571430206298828,0,0,0,0,5.2598795890808105,8589934592,2147483648,5937070080,407961600
201,1772005560939,3204,3204,3204,3204,3204,3204,3204,3204,33.333335876464844,33.333335876464844,23.809524536132813,28.571430206298828,0,0,0,0,5.330924987792969,8589934592,2147483648,5937070080,407961600
209,1772005561141,3204,3204,3204,3204,3204,3204,3204,3204,31.57894515991211,31.57894515991211,25,25,5,5,9.523809432983398,5,5.330924987792969,8589934592,2147483648,5938659328,407961600
201,1772005561352,3204,3204,3204,3204,3204,3204,3204,3204,36.3636360168457,31.81818199157715,20,19.047618865966797,0,0,0,0,5.330924987792969,8589934592,2147483648,5935644672,407961600
205,1772005561554,3204,3204,3204,3204,3204,3204,3204,3204,26.3157901763916,30.000001907348633,28.571430206298828,15.789472579956055,5,0,0,0,5.330924987792969,8589934592,2147483648,5933826048,407961600
209,1772005561760,3204,3204,3204,3204,3204,3204,3204,3204,33.333335876464844,38.095237731933594,25,28.571430206298828,5,9.090909004211426,4.761904716491699,10,5.330924987792969,8589934592,2147483648,5941870592,407961600
208,1772005561970,3204,3204,3204,3204,3204,3204,3204,3204,33.333335876464844,25,33.333335876464844,23.809524536132813,19.047618865966797,14.285715103149414,4.761904716491699,0,5.356360912322998,8589934592,2147483648,5928255488,407961600
208,1772005562179,3204,3204,3204,3204,3204,3204,3204,3204,25,19.047618865966797,19.047618865966797,15.000000953674316,4.545454502105713,0,0,0,5.356360912322998,8589934592,2147483648,5927927808,407961600
209,1772005562388,3204,3204,3204,3204,3204,3204,3204,3204,23.809524536132813,23.809524536132813,15.000000953674316,23.809524536132813,0,4.545454502105713,0,4.761904716491699,5.356360912322998,8589934592,2147483648,5927911424,407961600
204,1772005562598,3204,3204,3204,3204,3204,3204,3204,3204,36.3636360168457,23.809524536132813,22.72727394104004,19.047618865966797,0,0,0,0,5.356360912322998,8589934592,2147483648,5928747008,407961600
207,1772005562802,3204,3204,3204,3204,3204,3204,3204,3204,25,25,21.052631378173828,15.000000953674316,4.761904716491699,0,0,0,5.204102039337158,8589934592,2147483648,5928796160,407961600
199,1772005563010,3204,3204,3204,3204,3204,3204,3204,3204,21.052631378173828,20,19.047618865966797,23.809524536132813,0,0,0,0,5.204102039337158,8589934592,2147483648,5928779776,407961600
201,1772005563210,3204,3204,3204,3204,3204,3204,3204,3204,28.571430206298828,30.000001907348633,20,20,0,4.761904716491699,0,0,5.204102039337158,8589934592,2147483648,5926715392,407961600
209,1772005563412,3204,3204,3204,3204,3204,3204,3204,3204,25,25,25,20,4.761904716491699,0,5,0,5.204102039337158,8589934592,2147483648,5926862848,407961600
201,1772005563622,3204,3204,3204,3204,3204,3204,3204,3204,19.047618865966797,19.047618865966797,23.809524536132813,18.18181800842285,10,9.090909004211426,4.545454502105713,9.090909004211426,5.204102039337158,8589934592,2147483648,5927157760,407961600
208,1772005563823,3204,3204,3204,3204,3204,3204,3204,3204,26.3157901763916,20,20,15.789472579956055,5,5,5.263157844543457,5,5.291417121887207,8589934592,2147483648,5928697856,407961600
200,1772005564032,3204,3204,3204,3204,3204,3204,3204,3204,33.333335876464844,30.000001907348633,28.571430206298828,30.000001907348633,31.81818199157715,19.047618865966797,0,0,5.291417121887207,8589934592,2147483648,5927059456,407961600
207,1772005564233,3204,3204,3204,3204,3204,3204,3204,3204,28.571430206298828,28.571430206298828,23.809524536132813,25,0,5,4.761904716491699,0,5.291417121887207,8589934592,2147483648,5927043072,407961600
208,1772005564441,3204,3204,3204,3204,3204,3204,3204,3204,25,20,25,22.72727394104004,4.545454502105713,0,0,0,5.291417121887207,8589934592,2147483648,5927059456,407961600
201,1772005564650,3204,3204,3204,3204,3204,3204,3204,3204,61.904762268066406,52.38095474243164,57.142860412597656,50,0,0,0,0,5.291417121887207,8589934592,2147483648,5930598400,407961600
207,1772005564852,3204,3204,3204,3204,3204,3204,3204,3204,55,47.619049072265625,40,42.85714340209961,0,4.761904716491699,0,0,5.102112770080566,8589934592,2147483648,5936349184,407961600
209,1772005565060,3204,3204,3204,3204,3204,3204,3204,3204,47.619049072265625,42.105262756347656,40,35,19.047618865966797,10,0,4.761904716491699,5.102112770080566,8589934592,2147483648,5942362112,407961600
209,1772005565270,3204,3204,3204,3204,3204,3204,3204,3204,55,57.142860412597656,42.85714340209961,38.095237731933594,23.809524536132813,14.285715103149414,4.761904716491699,0,5.102112770080566,8589934592,2147483648,5953814528,407961600
204,1772005565480,3204,3204,3204,3204,3204,3204,3204,3204,68.18181610107422,68.18181610107422,55,66.66667175292969,0,0,0,0,5.102112770080566,8589934592,2147483648,5952733184,407961600
199,1772005565686,3204,3204,3204,3204,3204,3204,3204,3204,57.894737243652344,50,50,50,0,0,0,0,5.102112770080566,8589934592,2147483648,5953617920,407961600
200,1772005565886,3204,3204,3204,3204,3204,3204,3204,3204,63.6363639831543,50,55,42.105262756347656,4.761904716491699,4.761904716491699,0,0,5.724072456359863,8589934592,2147483648,5955436544,407961600
209,1772005566087,3204,3204,3204,3204,3204,3204,3204,3204,57.894737243652344,60.000003814697266,52.6315803527832,60.000003814697266,19.047618865966797,10.526315689086914,5,0,5.724072456359863,8589934592,2147483648,5964644352,407961600
208,1772005566298,3204,3204,3204,3204,3204,3204,3204,3204,42.85714340209961,45.45454788208008,45.45454788208008,42.85714340209961,10,13.636363983154297,9.090909004211426,4.761904716491699,5.724072456359863,8589934592,2147483648,5956796416,407961600
207,1772005566508,3204,3204,3204,3204,3204,3204,3204,3204,45,50,47.619049072265625,40,0,0,0,0,5.724072456359863,8589934592,2147483648,5957287936,407961600
209,1772005566717,3204,3204,3204,3204,3204,3204,3204,3204,61.904762268066406,61.904762268066406,60.000003814697266,54.54545593261719,0,0,0,0,5.724072456359863,8589934592,2147483648,5958221824,407961600
208,1772005566927,3204,3204,3204,3204,3204,3204,3204,3204,45.45454788208008,57.142860412597656,52.38095474243164,40,4.545454502105713,0,0,0,6.2011308670043945,8589934592,2147483648,5958402048,407961600
203,1772005567137,3204,3204,3204,3204,3204,3204,3204,3204,57.142860412597656,57.142860412597656,42.85714340209961,54.54545593261719,0,4.761904716491699,0,0,6.2011308670043945,8589934592,2147483648,5958729728,407961600
200,1772005567342,3204,3204,3204,3204,3204,3204,3204,3204,45,42.85714340209961,40,31.57894515991211,0,0,0,0,6.2011308670043945,8589934592,2147483648,5959073792,407961600
201,1772005567544,3204,3204,3204,3204,3204,3204,3204,3204,57.894737243652344,52.6315803527832,57.142860412597656,57.142860412597656,9.523809432983398,5.263157844543457,5,4.761904716491699,6.2011308670043945,8589934592,2147483648,5960171520,407961600
205,1772005567746,3204,3204,3204,3204,3204,3204,3204,3204,42.85714340209961,40,42.105262756347656,31.57894515991211,10,4.761904716491699,5,0,6.2011308670043945,8589934592,2147483648,5957320704,407961600
203,1772005567952,3204,3204,3204,3204,3204,3204,3204,3204,40,57.142860412597656,47.619049072265625,42.85714340209961,4.761904716491699,0,0,4.761904716491699,6.100090503692627,8589934592,2147483648,5957451776,407961600
209,1772005568156,3204,3204,3204,3204,3204,3204,3204,3204,65,65,55,52.38095474243164,0,0,0,0,6.100090503692627,8589934592,2147483648,5960351744,407961600
209,1772005568366,3204,3204,3204,3204,3204,3204,3204,3204,57.142860412597656,52.38095474243164,47.619049072265625,52.38095474243164,19.047618865966797,18.18181800842285,4.761904716491699,0,6.100090503692627,8589934592,2147483648,5958647808,407961600
202,1772005568577,3204,3204,3204,3204,3204,3204,3204,3204,52.38095474243164,52.38095474243164,50,38.095237731933594,13.636363983154297,10,0,4.761904716491699,6.100090503692627,8589934592,2147483648,5961728000,407961600
207,1772005568782,3204,3204,3204,3204,3204,3204,3204,3204,57.142860412597656,50,57.142860412597656,52.6315803527832,0,0,4.545454502105713,0,6.08481502532959,8589934592,2147483648,5961924608,407961600
208,1772005568991,3204,3204,3204,3204,3204,3204,3204,3204,57.142860412597656,54.54545593261719,50,59.09090805053711,0,4.761904716491699,0,0,6.08481502532959,8589934592,2147483648,5962301440,407961600
207,1772005569200,3204,3204,3204,3204,3204,3204,3204,3204,50,45,42.85714340209961,38.095237731933594,0,0,0,0,6.08481502532959,8589934592,2147483648,5962465280,407961600
205,1772005569408,3204,3204,3204,3204,3204,3204,3204,3204,50,52.38095474243164,45,52.38095474243164,4.545454502105713,0,0,0,6.08481502532959,8589934592,2147483648,5962743808,407961600
201,1772005569614,3204,3204,3204,3204,3204,3204,3204,3204,21.052631378173828,23.809524536132813,25,15.789472579956055,5,4.761904716491699,4.761904716491699,4.761904716491699,6.08481502532959,8589934592,2147483648,5962760192,407961600
208,1772005569816,3204,3204,3204,3204,3204,3204,3204,3204,28.571430206298828,26.3157901763916,30.000001907348633,19.047618865966797,0,0,0,0,6.454626083374023,8589934592,2147483648,5962711040,407961600
209,1772005570025,3204,3204,3204,3204,3204,3204,3204,3204,50,45,40.90909194946289,38.095237731933594,0,4.761904716491699,0,0,6.454626083374023,8589934592,2147483648,5962842112,407961600
209,1772005570235,3204,3204,3204,3204,3204,3204,3204,3204,28.571430206298828,31.81818199157715,25,30.000001907348633,9.090909004211426,19.047618865966797,0,4.545454502105713,6.454626083374023,8589934592,2147483648,5963153408,407961600
206,1772005570445,3204,3204,3204,3204,3204,3204,3204,3204,42.85714340209961,42.85714340209961,38.095237731933594,28.571430206298828,35,22.72727394104004,9.090909004211426,0,6.454626083374023,8589934592,2147483648,5963448320,407961600
207,1772005570652,3204,3204,3204,3204,3204,3204,3204,3204,25,25,23.809524536132813,23.809524536132813,38.095237731933594,100,0,0,6.454626083374023,8589934592,2147483648,5977374720,407961600
209,1772005570860,3204,3204,3204,3204,3204,3204,3204,3204,28.571430206298828,23.809524536132813,23.809524536132813,28.571430206298828,100,4.761904716491699,0,0,5.935070514678955,8589934592,2147483648,5976047616,407961600
204,1772005571070,3204,3204,3204,3204,3204,3204,3204,3204,23.809524536132813,25,19.047618865966797,14.285715103149414,38.095237731933594,0,0,0,5.935070514678955,8589934592,2147483648,5975261184,407961600
199,1772005571275,3204,3204,3204,3204,3204,3204,3204,3204,23.809524536132813,19.047618865966797,20,15.000000953674316,100,0,0,0,5.935070514678955,8589934592,2147483648,5974573056,407961600
199,1772005571476,3204,3204,3204,3204,3204,3204,3204,3204,26.3157901763916,15.789472579956055,10.526315689086914,15.000000953674316,100,0,0,0,5.935070514678955,8589934592,2147483648,5973786624,407961600
199,1772005571676,3204,3204,3204,3204,3204,3204,3204,3204,25,23.809524536132813,28.571430206298828,15.000000953674316,57.142860412597656,0,0,33.333335876464844,5.935070514678955,8589934592,2147483648,5972328448,407961600
209,1772005571877,3204,3204,3204,3204,3204,3204,3204,3204,20,20,21.052631378173828,15.000000953674316,0,0,0,100,7.78935432434082,8589934592,2147483648,5963415552,407961600
205,1772005572086,3204,3204,3204,3204,3204,3204,3204,3204,23.809524536132813,28.571430206298828,27.272727966308594,19.047618865966797,40,23.809524536132813,4.545454502105713,28.571430206298828,7.78935432434082,8589934592,2147483648,5963726848,407961600
209,1772005572292,3204,3204,3204,3204,3204,3204,3204,3204,20,23.809524536132813,23.809524536132813,14.285715103149414,47.619049072265625,4.761904716491699,10.526315689086914,0,7.78935432434082,8589934592,2147483648,5961351168,407961600
205,1772005572502,3204,3204,3204,3204,3204,3204,3204,3204,33.333335876464844,21.052631378173828,30.000001907348633,20,66.66667175292969,55,4.761904716491699,4.761904716491699,7.78935432434082,8589934592,2147483648,5956714496,407961600
201,1772005572708,3204,3204,3204,3204,3204,3204,3204,3204,30.000001907348633,28.571430206298828,20,25,30.000001907348633,19.047618865966797,0,45,7.78935432434082,8589934592,2147483648,5949145088,407961600
203,1772005572910,3204,3204,3204,3204,3204,3204,3204,3204,30.000001907348633,25,25,23.809524536132813,70,5,4.761904716491699,30.000001907348633,10.211769104003906,8589934592,2147483648,5948620800,407961600
209,1772005573113,3204,3204,3204,3204,3204,3204,3204,3204,25,19.047618865966797,23.809524536132813,19.047618865966797,20,23.809524536132813,0,66.66667175292969,10.211769104003906,8589934592,2147483648,5948866560,407961600
205,1772005573324,3204,3204,3204,3204,3204,3204,3204,3204,27.272727966308594,20,15.000000953674316,10,23.809524536132813,33.333335876464844,0,0,10.211769104003906,8589934592,2147483648,5948702720,407961600
207,1772005573529,3204,3204,3204,3204,3204,3204,3204,3204,28.571430206298828,19.047618865966797,23.809524536132813,15.000000953674316,40.90909194946289,55,0,0,10.211769104003906,8589934592,2147483648,5948899328,407961600
204,1772005573737,3204,3204,3204,3204,3204,3204,3204,3204,30.000001907348633,25,25,19.047618865966797,70,28.571430206298828,20,30.000001907348633,10.211769104003906,8589934592,2147483648,5949325312,407961600
202,1772005573941,3204,3204,3204,3204,3204,3204,3204,3204,28.571430206298828,23.809524536132813,23.809524536132813,20,20,0,40.90909194946289,19.047618865966797,10.71203327178955,8589934592,2147483648,5949145088,407961600
207,1772005574144,3204,3204,3204,3204,3204,3204,3204,3204,20,20,19.047618865966797,19.047618865966797,0,0,45,52.38095474243164,10.71203327178955,8589934592,2147483648,5948456960,407961600
206,1772005574352,3204,3204,3204,3204,3204,3204,3204,3204,21.052631378173828,20,15.789472579956055,15.000000953674316,80.95238494873047,22.72727394104004,14.285715103149414,0,10.71203327178955,8589934592,2147483648,5948047360,407961600
209,1772005574558,3204,3204,3204,3204,3204,3204,3204,3204,28.571430206298828,28.571430206298828,28.571430206298828,19.047618865966797,9.523809432983398,0,25,0,10.71203327178955,8589934592,2147483648,5948735488,407961600
206,1772005574768,3204,3204,3204,3204,3204,3204,3204,3204,31.81818199157715,28.571430206298828,33.333335876464844,23.809524536132813,9.523809432983398,42.105262756347656,9.090909004211426,57.142860412597656,11.050311088562012,8589934592,2147483648,5946867712,407961600
206,1772005574975,3204,3204,3204,3204,3204,3204,3204,3204,26.3157901763916,28.571430206298828,28.571430206298828,19.047618865966797,50,4.761904716491699,55,0,11.050311088562012,8589934592,2147483648,5946081280,407961600
209,1772005575182,3204,3204,3204,3204,3204,3204,3204,3204,27.272727966308594,20,20,15.000000953674316,10.526315689086914,31.81818199157715,42.85714340209961,4.761904716491699,11.050311088562012,8589934592,2147483648,5945950208,407961600
207,1772005575392,3204,3204,3204,3204,3204,3204,3204,3204,20,23.809524536132813,22.72727394104004,14.285715103149414,14.285715103149414,75,10,0,11.050311088562012,8589934592,2147483648,5946802176,407961600
208,1772005575600,3204,3204,3204,3204,3204,3204,3204,3204,23.809524536132813,20,20,19.047618865966797,52.38095474243164,0,42.85714340209961,0,11.050311088562012,8589934592,2147483648,5945933824,407961600
203,1772005575809,3204,3204,3204,3204,3204,3204,3204,3204,23.809524536132813,28.571430206298828,23.809524536132813,14.285715103149414,23.809524536132813,4.761904716491699,19.047618865966797,0,10.291299819946289,8589934592,2147483648,5945884672,407961600
203,1772005576013,3204,3204,3204,3204,3204,3204,3204,3204,15.789472579956055,23.809524536132813,20,10,20,80.95238494873047,4.761904716491699,0,10.291299819946289,8589934592,2147483648,5947293696,407961600
207,1772005576217,3204,3204,3204,3204,3204,3204,3204,3204,20,20,20,15.000000953674316,4.761904716491699,40,0,0,10.291299819946289,8589934592,2147483648,5946916864,407961600
208,1772005576425,3204,3204,3204,3204,3204,3204,3204,3204,31.81818199157715,20,23.809524536132813,14.285715103149414,52.38095474243164,9.523809432983398,0,0,10.291299819946289,8589934592,2147483648,5956157440,407961600
209,1772005576633,3204,3204,3204,3204,3204,3204,3204,3204,25,28.571430206298828,23.809524536132813,20,50,0,0,0,10.291299819946289,8589934592,2147483648,5943312384,407961600
199,1772005576844,3204,3204,3204,3204,3204,3204,3204,3204,30.000001907348633,28.571430206298828,33.333335876464844,27.272727966308594,47.619049072265625,4.761904716491699,0,8.69565200805664,10.366955757141113,8589934592,2147483648,5935808512,407961600
209,1772005577044,3204,3204,3204,3204,3204,3204,3204,3204,38.095237731933594,26.3157901763916,25,21.052631378173828,60.000003814697266,5.263157844543457,0,0,10.366955757141113,8589934592,2147483648,5953716224,407961600
204,1772005577254,3204,3204,3204,3204,3204,3204,3204,3204,50,47.619049072265625,50,38.095237731933594,33.333335876464844,0,0,0,10.366955757141113,8589934592,2147483648,5943050240,407961600
207,1772005577459,3204,3204,3204,3204,3204,3204,3204,3204,30.000001907348633,23.809524536132813,25,25,45,9.523809432983398,0,0,10.366955757141113,8589934592,2147483648,5949243392,407961600
207,1772005577667,3204,3204,3204,3204,3204,3204,3204,3204,23.809524536132813,25,20,18.18181800842285,71.42857360839844,0,4.761904716491699,0,10.366955757141113,8589934592,2147483648,5923012608,407961600
202,1772005577876,3204,3204,3204,3204,3204,3204,3204,3204,35,33.333335876464844,27.272727966308594,15.789472579956055,10,0,0,0,8.87955379486084,8589934592,2147483648,5919719424,407961600
207,1772005578079,3204,3204,3204,3204,3204,3204,3204,3204,25,25,15.000000953674316,23.809524536132813,70,0,0,0,8.87955379486084,8589934592,2147483648,5914591232,407961600
209,1772005578287,3204,3204,3204,3204,3204,3204,3204,3204,28.571430206298828,25,19.047618865966797,15.000000953674316,85.71428680419922,0,0,0,8.87955379486084,8589934592,2147483648,5911232512,407961600
208,1772005578497,3204,3204,3204,3204,3204,3204,3204,3204,47.619049072265625,38.095237731933594,35,28.571430206298828,9.523809432983398,0,0,0,8.87955379486084,8589934592,2147483648,5920374784,407961600
206,1772005578706,3204,3204,3204,3204,3204,3204,3204,3204,33.333335876464844,25,28.571430206298828,20,25,4.761904716491699,10,0,8.87955379486084,8589934592,2147483648,5938135040,407961600
209,1772005578913,3204,3204,3204,3204,3204,3204,3204,3204,45,38.095237731933594,38.095237731933594,36.3636360168457,36.3636360168457,9.523809432983398,9.523809432983398,4.761904716491699,9.23538875579834,8589934592,2147483648,5952536576,407961600
209,1772005579123,3204,3204,3204,3204,3204,3204,3204,3204,33.333335876464844,33.333335876464844,25,14.285715103149414,70,9.523809432983398,18.18181800842285,0,9.23538875579834,8589934592,2147483648,5950472192,407961600
200,1772005579333,3204,3204,3204,3204,3204,3204,3204,3204,33.333335876464844,20,28.571430206298828,23.809524536132813,71.42857360839844,0,0,0,9.23538875579834,8589934592,2147483648,5945524224,407961600
202,1772005579534,3204,3204,3204,3204,3204,3204,3204,3204,25,28.571430206298828,23.809524536132813,15.789472579956055,35,5,0,9.523809432983398,9.23538875579834,8589934592,2147483648,5948375040,407961600
207,1772005579737,3204,3204,3204,3204,3204,3204,3204,3204,31.57894515991211,25,25,19.047618865966797,70,0,0,0,9.23538875579834,8589934592,2147483648,5945868288,407961600
207,1772005579945,3204,3204,3204,3204,3204,3204,3204,3204,33.333335876464844,30.000001907348633,26.3157901763916,28.571430206298828,9.523809432983398,4.761904716491699,4.761904716491699,0,8.007101058959961,8589934592,2147483648,5937479680,407961600
209,1772005580153,3204,3204,3204,3204,3204,3204,3204,3204,33.333335876464844,38.095237731933594,28.571430206298828,25,0,0,0,0,8.007101058959961,8589934592,2147483648,5938380800,407961600
200,1772005580363,3204,3204,3204,3204,3204,3204,3204,3204,33.333335876464844,33.333335876464844,31.81818199157715,33.333335876464844,28.571430206298828,9.523809432983398,0,0,8.007101058959961,8589934592,2147483648,5939068928,407961600
5,1772005580564,3204,3204,3204,3204,3204,3204,3204,3204,30.000001907348633,25,26.3157901763916,20,0,0,0,0,8.007101058959961,8589934592,2147483648,5939101696,407961600
