Delta,Time,CPU_FREQUENCY_0,CPU_FREQUENCY_1,CPU_FREQUENCY_2,CPU_FREQUENCY_3,CPU_FREQUENCY_4,CPU_FREQUENCY_5,CPU_FREQUENCY_6,CPU_FREQUENCY_7,CPU_USAGE_0,CPU_USAGE_1,CPU_USAGE_2,CPU_USAGE_3,CPU_USAGE_4,CPU_USAGE_5,CPU_USAGE_6,CPU_USAGE_7,SYSTEM_POWER (Watts),TOTAL_MEMORY,TOTAL_SWAP,USED_MEMORY,USED_SWAP
0,1771998876486,3204,3204,3204,3204,3204,3204,3204,3204,NaN,NaN,0,NaN,0,0,0,0,5.8532023429870605,8589934592,2147483648,6303907840,407961600
200,1771998876486,3204,3204,3204,3204,3204,3204,3204,3204,0,0,NaN,0,NaN,0,0,0,5.8532023429870605,8589934592,2147483648,6303907840,407961600
209,1771998876686,3204,3204,3204,3204,3204,3204,3204,3204,40,38.095237731933594,30.000001907348633,35,9.523809432983398,5,5.263157844543457,0,5.8532023429870605,8589934592,2147483648,6303907840,407961600
209,1771998876896,3204,3204,3204,3204,3204,3204,3204,3204,28.571430206298828,30.000001907348633,23.809524536132813,28.571430206298828,23.809524536132813,19.047618865966797,0,5,5.8532023429870605,8589934592,2147483648,6303907840,407961600
207,1771998877106,3204,3204,3204,3204,3204,3204,3204,3204,76.19047546386719,68.18181610107422,75,60.000003814697266,5,4.761904716491699,4.545454502105713,4.545454502105713,5.916547775268555,8589934592,2147483648,6325043200,407961600
208,1771998877314,3204,3204,3204,3204,3204,3204,3204,3204,50,45,40.90909194946289,38.095237731933594,13.636363983154297,9.523809432983398,0,0,5.916547775268555,8589934592,2147483648,6333923328,407961600
209,1771998877522,3204,3204,3204,3204,3204,3204,3204,3204,57.142860412597656,55,45,47.619049072265625,30.000001907348633,10,9.523809432983398,4.761904716491699,5.916547775268555,8589934592,2147483648,6335840256,407961600
208,1771998877732,3204,3204,3204,3204,3204,3204,3204,3204,38.095237731933594,40.90909194946289,33.333335876464844,33.333335876464844,4.761904716491699,4.545454502105713,4.545454502105713,4.545454502105713,5.916547775268555,8589934592,2147483648,6318604288,407961600
203,1771998877941,3204,3204,3204,3204,3204,3204,3204,3204,33.333335876464844,25,28.571430206298828,28.571430206298828,14.285715103149414,20,0,0,5.916547775268555,8589934592,2147483648,6307037184,407961600
209,1771998878145,3204,3204,3204,3204,3204,3204,3204,3204,40,35,30.000001907348633,30.000001907348633,5,4.761904716491699,4.761904716491699,4.761904716491699,6.245110034942627,8589934592,2147483648,6298435584,407961600
209,1771998878355,3204,3204,3204,3204,3204,3204,3204,3204,55,35,38.095237731933594,30.000001907348633,0,0,0,0,6.245110034942627,8589934592,2147483648,6278955008,407961600
207,1771998878565,3204,3204,3204,3204,3204,3204,3204,3204,61.904762268066406,50,47.619049072265625,50,13.636363983154297,4.761904716491699,4.761904716491699,4.761904716491699,6.245110034942627,8589934592,2147483648,6261653504,407961600
202,1771998878772,3204,3204,3204,3204,3204,3204,3204,3204,52.38095474243164,55,45,38.095237731933594,30.000001907348633,28.571430206298828,27.272727966308594,23.809524536132813,6.245110034942627,8589934592,2147483648,6261293056,407961600
208,1771998878975,3204,3204,3204,3204,3204,3204,3204,3204,35,33.333335876464844,30.000001907348633,15.789472579956055,40,30.000001907348633,10,10,6.245110034942627,8589934592,2147483648,6261293056,407961600
206,1771998879184,3204,3204,3204,3204,3204,3204,3204,3204,80,80.95238494873047,80.95238494873047,76.19047546386719,22.72727394104004,23.809524536132813,15.000000953674316,28.571430206298828,6.817755699157715,8589934592,2147483648,6233358336,407961600
204,1771998879391,3204,3204,3204,3204,3204,3204,3204,3204,71.42857360839844,75,76.19047546386719,61.904762268066406,0,4.761904716491699,4.761904716491699,0,6.817755699157715,8589934592,2147483648,6224838656,407961600
206,1771998879599,3204,3204,3204,3204,3204,3204,3204,3204,85,80.95238494873047,71.42857360839844,80.95238494873047,13.636363983154297,9.523809432983398,0,10,6.817755699157715,8589934592,2147483648,6198444032,407961600
209,1771998879807,3204,3204,3204,3204,3204,3204,3204,3204,71.42857360839844,55,50,45,5,0,9.090909004211426,0,6.817755699157715,8589934592,2147483648,6200246272,407961600
208,1771998880017,3204,3204,3204,3204,3204,3204,3204,3204,54.54545593261719,45.45454788208008,71.42857360839844,50,4.761904716491699,0,0,4.545454502105713,6.817755699157715,8589934592,2147483648,6201147392,407961600
207,1771998880226,3204,3204,3204,3204,3204,3204,3204,3204,45,50,55,45,28.571430206298828,9.090909004211426,0,0,7.272882461547852,8589934592,2147483648,6201540608,407961600
204,1771998880433,3204,3204,3204,3204,3204,3204,3204,3204,71.42857360839844,60.000003814697266,52.38095474243164,57.142860412597656,10,4.761904716491699,9.523809432983398,4.761904716491699,7.272882461547852,8589934592,2147483648,6202146816,407961600
201,1771998880638,3204,3204,3204,3204,3204,3204,3204,3204,60.000003814697266,52.38095474243164,59.09090805053711,45,0,4.761904716491699,0,0,7.272882461547852,8589934592,2147483648,6179110912,407961600
201,1771998880839,3204,3204,3204,3204,3204,3204,3204,3204,57.142860412597656,50,50,55,31.81818199157715,10.526315689086914,0,14.285715103149414,7.272882461547852,8589934592,2147483648,6179405824,407961600
201,1771998881042,3204,3204,3204,3204,3204,3204,3204,3204,57.894737243652344,55,52.6315803527832,50,31.57894515991211,19.047618865966797,5,15.789472579956055,7.3171563148498535,8589934592,2147483648,6154829824,407961600
209,1771998881244,3204,3204,3204,3204,3204,3204,3204,3204,66.66667175292969,55,65,75,23.809524536132813,15.000000953674316,0,0,7.3171563148498535,8589934592,2147483648,6139314176,407961600
201,1771998881453,3204,3204,3204,3204,3204,3204,3204,3204,60.000003814697266,68.18181610107422,76.19047546386719,72.7272720336914,9.523809432983398,5,9.090909004211426,9.090909004211426,7.3171563148498535,8589934592,2147483648,6141689856,407961600
200,1771998881656,3204,3204,3204,3204,3204,3204,3204,3204,60.000003814697266,57.894737243652344,70,55,5,4.761904716491699,0,0,7.3171563148498535,8589934592,2147483648,6123274240,407961600
208,1771998881856,3204,3204,3204,3204,3204,3204,3204,3204,61.904762268066406,55,65,45,5,5,0,4.761904716491699,7.3171563148498535,8589934592,2147483648,6105677824,407961600
207,1771998882064,3204,3204,3204,3204,3204,3204,3204,3204,40,47.619049072265625,47.619049072265625,75,4.761904716491699,4.761904716491699,4.761904716491699,0,7.0836639404296875,8589934592,2147483648,6106529792,407961600
209,1771998882272,3204,3204,3204,3204,3204,3204,3204,3204,61.904762268066406,42.85714340209961,47.619049072265625,38.095237731933594,5,4.761904716491699,4.761904716491699,5,7.0836639404296875,8589934592,2147483648,6109167616,407961600
209,1771998882482,3204,3204,3204,3204,3204,3204,3204,3204,47.619049072265625,47.619049072265625,47.619049072265625,47.619049072265625,4.545454502105713,0,0,0,7.0836639404296875,8589934592,2147483648,6108233728,407961600
209,1771998882692,3204,3204,3204,3204,3204,3204,3204,3204,60.000003814697266,50,33.333335876464844,33.333335876464844,4.761904716491699,4.761904716491699,19.047618865966797,0,7.0836639404296875,8589934592,2147483648,6105448448,407961600
205,1771998882902,3204,3204,3204,3204,3204,3204,3204,3204,50,54.54545593261719,35,47.619049072265625,4.761904716491699,4.761904716491699,0,0,7.0836639404296875,8589934592,2147483648,6107168768,407961600
209,1771998883107,3204,3204,3204,3204,3204,3204,3204,3204,50,40,66.66667175292969,40,30.000001907348633,13.636363983154297,9.090909004211426,0,6.928532123565674,8589934592,2147483648,6116442112,407961600
209,1771998883318,3204,3204,3204,3204,3204,3204,3204,3204,40,52.38095474243164,57.142860412597656,45.45454788208008,27.272727966308594,25,0,0,6.928532123565674,8589934592,2147483648,6071615488,407961600
209,1771998883528,3204,3204,3204,3204,3204,3204,3204,3204,50,42.85714340209961,52.38095474243164,40,0,4.761904716491699,4.761904716491699,4.761904716491699,6.928532123565674,8589934592,2147483648,6073221120,407961600
209,1771998883738,3204,3204,3204,3204,3204,3204,3204,3204,57.142860412597656,47.619049072265625,52.38095474243164,47.619049072265625,9.523809432983398,4.761904716491699,0,0,6.928532123565674,8589934592,2147483648,6073221120,407961600
207,1771998883948,3204,3204,3204,3204,3204,3204,3204,3204,42.85714340209961,42.85714340209961,52.38095474243164,47.619049072265625,0,4.761904716491699,0,8.69565200805664,6.928532123565674,8589934592,2147483648,6073221120,407961600
201,1771998884156,3204,3204,3204,3204,3204,3204,3204,3204,80.95238494873047,75,80.95238494873047,76.19047546386719,0,0,4.545454502105713,0,6.1621551513671875,8589934592,2147483648,6073221120,407961600
206,1771998884358,3204,3204,3204,3204,3204,3204,3204,3204,75,80.95238494873047,75,66.66667175292969,4.761904716491699,0,0,0,6.1621551513671875,8589934592,2147483648,6056460288,407961600
209,1771998884565,3204,3204,3204,3204,3204,3204,3204,3204,61.904762268066406,65,70,65,14.285715103149414,18.18181800842285,5,4.761904716491699,6.1621551513671875,8589934592,2147483648,6062096384,407961600
209,1771998884775,3204,3204,3204,3204,3204,3204,3204,3204,66.66667175292969,61.904762268066406,61.904762268066406,50,0,0,0,0,6.1621551513671875,8589934592,2147483648,6078726144,407961600
205,1771998884985,3204,3204,3204,3204,3204,3204,3204,3204,65,66.66667175292969,40.90909194946289,38.095237731933594,5,4.761904716491699,4.761904716491699,4.761904716491699,6.1621551513671875,8589934592,2147483648,6065356800,407961600
199,1771998885191,3204,3204,3204,3204,3204,3204,3204,3204,52.38095474243164,60.000003814697266,55,47.619049072265625,4.761904716491699,5,0,0,6.611069202423096,8589934592,2147483648,6064209920,407961600
200,1771998885391,3204,3204,3204,3204,3204,3204,3204,3204,65,70,70,60.000003814697266,31.57894515991211,15.000000953674316,5,5,6.611069202423096,8589934592,2147483648,6063456256,407961600
209,1771998885592,3204,3204,3204,3204,3204,3204,3204,3204,52.6315803527832,50,55,55,14.285715103149414,10,5,4.761904716491699,6.611069202423096,8589934592,2147483648,6059573248,407961600
204,1771998885802,3204,3204,3204,3204,3204,3204,3204,3204,54.54545593261719,52.38095474243164,45,38.095237731933594,0,0,0,0,6.611069202423096,8589934592,2147483648,6059573248,407961600
202,1771998886007,3204,3204,3204,3204,3204,3204,3204,3204,45,61.904762268066406,52.38095474243164,50,5,4.761904716491699,4.761904716491699,0,6.611069202423096,8589934592,2147483648,6059573248,407961600
209,1771998886209,3204,3204,3204,3204,3204,3204,3204,3204,40,52.38095474243164,45,33.333335876464844,75,14.285715103149414,20,9.523809432983398,6.556858539581299,8589934592,2147483648,6059573248,407961600
208,1771998886419,3204,3204,3204,3204,3204,3204,3204,3204,57.142860412597656,40,47.619049072265625,42.85714340209961,66.66667175292969,9.523809432983398,13.636363983154297,0,6.556858539581299,8589934592,2147483648,6066880512,407961600
199,1771998886627,3204,3204,3204,3204,3204,3204,3204,3204,61.904762268066406,50,45,45,42.85714340209961,0,5,10,6.556858539581299,8589934592,2147483648,6068502528,407961600
204,1771998886827,3204,3204,3204,3204,3204,3204,3204,3204,42.105262756347656,38.095237731933594,45,33.333335876464844,75,10,4.761904716491699,5,6.556858539581299,8589934592,2147483648,6068224000,407961600
204,1771998887033,3204,3204,3204,3204,3204,3204,3204,3204,52.38095474243164,47.36842346191406,42.85714340209961,30.000001907348633,66.66667175292969,14.285715103149414,5,4.761904716491699,6.579187393188477,8589934592,2147483648,6067011584,407961600
204,1771998887237,3204,3204,3204,3204,3204,3204,3204,3204,38.095237731933594,38.095237731933594,52.38095474243164,36.842105865478516,60.000003814697266,0,0,0,6.579187393188477,8589934592,2147483648,6068912128,407961600
205,1771998887442,3204,3204,3204,3204,3204,3204,3204,3204,42.105262756347656,57.142860412597656,50,52.38095474243164,80.95238494873047,14.285715103149414,0,0,6.579187393188477,8589934592,2147483648,6080102400,407961600
209,1771998887648,3204,3204,3204,3204,3204,3204,3204,3204,47.619049072265625,52.6315803527832,45,31.81818199157715,65,10,15.000000953674316,0,6.579187393188477,8589934592,2147483648,6067077120,407961600
204,1771998887857,3204,3204,3204,3204,3204,3204,3204,3204,38.095237731933594,45.45454788208008,28.571430206298828,50,85.71428680419922,0,0,0,6.579187393188477,8589934592,2147483648,6068944896,407961600
200,1771998888062,3204,3204,3204,3204,3204,3204,3204,3204,40,50,55,40,66.66667175292969,5,0,0,11.296996116638184,8589934592,2147483648,6072532992,407961600
204,1771998888263,3204,3204,3204,3204,3204,3204,3204,3204,35,55,42.85714340209961,40,63.15789031982422,9.090909004211426,0,4.761904716491699,11.296996116638184,8589934592,2147483648,6078119936,407961600
205,1771998888468,3204,3204,3204,3204,3204,3204,3204,3204,33.333335876464844,52.38095474243164,40,35,76.19047546386719,15.789472579956055,0,0,11.296996116638184,8589934592,2147483648,6059999232,407961600
202,1771998888674,3204,3204,3204,3204,3204,3204,3204,3204,45,36.842105865478516,45,33.333335876464844,80,0,0,0,11.296996116638184,8589934592,2147483648,6050627584,407961600
206,1771998888877,3204,3204,3204,3204,3204,3204,3204,3204,40,42.85714340209961,52.38095474243164,25,47.619049072265625,19.047618865966797,9.523809432983398,0,11.296996116638184,8589934592,2147483648,6050709504,407961600
206,1771998889084,3204,3204,3204,3204,3204,3204,3204,3204,38.095237731933594,35,42.85714340209961,42.85714340209961,80.95238494873047,0,0,0,11.171374320983887,8589934592,2147483648,6052904960,407961600
204,1771998889291,3204,3204,3204,3204,3204,3204,3204,3204,50,57.142860412597656,30.000001907348633,40,63.15789031982422,0,0,0,11.171374320983887,8589934592,2147483648,6052904960,407961600
202,1771998889496,3204,3204,3204,3204,3204,3204,3204,3204,66.66667175292969,33.333335876464844,40,23.809524536132813,72.7272720336914,20,0,4.761904716491699,11.171374320983887,8589934592,2147483648,6019923968,407961600
201,1771998889698,3204,3204,3204,3204,3204,3204,3204,3204,60.000003814697266,60.000003814697266,55,45,68.42105102539063,20,13.636363983154297,4.761904716491699,11.171374320983887,8589934592,2147483648,6044450816,407961600
209,1771998889900,3204,3204,3204,3204,3204,3204,3204,3204,45,45,42.85714340209961,30.000001907348633,40,4.761904716491699,0,0,11.171374320983887,8589934592,2147483648,6044450816,407961600
203,1771998890110,3204,3204,3204,3204,3204,3204,3204,3204,50,50,42.85714340209961,33.333335876464844,50,0,0,4.761904716491699,10.53201961517334,8589934592,2147483648,6044450816,407961600
209,1771998890313,3204,3204,3204,3204,3204,3204,3204,3204,30.000001907348633,26.3157901763916,25,25,63.15789031982422,0,0,0,10.53201961517334,8589934592,2147483648,6044450816,407961600
206,1771998890524,3204,3204,3204,3204,3204,3204,3204,3204,27.272727966308594,19.047618865966797,25,14.285715103149414,50,4.545454502105713,4.545454502105713,0,10.53201961517334,8589934592,2147483648,6038061056,407961600
208,1771998890731,3204,3204,3204,3204,3204,3204,3204,3204,25,28.571430206298828,20,19.047618865966797,55,0,0,0,10.53201961517334,8589934592,2147483648,6034063360,407961600
200,1771998890940,3204,3204,3204,3204,3204,3204,3204,3204,25,19.047618865966797,27.272727966308594,25,71.42857360839844,0,0,0,10.53201961517334,8589934592,2147483648,6036979712,407961600
206,1771998891141,3204,3204,3204,3204,3204,3204,3204,3204,23.809524536132813,21.052631378173828,15.000000953674316,23.809524536132813,66.66667175292969,10,0,0,10.331533432006836,8589934592,2147483648,6041976832,407961600
201,1771998891348,3204,3204,3204,3204,3204,3204,3204,3204,25,33.333335876464844,20,20,35,4.761904716491699,0,4.761904716491699,10.331533432006836,8589934592,2147483648,6026559488,407961600
208,1771998891550,3204,3204,3204,3204,3204,3204,3204,3204,20,20,20,20,80.95238494873047,0,0,0,10.331533432006836,8589934592,2147483648,6028410880,407961600
205,1771998891759,3204,3204,3204,3204,3204,3204,3204,3204,38.095237731933594,35,33.333335876464844,28.571430206298828,73.68421173095703,10,9.523809432983398,0,10.331533432006836,8589934592,2147483648,6038568960,407961600
209,1771998891964,3204,3204,3204,3204,3204,3204,3204,3204,28.571430206298828,23.809524536132813,23.809524536132813,20,61.904762268066406,10,0,0,10.331533432006836,8589934592,2147483648,6029524992,407961600
206,1771998892174,3204,3204,3204,3204,3204,3204,3204,3204,25,20,20,22.72727394104004,75,8.69565200805664,4.545454502105713,4.545454502105713,9.046830177307129,8589934592,2147483648,6029524992,407961600
203,1771998892381,3204,3204,3204,3204,3204,3204,3204,3204,23.809524536132813,23.809524536132813,19.047618865966797,19.047618865966797,59.09090805053711,5,0,0,9.046830177307129,8589934592,2147483648,6029524992,407961600
203,1771998892585,3204,3204,3204,3204,3204,3204,3204,3204,30.000001907348633,28.571430206298828,25,26.3157901763916,71.42857360839844,20,14.285715103149414,5,9.046830177307129,8589934592,2147483648,6017269760,407961600
208,1771998892789,3204,3204,3204,3204,3204,3204,3204,3204,40,40,30.000001907348633,33.333335876464844,80,23.809524536132813,28.571430206298828,20,9.046830177307129,8589934592,2147483648,5978472448,407961600
207,1771998892998,3204,3204,3204,3204,3204,3204,3204,3204,15.000000953674316,15.000000953674316,14.285715103149414,5,50,5,0,0,9.046830177307129,8589934592,2147483648,5978472448,407961600
208,1771998893206,3204,3204,3204,3204,3204,3204,3204,3204,28.571430206298828,23.809524536132813,19.047618865966797,23.809524536132813,80.95238494873047,4.545454502105713,0,9.090909004211426,9.52106761932373,8589934592,2147483648,5978472448,407961600
203,1771998893415,3204,3204,3204,3204,3204,3204,3204,3204,66.66667175292969,71.42857360839844,61.904762268066406,66.66667175292969,66.66667175292969,15.000000953674316,19.047618865966797,15.000000953674316,9.52106761932373,8589934592,2147483648,5978472448,407961600
203,1771998893618,3204,3204,3204,3204,3204,3204,3204,3204,35,30.000001907348633,21.052631378173828,25,10,9.523809432983398,4.761904716491699,4.761904716491699,9.52106761932373,8589934592,2147483648,6001377280,407961600
209,1771998893822,3204,3204,3204,3204,3204,3204,3204,3204,60.000003814697266,57.894737243652344,47.619049072265625,50,15.000000953674316,15.789472579956055,10,5,9.52106761932373,8589934592,2147483648,6022791168,407961600
206,1771998894033,3204,3204,3204,3204,3204,3204,3204,3204,52.38095474243164,42.85714340209961,42.85714340209961,40,45.45454788208008,23.809524536132813,5,9.523809432983398,10.946820259094238,8589934592,2147483648,6019448832,407961600
207,1771998894239,3204,3204,3204,3204,3204,3204,3204,3204,50,59.09090805053711,52.38095474243164,54.54545593261719,36.842105865478516,0,0,0,10.946820259094238,8589934592,2147483648,6035587072,407961600
206,1771998894448,3204,3204,3204,3204,3204,3204,3204,3204,52.6315803527832,47.619049072265625,50,52.38095474243164,18.18181800842285,0,0,0,10.946820259094238,8589934592,2147483648,6037143552,407961600
209,1771998894656,3204,3204,3204,3204,3204,3204,3204,3204,47.619049072265625,45,38.095237731933594,35,40,9.090909004211426,4.761904716491699,4.761904716491699,10.946820259094238,8589934592,2147483648,6046384128,407961600
207,1771998894867,3204,3204,3204,3204,3204,3204,3204,3204,50,50,47.619049072265625,45,45,0,0,0,10.946820259094238,8589934592,2147483648,6046990336,407961600
209,1771998895076,3204,3204,3204,3204,3204,3204,3204,3204,33.333335876464844,27.272727966308594,25,28.571430206298828,33.333335876464844,14.285715103149414,14.285715103149414,0,8.77586555480957,8589934592,2147483648,6041321472,407961600
205,1771998895285,3204,3204,3204,3204,3204,3204,3204,3204,45.45454788208008,30.000001907348633,40.90909194946289,42.85714340209961,42.85714340209961,0,4.761904716491699,0,8.77586555480957,8589934592,2147483648,6057345024,407961600
206,1771998895491,3204,3204,3204,3204,3204,3204,3204,3204,35,33.333335876464844,25,23.809524536132813,42.85714340209961,0,0,0,8.77586555480957,8589934592,2147483648,6049300480,407961600
206,1771998895699,3204,3204,3204,3204,3204,3204,3204,3204,25,25,25,23.809524536132813,35,4.761904716491699,4.761904716491699,9.090909004211426,8.77586555480957,8589934592,2147483648,6052036608,407961600
208,1771998895906,3204,3204,3204,3204,3204,3204,3204,3204,20,20,25,25,80.95238494873047,0,0,0,8.77586555480957,8589934592,2147483648,6057459712,407961600
209,1771998896115,3204,3204,3204,3204,3204,3204,3204,3204,42.85714340209961,33.333335876464844,36.3636360168457,28.571430206298828,50,19.047618865966797,4.761904716491699,4.545454502105713,8.742164611816406,8589934592,2147483648,6057459712,407961600
205,1771998896325,3204,3204,3204,3204,3204,3204,3204,3204,27.272727966308594,25,19.047618865966797,19.047618865966797,95.45454406738281,0,0,0,8.742164611816406,8589934592,2147483648,6057459712,407961600
207,1771998896531,3204,3204,3204,3204,3204,3204,3204,3204,35,33.333335876464844,28.571430206298828,20,45,0,0,0,8.742164611816406,8589934592,2147483648,6057459712,407961600
201,1771998896739,3204,3204,3204,3204,3204,3204,3204,3204,25,23.809524536132813,20,19.047618865966797,38.095237731933594,4.761904716491699,9.523809432983398,0,8.742164611816406,8589934592,2147483648,6046646272,407961600
207,1771998896941,3204,3204,3204,3204,3204,3204,3204,3204,25,25,25,20,80,9.523809432983398,4.761904716491699,14.285715103149414,8.742164611816406,8589934592,2147483648,6051676160,407961600
208,1771998897148,3204,3204,3204,3204,3204,3204,3204,3204,33.333335876464844,30.000001907348633,25,23.809524536132813,21.052631378173828,10,0,0,9.51463794708252,8589934592,2147483648,6047629312,407961600
208,1771998897358,3204,3204,3204,3204,3204,3204,3204,3204,30.000001907348633,28.571430206298828,23.809524536132813,23.809524536132813,42.85714340209961,4.761904716491699,0,15.000000953674316,9.51463794708252,8589934592,2147483648,6047039488,407961600
209,1771998897567,3204,3204,3204,3204,3204,3204,3204,3204,28.571430206298828,28.571430206298828,23.809524536132813,20,38.095237731933594,47.619049072265625,4.761904716491699,4.761904716491699,9.51463794708252,8589934592,2147483648,6046973952,407961600
209,1771998897778,3204,3204,3204,3204,3204,3204,3204,3204,28.571430206298828,33.333335876464844,28.571430206298828,23.809524536132813,38.095237731933594,45,14.285715103149414,13.636363983154297,9.51463794708252,8589934592,2147483648,6049005568,407961600
207,1771998897987,3204,3204,3204,3204,3204,3204,3204,3204,20,23.809524536132813,23.809524536132813,23.809524536132813,23.809524536132813,40.90909194946289,14.285715103149414,0,9.51463794708252,8589934592,2147483648,6049792000,407961600
202,1771998898195,3204,3204,3204,3204,3204,3204,3204,3204,38.095237731933594,35,28.571430206298828,28.571430206298828,52.38095474243164,28.571430206298828,23.809524536132813,14.285715103149414,10.023383140563965,8589934592,2147483648,6049792000,407961600
207,1771998898398,3204,3204,3204,3204,3204,3204,3204,3204,25,30.000001907348633,26.3157901763916,15.789472579956055,23.809524536132813,0,85,0,10.023383140563965,8589934592,2147483648,6049792000,407961600
201,1771998898606,3204,3204,3204,3204,3204,3204,3204,3204,30.000001907348633,25,25,19.047618865966797,25,30.000001907348633,28.571430206298828,15.000000953674316,10.023383140563965,8589934592,2147483648,6049792000,407961600
205,1771998898808,3204,3204,3204,3204,3204,3204,3204,3204,33.333335876464844,30.000001907348633,28.571430206298828,20,10,38.095237731933594,19.047618865966797,45,10.023383140563965,8589934592,2147483648,6043336704,407961600
209,1771998899014,3204,3204,3204,3204,3204,3204,3204,3204,20,22.72727394104004,19.047618865966797,19.047618865966797,13.636363983154297,10,40,54.54545593261719,10.023383140563965,8589934592,2147483648,6042255360,407961600
206,1771998899224,3204,3204,3204,3204,3204,3204,3204,3204,27.272727966308594,20,20,19.047618865966797,57.142860412597656,13.636363983154297,0,0,10.039130210876465,8589934592,2147483648,6042288128,407961600
207,1771998899431,3204,3204,3204,3204,3204,3204,3204,3204,25,20,31.81818199157715,14.285715103149414,57.894737243652344,57.894737243652344,0,4.761904716491699,10.039130210876465,8589934592,2147483648,6042370048,407961600
203,1771998899639,3204,3204,3204,3204,3204,3204,3204,3204,19.047618865966797,22.72727394104004,15.789472579956055,15.000000953674316,85.71428680419922,22.72727394104004,9.090909004211426,0,10.039130210876465,8589934592,2147483648,6043959296,407961600
199,1771998899844,3204,3204,3204,3204,3204,3204,3204,3204,25,21.052631378173828,22.72727394104004,19.047618865966797,9.523809432983398,65,4.761904716491699,25,10.039130210876465,8589934592,2147483648,6024937472,407961600
205,1771998900043,3204,3204,3204,3204,3204,3204,3204,3204,31.57894515991211,38.095237731933594,31.57894515991211,30.000001907348633,47.36842346191406,47.619049072265625,40,20,12.084559440612793,8589934592,2147483648,6046990336,407961600
209,1771998900249,3204,3204,3204,3204,3204,3204,3204,3204,38.095237731933594,30.000001907348633,30.000001907348633,30.000001907348633,47.619049072265625,45,10,5,12.084559440612793,8589934592,2147483648,6045941760,407961600
202,1771998900460,3204,3204,3204,3204,3204,3204,3204,3204,35,35,33.333335876464844,23.809524536132813,9.523809432983398,20,80.95238494873047,0,12.084559440612793,8589934592,2147483648,6035587072,407961600
209,1771998900662,3204,3204,3204,3204,3204,3204,3204,3204,33.333335876464844,31.81818199157715,28.571430206298828,23.809524536132813,0,0,100,0,12.084559440612793,8589934592,2147483648,6036111360,407961600
202,1771998900873,3204,3204,3204,3204,3204,3204,3204,3204,33.333335876464844,30.000001907348633,25,20,4.545454502105713,14.285715103149414,27.272727966308594,9.090909004211426,12.084559440612793,8589934592,2147483648,6027378688,407961600
202,1771998901075,3204,3204,3204,3204,3204,3204,3204,3204,25,25,23.809524536132813,23.809524536132813,5.263157844543457,95,0,0,11.230506896972656,8589934592,2147483648,6020726784,407961600
200,1771998901278,3204,3204,3204,3204,3204,3204,3204,3204,26.3157901763916,25,25,25,85.71428680419922,20,0,0,11.230506896972656,8589934592,2147483648,6018383872,407961600
204,1771998901479,3204,3204,3204,3204,3204,3204,3204,3204,28.571430206298828,28.571430206298828,26.3157901763916,20,60.000003814697266,0,0,0,11.230506896972656,8589934592,2147483648,6018285568,407961600
199,1771998901684,3204,3204,3204,3204,3204,3204,3204,3204,30.000001907348633,26.3157901763916,23.809524536132813,21.052631378173828,38.095237731933594,35,4.761904716491699,33.333335876464844,11.230506896972656,8589934592,2147483648,6016319488,407961600
206,1771998901885,3204,3204,3204,3204,3204,3204,3204,3204,30.000001907348633,25,25,20,100,0,0,0,11.230506896972656,8589934592,2147483648,6015500288,407961600
206,1771998902091,3204,3204,3204,3204,3204,3204,3204,3204,23.809524536132813,28.571430206298828,19.047618865966797,19.047618865966797,35,36.3636360168457,0,4.761904716491699,10.731378555297852,8589934592,2147483648,6014402560,407961600
207,1771998902298,3204,3204,3204,3204,3204,3204,3204,3204,20,20,20,23.809524536132813,0,100,0,0,10.731378555297852,8589934592,2147483648,6012076032,407961600
209,1771998902506,3204,3204,3204,3204,3204,3204,3204,3204,38.095237731933594,33.333335876464844,30.000001907348633,23.809524536132813,23.809524536132813,57.142860412597656,23.809524536132813,14.285715103149414,10.731378555297852,8589934592,2147483648,6013009920,407961600
209,1771998902717,3204,3204,3204,3204,3204,3204,3204,3204,20,19.047618865966797,23.809524536132813,14.285715103149414,22.72727394104004,4.761904716491699,0,47.619049072265625,10.731378555297852,8589934592,2147483648,6012305408,407961600
203,1771998902927,3204,3204,3204,3204,3204,3204,3204,3204,27.272727966308594,28.571430206298828,22.72727394104004,19.047618865966797,57.142860412597656,0,0,23.809524536132813,10.731378555297852,8589934592,2147483648,6008602624,407961600
204,1771998903130,3204,3204,3204,3204,3204,3204,3204,3204,25,28.571430206298828,25,20,35,19.047618865966797,4.761904716491699,25,10.727155685424805,8589934592,2147483648,6035505152,407961600
205,1771998903335,3204,3204,3204,3204,3204,3204,3204,3204,28.571430206298828,26.3157901763916,15.789472579956055,20,28.571430206298828,5.263157844543457,0,0,10.727155685424805,8589934592,2147483648,5987254272,407961600
206,1771998903541,3204,3204,3204,3204,3204,3204,3204,3204,35,33.333335876464844,27.272727966308594,28.571430206298828,15.000000953674316,4.761904716491699,0,0,10.727155685424805,8589934592,2147483648,5989072896,407961600
209,1771998903748,3204,3204,3204,3204,3204,3204,3204,3204,25,30.000001907348633,20,19.047618865966797,55,9.523809432983398,4.761904716491699,4.761904716491699,10.727155685424805,8589934592,2147483648,6009405440,407961600
205,1771998903958,3204,3204,3204,3204,3204,3204,3204,3204,33.333335876464844,28.571430206298828,28.571430206298828,23.809524536132813,52.38095474243164,4.761904716491699,0,0,10.727155685424805,8589934592,2147483648,6007996416,407961600
209,1771998904164,3204,3204,3204,3204,3204,3204,3204,3204,25,23.809524536132813,21.052631378173828,25,31.57894515991211,5,0,0,10.047579765319824,8589934592,2147483648,6012403712,407961600
209,1771998904375,3204,3204,3204,3204,3204,3204,3204,3204,28.571430206298828,25,22.72727394104004,20,81.81818389892578,4.545454502105713,4.761904716491699,4.545454502105713,10.047579765319824,8589934592,2147483648,6026330112,407961600
206,1771998904584,3204,3204,3204,3204,3204,3204,3204,3204,40,38.095237731933594,35,28.571430206298828,38.095237731933594,19.047618865966797,4.761904716491699,4.545454502105713,10.047579765319824,8589934592,2147483648,6008733696,407961600
208,1771998904791,3204,3204,3204,3204,3204,3204,3204,3204,20,20,14.285715103149414,14.285715103149414,90.47618865966797,15.000000953674316,4.761904716491699,5,10.047579765319824,8589934592,2147483648,6008733696,407961600
204,1771998905000,3204,3204,3204,3204,3204,3204,3204,3204,38.095237731933594,28.571430206298828,28.571430206298828,20,55,4.545454502105713,0,0,10.047579765319824,8589934592,2147483648,6001721344,407961600
209,1771998905204,3204,3204,3204,3204,3204,3204,3204,3204,35,40,30.000001907348633,38.095237731933594,5,0,0,4.761904716491699,9.254861831665039,8589934592,2147483648,6012387328,407961600
203,1771998905414,3204,3204,3204,3204,3204,3204,3204,3204,42.85714340209961,38.095237731933594,28.571430206298828,28.571430206298828,47.619049072265625,0,4.545454502105713,0,9.254861831665039,8589934592,2147483648,6024855552,407961600
206,1771998905617,3204,3204,3204,3204,3204,3204,3204,3204,45,45,40,30.000001907348633,35,5,4.761904716491699,0,9.254861831665039,8589934592,2147483648,6031785984,407961600
206,1771998905824,3204,3204,3204,3204,3204,3204,3204,3204,28.571430206298828,28.571430206298828,23.809524536132813,25,66.66667175292969,13.043478012084961,9.523809432983398,19.047618865966797,9.254861831665039,8589934592,2147483648,6040666112,407961600
204,1771998906031,3204,3204,3204,3204,3204,3204,3204,3204,25,28.571430206298828,23.809524536132813,22.72727394104004,71.42857360839844,0,0,0,10.574745178222656,8589934592,2147483648,6034554880,407961600
200,1771998906236,3204,3204,3204,3204,3204,3204,3204,3204,28.571430206298828,21.052631378173828,26.3157901763916,15.789472579956055,5.263157844543457,0,0,0,10.574745178222656,8589934592,2147483648,6032310272,407961600
206,1771998906436,3204,3204,3204,3204,3204,3204,3204,3204,40,33.333335876464844,38.095237731933594,28.571430206298828,5,5,5,5,10.574745178222656,8589934592,2147483648,6032834560,407961600
209,1771998906643,3204,3204,3204,3204,3204,3204,3204,3204,40,36.842105865478516,35,30.000001907348633,19.047618865966797,5,5,4.761904716491699,10.574745178222656,8589934592,2147483648,6044057600,407961600
205,1771998906853,3204,3204,3204,3204,3204,3204,3204,3204,28.571430206298828,33.333335876464844,23.809524536132813,28.571430206298828,28.571430206298828,42.85714340209961,13.636363983154297,5,10.574745178222656,8589934592,2147483648,6032572416,407961600
206,1771998907059,3204,3204,3204,3204,3204,3204,3204,3204,25,28.571430206298828,25,20,0,9.090909004211426,0,4.545454502105713,8.764056205749512,8589934592,2147483648,6032719872,407961600
205,1771998907266,3204,3204,3204,3204,3204,3204,3204,3204,28.571430206298828,23.809524536132813,23.809524536132813,19.047618865966797,4.761904716491699,4.761904716491699,4.761904716491699,0,8.764056205749512,8589934592,2147483648,6028869632,407961600
208,1771998907472,3204,3204,3204,3204,3204,3204,3204,3204,23.809524536132813,25,28.571430206298828,19.047618865966797,4.761904716491699,0,0,0,8.764056205749512,8589934592,2147483648,6022643712,407961600
206,1771998907681,3204,3204,3204,3204,3204,3204,3204,3204,20,28.571430206298828,20,15.000000953674316,4.761904716491699,23.809524536132813,0,0,8.764056205749512,8589934592,2147483648,6022119424,407961600
209,1771998907888,3204,3204,3204,3204,3204,3204,3204,3204,28.571430206298828,28.571430206298828,27.272727966308594,20,0,0,0,0,8.764056205749512,8589934592,2147483648,6022152192,407961600
199,1771998908097,3204,3204,3204,3204,3204,3204,3204,3204,28.571430206298828,30.000001907348633,21.052631378173828,22.72727394104004,0,0,0,0,6.2500224113464355,8589934592,2147483648,6017384448,407961600
203,1771998908297,3204,3204,3204,3204,3204,3204,3204,3204,22.22222328186035,33.333335876464844,20,15.789472579956055,9.523809432983398,5,0,5,6.2500224113464355,8589934592,2147483648,6017466368,407961600
208,1771998908502,3204,3204,3204,3204,3204,3204,3204,3204,31.81818199157715,21.052631378173828,23.809524536132813,23.809524536132813,0,0,4.761904716491699,0,6.2500224113464355,8589934592,2147483648,6016090112,407961600
205,1771998908711,3204,3204,3204,3204,3204,3204,3204,3204,28.571430206298828,28.571430206298828,25,23.809524536132813,0,0,0,0,6.2500224113464355,8589934592,2147483648,6016090112,407961600
208,1771998908917,3204,3204,3204,3204,3204,3204,3204,3204,30.000001907348633,35,33.333335876464844,25,23.809524536132813,18.18181800842285,9.523809432983398,5,6.2500224113464355,8589934592,2147483648,6016090112,407961600
206,1771998909126,3204,3204,3204,3204,3204,3204,3204,3204,40,47.619049072265625,38.095237731933594,38.095237731933594,14.285715103149414,4.761904716491699,0,9.090909004211426,5.354204177856445,8589934592,2147483648,6016253952,407961600
207,1771998909333,3204,3204,3204,3204,3204,3204,3204,3204,33.333335876464844,33.333335876464844,30.000001907348633,23.809524536132813,0,0,4.761904716491699,0,5.354204177856445,8589934592,2147483648,6016122880,407961600
199,1771998909541,3204,3204,3204,3204,3204,3204,3204,3204,25,23.809524536132813,22.72727394104004,15.000000953674316,4.761904716491699,4.761904716491699,0,4.761904716491699,5.354204177856445,8589934592,2147483648,6015205376,407961600
206,1771998909741,3204,3204,3204,3204,3204,3204,3204,3204,28.571430206298828,25,15.000000953674316,15.000000953674316,14.285715103149414,5.263157844543457,9.523809432983398,0,5.354204177856445,8589934592,2147483648,6033244160,407961600
209,1771998909948,3204,3204,3204,3204,3204,3204,3204,3204,35,25,21.052631378173828,23.809524536132813,25,27.272727966308594,20,19.047618865966797,5.354204177856445,8589934592,2147483648,6033244160,407961600
201,1771998910158,3204,3204,3204,3204,3204,3204,3204,3204,23.809524536132813,23.809524536132813,18.18181800842285,10,4.761904716491699,4.761904716491699,0,4.761904716491699,6.109334468841553,8589934592,2147483648,6019727360,407961600
201,1771998910360,3204,3204,3204,3204,3204,3204,3204,3204,40,33.333335876464844,26.3157901763916,28.571430206298828,0,5,9.523809432983398,0,6.109334468841553,8589934592,2147483648,6021677056,407961600
209,1771998910562,3204,3204,3204,3204,3204,3204,3204,3204,25,21.052631378173828,25,15.000000953674316,5,0,0,4.761904716491699,6.109334468841553,8589934592,2147483648,6021709824,407961600
207,1771998910772,3204,3204,3204,3204,3204,3204,3204,3204,23.809524536132813,23.809524536132813,19.047618865966797,19.047618865966797,4.761904716491699,5,4.761904716491699,4.761904716491699,6.109334468841553,8589934592,2147483648,6023790592,407961600
208,1771998910980,3204,3204,3204,3204,3204,3204,3204,3204,30.000001907348633,28.571430206298828,31.81818199157715,28.571430206298828,27.272727966308594,13.636363983154297,9.523809432983398,0,6.109334468841553,8589934592,2147483648,6029180928,407961600
209,1771998911189,3204,3204,3204,3204,3204,3204,3204,3204,28.571430206298828,28.571430206298828,15.789472579956055,19.047618865966797,10,14.285715103149414,0,0,6.335212707519531,8589934592,2147483648,6018908160,407961600
206,1771998911399,3204,3204,3204,3204,3204,3204,3204,3204,31.81818199157715,25,27.272727966308594,20,4.761904716491699,4.761904716491699,0,4.761904716491699,6.335212707519531,8589934592,2147483648,6018449408,407961600
207,1771998911606,3204,3204,3204,3204,3204,3204,3204,3204,20,23.809524536132813,19.047618865966797,23.809524536132813,4.761904716491699,0,9.523809432983398,4.761904716491699,6.335212707519531,8589934592,2147483648,6018449408,407961600
209,1771998911814,3204,3204,3204,3204,3204,3204,3204,3204,38.095237731933594,33.333335876464844,25,19.047618865966797,0,4.761904716491699,0,0,6.335212707519531,8589934592,2147483648,6018449408,407961600
208,1771998912024,3204,3204,3204,3204,3204,3204,3204,3204,25,15.000000953674316,22.72727394104004,15.000000953674316,9.090909004211426,4.761904716491699,0,0,6.335212707519531,8589934592,2147483648,6018449408,407961600
207,1771998912233,3204,3204,3204,3204,3204,3204,3204,3204,28.571430206298828,27.272727966308594,19.047618865966797,23.809524536132813,5,0,4.761904716491699,4.545454502105713,5.779714107513428,8589934592,2147483648,6017318912,407961600
206,1771998912442,3204,3204,3204,3204,3204,3204,3204,3204,25,25,19.047618865966797,19.047618865966797,0,0,0,0,5.779714107513428,8589934592,2147483648,6016335872,407961600
209,1771998912649,3204,3204,3204,3204,3204,3204,3204,3204,31.81818199157715,28.571430206298828,26.3157901763916,25,9.523809432983398,28.571430206298828,4.761904716491699,0,5.779714107513428,8589934592,2147483648,6015893504,407961600
200,1771998912859,3204,3204,3204,3204,3204,3204,3204,3204,25,19.047618865966797,18.18181800842285,19.047618865966797,9.090909004211426,9.090909004211426,4.761904716491699,4.761904716491699,5.779714107513428,8589934592,2147483648,6016008192,407961600
201,1771998913060,3204,3204,3204,3204,3204,3204,3204,3204,38.095237731933594,26.3157901763916,30.000001907348633,28.571430206298828,5.555555820465088,5,4.761904716491699,0,5.639379501342773,8589934592,2147483648,6025838592,407961600
207,1771998913262,3204,3204,3204,3204,3204,3204,3204,3204,63.15789031982422,66.66667175292969,63.15789031982422,65,28.571430206298828,15.000000953674316,10,9.090909004211426,5.639379501342773,8589934592,2147483648,6017531904,407961600
209,1771998913470,3204,3204,3204,3204,3204,3204,3204,3204,30.000001907348633,35,28.571430206298828,20,4.761904716491699,5,4.761904716491699,0,5.639379501342773,8589934592,2147483648,6018088960,407961600
207,1771998913681,3204,3204,3204,3204,3204,3204,3204,3204,71.42857360839844,68.18181610107422,55,57.142860412597656,10,9.523809432983398,5,4.761904716491699,5.639379501342773,8589934592,2147483648,6018646016,407961600
208,1771998913889,3204,3204,3204,3204,3204,3204,3204,3204,63.6363639831543,55,54.54545593261719,45.45454788208008,17.39130401611328,4.761904716491699,4.761904716491699,4.761904716491699,5.639379501342773,8589934592,2147483648,6014058496,407961600
207,1771998914098,3204,3204,3204,3204,3204,3204,3204,3204,40,40,28.571430206298828,35,5,9.523809432983398,4.761904716491699,4.761904716491699,5.454495906829834,8589934592,2147483648,6014287872,407961600
201,1771998914306,3204,3204,3204,3204,3204,3204,3204,3204,47.619049072265625,45.45454788208008,42.85714340209961,35,5,13.636363983154297,5,4.761904716491699,5.454495906829834,8589934592,2147483648,6014337024,407961600
206,1771998914507,3204,3204,3204,3204,3204,3204,3204,3204,25,25,30.000001907348633,25,14.285715103149414,21.052631378173828,31.81818199157715,5,5.454495906829834,8589934592,2147483648,6014369792,407961600
203,1771998914715,3204,3204,3204,3204,3204,3204,3204,3204,23.809524536132813,25,15.000000953674316,18.18181800842285,35,66.66667175292969,0,0,5.454495906829834,8589934592,2147483648,6014418944,407961600
209,1771998914919,3204,3204,3204,3204,3204,3204,3204,3204,25,20,19.047618865966797,15.000000953674316,15.000000953674316,28.571430206298828,4.761904716491699,50,5.454495906829834,8589934592,2147483648,6036242432,407961600
204,1771998915129,3204,3204,3204,3204,3204,3204,3204,3204,28.571430206298828,19.047618865966797,20,15.000000953674316,42.85714340209961,38.095237731933594,0,15.000000953674316,6.617928981781006,8589934592,2147483648,6023708672,407961600
201,1771998915333,3204,3204,3204,3204,3204,3204,3204,3204,40,35,33.333335876464844,30.000001907348633,15.000000953674316,50,25,33.333335876464844,6.617928981781006,8589934592,2147483648,6037028864,407961600
209,1771998915535,3204,3204,3204,3204,3204,3204,3204,3204,23.809524536132813,28.571430206298828,15.789472579956055,19.047618865966797,0,90,0,0,6.617928981781006,8589934592,2147483648,6022791168,407961600
199,1771998915745,3204,3204,3204,3204,3204,3204,3204,3204,25,19.047618865966797,19.047618865966797,19.047618865966797,22.72727394104004,25,0,0,6.617928981781006,8589934592,2147483648,6022594560,407961600
209,1771998915946,3204,3204,3204,3204,3204,3204,3204,3204,30.000001907348633,15.000000953674316,20,20,15.000000953674316,0,0,85.71428680419922,6.617928981781006,8589934592,2147483648,6024511488,407961600
208,1771998916156,3204,3204,3204,3204,3204,3204,3204,3204,23.809524536132813,23.809524536132813,22.72727394104004,15.000000953674316,4.761904716491699,13.636363983154297,0,80.95238494873047,8.199087142944336,8589934592,2147483648,6033539072,407961600
208,1771998916364,3204,3204,3204,3204,3204,3204,3204,3204,23.809524536132813,25,20,18.18181800842285,28.571430206298828,14.285715103149414,0,0,8.199087142944336,8589934592,2147483648,6018105344,407961600
204,1771998916573,3204,3204,3204,3204,3204,3204,3204,3204,20,22.72727394104004,19.047618865966797,14.285715103149414,38.095237731933594,23.809524536132813,27.272727966308594,30.000001907348633,8.199087142944336,8589934592,2147483648,6017269760,407961600
204,1771998916778,3204,3204,3204,3204,3204,3204,3204,3204,23.809524536132813,21.052631378173828,20,20,45,65,0,4.761904716491699,8.199087142944336,8589934592,2147483648,6016106496,407961600
207,1771998916983,3204,3204,3204,3204,3204,3204,3204,3204,20,25,20,10,4.761904716491699,30.000001907348633,0,4.761904716491699,8.199087142944336,8589934592,2147483648,6016172032,407961600
201,1771998917191,3204,3204,3204,3204,3204,3204,3204,3204,23.809524536132813,19.047618865966797,22.72727394104004,19.047618865966797,0,86.36363983154297,14.285715103149414,0,10.493481636047363,8589934592,2147483648,6016237568,407961600
204,1771998917393,3204,3204,3204,3204,3204,3204,3204,3204,35,33.333335876464844,26.3157901763916,25,30.000001907348633,57.894737243652344,35,0,10.493481636047363,8589934592,2147483648,6023135232,407961600
209,1771998917598,3204,3204,3204,3204,3204,3204,3204,3204,30.000001907348633,25,28.571430206298828,20,28.571430206298828,47.619049072265625,23.809524536132813,5,10.493481636047363,8589934592,2147483648,6014124032,407961600
206,1771998917808,3204,3204,3204,3204,3204,3204,3204,3204,23.809524536132813,23.809524536132813,19.047618865966797,18.18181800842285,71.42857360839844,38.095237731933594,0,0,10.493481636047363,8589934592,2147483648,6014189568,407961600
208,1771998918015,3204,3204,3204,3204,3204,3204,3204,3204,25,25,25,15.000000953674316,23.809524536132813,30.000001907348633,23.809524536132813,23.809524536132813,10.493481636047363,8589934592,2147483648,6014271488,407961600
200,1771998918224,3204,3204,3204,3204,3204,3204,3204,3204,23.809524536132813,19.047618865966797,19.047618865966797,19.047618865966797,4.761904716491699,4.761904716491699,9.523809432983398,61.904762268066406,9.249412536621094,8589934592,2147483648,6014517248,407961600
206,1771998918426,3204,3204,3204,3204,3204,3204,3204,3204,28.571430206298828,20,19.047618865966797,15.000000953674316,5.263157844543457,19.047618865966797,0,73.68421173095703,9.249412536621094,8589934592,2147483648,6014550016,407961600
206,1771998918632,3204,3204,3204,3204,3204,3204,3204,3204,25,23.809524536132813,25,19.047618865966797,57.142860412597656,35,14.285715103149414,4.761904716491699,9.249412536621094,8589934592,2147483648,6014255104,407961600
209,1771998918839,3204,3204,3204,3204,3204,3204,3204,3204,25,21.052631378173828,20,15.789472579956055,0,4.761904716491699,31.57894515991211,4.761904716491699,9.249412536621094,8589934592,2147483648,6014451712,407961600
208,1771998919049,3204,3204,3204,3204,3204,3204,3204,3204,23.809524536132813,27.272727966308594,19.047618865966797,18.18181800842285,40.90909194946289,60.000003814697266,13.043478012084961,4.545454502105713,10.790538787841797,8589934592,2147483648,6013419520,407961600
206,1771998919257,3204,3204,3204,3204,3204,3204,3204,3204,25,20,23.809524536132813,14.285715103149414,4.761904716491699,38.095237731933594,20,45,10.790538787841797,8589934592,2147483648,6013419520,407961600
209,1771998919465,3204,3204,3204,3204,3204,3204,3204,3204,36.3636360168457,33.333335876464844,20,20,15.000000953674316,40.90909194946289,14.285715103149414,4.761904716491699,10.790538787841797,8589934592,2147483648,6023299072,407961600
208,1771998919675,3204,3204,3204,3204,3204,3204,3204,3204,25,23.809524536132813,23.809524536132813,22.72727394104004,23.809524536132813,65,28.571430206298828,0,10.790538787841797,8589934592,2147483648,6014042112,407961600
207,1771998919884,3204,3204,3204,3204,3204,3204,3204,3204,23.809524536132813,19.047618865966797,19.047618865966797,15.000000953674316,9.523809432983398,40.90909194946289,38.095237731933594,18.18181800842285,10.790538787841797,8589934592,2147483648,6019186688,407961600
206,1771998920091,3204,3204,3204,3204,3204,3204,3204,3204,25,25,23.809524536132813,15.000000953674316,9.523809432983398,0,20,10.526315689086914,9.828814506530762,8589934592,2147483648,6019481600,407961600
205,1771998920298,3204,3204,3204,3204,3204,3204,3204,3204,28.571430206298828,19.047618865966797,19.047618865966797,19.047618865966797,0,60.000003814697266,42.85714340209961,0,9.828814506530762,8589934592,2147483648,6021070848,407961600
202,1771998920504,3204,3204,3204,3204,3204,3204,3204,3204,25,25,20,19.047618865966797,0,33.333335876464844,0,0,9.828814506530762,8589934592,2147483648,6010011648,407961600
206,1771998920706,3204,3204,3204,3204,3204,3204,3204,3204,30.000001907348633,30.000001907348633,15.789472579956055,15.000000953674316,90,10,0,0,9.828814506530762,8589934592,2147483648,6018007040,407961600
207,1771998920913,3204,3204,3204,3204,3204,3204,3204,3204,33.333335876464844,23.809524536132813,23.809524536132813,19.047618865966797,71.42857360839844,0,0,0,9.828814506530762,8589934592,2147483648,6011748352,407961600
204,1771998921121,3204,3204,3204,3204,3204,3204,3204,3204,30.000001907348633,23.809524536132813,23.809524536132813,20,15.000000953674316,9.090909004211426,4.761904716491699,4.761904716491699,10.337394714355469,8589934592,2147483648,6011961344,407961600
202,1771998921325,3204,3204,3204,3204,3204,3204,3204,3204,28.571430206298828,21.052631378173828,20,15.000000953674316,90,10,0,0,10.337394714355469,8589934592,2147483648,6027345920,407961600
199,1771998921528,3204,3204,3204,3204,3204,3204,3204,3204,31.57894515991211,30.000001907348633,33.333335876464844,23.809524536132813,61.904762268066406,0,0,0,10.337394714355469,8589934592,2147483648,6008930304,407961600
204,1771998921729,3204,3204,3204,3204,3204,3204,3204,3204,40,35,30.000001907348633,30.000001907348633,36.842105865478516,35,20,0,10.337394714355469,8589934592,2147483648,6005276672,407961600
205,1771998921935,3204,3204,3204,3204,3204,3204,3204,3204,28.571430206298828,23.809524536132813,15.789472579956055,14.285715103149414,80.95238494873047,5,0,19.047618865966797,10.337394714355469,8589934592,2147483648,6019055616,407961600
201,1771998922141,3204,3204,3204,3204,3204,3204,3204,3204,30.000001907348633,30.000001907348633,23.809524536132813,21.052631378173828,15.000000953674316,0,0,0,9.369873046875,8589934592,2147483648,5999181824,407961600
209,1771998922343,3204,3204,3204,3204,3204,3204,3204,3204,33.333335876464844,28.571430206298828,20,20,71.42857360839844,5,0,0,9.369873046875,8589934592,2147483648,6007980032,407961600
204,1771998922552,3204,3204,3204,3204,3204,3204,3204,3204,28.571430206298828,28.571430206298828,25,19.047618865966797,95,13.636363983154297,0,0,9.369873046875,8589934592,2147483648,6002180096,407961600
209,1771998922758,3204,3204,3204,3204,3204,3204,3204,3204,47.36842346191406,36.842105865478516,47.619049072265625,61.904762268066406,33.333335876464844,36.842105865478516,31.81818199157715,19.047618865966797,9.369873046875,8589934592,2147483648,6009290752,407961600
208,1771998922968,3204,3204,3204,3204,3204,3204,3204,3204,42.85714340209961,33.333335876464844,25,20,14.285715103149414,4.761904716491699,0,0,9.369873046875,8589934592,2147483648,6004736000,407961600
208,1771998923176,3204,3204,3204,3204,3204,3204,3204,3204,28.571430206298828,28.571430206298828,22.72727394104004,19.047618865966797,4.761904716491699,4.761904716491699,4.761904716491699,0,10.601579666137695,8589934592,2147483648,6003146752,407961600
209,1771998923385,3204,3204,3204,3204,3204,3204,3204,3204,33.333335876464844,25,25,33.333335876464844,38.095237731933594,4.761904716491699,0,0,10.601579666137695,8589934592,2147483648,6002343936,407961600
201,1771998923595,3204,3204,3204,3204,3204,3204,3204,3204,25,15.000000953674316,19.047618865966797,14.285715103149414,28.571430206298828,0,0,0,10.601579666137695,8589934592,2147483648,6002409472,407961600
209,1771998923796,3204,3204,3204,3204,3204,3204,3204,3204,35,38.095237731933594,35,30.000001907348633,21.052631378173828,5,5,5,10.601579666137695,8589934592,2147483648,6012911616,407961600
209,1771998924006,3204,3204,3204,3204,3204,3204,3204,3204,23.809524536132813,28.571430206298828,18.18181800842285,19.047618865966797,19.047618865966797,23.809524536132813,0,0,10.601579666137695,8589934592,2147483648,6003146752,407961600
207,1771998924216,3204,3204,3204,3204,3204,3204,3204,3204,22.72727394104004,19.047618865966797,15.000000953674316,19.047618865966797,4.761904716491699,4.761904716491699,0,0,9.559392929077148,8589934592,2147483648,6002671616,407961600
207,1771998924424,3204,3204,3204,3204,3204,3204,3204,3204,30.000001907348633,28.571430206298828,20,19.047618865966797,0,4.545454502105713,4.761904716491699,9.090909004211426,9.559392929077148,8589934592,2147483648,6002720768,407961600
205,1771998924632,3204,3204,3204,3204,3204,3204,3204,3204,30.000001907348633,25,23.809524536132813,14.285715103149414,4.761904716491699,0,0,0,9.559392929077148,8589934592,2147483648,6002704384,407961600
208,1771998924839,3204,3204,3204,3204,3204,3204,3204,3204,25,27.272727966308594,23.809524536132813,20,4.761904716491699,4.761904716491699,4.761904716491699,0,9.559392929077148,8589934592,2147483648,6002737152,407961600
207,1771998925048,3204,3204,3204,3204,3204,3204,3204,3204,28.571430206298828,20,19.047618865966797,10,14.285715103149414,15.000000953674316,9.523809432983398,9.523809432983398,6.452627182006836,8589934592,2147483648,6006816768,407961600
206,1771998925256,3204,3204,3204,3204,3204,3204,3204,3204,30.000001907348633,28.571430206298828,25,27.272727966308594,0,0,0,0,6.452627182006836,8589934592,2147483648,6003228672,407961600
206,1771998925462,3204,3204,3204,3204,3204,3204,3204,3204,27.272727966308594,25,23.809524536132813,15.000000953674316,0,0,0,0,6.452627182006836,8589934592,2147483648,6003179520,407961600
203,1771998925669,3204,3204,3204,3204,3204,3204,3204,3204,33.333335876464844,25,23.809524536132813,25,5,4.761904716491699,0,0,6.452627182006836,8589934592,2147483648,6003785728,407961600
209,1771998925872,3204,3204,3204,3204,3204,3204,3204,3204,36.842105865478516,38.095237731933594,26.3157901763916,28.571430206298828,4.761904716491699,0,0,0,6.452627182006836,8589934592,2147483648,6003965952,407961600
206,1771998926082,3204,3204,3204,3204,3204,3204,3204,3204,33.333335876464844,25,31.81818199157715,25,33.333335876464844,14.285715103149414,0,5,5.747304439544678,8589934592,2147483648,6003965952,407961600
204,1771998926289,3204,3204,3204,3204,3204,3204,3204,3204,33.333335876464844,23.809524536132813,19.047618865966797,19.047618865966797,5,4.761904716491699,4.761904716491699,0,5.747304439544678,8589934592,2147483648,6003965952,407961600
200,1771998926494,3204,3204,3204,3204,3204,3204,3204,3204,28.571430206298828,30.000001907348633,20,19.047618865966797,0,0,0,0,5.747304439544678,8589934592,2147483648,6003965952,407961600
202,1771998926695,3204,3204,3204,3204,3204,3204,3204,3204,21.052631378173828,25,15.789472579956055,20,9.523809432983398,4.761904716491699,0,0,5.747304439544678,8589934592,2147483648,5999116288,407961600
207,1771998926898,3204,3204,3204,3204,3204,3204,3204,3204,25,28.571430206298828,28.571430206298828,20,0,0,0,0,5.747304439544678,8589934592,2147483648,5996642304,407961600
207,1771998927106,3204,3204,3204,3204,3204,3204,3204,3204,23.809524536132813,20,23.809524536132813,14.285715103149414,4.761904716491699,4.761904716491699,4.761904716491699,4.761904716491699,5.90543794631958,8589934592,2147483648,5996625920,407961600
208,1771998927313,3204,3204,3204,3204,3204,3204,3204,3204,20,20,20,20,5,4.761904716491699,4.761904716491699,0,5.90543794631958,8589934592,2147483648,5996625920,407961600
209,1771998927522,3204,3204,3204,3204,3204,3204,3204,3204,33.333335876464844,23.809524536132813,23.809524536132813,20,0,0,0,0,5.90543794631958,8589934592,2147483648,5997297664,407961600
206,1771998927732,3204,3204,3204,3204,3204,3204,3204,3204,28.571430206298828,28.571430206298828,23.809524536132813,23.809524536132813,9.090909004211426,23.809524536132813,4.761904716491699,4.545454502105713,5.90543794631958,8589934592,2147483648,5997150208,407961600
201,1771998927939,3204,3204,3204,3204,3204,3204,3204,3204,28.571430206298828,19.047618865966797,19.047618865966797,23.809524536132813,4.761904716491699,4.761904716491699,0,0,5.90543794631958,8589934592,2147483648,5996167168,407961600
209,1771998928141,3204,3204,3204,3204,3204,3204,3204,3204,31.57894515991211,38.095237731933594,26.3157901763916,28.571430206298828,25,10.526315689086914,4.761904716491699,0,5.671322822570801,8589934592,2147483648,6006013952,407961600
204,1771998928351,3204,3204,3204,3204,3204,3204,3204,3204,31.81818199157715,25,23.809524536132813,20,15.000000953674316,17.39130401611328,4.761904716491699,9.090909004211426,5.671322822570801,8589934592,2147483648,5997314048,407961600
208,1771998928556,3204,3204,3204,3204,3204,3204,3204,3204,21.052631378173828,15.000000953674316,23.809524536132813,10,4.761904716491699,0,0,4.761904716491699,5.671322822570801,8589934592,2147483648,5997264896,407961600
209,1771998928764,3204,3204,3204,3204,3204,3204,3204,3204,31.81818199157715,23.809524536132813,19.047618865966797,19.047618865966797,4.761904716491699,4.761904716491699,4.761904716491699,0,5.671322822570801,8589934592,2147483648,5997576192,407961600
209,1771998928974,3204,3204,3204,3204,3204,3204,3204,3204,25,27.272727966308594,25,19.047618865966797,9.523809432983398,5,0,4.545454502105713,5.671322822570801,8589934592,2147483648,5997920256,407961600
205,1771998929184,3204,3204,3204,3204,3204,3204,3204,3204,23.809524536132813,25,19.047618865966797,18.18181800842285,5,4.761904716491699,4.761904716491699,0,5.505981922149658,8589934592,2147483648,5997674496,407961600
205,1771998929390,3204,3204,3204,3204,3204,3204,3204,3204,23.809524536132813,25,23.809524536132813,20,0,0,0,0,5.505981922149658,8589934592,2147483648,5997674496,407961600
209,1771998929596,3204,3204,3204,3204,3204,3204,3204,3204,28.571430206298828,20,10.526315689086914,15.000000953674316,13.043478012084961,9.523809432983398,4.761904716491699,5,5.505981922149658,8589934592,2147483648,5997674496,407961600
203,1771998929806,3204,3204,3204,3204,3204,3204,3204,3204,25,22.72727394104004,19.047618865966797,14.285715103149414,0,4.761904716491699,0,4.545454502105713,5.505981922149658,8589934592,2147483648,5997477888,407961600
203,1771998930010,3204,3204,3204,3204,3204,3204,3204,3204,25,20,19.047618865966797,15.000000953674316,10,14.285715103149414,5,0,5.505981922149658,8589934592,2147483648,6020300800,407961600
209,1771998930214,3204,3204,3204,3204,3204,3204,3204,3204,30.000001907348633,30.000001907348633,28.571430206298828,30.000001907348633,10,19.047618865966797,13.636363983154297,4.761904716491699,5.612034320831299,8589934592,2147483648,6030540800,407961600
209,1771998930424,3204,3204,3204,3204,3204,3204,3204,3204,31.81818199157715,28.571430206298828,20,31.81818199157715,23.809524536132813,14.285715103149414,0,4.761904716491699,5.612034320831299,8589934592,2147483648,6030540800,407961600
207,1771998930633,3204,3204,3204,3204,3204,3204,3204,3204,25,20,19.047618865966797,19.047618865966797,4.761904716491699,0,0,0,5.612034320831299,8589934592,2147483648,6030540800,407961600
208,1771998930841,3204,3204,3204,3204,3204,3204,3204,3204,23.809524536132813,23.809524536132813,23.809524536132813,20,14.285715103149414,14.285715103149414,5,5,5.612034320831299,8589934592,2147483648,6000476160,407961600
209,1771998931050,3204,3204,3204,3204,3204,3204,3204,3204,23.809524536132813,28.571430206298828,23.809524536132813,15.000000953674316,4.761904716491699,0,0,0,5.344588756561279,8589934592,2147483648,6001524736,407961600
209,1771998931260,3204,3204,3204,3204,3204,3204,3204,3204,23.809524536132813,19.047618865966797,20,18.18181800842285,0,0,0,0,5.344588756561279,8589934592,2147483648,5993332736,407961600
204,1771998931470,3204,3204,3204,3204,3204,3204,3204,3204,33.333335876464844,28.571430206298828,22.72727394104004,19.047618865966797,4.761904716491699,4.761904716491699,4.761904716491699,4.761904716491699,5.344588756561279,8589934592,2147483648,5993136128,407961600
208,1771998931675,3204,3204,3204,3204,3204,3204,3204,3204,30.000001907348633,20,20,15.000000953674316,0,4.761904716491699,0,0,5.344588756561279,8589934592,2147483648,5993283584,407961600
209,1771998931883,3204,3204,3204,3204,3204,3204,3204,3204,30.000001907348633,28.571430206298828,20,15.000000953674316,4.761904716491699,0,4.545454502105713,0,5.344588756561279,8589934592,2147483648,5992448000,407961600
206,1771998932093,3204,3204,3204,3204,3204,3204,3204,3204,33.333335876464844,25,23.809524536132813,22.72727394104004,4.761904716491699,4.761904716491699,0,4.545454502105713,5.951591491699219,8589934592,2147483648,5986615296,407961600
207,1771998932300,3204,3204,3204,3204,3204,3204,3204,3204,30.000001907348633,31.81818199157715,33.333335876464844,28.571430206298828,4.761904716491699,0,0,0,5.951591491699219,8589934592,2147483648,5986762752,407961600
199,1771998932507,3204,3204,3204,3204,3204,3204,3204,3204,33.333335876464844,30.000001907348633,25,25,28.571430206298828,19.047618865966797,5,13.636363983154297,5.951591491699219,8589934592,2147483648,5985779712,407961600
209,1771998932708,3204,3204,3204,3204,3204,3204,3204,3204,28.571430206298828,28.571430206298828,28.571430206298828,20,25,5,0,0,5.951591491699219,8589934592,2147483648,5985845248,407961600
209,1771998932918,3204,3204,3204,3204,3204,3204,3204,3204,25,25,19.047618865966797,19.047618865966797,0,4.761904716491699,4.545454502105713,0,5.951591491699219,8589934592,2147483648,5985746944,407961600
203,1771998933127,3204,3204,3204,3204,3204,3204,3204,3204,28.571430206298828,28.571430206298828,25,19.047618865966797,4.761904716491699,0,0,0,5.413177967071533,8589934592,2147483648,5986615296,407961600
207,1771998933331,3204,3204,3204,3204,3204,3204,3204,3204,26.3157901763916,26.3157901763916,20,20,0,0,0,0,5.413177967071533,8589934592,2147483648,5986353152,407961600
201,1771998933539,3204,3204,3204,3204,3204,3204,3204,3204,27.272727966308594,28.571430206298828,23.809524536132813,19.047618865966797,5,5,4.545454502105713,4.761904716491699,5.413177967071533,8589934592,2147483648,5986369536,407961600
209,1771998933741,3204,3204,3204,3204,3204,3204,3204,3204,26.3157901763916,25,23.809524536132813,15.789472579956055,0,4.761904716491699,0,0,5.413177967071533,8589934592,2147483648,5987647488,407961600
201,1771998933951,3204,3204,3204,3204,3204,3204,3204,3204,40.90909194946289,40.90909194946289,38.095237731933594,33.333335876464844,0,0,0,0,5.413177967071533,8589934592,2147483648,5991710720,407961600
204,1771998934153,3204,3204,3204,3204,3204,3204,3204,3204,35,30.000001907348633,26.3157901763916,28.571430206298828,28.571430206298828,25,21.052631378173828,20,5.795915126800537,8589934592,2147483648,5991792640,407961600
206,1771998934358,3204,3204,3204,3204,3204,3204,3204,3204,25,15.789472579956055,14.285715103149414,19.047618865966797,4.761904716491699,0,0,0,5.795915126800537,8589934592,2147483648,5991809024,407961600
207,1771998934565,3204,3204,3204,3204,3204,3204,3204,3204,38.095237731933594,31.81818199157715,35,25,21.052631378173828,10,5,0,5.795915126800537,8589934592,2147483648,6003589120,407961600
209,1771998934772,3204,3204,3204,3204,3204,3204,3204,3204,20,25,27.272727966308594,23.809524536132813,18.18181800842285,4.761904716491699,4.545454502105713,4.761904716491699,5.795915126800537,8589934592,2147483648,5991776256,407961600
206,1771998934982,3204,3204,3204,3204,3204,3204,3204,3204,57.142860412597656,47.619049072265625,50,50,4.761904716491699,9.523809432983398,5,0,5.795915126800537,8589934592,2147483648,6023135232,407961600
200,1771998935189,3204,3204,3204,3204,3204,3204,3204,3204,57.142860412597656,45,45,40.90909194946289,5,9.090909004211426,4.761904716491699,5,5.314196586608887,8589934592,2147483648,6022496256,407961600
209,1771998935390,3204,3204,3204,3204,3204,3204,3204,3204,42.105262756347656,40,38.095237731933594,31.57894515991211,0,0,0,0,5.314196586608887,8589934592,2147483648,6008291328,407961600
209,1771998935599,3204,3204,3204,3204,3204,3204,3204,3204,31.81818199157715,27.272727966308594,30.000001907348633,19.047618865966797,0,0,0,0,5.314196586608887,8589934592,2147483648,6008569856,407961600
209,1771998935809,3204,3204,3204,3204,3204,3204,3204,3204,40,30.000001907348633,28.571430206298828,23.809524536132813,47.619049072265625,5,4.761904716491699,0,5.314196586608887,8589934592,2147483648,6010863616,407961600
205,1771998936019,3204,3204,3204,3204,3204,3204,3204,3204,28.571430206298828,28.571430206298828,23.809524536132813,19.047618865966797,10,9.523809432983398,4.545454502105713,0,5.314196586608887,8589934592,2147483648,6010077184,407961600
207,1771998936224,3204,3204,3204,3204,3204,3204,3204,3204,25,25,25,23.809524536132813,27.272727966308594,0,0,0,6.128324031829834,8589934592,2147483648,6006325248,407961600
204,1771998936433,3204,3204,3204,3204,3204,3204,3204,3204,31.81818199157715,23.809524536132813,19.047618865966797,20,19.047618865966797,4.761904716491699,0,4.545454502105713,6.128324031829834,8589934592,2147483648,6009438208,407961600
209,1771998936637,3204,3204,3204,3204,3204,3204,3204,3204,30.000001907348633,35,25,25,5.263157844543457,19.047618865966797,5,0,6.128324031829834,8589934592,2147483648,6019465216,407961600
203,1771998936847,3204,3204,3204,3204,3204,3204,3204,3204,33.333335876464844,33.333335876464844,28.571430206298828,23.809524536132813,22.72727394104004,14.285715103149414,0,0,6.128324031829834,8589934592,2147483648,6005374976,407961600
205,1771998937051,3204,3204,3204,3204,3204,3204,3204,3204,60.000003814697266,52.38095474243164,45,55,0,0,0,0,6.179257869720459,8589934592,2147483648,6012649472,407961600
203,1771998937258,3204,3204,3204,3204,3204,3204,3204,3204,25,20,25,23.809524536132813,0,0,0,0,6.179257869720459,8589934592,2147483648,6010257408,407961600
209,1771998937461,3204,3204,3204,3204,3204,3204,3204,3204,25,30.000001907348633,27.272727966308594,30.000001907348633,23.809524536132813,15.000000953674316,0,4.545454502105713,6.179257869720459,8589934592,2147483648,6010306560,407961600
209,1771998937671,3204,3204,3204,3204,3204,3204,3204,3204,27.272727966308594,28.571430206298828,19.047618865966797,23.809524536132813,5,28.571430206298828,4.761904716491699,0,6.179257869720459,8589934592,2147483648,6010306560,407961600
202,1771998937881,3204,3204,3204,3204,3204,3204,3204,3204,35,19.047618865966797,25,19.047618865966797,4.761904716491699,0,0,0,6.179257869720459,8589934592,2147483648,6010306560,407961600
206,1771998938084,3204,3204,3204,3204,3204,3204,3204,3204,30.000001907348633,21.052631378173828,28.571430206298828,20,0,0,0,0,6.096168041229248,8589934592,2147483648,6011207680,407961600
202,1771998938291,3204,3204,3204,3204,3204,3204,3204,3204,23.809524536132813,28.571430206298828,25,20,0,4.545454502105713,0,0,6.096168041229248,8589934592,2147483648,6011387904,407961600
209,1771998938494,3204,3204,3204,3204,3204,3204,3204,3204,26.3157901763916,30.000001907348633,15.000000953674316,19.047618865966797,4.761904716491699,0,0,0,6.096168041229248,8589934592,2147483648,6011486208,407961600
204,1771998938704,3204,3204,3204,3204,3204,3204,3204,3204,23.809524536132813,31.81818199157715,28.571430206298828,20,0,0,0,0,6.096168041229248,8589934592,2147483648,6011486208,407961600
201,1771998938909,3204,3204,3204,3204,3204,3204,3204,3204,38.095237731933594,35,35,31.81818199157715,35,10,0,0,6.096168041229248,8589934592,2147483648,6011486208,407961600
207,1771998939111,3204,3204,3204,3204,3204,3204,3204,3204,35,30.000001907348633,33.333335876464844,36.842105865478516,10,13.636363983154297,9.523809432983398,5,5.634786128997803,8589934592,2147483648,6011191296,407961600
205,1771998939318,3204,3204,3204,3204,3204,3204,3204,3204,28.571430206298828,25,26.3157901763916,19.047618865966797,0,0,0,0,5.634786128997803,8589934592,2147483648,6025658368,407961600
207,1771998939524,3204,3204,3204,3204,3204,3204,3204,3204,25,23.809524536132813,22.72727394104004,20,5,5,4.761904716491699,4.761904716491699,5.634786128997803,8589934592,2147483648,6026182656,407961600
207,1771998939733,3204,3204,3204,3204,3204,3204,3204,3204,28.571430206298828,30.000001907348633,25,22.72727394104004,0,0,0,0,5.634786128997803,8589934592,2147483648,6026346496,407961600
209,1771998939941,3204,3204,3204,3204,3204,3204,3204,3204,20,22.72727394104004,19.047618865966797,15.789472579956055,0,0,0,0,5.634786128997803,8589934592,2147483648,6026346496,407961600
206,1771998940151,3204,3204,3204,3204,3204,3204,3204,3204,27.272727966308594,23.809524536132813,19.047618865966797,19.047618865966797,14.285715103149414,14.285715103149414,9.523809432983398,9.090909004211426,5.569223403930664,8589934592,2147483648,6030295040,407961600
207,1771998940358,3204,3204,3204,3204,3204,3204,3204,3204,25,21.052631378173828,20,19.047618865966797,0,0,0,0,5.569223403930664,8589934592,2147483648,6015893504,407961600
209,1771998940566,3204,3204,3204,3204,3204,3204,3204,3204,33.333335876464844,27.272727966308594,19.047618865966797,20,10,9.090909004211426,5,0,5.569223403930664,8589934592,2147483648,6017843200,407961600
206,1771998940776,3204,3204,3204,3204,3204,3204,3204,3204,25,30.000001907348633,25,22.72727394104004,9.523809432983398,9.523809432983398,4.761904716491699,4.761904716491699,5.569223403930664,8589934592,2147483648,6019432448,407961600
208,1771998940982,3204,3204,3204,3204,3204,3204,3204,3204,36.3636360168457,33.333335876464844,31.81818199157715,25,14.285715103149414,10,4.761904716491699,0,5.569223403930664,8589934592,2147483648,6019432448,407961600
204,1771998941191,3204,3204,3204,3204,3204,3204,3204,3204,26.3157901763916,23.809524536132813,25,23.809524536132813,14.285715103149414,9.523809432983398,0,0,5.3684868812561035,8589934592,2147483648,6014976000,407961600
205,1771998941395,3204,3204,3204,3204,3204,3204,3204,3204,28.571430206298828,30.000001907348633,25,15.000000953674316,0,4.761904716491699,4.761904716491699,4.761904716491699,5.3684868812561035,8589934592,2147483648,6014320640,407961600
206,1771998941601,3204,3204,3204,3204,3204,3204,3204,3204,25,28.571430206298828,23.809524536132813,23.809524536132813,4.761904716491699,0,0,0,5.3684868812561035,8589934592,2147483648,6014386176,407961600
206,1771998941808,3204,3204,3204,3204,3204,3204,3204,3204,27.272727966308594,25,23.809524536132813,19.047618865966797,0,0,0,0,5.3684868812561035,8589934592,2147483648,6014320640,407961600
207,1771998942014,3204,3204,3204,3204,3204,3204,3204,3204,26.3157901763916,25,20,20,4.761904716491699,0,4.761904716491699,0,5.3684868812561035,8589934592,2147483648,6014320640,407961600
204,1771998942222,3204,3204,3204,3204,3204,3204,3204,3204,23.809524536132813,28.571430206298828,20,19.047618865966797,4.761904716491699,4.545454502105713,0,4.545454502105713,5.798043727874756,8589934592,2147483648,6006472704,407961600
203,1771998942427,3204,3204,3204,3204,3204,3204,3204,3204,30.000001907348633,33.333335876464844,28.571430206298828,20,0,0,0,0,5.798043727874756,8589934592,2147483648,6006652928,407961600
209,1771998942630,3204,3204,3204,3204,3204,3204,3204,3204,33.333335876464844,25,20,20,10,23.809524536132813,14.285715103149414,4.761904716491699,5.798043727874756,8589934592,2147483648,6008193024,407961600
199,1771998942841,3204,3204,3204,3204,3204,3204,3204,3204,28.571430206298828,28.571430206298828,19.047618865966797,19.047618865966797,4.545454502105713,0,0,0,5.798043727874756,8589934592,2147483648,6008700928,407961600
208,1771998943042,3204,3204,3204,3204,3204,3204,3204,3204,26.3157901763916,26.3157901763916,25,20,0,4.545454502105713,0,0,5.390782356262207,8589934592,2147483648,6008356864,407961600
206,1771998943251,3204,3204,3204,3204,3204,3204,3204,3204,33.333335876464844,28.571430206298828,23.809524536132813,28.571430206298828,20,15.789472579956055,9.523809432983398,10,5.390782356262207,8589934592,2147483648,6007848960,407961600
206,1771998943458,3204,3204,3204,3204,3204,3204,3204,3204,25,23.809524536132813,23.809524536132813,20,0,0,0,0,5.390782356262207,8589934592,2147483648,6007832576,407961600
207,1771998943665,3204,3204,3204,3204,3204,3204,3204,3204,31.81818199157715,28.571430206298828,20,19.047618865966797,5,5,5,4.761904716491699,5.390782356262207,8589934592,2147483648,6007848960,407961600
200,1771998943872,3204,3204,3204,3204,3204,3204,3204,3204,26.3157901763916,25,33.333335876464844,19.047618865966797,9.090909004211426,4.545454502105713,0,0,5.390782356262207,8589934592,2147483648,6007865344,407961600
200,1771998944073,3204,3204,3204,3204,3204,3204,3204,3204,25,23.809524536132813,20,25,5,5,0,0,5.460920810699463,8589934592,2147483648,6007750656,407961600
200,1771998944273,3204,3204,3204,3204,3204,3204,3204,3204,28.571430206298828,26.3157901763916,26.3157901763916,25,26.3157901763916,25,25,20,5.460920810699463,8589934592,2147483648,6008061952,407961600
207,1771998944474,3204,3204,3204,3204,3204,3204,3204,3204,30.000001907348633,20,20,23.809524536132813,0,5,0,0,5.460920810699463,8589934592,2147483648,6007537664,407961600
208,1771998944682,3204,3204,3204,3204,3204,3204,3204,3204,25,23.809524536132813,27.272727966308594,20,4.761904716491699,4.761904716491699,4.761904716491699,4.761904716491699,5.460920810699463,8589934592,2147483648,6007554048,407961600
206,1771998944891,3204,3204,3204,3204,3204,3204,3204,3204,23.809524536132813,25,15.000000953674316,23.809524536132813,9.090909004211426,0,0,0,5.460920810699463,8589934592,2147483648,6007439360,407961600
207,1771998945098,3204,3204,3204,3204,3204,3204,3204,3204,25,28.571430206298828,20,15.000000953674316,15.000000953674316,13.636363983154297,5,9.523809432983398,5.683978080749512,8589934592,2147483648,6010601472,407961600
201,1771998945306,3204,3204,3204,3204,3204,3204,3204,3204,28.571430206298828,33.333335876464844,28.571430206298828,20,20,15.000000953674316,4.761904716491699,0,5.683978080749512,8589934592,2147483648,6020399104,407961600
209,1771998945508,3204,3204,3204,3204,3204,3204,3204,3204,20,21.052631378173828,23.809524536132813,23.809524536132813,14.285715103149414,5,5,5,5.683978080749512,8589934592,2147483648,6011994112,407961600
203,1771998945718,3204,3204,3204,3204,3204,3204,3204,3204,25,27.272727966308594,19.047618865966797,20,14.285715103149414,13.636363983154297,4.761904716491699,0,5.683978080749512,8589934592,2147483648,6013059072,407961600
208,1771998945923,3204,3204,3204,3204,3204,3204,3204,3204,30.000001907348633,30.000001907348633,21.052631378173828,22.72727394104004,14.285715103149414,10,4.761904716491699,5,5.683978080749512,8589934592,2147483648,6013059072,407961600
208,1771998946131,3204,3204,3204,3204,3204,3204,3204,3204,27.272727966308594,23.809524536132813,19.047618865966797,20,0,0,4.761904716491699,4.761904716491699,5.63020658493042,8589934592,2147483648,6013059072,407961600
206,1771998946340,3204,3204,3204,3204,3204,3204,3204,3204,23.809524536132813,28.571430206298828,23.809524536132813,19.047618865966797,5,4.761904716491699,0,0,5.63020658493042,8589934592,2147483648,6009798656,407961600
207,1771998946547,3204,3204,3204,3204,3204,3204,3204,3204,28.571430206298828,25,19.047618865966797,19.047618865966797,4.761904716491699,4.761904716491699,4.761904716491699,4.761904716491699,5.63020658493042,8589934592,2147483648,6009372672,407961600
207,1771998946756,3204,3204,3204,3204,3204,3204,3204,3204,20,25,19.047618865966797,15.000000953674316,9.523809432983398,5,4.761904716491699,4.761904716491699,5.63020658493042,8589934592,2147483648,6009356288,407961600
208,1771998946963,3204,3204,3204,3204,3204,3204,3204,3204,25,27.272727966308594,25,27.272727966308594,9.523809432983398,5,4.761904716491699,5,5.63020658493042,8589934592,2147483648,6008930304,407961600
209,1771998947172,3204,3204,3204,3204,3204,3204,3204,3204,28.571430206298828,20,22.72727394104004,15.789472579956055,0,4.545454502105713,0,0,6.035714626312256,8589934592,2147483648,6008651776,407961600
209,1771998947382,3204,3204,3204,3204,3204,3204,3204,3204,33.333335876464844,28.571430206298828,30.000001907348633,27.272727966308594,4.761904716491699,9.090909004211426,13.636363983154297,0,6.035714626312256,8589934592,2147483648,6018252800,407961600
209,1771998947592,3204,3204,3204,3204,3204,3204,3204,3204,28.571430206298828,23.809524536132813,23.809524536132813,28.571430206298828,23.809524536132813,35,9.523809432983398,4.761904716491699,6.035714626312256,8589934592,2147483648,6009405440,407961600
203,1771998947802,3204,3204,3204,3204,3204,3204,3204,3204,25,28.571430206298828,19.047618865966797,20,0,0,0,0,6.035714626312256,8589934592,2147483648,6006505472,407961600
209,1771998948007,3204,3204,3204,3204,3204,3204,3204,3204,27.272727966308594,25,20,20,5,0,0,0,6.035714626312256,8589934592,2147483648,6006849536,407961600
209,1771998948217,3204,3204,3204,3204,3204,3204,3204,3204,20,23.809524536132813,23.809524536132813,19.047618865966797,0,4.761904716491699,0,0,5.310876369476318,8589934592,2147483648,6006849536,407961600
205,1771998948427,3204,3204,3204,3204,3204,3204,3204,3204,25,23.809524536132813,23.809524536132813,22.72727394104004,9.090909004211426,0,0,0,5.310876369476318,8589934592,2147483648,6006472704,407961600
205,1771998948633,3204,3204,3204,3204,3204,3204,3204,3204,27.272727966308594,20,23.809524536132813,20,4.761904716491699,9.090909004211426,4.761904716491699,4.761904716491699,5.310876369476318,8589934592,2147483648,6006456320,407961600
209,1771998948839,3204,3204,3204,3204,3204,3204,3204,3204,21.052631378173828,23.809524536132813,20,15.000000953674316,0,0,0,0,5.310876369476318,8589934592,2147483648,6006489088,407961600
208,1771998949049,3204,3204,3204,3204,3204,3204,3204,3204,28.571430206298828,25,22.72727394104004,22.72727394104004,4.761904716491699,4.761904716491699,4.761904716491699,4.545454502105713,5.61297082901001,8589934592,2147483648,6006407168,407961600
203,1771998949258,3204,3204,3204,3204,3204,3204,3204,3204,23.809524536132813,23.809524536132813,10.526315689086914,15.000000953674316,5,9.523809432983398,9.523809432983398,0,5.61297082901001,8589934592,2147483648,6006439936,407961600
209,1771998949461,3204,3204,3204,3204,3204,3204,3204,3204,28.571430206298828,28.571430206298828,20,20,0,0,0,4.761904716491699,5.61297082901001,8589934592,2147483648,6006390784,407961600
205,1771998949671,3204,3204,3204,3204,3204,3204,3204,3204,35,35,36.3636360168457,28.571430206298828,31.81818199157715,28.571430206298828,4.761904716491699,14.285715103149414,5.61297082901001,8589934592,2147483648,6005440512,407961600
205,1771998949877,3204,3204,3204,3204,3204,3204,3204,3204,28.571430206298828,23.809524536132813,20,10,4.761904716491699,4.761904716491699,0,4.761904716491699,5.61297082901001,8589934592,2147483648,6005440512,407961600
205,1771998950083,3204,3204,3204,3204,3204,3204,3204,3204,23.809524536132813,20,25,19.047618865966797,0,0,9.090909004211426,0,5.223343849182129,8589934592,2147483648,6005325824,407961600
201,1771998950289,3204,3204,3204,3204,3204,3204,3204,3204,20,15.000000953674316,23.809524536132813,14.285715103149414,14.285715103149414,14.285715103149414,5,5,5.223343849182129,8589934592,2147483648,6023151616,407961600
206,1771998950491,3204,3204,3204,3204,3204,3204,3204,3204,26.3157901763916,23.809524536132813,20,20,0,0,0,5,5.223343849182129,8589934592,2147483648,6009143296,407961600
209,1771998950698,3204,3204,3204,3204,3204,3204,3204,3204,33.333335876464844,25,28.571430206298828,19.047618865966797,9.090909004211426,5,4.761904716491699,0,5.223343849182129,8589934592,2147483648,6011338752,407961600
209,1771998950908,3204,3204,3204,3204,3204,3204,3204,3204,33.333335876464844,19.047618865966797,15.000000953674316,10,4.761904716491699,4.761904716491699,0,0,5.223343849182129,8589934592,2147483648,6026051584,407961600
206,1771998951118,3204,3204,3204,3204,3204,3204,3204,3204,28.571430206298828,27.272727966308594,27.272727966308594,19.047618865966797,0,0,4.761904716491699,4.545454502105713,5.7094597816467285,8589934592,2147483648,6026067968,407961600
202,1771998951325,3204,3204,3204,3204,3204,3204,3204,3204,25,30.000001907348633,23.809524536132813,19.047618865966797,4.761904716491699,4.761904716491699,0,0,5.7094597816467285,8589934592,2147483648,6010552320,407961600
203,1771998951527,3204,3204,3204,3204,3204,3204,3204,3204,28.571430206298828,25,20,20,5,5,5,5,5.7094597816467285,8589934592,2147483648,6009454592,407961600
207,1771998951731,3204,3204,3204,3204,3204,3204,3204,3204,38.095237731933594,30.000001907348633,30.000001907348633,35,19.047618865966797,23.809524536132813,5,0,5.7094597816467285,8589934592,2147483648,6017777664,407961600
208,1771998951939,3204,3204,3204,3204,3204,3204,3204,3204,25,25,20,18.18181800842285,9.523809432983398,10,0,0,5.7094597816467285,8589934592,2147483648,6006095872,407961600
208,1771998952148,3204,3204,3204,3204,3204,3204,3204,3204,20,28.571430206298828,20,20,0,0,0,4.545454502105713,5.378808975219727,8589934592,2147483648,6005833728,407961600
209,1771998952357,3204,3204,3204,3204,3204,3204,3204,3204,28.571430206298828,27.272727966308594,27.272727966308594,19.047618865966797,13.636363983154297,13.636363983154297,9.090909004211426,0,5.378808975219727,8589934592,2147483648,6005833728,407961600
209,1771998952566,3204,3204,3204,3204,3204,3204,3204,3204,36.3636360168457,26.3157901763916,28.571430206298828,23.809524536132813,15.789472579956055,20,4.761904716491699,4.761904716491699,5.378808975219727,8589934592,2147483648,6026543104,407961600
205,1771998952776,3204,3204,3204,3204,3204,3204,3204,3204,26.3157901763916,30.434782028198242,23.809524536132813,20,18.18181800842285,0,0,0,5.378808975219727,8589934592,2147483648,6010454016,407961600
207,1771998952983,3204,3204,3204,3204,3204,3204,3204,3204,28.571430206298828,30.000001907348633,19.047618865966797,19.047618865966797,0,0,0,0,5.378808975219727,8589934592,2147483648,6010421248,407961600
204,1771998953191,3204,3204,3204,3204,3204,3204,3204,3204,45,45,36.842105865478516,38.095237731933594,4.545454502105713,4.761904716491699,0,0,5.8117547035217285,8589934592,2147483648,6010421248,407961600
205,1771998953396,3204,3204,3204,3204,3204,3204,3204,3204,33.333335876464844,38.095237731933594,28.571430206298828,23.809524536132813,0,0,0,4.761904716491699,5.8117547035217285,8589934592,2147483648,6010421248,407961600
209,1771998953602,3204,3204,3204,3204,3204,3204,3204,3204,25,20,25,15.000000953674316,0,0,4.761904716491699,0,5.8117547035217285,8589934592,2147483648,6029967360,407961600
209,1771998953812,3204,3204,3204,3204,3204,3204,3204,3204,40.90909194946289,35,33.333335876464844,33.333335876464844,9.523809432983398,13.636363983154297,0,0,5.8117547035217285,8589934592,2147483648,6040305664,407961600
208,1771998954022,3204,3204,3204,3204,3204,3204,3204,3204,38.095237731933594,38.095237731933594,31.81818199157715,28.571430206298828,33.333335876464844,33.333335876464844,15.000000953674316,19.047618865966797,5.8117547035217285,8589934592,2147483648,6030049280,407961600
208,1771998954231,3204,3204,3204,3204,3204,3204,3204,3204,19.047618865966797,19.047618865966797,15.000000953674316,5,10,14.285715103149414,4.761904716491699,4.761904716491699,5.818387031555176,8589934592,2147483648,6044483584,407961600
206,1771998954440,3204,3204,3204,3204,3204,3204,3204,3204,20,23.809524536132813,23.809524536132813,14.285715103149414,4.545454502105713,0,4.545454502105713,0,5.818387031555176,8589934592,2147483648,6009634816,407961600
200,1771998954647,3204,3204,3204,3204,3204,3204,3204,3204,28.571430206298828,25,25,20,5,5,9.523809432983398,4.761904716491699,5.818387031555176,8589934592,2147483648,6023774208,407961600
209,1771998954849,3204,3204,3204,3204,3204,3204,3204,3204,47.36842346191406,42.85714340209961,40,40,4.761904716491699,4.761904716491699,0,0,5.818387031555176,8589934592,2147483648,6025494528,407961600
204,1771998955058,3204,3204,3204,3204,3204,3204,3204,3204,57.142860412597656,50,59.09090805053711,47.619049072265625,5,9.090909004211426,4.761904716491699,4.545454502105713,5.928829193115234,8589934592,2147483648,6018383872,407961600
200,1771998955263,3204,3204,3204,3204,3204,3204,3204,3204,66.66667175292969,66.66667175292969,55,66.66667175292969,22.72727394104004,10,9.523809432983398,15.000000953674316,5.928829193115234,8589934592,2147483648,6044057600,407961600
207,1771998955465,3204,3204,3204,3204,3204,3204,3204,3204,50,42.105262756347656,45,38.095237731933594,0,0,0,0,5.928829193115234,8589934592,2147483648,5999378432,407961600
204,1771998955673,3204,3204,3204,3204,3204,3204,3204,3204,45,45.45454788208008,40,45,0,0,0,0,5.928829193115234,8589934592,2147483648,5998510080,407961600
200,1771998955878,3204,3204,3204,3204,3204,3204,3204,3204,52.38095474243164,50,42.85714340209961,45,0,0,0,0,5.928829193115234,8589934592,2147483648,5999067136,407961600
204,1771998956078,3204,3204,3204,3204,3204,3204,3204,3204,60.000003814697266,55,50,52.38095474243164,26.3157901763916,11.111111640930176,10,0,5.681768894195557,8589934592,2147483648,6000508928,407961600
201,1771998956284,3204,3204,3204,3204,3204,3204,3204,3204,50,50,50,52.6315803527832,14.285715103149414,13.636363983154297,4.761904716491699,5,5.681768894195557,8589934592,2147483648,6003228672,407961600
202,1771998956486,3204,3204,3204,3204,3204,3204,3204,3204,60.000003814697266,57.142860412597656,50,57.142860412597656,0,4.545454502105713,0,0,5.681768894195557,8589934592,2147483648,6003687424,407961600
202,1771998956690,3204,3204,3204,3204,3204,3204,3204,3204,45,42.105262756347656,42.85714340209961,45,5,0,0,0,5.681768894195557,8589934592,2147483648,6003982336,407961600
205,1771998956894,3204,3204,3204,3204,3204,3204,3204,3204,50,52.38095474243164,50,52.38095474243164,0,0,0,4.761904716491699,5.681768894195557,8589934592,2147483648,6004408320,407961600
207,1771998957100,3204,3204,3204,3204,3204,3204,3204,3204,47.36842346191406,50,45,45,5,9.523809432983398,4.761904716491699,0,6.117839336395264,8589934592,2147483648,6004998144,407961600
204,1771998957308,3204,3204,3204,3204,3204,3204,3204,3204,61.904762268066406,54.54545593261719,57.142860412597656,52.38095474243164,4.761904716491699,0,4.761904716491699,4.761904716491699,6.117839336395264,8589934592,2147483648,6004785152,407961600
208,1771998957513,3204,3204,3204,3204,3204,3204,3204,3204,50,50,47.619049072265625,50,0,4.761904716491699,0,0,6.117839336395264,8589934592,2147483648,6005112832,407961600
209,1771998957723,3204,3204,3204,3204,3204,3204,3204,3204,47.619049072265625,45,42.85714340209961,36.3636360168457,13.636363983154297,28.571430206298828,0,4.761904716491699,6.117839336395264,8589934592,2147483648,6006489088,407961600
205,1771998957933,3204,3204,3204,3204,3204,3204,3204,3204,47.619049072265625,57.142860412597656,47.619049072265625,40,9.523809432983398,4.761904716491699,4.761904716491699,4.761904716491699,6.117839336395264,8589934592,2147483648,5999116288,407961600
201,1771998958140,3204,3204,3204,3204,3204,3204,3204,3204,61.904762268066406,60.000003814697266,52.6315803527832,52.38095474243164,14.285715103149414,15.000000953674316,9.090909004211426,0,6.101882457733154,8589934592,2147483648,5999116288,407961600
201,1771998958342,3204,3204,3204,3204,3204,3204,3204,3204,60.000003814697266,61.904762268066406,61.904762268066406,65,10.526315689086914,15.000000953674316,5,0,6.101882457733154,8589934592,2147483648,5999116288,407961600
209,1771998958544,3204,3204,3204,3204,3204,3204,3204,3204,50,45,42.85714340209961,40,5,0,0,4.761904716491699,6.101882457733154,8589934592,2147483648,5999116288,407961600
201,1771998958754,3204,3204,3204,3204,3204,3204,3204,3204,47.619049072265625,42.85714340209961,38.095237731933594,38.095237731933594,4.545454502105713,4.761904716491699,0,0,6.101882457733154,8589934592,2147483648,5999935488,407961600
201,1771998958957,3204,3204,3204,3204,3204,3204,3204,3204,50,47.619049072265625,47.36842346191406,42.105262756347656,5,4.761904716491699,4.761904716491699,5,6.101882457733154,8589934592,2147483648,6000377856,407961600
209,1771998959159,3204,3204,3204,3204,3204,3204,3204,3204,60.000003814697266,55,50,57.142860412597656,4.761904716491699,0,5,0,6.022196292877197,8589934592,2147483648,6004211712,407961600
207,1771998959369,3204,3204,3204,3204,3204,3204,3204,3204,66.66667175292969,50,52.38095474243164,61.904762268066406,4.761904716491699,9.090909004211426,0,4.761904716491699,6.022196292877197,8589934592,2147483648,6004129792,407961600
205,1771998959577,3204,3204,3204,3204,3204,3204,3204,3204,47.619049072265625,47.619049072265625,42.85714340209961,40.90909194946289,0,0,0,0,6.022196292877197,8589934592,2147483648,6004441088,407961600
206,1771998959784,3204,3204,3204,3204,3204,3204,3204,3204,47.619049072265625,47.619049072265625,38.095237731933594,36.842105865478516,0,0,0,0,6.022196292877197,8589934592,2147483648,6004867072,407961600
206,1771998959992,3204,3204,3204,3204,3204,3204,3204,3204,55,47.619049072265625,45,45.45454788208008,4.545454502105713,4.761904716491699,4.761904716491699,0,6.022196292877197,8589934592,2147483648,6005129216,407961600
209,1771998960199,3204,3204,3204,3204,3204,3204,3204,3204,70,70,66.66667175292969,60.000003814697266,5,4.761904716491699,0,0,6.215251445770264,8589934592,2147483648,6018908160,407961600
201,1771998960410,3204,3204,3204,3204,3204,3204,3204,3204,61.904762268066406,61.904762268066406,57.142860412597656,57.142860412597656,33.333335876464844,30.000001907348633,10,13.636363983154297,6.215251445770264,8589934592,2147483648,6017335296,407961600
209,1771998960612,3204,3204,3204,3204,3204,3204,3204,3204,52.38095474243164,55,50,42.105262756347656,5,0,4.761904716491699,0,6.215251445770264,8589934592,2147483648,6001819648,407961600
202,1771998960822,3204,3204,3204,3204,3204,3204,3204,3204,61.904762268066406,57.142860412597656,52.38095474243164,54.54545593261719,14.285715103149414,13.636363983154297,0,4.761904716491699,6.215251445770264,8589934592,2147483648,6004178944,407961600
207,1771998961025,3204,3204,3204,3204,3204,3204,3204,3204,55,52.6315803527832,52.38095474243164,50,15.000000953674316,15.000000953674316,10,5,5.834300994873047,8589934592,2147483648,6006652928,407961600
207,1771998961234,3204,3204,3204,3204,3204,3204,3204,3204,55,59.09090805053711,45,47.619049072265625,0,0,0,0,5.834300994873047,8589934592,2147483648,6008487936,407961600
204,1771998961443,3204,3204,3204,3204,3204,3204,3204,3204,66.66667175292969,60.000003814697266,65,61.904762268066406,9.090909004211426,9.523809432983398,4.761904716491699,0,5.834300994873047,8589934592,2147483648,6017630208,407961600
209,1771998961648,3204,3204,3204,3204,3204,3204,3204,3204,50,47.619049072265625,47.619049072265625,36.842105865478516,5,4.761904716491699,0,4.761904716491699,5.834300994873047,8589934592,2147483648,6017957888,407961600
209,1771998961858,3204,3204,3204,3204,3204,3204,3204,3204,38.095237731933594,35,33.333335876464844,36.3636360168457,0,0,4.761904716491699,0,5.834300994873047,8589934592,2147483648,6016843776,407961600
209,1771998962068,3204,3204,3204,3204,3204,3204,3204,3204,28.571430206298828,23.809524536132813,28.571430206298828,23.809524536132813,5,4.761904716491699,0,4.761904716491699,6.846627235412598,8589934592,2147483648,6014566400,407961600
208,1771998962278,3204,3204,3204,3204,3204,3204,3204,3204,52.38095474243164,38.095237731933594,38.095237731933594,42.85714340209961,4.761904716491699,4.761904716491699,4.545454502105713,4.761904716491699,6.846627235412598,8589934592,2147483648,6013911040,407961600
209,1771998962487,3204,3204,3204,3204,3204,3204,3204,3204,33.333335876464844,38.095237731933594,30.000001907348633,23.809524536132813,33.333335876464844,27.272727966308594,10,9.523809432983398,6.846627235412598,8589934592,2147483648,5997985792,407961600
209,1771998962697,3204,3204,3204,3204,3204,3204,3204,3204,28.571430206298828,28.571430206298828,23.809524536132813,23.809524536132813,31.81818199157715,10,8.69565200805664,0,6.846627235412598,8589934592,2147483648,5997740032,407961600
209,1771998962907,3204,3204,3204,3204,3204,3204,3204,3204,38.095237731933594,30.000001907348633,27.272727966308594,30.000001907348633,20,19.047618865966797,0,0,6.846627235412598,8589934592,2147483648,5997756416,407961600
206,1771998963117,3204,3204,3204,3204,3204,3204,3204,3204,25,31.81818199157715,19.047618865966797,22.72727394104004,71.42857360839844,15.000000953674316,0,9.523809432983398,6.083550453186035,8589934592,2147483648,5998624768,407961600
205,1771998963325,3204,3204,3204,3204,3204,3204,3204,3204,23.809524536132813,28.571430206298828,20,23.809524536132813,85.71428680419922,18.18181800842285,0,0,6.083550453186035,8589934592,2147483648,5998788608,407961600
209,1771998963531,3204,3204,3204,3204,3204,3204,3204,3204,23.809524536132813,25,19.047618865966797,15.789472579956055,28.571430206298828,5,4.761904716491699,28.571430206298828,6.083550453186035,8589934592,2147483648,5998821376,407961600
202,1771998963742,3204,3204,3204,3204,3204,3204,3204,3204,23.809524536132813,23.809524536132813,15.000000953674316,19.047618865966797,0,0,0,100,6.083550453186035,8589934592,2147483648,5998837760,407961600
209,1771998963945,3204,3204,3204,3204,3204,3204,3204,3204,21.052631378173828,25,23.809524536132813,19.047618865966797,0,60.000003814697266,26.3157901763916,10,6.083550453186035,8589934592,2147483648,5998788608,407961600
200,1771998964155,3204,3204,3204,3204,3204,3204,3204,3204,19.047618865966797,28.571430206298828,20,15.000000953674316,0,38.095237731933594,0,0,6.577120780944824,8589934592,2147483648,5998804992,407961600
204,1771998964356,3204,3204,3204,3204,3204,3204,3204,3204,25,25,23.809524536132813,19.047618865966797,10,71.42857360839844,14.285715103149414,14.285715103149414,6.577120780944824,8589934592,2147483648,5999280128,407961600
206,1771998964561,3204,3204,3204,3204,3204,3204,3204,3204,33.333335876464844,30.000001907348633,30.000001907348633,25,10,14.285715103149414,15.000000953674316,84.21052551269531,6.577120780944824,8589934592,2147483648,6011568128,407961600
202,1771998964768,3204,3204,3204,3204,3204,3204,3204,3204,25,25,20,19.047618865966797,77.2727279663086,10.526315689086914,4.761904716491699,0,6.577120780944824,8589934592,2147483648,5986893824,407961600
209,1771998964971,3204,3204,3204,3204,3204,3204,3204,3204,25,23.809524536132813,19.047618865966797,15.000000953674316,78.94737243652344,42.85714340209961,0,0,6.577120780944824,8589934592,2147483648,5987254272,407961600
209,1771998965181,3204,3204,3204,3204,3204,3204,3204,3204,28.571430206298828,28.571430206298828,20,23.809524536132813,42.85714340209961,47.619049072265625,9.523809432983398,4.545454502105713,9.926640510559082,8589934592,2147483648,5987647488,407961600
209,1771998965391,3204,3204,3204,3204,3204,3204,3204,3204,19.047618865966797,20,19.047618865966797,10,14.285715103149414,66.66667175292969,22.72727394104004,9.523809432983398,9.926640510559082,8589934592,2147483648,6003425280,407961600
205,1771998965601,3204,3204,3204,3204,3204,3204,3204,3204,23.809524536132813,23.809524536132813,27.272727966308594,14.285715103149414,27.272727966308594,77.2727279663086,0,0,9.926640510559082,8589934592,2147483648,5980160000,407961600
203,1771998965808,3204,3204,3204,3204,3204,3204,3204,3204,25,23.809524536132813,25,19.047618865966797,30.000001907348633,5.263157844543457,0,0,9.926640510559082,8589934592,2147483648,5996150784,407961600
201,1771998966012,3204,3204,3204,3204,3204,3204,3204,3204,20,25,25,19.047618865966797,85,22.72727394104004,0,4.761904716491699,9.926640510559082,8589934592,2147483648,5981388800,407961600
208,1771998966214,3204,3204,3204,3204,3204,3204,3204,3204,23.809524536132813,20,25,15.789472579956055,75,0,20,0,10.714493751525879,8589934592,2147483648,5996085248,407961600
201,1771998966422,3204,3204,3204,3204,3204,3204,3204,3204,20,19.047618865966797,28.571430206298828,18.18181800842285,4.761904716491699,0,59.09090805053711,4.761904716491699,10.714493751525879,8589934592,2147483648,5980798976,407961600
207,1771998966624,3204,3204,3204,3204,3204,3204,3204,3204,33.333335876464844,25,30.000001907348633,15.789472579956055,45,5,57.894737243652344,0,10.714493751525879,8589934592,2147483648,5983633408,407961600
209,1771998966832,3204,3204,3204,3204,3204,3204,3204,3204,25,30.000001907348633,28.571430206298828,23.809524536132813,47.619049072265625,40,22.72727394104004,19.047618865966797,10.714493751525879,8589934592,2147483648,5973770240,407961600
207,1771998967041,3204,3204,3204,3204,3204,3204,3204,3204,23.809524536132813,22.72727394104004,20,14.285715103149414,0,27.272727966308594,4.761904716491699,0,10.10367202758789,8589934592,2147483648,5973065728,407961600
206,1771998967250,3204,3204,3204,3204,3204,3204,3204,3204,33.333335876464844,35,28.571430206298828,25,27.272727966308594,76.19047546386719,35,22.72727394104004,10.10367202758789,8589934592,2147483648,5974147072,407961600
207,1771998967456,3204,3204,3204,3204,3204,3204,3204,3204,25,28.571430206298828,23.809524536132813,23.809524536132813,33.333335876464844,25,0,40,10.10367202758789,8589934592,2147483648,5988368384,407961600
209,1771998967664,3204,3204,3204,3204,3204,3204,3204,3204,23.809524536132813,28.571430206298828,19.047618865966797,19.047618865966797,50,4.761904716491699,0,9.523809432983398,10.10367202758789,8589934592,2147483648,5988368384,407961600
206,1771998967875,3204,3204,3204,3204,3204,3204,3204,3204,23.809524536132813,28.571430206298828,15.000000953674316,19.047618865966797,100,0,0,0,10.10367202758789,8589934592,2147483648,5988368384,407961600
208,1771998968081,3204,3204,3204,3204,3204,3204,3204,3204,20,25,23.809524536132813,10,100,0,0,0,10.099723815917969,8589934592,2147483648,5973999616,407961600
202,1771998968291,3204,3204,3204,3204,3204,3204,3204,3204,23.809524536132813,23.809524536132813,23.809524536132813,19.047618865966797,14.285715103149414,23.809524536132813,4.761904716491699,0,10.099723815917969,8589934592,2147483648,5974065152,407961600
199,1771998968494,3204,3204,3204,3204,3204,3204,3204,3204,28.571430206298828,25,25,20,0,100,0,0,10.099723815917969,8589934592,2147483648,5974065152,407961600
203,1771998968694,3204,3204,3204,3204,3204,3204,3204,3204,26.3157901763916,20,21.052631378173828,15.000000953674316,0,100,0,0,10.099723815917969,8589934592,2147483648,5974065152,407961600
207,1771998968898,3204,3204,3204,3204,3204,3204,3204,3204,38.095237731933594,35,30.000001907348633,23.809524536132813,42.85714340209961,33.333335876464844,19.047618865966797,0,10.099723815917969,8589934592,2147483648,5974065152,407961600
201,1771998969106,3204,3204,3204,3204,3204,3204,3204,3204,35,33.333335876464844,31.81818199157715,33.333335876464844,55,0,0,4.545454502105713,10.788607597351074,8589934592,2147483648,5992513536,407961600
206,1771998969308,3204,3204,3204,3204,3204,3204,3204,3204,30.000001907348633,25,21.052631378173828,15.789472579956055,47.36842346191406,5,5,0,10.788607597351074,8589934592,2147483648,5983158272,407961600
209,1771998969515,3204,3204,3204,3204,3204,3204,3204,3204,31.57894515991211,30.000001907348633,28.571430206298828,20,52.38095474243164,4.761904716491699,0,0,10.788607597351074,8589934592,2147483648,5995020288,407961600
209,1771998969725,3204,3204,3204,3204,3204,3204,3204,3204,36.3636360168457,33.333335876464844,28.571430206298828,27.272727966308594,31.81818199157715,9.523809432983398,0,9.090909004211426,10.788607597351074,8589934592,2147483648,5986893824,407961600
204,1771998969934,3204,3204,3204,3204,3204,3204,3204,3204,42.85714340209961,25,23.809524536132813,33.333335876464844,42.85714340209961,20,9.090909004211426,0,10.788607597351074,8589934592,2147483648,5981388800,407961600
208,1771998970139,3204,3204,3204,3204,3204,3204,3204,3204,30.000001907348633,28.571430206298828,20,19.047618865966797,31.57894515991211,14.285715103149414,5,0,9.772927284240723,8589934592,2147483648,5977620480,407961600
202,1771998970348,3204,3204,3204,3204,3204,3204,3204,3204,23.809524536132813,28.571430206298828,23.809524536132813,10.526315689086914,80.95238494873047,5,0,4.761904716491699,9.772927284240723,8589934592,2147483648,5992087552,407961600
206,1771998970551,3204,3204,3204,3204,3204,3204,3204,3204,31.57894515991211,30.000001907348633,25,23.809524536132813,60.000003814697266,0,0,0,9.772927284240723,8589934592,2147483648,5972705280,407961600
203,1771998970758,3204,3204,3204,3204,3204,3204,3204,3204,28.571430206298828,25,23.809524536132813,30.000001907348633,40,9.090909004211426,0,4.761904716491699,9.772927284240723,8589934592,2147483648,5974802432,407961600
201,1771998970961,3204,3204,3204,3204,3204,3204,3204,3204,28.571430206298828,30.000001907348633,25,28.571430206298828,80.95238494873047,21.052631378173828,5,5,9.772927284240723,8589934592,2147483648,5997887488,407961600
209,1771998971163,3204,3204,3204,3204,3204,3204,3204,3204,47.36842346191406,42.85714340209961,31.57894515991211,30.000001907348633,25,15.000000953674316,0,0,10.008708953857422,8589934592,2147483648,5987762176,407961600
206,1771998971373,3204,3204,3204,3204,3204,3204,3204,3204,42.85714340209961,33.333335876464844,28.571430206298828,20,23.809524536132813,4.761904716491699,4.761904716491699,4.761904716491699,10.008708953857422,8589934592,2147483648,6006718464,407961600
205,1771998971580,3204,3204,3204,3204,3204,3204,3204,3204,42.85714340209961,36.842105865478516,38.095237731933594,28.571430206298828,55,0,0,0,10.008708953857422,8589934592,2147483648,6007422976,407961600
204,1771998971786,3204,3204,3204,3204,3204,3204,3204,3204,35,33.333335876464844,33.333335876464844,25,14.285715103149414,0,0,0,10.008708953857422,8589934592,2147483648,6008471552,407961600
203,1771998971991,3204,3204,3204,3204,3204,3204,3204,3204,20,28.571430206298828,25,19.047618865966797,100,0,0,4.761904716491699,10.008708953857422,8589934592,2147483648,6014468096,407961600
206,1771998972195,3204,3204,3204,3204,3204,3204,3204,3204,35,26.3157901763916,33.333335876464844,20,30.000001907348633,4.761904716491699,0,0,10.132165908813477,8589934592,2147483648,6006996992,407961600
205,1771998972402,3204,3204,3204,3204,3204,3204,3204,3204,40,35,36.842105865478516,35,9.523809432983398,5,9.090909004211426,0,10.132165908813477,8589934592,2147483648,5996691456,407961600
209,1771998972607,3204,3204,3204,3204,3204,3204,3204,3204,38.095237731933594,33.333335876464844,33.333335876464844,27.272727966308594,5,15.000000953674316,0,0,10.132165908813477,8589934592,2147483648,5998968832,407961600
206,1771998972818,3204,3204,3204,3204,3204,3204,3204,3204,35,38.095237731933594,23.809524536132813,25,14.285715103149414,9.090909004211426,4.761904716491699,0,10.132165908813477,8589934592,2147483648,5998968832,407961600
209,1771998973024,3204,3204,3204,3204,3204,3204,3204,3204,35,35,30.000001907348633,25,0,0,0,0,10.132165908813477,8589934592,2147483648,5998968832,407961600
206,1771998973234,3204,3204,3204,3204,3204,3204,3204,3204,27.272727966308594,31.81818199157715,23.809524536132813,22.72727394104004,27.272727966308594,22.72727394104004,5,4.761904716491699,8.348666191101074,8589934592,2147483648,5996724224,407961600
199,1771998973441,3204,3204,3204,3204,3204,3204,3204,3204,33.333335876464844,33.333335876464844,25,30.000001907348633,20,0,0,0,8.348666191101074,8589934592,2147483648,5997428736,407961600
206,1771998973641,3204,3204,3204,3204,3204,3204,3204,3204,25,26.3157901763916,20,10,15.789472579956055,0,5,0,8.348666191101074,8589934592,2147483648,5997543424,407961600
209,1771998973848,3204,3204,3204,3204,3204,3204,3204,3204,23.809524536132813,28.571430206298828,22.72727394104004,20,4.761904716491699,4.761904716491699,0,0,8.348666191101074,8589934592,2147483648,5998985216,407961600
207,1771998974058,3204,3204,3204,3204,3204,3204,3204,3204,26.3157901763916,38.095237731933594,23.809524536132813,19.047618865966797,0,0,0,0,6.32020378112793,8589934592,2147483648,5999034368,407961600
209,1771998974266,3204,3204,3204,3204,3204,3204,3204,3204,28.571430206298828,25,15.000000953674316,19.047618865966797,4.761904716491699,5,0,4.545454502105713,6.32020378112793,8589934592,2147483648,5999050752,407961600
206,1771998974476,3204,3204,3204,3204,3204,3204,3204,3204,42.85714340209961,38.095237731933594,33.333335876464844,23.809524536132813,23.809524536132813,27.272727966308594,19.047618865966797,19.047618865966797,6.32020378112793,8589934592,2147483648,5999919104,407961600
202,1771998974684,3204,3204,3204,3204,3204,3204,3204,3204,23.809524536132813,19.047618865966797,10,14.285715103149414,9.523809432983398,5,4.761904716491699,4.761904716491699,6.32020378112793,8589934592,2147483648,5999542272,407961600
209,1771998974887,3204,3204,3204,3204,3204,3204,3204,3204,25,26.3157901763916,23.809524536132813,20,0,0,0,0,6.32020378112793,8589934592,2147483648,6000656384,407961600
208,1771998975097,3204,3204,3204,3204,3204,3204,3204,3204,33.333335876464844,28.571430206298828,23.809524536132813,28.571430206298828,4.761904716491699,4.545454502105713,4.761904716491699,4.761904716491699,5.770568370819092,8589934592,2147483648,6000738304,407961600
204,1771998975306,3204,3204,3204,3204,3204,3204,3204,3204,33.333335876464844,33.333335876464844,25,25,38.095237731933594,15.000000953674316,9.090909004211426,0,5.770568370819092,8589934592,2147483648,5999542272,407961600
207,1771998975511,3204,3204,3204,3204,3204,3204,3204,3204,20,15.000000953674316,14.285715103149414,13.636363983154297,10,10,0,4.761904716491699,5.770568370819092,8589934592,2147483648,6003326976,407961600
209,1771998975719,3204,3204,3204,3204,3204,3204,3204,3204,28.571430206298828,31.81818199157715,19.047618865966797,15.000000953674316,4.761904716491699,4.545454502105713,4.761904716491699,0,5.770568370819092,8589934592,2147483648,6003392512,407961600
202,1771998975929,3204,3204,3204,3204,3204,3204,3204,3204,25,20,20,27.272727966308594,4.545454502105713,0,0,0,5.770568370819092,8589934592,2147483648,5995233280,407961600
205,1771998976131,3204,3204,3204,3204,3204,3204,3204,3204,23.809524536132813,23.809524536132813,19.047618865966797,10.526315689086914,0,4.761904716491699,0,0,5.8438520431518555,8589934592,2147483648,5995036672,407961600
209,1771998976338,3204,3204,3204,3204,3204,3204,3204,3204,20,25,21.052631378173828,20,4.761904716491699,5,4.761904716491699,4.761904716491699,5.8438520431518555,8589934592,2147483648,5993988096,407961600
208,1771998976548,3204,3204,3204,3204,3204,3204,3204,3204,25,28.571430206298828,19.047618865966797,19.047618865966797,0,0,0,0,5.8438520431518555,8589934592,2147483648,5991071744,407961600
207,1771998976756,3204,3204,3204,3204,3204,3204,3204,3204,23.809524536132813,15.000000953674316,19.047618865966797,23.809524536132813,0,0,0,0,5.8438520431518555,8589934592,2147483648,5990318080,407961600
207,1771998976964,3204,3204,3204,3204,3204,3204,3204,3204,31.81818199157715,31.81818199157715,23.809524536132813,23.809524536132813,4.761904716491699,4.761904716491699,4.761904716491699,4.545454502105713,5.8438520431518555,8589934592,2147483648,5990023168,407961600
204,1771998977172,3204,3204,3204,3204,3204,3204,3204,3204,25,20,20,25,4.761904716491699,4.761904716491699,0,0,5.55525016784668,8589934592,2147483648,5990055936,407961600
209,1771998977377,3204,3204,3204,3204,3204,3204,3204,3204,38.095237731933594,30.000001907348633,33.333335876464844,33.333335876464844,14.285715103149414,5,14.285715103149414,0,5.55525016784668,8589934592,2147483648,6000345088,407961600
209,1771998977587,3204,3204,3204,3204,3204,3204,3204,3204,25,23.809524536132813,18.18181800842285,23.809524536132813,19.047618865966797,22.72727394104004,4.545454502105713,4.545454502105713,5.55525016784668,8589934592,2147483648,5990563840,407961600
207,1771998977797,3204,3204,3204,3204,3204,3204,3204,3204,28.571430206298828,20,15.000000953674316,23.809524536132813,4.761904716491699,14.285715103149414,0,5,5.55525016784668,8589934592,2147483648,5989269504,407961600
205,1771998978006,3204,3204,3204,3204,3204,3204,3204,3204,28.571430206298828,27.272727966308594,23.809524536132813,19.047618865966797,5,0,4.761904716491699,4.761904716491699,5.55525016784668,8589934592,2147483648,5989384192,407961600
209,1771998978212,3204,3204,3204,3204,3204,3204,3204,3204,25,20,20,25,0,4.545454502105713,0,0,5.198906421661377,8589934592,2147483648,5989400576,407961600
201,1771998978422,3204,3204,3204,3204,3204,3204,3204,3204,27.272727966308594,19.047618865966797,27.272727966308594,15.000000953674316,9.090909004211426,0,4.761904716491699,0,5.198906421661377,8589934592,2147483648,5989482496,407961600
208,1771998978625,3204,3204,3204,3204,3204,3204,3204,3204,21.052631378173828,25,25,23.809524536132813,5,4.761904716491699,0,4.761904716491699,5.198906421661377,8589934592,2147483648,5989416960,407961600
206,1771998978834,3204,3204,3204,3204,3204,3204,3204,3204,23.809524536132813,22.72727394104004,23.809524536132813,19.047618865966797,0,0,0,0,5.198906421661377,8589934592,2147483648,5989449728,407961600
209,1771998979042,3204,3204,3204,3204,3204,3204,3204,3204,25,25,20,23.809524536132813,0,4.545454502105713,0,0,5.676312446594238,8589934592,2147483648,5989498880,407961600
207,1771998979251,3204,3204,3204,3204,3204,3204,3204,3204,31.81818199157715,25,20,20,4.761904716491699,4.761904716491699,0,0,5.676312446594238,8589934592,2147483648,5986729984,407961600
205,1771998979459,3204,3204,3204,3204,3204,3204,3204,3204,30.000001907348633,27.272727966308594,19.047618865966797,19.047618865966797,4.761904716491699,10,5,4.761904716491699,5.676312446594238,8589934592,2147483648,5990760448,407961600
209,1771998979665,3204,3204,3204,3204,3204,3204,3204,3204,25,25,31.81818199157715,25,23.809524536132813,30.000001907348633,4.761904716491699,0,5.676312446594238,8589934592,2147483648,5987024896,407961600
207,1771998979875,3204,3204,3204,3204,3204,3204,3204,3204,28.571430206298828,28.571430206298828,20,18.18181800842285,0,0,0,0,5.676312446594238,8589934592,2147483648,5987041280,407961600
209,1771998980083,3204,3204,3204,3204,3204,3204,3204,3204,23.809524536132813,30.000001907348633,19.047618865966797,20,5,9.090909004211426,0,0,5.299649238586426,8589934592,2147483648,5981831168,407961600
209,1771998980293,3204,3204,3204,3204,3204,3204,3204,3204,25,36.3636360168457,23.809524536132813,19.047618865966797,0,0,0,0,5.299649238586426,8589934592,2147483648,5981011968,407961600
207,1771998980502,3204,3204,3204,3204,3204,3204,3204,3204,27.272727966308594,25,15.000000953674316,19.047618865966797,14.285715103149414,4.761904716491699,4.545454502105713,0,5.299649238586426,8589934592,2147483648,6004359168,407961600
209,1771998980711,3204,3204,3204,3204,3204,3204,3204,3204,30.000001907348633,33.333335876464844,27.272727966308594,23.809524536132813,0,4.761904716491699,4.761904716491699,4.761904716491699,5.299649238586426,8589934592,2147483648,5990612992,407961600
201,1771998980921,3204,3204,3204,3204,3204,3204,3204,3204,28.571430206298828,20,25,19.047618865966797,4.545454502105713,0,0,0,5.299649238586426,8589934592,2147483648,6004736000,407961600
204,1771998981123,3204,3204,3204,3204,3204,3204,3204,3204,23.809524536132813,20,25,15.000000953674316,0,0,4.761904716491699,0,5.528843402862549,8589934592,2147483648,5992087552,407961600
201,1771998981328,3204,3204,3204,3204,3204,3204,3204,3204,35,40.90909194946289,35,35,4.761904716491699,0,0,9.090909004211426,5.528843402862549,8589934592,2147483648,5994266624,407961600
204,1771998981529,3204,3204,3204,3204,3204,3204,3204,3204,30.000001907348633,21.052631378173828,30.000001907348633,15.000000953674316,0,0,0,0,5.528843402862549,8589934592,2147483648,5994397696,407961600
200,1771998981734,3204,3204,3204,3204,3204,3204,3204,3204,38.095237731933594,33.333335876464844,33.333335876464844,25,26.3157901763916,18.18181800842285,5,5,5.528843402862549,8589934592,2147483648,5986631680,407961600
207,1771998981935,3204,3204,3204,3204,3204,3204,3204,3204,26.3157901763916,21.052631378173828,25,15.000000953674316,9.523809432983398,0,5,0,5.528843402862549,8589934592,2147483648,5986877440,407961600
209,1771998982143,3204,3204,3204,3204,3204,3204,3204,3204,28.571430206298828,25,20,23.809524536132813,0,4.761904716491699,0,4.761904716491699,5.497766017913818,8589934592,2147483648,5986877440,407961600
204,1771998982353,3204,3204,3204,3204,3204,3204,3204,3204,28.571430206298828,27.272727966308594,22.72727394104004,18.18181800842285,9.090909004211426,0,4.545454502105713,0,5.497766017913818,8589934592,2147483648,5987074048,407961600
206,1771998982558,3204,3204,3204,3204,3204,3204,3204,3204,26.3157901763916,30.000001907348633,21.052631378173828,21.052631378173828,4.761904716491699,4.761904716491699,0,4.761904716491699,5.497766017913818,8589934592,2147483648,5986533376,407961600
209,1771998982764,3204,3204,3204,3204,3204,3204,3204,3204,38.095237731933594,30.000001907348633,33.333335876464844,28.571430206298828,30.000001907348633,38.095237731933594,30.000001907348633,20,5.497766017913818,8589934592,2147483648,5985812480,407961600
203,1771998982975,3204,3204,3204,3204,3204,3204,3204,3204,28.571430206298828,27.272727966308594,19.047618865966797,15.000000953674316,0,0,0,0,5.497766017913818,8589934592,2147483648,5985763328,407961600
209,1771998983179,3204,3204,3204,3204,3204,3204,3204,3204,40,40,40,33.333335876464844,0,0,4.761904716491699,0,5.576693058013916,8589934592,2147483648,5991366656,407961600
205,1771998983389,3204,3204,3204,3204,3204,3204,3204,3204,33.333335876464844,35,28.571430206298828,28.571430206298828,28.571430206298828,23.809524536132813,22.72727394104004,23.809524536132813,5.576693058013916,8589934592,2147483648,5991366656,407961600
209,1771998983595,3204,3204,3204,3204,3204,3204,3204,3204,28.571430206298828,20,19.047618865966797,14.285715103149414,0,0,0,0,5.576693058013916,8589934592,2147483648,5990907904,407961600
209,1771998983804,3204,3204,3204,3204,3204,3204,3204,3204,30.000001907348633,33.333335876464844,25,25,14.285715103149414,9.523809432983398,5,0,5.576693058013916,8589934592,2147483648,6001049600,407961600
209,1771998984015,3204,3204,3204,3204,3204,3204,3204,3204,31.81818199157715,27.272727966308594,27.272727966308594,18.18181800842285,20,18.18181800842285,4.545454502105713,4.545454502105713,5.576693058013916,8589934592,2147483648,5990629376,407961600
199,1771998984225,3204,3204,3204,3204,3204,3204,3204,3204,25,25,19.047618865966797,19.047618865966797,9.090909004211426,5,4.761904716491699,9.090909004211426,5.831499099731445,8589934592,2147483648,5990629376,407961600
207,1771998984425,3204,3204,3204,3204,3204,3204,3204,3204,28.571430206298828,20,25,10.526315689086914,10,9.523809432983398,0,0,5.831499099731445,8589934592,2147483648,5990629376,407961600
201,1771998984633,3204,3204,3204,3204,3204,3204,3204,3204,25,31.81818199157715,15.000000953674316,19.047618865966797,4.761904716491699,0,4.545454502105713,4.761904716491699,5.831499099731445,8589934592,2147483648,5990334464,407961600
205,1771998984835,3204,3204,3204,3204,3204,3204,3204,3204,26.3157901763916,21.052631378173828,20,19.047618865966797,0,0,0,0,5.831499099731445,8589934592,2147483648,5992333312,407961600
208,1771998985043,3204,3204,3204,3204,3204,3204,3204,3204,31.81818199157715,28.571430206298828,23.809524536132813,20,5,5,0,0,5.9094414710998535,8589934592,2147483648,5992333312,407961600
209,1771998985251,3204,3204,3204,3204,3204,3204,3204,3204,25,30.000001907348633,25,19.047618865966797,4.545454502105713,4.545454502105713,0,0,5.9094414710998535,8589934592,2147483648,5992333312,407961600
209,1771998985461,3204,3204,3204,3204,3204,3204,3204,3204,31.81818199157715,23.809524536132813,19.047618865966797,19.047618865966797,10,9.523809432983398,4.761904716491699,4.761904716491699,5.9094414710998535,8589934592,2147483648,5992333312,407961600
209,1771998985671,3204,3204,3204,3204,3204,3204,3204,3204,15.789472579956055,23.809524536132813,19.047618865966797,19.047618865966797,0,4.545454502105713,4.761904716491699,0,5.9094414710998535,8589934592,2147483648,5994283008,407961600
209,1771998985881,3204,3204,3204,3204,3204,3204,3204,3204,27.272727966308594,28.571430206298828,19.047618865966797,19.047618865966797,0,0,0,0,5.9094414710998535,8589934592,2147483648,5993414656,407961600
206,1771998986091,3204,3204,3204,3204,3204,3204,3204,3204,33.333335876464844,33.333335876464844,28.571430206298828,28.571430206298828,31.81818199157715,19.047618865966797,9.523809432983398,4.761904716491699,5.5061564445495605,8589934592,2147483648,6009454592,407961600
207,1771998986298,3204,3204,3204,3204,3204,3204,3204,3204,30.000001907348633,23.809524536132813,23.809524536132813,25,0,0,0,0,5.5061564445495605,8589934592,2147483648,6009126912,407961600
201,1771998986506,3204,3204,3204,3204,3204,3204,3204,3204,23.809524536132813,25,19.047618865966797,28.571430206298828,0,4.761904716491699,4.761904716491699,0,5.5061564445495605,8589934592,2147483648,6008864768,407961600
209,1771998986709,3204,3204,3204,3204,3204,3204,3204,3204,25,23.809524536132813,20,20,4.761904716491699,0,0,4.761904716491699,5.5061564445495605,8589934592,2147483648,5992742912,407961600
208,1771998986919,3204,3204,3204,3204,3204,3204,3204,3204,47.619049072265625,55,47.619049072265625,30.000001907348633,4.761904716491699,4.761904716491699,4.761904716491699,0,5.5061564445495605,8589934592,2147483648,5997674496,407961600
209,1771998987127,3204,3204,3204,3204,3204,3204,3204,3204,25,27.272727966308594,20,22.72727394104004,0,4.545454502105713,0,4.761904716491699,5.537880897521973,8589934592,2147483648,5997690880,407961600
209,1771998987337,3204,3204,3204,3204,3204,3204,3204,3204,28.571430206298828,25,23.809524536132813,20,0,0,0,0,5.537880897521973,8589934592,2147483648,5997707264,407961600
207,1771998987547,3204,3204,3204,3204,3204,3204,3204,3204,28.571430206298828,25,23.809524536132813,18.18181800842285,9.090909004211426,5,0,0,5.537880897521973,8589934592,2147483648,6012698624,407961600
209,1771998987756,3204,3204,3204,3204,3204,3204,3204,3204,25,27.272727966308594,23.809524536132813,15.000000953674316,23.809524536132813,9.090909004211426,0,0,5.537880897521973,8589934592,2147483648,5997543424,407961600
209,1771998987966,3204,3204,3204,3204,3204,3204,3204,3204,27.272727966308594,30.000001907348633,23.809524536132813,20,0,0,0,0,5.537880897521973,8589934592,2147483648,5997576192,407961600
204,1771998988176,3204,3204,3204,3204,3204,3204,3204,3204,33.333335876464844,28.571430206298828,20,22.72727394104004,15.000000953674316,23.809524536132813,4.761904716491699,4.761904716491699,5.542261123657227,8589934592,2147483648,5994561536,407961600
207,1771998988381,3204,3204,3204,3204,3204,3204,3204,3204,20,23.809524536132813,23.809524536132813,25,4.761904716491699,9.523809432983398,0,0,5.542261123657227,8589934592,2147483648,5994594304,407961600
209,1771998988589,3204,3204,3204,3204,3204,3204,3204,3204,23.809524536132813,25,15.000000953674316,25,0,0,0,0,5.542261123657227,8589934592,2147483648,5994774528,407961600
199,1771998988799,3204,3204,3204,3204,3204,3204,3204,3204,28.571430206298828,25,23.809524536132813,18.18181800842285,4.761904716491699,0,8.69565200805664,9.090909004211426,5.542261123657227,8589934592,2147483648,5995020288,407961600
207,1771998989000,3204,3204,3204,3204,3204,3204,3204,3204,31.57894515991211,33.333335876464844,25,21.052631378173828,0,0,0,0,5.542261123657227,8589934592,2147483648,5995413504,407961600
205,1771998989208,3204,3204,3204,3204,3204,3204,3204,3204,31.81818199157715,20,23.809524536132813,18.18181800842285,4.761904716491699,4.761904716491699,0,0,5.4212541580200195,8589934592,2147483648,5995085824,407961600
209,1771998989415,3204,3204,3204,3204,3204,3204,3204,3204,25,23.809524536132813,19.047618865966797,15.000000953674316,9.090909004211426,9.523809432983398,0,0,5.4212541580200195,8589934592,2147483648,5995134976,407961600
207,1771998989625,3204,3204,3204,3204,3204,3204,3204,3204,28.571430206298828,28.571430206298828,20,19.047618865966797,0,0,0,0,5.4212541580200195,8589934592,2147483648,5995249664,407961600
207,1771998989833,3204,3204,3204,3204,3204,3204,3204,3204,20,31.81818199157715,19.047618865966797,19.047618865966797,4.761904716491699,0,4.545454502105713,0,5.4212541580200195,8589934592,2147483648,5995298816,407961600
209,1771998990041,3204,3204,3204,3204,3204,3204,3204,3204,30.000001907348633,26.3157901763916,23.809524536132813,19.047618865966797,0,0,0,0,5.644703388214111,8589934592,2147483648,5995315200,407961600
204,1771998990251,3204,3204,3204,3204,3204,3204,3204,3204,36.3636360168457,38.095237731933594,33.333335876464844,25,14.285715103149414,14.285715103149414,5,4.545454502105713,5.644703388214111,8589934592,2147483648,6006259712,407961600
209,1771998990456,3204,3204,3204,3204,3204,3204,3204,3204,35,35,23.809524536132813,20,15.000000953674316,19.047618865966797,9.523809432983398,5,5.644703388214111,8589934592,2147483648,6006259712,407961600
200,1771998990666,3204,3204,3204,3204,3204,3204,3204,3204,14.285715103149414,22.72727394104004,10,9.523809432983398,13.636363983154297,14.285715103149414,0,0,5.644703388214111,8589934592,2147483648,6006259712,407961600
205,1771998990867,3204,3204,3204,3204,3204,3204,3204,3204,30.000001907348633,26.3157901763916,20,15.000000953674316,10.526315689086914,10,19.047618865966797,10,5.644703388214111,8589934592,2147483648,6001311744,407961600
209,1771998991073,3204,3204,3204,3204,3204,3204,3204,3204,20,31.81818199157715,19.047618865966797,23.809524536132813,0,0,0,0,5.25982666015625,8589934592,2147483648,6001377280,407961600
201,1771998991282,3204,3204,3204,3204,3204,3204,3204,3204,28.571430206298828,30.000001907348633,23.809524536132813,19.047618865966797,9.090909004211426,9.523809432983398,4.761904716491699,0,5.25982666015625,8589934592,2147483648,6001377280,407961600
205,1771998991485,3204,3204,3204,3204,3204,3204,3204,3204,23.809524536132813,30.000001907348633,15.789472579956055,19.047618865966797,0,4.761904716491699,4.761904716491699,4.761904716491699,5.25982666015625,8589934592,2147483648,6001377280,407961600
208,1771998991692,3204,3204,3204,3204,3204,3204,3204,3204,21.052631378173828,28.571430206298828,23.809524536132813,15.000000953674316,9.090909004211426,0,0,0,5.25982666015625,8589934592,2147483648,6001377280,407961600
206,1771998991901,3204,3204,3204,3204,3204,3204,3204,3204,22.72727394104004,30.000001907348633,19.047618865966797,19.047618865966797,4.761904716491699,9.090909004211426,4.761904716491699,4.761904716491699,5.25982666015625,8589934592,2147483648,5997150208,407961600
207,1771998992108,3204,3204,3204,3204,3204,3204,3204,3204,25,28.571430206298828,25,20,5,0,4.761904716491699,4.761904716491699,5.954929828643799,8589934592,2147483648,5997166592,407961600
209,1771998992316,3204,3204,3204,3204,3204,3204,3204,3204,28.571430206298828,28.571430206298828,31.81818199157715,20,5,9.523809432983398,5,4.761904716491699,5.954929828643799,8589934592,2147483648,5998051328,407961600
204,1771998992526,3204,3204,3204,3204,3204,3204,3204,3204,28.571430206298828,33.333335876464844,28.571430206298828,23.809524536132813,40.90909194946289,18.18181800842285,0,0,5.954929828643799,8589934592,2147483648,5996085248,407961600
209,1771998992731,3204,3204,3204,3204,3204,3204,3204,3204,26.3157901763916,28.571430206298828,21.052631378173828,28.571430206298828,10,15.789472579956055,0,0,5.954929828643799,8589934592,2147483648,5996331008,407961600
209,1771998992941,3204,3204,3204,3204,3204,3204,3204,3204,31.81818199157715,20,22.72727394104004,19.047618865966797,0,4.545454502105713,4.545454502105713,0,5.954929828643799,8589934592,2147483648,5996298240,407961600
206,1771998993151,3204,3204,3204,3204,3204,3204,3204,3204,20,20,25,23.809524536132813,4.761904716491699,0,0,4.761904716491699,5.2980241775512695,8589934592,2147483648,5996363776,407961600
201,1771998993358,3204,3204,3204,3204,3204,3204,3204,3204,27.272727966308594,23.809524536132813,28.571430206298828,19.047618865966797,4.761904716491699,9.523809432983398,4.761904716491699,0,5.2980241775512695,8589934592,2147483648,5996347392,407961600
209,1771998993560,3204,3204,3204,3204,3204,3204,3204,3204,26.3157901763916,28.571430206298828,20,21.052631378173828,9.523809432983398,4.761904716491699,0,0,5.2980241775512695,8589934592,2147483648,5996593152,407961600
204,1771998993770,3204,3204,3204,3204,3204,3204,3204,3204,27.272727966308594,20,19.047618865966797,27.272727966308594,0,0,4.545454502105713,4.545454502105713,5.2980241775512695,8589934592,2147483648,5996609536,407961600
203,1771998993975,3204,3204,3204,3204,3204,3204,3204,3204,21.052631378173828,20,23.809524536132813,21.052631378173828,0,0,0,0,5.2980241775512695,8589934592,2147483648,5996593152,407961600
209,1771998994179,3204,3204,3204,3204,3204,3204,3204,3204,25,28.571430206298828,20,23.809524536132813,4.761904716491699,4.761904716491699,0,0,5.6360182762146,8589934592,2147483648,5996609536,407961600
209,1771998994389,3204,3204,3204,3204,3204,3204,3204,3204,27.272727966308594,19.047618865966797,15.000000953674316,28.571430206298828,4.761904716491699,0,4.545454502105713,0,5.6360182762146,8589934592,2147483648,5996658688,407961600
208,1771998994599,3204,3204,3204,3204,3204,3204,3204,3204,28.571430206298828,28.571430206298828,31.81818199157715,23.809524536132813,25,31.81818199157715,9.523809432983398,19.047618865966797,5.6360182762146,8589934592,2147483648,5996658688,407961600
205,1771998994808,3204,3204,3204,3204,3204,3204,3204,3204,25,20,19.047618865966797,22.72727394104004,4.761904716491699,4.761904716491699,0,0,5.6360182762146,8589934592,2147483648,5996658688,407961600
207,1771998995015,3204,3204,3204,3204,3204,3204,3204,3204,28.571430206298828,25,20,20,4.761904716491699,0,0,0,5.6360182762146,8589934592,2147483648,5996724224,407961600
201,1771998995222,3204,3204,3204,3204,3204,3204,3204,3204,30.000001907348633,28.571430206298828,23.809524536132813,20,0,4.545454502105713,0,0,5.536333084106445,8589934592,2147483648,5996789760,407961600
209,1771998995424,3204,3204,3204,3204,3204,3204,3204,3204,28.571430206298828,20,21.052631378173828,20,5,0,5,4.761904716491699,5.536333084106445,8589934592,2147483648,5996838912,407961600
205,1771998995634,3204,3204,3204,3204,3204,3204,3204,3204,20,19.047618865966797,14.285715103149414,14.285715103149414,14.285715103149414,5,9.523809432983398,4.761904716491699,5.536333084106445,8589934592,2147483648,5996838912,407961600
199,1771998995841,3204,3204,3204,3204,3204,3204,3204,3204,23.809524536132813,23.809524536132813,23.809524536132813,19.047618865966797,0,0,0,0,5.536333084106445,8589934592,2147483648,5996838912,407961600
207,1771998996042,3204,3204,3204,3204,3204,3204,3204,3204,40,31.57894515991211,35,25,5,9.523809432983398,0,0,5.706357479095459,8589934592,2147483648,5970182144,407961600
201,1771998996249,3204,3204,3204,3204,3204,3204,3204,3204,30.000001907348633,27.272727966308594,20,19.047618865966797,0,0,4.761904716491699,0,5.706357479095459,8589934592,2147483648,5984600064,407961600
205,1771998996452,3204,3204,3204,3204,3204,3204,3204,3204,33.333335876464844,25,20,15.789472579956055,0,0,0,0,5.706357479095459,8589934592,2147483648,5969772544,407961600
206,1771998996658,3204,3204,3204,3204,3204,3204,3204,3204,30.000001907348633,25,33.333335876464844,23.809524536132813,23.809524536132813,9.523809432983398,9.523809432983398,4.761904716491699,5.706357479095459,8589934592,2147483648,5969772544,407961600
209,1771998996865,3204,3204,3204,3204,3204,3204,3204,3204,30.000001907348633,23.809524536132813,25,23.809524536132813,25,10,0,0,5.706357479095459,8589934592,2147483648,5969772544,407961600
208,1771998997075,3204,3204,3204,3204,3204,3204,3204,3204,23.809524536132813,23.809524536132813,19.047618865966797,14.285715103149414,0,0,0,0,5.328707218170166,8589934592,2147483648,5979275264,407961600
207,1771998997284,3204,3204,3204,3204,3204,3204,3204,3204,42.85714340209961,42.85714340209961,36.3636360168457,38.095237731933594,4.761904716491699,4.761904716491699,0,0,5.328707218170166,8589934592,2147483648,5969494016,407961600
205,1771998997492,3204,3204,3204,3204,3204,3204,3204,3204,28.571430206298828,20,30.000001907348633,20,0,0,0,0,5.328707218170166,8589934592,2147483648,5969543168,407961600
209,1771998997698,3204,3204,3204,3204,3204,3204,3204,3204,26.3157901763916,25,28.571430206298828,20,28.571430206298828,9.523809432983398,0,0,5.328707218170166,8589934592,2147483648,5969543168,407961600
205,1771998997908,3204,3204,3204,3204,3204,3204,3204,3204,22.72727394104004,19.047618865966797,30.000001907348633,13.636363983154297,4.761904716491699,4.545454502105713,4.761904716491699,4.545454502105713,5.328707218170166,8589934592,2147483648,5969543168,407961600
207,1771998998115,3204,3204,3204,3204,3204,3204,3204,3204,28.571430206298828,28.571430206298828,28.571430206298828,19.047618865966797,0,0,0,0,5.5880842208862305,8589934592,2147483648,5970034688,407961600
208,1771998998323,3204,3204,3204,3204,3204,3204,3204,3204,30.000001907348633,30.000001907348633,33.333335876464844,20,20,20,20,20,5.5880842208862305,8589934592,2147483648,5970198528,407961600
208,1771998998531,3204,3204,3204,3204,3204,3204,3204,3204,23.809524536132813,31.81818199157715,23.809524536132813,20,0,0,0,0,5.5880842208862305,8589934592,2147483648,5970280448,407961600
207,1771998998740,3204,3204,3204,3204,3204,3204,3204,3204,25,21.052631378173828,20,14.285715103149414,9.090909004211426,4.761904716491699,4.761904716491699,0,5.5880842208862305,8589934592,2147483648,5970362368,407961600
209,1771998998948,3204,3204,3204,3204,3204,3204,3204,3204,28.571430206298828,36.3636360168457,28.571430206298828,25,40,38.095237731933594,45.45454788208008,9.090909004211426,5.5880842208862305,8589934592,2147483648,5980127232,407961600
201,1771998999158,3204,3204,3204,3204,3204,3204,3204,3204,23.809524536132813,30.000001907348633,14.285715103149414,17.39130401611328,23.809524536132813,19.047618865966797,15.000000953674316,9.523809432983398,5.378471851348877,8589934592,2147483648,5990760448,407961600
208,1771998999360,3204,3204,3204,3204,3204,3204,3204,3204,20,20,20,5.555555820465088,5,5,0,4.761904716491699,5.378471851348877,8589934592,2147483648,5990596608,407961600
202,1771998999569,3204,3204,3204,3204,3204,3204,3204,3204,27.272727966308594,28.571430206298828,15.000000953674316,18.18181800842285,5,9.523809432983398,4.761904716491699,0,5.378471851348877,8589934592,2147483648,5990596608,407961600
202,1771998999772,3204,3204,3204,3204,3204,3204,3204,3204,52.6315803527832,50,52.38095474243164,42.85714340209961,4.761904716491699,5,4.761904716491699,5,5.378471851348877,8589934592,2147483648,5996724224,407961600
208,1771998999974,3204,3204,3204,3204,3204,3204,3204,3204,30.000001907348633,35,30.000001907348633,21.052631378173828,9.523809432983398,4.761904716491699,0,0,5.378471851348877,8589934592,2147483648,6013239296,407961600
200,1771999000183,3204,3204,3204,3204,3204,3204,3204,3204,23.809524536132813,31.81818199157715,20,19.047618865966797,0,4.761904716491699,0,4.545454502105713,7.073960781097412,8589934592,2147483648,5998084096,407961600
208,1771999000384,3204,3204,3204,3204,3204,3204,3204,3204,30.000001907348633,26.3157901763916,28.571430206298828,20,5,5,4.761904716491699,0,7.073960781097412,8589934592,2147483648,5997166592,407961600
200,1771999000593,3204,3204,3204,3204,3204,3204,3204,3204,19.047618865966797,23.809524536132813,15.000000953674316,19.047618865966797,10,10,4.761904716491699,4.761904716491699,7.073960781097412,8589934592,2147483648,6014435328,407961600
209,1771999000794,3204,3204,3204,3204,3204,3204,3204,3204,25,15.789472579956055,19.047618865966797,19.047618865966797,5,5,0,0,7.073960781097412,8589934592,2147483648,6014451712,407961600
209,1771999001004,3204,3204,3204,3204,3204,3204,3204,3204,40,40.90909194946289,33.333335876464844,30.000001907348633,28.571430206298828,9.523809432983398,4.761904716491699,4.545454502105713,7.073960781097412,8589934592,2147483648,6014451712,407961600
207,1771999001214,3204,3204,3204,3204,3204,3204,3204,3204,28.571430206298828,28.571430206298828,20,19.047618865966797,19.047618865966797,18.18181800842285,4.761904716491699,0,5.8001933097839355,8589934592,2147483648,6000443392,407961600
204,1771999001423,3204,3204,3204,3204,3204,3204,3204,3204,23.809524536132813,25,28.571430206298828,23.809524536132813,9.090909004211426,0,4.761904716491699,4.545454502105713,5.8001933097839355,8589934592,2147483648,6000246784,407961600
202,1771999001628,3204,3204,3204,3204,3204,3204,3204,3204,30.000001907348633,23.809524536132813,20,15.000000953674316,0,4.545454502105713,4.545454502105713,0,5.8001933097839355,8589934592,2147483648,6000246784,407961600
203,1771999001831,3204,3204,3204,3204,3204,3204,3204,3204,25,23.809524536132813,23.809524536132813,20,4.761904716491699,5,0,5,5.8001933097839355,8589934592,2147483648,6000246784,407961600
204,1771999002035,3204,3204,3204,3204,3204,3204,3204,3204,28.571430206298828,20,20,19.047618865966797,0,0,4.761904716491699,0,5.459291934967041,8589934592,2147483648,6000246784,407961600
200,1771999002240,3204,3204,3204,3204,3204,3204,3204,3204,28.571430206298828,21.052631378173828,23.809524536132813,19.047618865966797,4.761904716491699,4.761904716491699,4.761904716491699,4.761904716491699,5.459291934967041,8589934592,2147483648,5996380160,407961600
206,1771999002441,3204,3204,3204,3204,3204,3204,3204,3204,27.77777862548828,23.809524536132813,20,15.789472579956055,0,0,0,0,5.459291934967041,8589934592,2147483648,5997428736,407961600
209,1771999002648,3204,3204,3204,3204,3204,3204,3204,3204,31.81818199157715,28.571430206298828,25,20,9.523809432983398,25,0,0,5.459291934967041,8589934592,2147483648,5995823104,407961600
209,1771999002858,3204,3204,3204,3204,3204,3204,3204,3204,20,15.000000953674316,28.571430206298828,18.18181800842285,0,0,0,0,5.459291934967041,8589934592,2147483648,5995773952,407961600
200,1771999003068,3204,3204,3204,3204,3204,3204,3204,3204,42.85714340209961,42.85714340209961,33.333335876464844,30.000001907348633,5,9.090909004211426,5,0,5.407862663269043,8589934592,2147483648,6005309440,407961600
203,1771999003269,3204,3204,3204,3204,3204,3204,3204,3204,30.000001907348633,21.052631378173828,25,20,19.047618865966797,25,4.761904716491699,0,5.407862663269043,8589934592,2147483648,5995855872,407961600
207,1771999003474,3204,3204,3204,3204,3204,3204,3204,3204,30.000001907348633,23.809524536132813,25,15.000000953674316,0,0,0,0,5.407862663269043,8589934592,2147483648,5995855872,407961600
209,1771999003682,3204,3204,3204,3204,3204,3204,3204,3204,28.571430206298828,25,19.047618865966797,19.047618865966797,4.545454502105713,0,4.545454502105713,0,5.407862663269043,8589934592,2147483648,5995872256,407961600
207,1771999003892,3204,3204,3204,3204,3204,3204,3204,3204,19.047618865966797,27.272727966308594,23.809524536132813,19.047618865966797,0,0,0,0,5.407862663269043,8589934592,2147483648,5995905024,407961600
207,1771999004099,3204,3204,3204,3204,3204,3204,3204,3204,33.333335876464844,23.809524536132813,23.809524536132813,25,5,9.523809432983398,5,4.761904716491699,5.4666643142700195,8589934592,2147483648,5995757568,407961600
206,1771999004308,3204,3204,3204,3204,3204,3204,3204,3204,30.000001907348633,25,20,18.18181800842285,4.761904716491699,5,4.761904716491699,0,5.4666643142700195,8589934592,2147483648,5995479040,407961600
201,1771999004514,3204,3204,3204,3204,3204,3204,3204,3204,33.333335876464844,19.047618865966797,19.047618865966797,15.000000953674316,5,9.523809432983398,0,5,5.4666643142700195,8589934592,2147483648,5995642880,407961600
207,1771999004716,3204,3204,3204,3204,3204,3204,3204,3204,30.000001907348633,21.052631378173828,20,20,5,5,5,4.761904716491699,5.4666643142700195,8589934592,2147483648,5995626496,407961600
205,1771999004924,3204,3204,3204,3204,3204,3204,3204,3204,28.571430206298828,23.809524536132813,19.047618865966797,19.047618865966797,4.761904716491699,0,0,0,5.4666643142700195,8589934592,2147483648,5995626496,407961600
201,1771999005130,3204,3204,3204,3204,3204,3204,3204,3204,30.000001907348633,28.571430206298828,20,20,9.523809432983398,13.636363983154297,9.523809432983398,13.043478012084961,5.506234645843506,8589934592,2147483648,5996740608,407961600
209,1771999005332,3204,3204,3204,3204,3204,3204,3204,3204,35,25,25,20,25,15.000000953674316,5,15.000000953674316,5.506234645843506,8589934592,2147483648,5995610112,407961600
208,1771999005542,3204,3204,3204,3204,3204,3204,3204,3204,28.571430206298828,28.571430206298828,25,19.047618865966797,9.523809432983398,9.523809432983398,4.761904716491699,5,5.506234645843506,8589934592,2147483648,5995610112,407961600
209,1771999005751,3204,3204,3204,3204,3204,3204,3204,3204,19.047618865966797,23.809524536132813,13.636363983154297,14.285715103149414,14.285715103149414,14.285715103149414,4.761904716491699,0,5.506234645843506,8589934592,2147483648,6013222912,407961600
207,1771999005961,3204,3204,3204,3204,3204,3204,3204,3204,23.809524536132813,23.809524536132813,28.571430206298828,22.72727394104004,0,0,4.545454502105713,4.761904716491699,5.506234645843506,8589934592,2147483648,6013222912,407961600
207,1771999006169,3204,3204,3204,3204,3204,3204,3204,3204,20,30.000001907348633,20,15.000000953674316,0,4.761904716491699,0,0,5.377101898193359,8589934592,2147483648,6013222912,407961600
199,1771999006377,3204,3204,3204,3204,3204,3204,3204,3204,27.272727966308594,33.333335876464844,22.72727394104004,15.000000953674316,4.761904716491699,4.761904716491699,4.761904716491699,0,5.377101898193359,8589934592,2147483648,5998673920,407961600
203,1771999006578,3204,3204,3204,3204,3204,3204,3204,3204,21.052631378173828,26.3157901763916,21.052631378173828,23.809524536132813,5,4.761904716491699,0,4.761904716491699,5.377101898193359,8589934592,2147483648,5998673920,407961600
209,1771999006781,3204,3204,3204,3204,3204,3204,3204,3204,26.3157901763916,23.809524536132813,19.047618865966797,20,0,0,0,0,5.377101898193359,8589934592,2147483648,5998673920,407961600
203,1771999006991,3204,3204,3204,3204,3204,3204,3204,3204,27.272727966308594,28.571430206298828,20,19.047618865966797,0,4.545454502105713,0,0,5.377101898193359,8589934592,2147483648,5998673920,407961600
203,1771999007194,3204,3204,3204,3204,3204,3204,3204,3204,25,25,20,23.809524536132813,9.523809432983398,0,0,0,5.691683769226074,8589934592,2147483648,5998673920,407961600
209,1771999007398,3204,3204,3204,3204,3204,3204,3204,3204,35,35,28.571430206298828,26.3157901763916,15.789472579956055,14.285715103149414,10,4.761904716491699,5.691683769226074,8589934592,2147483648,6007717888,407961600
209,1771999007608,3204,3204,3204,3204,3204,3204,3204,3204,27.272727966308594,23.809524536132813,25,23.809524536132813,22.72727394104004,15.000000953674316,4.545454502105713,0,5.691683769226074,8589934592,2147483648,5997461504,407961600
205,1771999007819,3204,3204,3204,3204,3204,3204,3204,3204,20,23.809524536132813,27.272727966308594,19.047618865966797,23.809524536132813,13.636363983154297,4.761904716491699,4.761904716491699,5.691683769226074,8589934592,2147483648,5996511232,407961600
207,1771999008025,3204,3204,3204,3204,3204,3204,3204,3204,20,23.809524536132813,21.052631378173828,19.047618865966797,0,0,0,0,5.196053504943848,8589934592,2147483648,5996527616,407961600
207,1771999008233,3204,3204,3204,3204,3204,3204,3204,3204,27.272727966308594,20,27.272727966308594,19.047618865966797,0,0,0,0,5.196053504943848,8589934592,2147483648,5996445696,407961600
206,1771999008441,3204,3204,3204,3204,3204,3204,3204,3204,25,25,25,15.000000953674316,4.761904716491699,0,0,0,5.196053504943848,8589934592,2147483648,5996494848,407961600
209,1771999008648,3204,3204,3204,3204,3204,3204,3204,3204,25,27.272727966308594,23.809524536132813,19.047618865966797,4.545454502105713,0,0,0,5.196053504943848,8589934592,2147483648,5996429312,407961600
203,1771999008858,3204,3204,3204,3204,3204,3204,3204,3204,19.047618865966797,25,25,19.047618865966797,5,5,4.761904716491699,4.761904716491699,5.196053504943848,8589934592,2147483648,5996167168,407961600
202,1771999009062,3204,3204,3204,3204,3204,3204,3204,3204,23.809524536132813,28.571430206298828,28.571430206298828,19.047618865966797,0,4.761904716491699,0,0,5.829098224639893,8589934592,2147483648,5995937792,407961600
204,1771999009265,3204,3204,3204,3204,3204,3204,3204,3204,25,20,23.809524536132813,15.789472579956055,0,0,0,0,5.829098224639893,8589934592,2147483648,5996019712,407961600
206,1771999009473,3204,3204,3204,3204,3204,3204,3204,3204,30.000001907348633,28.571430206298828,25,28.571430206298828,14.285715103149414,9.523809432983398,5,4.761904716491699,5.829098224639893,8589934592,2147483648,5996167168,407961600
204,1771999009680,3204,3204,3204,3204,3204,3204,3204,3204,28.571430206298828,25,23.809524536132813,28.571430206298828,28.571430206298828,20,18.18181800842285,9.523809432983398,5.829098224639893,8589934592,2147483648,5995708416,407961600
209,1771999009885,3204,3204,3204,3204,3204,3204,3204,3204,26.3157901763916,33.333335876464844,20,15.000000953674316,4.761904716491699,4.761904716491699,0,0,5.829098224639893,8589934592,2147483648,5995724800,407961600
201,1771999010095,3204,3204,3204,3204,3204,3204,3204,3204,31.81818199157715,25,20,15.000000953674316,0,0,4.545454502105713,0,5.174243450164795,8589934592,2147483648,5995823104,407961600
205,1771999010296,3204,3204,3204,3204,3204,3204,3204,3204,30.000001907348633,30.000001907348633,27.272727966308594,19.047618865966797,4.761904716491699,4.761904716491699,0,0,5.174243450164795,8589934592,2147483648,5995724800,407961600
209,1771999010502,3204,3204,3204,3204,3204,3204,3204,3204,28.571430206298828,23.809524536132813,21.052631378173828,20,0,0,0,0,5.174243450164795,8589934592,2147483648,5997625344,407961600
200,1771999010712,3204,3204,3204,3204,3204,3204,3204,3204,30.000001907348633,19.047618865966797,14.285715103149414,13.636363983154297,9.523809432983398,13.636363983154297,4.761904716491699,4.761904716491699,5.174243450164795,8589934592,2147483648,6014959616,407961600
206,1771999010912,3204,3204,3204,3204,3204,3204,3204,3204,25,21.052631378173828,25,20,0,0,0,0,5.174243450164795,8589934592,2147483648,6000558080,407961600
204,1771999011119,3204,3204,3204,3204,3204,3204,3204,3204,23.809524536132813,20,23.809524536132813,15.789472579956055,4.761904716491699,4.761904716491699,0,0,5.826530933380127,8589934592,2147483648,6000558080,407961600
203,1771999011324,3204,3204,3204,3204,3204,3204,3204,3204,25,23.809524536132813,20,19.047618865966797,9.523809432983398,5,4.761904716491699,4.761904716491699,5.826530933380127,8589934592,2147483648,6000558080,407961600
202,1771999011528,3204,3204,3204,3204,3204,3204,3204,3204,38.095237731933594,33.333335876464844,28.571430206298828,28.571430206298828,25,21.052631378173828,25,20,5.826530933380127,8589934592,2147483648,6001426432,407961600
202,1771999011730,3204,3204,3204,3204,3204,3204,3204,3204,31.57894515991211,26.3157901763916,30.000001907348633,25,28.571430206298828,14.285715103149414,4.761904716491699,4.761904716491699,5.826530933380127,8589934592,2147483648,6012125184,407961600
207,1771999011933,3204,3204,3204,3204,3204,3204,3204,3204,33.333335876464844,28.571430206298828,21.052631378173828,20,20,10,5,5,5.826530933380127,8589934592,2147483648,6012125184,407961600
209,1771999012141,3204,3204,3204,3204,3204,3204,3204,3204,25,28.571430206298828,23.809524536132813,23.809524536132813,4.761904716491699,4.761904716491699,0,0,5.261061668395996,8589934592,2147483648,6012125184,407961600
205,1771999012351,3204,3204,3204,3204,3204,3204,3204,3204,19.047618865966797,23.809524536132813,23.809524536132813,14.285715103149414,4.761904716491699,4.761904716491699,4.545454502105713,4.545454502105713,5.261061668395996,8589934592,2147483648,6012125184,407961600
199,1771999012557,3204,3204,3204,3204,3204,3204,3204,3204,28.571430206298828,25,23.809524536132813,23.809524536132813,4.761904716491699,4.761904716491699,0,0,5.261061668395996,8589934592,2147483648,5997821952,407961600
209,1771999012757,3204,3204,3204,3204,3204,3204,3204,3204,25,28.571430206298828,28.571430206298828,21.052631378173828,30.000001907348633,5,0,4.761904716491699,5.261061668395996,8589934592,2147483648,5997543424,407961600
209,1771999012967,3204,3204,3204,3204,3204,3204,3204,3204,33.333335876464844,20,20,19.047618865966797,0,4.761904716491699,4.545454502105713,0,5.261061668395996,8589934592,2147483648,5997543424,407961600
203,1771999013178,3204,3204,3204,3204,3204,3204,3204,3204,20,19.047618865966797,23.809524536132813,19.047618865966797,0,0,0,0,6.1111907958984375,8589934592,2147483648,5997559808,407961600
203,1771999013381,3204,3204,3204,3204,3204,3204,3204,3204,28.571430206298828,25,30.000001907348633,23.809524536132813,5,4.761904716491699,9.523809432983398,4.761904716491699,6.1111907958984375,8589934592,2147483648,5997559808,407961600
205,1771999013585,3204,3204,3204,3204,3204,3204,3204,3204,30.000001907348633,20,30.000001907348633,25,0,0,0,0,6.1111907958984375,8589934592,2147483648,5997576192,407961600
209,1771999013791,3204,3204,3204,3204,3204,3204,3204,3204,35,33.333335876464844,25,26.3157901763916,14.285715103149414,4.761904716491699,0,0,6.1111907958984375,8589934592,2147483648,6007996416,407961600
199,1771999014001,3204,3204,3204,3204,3204,3204,3204,3204,33.333335876464844,20,23.809524536132813,23.809524536132813,20,14.285715103149414,4.761904716491699,0,6.1111907958984375,8589934592,2147483648,5996937216,407961600
208,1771999014202,3204,3204,3204,3204,3204,3204,3204,3204,25,23.809524536132813,15.000000953674316,23.809524536132813,0,0,0,0,5.332126617431641,8589934592,2147483648,5996888064,407961600
209,1771999014411,3204,3204,3204,3204,3204,3204,3204,3204,33.333335876464844,21.052631378173828,23.809524536132813,19.047618865966797,4.545454502105713,0,0,0,5.332126617431641,8589934592,2147483648,5996888064,407961600
204,1771999014620,3204,3204,3204,3204,3204,3204,3204,3204,19.047618865966797,27.272727966308594,18.18181800842285,19.047618865966797,14.285715103149414,18.18181800842285,5,4.761904716491699,5.332126617431641,8589934592,2147483648,5997346816,407961600
205,1771999014825,3204,3204,3204,3204,3204,3204,3204,3204,26.3157901763916,28.571430206298828,21.052631378173828,15.000000953674316,0,0,0,0,5.332126617431641,8589934592,2147483648,5998002176,407961600
207,1771999015031,3204,3204,3204,3204,3204,3204,3204,3204,28.571430206298828,25,20,25,0,0,0,0,5.427621364593506,8589934592,2147483648,5997477888,407961600
207,1771999015240,3204,3204,3204,3204,3204,3204,3204,3204,23.809524536132813,20,19.047618865966797,23.809524536132813,4.761904716491699,0,4.545454502105713,0,5.427621364593506,8589934592,2147483648,5998215168,407961600
206,1771999015448,3204,3204,3204,3204,3204,3204,3204,3204,28.571430206298828,31.81818199157715,23.809524536132813,20,0,4.545454502105713,0,0,5.427621364593506,8589934592,2147483648,5999509504,407961600
199,1771999015655,3204,3204,3204,3204,3204,3204,3204,3204,25,20,19.047618865966797,31.81818199157715,0,0,0,0,5.427621364593506,8589934592,2147483648,5999280128,407961600
202,1771999015855,3204,3204,3204,3204,3204,3204,3204,3204,15.000000953674316,20,15.000000953674316,10.526315689086914,19.047618865966797,15.000000953674316,5.263157844543457,14.285715103149414,5.427621364593506,8589934592,2147483648,6017286144,407961600
202,1771999016059,3204,3204,3204,3204,3204,3204,3204,3204,33.333335876464844,30.000001907348633,25,25,10.526315689086914,25,10,4.761904716491699,5.395369052886963,8589934592,2147483648,6002360320,407961600
209,1771999016261,3204,3204,3204,3204,3204,3204,3204,3204,25,20,25,19.047618865966797,4.761904716491699,5,0,0,5.395369052886963,8589934592,2147483648,6002360320,407961600
206,1771999016471,3204,3204,3204,3204,3204,3204,3204,3204,25,23.809524536132813,28.571430206298828,19.047618865966797,0,4.761904716491699,4.761904716491699,0,5.395369052886963,8589934592,2147483648,6002360320,407961600
204,1771999016679,3204,3204,3204,3204,3204,3204,3204,3204,23.809524536132813,20,20,20,4.761904716491699,0,0,0,5.395369052886963,8589934592,2147483648,6002294784,407961600
206,1771999016884,3204,3204,3204,3204,3204,3204,3204,3204,30.000001907348633,25,23.809524536132813,19.047618865966797,0,4.761904716491699,4.761904716491699,0,5.395369052886963,8589934592,2147483648,5998673920,407961600
207,1771999017092,3204,3204,3204,3204,3204,3204,3204,3204,30.000001907348633,33.333335876464844,22.72727394104004,20,4.761904716491699,0,0,4.761904716491699,5.388223648071289,8589934592,2147483648,5999181824,407961600
201,1771999017300,3204,3204,3204,3204,3204,3204,3204,3204,31.81818199157715,23.809524536132813,21.052631378173828,18.18181800842285,0,0,0,0,5.388223648071289,8589934592,2147483648,5999067136,407961600
207,1771999017501,3204,3204,3204,3204,3204,3204,3204,3204,30.000001907348633,30.000001907348633,30.000001907348633,25,9.523809432983398,5,4.761904716491699,0,5.388223648071289,8589934592,2147483648,5999689728,407961600
209,1771999017709,3204,3204,3204,3204,3204,3204,3204,3204,30.000001907348633,23.809524536132813,20,25,14.285715103149414,33.333335876464844,5,5,5.388223648071289,8589934592,2147483648,5998821376,407961600
206,1771999017920,3204,3204,3204,3204,3204,3204,3204,3204,28.571430206298828,23.809524536132813,22.72727394104004,23.809524536132813,0,0,0,0,5.388223648071289,8589934592,2147483648,5998739456,407961600
209,1771999018126,3204,3204,3204,3204,3204,3204,3204,3204,38.095237731933594,33.333335876464844,28.571430206298828,25,20,9.523809432983398,4.761904716491699,4.761904716491699,5.368911266326904,8589934592,2147483648,6023446528,407961600
204,1771999018336,3204,3204,3204,3204,3204,3204,3204,3204,28.571430206298828,23.809524536132813,23.809524536132813,19.047618865966797,22.72727394104004,19.047618865966797,5,4.761904716491699,5.368911266326904,8589934592,2147483648,6013222912,407961600
200,1771999018541,3204,3204,3204,3204,3204,3204,3204,3204,30.000001907348633,26.3157901763916,23.809524536132813,23.809524536132813,0,4.761904716491699,0,0,5.368911266326904,8589934592,2147483648,5998804992,407961600
209,1771999018742,3204,3204,3204,3204,3204,3204,3204,3204,30.000001907348633,28.571430206298828,20,20,4.761904716491699,0,4.761904716491699,0,5.368911266326904,8589934592,2147483648,5998870528,407961600
205,1771999018952,3204,3204,3204,3204,3204,3204,3204,3204,28.571430206298828,25,15.000000953674316,19.047618865966797,5,4.545454502105713,0,4.761904716491699,5.368911266326904,8589934592,2147483648,6013272064,407961600
200,1771999019158,3204,3204,3204,3204,3204,3204,3204,3204,25,33.333335876464844,23.809524536132813,19.047618865966797,0,4.761904716491699,4.761904716491699,0,5.5279459953308105,8589934592,2147483648,5998657536,407961600
209,1771999019359,3204,3204,3204,3204,3204,3204,3204,3204,25,30.000001907348633,15.789472579956055,15.789472579956055,0,0,0,0,5.5279459953308105,8589934592,2147483648,5998657536,407961600
206,1771999019569,3204,3204,3204,3204,3204,3204,3204,3204,28.571430206298828,25,27.272727966308594,19.047618865966797,10,5,0,4.761904716491699,5.5279459953308105,8589934592,2147483648,5998657536,407961600
206,1771999019776,3204,3204,3204,3204,3204,3204,3204,3204,25,23.809524536132813,20,19.047618865966797,9.090909004211426,4.761904716491699,4.761904716491699,0,5.5279459953308105,8589934592,2147483648,6014337024,407961600
208,1771999019983,3204,3204,3204,3204,3204,3204,3204,3204,22.72727394104004,31.81818199157715,15.000000953674316,19.047618865966797,0,0,0,0,5.5279459953308105,8589934592,2147483648,5999919104,407961600
209,1771999020192,3204,3204,3204,3204,3204,3204,3204,3204,40,36.842105865478516,36.3636360168457,30.000001907348633,4.761904716491699,4.761904716491699,9.090909004211426,4.761904716491699,5.619826316833496,8589934592,2147483648,6022856704,407961600
205,1771999020402,3204,3204,3204,3204,3204,3204,3204,3204,38.095237731933594,36.3636360168457,30.000001907348633,33.333335876464844,27.272727966308594,28.571430206298828,0,0,5.619826316833496,8589934592,2147483648,6007980032,407961600
208,1771999020609,3204,3204,3204,3204,3204,3204,3204,3204,38.095237731933594,35,33.333335876464844,30.000001907348633,0,4.761904716491699,4.761904716491699,4.761904716491699,5.619826316833496,8589934592,2147483648,6023299072,407961600
205,1771999020819,3204,3204,3204,3204,3204,3204,3204,3204,30.000001907348633,28.571430206298828,30.000001907348633,27.272727966308594,9.523809432983398,9.523809432983398,0,4.545454502105713,5.619826316833496,8589934592,2147483648,6012354560,407961600
208,1771999021025,3204,3204,3204,3204,3204,3204,3204,3204,33.333335876464844,35,25,25,4.761904716491699,0,4.761904716491699,0,5.209894180297852,8589934592,2147483648,6027132928,407961600
208,1771999021233,3204,3204,3204,3204,3204,3204,3204,3204,30.000001907348633,28.571430206298828,36.3636360168457,30.000001907348633,5,9.090909004211426,0,0,5.209894180297852,8589934592,2147483648,6029606912,407961600
209,1771999021442,3204,3204,3204,3204,3204,3204,3204,3204,28.571430206298828,38.095237731933594,23.809524536132813,23.809524536132813,4.545454502105713,0,0,0,5.209894180297852,8589934592,2147483648,6029606912,407961600
205,1771999021652,3204,3204,3204,3204,3204,3204,3204,3204,33.333335876464844,33.333335876464844,28.571430206298828,23.809524536132813,9.523809432983398,9.090909004211426,4.761904716491699,9.090909004211426,5.209894180297852,8589934592,2147483648,6015451136,407961600
205,1771999021858,3204,3204,3204,3204,3204,3204,3204,3204,25,30.000001907348633,20,19.047618865966797,0,0,0,0,5.209894180297852,8589934592,2147483648,6027231232,407961600
209,1771999022064,3204,3204,3204,3204,3204,3204,3204,3204,30.000001907348633,25,25,19.047618865966797,4.761904716491699,4.761904716491699,0,0,5.656795024871826,8589934592,2147483648,6025330688,407961600
203,1771999022274,3204,3204,3204,3204,3204,3204,3204,3204,33.333335876464844,33.333335876464844,23.809524536132813,23.809524536132813,0,0,4.545454502105713,0,5.656795024871826,8589934592,2147483648,6025543680,407961600
209,1771999022479,3204,3204,3204,3204,3204,3204,3204,3204,38.095237731933594,33.333335876464844,33.333335876464844,25,28.571430206298828,10,4.761904716491699,0,5.656795024871826,8589934592,2147483648,6006603776,407961600
209,1771999022688,3204,3204,3204,3204,3204,3204,3204,3204,47.619049072265625,33.333335876464844,35,42.85714340209961,4.761904716491699,36.3636360168457,0,0,5.656795024871826,8589934592,2147483648,6021005312,407961600
208,1771999022899,3204,3204,3204,3204,3204,3204,3204,3204,45,70,36.3636360168457,40,9.523809432983398,4.761904716491699,4.761904716491699,4.761904716491699,5.656795024871826,8589934592,2147483648,6006210560,407961600
202,1771999023108,3204,3204,3204,3204,3204,3204,3204,3204,42.85714340209961,31.81818199157715,30.000001907348633,28.571430206298828,0,0,0,0,5.308824062347412,8589934592,2147483648,6003589120,407961600
205,1771999023311,3204,3204,3204,3204,3204,3204,3204,3204,23.809524536132813,30.000001907348633,25,20,5,5,5,4.761904716491699,5.308824062347412,8589934592,2147483648,6003294208,407961600
206,1771999023517,3204,3204,3204,3204,3204,3204,3204,3204,25,31.57894515991211,23.809524536132813,19.047618865966797,0,0,0,0,5.308824062347412,8589934592,2147483648,6003359744,407961600
207,1771999023725,3204,3204,3204,3204,3204,3204,3204,3204,28.571430206298828,31.81818199157715,23.809524536132813,14.285715103149414,4.545454502105713,4.761904716491699,0,0,5.308824062347412,8589934592,2147483648,6003392512,407961600
207,1771999023933,3204,3204,3204,3204,3204,3204,3204,3204,25,30.000001907348633,23.809524536132813,19.047618865966797,9.523809432983398,9.090909004211426,4.761904716491699,5,5.308824062347412,8589934592,2147483648,6017400832,407961600
201,1771999024141,3204,3204,3204,3204,3204,3204,3204,3204,19.047618865966797,28.571430206298828,15.789472579956055,15.000000953674316,0,0,0,0,5.7462592124938965,8589934592,2147483648,6002982912,407961600
209,1771999024343,3204,3204,3204,3204,3204,3204,3204,3204,25,28.571430206298828,28.571430206298828,19.047618865966797,0,5,0,0,5.7462592124938965,8589934592,2147483648,6002999296,407961600
209,1771999024553,3204,3204,3204,3204,3204,3204,3204,3204,33.333335876464844,30.000001907348633,28.571430206298828,23.809524536132813,13.636363983154297,9.523809432983398,5,4.545454502105713,5.7462592124938965,8589934592,2147483648,6012043264,407961600
205,1771999024764,3204,3204,3204,3204,3204,3204,3204,3204,20,23.809524536132813,23.809524536132813,10,20,10,13.636363983154297,0,5.7462592124938965,8589934592,2147483648,6001278976,407961600
206,1771999024970,3204,3204,3204,3204,3204,3204,3204,3204,23.809524536132813,20,33.333335876464844,19.047618865966797,4.761904716491699,4.761904716491699,0,0,5.7462592124938965,8589934592,2147483648,6015500288,407961600
205,1771999025177,3204,3204,3204,3204,3204,3204,3204,3204,28.571430206298828,28.571430206298828,30.000001907348633,20,4.761904716491699,4.761904716491699,0,0,5.372897624969482,8589934592,2147483648,6001098752,407961600
209,1771999025383,3204,3204,3204,3204,3204,3204,3204,3204,25,20,23.809524536132813,19.047618865966797,4.761904716491699,4.761904716491699,4.761904716491699,4.761904716491699,5.372897624969482,8589934592,2147483648,6003081216,407961600
209,1771999025593,3204,3204,3204,3204,3204,3204,3204,3204,27.272727966308594,23.809524536132813,25,14.285715103149414,4.761904716491699,4.761904716491699,4.761904716491699,0,5.372897624969482,8589934592,2147483648,6002196480,407961600
204,1771999025803,3204,3204,3204,3204,3204,3204,3204,3204,20,22.72727394104004,22.72727394104004,19.047618865966797,0,9.523809432983398,0,4.545454502105713,5.372897624969482,8589934592,2147483648,6016974848,407961600
206,1771999026008,3204,3204,3204,3204,3204,3204,3204,3204,20,20,10.526315689086914,10,14.285715103149414,10,9.523809432983398,4.761904716491699,5.372897624969482,8589934592,2147483648,6019874816,407961600
202,1771999026215,3204,3204,3204,3204,3204,3204,3204,3204,28.571430206298828,25,23.809524536132813,23.809524536132813,0,0,0,0,5.529383659362793,8589934592,2147483648,6006013952,407961600
209,1771999026417,3204,3204,3204,3204,3204,3204,3204,3204,25,30.000001907348633,25,21.052631378173828,4.761904716491699,0,0,0,5.529383659362793,8589934592,2147483648,6005850112,407961600
209,1771999026627,3204,3204,3204,3204,3204,3204,3204,3204,23.809524536132813,33.333335876464844,23.809524536132813,19.047618865966797,0,4.761904716491699,0,0,5.529383659362793,8589934592,2147483648,6005751808,407961600
209,1771999026837,3204,3204,3204,3204,3204,3204,3204,3204,30.000001907348633,28.571430206298828,33.333335876464844,23.809524536132813,28.571430206298828,28.571430206298828,4.761904716491699,9.090909004211426,5.529383659362793,8589934592,2147483648,6005784576,407961600
205,1771999027048,3204,3204,3204,3204,3204,3204,3204,3204,28.571430206298828,28.571430206298828,28.571430206298828,22.72727394104004,0,4.545454502105713,0,0,5.424584865570068,8589934592,2147483648,6003310592,407961600
204,1771999027253,3204,3204,3204,3204,3204,3204,3204,3204,28.571430206298828,20,15.000000953674316,15.000000953674316,9.523809432983398,5,5,4.761904716491699,5.424584865570068,8589934592,2147483648,6002606080,407961600
206,1771999027458,3204,3204,3204,3204,3204,3204,3204,3204,30.000001907348633,23.809524536132813,19.047618865966797,19.047618865966797,0,4.761904716491699,4.761904716491699,0,5.424584865570068,8589934592,2147483648,6002638848,407961600
209,1771999027664,3204,3204,3204,3204,3204,3204,3204,3204,28.571430206298828,25,25,23.809524536132813,23.809524536132813,10,0,4.761904716491699,5.424584865570068,8589934592,2147483648,6002638848,407961600
208,1771999027875,3204,3204,3204,3204,3204,3204,3204,3204,23.809524536132813,20,22.72727394104004,19.047618865966797,14.285715103149414,4.761904716491699,4.761904716491699,4.761904716491699,5.424584865570068,8589934592,2147483648,6002638848,407961600
201,1771999028083,3204,3204,3204,3204,3204,3204,3204,3204,25,22.72727394104004,25,15.000000953674316,0,0,4.545454502105713,0,5.568145751953125,8589934592,2147483648,6002229248,407961600
201,1771999028284,3204,3204,3204,3204,3204,3204,3204,3204,28.571430206298828,25,28.571430206298828,20,5,4.761904716491699,0,0,5.568145751953125,8589934592,2147483648,6002212864,407961600
200,1771999028486,3204,3204,3204,3204,3204,3204,3204,3204,26.3157901763916,25,26.3157901763916,25,9.523809432983398,5,0,4.761904716491699,5.568145751953125,8589934592,2147483648,6002212864,407961600
204,1771999028687,3204,3204,3204,3204,3204,3204,3204,3204,25,21.052631378173828,25,20,0,0,0,0,5.568145751953125,8589934592,2147483648,6002212864,407961600
209,1771999028892,3204,3204,3204,3204,3204,3204,3204,3204,30.000001907348633,33.333335876464844,33.333335876464844,33.333335876464844,15.000000953674316,15.000000953674316,9.090909004211426,0,5.568145751953125,8589934592,2147483648,6002212864,407961600
205,1771999029101,3204,3204,3204,3204,3204,3204,3204,3204,50,42.85714340209961,35,30.000001907348633,14.285715103149414,18.18181800842285,0,4.761904716491699,5.371606349945068,8589934592,2147483648,6001901568,407961600
201,1771999029308,3204,3204,3204,3204,3204,3204,3204,3204,30.000001907348633,38.095237731933594,28.571430206298828,25,4.761904716491699,0,4.545454502105713,0,5.371606349945068,8589934592,2147483648,6015746048,407961600
202,1771999029510,3204,3204,3204,3204,3204,3204,3204,3204,63.15789031982422,55,65,57.142860412597656,0,0,0,0,5.371606349945068,8589934592,2147483648,6017449984,407961600
203,1771999029713,3204,3204,3204,3204,3204,3204,3204,3204,52.38095474243164,47.36842346191406,47.619049072265625,40,9.523809432983398,9.523809432983398,0,0,5.371606349945068,8589934592,2147483648,6024331264,407961600
207,1771999029917,3204,3204,3204,3204,3204,3204,3204,3204,65,66.66667175292969,68.42105102539063,55,15.000000953674316,15.000000953674316,0,0,5.371606349945068,8589934592,2147483648,6049710080,407961600
209,1771999030125,3204,3204,3204,3204,3204,3204,3204,3204,60.000003814697266,52.38095474243164,47.619049072265625,42.85714340209961,0,0,0,0,5.448033809661865,8589934592,2147483648,6069747712,407961600
205,1771999030335,3204,3204,3204,3204,3204,3204,3204,3204,63.6363639831543,70,66.66667175292969,66.66667175292969,0,4.761904716491699,0,0,5.448033809661865,8589934592,2147483648,6047629312,407961600
201,1771999030542,3204,3204,3204,3204,3204,3204,3204,3204,55,57.142860412597656,47.619049072265625,45,4.761904716491699,0,4.761904716491699,4.761904716491699,5.448033809661865,8589934592,2147483648,6047629312,407961600
202,1771999030744,3204,3204,3204,3204,3204,3204,3204,3204,52.38095474243164,52.38095474243164,50,47.619049072265625,4.761904716491699,9.523809432983398,0,0,5.448033809661865,8589934592,2147483648,6047629312,407961600
209,1771999030947,3204,3204,3204,3204,3204,3204,3204,3204,50,42.105262756347656,35,45,10,10,10,10,5.448033809661865,8589934592,2147483648,6047629312,407961600
202,1771999031158,3204,3204,3204,3204,3204,3204,3204,3204,40.90909194946289,54.54545593261719,47.619049072265625,35,23.809524536132813,14.285715103149414,4.761904716491699,0,6.50539493560791,8589934592,2147483648,6050824192,407961600
209,1771999031362,3204,3204,3204,3204,3204,3204,3204,3204,60.000003814697266,63.15789031982422,55,57.142860412597656,4.761904716491699,0,0,0,6.50539493560791,8589934592,2147483648,6037012480,407961600
201,1771999031573,3204,3204,3204,3204,3204,3204,3204,3204,45,42.85714340209961,42.85714340209961,40,0,0,0,0,6.50539493560791,8589934592,2147483648,6037307392,407961600
205,1771999031775,3204,3204,3204,3204,3204,3204,3204,3204,60.000003814697266,57.142860412597656,47.619049072265625,50,0,0,4.761904716491699,0,6.50539493560791,8589934592,2147483648,6037831680,407961600
208,1771999031982,3204,3204,3204,3204,3204,3204,3204,3204,40,45,40,35,0,4.761904716491699,0,4.545454502105713,6.50539493560791,8589934592,2147483648,6034718720,407961600
209,1771999032191,3204,3204,3204,3204,3204,3204,3204,3204,42.85714340209961,59.09090805053711,45,38.095237731933594,0,0,0,0,6.143754959106445,8589934592,2147483648,6033391616,407961600
208,1771999032401,3204,3204,3204,3204,3204,3204,3204,3204,52.38095474243164,60.000003814697266,45.45454788208008,47.619049072265625,4.545454502105713,4.545454502105713,0,0,6.143754959106445,8589934592,2147483648,6033899520,407961600
203,1771999032611,3204,3204,3204,3204,3204,3204,3204,3204,47.619049072265625,47.619049072265625,42.85714340209961,47.619049072265625,0,0,0,0,6.143754959106445,8589934592,2147483648,6033899520,407961600
209,1771999032815,3204,3204,3204,3204,3204,3204,3204,3204,65,55,65,52.6315803527832,5,25,0,0,6.143754959106445,8589934592,2147483648,6033899520,407961600
207,1771999033025,3204,3204,3204,3204,3204,3204,3204,3204,47.619049072265625,42.85714340209961,38.095237731933594,40.90909194946289,4.761904716491699,4.761904716491699,4.761904716491699,0,5.9725236892700195,8589934592,2147483648,6033899520,407961600
199,1771999033233,3204,3204,3204,3204,3204,3204,3204,3204,57.142860412597656,66.66667175292969,61.904762268066406,55,30.000001907348633,23.809524536132813,5,4.761904716491699,5.9725236892700195,8589934592,2147483648,6038142976,407961600
204,1771999033435,3204,3204,3204,3204,3204,3204,3204,3204,55,55,45,50,9.523809432983398,5.263157844543457,0,4.761904716491699,5.9725236892700195,8589934592,2147483648,6038568960,407961600
208,1771999033641,3204,3204,3204,3204,3204,3204,3204,3204,47.619049072265625,40,42.85714340209961,38.095237731933594,0,4.761904716491699,4.761904716491699,4.761904716491699,5.9725236892700195,8589934592,2147483648,6038863872,407961600
207,1771999033850,3204,3204,3204,3204,3204,3204,3204,3204,52.38095474243164,52.38095474243164,50,47.619049072265625,9.523809432983398,4.761904716491699,4.761904716491699,4.761904716491699,5.9725236892700195,8589934592,2147483648,6039240704,407961600
201,1771999034059,3204,3204,3204,3204,3204,3204,3204,3204,45,42.85714340209961,45,45.45454788208008,0,4.761904716491699,0,0,5.901381969451904,8589934592,2147483648,6040535040,407961600
208,1771999034262,3204,3204,3204,3204,3204,3204,3204,3204,70,75,57.142860412597656,68.42105102539063,0,0,0,0,5.901381969451904,8589934592,2147483648,6041059328,407961600
201,1771999034470,3204,3204,3204,3204,3204,3204,3204,3204,28.571430206298828,28.571430206298828,33.333335876464844,28.571430206298828,4.761904716491699,4.761904716491699,4.761904716491699,4.761904716491699,5.901381969451904,8589934592,2147483648,6041042944,407961600
209,1771999034673,3204,3204,3204,3204,3204,3204,3204,3204,30.000001907348633,30.000001907348633,35,15.789472579956055,15.000000953674316,10,10,9.523809432983398,5.901381969451904,8589934592,2147483648,6043172864,407961600
208,1771999034883,3204,3204,3204,3204,3204,3204,3204,3204,28.571430206298828,38.095237731933594,28.571430206298828,26.086956024169922,19.047618865966797,19.047618865966797,14.285715103149414,10,5.901381969451904,8589934592,2147483648,6043336704,407961600
209,1771999035092,3204,3204,3204,3204,3204,3204,3204,3204,33.333335876464844,28.571430206298828,23.809524536132813,25,4.761904716491699,4.761904716491699,4.761904716491699,4.761904716491699,6.203536510467529,8589934592,2147483648,6043467776,407961600
209,1771999035302,3204,3204,3204,3204,3204,3204,3204,3204,50,40,45,30.000001907348633,9.523809432983398,18.18181800842285,0,4.761904716491699,6.203536510467529,8589934592,2147483648,6054690816,407961600
205,1771999035512,3204,3204,3204,3204,3204,3204,3204,3204,30.000001907348633,31.81818199157715,27.272727966308594,27.272727966308594,14.285715103149414,10,4.545454502105713,0,6.203536510467529,8589934592,2147483648,6024724480,407961600
200,1771999035718,3204,3204,3204,3204,3204,3204,3204,3204,26.3157901763916,35,30.000001907348633,25,55,10,33.333335876464844,30.000001907348633,6.203536510467529,8589934592,2147483648,6031261696,407961600
208,1771999035918,3204,3204,3204,3204,3204,3204,3204,3204,23.809524536132813,25,15.789472579956055,23.809524536132813,70,10,5,5,6.203536510467529,8589934592,2147483648,6031261696,407961600
209,1771999036127,3204,3204,3204,3204,3204,3204,3204,3204,28.571430206298828,20,23.809524536132813,15.000000953674316,4.545454502105713,4.761904716491699,0,47.619049072265625,6.023188591003418,8589934592,2147483648,6031261696,407961600
203,1771999036337,3204,3204,3204,3204,3204,3204,3204,3204,23.809524536132813,27.272727966308594,19.047618865966797,23.809524536132813,0,0,0,90.47618865966797,6.023188591003418,8589934592,2147483648,6034587648,407961600
199,1771999036541,3204,3204,3204,3204,3204,3204,3204,3204,26.3157901763916,20,23.809524536132813,15.000000953674316,0,0,0,100,6.023188591003418,8589934592,2147483648,6049005568,407961600
205,1771999036741,3204,3204,3204,3204,3204,3204,3204,3204,33.333335876464844,25,20,23.809524536132813,0,0,0,52.38095474243164,6.023188591003418,8589934592,2147483648,6049005568,407961600
202,1771999036947,3204,3204,3204,3204,3204,3204,3204,3204,25,25,20,20,61.904762268066406,5,0,0,6.023188591003418,8589934592,2147483648,6049005568,407961600
208,1771999037150,3204,3204,3204,3204,3204,3204,3204,3204,28.571430206298828,25,20,20,90,0,0,0,8.367532730102539,8589934592,2147483648,6049005568,407961600
209,1771999037360,3204,3204,3204,3204,3204,3204,3204,3204,25,23.809524536132813,23.809524536132813,30.000001907348633,9.523809432983398,4.545454502105713,4.761904716491699,52.38095474243164,8.367532730102539,8589934592,2147483648,6020825088,407961600
208,1771999037569,3204,3204,3204,3204,3204,3204,3204,3204,33.333335876464844,28.571430206298828,23.809524536132813,27.272727966308594,23.809524536132813,52.38095474243164,19.047618865966797,31.81818199157715,8.367532730102539,8589934592,2147483648,6015893504,407961600
208,1771999037778,3204,3204,3204,3204,3204,3204,3204,3204,30.000001907348633,23.809524536132813,15.000000953674316,20,45,85,0,0,8.367532730102539,8589934592,2147483648,6016303104,407961600
201,1771999037987,3204,3204,3204,3204,3204,3204,3204,3204,31.81818199157715,20,19.047618865966797,19.047618865966797,77.2727279663086,19.047618865966797,4.545454502105713,0,8.367532730102539,8589934592,2147483648,6016303104,407961600
204,1771999038189,3204,3204,3204,3204,3204,3204,3204,3204,21.052631378173828,23.809524536132813,20,15.000000953674316,94.73684692382813,19.047618865966797,0,0,8.91634464263916,8589934592,2147483648,6016303104,407961600
200,1771999038394,3204,3204,3204,3204,3204,3204,3204,3204,23.809524536132813,21.052631378173828,25,19.047618865966797,23.809524536132813,80.95238494873047,0,0,8.91634464263916,8589934592,2147483648,6019072000,407961600
205,1771999038595,3204,3204,3204,3204,3204,3204,3204,3204,21.052631378173828,23.809524536132813,25,10.526315689086914,30.000001907348633,52.6315803527832,5,4.761904716491699,8.91634464263916,8589934592,2147483648,6019334144,407961600
200,1771999038801,3204,3204,3204,3204,3204,3204,3204,3204,20,20,23.809524536132813,19.047618865966797,0,100,0,0,8.91634464263916,8589934592,2147483648,6019383296,407961600
204,1771999039002,3204,3204,3204,3204,3204,3204,3204,3204,28.571430206298828,25,25,15.000000953674316,4.761904716491699,80.95238494873047,5,0,8.91634464263916,8589934592,2147483648,6019383296,407961600
199,1771999039208,3204,3204,3204,3204,3204,3204,3204,3204,23.809524536132813,25,23.809524536132813,19.047618865966797,0,0,28.571430206298828,20,10.907894134521484,8589934592,2147483648,6019383296,407961600
199,1771999039408,3204,3204,3204,3204,3204,3204,3204,3204,21.052631378173828,25,20,10.526315689086914,20,0,31.57894515991211,45,10.907894134521484,8589934592,2147483648,6020743168,407961600
203,1771999039608,3204,3204,3204,3204,3204,3204,3204,3204,33.333335876464844,33.333335876464844,25,25,65,20,42.85714340209961,9.523809432983398,10.907894134521484,8589934592,2147483648,6028967936,407961600
202,1771999039812,3204,3204,3204,3204,3204,3204,3204,3204,25,20,20,25,10,4.761904716491699,65,25,10.907894134521484,8589934592,2147483648,6018940928,407961600
209,1771999040015,3204,3204,3204,3204,3204,3204,3204,3204,36.842105865478516,31.57894515991211,31.57894515991211,23.809524536132813,9.523809432983398,5,75,20,10.907894134521484,8589934592,2147483648,6020825088,407961600
205,1771999040224,3204,3204,3204,3204,3204,3204,3204,3204,31.81818199157715,27.272727966308594,31.81818199157715,35,0,0,52.38095474243164,0,10.713138580322266,8589934592,2147483648,6019629056,407961600
207,1771999040430,3204,3204,3204,3204,3204,3204,3204,3204,30.000001907348633,20,25,23.809524536132813,55,10,33.333335876464844,0,10.713138580322266,8589934592,2147483648,6021251072,407961600
209,1771999040638,3204,3204,3204,3204,3204,3204,3204,3204,25,23.809524536132813,19.047618865966797,20,14.285715103149414,23.809524536132813,65,0,10.713138580322266,8589934592,2147483648,6021120000,407961600
208,1771999040847,3204,3204,3204,3204,3204,3204,3204,3204,31.81818199157715,23.809524536132813,23.809524536132813,18.18181800842285,42.85714340209961,0,0,0,10.713138580322266,8589934592,2147483648,6016729088,407961600
201,1771999041056,3204,3204,3204,3204,3204,3204,3204,3204,15.000000953674316,23.809524536132813,19.047618865966797,9.523809432983398,20,27.272727966308594,52.38095474243164,9.523809432983398,10.815389633178711,8589934592,2147483648,6037143552,407961600
202,1771999041258,3204,3204,3204,3204,3204,3204,3204,3204,25,21.052631378173828,20,15.789472579956055,0,4.761904716491699,52.38095474243164,50,10.815389633178711,8589934592,2147483648,6022725632,407961600
209,1771999041461,3204,3204,3204,3204,3204,3204,3204,3204,25,25,25,20,20,5.263157844543457,5,15.000000953674316,10.815389633178711,8589934592,2147483648,6024790016,407961600
203,1771999041671,3204,3204,3204,3204,3204,3204,3204,3204,33.333335876464844,33.333335876464844,28.571430206298828,36.3636360168457,50,4.761904716491699,0,4.545454502105713,10.815389633178711,8589934592,2147483648,6050316288,407961600
205,1771999041875,3204,3204,3204,3204,3204,3204,3204,3204,35,35,30.000001907348633,25,42.85714340209961,5,9.090909004211426,0,10.815389633178711,8589934592,2147483648,6036455424,407961600
206,1771999042080,3204,3204,3204,3204,3204,3204,3204,3204,28.571430206298828,23.809524536132813,20,20,35,9.523809432983398,0,0,9.525325775146484,8589934592,2147483648,6036455424,407961600
203,1771999042288,3204,3204,3204,3204,3204,3204,3204,3204,30.000001907348633,25,23.809524536132813,20,57.142860412597656,0,0,0,9.525325775146484,8589934592,2147483648,6036455424,407961600
203,1771999042491,3204,3204,3204,3204,3204,3204,3204,3204,35,35,30.000001907348633,23.809524536132813,15.000000953674316,5.263157844543457,4.761904716491699,0,9.525325775146484,8589934592,2147483648,6032556032,407961600
205,1771999042694,3204,3204,3204,3204,3204,3204,3204,3204,26.3157901763916,25,20,20,70,22.72727394104004,5,0,9.525325775146484,8589934592,2147483648,6031900672,407961600
209,1771999042900,3204,3204,3204,3204,3204,3204,3204,3204,33.333335876464844,28.571430206298828,25,19.047618865966797,66.66667175292969,0,0,0,9.525325775146484,8589934592,2147483648,6028034048,407961600
204,1771999043110,3204,3204,3204,3204,3204,3204,3204,3204,28.571430206298828,28.571430206298828,23.809524536132813,15.000000953674316,45,0,4.761904716491699,8.69565200805664,8.997097969055176,8589934592,2147483648,6028034048,407961600
209,1771999043315,3204,3204,3204,3204,3204,3204,3204,3204,30.000001907348633,20,23.809524536132813,19.047618865966797,100,0,0,0,8.997097969055176,8589934592,2147483648,6028034048,407961600
209,1771999043525,3204,3204,3204,3204,3204,3204,3204,3204,35,35,30.000001907348633,30.000001907348633,28.571430206298828,4.545454502105713,0,0,8.997097969055176,8589934592,2147483648,6023315456,407961600
204,1771999043734,3204,3204,3204,3204,3204,3204,3204,3204,40.90909194946289,38.095237731933594,28.571430206298828,36.3636360168457,10,23.809524536132813,0,0,8.997097969055176,8589934592,2147483648,6044778496,407961600
206,1771999043939,3204,3204,3204,3204,3204,3204,3204,3204,42.105262756347656,45,40,30.000001907348633,40,15.000000953674316,9.523809432983398,9.523809432983398,8.997097969055176,8589934592,2147483648,6024216576,407961600
209,1771999044146,3204,3204,3204,3204,3204,3204,3204,3204,42.85714340209961,35,38.095237731933594,25,30.000001907348633,0,0,0,9.457030296325684,8589934592,2147483648,6021431296,407961600
202,1771999044356,3204,3204,3204,3204,3204,3204,3204,3204,20,23.809524536132813,14.285715103149414,14.285715103149414,71.42857360839844,9.090909004211426,0,0,9.457030296325684,8589934592,2147483648,6026854400,407961600
200,1771999044559,3204,3204,3204,3204,3204,3204,3204,3204,28.571430206298828,28.571430206298828,23.809524536132813,23.809524536132813,90.47618865966797,0,0,0,9.457030296325684,8589934592,2147483648,6022135808,407961600
209,1771999044760,3204,3204,3204,3204,3204,3204,3204,3204,31.57894515991211,31.57894515991211,21.052631378173828,20,20,5,20,5,9.457030296325684,8589934592,2147483648,6024232960,407961600
204,1771999044970,3204,3204,3204,3204,3204,3204,3204,3204,28.571430206298828,31.81818199157715,23.809524536132813,15.789472579956055,35,0,4.545454502105713,0,9.457030296325684,8589934592,2147483648,6018187264,407961600
204,1771999045174,3204,3204,3204,3204,3204,3204,3204,3204,38.095237731933594,30.000001907348633,26.3157901763916,27.272727966308594,14.285715103149414,35,4.761904716491699,0,8.932964324951172,8589934592,2147483648,6023823360,407961600
209,1771999045379,3204,3204,3204,3204,3204,3204,3204,3204,30.000001907348633,25,23.809524536132813,19.047618865966797,15.000000953674316,0,0,0,8.932964324951172,8589934592,2147483648,6023823360,407961600
208,1771999045589,3204,3204,3204,3204,3204,3204,3204,3204,33.333335876464844,25,23.809524536132813,20,9.090909004211426,4.761904716491699,4.761904716491699,4.761904716491699,8.932964324951172,8589934592,2147483648,6024216576,407961600
204,1771999045798,3204,3204,3204,3204,3204,3204,3204,3204,33.333335876464844,27.272727966308594,19.047618865966797,15.000000953674316,5,13.636363983154297,4.761904716491699,4.761904716491699,8.932964324951172,8589934592,2147483648,6023495680,407961600
209,1771999046003,3204,3204,3204,3204,3204,3204,3204,3204,30.000001907348633,26.3157901763916,20,19.047618865966797,23.809524536132813,15.789472579956055,5.263157844543457,4.761904716491699,8.932964324951172,8589934592,2147483648,6048940032,407961600
203,1771999046213,3204,3204,3204,3204,3204,3204,3204,3204,28.571430206298828,27.272727966308594,27.272727966308594,20,9.523809432983398,19.047618865966797,4.761904716491699,4.761904716491699,8.633201599121094,8589934592,2147483648,6030475264,407961600
209,1771999046417,3204,3204,3204,3204,3204,3204,3204,3204,28.571430206298828,30.000001907348633,15.000000953674316,19.047618865966797,10,9.523809432983398,4.761904716491699,5,8.633201599121094,8589934592,2147483648,6030409728,407961600
209,1771999046627,3204,3204,3204,3204,3204,3204,3204,3204,25,33.333335876464844,20,19.047618865966797,0,0,0,0,8.633201599121094,8589934592,2147483648,6030426112,407961600
202,1771999046837,3204,3204,3204,3204,3204,3204,3204,3204,20,25,19.047618865966797,19.047618865966797,4.761904716491699,0,0,0,8.633201599121094,8589934592,2147483648,6030999552,407961600
200,1771999047040,3204,3204,3204,3204,3204,3204,3204,3204,33.333335876464844,28.571430206298828,23.809524536132813,19.047618865966797,0,0,4.545454502105713,0,6.051231384277344,8589934592,2147483648,6030540800,407961600
209,1771999047240,3204,3204,3204,3204,3204,3204,3204,3204,30.000001907348633,30.000001907348633,26.3157901763916,15.789472579956055,0,5,0,5,6.051231384277344,8589934592,2147483648,6026330112,407961600
203,1771999047450,3204,3204,3204,3204,3204,3204,3204,3204,28.571430206298828,19.047618865966797,19.047618865966797,23.809524536132813,9.090909004211426,0,4.545454502105713,0,6.051231384277344,8589934592,2147483648,6025183232,407961600
209,1771999047654,3204,3204,3204,3204,3204,3204,3204,3204,30.000001907348633,25,28.571430206298828,28.571430206298828,0,4.761904716491699,0,0,6.051231384277344,8589934592,2147483648,6025248768,407961600
207,1771999047865,3204,3204,3204,3204,3204,3204,3204,3204,23.809524536132813,23.809524536132813,23.809524536132813,19.047618865966797,23.809524536132813,9.090909004211426,4.545454502105713,0,6.051231384277344,8589934592,2147483648,6024347648,407961600
208,1771999048072,3204,3204,3204,3204,3204,3204,3204,3204,28.571430206298828,25,25,20,9.090909004211426,5,5,9.090909004211426,5.464992523193359,8589934592,2147483648,6024347648,407961600
209,1771999048281,3204,3204,3204,3204,3204,3204,3204,3204,28.571430206298828,23.809524536132813,19.047618865966797,19.047618865966797,20,15.000000953674316,9.523809432983398,4.761904716491699,5.464992523193359,8589934592,2147483648,6024347648,407961600
209,1771999048491,3204,3204,3204,3204,3204,3204,3204,3204,25,28.571430206298828,23.809524536132813,19.047618865966797,4.761904716491699,4.545454502105713,0,0,5.464992523193359,8589934592,2147483648,6024347648,407961600
208,1771999048701,3204,3204,3204,3204,3204,3204,3204,3204,27.272727966308594,28.571430206298828,19.047618865966797,19.047618865966797,0,0,0,0,5.464992523193359,8589934592,2147483648,6021922816,407961600
209,1771999048910,3204,3204,3204,3204,3204,3204,3204,3204,30.000001907348633,23.809524536132813,23.809524536132813,19.047618865966797,4.761904716491699,9.090909004211426,4.545454502105713,4.545454502105713,5.464992523193359,8589934592,2147483648,6021660672,407961600
209,1771999049120,3204,3204,3204,3204,3204,3204,3204,3204,20,23.809524536132813,23.809524536132813,20,9.090909004211426,4.761904716491699,4.761904716491699,0,5.328790187835693,8589934592,2147483648,6021545984,407961600
203,1771999049330,3204,3204,3204,3204,3204,3204,3204,3204,31.81818199157715,25,20,22.72727394104004,0,0,0,4.545454502105713,5.328790187835693,8589934592,2147483648,6021545984,407961600
208,1771999049534,3204,3204,3204,3204,3204,3204,3204,3204,21.052631378173828,25,23.809524536132813,20,5,5,0,0,5.328790187835693,8589934592,2147483648,6021545984,407961600
209,1771999049743,3204,3204,3204,3204,3204,3204,3204,3204,28.571430206298828,23.809524536132813,25,15.000000953674316,4.761904716491699,4.761904716491699,4.545454502105713,0,5.328790187835693,8589934592,2147483648,6021595136,407961600
202,1771999049953,3204,3204,3204,3204,3204,3204,3204,3204,19.047618865966797,23.809524536132813,22.72727394104004,18.18181800842285,4.761904716491699,0,0,0,5.328790187835693,8589934592,2147483648,6021562368,407961600
208,1771999050156,3204,3204,3204,3204,3204,3204,3204,3204,35,33.333335876464844,35,21.052631378173828,5,10,4.761904716491699,9.523809432983398,5.573436260223389,8589934592,2147483648,6021562368,407961600
207,1771999050365,3204,3204,3204,3204,3204,3204,3204,3204,38.095237731933594,30.000001907348633,30.000001907348633,28.571430206298828,33.333335876464844,23.809524536132813,9.090909004211426,0,5.573436260223389,8589934592,2147483648,6021562368,407961600
203,1771999050573,3204,3204,3204,3204,3204,3204,3204,3204,28.571430206298828,30.000001907348633,23.809524536132813,19.047618865966797,9.523809432983398,4.761904716491699,5,4.761904716491699,5.573436260223389,8589934592,2147483648,6021562368,407961600
203,1771999050777,3204,3204,3204,3204,3204,3204,3204,3204,35,31.81818199157715,28.571430206298828,23.809524536132813,0,0,0,0,5.573436260223389,8589934592,2147483648,6022594560,407961600
207,1771999050981,3204,3204,3204,3204,3204,3204,3204,3204,28.571430206298828,21.052631378173828,21.052631378173828,25,4.761904716491699,5,5,4.761904716491699,5.573436260223389,8589934592,2147483648,6022758400,407961600
209,1771999051190,3204,3204,3204,3204,3204,3204,3204,3204,25,19.047618865966797,18.18181800842285,14.285715103149414,19.047618865966797,13.636363983154297,0,0,5.265248775482178,8589934592,2147483648,6039912448,407961600
205,1771999051399,3204,3204,3204,3204,3204,3204,3204,3204,27.272727966308594,28.571430206298828,25,20,4.761904716491699,0,4.761904716491699,4.545454502105713,5.265248775482178,8589934592,2147483648,6026936320,407961600
200,1771999051606,3204,3204,3204,3204,3204,3204,3204,3204,26.3157901763916,25,23.809524536132813,19.047618865966797,0,4.761904716491699,0,0,5.265248775482178,8589934592,2147483648,6026903552,407961600
209,1771999051807,3204,3204,3204,3204,3204,3204,3204,3204,25,20,21.052631378173828,20,5,4.761904716491699,5,4.761904716491699,5.265248775482178,8589934592,2147483648,6026919936,407961600
209,1771999052017,3204,3204,3204,3204,3204,3204,3204,3204,31.81818199157715,27.272727966308594,31.81818199157715,28.571430206298828,4.545454502105713,0,0,4.761904716491699,5.265248775482178,8589934592,2147483648,6026919936,407961600
209,1771999052227,3204,3204,3204,3204,3204,3204,3204,3204,25,25,25,19.047618865966797,0,0,4.545454502105713,0,5.921814441680908,8589934592,2147483648,6026919936,407961600
201,1771999052436,3204,3204,3204,3204,3204,3204,3204,3204,40.90909194946289,33.333335876464844,28.571430206298828,28.571430206298828,22.72727394104004,14.285715103149414,0,0,5.921814441680908,8589934592,2147483648,6026919936,407961600
202,1771999052639,3204,3204,3204,3204,3204,3204,3204,3204,30.000001907348633,25,23.809524536132813,20,15.000000953674316,5.263157844543457,0,0,5.921814441680908,8589934592,2147483648,6026919936,407961600
209,1771999052842,3204,3204,3204,3204,3204,3204,3204,3204,26.3157901763916,28.571430206298828,20,20,5.263157844543457,23.809524536132813,0,0,5.921814441680908,8589934592,2147483648,6017728512,407961600
206,1771999053051,3204,3204,3204,3204,3204,3204,3204,3204,28.571430206298828,25,20,19.047618865966797,4.545454502105713,0,0,0,5.379179954528809,8589934592,2147483648,6017564672,407961600
209,1771999053258,3204,3204,3204,3204,3204,3204,3204,3204,30.000001907348633,28.571430206298828,19.047618865966797,19.047618865966797,4.761904716491699,9.523809432983398,5,4.761904716491699,5.379179954528809,8589934592,2147483648,6017597440,407961600
206,1771999053468,3204,3204,3204,3204,3204,3204,3204,3204,28.571430206298828,23.809524536132813,23.809524536132813,15.000000953674316,0,0,4.761904716491699,4.761904716491699,5.379179954528809,8589934592,2147483648,5994463232,407961600
209,1771999053675,3204,3204,3204,3204,3204,3204,3204,3204,28.571430206298828,25,19.047618865966797,28.571430206298828,0,0,0,0,5.379179954528809,8589934592,2147483648,5994496000,407961600
207,1771999053885,3204,3204,3204,3204,3204,3204,3204,3204,33.333335876464844,23.809524536132813,20,23.809524536132813,4.761904716491699,4.545454502105713,0,0,5.379179954528809,8589934592,2147483648,5995298816,407961600
204,1771999054093,3204,3204,3204,3204,3204,3204,3204,3204,28.571430206298828,28.571430206298828,28.571430206298828,19.047618865966797,0,0,0,0,5.6047186851501465,8589934592,2147483648,5995347968,407961600
200,1771999054298,3204,3204,3204,3204,3204,3204,3204,3204,30.000001907348633,20,20,15.000000953674316,0,0,4.761904716491699,0,5.6047186851501465,8589934592,2147483648,5995347968,407961600
209,1771999054499,3204,3204,3204,3204,3204,3204,3204,3204,30.000001907348633,30.000001907348633,33.333335876464844,30.000001907348633,0,5.263157844543457,0,0,5.6047186851501465,8589934592,2147483648,5995347968,407961600
205,1771999054709,3204,3204,3204,3204,3204,3204,3204,3204,28.571430206298828,31.81818199157715,19.047618865966797,23.809524536132813,27.272727966308594,27.272727966308594,4.761904716491699,4.761904716491699,5.6047186851501465,8589934592,2147483648,5995347968,407961600
208,1771999054915,3204,3204,3204,3204,3204,3204,3204,3204,25,26.3157901763916,20,23.809524536132813,9.523809432983398,5,4.761904716491699,0,5.6047186851501465,8589934592,2147483648,5999689728,407961600
209,1771999055123,3204,3204,3204,3204,3204,3204,3204,3204,28.571430206298828,23.809524536132813,20,19.047618865966797,5,4.761904716491699,4.761904716491699,4.761904716491699,5.344359874725342,8589934592,2147483648,6001115136,407961600
205,1771999055333,3204,3204,3204,3204,3204,3204,3204,3204,23.809524536132813,19.047618865966797,36.3636360168457,15.000000953674316,4.761904716491699,4.761904716491699,4.761904716491699,0,5.344359874725342,8589934592,2147483648,6001131520,407961600
204,1771999055539,3204,3204,3204,3204,3204,3204,3204,3204,30.000001907348633,25,20,19.047618865966797,0,0,0,0,5.344359874725342,8589934592,2147483648,6001164288,407961600
208,1771999055744,3204,3204,3204,3204,3204,3204,3204,3204,30.000001907348633,30.000001907348633,20,20,9.523809432983398,5,0,5,5.344359874725342,8589934592,2147483648,6000312320,407961600
209,1771999055953,3204,3204,3204,3204,3204,3204,3204,3204,28.571430206298828,28.571430206298828,23.809524536132813,19.047618865966797,4.761904716491699,4.761904716491699,4.545454502105713,0,5.344359874725342,8589934592,2147483648,6000345088,407961600
209,1771999056163,3204,3204,3204,3204,3204,3204,3204,3204,23.809524536132813,19.047618865966797,18.18181800842285,10,5,19.047618865966797,5,4.761904716491699,5.601451396942139,8589934592,2147483648,6008258560,407961600
209,1771999056373,3204,3204,3204,3204,3204,3204,3204,3204,27.272727966308594,28.571430206298828,20,23.809524536132813,4.761904716491699,4.761904716491699,4.545454502105713,4.761904716491699,5.601451396942139,8589934592,2147483648,6009798656,407961600
6,1771999056583,3204,3204,3204,3204,3204,3204,3204,3204,26.3157901763916,28.571430206298828,23.809524536132813,23.809524536132813,4.545454502105713,4.761904716491699,0,4.545454502105713,5.601451396942139,8589934592,2147483648,6010273792,407961600
