Delta,Time,CPU_FREQUENCY_0,CPU_FREQUENCY_1,CPU_FREQUENCY_2,CPU_FREQUENCY_3,CPU_FREQUENCY_4,CPU_FREQUENCY_5,CPU_FREQUENCY_6,CPU_FREQUENCY_7,CPU_USAGE_0,CPU_USAGE_1,CPU_USAGE_2,CPU_USAGE_3,CPU_USAGE_4,CPU_USAGE_5,CPU_USAGE_6,CPU_USAGE_7,SYSTEM_POWER (Watts),TOTAL_MEMORY,TOTAL_SWAP,USED_MEMORY,USED_SWAP
0,1772015455728,3204,3204,3204,3204,3204,3204,3204,3204,100,NaN,0,0,NaN,0,0,0,6.171756267547607,8589934592,2147483648,6139117568,366018560
209,1772015455728,3204,3204,3204,3204,3204,3204,3204,3204,0,0,NaN,NaN,0,NaN,NaN,NaN,6.171756267547607,8589934592,2147483648,6139904000,366018560
204,1772015455938,3204,3204,3204,3204,3204,3204,3204,3204,40,40,23.809524536132813,20,10,9.523809432983398,9.090909004211426,4.761904716491699,6.171756267547607,8589934592,2147483648,6139133952,366018560
201,1772015456143,3204,3204,3204,3204,3204,3204,3204,3204,38.095237731933594,38.095237731933594,30.000001907348633,23.809524536132813,14.285715103149414,9.523809432983398,5,13.636363983154297,6.171756267547607,8589934592,2147483648,6139133952,366018560
203,1772015456345,3204,3204,3204,3204,3204,3204,3204,3204,80,70,71.42857360839844,66.66667175292969,10,5,0,0,5.673232555389404,8589934592,2147483648,6114017280,366018560
202,1772015456549,3204,3204,3204,3204,3204,3204,3204,3204,70,61.904762268066406,60.000003814697266,52.6315803527832,9.523809432983398,5,9.090909004211426,4.761904716491699,5.673232555389404,8589934592,2147483648,6115196928,366018560
203,1772015456752,3204,3204,3204,3204,3204,3204,3204,3204,57.142860412597656,50,57.142860412597656,47.619049072265625,19.047618865966797,23.809524536132813,0,0,5.673232555389404,8589934592,2147483648,6101155840,366018560
209,1772015456957,3204,3204,3204,3204,3204,3204,3204,3204,68.42105102539063,61.904762268066406,57.894737243652344,65,0,0,0,0,5.673232555389404,8589934592,2147483648,6113263616,366018560
204,1772015457167,3204,3204,3204,3204,3204,3204,3204,3204,52.38095474243164,52.38095474243164,50,47.619049072265625,9.090909004211426,4.761904716491699,5,4.761904716491699,5.673232555389404,8589934592,2147483648,6096879616,366018560
209,1772015457372,3204,3204,3204,3204,3204,3204,3204,3204,52.38095474243164,47.619049072265625,40.90909194946289,45,5,5.263157844543457,9.090909004211426,4.761904716491699,6.164252758026123,8589934592,2147483648,6117687296,366018560
203,1772015457582,3204,3204,3204,3204,3204,3204,3204,3204,50,47.619049072265625,33.333335876464844,31.81818199157715,0,0,0,0,6.164252758026123,8589934592,2147483648,6112657408,366018560
202,1772015457786,3204,3204,3204,3204,3204,3204,3204,3204,57.142860412597656,47.36842346191406,65,57.894737243652344,0,0,0,0,6.164252758026123,8589934592,2147483648,6080823296,366018560
207,1772015457989,3204,3204,3204,3204,3204,3204,3204,3204,52.6315803527832,38.095237731933594,40,47.619049072265625,9.090909004211426,5,0,0,6.164252758026123,8589934592,2147483648,6080823296,366018560
203,1772015458196,3204,3204,3204,3204,3204,3204,3204,3204,38.095237731933594,26.3157901763916,19.047618865966797,14.285715103149414,5.263157844543457,22.72727394104004,4.761904716491699,4.761904716491699,6.164252758026123,8589934592,2147483648,6080823296,366018560
204,1772015458401,3204,3204,3204,3204,3204,3204,3204,3204,50,63.6363639831543,45,50,33.333335876464844,9.523809432983398,4.761904716491699,0,6.977444171905518,8589934592,2147483648,6095388672,366018560
209,1772015458605,3204,3204,3204,3204,3204,3204,3204,3204,100,100,100,100,5,5,0,4.761904716491699,6.977444171905518,8589934592,2147483648,6081888256,366018560
209,1772015458815,3204,3204,3204,3204,3204,3204,3204,3204,76.19047546386719,80.95238494873047,75,86.36363983154297,13.636363983154297,0,4.761904716491699,0,6.977444171905518,8589934592,2147483648,6081888256,366018560
205,1772015459025,3204,3204,3204,3204,3204,3204,3204,3204,61.904762268066406,66.66667175292969,68.18181610107422,61.904762268066406,20,23.809524536132813,9.523809432983398,4.761904716491699,6.977444171905518,8589934592,2147483648,6081888256,366018560
208,1772015459232,3204,3204,3204,3204,3204,3204,3204,3204,71.42857360839844,70,65,55,9.523809432983398,9.523809432983398,0,0,6.977444171905518,8589934592,2147483648,6081888256,366018560
209,1772015459440,3204,3204,3204,3204,3204,3204,3204,3204,55,66.66667175292969,65,65,23.809524536132813,22.72727394104004,4.761904716491699,4.761904716491699,6.2140583992004395,8589934592,2147483648,6013009920,366018560
205,1772015459650,3204,3204,3204,3204,3204,3204,3204,3204,76.19047546386719,71.42857360839844,73.91304016113281,63.6363639831543,9.523809432983398,5,36.3636360168457,0,6.2140583992004395,8589934592,2147483648,5999738880,366018560
200,1772015459856,3204,3204,3204,3204,3204,3204,3204,3204,66.66667175292969,71.42857360839844,68.42105102539063,70,15.000000953674316,5,10,0,6.2140583992004395,8589934592,2147483648,6002917376,366018560
209,1772015460057,3204,3204,3204,3204,3204,3204,3204,3204,75,78.94737243652344,76.19047546386719,65,14.285715103149414,10,5,5,6.2140583992004395,8589934592,2147483648,6002688000,366018560
202,1772015460268,3204,3204,3204,3204,3204,3204,3204,3204,70,59.09090805053711,76.19047546386719,80.95238494873047,15.000000953674316,18.18181800842285,14.285715103149414,13.636363983154297,6.2140583992004395,8589934592,2147483648,5995937792,366018560
200,1772015460471,3204,3204,3204,3204,3204,3204,3204,3204,66.66667175292969,55,47.36842346191406,52.38095474243164,14.285715103149414,5,0,4.761904716491699,7.423186302185059,8589934592,2147483648,5995839488,366018560
201,1772015460671,3204,3204,3204,3204,3204,3204,3204,3204,80,60.000003814697266,71.42857360839844,57.894737243652344,25,10,5,0,7.423186302185059,8589934592,2147483648,5996347392,366018560
207,1772015460873,3204,3204,3204,3204,3204,3204,3204,3204,55,40,70,42.85714340209961,15.789472579956055,55,33.333335876464844,5,7.423186302185059,8589934592,2147483648,5996462080,366018560
201,1772015461081,3204,3204,3204,3204,3204,3204,3204,3204,55,61.904762268066406,50,42.105262756347656,14.285715103149414,0,5,0,7.423186302185059,8589934592,2147483648,5992710144,366018560
205,1772015461283,3204,3204,3204,3204,3204,3204,3204,3204,45,52.6315803527832,45,33.333335876464844,4.761904716491699,4.761904716491699,0,0,7.423186302185059,8589934592,2147483648,5990334464,366018560
208,1772015461489,3204,3204,3204,3204,3204,3204,3204,3204,42.85714340209961,61.904762268066406,55,33.333335876464844,5,5,4.761904716491699,4.761904716491699,8.29745101928711,8589934592,2147483648,5994823680,366018560
208,1772015461698,3204,3204,3204,3204,3204,3204,3204,3204,71.42857360839844,57.142860412597656,63.6363639831543,55,5,4.761904716491699,4.761904716491699,0,8.29745101928711,8589934592,2147483648,5992923136,366018560
208,1772015461906,3204,3204,3204,3204,3204,3204,3204,3204,57.142860412597656,57.142860412597656,55,45.45454788208008,13.636363983154297,9.090909004211426,4.761904716491699,4.761904716491699,8.29745101928711,8589934592,2147483648,5992923136,366018560
205,1772015462116,3204,3204,3204,3204,3204,3204,3204,3204,45,57.142860412597656,47.619049072265625,45,9.523809432983398,4.761904716491699,4.761904716491699,4.761904716491699,8.29745101928711,8589934592,2147483648,5992923136,366018560
209,1772015462321,3204,3204,3204,3204,3204,3204,3204,3204,57.142860412597656,52.6315803527832,57.142860412597656,61.904762268066406,5,5,0,0,8.29745101928711,8589934592,2147483648,5992923136,366018560
202,1772015462531,3204,3204,3204,3204,3204,3204,3204,3204,71.42857360839844,54.54545593261719,61.904762268066406,42.85714340209961,45,4.761904716491699,4.761904716491699,4.761904716491699,7.0489349365234375,8589934592,2147483648,5995790336,366018560
203,1772015462734,3204,3204,3204,3204,3204,3204,3204,3204,50,45,47.36842346191406,71.42857360839844,9.090909004211426,5,4.761904716491699,4.761904716491699,7.0489349365234375,8589934592,2147483648,5996183552,366018560
208,1772015462938,3204,3204,3204,3204,3204,3204,3204,3204,47.619049072265625,50,52.38095474243164,31.57894515991211,40,0,0,0,7.0489349365234375,8589934592,2147483648,6002475008,366018560
201,1772015463148,3204,3204,3204,3204,3204,3204,3204,3204,35,42.85714340209961,45,52.38095474243164,23.809524536132813,19.047618865966797,5,9.523809432983398,7.0489349365234375,8589934592,2147483648,6000361472,366018560
204,1772015463350,3204,3204,3204,3204,3204,3204,3204,3204,71.42857360839844,38.095237731933594,33.333335876464844,25,15.000000953674316,5,4.761904716491699,5,6.3297858238220215,8589934592,2147483648,5982601216,366018560
205,1772015463555,3204,3204,3204,3204,3204,3204,3204,3204,40,47.619049072265625,54.54545593261719,42.85714340209961,0,0,0,0,6.3297858238220215,8589934592,2147483648,5987270656,366018560
203,1772015463761,3204,3204,3204,3204,3204,3204,3204,3204,35,47.36842346191406,40,45,0,4.761904716491699,4.761904716491699,0,6.3297858238220215,8589934592,2147483648,5987254272,366018560
207,1772015463965,3204,3204,3204,3204,3204,3204,3204,3204,52.38095474243164,42.85714340209961,42.105262756347656,55,4.761904716491699,0,0,4.761904716491699,6.3297858238220215,8589934592,2147483648,5990580224,366018560
208,1772015464173,3204,3204,3204,3204,3204,3204,3204,3204,50,38.095237731933594,38.095237731933594,30.000001907348633,0,4.761904716491699,0,0,6.3297858238220215,8589934592,2147483648,5997789184,366018560
201,1772015464381,3204,3204,3204,3204,3204,3204,3204,3204,38.095237731933594,30.000001907348633,28.571430206298828,33.333335876464844,36.3636360168457,50,14.285715103149414,14.285715103149414,6.672919750213623,8589934592,2147483648,5961760768,366018560
207,1772015464583,3204,3204,3204,3204,3204,3204,3204,3204,35,33.333335876464844,30.000001907348633,38.095237731933594,21.052631378173828,33.333335876464844,5,4.761904716491699,6.672919750213623,8589934592,2147483648,5961957376,366018560
206,1772015464790,3204,3204,3204,3204,3204,3204,3204,3204,35,26.3157901763916,25,14.285715103149414,36.3636360168457,15.789472579956055,9.523809432983398,0,6.672919750213623,8589934592,2147483648,5982617600,366018560
209,1772015464997,3204,3204,3204,3204,3204,3204,3204,3204,50,52.38095474243164,33.333335876464844,26.3157901763916,5,9.090909004211426,4.761904716491699,4.545454502105713,6.672919750213623,8589934592,2147483648,5990170624,366018560
209,1772015465208,3204,3204,3204,3204,3204,3204,3204,3204,66.66667175292969,76.19047546386719,61.904762268066406,59.09090805053711,14.285715103149414,9.523809432983398,4.761904716491699,5,6.672919750213623,8589934592,2147483648,5997707264,366018560
200,1772015465418,3204,3204,3204,3204,3204,3204,3204,3204,57.142860412597656,55,52.38095474243164,61.904762268066406,10,0,4.761904716491699,4.545454502105713,6.1986212730407715,8589934592,2147483648,5997707264,366018560
209,1772015465619,3204,3204,3204,3204,3204,3204,3204,3204,95.23809814453125,95.23809814453125,95,90,15.000000953674316,10,5,10,6.1986212730407715,8589934592,2147483648,5993971712,366018560
207,1772015465829,3204,3204,3204,3204,3204,3204,3204,3204,76.19047546386719,80.95238494873047,80,71.42857360839844,22.72727394104004,38.095237731933594,0,4.761904716491699,6.1986212730407715,8589934592,2147483648,5992644608,366018560
206,1772015466037,3204,3204,3204,3204,3204,3204,3204,3204,80,80.95238494873047,71.42857360839844,66.66667175292969,55,4.761904716491699,4.761904716491699,4.761904716491699,6.1986212730407715,8589934592,2147483648,5992644608,366018560
202,1772015466243,3204,3204,3204,3204,3204,3204,3204,3204,72.7272720336914,70,76.19047546386719,70,61.904762268066406,35,28.571430206298828,25,6.1986212730407715,8589934592,2147483648,5992644608,366018560
207,1772015466446,3204,3204,3204,3204,3204,3204,3204,3204,47.36842346191406,55,40,60.000003814697266,31.57894515991211,5,0,14.285715103149414,7.805337429046631,8589934592,2147483648,5992644608,366018560
200,1772015466654,3204,3204,3204,3204,3204,3204,3204,3204,76.19047546386719,66.66667175292969,59.09090805053711,54.54545593261719,36.3636360168457,4.761904716491699,4.545454502105713,0,7.805337429046631,8589934592,2147483648,5973966848,366018560
209,1772015466854,3204,3204,3204,3204,3204,3204,3204,3204,55,70,52.6315803527832,36.842105865478516,30.000001907348633,14.285715103149414,0,0,7.805337429046631,8589934592,2147483648,5976621056,366018560
200,1772015467065,3204,3204,3204,3204,3204,3204,3204,3204,57.142860412597656,42.85714340209961,42.85714340209961,42.85714340209961,65,40,0,0,7.805337429046631,8589934592,2147483648,5990940672,366018560
200,1772015467265,3204,3204,3204,3204,3204,3204,3204,3204,52.6315803527832,42.105262756347656,40,35,47.619049072265625,14.285715103149414,0,0,7.805337429046631,8589934592,2147483648,5991186432,366018560
209,1772015467466,3204,3204,3204,3204,3204,3204,3204,3204,50,42.85714340209961,42.105262756347656,40,20,0,0,0,10.118288040161133,8589934592,2147483648,5993938944,366018560
201,1772015467676,3204,3204,3204,3204,3204,3204,3204,3204,52.38095474243164,50,45.45454788208008,38.095237731933594,60.000003814697266,0,0,0,10.118288040161133,8589934592,2147483648,5994348544,366018560
204,1772015467877,3204,3204,3204,3204,3204,3204,3204,3204,52.38095474243164,50,30.000001907348633,35,55,0,0,0,10.118288040161133,8589934592,2147483648,5989957632,366018560
208,1772015468083,3204,3204,3204,3204,3204,3204,3204,3204,60.000003814697266,38.095237731933594,50,35,45,4.761904716491699,4.761904716491699,4.761904716491699,10.118288040161133,8589934592,2147483648,5995282432,366018560
209,1772015468291,3204,3204,3204,3204,3204,3204,3204,3204,52.38095474243164,47.619049072265625,42.85714340209961,47.619049072265625,50,9.523809432983398,4.761904716491699,0,10.118288040161133,8589934592,2147483648,5995282432,366018560
204,1772015468501,3204,3204,3204,3204,3204,3204,3204,3204,47.619049072265625,38.095237731933594,45,45.45454788208008,80.95238494873047,0,0,0,10.0682954788208,8589934592,2147483648,5995282432,366018560
209,1772015468706,3204,3204,3204,3204,3204,3204,3204,3204,35,50,42.85714340209961,40,20,19.047618865966797,0,5,10.0682954788208,8589934592,2147483648,5996642304,366018560
206,1772015468916,3204,3204,3204,3204,3204,3204,3204,3204,60.000003814697266,47.619049072265625,52.38095474243164,38.095237731933594,57.142860412597656,9.090909004211426,0,0,10.0682954788208,8589934592,2147483648,6008176640,366018560
207,1772015469123,3204,3204,3204,3204,3204,3204,3204,3204,42.85714340209961,40,40,45,70,4.761904716491699,4.761904716491699,0,10.0682954788208,8589934592,2147483648,6002851840,366018560
203,1772015469330,3204,3204,3204,3204,3204,3204,3204,3204,47.619049072265625,45.45454788208008,45.45454788208008,40,52.38095474243164,0,0,0,9.184216499328613,8589934592,2147483648,6000099328,366018560
204,1772015469534,3204,3204,3204,3204,3204,3204,3204,3204,55,47.36842346191406,52.6315803527832,36.3636360168457,61.904762268066406,19.047618865966797,0,4.761904716491699,9.184216499328613,8589934592,2147483648,6000082944,366018560
201,1772015469739,3204,3204,3204,3204,3204,3204,3204,3204,45,47.619049072265625,52.38095474243164,26.3157901763916,68.42105102539063,15.000000953674316,0,0,9.184216499328613,8589934592,2147483648,5993463808,366018560
207,1772015469941,3204,3204,3204,3204,3204,3204,3204,3204,47.619049072265625,45,40,57.142860412597656,45.45454788208008,5,4.761904716491699,0,9.184216499328613,8589934592,2147483648,5995233280,366018560
209,1772015470149,3204,3204,3204,3204,3204,3204,3204,3204,25,35,33.333335876464844,25,50,4.761904716491699,0,0,9.184216499328613,8589934592,2147483648,5990498304,366018560
204,1772015470359,3204,3204,3204,3204,3204,3204,3204,3204,40,38.095237731933594,25,40.90909194946289,76.19047546386719,4.545454502105713,0,0,9.743720054626465,8589934592,2147483648,5993742336,366018560
202,1772015470564,3204,3204,3204,3204,3204,3204,3204,3204,23.809524536132813,28.571430206298828,23.809524536132813,15.789472579956055,60.000003814697266,5,0,4.761904716491699,9.743720054626465,8589934592,2147483648,5994577920,366018560
202,1772015470767,3204,3204,3204,3204,3204,3204,3204,3204,28.571430206298828,28.571430206298828,20,20,70,15.789472579956055,14.285715103149414,0,9.743720054626465,8589934592,2147483648,5981700096,366018560
207,1772015470970,3204,3204,3204,3204,3204,3204,3204,3204,20,27.77777862548828,19.047618865966797,15.000000953674316,80.95238494873047,23.809524536132813,0,0,9.743720054626465,8589934592,2147483648,5983109120,366018560
203,1772015471179,3204,3204,3204,3204,3204,3204,3204,3204,23.809524536132813,28.571430206298828,15.000000953674316,18.18181800842285,42.85714340209961,4.761904716491699,0,4.545454502105713,9.743720054626465,8589934592,2147483648,5986762752,366018560
206,1772015471383,3204,3204,3204,3204,3204,3204,3204,3204,21.052631378173828,33.333335876464844,20,15.789472579956055,60.000003814697266,0,4.545454502105713,0,9.753198623657227,8589934592,2147483648,5985697792,366018560
209,1772015471590,3204,3204,3204,3204,3204,3204,3204,3204,23.809524536132813,33.333335876464844,28.571430206298828,22.72727394104004,65,4.761904716491699,0,4.761904716491699,9.753198623657227,8589934592,2147483648,5983911936,366018560
202,1772015471800,3204,3204,3204,3204,3204,3204,3204,3204,28.571430206298828,20,22.72727394104004,10,61.904762268066406,0,0,0,9.753198623657227,8589934592,2147483648,5958418432,366018560
199,1772015472003,3204,3204,3204,3204,3204,3204,3204,3204,20,20,21.052631378173828,15.000000953674316,76.19047546386719,4.761904716491699,0,0,9.753198623657227,8589934592,2147483648,5960138752,366018560
209,1772015472203,3204,3204,3204,3204,3204,3204,3204,3204,25,28.571430206298828,20,19.047618865966797,35,0,0,0,9.753198623657227,8589934592,2147483648,5962842112,366018560
200,1772015472413,3204,3204,3204,3204,3204,3204,3204,3204,28.571430206298828,23.809524536132813,22.72727394104004,15.000000953674316,65,5,0,0,9.56540584564209,8589934592,2147483648,5962514432,366018560
201,1772015472614,3204,3204,3204,3204,3204,3204,3204,3204,26.3157901763916,26.3157901763916,21.052631378173828,15.000000953674316,65,5,0,0,9.56540584564209,8589934592,2147483648,5965987840,366018560
200,1772015472816,3204,3204,3204,3204,3204,3204,3204,3204,30.000001907348633,23.809524536132813,15.000000953674316,15.000000953674316,47.619049072265625,0,0,0,9.56540584564209,8589934592,2147483648,5963448320,366018560
204,1772015473017,3204,3204,3204,3204,3204,3204,3204,3204,33.333335876464844,20,20,15.000000953674316,47.36842346191406,0,0,0,9.56540584564209,8589934592,2147483648,5963825152,366018560
209,1772015473222,3204,3204,3204,3204,3204,3204,3204,3204,30.000001907348633,25,25,23.809524536132813,52.38095474243164,13.636363983154297,4.761904716491699,5,9.56540584564209,8589934592,2147483648,5963825152,366018560
209,1772015473432,3204,3204,3204,3204,3204,3204,3204,3204,42.85714340209961,35,28.571430206298828,28.571430206298828,30.000001907348633,0,0,0,8.69252872467041,8589934592,2147483648,5963825152,366018560
208,1772015473642,3204,3204,3204,3204,3204,3204,3204,3204,33.333335876464844,30.000001907348633,36.3636360168457,25,27.272727966308594,9.523809432983398,0,4.545454502105713,8.69252872467041,8589934592,2147483648,5963825152,366018560
203,1772015473851,3204,3204,3204,3204,3204,3204,3204,3204,30.000001907348633,27.272727966308594,15.789472579956055,19.047618865966797,57.142860412597656,10,9.523809432983398,0,8.69252872467041,8589934592,2147483648,5958483968,366018560
209,1772015474055,3204,3204,3204,3204,3204,3204,3204,3204,38.095237731933594,38.095237731933594,30.000001907348633,25,50,4.761904716491699,0,4.761904716491699,8.69252872467041,8589934592,2147483648,5954289664,366018560
200,1772015474265,3204,3204,3204,3204,3204,3204,3204,3204,25,40,27.272727966308594,27.272727966308594,52.38095474243164,0,4.545454502105713,0,8.69252872467041,8589934592,2147483648,5954977792,366018560
204,1772015474467,3204,3204,3204,3204,3204,3204,3204,3204,15.789472579956055,25,20,15.000000953674316,89.47368621826172,0,0,0,8.339750289916992,8589934592,2147483648,5949243392,366018560
201,1772015474672,3204,3204,3204,3204,3204,3204,3204,3204,28.571430206298828,25,20,20,71.42857360839844,0,0,0,8.339750289916992,8589934592,2147483648,5949243392,366018560
206,1772015474873,3204,3204,3204,3204,3204,3204,3204,3204,20,19.047618865966797,25,15.000000953674316,80,0,0,0,8.339750289916992,8589934592,2147483648,5944229888,366018560
201,1772015475080,3204,3204,3204,3204,3204,3204,3204,3204,28.571430206298828,20,19.047618865966797,19.047618865966797,42.85714340209961,5,0,0,8.339750289916992,8589934592,2147483648,5945540608,366018560
203,1772015475282,3204,3204,3204,3204,3204,3204,3204,3204,30.000001907348633,25,25,20,45,5,5,4.761904716491699,8.339750289916992,8589934592,2147483648,5945868288,366018560
205,1772015475486,3204,3204,3204,3204,3204,3204,3204,3204,20,25,20,19.047618865966797,52.38095474243164,9.090909004211426,0,0,8.828084945678711,8589934592,2147483648,5947195392,366018560
209,1772015475692,3204,3204,3204,3204,3204,3204,3204,3204,30.000001907348633,28.571430206298828,25,15.789472579956055,45,5,0,14.285715103149414,8.828084945678711,8589934592,2147483648,5946802176,366018560
209,1772015475902,3204,3204,3204,3204,3204,3204,3204,3204,33.333335876464844,35,23.809524536132813,28.571430206298828,33.333335876464844,9.523809432983398,9.090909004211426,9.090909004211426,8.828084945678711,8589934592,2147483648,5942837248,366018560
209,1772015476113,3204,3204,3204,3204,3204,3204,3204,3204,61.904762268066406,59.09090805053711,57.142860412597656,63.6363639831543,14.285715103149414,4.761904716491699,4.761904716491699,0,8.828084945678711,8589934592,2147483648,5954224128,366018560
200,1772015476322,3204,3204,3204,3204,3204,3204,3204,3204,50,45,42.85714340209961,40,38.095237731933594,28.571430206298828,28.571430206298828,38.095237731933594,8.828084945678711,8589934592,2147483648,5733384192,366018560
206,1772015476523,3204,3204,3204,3204,3204,3204,3204,3204,47.36842346191406,45,45,42.85714340209961,10,10,10,9.523809432983398,9.17143440246582,8589934592,2147483648,5745524736,366018560
205,1772015476730,3204,3204,3204,3204,3204,3204,3204,3204,57.142860412597656,60.000003814697266,57.142860412597656,47.36842346191406,15.000000953674316,14.285715103149414,0,0,9.17143440246582,8589934592,2147483648,5759221760,366018560
205,1772015476936,3204,3204,3204,3204,3204,3204,3204,3204,57.894737243652344,52.38095474243164,47.619049072265625,47.619049072265625,52.38095474243164,23.809524536132813,23.809524536132813,25,9.17143440246582,8589934592,2147483648,5768806400,366018560
206,1772015477142,3204,3204,3204,3204,3204,3204,3204,3204,50,47.619049072265625,38.095237731933594,42.85714340209961,30.000001907348633,15.789472579956055,9.523809432983398,5,9.17143440246582,8589934592,2147483648,5759631360,366018560
208,1772015477349,3204,3204,3204,3204,3204,3204,3204,3204,15.000000953674316,14.285715103149414,5.263157844543457,14.285715103149414,45,22.72727394104004,0,9.090909004211426,8.386303901672363,8589934592,2147483648,5769478144,366018560
205,1772015477558,3204,3204,3204,3204,3204,3204,3204,3204,47.619049072265625,45,38.095237731933594,35,33.333335876464844,0,4.761904716491699,0,8.386303901672363,8589934592,2147483648,5782306816,366018560
199,1772015477765,3204,3204,3204,3204,3204,3204,3204,3204,45,52.38095474243164,50,40,30.000001907348633,5,0,0,8.386303901672363,8589934592,2147483648,5785583616,366018560
208,1772015477966,3204,3204,3204,3204,3204,3204,3204,3204,30.000001907348633,35,33.333335876464844,25,42.85714340209961,4.761904716491699,0,4.761904716491699,8.386303901672363,8589934592,2147483648,5802835968,366018560
200,1772015478175,3204,3204,3204,3204,3204,3204,3204,3204,35,33.333335876464844,30.000001907348633,23.809524536132813,30.000001907348633,18.18181800842285,9.090909004211426,0,8.386303901672363,8589934592,2147483648,5791023104,366018560
203,1772015478376,3204,3204,3204,3204,3204,3204,3204,3204,25,16.666667938232422,20,15.000000953674316,65,10.526315689086914,5,10,8.666863441467285,8589934592,2147483648,5791023104,366018560
200,1772015478580,3204,3204,3204,3204,3204,3204,3204,3204,30.000001907348633,31.81818199157715,25,20,60.000003814697266,9.523809432983398,0,0,8.666863441467285,8589934592,2147483648,5791023104,366018560
207,1772015478781,3204,3204,3204,3204,3204,3204,3204,3204,30.000001907348633,31.57894515991211,23.809524536132813,19.047618865966797,42.85714340209961,0,0,0,8.666863441467285,8589934592,2147483648,5791023104,366018560
209,1772015478988,3204,3204,3204,3204,3204,3204,3204,3204,23.809524536132813,28.571430206298828,20,15.000000953674316,90,9.090909004211426,4.761904716491699,5,8.666863441467285,8589934592,2147483648,5821038592,366018560
205,1772015479199,3204,3204,3204,3204,3204,3204,3204,3204,28.571430206298828,31.57894515991211,19.047618865966797,22.72727394104004,33.333335876464844,0,0,4.545454502105713,8.666863441467285,8589934592,2147483648,5808898048,366018560
204,1772015479405,3204,3204,3204,3204,3204,3204,3204,3204,23.809524536132813,19.047618865966797,19.047618865966797,15.789472579956055,100,0,4.761904716491699,0,9.129351615905762,8589934592,2147483648,5821317120,366018560
203,1772015479610,3204,3204,3204,3204,3204,3204,3204,3204,31.57894515991211,33.333335876464844,21.052631378173828,28.571430206298828,50,10,0,0,9.129351615905762,8589934592,2147483648,5814976512,366018560
200,1772015479813,3204,3204,3204,3204,3204,3204,3204,3204,38.095237731933594,25,25,23.809524536132813,30.000001907348633,5,0,0,9.129351615905762,8589934592,2147483648,5815943168,366018560
206,1772015480015,3204,3204,3204,3204,3204,3204,3204,3204,35,25,23.809524536132813,15.789472579956055,61.904762268066406,4.761904716491699,0,5,9.129351615905762,8589934592,2147483648,5817286656,366018560
209,1772015480222,3204,3204,3204,3204,3204,3204,3204,3204,30.000001907348633,25,30.000001907348633,20,10.526315689086914,5,4.761904716491699,0,9.129351615905762,8589934592,2147483648,5819613184,366018560
206,1772015480432,3204,3204,3204,3204,3204,3204,3204,3204,25,23.809524536132813,36.3636360168457,19.047618865966797,9.090909004211426,4.761904716491699,0,4.545454502105713,9.880414009094238,8589934592,2147483648,5819187200,366018560
209,1772015480638,3204,3204,3204,3204,3204,3204,3204,3204,27.272727966308594,28.571430206298828,30.000001907348633,25,10,25,19.047618865966797,10,9.880414009094238,8589934592,2147483648,5822300160,366018560
205,1772015480849,3204,3204,3204,3204,3204,3204,3204,3204,20,19.047618865966797,28.571430206298828,18.18181800842285,14.285715103149414,13.636363983154297,4.761904716491699,4.761904716491699,9.880414009094238,8589934592,2147483648,5819826176,366018560
201,1772015481055,3204,3204,3204,3204,3204,3204,3204,3204,28.571430206298828,25,20,15.000000953674316,14.285715103149414,9.523809432983398,9.523809432983398,4.761904716491699,9.880414009094238,8589934592,2147483648,5819039744,366018560
209,1772015481257,3204,3204,3204,3204,3204,3204,3204,3204,35,35,25,28.571430206298828,20,20,5,5,9.880414009094238,8589934592,2147483648,5820088320,366018560
204,1772015481467,3204,3204,3204,3204,3204,3204,3204,3204,33.333335876464844,38.095237731933594,31.81818199157715,25,9.523809432983398,9.523809432983398,9.523809432983398,4.761904716491699,8.33995246887207,8589934592,2147483648,5820219392,366018560
209,1772015481672,3204,3204,3204,3204,3204,3204,3204,3204,30.000001907348633,35,21.052631378173828,23.809524536132813,5,5,5,4.761904716491699,8.33995246887207,8589934592,2147483648,5820219392,366018560
201,1772015481882,3204,3204,3204,3204,3204,3204,3204,3204,28.571430206298828,36.3636360168457,27.272727966308594,23.809524536132813,4.761904716491699,4.761904716491699,0,4.761904716491699,8.33995246887207,8589934592,2147483648,5820219392,366018560
204,1772015482084,3204,3204,3204,3204,3204,3204,3204,3204,20,35,15.789472579956055,15.000000953674316,5,5,9.523809432983398,5,8.33995246887207,8589934592,2147483648,5820530688,366018560
209,1772015482288,3204,3204,3204,3204,3204,3204,3204,3204,25,30.000001907348633,23.809524536132813,25,23.809524536132813,14.285715103149414,9.523809432983398,0,8.33995246887207,8589934592,2147483648,5832458240,366018560
204,1772015482499,3204,3204,3204,3204,3204,3204,3204,3204,38.095237731933594,23.809524536132813,25,22.72727394104004,42.85714340209961,0,0,4.545454502105713,6.177419662475586,8589934592,2147483648,5836357632,366018560
209,1772015482703,3204,3204,3204,3204,3204,3204,3204,3204,28.571430206298828,25,23.809524536132813,15.789472579956055,0,45.45454788208008,0,0,6.177419662475586,8589934592,2147483648,5836505088,366018560
201,1772015482913,3204,3204,3204,3204,3204,3204,3204,3204,20,20,19.047618865966797,14.285715103149414,9.523809432983398,0,4.761904716491699,0,6.177419662475586,8589934592,2147483648,5837848576,366018560
204,1772015483115,3204,3204,3204,3204,3204,3204,3204,3204,28.571430206298828,30.000001907348633,15.000000953674316,19.047618865966797,4.761904716491699,5,4.761904716491699,4.761904716491699,6.177419662475586,8589934592,2147483648,5837930496,366018560
208,1772015483320,3204,3204,3204,3204,3204,3204,3204,3204,15.000000953674316,33.333335876464844,20,14.285715103149414,15.000000953674316,20,5,5,6.177419662475586,8589934592,2147483648,5841256448,366018560
203,1772015483528,3204,3204,3204,3204,3204,3204,3204,3204,25,28.571430206298828,14.285715103149414,15.000000953674316,9.090909004211426,9.090909004211426,5,4.761904716491699,5.513258457183838,8589934592,2147483648,5843877888,366018560
209,1772015483732,3204,3204,3204,3204,3204,3204,3204,3204,33.333335876464844,33.333335876464844,20,20,0,4.761904716491699,4.761904716491699,0,5.513258457183838,8589934592,2147483648,5843877888,366018560
209,1772015483942,3204,3204,3204,3204,3204,3204,3204,3204,28.571430206298828,20,19.047618865966797,19.047618865966797,0,0,0,0,5.513258457183838,8589934592,2147483648,5843877888,366018560
209,1772015484152,3204,3204,3204,3204,3204,3204,3204,3204,25,28.571430206298828,19.047618865966797,14.285715103149414,4.761904716491699,4.761904716491699,4.761904716491699,4.761904716491699,5.513258457183838,8589934592,2147483648,5845172224,366018560
201,1772015484362,3204,3204,3204,3204,3204,3204,3204,3204,28.571430206298828,20,23.809524536132813,23.809524536132813,4.761904716491699,0,0,0,5.7246270179748535,8589934592,2147483648,5846990848,366018560
207,1772015484564,3204,3204,3204,3204,3204,3204,3204,3204,25,20,15.000000953674316,30.000001907348633,9.523809432983398,4.761904716491699,4.761904716491699,9.523809432983398,5.7246270179748535,8589934592,2147483648,5846990848,366018560
207,1772015484772,3204,3204,3204,3204,3204,3204,3204,3204,28.571430206298828,22.72727394104004,19.047618865966797,28.571430206298828,4.761904716491699,0,4.761904716491699,0,5.7246270179748535,8589934592,2147483648,5847138304,366018560
201,1772015484979,3204,3204,3204,3204,3204,3204,3204,3204,23.809524536132813,25,20,15.000000953674316,0,0,0,0,5.7246270179748535,8589934592,2147483648,5847220224,366018560
206,1772015485182,3204,3204,3204,3204,3204,3204,3204,3204,25,20,20,25,0,0,0,0,5.7246270179748535,8589934592,2147483648,5847236608,366018560
232,1772015485389,3204,3204,3204,3204,3204,3204,3204,3204,23.809524536132813,28.571430206298828,23.809524536132813,23.809524536132813,9.523809432983398,9.523809432983398,5,9.523809432983398,5.228436470031738,8589934592,2147483648,5846908928,366018560
209,1772015485622,3204,3204,3204,3204,3204,3204,3204,3204,36.3636360168457,34.78260803222656,30.434782028198242,33.333335876464844,25,25,17.39130401611328,17.39130401611328,5.228436470031738,8589934592,2147483648,5846908928,366018560
206,1772015485832,3204,3204,3204,3204,3204,3204,3204,3204,19.047618865966797,14.285715103149414,19.047618865966797,14.285715103149414,15.789472579956055,23.809524536132813,18.18181800842285,5,5.228436470031738,8589934592,2147483648,5846908928,366018560
207,1772015486038,3204,3204,3204,3204,3204,3204,3204,3204,23.809524536132813,28.571430206298828,20,15.000000953674316,9.090909004211426,0,0,0,5.228436470031738,8589934592,2147483648,5846908928,366018560
208,1772015486246,3204,3204,3204,3204,3204,3204,3204,3204,33.333335876464844,25,22.72727394104004,19.047618865966797,0,0,0,0,5.228436470031738,8589934592,2147483648,5849464832,366018560
207,1772015486455,3204,3204,3204,3204,3204,3204,3204,3204,30.000001907348633,23.809524536132813,15.000000953674316,15.000000953674316,4.761904716491699,4.761904716491699,4.761904716491699,4.545454502105713,5.06669807434082,8589934592,2147483648,5848481792,366018560
200,1772015486663,3204,3204,3204,3204,3204,3204,3204,3204,23.809524536132813,38.095237731933594,22.72727394104004,9.523809432983398,10,4.761904716491699,0,4.761904716491699,5.06669807434082,8589934592,2147483648,5848514560,366018560
200,1772015486864,3204,3204,3204,3204,3204,3204,3204,3204,25,31.57894515991211,21.052631378173828,20,0,0,0,0,5.06669807434082,8589934592,2147483648,5849464832,366018560
206,1772015487065,3204,3204,3204,3204,3204,3204,3204,3204,25,23.809524536132813,28.571430206298828,15.000000953674316,10,5.263157844543457,9.523809432983398,5,5.06669807434082,8589934592,2147483648,5849808896,366018560
209,1772015487272,3204,3204,3204,3204,3204,3204,3204,3204,25,25,21.052631378173828,23.809524536132813,4.761904716491699,9.090909004211426,0,4.761904716491699,5.06669807434082,8589934592,2147483648,5850365952,366018560
209,1772015487482,3204,3204,3204,3204,3204,3204,3204,3204,30.000001907348633,20,19.047618865966797,15.000000953674316,4.761904716491699,4.761904716491699,4.545454502105713,0,6.178675174713135,8589934592,2147483648,5850365952,366018560
209,1772015487691,3204,3204,3204,3204,3204,3204,3204,3204,34.78260803222656,19.047618865966797,22.72727394104004,18.18181800842285,4.761904716491699,4.761904716491699,0,4.761904716491699,6.178675174713135,8589934592,2147483648,5850284032,366018560
204,1772015487902,3204,3204,3204,3204,3204,3204,3204,3204,40,28.571430206298828,25,19.047618865966797,4.761904716491699,0,4.761904716491699,0,6.178675174713135,8589934592,2147483648,5850677248,366018560
203,1772015488106,3204,3204,3204,3204,3204,3204,3204,3204,30.000001907348633,28.571430206298828,15.000000953674316,10.526315689086914,0,0,0,0,6.178675174713135,8589934592,2147483648,5850677248,366018560
204,1772015488310,3204,3204,3204,3204,3204,3204,3204,3204,28.571430206298828,23.809524536132813,28.571430206298828,19.047618865966797,10,10,10,9.523809432983398,6.178675174713135,8589934592,2147483648,5851660288,366018560
208,1772015488515,3204,3204,3204,3204,3204,3204,3204,3204,15.000000953674316,20,15.000000953674316,10,18.18181800842285,18.18181800842285,5,0,5.364923477172852,8589934592,2147483648,5850234880,366018560
209,1772015488723,3204,3204,3204,3204,3204,3204,3204,3204,30.000001907348633,30.000001907348633,33.333335876464844,19.047618865966797,5.263157844543457,0,0,4.545454502105713,5.364923477172852,8589934592,2147483648,5859688448,366018560
209,1772015488934,3204,3204,3204,3204,3204,3204,3204,3204,28.571430206298828,36.3636360168457,19.047618865966797,19.047618865966797,4.545454502105713,0,4.761904716491699,0,5.364923477172852,8589934592,2147483648,5848121344,366018560
204,1772015489143,3204,3204,3204,3204,3204,3204,3204,3204,28.571430206298828,20,23.809524536132813,18.18181800842285,0,4.545454502105713,4.545454502105713,0,5.364923477172852,8589934592,2147483648,5848121344,366018560
208,1772015489349,3204,3204,3204,3204,3204,3204,3204,3204,33.333335876464844,33.333335876464844,20,15.789472579956055,0,0,0,0,5.192575454711914,8589934592,2147483648,5901942784,366018560
207,1772015489558,3204,3204,3204,3204,3204,3204,3204,3204,35,28.571430206298828,23.809524536132813,23.809524536132813,13.636363983154297,4.761904716491699,4.761904716491699,9.523809432983398,5.192575454711914,8589934592,2147483648,5922570240,366018560
201,1772015489765,3204,3204,3204,3204,3204,3204,3204,3204,33.333335876464844,20,19.047618865966797,19.047618865966797,0,4.761904716491699,4.761904716491699,0,5.192575454711914,8589934592,2147483648,5922570240,366018560
204,1772015489967,3204,3204,3204,3204,3204,3204,3204,3204,38.095237731933594,25,20,20,4.761904716491699,0,0,0,5.192575454711914,8589934592,2147483648,5922668544,366018560
208,1772015490172,3204,3204,3204,3204,3204,3204,3204,3204,21.052631378173828,23.809524536132813,19.047618865966797,23.809524536132813,5,4.761904716491699,5,5,5.192575454711914,8589934592,2147483648,5922881536,366018560
206,1772015490382,3204,3204,3204,3204,3204,3204,3204,3204,27.272727966308594,23.809524536132813,19.047618865966797,30.000001907348633,0,4.761904716491699,0,0,5.29608678817749,8589934592,2147483648,5922848768,366018560
208,1772015490589,3204,3204,3204,3204,3204,3204,3204,3204,23.809524536132813,20,21.052631378173828,28.571430206298828,9.523809432983398,5,5,5,5.29608678817749,8589934592,2147483648,5922848768,366018560
209,1772015490798,3204,3204,3204,3204,3204,3204,3204,3204,25,23.809524536132813,27.272727966308594,14.285715103149414,9.523809432983398,27.272727966308594,4.545454502105713,4.545454502105713,5.29608678817749,8589934592,2147483648,5922897920,366018560
204,1772015491008,3204,3204,3204,3204,3204,3204,3204,3204,25,25,23.809524536132813,19.047618865966797,9.090909004211426,9.523809432983398,0,9.523809432983398,5.29608678817749,8589934592,2147483648,5922897920,366018560
200,1772015491213,3204,3204,3204,3204,3204,3204,3204,3204,38.095237731933594,19.047618865966797,20,14.285715103149414,5,4.761904716491699,4.761904716491699,4.761904716491699,5.29608678817749,8589934592,2147483648,5922897920,366018560
208,1772015491414,3204,3204,3204,3204,3204,3204,3204,3204,26.3157901763916,20,15.000000953674316,15.000000953674316,0,0,0,0,5.189809799194336,8589934592,2147483648,5917163520,366018560
206,1772015491623,3204,3204,3204,3204,3204,3204,3204,3204,28.571430206298828,28.571430206298828,20,10,0,0,0,0,5.189809799194336,8589934592,2147483648,5917753344,366018560
201,1772015491830,3204,3204,3204,3204,3204,3204,3204,3204,23.809524536132813,30.000001907348633,23.809524536132813,15.000000953674316,0,0,0,0,5.189809799194336,8589934592,2147483648,5918785536,366018560
206,1772015492032,3204,3204,3204,3204,3204,3204,3204,3204,40,28.571430206298828,25,28.571430206298828,5,5,0,0,5.189809799194336,8589934592,2147483648,5920473088,366018560
209,1772015492238,3204,3204,3204,3204,3204,3204,3204,3204,28.571430206298828,30.000001907348633,28.571430206298828,28.571430206298828,9.523809432983398,4.761904716491699,4.761904716491699,0,5.189809799194336,8589934592,2147483648,5919604736,366018560
203,1772015492448,3204,3204,3204,3204,3204,3204,3204,3204,28.571430206298828,23.809524536132813,30.000001907348633,15.000000953674316,0,0,0,0,5.160051345825195,8589934592,2147483648,5919752192,366018560
205,1772015492652,3204,3204,3204,3204,3204,3204,3204,3204,25,23.809524536132813,28.571430206298828,14.285715103149414,0,0,0,0,5.160051345825195,8589934592,2147483648,5919866880,366018560
206,1772015492858,3204,3204,3204,3204,3204,3204,3204,3204,20,25,42.85714340209961,20,4.545454502105713,0,0,4.761904716491699,5.160051345825195,8589934592,2147483648,5922635776,366018560
203,1772015493065,3204,3204,3204,3204,3204,3204,3204,3204,30.000001907348633,25,15.000000953674316,19.047618865966797,0,9.090909004211426,9.523809432983398,0,5.160051345825195,8589934592,2147483648,5934383104,366018560
209,1772015493269,3204,3204,3204,3204,3204,3204,3204,3204,22.72727394104004,20,15.000000953674316,26.3157901763916,5,4.761904716491699,4.761904716491699,0,5.160051345825195,8589934592,2147483648,5934383104,366018560
208,1772015493479,3204,3204,3204,3204,3204,3204,3204,3204,25,14.285715103149414,9.523809432983398,9.090909004211426,23.809524536132813,10,5,4.545454502105713,5.460103511810303,8589934592,2147483648,5909266432,366018560
209,1772015493687,3204,3204,3204,3204,3204,3204,3204,3204,28.571430206298828,22.72727394104004,14.285715103149414,14.285715103149414,5,4.761904716491699,4.761904716491699,4.761904716491699,5.460103511810303,8589934592,2147483648,5925076992,366018560
204,1772015493897,3204,3204,3204,3204,3204,3204,3204,3204,23.809524536132813,25,27.272727966308594,19.047618865966797,9.090909004211426,4.761904716491699,4.761904716491699,4.761904716491699,5.460103511810303,8589934592,2147483648,5925257216,366018560
204,1772015494102,3204,3204,3204,3204,3204,3204,3204,3204,25,28.571430206298828,10.526315689086914,20,9.523809432983398,5,4.761904716491699,5,5.460103511810303,8589934592,2147483648,5925289984,366018560
207,1772015494307,3204,3204,3204,3204,3204,3204,3204,3204,23.809524536132813,25,23.809524536132813,15.000000953674316,0,9.523809432983398,0,0,5.460103511810303,8589934592,2147483648,5924274176,366018560
209,1772015494515,3204,3204,3204,3204,3204,3204,3204,3204,20,25,23.809524536132813,13.636363983154297,9.090909004211426,4.761904716491699,5,4.761904716491699,5.159379959106445,8589934592,2147483648,5924421632,366018560
204,1772015494725,3204,3204,3204,3204,3204,3204,3204,3204,28.571430206298828,19.047618865966797,25,19.047618865966797,0,0,4.545454502105713,0,5.159379959106445,8589934592,2147483648,5924438016,366018560
207,1772015494930,3204,3204,3204,3204,3204,3204,3204,3204,25,23.809524536132813,23.809524536132813,10.526315689086914,0,4.761904716491699,0,0,5.159379959106445,8589934592,2147483648,5924585472,366018560
199,1772015495138,3204,3204,3204,3204,3204,3204,3204,3204,28.571430206298828,28.571430206298828,25,23.809524536132813,19.047618865966797,9.523809432983398,9.523809432983398,9.090909004211426,5.159379959106445,8589934592,2147483648,5937889280,366018560
207,1772015495338,3204,3204,3204,3204,3204,3204,3204,3204,36.842105865478516,42.105262756347656,35,35,38.095237731933594,31.57894515991211,30.000001907348633,26.3157901763916,5.4112772941589355,8589934592,2147483648,5925421056,366018560
206,1772015495546,3204,3204,3204,3204,3204,3204,3204,3204,19.047618865966797,23.809524536132813,14.285715103149414,9.523809432983398,5,4.761904716491699,4.761904716491699,9.090909004211426,5.4112772941589355,8589934592,2147483648,5924978688,366018560
209,1772015495752,3204,3204,3204,3204,3204,3204,3204,3204,28.571430206298828,30.000001907348633,20,19.047618865966797,28.571430206298828,9.523809432983398,4.761904716491699,0,5.4112772941589355,8589934592,2147483648,5924864000,366018560
200,1772015495963,3204,3204,3204,3204,3204,3204,3204,3204,20,22.72727394104004,22.72727394104004,19.047618865966797,4.761904716491699,4.761904716491699,0,4.545454502105713,5.4112772941589355,8589934592,2147483648,5924929536,366018560
208,1772015496164,3204,3204,3204,3204,3204,3204,3204,3204,23.809524536132813,25,26.3157901763916,20,0,0,0,0,5.4112772941589355,8589934592,2147483648,5924995072,366018560
208,1772015496373,3204,3204,3204,3204,3204,3204,3204,3204,33.333335876464844,20,28.571430206298828,20,0,0,0,0,5.929019927978516,8589934592,2147483648,5924896768,366018560
205,1772015496581,3204,3204,3204,3204,3204,3204,3204,3204,25,23.809524536132813,28.571430206298828,19.047618865966797,9.090909004211426,5,9.090909004211426,5,5.929019927978516,8589934592,2147483648,5925126144,366018560
208,1772015496787,3204,3204,3204,3204,3204,3204,3204,3204,23.809524536132813,20,28.571430206298828,15.000000953674316,0,4.761904716491699,0,0,5.929019927978516,8589934592,2147483648,5925191680,366018560
201,1772015496996,3204,3204,3204,3204,3204,3204,3204,3204,33.333335876464844,20,28.571430206298828,19.047618865966797,0,0,0,0,5.929019927978516,8589934592,2147483648,5925421056,366018560
204,1772015497198,3204,3204,3204,3204,3204,3204,3204,3204,40,33.333335876464844,36.842105865478516,30.000001907348633,4.761904716491699,5,5,4.761904716491699,5.929019927978516,8589934592,2147483648,5925044224,366018560
208,1772015497404,3204,3204,3204,3204,3204,3204,3204,3204,65,66.66667175292969,66.66667175292969,61.904762268066406,14.285715103149414,9.523809432983398,4.761904716491699,0,5.1971282958984375,8589934592,2147483648,5935185920,366018560
208,1772015497614,3204,3204,3204,3204,3204,3204,3204,3204,66.66667175292969,61.904762268066406,65,52.38095474243164,5,4.761904716491699,4.761904716491699,4.761904716491699,5.1971282958984375,8589934592,2147483648,5935841280,366018560
205,1772015497824,3204,3204,3204,3204,3204,3204,3204,3204,47.619049072265625,40,43.4782600402832,33.333335876464844,9.090909004211426,4.761904716491699,4.761904716491699,4.761904716491699,5.1971282958984375,8589934592,2147483648,5936398336,366018560
208,1772015498030,3204,3204,3204,3204,3204,3204,3204,3204,50,50,42.105262756347656,35,5,5,0,4.761904716491699,5.1971282958984375,8589934592,2147483648,5936988160,366018560
206,1772015498239,3204,3204,3204,3204,3204,3204,3204,3204,52.38095474243164,52.38095474243164,57.142860412597656,50,4.761904716491699,4.761904716491699,4.545454502105713,0,5.1971282958984375,8589934592,2147483648,5937528832,366018560
201,1772015498446,3204,3204,3204,3204,3204,3204,3204,3204,61.904762268066406,42.85714340209961,52.38095474243164,42.85714340209961,14.285715103149414,10,19.047618865966797,9.090909004211426,5.529353141784668,8589934592,2147483648,5938315264,366018560
201,1772015498648,3204,3204,3204,3204,3204,3204,3204,3204,25,33.333335876464844,40,40.90909194946289,9.523809432983398,14.285715103149414,5,0,5.529353141784668,8589934592,2147483648,5938708480,366018560
200,1772015498850,3204,3204,3204,3204,3204,3204,3204,3204,20,31.57894515991211,15.789472579956055,10.526315689086914,5,4.761904716491699,5,4.761904716491699,5.529353141784668,8589934592,2147483648,5938855936,366018560
204,1772015499051,3204,3204,3204,3204,3204,3204,3204,3204,25,35,28.571430206298828,25,0,0,0,0,5.529353141784668,8589934592,2147483648,5938855936,366018560
201,1772015499256,3204,3204,3204,3204,3204,3204,3204,3204,42.85714340209961,35,30.000001907348633,30.000001907348633,5,5,4.761904716491699,4.761904716491699,5.529353141784668,8589934592,2147483648,5938855936,366018560
208,1772015499458,3204,3204,3204,3204,3204,3204,3204,3204,30.000001907348633,38.095237731933594,30.000001907348633,25,76.19047546386719,57.142860412597656,25,9.523809432983398,5.916369438171387,8589934592,2147483648,5938855936,366018560
203,1772015499667,3204,3204,3204,3204,3204,3204,3204,3204,30.000001907348633,20,23.809524536132813,19.047618865966797,59.09090805053711,0,10,28.571430206298828,5.916369438171387,8589934592,2147483648,5946966016,366018560
205,1772015499871,3204,3204,3204,3204,3204,3204,3204,3204,19.047618865966797,28.571430206298828,14.285715103149414,15.000000953674316,31.57894515991211,0,0,0,5.916369438171387,8589934592,2147483648,5946884096,366018560
209,1772015500077,3204,3204,3204,3204,3204,3204,3204,3204,21.052631378173828,33.333335876464844,15.789472579956055,23.809524536132813,57.142860412597656,42.85714340209961,4.545454502105713,0,5.916369438171387,8589934592,2147483648,5946982400,366018560
209,1772015500287,3204,3204,3204,3204,3204,3204,3204,3204,19.047618865966797,28.571430206298828,18.18181800842285,14.285715103149414,0,100,0,0,5.916369438171387,8589934592,2147483648,5947097088,366018560
209,1772015500497,3204,3204,3204,3204,3204,3204,3204,3204,22.72727394104004,30.000001907348633,15.000000953674316,14.285715103149414,0,38.095237731933594,0,0,5.81541109085083,8589934592,2147483648,5948047360,366018560
209,1772015500706,3204,3204,3204,3204,3204,3204,3204,3204,15.789472579956055,33.333335876464844,19.047618865966797,15.000000953674316,71.42857360839844,28.571430206298828,9.523809432983398,4.761904716491699,5.81541109085083,8589934592,2147483648,5948112896,366018560
209,1772015500917,3204,3204,3204,3204,3204,3204,3204,3204,27.272727966308594,19.047618865966797,14.285715103149414,18.18181800842285,0,100,0,0,5.81541109085083,8589934592,2147483648,5948227584,366018560
209,1772015501127,3204,3204,3204,3204,3204,3204,3204,3204,35,23.809524536132813,19.047618865966797,19.047618865966797,4.761904716491699,45,0,0,5.81541109085083,8589934592,2147483648,5948309504,366018560
200,1772015501337,3204,3204,3204,3204,3204,3204,3204,3204,22.72727394104004,20,14.285715103149414,14.285715103149414,54.54545593261719,57.142860412597656,0,0,10.37408447265625,8589934592,2147483648,5946753024,366018560
206,1772015501538,3204,3204,3204,3204,3204,3204,3204,3204,26.3157901763916,30.000001907348633,30.000001907348633,21.052631378173828,73.68421173095703,28.571430206298828,9.523809432983398,20,10.37408447265625,8589934592,2147483648,5956403200,366018560
209,1772015501745,3204,3204,3204,3204,3204,3204,3204,3204,23.809524536132813,23.809524536132813,19.047618865966797,14.285715103149414,38.095237731933594,14.285715103149414,0,14.285715103149414,10.37408447265625,8589934592,2147483648,5944983552,366018560
208,1772015501954,3204,3204,3204,3204,3204,3204,3204,3204,23.809524536132813,23.809524536132813,15.000000953674316,25,100,0,0,0,10.37408447265625,8589934592,2147483648,5945196544,366018560
209,1772015502163,3204,3204,3204,3204,3204,3204,3204,3204,23.809524536132813,33.333335876464844,19.047618865966797,19.047618865966797,55,57.142860412597656,4.761904716491699,0,10.37408447265625,8589934592,2147483648,5948407808,366018560
203,1772015502373,3204,3204,3204,3204,3204,3204,3204,3204,23.809524536132813,30.000001907348633,22.72727394104004,18.18181800842285,18.18181800842285,28.571430206298828,0,4.545454502105713,9.471356391906738,8589934592,2147483648,5948555264,366018560
203,1772015502577,3204,3204,3204,3204,3204,3204,3204,3204,20,28.571430206298828,15.789472579956055,20,19.047618865966797,25,4.761904716491699,61.904762268066406,9.471356391906738,8589934592,2147483648,5948555264,366018560
206,1772015502782,3204,3204,3204,3204,3204,3204,3204,3204,19.047618865966797,20,14.285715103149414,20,0,0,0,100,9.471356391906738,8589934592,2147483648,5950963712,366018560
209,1772015502988,3204,3204,3204,3204,3204,3204,3204,3204,30.000001907348633,33.333335876464844,23.809524536132813,20,0,0,30.000001907348633,5,9.471356391906738,8589934592,2147483648,5951029248,366018560
200,1772015503198,3204,3204,3204,3204,3204,3204,3204,3204,19.047618865966797,15.000000953674316,21.052631378173828,18.18181800842285,45.45454788208008,59.09090805053711,0,0,9.471356391906738,8589934592,2147483648,5951029248,366018560
202,1772015503399,3204,3204,3204,3204,3204,3204,3204,3204,21.052631378173828,28.571430206298828,19.047618865966797,10.526315689086914,55,55,14.285715103149414,9.523809432983398,10.225870132446289,8589934592,2147483648,5951029248,366018560
204,1772015503601,3204,3204,3204,3204,3204,3204,3204,3204,22.72727394104004,20,23.809524536132813,10,25,45,15.000000953674316,10.526315689086914,10.225870132446289,8589934592,2147483648,5951029248,366018560
206,1772015503806,3204,3204,3204,3204,3204,3204,3204,3204,21.052631378173828,25,15.000000953674316,14.285715103149414,15.000000953674316,10,80.95238494873047,0,10.225870132446289,8589934592,2147483648,5952126976,366018560
208,1772015504013,3204,3204,3204,3204,3204,3204,3204,3204,30.000001907348633,25,15.000000953674316,19.047618865966797,35,52.38095474243164,9.523809432983398,4.545454502105713,10.225870132446289,8589934592,2147483648,5951225856,366018560
208,1772015504221,3204,3204,3204,3204,3204,3204,3204,3204,28.571430206298828,19.047618865966797,15.000000953674316,10,4.545454502105713,19.047618865966797,0,15.000000953674316,10.225870132446289,8589934592,2147483648,5951307776,366018560
202,1772015504429,3204,3204,3204,3204,3204,3204,3204,3204,19.047618865966797,27.272727966308594,22.72727394104004,14.285715103149414,4.545454502105713,0,0,100,9.750354766845703,8589934592,2147483648,5951029248,366018560
206,1772015504632,3204,3204,3204,3204,3204,3204,3204,3204,25,21.052631378173828,35,20,36.842105865478516,0,0,38.095237731933594,9.750354766845703,8589934592,2147483648,5951012864,366018560
207,1772015504839,3204,3204,3204,3204,3204,3204,3204,3204,28.571430206298828,25,15.000000953674316,14.285715103149414,45,0,4.545454502105713,0,9.750354766845703,8589934592,2147483648,5949849600,366018560
204,1772015505046,3204,3204,3204,3204,3204,3204,3204,3204,20,19.047618865966797,19.047618865966797,15.000000953674316,100,0,0,0,9.750354766845703,8589934592,2147483648,5950029824,366018560
209,1772015505251,3204,3204,3204,3204,3204,3204,3204,3204,35,33.333335876464844,35,28.571430206298828,57.142860412597656,0,0,0,9.750354766845703,8589934592,2147483648,5948588032,366018560
209,1772015505461,3204,3204,3204,3204,3204,3204,3204,3204,18.18181800842285,15.000000953674316,19.047618865966797,14.285715103149414,60.000003814697266,19.047618865966797,10,19.047618865966797,10.001788139343262,8589934592,2147483648,5952913408,366018560
206,1772015505671,3204,3204,3204,3204,3204,3204,3204,3204,25,33.333335876464844,23.809524536132813,15.000000953674316,33.333335876464844,4.761904716491699,9.090909004211426,55,10.001788139343262,8589934592,2147483648,5952913408,366018560
204,1772015505877,3204,3204,3204,3204,3204,3204,3204,3204,30.000001907348633,28.571430206298828,25,23.809524536132813,23.809524536132813,15.000000953674316,5,13.636363983154297,10.001788139343262,8589934592,2147483648,5974212608,366018560
204,1772015506082,3204,3204,3204,3204,3204,3204,3204,3204,61.904762268066406,55,52.38095474243164,45,35,52.38095474243164,35,36.842105865478516,10.001788139343262,8589934592,2147483648,5982715904,366018560
204,1772015506287,3204,3204,3204,3204,3204,3204,3204,3204,20,25,15.000000953674316,19.047618865966797,28.571430206298828,15.000000953674316,23.809524536132813,4.761904716491699,10.001788139343262,8589934592,2147483648,5959270400,366018560
208,1772015506492,3204,3204,3204,3204,3204,3204,3204,3204,25,25,20,15.000000953674316,70,4.761904716491699,0,0,9.019451141357422,8589934592,2147483648,5967134720,366018560
207,1772015506700,3204,3204,3204,3204,3204,3204,3204,3204,38.095237731933594,33.333335876464844,33.333335876464844,33.333335876464844,60.000003814697266,33.333335876464844,0,0,9.019451141357422,8589934592,2147483648,5960597504,366018560
206,1772015506908,3204,3204,3204,3204,3204,3204,3204,3204,40,33.333335876464844,38.095237731933594,33.333335876464844,15.000000953674316,0,0,0,9.019451141357422,8589934592,2147483648,5952225280,366018560
210,1772015507115,3204,3204,3204,3204,3204,3204,3204,3204,30.000001907348633,25,23.809524536132813,20,27.272727966308594,14.285715103149414,0,65,9.019451141357422,8589934592,2147483648,5960335360,366018560
209,1772015507326,3204,3204,3204,3204,3204,3204,3204,3204,31.81818199157715,33.333335876464844,21.052631378173828,33.333335876464844,15.000000953674316,0,0,45.45454788208008,11.01406478881836,8589934592,2147483648,5949849600,366018560
209,1772015507536,3204,3204,3204,3204,3204,3204,3204,3204,40,52.38095474243164,45.45454788208008,28.571430206298828,47.619049072265625,0,4.545454502105713,0,11.01406478881836,8589934592,2147483648,5963808768,366018560
207,1772015507746,3204,3204,3204,3204,3204,3204,3204,3204,33.333335876464844,33.333335876464844,20,20,0,10,0,0,11.01406478881836,8589934592,2147483648,5963300864,366018560
209,1772015507953,3204,3204,3204,3204,3204,3204,3204,3204,66.66667175292969,65,68.18181610107422,66.66667175292969,33.333335876464844,9.090909004211426,0,0,11.01406478881836,8589934592,2147483648,5976915968,366018560
208,1772015508163,3204,3204,3204,3204,3204,3204,3204,3204,70,71.42857360839844,65,61.904762268066406,20,0,0,0,11.01406478881836,8589934592,2147483648,5970231296,366018560
207,1772015508371,3204,3204,3204,3204,3204,3204,3204,3204,61.904762268066406,55,52.38095474243164,52.38095474243164,31.81818199157715,28.571430206298828,23.809524536132813,23.809524536132813,10.462579727172852,8589934592,2147483648,5978882048,366018560
209,1772015508579,3204,3204,3204,3204,3204,3204,3204,3204,71.42857360839844,61.904762268066406,57.142860412597656,65,25,40,5,19.047618865966797,10.462579727172852,8589934592,2147483648,5960450048,366018560
208,1772015508789,3204,3204,3204,3204,3204,3204,3204,3204,57.142860412597656,68.18181610107422,75,72.7272720336914,4.761904716491699,0,4.545454502105713,0,10.462579727172852,8589934592,2147483648,5977063424,366018560
203,1772015508998,3204,3204,3204,3204,3204,3204,3204,3204,71.42857360839844,60.000003814697266,81.81818389892578,60.000003814697266,42.85714340209961,9.523809432983398,4.761904716491699,4.761904716491699,10.462579727172852,8589934592,2147483648,5978505216,366018560
208,1772015509202,3204,3204,3204,3204,3204,3204,3204,3204,66.66667175292969,70,65,66.66667175292969,4.761904716491699,0,0,0,10.462579727172852,8589934592,2147483648,5982388224,366018560
204,1772015509410,3204,3204,3204,3204,3204,3204,3204,3204,85,61.904762268066406,80,66.66667175292969,0,0,0,0,7.743152141571045,8589934592,2147483648,5982388224,366018560
199,1772015509615,3204,3204,3204,3204,3204,3204,3204,3204,76.19047546386719,76.19047546386719,71.42857360839844,65,23.809524536132813,0,28.571430206298828,0,7.743152141571045,8589934592,2147483648,5982388224,366018560
201,1772015509815,3204,3204,3204,3204,3204,3204,3204,3204,78.94737243652344,60.000003814697266,71.42857360839844,65,0,0,0,0,7.743152141571045,8589934592,2147483648,5982388224,366018560
209,1772015510016,3204,3204,3204,3204,3204,3204,3204,3204,55,80,80,60.000003814697266,0,0,5,0,7.743152141571045,8589934592,2147483648,5994233856,366018560
204,1772015510226,3204,3204,3204,3204,3204,3204,3204,3204,72.7272720336914,76.19047546386719,70,76.19047546386719,4.761904716491699,9.090909004211426,0,4.761904716491699,7.743152141571045,8589934592,2147483648,5989302272,366018560
206,1772015510432,3204,3204,3204,3204,3204,3204,3204,3204,75,65,65,76.19047546386719,5,4.761904716491699,0,0,7.256929874420166,8589934592,2147483648,5989302272,366018560
209,1772015510638,3204,3204,3204,3204,3204,3204,3204,3204,76.19047546386719,80.95238494873047,80.95238494873047,80,14.285715103149414,30.000001907348633,4.761904716491699,0,7.256929874420166,8589934592,2147483648,5989302272,366018560
207,1772015510848,3204,3204,3204,3204,3204,3204,3204,3204,66.66667175292969,71.42857360839844,52.38095474243164,66.66667175292969,19.047618865966797,28.571430206298828,9.523809432983398,4.761904716491699,7.256929874420166,8589934592,2147483648,5989302272,366018560
208,1772015511056,3204,3204,3204,3204,3204,3204,3204,3204,65,60.000003814697266,65,65,0,0,0,0,7.256929874420166,8589934592,2147483648,5993119744,366018560
205,1772015511264,3204,3204,3204,3204,3204,3204,3204,3204,80,71.42857360839844,63.6363639831543,66.66667175292969,4.545454502105713,0,0,4.545454502105713,7.256929874420166,8589934592,2147483648,5986418688,366018560
200,1772015511470,3204,3204,3204,3204,3204,3204,3204,3204,61.904762268066406,65,80,75,5,4.761904716491699,5,4.761904716491699,7.1819047927856445,8589934592,2147483648,5982715904,366018560
200,1772015511671,3204,3204,3204,3204,3204,3204,3204,3204,70,80.95238494873047,75,66.66667175292969,0,0,0,0,7.1819047927856445,8589934592,2147483648,5986091008,366018560
209,1772015511871,3204,3204,3204,3204,3204,3204,3204,3204,90.47618865966797,95,95.23809814453125,90,0,5,0,0,7.1819047927856445,8589934592,2147483648,5968805888,366018560
201,1772015512081,3204,3204,3204,3204,3204,3204,3204,3204,90,95.23809814453125,95,95.23809814453125,9.090909004211426,4.761904716491699,4.761904716491699,4.761904716491699,7.1819047927856445,8589934592,2147483648,5960171520,366018560
205,1772015512283,3204,3204,3204,3204,3204,3204,3204,3204,100,100,100,95.23809814453125,10.526315689086914,5,5,0,7.1819047927856445,8589934592,2147483648,5944852480,366018560
209,1772015512488,3204,3204,3204,3204,3204,3204,3204,3204,100,95,95.23809814453125,100,0,0,0,0,7.085265636444092,8589934592,2147483648,5939675136,366018560
205,1772015512698,3204,3204,3204,3204,3204,3204,3204,3204,90,80.95238494873047,85.71428680419922,85.71428680419922,0,0,0,0,7.085265636444092,8589934592,2147483648,5932728320,366018560
209,1772015512904,3204,3204,3204,3204,3204,3204,3204,3204,59.09090805053711,47.619049072265625,38.095237731933594,38.095237731933594,4.761904716491699,4.761904716491699,4.761904716491699,4.761904716491699,7.085265636444092,8589934592,2147483648,5923553280,366018560
206,1772015513114,3204,3204,3204,3204,3204,3204,3204,3204,50,61.904762268066406,42.85714340209961,38.095237731933594,0,4.761904716491699,4.761904716491699,0,7.085265636444092,8589934592,2147483648,5930713088,366018560
208,1772015513321,3204,3204,3204,3204,3204,3204,3204,3204,50,45,42.105262756347656,42.85714340209961,4.761904716491699,0,4.545454502105713,0,7.085265636444092,8589934592,2147483648,5925240832,366018560
201,1772015513529,3204,3204,3204,3204,3204,3204,3204,3204,68.18181610107422,52.38095474243164,38.095237731933594,30.000001907348633,9.523809432983398,4.761904716491699,0,9.523809432983398,6.927683353424072,8589934592,2147483648,5921128448,366018560
209,1772015513732,3204,3204,3204,3204,3204,3204,3204,3204,65,57.142860412597656,66.66667175292969,61.904762268066406,10,5,14.285715103149414,4.761904716491699,6.927683353424072,8589934592,2147483648,5914853376,366018560
205,1772015513941,3204,3204,3204,3204,3204,3204,3204,3204,61.904762268066406,60.000003814697266,50,50,4.761904716491699,4.761904716491699,0,0,6.927683353424072,8589934592,2147483648,5914853376,366018560
203,1772015514148,3204,3204,3204,3204,3204,3204,3204,3204,61.904762268066406,52.38095474243164,50,38.095237731933594,10,14.285715103149414,5,9.090909004211426,6.927683353424072,8589934592,2147483648,5915295744,366018560
209,1772015514352,3204,3204,3204,3204,3204,3204,3204,3204,26.3157901763916,20,21.052631378173828,19.047618865966797,19.047618865966797,10,5,0,6.241018772125244,8589934592,2147483648,5916934144,366018560
209,1772015514562,3204,3204,3204,3204,3204,3204,3204,3204,52.38095474243164,40,38.095237731933594,30.000001907348633,4.761904716491699,4.761904716491699,4.545454502105713,4.545454502105713,6.241018772125244,8589934592,2147483648,5908512768,366018560
207,1772015514772,3204,3204,3204,3204,3204,3204,3204,3204,42.85714340209961,42.85714340209961,35,38.095237731933594,33.333335876464844,30.000001907348633,30.000001907348633,30.000001907348633,6.241018772125244,8589934592,2147483648,5890048000,366018560
201,1772015514979,3204,3204,3204,3204,3204,3204,3204,3204,20,23.809524536132813,14.285715103149414,15.000000953674316,0,0,0,0,6.241018772125244,8589934592,2147483648,5885116416,366018560
203,1772015515182,3204,3204,3204,3204,3204,3204,3204,3204,30.000001907348633,30.000001907348633,28.571430206298828,19.047618865966797,0,4.761904716491699,0,0,6.241018772125244,8589934592,2147483648,5884657664,366018560
208,1772015515386,3204,3204,3204,3204,3204,3204,3204,3204,23.809524536132813,30.000001907348633,15.000000953674316,15.000000953674316,5,4.761904716491699,4.761904716491699,4.761904716491699,6.554060459136963,8589934592,2147483648,5884919808,366018560
202,1772015515595,3204,3204,3204,3204,3204,3204,3204,3204,28.571430206298828,23.809524536132813,20,19.047618865966797,0,0,0,0,6.554060459136963,8589934592,2147483648,5887410176,366018560
209,1772015515798,3204,3204,3204,3204,3204,3204,3204,3204,35,23.809524536132813,23.809524536132813,20,15.000000953674316,10,0,5,6.554060459136963,8589934592,2147483648,5883641856,366018560
207,1772015516007,3204,3204,3204,3204,3204,3204,3204,3204,36.3636360168457,25,19.047618865966797,14.285715103149414,9.090909004211426,4.545454502105713,0,0,6.554060459136963,8589934592,2147483648,5882953728,366018560
200,1772015516215,3204,3204,3204,3204,3204,3204,3204,3204,35,23.809524536132813,23.809524536132813,25,0,0,4.545454502105713,0,6.554060459136963,8589934592,2147483648,5881806848,366018560
205,1772015516416,3204,3204,3204,3204,3204,3204,3204,3204,30.000001907348633,20,15.789472579956055,25,0,4.761904716491699,0,4.761904716491699,5.938773155212402,8589934592,2147483648,5881741312,366018560
209,1772015516621,3204,3204,3204,3204,3204,3204,3204,3204,35,25,19.047618865966797,23.809524536132813,10,0,5,0,5.938773155212402,8589934592,2147483648,5878054912,366018560
209,1772015516832,3204,3204,3204,3204,3204,3204,3204,3204,19.047618865966797,18.18181800842285,27.272727966308594,23.809524536132813,9.090909004211426,4.761904716491699,4.545454502105713,0,5.938773155212402,8589934592,2147483648,5878054912,366018560
206,1772015517041,3204,3204,3204,3204,3204,3204,3204,3204,42.85714340209961,47.619049072265625,47.36842346191406,33.333335876464844,0,0,0,0,5.938773155212402,8589934592,2147483648,5878054912,366018560
203,1772015517248,3204,3204,3204,3204,3204,3204,3204,3204,30.000001907348633,30.000001907348633,33.333335876464844,28.571430206298828,0,0,0,0,5.938773155212402,8589934592,2147483648,5893390336,366018560
206,1772015517452,3204,3204,3204,3204,3204,3204,3204,3204,30.000001907348633,25,28.571430206298828,20,4.761904716491699,4.761904716491699,4.761904716491699,4.761904716491699,5.166615009307861,8589934592,2147483648,5885018112,366018560
205,1772015517659,3204,3204,3204,3204,3204,3204,3204,3204,20,35,20,23.809524536132813,0,0,0,0,5.166615009307861,8589934592,2147483648,5885132800,366018560
205,1772015517865,3204,3204,3204,3204,3204,3204,3204,3204,19.047618865966797,25,19.047618865966797,15.000000953674316,0,0,0,0,5.166615009307861,8589934592,2147483648,5884592128,366018560
207,1772015518071,3204,3204,3204,3204,3204,3204,3204,3204,28.571430206298828,28.571430206298828,15.000000953674316,19.047618865966797,0,0,0,0,5.166615009307861,8589934592,2147483648,5884592128,366018560
208,1772015518279,3204,3204,3204,3204,3204,3204,3204,3204,20,28.571430206298828,19.047618865966797,23.809524536132813,4.545454502105713,0,0,0,5.166615009307861,8589934592,2147483648,5887115264,366018560
209,1772015518488,3204,3204,3204,3204,3204,3204,3204,3204,23.809524536132813,23.809524536132813,19.047618865966797,14.285715103149414,5,13.636363983154297,4.545454502105713,4.545454502105713,5.2250165939331055,8589934592,2147483648,5886787584,366018560
209,1772015518698,3204,3204,3204,3204,3204,3204,3204,3204,25,23.809524536132813,19.047618865966797,15.000000953674316,22.72727394104004,5,5,5,5.2250165939331055,8589934592,2147483648,5901484032,366018560
207,1772015518908,3204,3204,3204,3204,3204,3204,3204,3204,28.571430206298828,28.571430206298828,28.571430206298828,19.047618865966797,4.761904716491699,4.761904716491699,0,8.69565200805664,5.2250165939331055,8589934592,2147483648,5885411328,366018560
209,1772015519116,3204,3204,3204,3204,3204,3204,3204,3204,22.72727394104004,15.000000953674316,21.052631378173828,15.000000953674316,0,0,0,0,5.2250165939331055,8589934592,2147483648,5885411328,366018560
202,1772015519326,3204,3204,3204,3204,3204,3204,3204,3204,19.047618865966797,23.809524536132813,26.086956024169922,33.333335876464844,0,0,0,0,5.039399147033691,8589934592,2147483648,5887426560,366018560
208,1772015519529,3204,3204,3204,3204,3204,3204,3204,3204,25,20,20,20,0,0,0,0,5.039399147033691,8589934592,2147483648,5885837312,366018560
207,1772015519738,3204,3204,3204,3204,3204,3204,3204,3204,28.571430206298828,28.571430206298828,30.000001907348633,31.81818199157715,0,0,0,0,5.039399147033691,8589934592,2147483648,5888262144,366018560
209,1772015519946,3204,3204,3204,3204,3204,3204,3204,3204,15.000000953674316,14.285715103149414,28.571430206298828,10,0,0,4.545454502105713,0,5.039399147033691,8589934592,2147483648,5884395520,366018560
209,1772015520156,3204,3204,3204,3204,3204,3204,3204,3204,28.571430206298828,23.809524536132813,28.571430206298828,23.809524536132813,0,4.761904716491699,0,0,5.039399147033691,8589934592,2147483648,5886722048,366018560
207,1772015520366,3204,3204,3204,3204,3204,3204,3204,3204,40,42.85714340209961,38.095237731933594,33.333335876464844,40.90909194946289,33.333335876464844,31.81818199157715,28.571430206298828,5.123215198516846,8589934592,2147483648,5890031616,366018560
207,1772015520574,3204,3204,3204,3204,3204,3204,3204,3204,23.809524536132813,15.000000953674316,9.523809432983398,10,9.523809432983398,5,0,0,5.123215198516846,8589934592,2147483648,5887754240,366018560
206,1772015520781,3204,3204,3204,3204,3204,3204,3204,3204,28.571430206298828,15.000000953674316,15.000000953674316,14.285715103149414,15.000000953674316,14.285715103149414,9.523809432983398,0,5.123215198516846,8589934592,2147483648,5898600448,366018560
201,1772015520988,3204,3204,3204,3204,3204,3204,3204,3204,23.809524536132813,28.571430206298828,23.809524536132813,19.047618865966797,4.761904716491699,0,0,0,5.123215198516846,8589934592,2147483648,5886640128,366018560
207,1772015521190,3204,3204,3204,3204,3204,3204,3204,3204,30.000001907348633,23.809524536132813,21.052631378173828,15.000000953674316,0,0,0,0,5.123215198516846,8589934592,2147483648,5886640128,366018560
201,1772015521398,3204,3204,3204,3204,3204,3204,3204,3204,28.571430206298828,20,23.809524536132813,15.000000953674316,4.545454502105713,0,0,0,5.682851314544678,8589934592,2147483648,5891407872,366018560
204,1772015521600,3204,3204,3204,3204,3204,3204,3204,3204,20,25,23.809524536132813,15.000000953674316,0,5,0,5,5.682851314544678,8589934592,2147483648,5890916352,366018560
206,1772015521805,3204,3204,3204,3204,3204,3204,3204,3204,30.000001907348633,23.809524536132813,15.000000953674316,22.72727394104004,0,4.545454502105713,0,0,5.682851314544678,8589934592,2147483648,5890916352,366018560
204,1772015522012,3204,3204,3204,3204,3204,3204,3204,3204,25,20,20,10.526315689086914,0,0,0,0,5.682851314544678,8589934592,2147483648,5890916352,366018560
205,1772015522217,3204,3204,3204,3204,3204,3204,3204,3204,38.095237731933594,28.571430206298828,23.809524536132813,19.047618865966797,4.761904716491699,0,4.545454502105713,0,5.682851314544678,8589934592,2147483648,5890916352,366018560
207,1772015522423,3204,3204,3204,3204,3204,3204,3204,3204,20,20,35,14.285715103149414,0,0,0,0,5.325624942779541,8589934592,2147483648,5884116992,366018560
206,1772015522632,3204,3204,3204,3204,3204,3204,3204,3204,22.72727394104004,20,23.809524536132813,15.000000953674316,0,0,0,0,5.325624942779541,8589934592,2147483648,5883658240,366018560
205,1772015522838,3204,3204,3204,3204,3204,3204,3204,3204,15.789472579956055,23.809524536132813,19.047618865966797,27.272727966308594,0,0,0,0,5.325624942779541,8589934592,2147483648,5885280256,366018560
208,1772015523044,3204,3204,3204,3204,3204,3204,3204,3204,28.571430206298828,23.809524536132813,19.047618865966797,25,5,0,0,0,5.325624942779541,8589934592,2147483648,5881036800,366018560
209,1772015523253,3204,3204,3204,3204,3204,3204,3204,3204,28.571430206298828,28.571430206298828,20,10,4.761904716491699,4.761904716491699,0,0,5.325624942779541,8589934592,2147483648,5881036800,366018560
203,1772015523464,3204,3204,3204,3204,3204,3204,3204,3204,33.333335876464844,19.047618865966797,9.523809432983398,14.285715103149414,9.090909004211426,4.761904716491699,4.761904716491699,4.761904716491699,4.971001625061035,8589934592,2147483648,5885018112,366018560
207,1772015523667,3204,3204,3204,3204,3204,3204,3204,3204,26.3157901763916,10.526315689086914,10,5,15.000000953674316,15.789472579956055,5.263157844543457,4.761904716491699,4.971001625061035,8589934592,2147483648,5925224448,366018560
209,1772015523876,3204,3204,3204,3204,3204,3204,3204,3204,28.571430206298828,22.72727394104004,20,19.047618865966797,15.000000953674316,19.047618865966797,4.761904716491699,0,4.971001625061035,8589934592,2147483648,5933039616,366018560
201,1772015524086,3204,3204,3204,3204,3204,3204,3204,3204,19.047618865966797,25,18.18181800842285,14.285715103149414,9.090909004211426,9.090909004211426,4.761904716491699,4.761904716491699,4.971001625061035,8589934592,2147483648,5932711936,366018560
200,1772015524287,3204,3204,3204,3204,3204,3204,3204,3204,30.000001907348633,19.047618865966797,25,15.000000953674316,0,0,0,0,4.971001625061035,8589934592,2147483648,5934006272,366018560
209,1772015524488,3204,3204,3204,3204,3204,3204,3204,3204,28.571430206298828,26.3157901763916,30.000001907348633,15.000000953674316,5,5,9.523809432983398,4.761904716491699,4.965798854827881,8589934592,2147483648,5933236224,366018560
203,1772015524698,3204,3204,3204,3204,3204,3204,3204,3204,21.052631378173828,23.809524536132813,25,19.047618865966797,4.761904716491699,0,0,0,4.965798854827881,8589934592,2147483648,5923749888,366018560
205,1772015524902,3204,3204,3204,3204,3204,3204,3204,3204,27.272727966308594,33.333335876464844,19.047618865966797,23.809524536132813,0,0,0,0,4.965798854827881,8589934592,2147483648,5910069248,366018560
206,1772015525108,3204,3204,3204,3204,3204,3204,3204,3204,28.571430206298828,30.000001907348633,20,10.526315689086914,14.285715103149414,9.090909004211426,5,0,4.965798854827881,8589934592,2147483648,5919637504,366018560
203,1772015525315,3204,3204,3204,3204,3204,3204,3204,3204,30.000001907348633,35,23.809524536132813,23.809524536132813,0,0,0,4.761904716491699,4.965798854827881,8589934592,2147483648,5904416768,366018560
200,1772015525519,3204,3204,3204,3204,3204,3204,3204,3204,26.3157901763916,33.333335876464844,23.809524536132813,15.000000953674316,4.761904716491699,4.761904716491699,0,0,5.585569381713867,8589934592,2147483648,5903187968,366018560
209,1772015525720,3204,3204,3204,3204,3204,3204,3204,3204,28.571430206298828,26.3157901763916,21.052631378173828,23.809524536132813,5.263157844543457,21.052631378173828,0,4.761904716491699,5.585569381713867,8589934592,2147483648,5904007168,366018560
204,1772015525930,3204,3204,3204,3204,3204,3204,3204,3204,23.809524536132813,19.047618865966797,28.571430206298828,23.809524536132813,4.761904716491699,4.761904716491699,4.761904716491699,0,5.585569381713867,8589934592,2147483648,5904203776,366018560
209,1772015526135,3204,3204,3204,3204,3204,3204,3204,3204,15.789472579956055,19.047618865966797,20,23.809524536132813,0,0,0,0,5.585569381713867,8589934592,2147483648,5904203776,366018560
209,1772015526345,3204,3204,3204,3204,3204,3204,3204,3204,28.571430206298828,23.809524536132813,22.72727394104004,20,0,0,0,0,5.4784321784973145,8589934592,2147483648,5904203776,366018560
209,1772015526555,3204,3204,3204,3204,3204,3204,3204,3204,23.809524536132813,19.047618865966797,19.047618865966797,33.333335876464844,4.761904716491699,9.523809432983398,4.761904716491699,4.761904716491699,5.4784321784973145,8589934592,2147483648,5905809408,366018560
209,1772015526765,3204,3204,3204,3204,3204,3204,3204,3204,27.272727966308594,23.809524536132813,15.000000953674316,28.571430206298828,4.761904716491699,4.545454502105713,0,0,5.4784321784973145,8589934592,2147483648,5906235392,366018560
206,1772015526975,3204,3204,3204,3204,3204,3204,3204,3204,25,25,22.72727394104004,19.047618865966797,0,0,0,0,5.4784321784973145,8589934592,2147483648,5893619712,366018560
209,1772015527181,3204,3204,3204,3204,3204,3204,3204,3204,23.809524536132813,30.000001907348633,10.526315689086914,15.000000953674316,10,0,4.761904716491699,0,5.4784321784973145,8589934592,2147483648,5884035072,366018560
206,1772015527391,3204,3204,3204,3204,3204,3204,3204,3204,28.571430206298828,28.571430206298828,22.72727394104004,27.272727966308594,4.545454502105713,4.545454502105713,0,4.545454502105713,5.509381294250488,8589934592,2147483648,5884035072,366018560
209,1772015527598,3204,3204,3204,3204,3204,3204,3204,3204,30.000001907348633,27.272727966308594,25,20,5.263157844543457,5,5,0,5.509381294250488,8589934592,2147483648,5876678656,366018560
206,1772015527808,3204,3204,3204,3204,3204,3204,3204,3204,33.333335876464844,28.571430206298828,19.047618865966797,18.18181800842285,4.545454502105713,0,0,4.545454502105713,5.509381294250488,8589934592,2147483648,5877415936,366018560
201,1772015528015,3204,3204,3204,3204,3204,3204,3204,3204,28.571430206298828,20,27.272727966308594,15.000000953674316,0,4.761904716491699,0,0,5.509381294250488,8589934592,2147483648,5877252096,366018560
203,1772015528217,3204,3204,3204,3204,3204,3204,3204,3204,30.000001907348633,20,22.22222328186035,15.789472579956055,9.090909004211426,0,5,0,5.509381294250488,8589934592,2147483648,5877252096,366018560
209,1772015528421,3204,3204,3204,3204,3204,3204,3204,3204,45,45,45,38.095237731933594,5,5,4.761904716491699,4.761904716491699,5.159043788909912,8589934592,2147483648,5877252096,366018560
199,1772015528631,3204,3204,3204,3204,3204,3204,3204,3204,31.81818199157715,42.85714340209961,31.81818199157715,23.809524536132813,28.571430206298828,27.272727966308594,23.809524536132813,23.809524536132813,5.159043788909912,8589934592,2147483648,5876514816,366018560
204,1772015528831,3204,3204,3204,3204,3204,3204,3204,3204,11.111111640930176,15.000000953674316,15.000000953674316,10,15.789472579956055,10,10,5,5.159043788909912,8589934592,2147483648,5923930112,366018560
208,1772015529036,3204,3204,3204,3204,3204,3204,3204,3204,22.72727394104004,19.047618865966797,25,10,4.761904716491699,0,4.761904716491699,0,5.159043788909912,8589934592,2147483648,5923930112,366018560
202,1772015529245,3204,3204,3204,3204,3204,3204,3204,3204,15.000000953674316,20,23.809524536132813,15.000000953674316,0,0,0,0,5.159043788909912,8589934592,2147483648,5923930112,366018560
209,1772015529448,3204,3204,3204,3204,3204,3204,3204,3204,28.571430206298828,28.571430206298828,33.333335876464844,28.571430206298828,15.000000953674316,5,0,4.761904716491699,5.642421245574951,8589934592,2147483648,5923930112,366018560
205,1772015529658,3204,3204,3204,3204,3204,3204,3204,3204,23.809524536132813,15.000000953674316,25,10,4.761904716491699,4.761904716491699,4.761904716491699,4.761904716491699,5.642421245574951,8589934592,2147483648,5923487744,366018560
209,1772015529864,3204,3204,3204,3204,3204,3204,3204,3204,21.052631378173828,28.571430206298828,19.047618865966797,19.047618865966797,0,4.761904716491699,4.761904716491699,0,5.642421245574951,8589934592,2147483648,5924323328,366018560
200,1772015530074,3204,3204,3204,3204,3204,3204,3204,3204,33.333335876464844,25,23.809524536132813,22.72727394104004,13.636363983154297,9.523809432983398,4.761904716491699,4.761904716491699,5.642421245574951,8589934592,2147483648,5924323328,366018560
205,1772015530275,3204,3204,3204,3204,3204,3204,3204,3204,35,30.000001907348633,25,15.000000953674316,10.526315689086914,5.263157844543457,0,0,5.642421245574951,8589934592,2147483648,5924323328,366018560
203,1772015530482,3204,3204,3204,3204,3204,3204,3204,3204,28.571430206298828,27.272727966308594,20,20,9.523809432983398,9.090909004211426,4.761904716491699,5,5.945489406585693,8589934592,2147483648,5924323328,366018560
209,1772015530686,3204,3204,3204,3204,3204,3204,3204,3204,28.571430206298828,30.000001907348633,23.809524536132813,20,5,25,4.761904716491699,0,5.945489406585693,8589934592,2147483648,5894373376,366018560
201,1772015530896,3204,3204,3204,3204,3204,3204,3204,3204,20,20,19.047618865966797,18.18181800842285,14.285715103149414,9.523809432983398,9.090909004211426,4.761904716491699,5.945489406585693,8589934592,2147483648,5881528320,366018560
201,1772015531098,3204,3204,3204,3204,3204,3204,3204,3204,28.571430206298828,38.095237731933594,15.789472579956055,15.000000953674316,0,0,0,4.545454502105713,5.945489406585693,8589934592,2147483648,5880905728,366018560
209,1772015531300,3204,3204,3204,3204,3204,3204,3204,3204,26.3157901763916,25,23.809524536132813,20,4.761904716491699,4.761904716491699,0,5,5.945489406585693,8589934592,2147483648,5878382592,366018560
204,1772015531510,3204,3204,3204,3204,3204,3204,3204,3204,33.333335876464844,23.809524536132813,14.285715103149414,28.571430206298828,14.285715103149414,10,4.761904716491699,4.761904716491699,5.4124579429626465,8589934592,2147483648,5888065536,366018560
209,1772015531715,3204,3204,3204,3204,3204,3204,3204,3204,23.809524536132813,21.052631378173828,20,30.000001907348633,0,0,0,0,5.4124579429626465,8589934592,2147483648,5879545856,366018560
201,1772015531925,3204,3204,3204,3204,3204,3204,3204,3204,25,28.571430206298828,15.000000953674316,19.047618865966797,0,0,4.761904716491699,0,5.4124579429626465,8589934592,2147483648,5882806272,366018560
209,1772015532126,3204,3204,3204,3204,3204,3204,3204,3204,33.333335876464844,23.809524536132813,19.047618865966797,15.789472579956055,4.761904716491699,9.090909004211426,0,0,5.4124579429626465,8589934592,2147483648,5882363904,366018560
209,1772015532336,3204,3204,3204,3204,3204,3204,3204,3204,30.000001907348633,23.809524536132813,20,26.086956024169922,4.761904716491699,0,0,4.545454502105713,5.585070610046387,8589934592,2147483648,5882822656,366018560
208,1772015532547,3204,3204,3204,3204,3204,3204,3204,3204,33.333335876464844,19.047618865966797,18.18181800842285,10,0,4.545454502105713,4.545454502105713,0,5.585070610046387,8589934592,2147483648,5882462208,366018560
207,1772015532757,3204,3204,3204,3204,3204,3204,3204,3204,28.571430206298828,25,19.047618865966797,14.285715103149414,0,0,0,0,5.585070610046387,8589934592,2147483648,5881380864,366018560
203,1772015532965,3204,3204,3204,3204,3204,3204,3204,3204,28.571430206298828,23.809524536132813,20,28.571430206298828,4.761904716491699,4.761904716491699,0,4.545454502105713,5.585070610046387,8589934592,2147483648,5883609088,366018560
200,1772015533169,3204,3204,3204,3204,3204,3204,3204,3204,20,19.047618865966797,19.047618865966797,19.047618865966797,0,0,4.761904716491699,0,5.585070610046387,8589934592,2147483648,5882183680,366018560
204,1772015533370,3204,3204,3204,3204,3204,3204,3204,3204,35,26.3157901763916,20,26.3157901763916,19.047618865966797,10,5,5.263157844543457,5.2809834480285645,8589934592,2147483648,5835325440,366018560
206,1772015533574,3204,3204,3204,3204,3204,3204,3204,3204,33.333335876464844,28.571430206298828,25,30.000001907348633,9.523809432983398,5,4.761904716491699,0,5.2809834480285645,8589934592,2147483648,5833015296,366018560
206,1772015533781,3204,3204,3204,3204,3204,3204,3204,3204,15.000000953674316,15.000000953674316,15.000000953674316,19.047618865966797,23.809524536132813,19.047618865966797,5,5,5.2809834480285645,8589934592,2147483648,5833752576,366018560
207,1772015533988,3204,3204,3204,3204,3204,3204,3204,3204,15.000000953674316,19.047618865966797,23.809524536132813,15.000000953674316,5.263157844543457,9.523809432983398,4.761904716491699,4.761904716491699,5.2809834480285645,8589934592,2147483648,5837914112,366018560
201,1772015534196,3204,3204,3204,3204,3204,3204,3204,3204,19.047618865966797,25,25,18.18181800842285,9.523809432983398,4.761904716491699,9.523809432983398,4.761904716491699,5.2809834480285645,8589934592,2147483648,5837045760,366018560
205,1772015534398,3204,3204,3204,3204,3204,3204,3204,3204,25,28.571430206298828,28.571430206298828,15.000000953674316,0,0,0,0,5.076262950897217,8589934592,2147483648,5838897152,366018560
206,1772015534604,3204,3204,3204,3204,3204,3204,3204,3204,40,20,28.571430206298828,20,0,4.545454502105713,0,4.761904716491699,5.076262950897217,8589934592,2147483648,5838897152,366018560
202,1772015534812,3204,3204,3204,3204,3204,3204,3204,3204,28.571430206298828,23.809524536132813,15.000000953674316,20,4.761904716491699,0,4.761904716491699,0,5.076262950897217,8589934592,2147483648,5838946304,366018560
203,1772015535015,3204,3204,3204,3204,3204,3204,3204,3204,25,30.000001907348633,25,23.809524536132813,0,4.761904716491699,0,0,5.076262950897217,8589934592,2147483648,5835603968,366018560
206,1772015535219,3204,3204,3204,3204,3204,3204,3204,3204,28.571430206298828,20,14.285715103149414,15.000000953674316,14.285715103149414,10,5,5.263157844543457,5.076262950897217,8589934592,2147483648,5834817536,366018560
204,1772015535426,3204,3204,3204,3204,3204,3204,3204,3204,30.000001907348633,25,20,14.285715103149414,15.000000953674316,10,4.761904716491699,4.761904716491699,5.620311260223389,8589934592,2147483648,5839257600,366018560
202,1772015535632,3204,3204,3204,3204,3204,3204,3204,3204,23.809524536132813,19.047618865966797,23.809524536132813,19.047618865966797,9.090909004211426,4.761904716491699,0,0,5.620311260223389,8589934592,2147483648,5838798848,366018560
201,1772015535835,3204,3204,3204,3204,3204,3204,3204,3204,52.6315803527832,57.142860412597656,60.000003814697266,50,15.000000953674316,28.571430206298828,5,4.761904716491699,5.620311260223389,8589934592,2147483648,5843861504,366018560
209,1772015536037,3204,3204,3204,3204,3204,3204,3204,3204,55,52.6315803527832,47.36842346191406,45,0,0,4.761904716491699,0,5.620311260223389,8589934592,2147483648,5848465408,366018560
203,1772015536247,3204,3204,3204,3204,3204,3204,3204,3204,52.38095474243164,42.85714340209961,39.130435943603516,25,18.18181800842285,15.000000953674316,0,0,5.620311260223389,8589934592,2147483648,5854035968,366018560
203,1772015536451,3204,3204,3204,3204,3204,3204,3204,3204,57.142860412597656,55,47.36842346191406,45,5,5,0,9.090909004211426,5.291329860687256,8589934592,2147483648,5865668608,366018560
209,1772015536654,3204,3204,3204,3204,3204,3204,3204,3204,40,42.85714340209961,28.571430206298828,28.571430206298828,0,0,0,0,5.291329860687256,8589934592,2147483648,5882576896,366018560
206,1772015536864,3204,3204,3204,3204,3204,3204,3204,3204,42.85714340209961,28.571430206298828,25,31.81818199157715,0,4.761904716491699,4.761904716491699,0,5.291329860687256,8589934592,2147483648,5896208384,366018560
208,1772015537072,3204,3204,3204,3204,3204,3204,3204,3204,75,75,60.000003814697266,60.000003814697266,4.761904716491699,4.761904716491699,0,4.761904716491699,5.291329860687256,8589934592,2147483648,5899239424,366018560
199,1772015537282,3204,3204,3204,3204,3204,3204,3204,3204,52.38095474243164,47.619049072265625,45.45454788208008,40,0,0,0,0,5.291329860687256,8589934592,2147483648,5899812864,366018560
209,1772015537482,3204,3204,3204,3204,3204,3204,3204,3204,50,45,55,35,5,9.523809432983398,9.090909004211426,0,6.128216743469238,8589934592,2147483648,5901418496,366018560
204,1772015537693,3204,3204,3204,3204,3204,3204,3204,3204,71.42857360839844,63.6363639831543,60.000003814697266,66.66667175292969,33.333335876464844,25,25,25,6.128216743469238,8589934592,2147483648,5903056896,366018560
209,1772015537898,3204,3204,3204,3204,3204,3204,3204,3204,38.095237731933594,40,36.3636360168457,38.095237731933594,18.18181800842285,10,9.523809432983398,4.761904716491699,6.128216743469238,8589934592,2147483648,5914181632,366018560
207,1772015538108,3204,3204,3204,3204,3204,3204,3204,3204,55,42.85714340209961,52.6315803527832,47.619049072265625,0,0,0,0,6.128216743469238,8589934592,2147483648,5902450688,366018560
208,1772015538316,3204,3204,3204,3204,3204,3204,3204,3204,45.45454788208008,45,38.095237731933594,40,0,4.761904716491699,0,0,6.128216743469238,8589934592,2147483648,5902811136,366018560
204,1772015538526,3204,3204,3204,3204,3204,3204,3204,3204,52.38095474243164,52.38095474243164,59.09090805053711,38.095237731933594,9.090909004211426,9.090909004211426,4.761904716491699,4.545454502105713,6.094257831573486,8589934592,2147483648,5903024128,366018560
209,1772015538732,3204,3204,3204,3204,3204,3204,3204,3204,52.6315803527832,55,45,42.85714340209961,5,5,0,4.761904716491699,6.094257831573486,8589934592,2147483648,5905317888,366018560
207,1772015538942,3204,3204,3204,3204,3204,3204,3204,3204,38.095237731933594,40.90909194946289,42.85714340209961,35,9.523809432983398,14.285715103149414,9.523809432983398,5,6.094257831573486,8589934592,2147483648,5899272192,366018560
207,1772015539151,3204,3204,3204,3204,3204,3204,3204,3204,47.619049072265625,50,50,52.38095474243164,9.523809432983398,5,0,0,6.094257831573486,8589934592,2147483648,5891014656,366018560
206,1772015539359,3204,3204,3204,3204,3204,3204,3204,3204,52.38095474243164,47.619049072265625,40,42.85714340209961,4.761904716491699,4.545454502105713,4.545454502105713,4.545454502105713,6.450039863586426,8589934592,2147483648,5891145728,366018560
204,1772015539567,3204,3204,3204,3204,3204,3204,3204,3204,61.904762268066406,57.142860412597656,55,61.904762268066406,0,0,0,0,6.450039863586426,8589934592,2147483648,5894127616,366018560
204,1772015539772,3204,3204,3204,3204,3204,3204,3204,3204,47.36842346191406,50,47.619049072265625,42.85714340209961,5,4.761904716491699,0,0,6.450039863586426,8589934592,2147483648,5893324800,366018560
209,1772015539977,3204,3204,3204,3204,3204,3204,3204,3204,33.333335876464844,30.000001907348633,25,21.052631378173828,0,0,0,0,6.450039863586426,8589934592,2147483648,5895897088,366018560
208,1772015540187,3204,3204,3204,3204,3204,3204,3204,3204,38.095237731933594,38.095237731933594,33.333335876464844,31.81818199157715,15.000000953674316,5,13.636363983154297,4.761904716491699,6.450039863586426,8589934592,2147483648,5889949696,366018560
201,1772015540396,3204,3204,3204,3204,3204,3204,3204,3204,36.3636360168457,25,27.272727966308594,20,4.545454502105713,4.545454502105713,0,4.545454502105713,5.790984153747559,8589934592,2147483648,5889736704,366018560
199,1772015540598,3204,3204,3204,3204,3204,3204,3204,3204,42.105262756347656,33.333335876464844,40,57.142860412597656,0,0,0,0,5.790984153747559,8589934592,2147483648,5891833856,366018560
209,1772015540798,3204,3204,3204,3204,3204,3204,3204,3204,35,33.333335876464844,21.052631378173828,26.3157901763916,25,76.19047546386719,31.57894515991211,25,5.790984153747559,8589934592,2147483648,5891833856,366018560
205,1772015541008,3204,3204,3204,3204,3204,3204,3204,3204,20,20,19.047618865966797,27.272727966308594,4.761904716491699,100,0,0,5.790984153747559,8589934592,2147483648,5903794176,366018560
200,1772015541215,3204,3204,3204,3204,3204,3204,3204,3204,23.809524536132813,20,23.809524536132813,15.000000953674316,27.272727966308594,4.761904716491699,27.272727966308594,0,5.790984153747559,8589934592,2147483648,5903286272,366018560
208,1772015541416,3204,3204,3204,3204,3204,3204,3204,3204,30.000001907348633,28.571430206298828,25,20,10.526315689086914,19.047618865966797,50,4.761904716491699,5.6085052490234375,8589934592,2147483648,5903433728,366018560
201,1772015541625,3204,3204,3204,3204,3204,3204,3204,3204,23.809524536132813,23.809524536132813,20,20,100,0,0,0,5.6085052490234375,8589934592,2147483648,5901287424,366018560
203,1772015541826,3204,3204,3204,3204,3204,3204,3204,3204,25,21.052631378173828,19.047618865966797,20,42.85714340209961,20,5.263157844543457,0,5.6085052490234375,8589934592,2147483648,5901041664,366018560
205,1772015542030,3204,3204,3204,3204,3204,3204,3204,3204,20,28.571430206298828,30.000001907348633,23.809524536132813,63.15789031982422,4.761904716491699,4.761904716491699,4.761904716491699,5.6085052490234375,8589934592,2147483648,5903384576,366018560
205,1772015542236,3204,3204,3204,3204,3204,3204,3204,3204,23.809524536132813,20,20,19.047618865966797,23.809524536132813,5,76.19047546386719,0,5.6085052490234375,8589934592,2147483648,5912887296,366018560
205,1772015542443,3204,3204,3204,3204,3204,3204,3204,3204,30.000001907348633,28.571430206298828,28.571430206298828,25,28.571430206298828,14.285715103149414,57.142860412597656,4.761904716491699,8.268010139465332,8589934592,2147483648,5902909440,366018560
209,1772015542648,3204,3204,3204,3204,3204,3204,3204,3204,20,25,15.789472579956055,19.047618865966797,20,85,0,0,8.268010139465332,8589934592,2147483648,5902565376,366018560
205,1772015542858,3204,3204,3204,3204,3204,3204,3204,3204,27.272727966308594,20,18.18181800842285,15.000000953674316,71.42857360839844,47.619049072265625,0,4.761904716491699,8.268010139465332,8589934592,2147483648,5902041088,366018560
200,1772015543065,3204,3204,3204,3204,3204,3204,3204,3204,21.052631378173828,27.272727966308594,15.000000953674316,22.72727394104004,28.571430206298828,14.285715103149414,0,0,8.268010139465332,8589934592,2147483648,5899812864,366018560
209,1772015543266,3204,3204,3204,3204,3204,3204,3204,3204,23.809524536132813,20,23.809524536132813,20,57.894737243652344,20,21.052631378173828,0,8.268010139465332,8589934592,2147483648,5899485184,366018560
209,1772015543475,3204,3204,3204,3204,3204,3204,3204,3204,23.809524536132813,30.000001907348633,20,30.000001907348633,95.45454406738281,5,0,0,10.122357368469238,8589934592,2147483648,5898829824,366018560
209,1772015543685,3204,3204,3204,3204,3204,3204,3204,3204,19.047618865966797,14.285715103149414,9.523809432983398,20,35,31.81818199157715,4.545454502105713,0,10.122357368469238,8589934592,2147483648,5898469376,366018560
201,1772015543896,3204,3204,3204,3204,3204,3204,3204,3204,15.000000953674316,20,19.047618865966797,22.72727394104004,31.81818199157715,66.66667175292969,15.000000953674316,4.545454502105713,10.122357368469238,8589934592,2147483648,5898305536,366018560
199,1772015544098,3204,3204,3204,3204,3204,3204,3204,3204,23.809524536132813,27.272727966308594,15.000000953674316,20,0,100,0,0,10.122357368469238,8589934592,2147483648,5903040512,366018560
203,1772015544298,3204,3204,3204,3204,3204,3204,3204,3204,21.052631378173828,21.052631378173828,20,21.052631378173828,20,5.263157844543457,45,5,10.122357368469238,8589934592,2147483648,5911461888,366018560
209,1772015544501,3204,3204,3204,3204,3204,3204,3204,3204,28.571430206298828,28.571430206298828,20,19.047618865966797,0,100,0,0,10.2279691696167,8589934592,2147483648,5902516224,366018560
202,1772015544711,3204,3204,3204,3204,3204,3204,3204,3204,23.809524536132813,15.000000953674316,19.047618865966797,19.047618865966797,47.619049072265625,61.904762268066406,0,0,10.2279691696167,8589934592,2147483648,5901860864,366018560
209,1772015544915,3204,3204,3204,3204,3204,3204,3204,3204,21.052631378173828,20,20,15.000000953674316,35,20,4.761904716491699,0,10.2279691696167,8589934592,2147483648,5900271616,366018560
200,1772015545124,3204,3204,3204,3204,3204,3204,3204,3204,27.272727966308594,19.047618865966797,27.272727966308594,18.18181800842285,0,100,0,0,10.2279691696167,8589934592,2147483648,5897797632,366018560
209,1772015545326,3204,3204,3204,3204,3204,3204,3204,3204,25,25,15.789472579956055,15.789472579956055,45,60.000003814697266,0,0,9.923158645629883,8589934592,2147483648,5894307840,366018560
204,1772015545536,3204,3204,3204,3204,3204,3204,3204,3204,25,20,27.272727966308594,19.047618865966797,4.761904716491699,23.809524536132813,10,4.761904716491699,9.923158645629883,8589934592,2147483648,5896749056,366018560
209,1772015545740,3204,3204,3204,3204,3204,3204,3204,3204,23.809524536132813,23.809524536132813,15.000000953674316,19.047618865966797,19.047618865966797,15.000000953674316,76.19047546386719,4.761904716491699,9.923158645629883,8589934592,2147483648,5892292608,366018560
209,1772015545950,3204,3204,3204,3204,3204,3204,3204,3204,28.571430206298828,30.000001907348633,23.809524536132813,19.047618865966797,66.66667175292969,4.545454502105713,0,0,9.923158645629883,8589934592,2147483648,5892079616,366018560
204,1772015546160,3204,3204,3204,3204,3204,3204,3204,3204,33.333335876464844,28.571430206298828,20,19.047618865966797,76.19047546386719,4.761904716491699,9.523809432983398,4.761904716491699,9.923158645629883,8589934592,2147483648,5894799360,366018560
207,1772015546365,3204,3204,3204,3204,3204,3204,3204,3204,25,23.809524536132813,20,15.000000953674316,100,5,0,0,10.462759971618652,8589934592,2147483648,5894242304,366018560
207,1772015546573,3204,3204,3204,3204,3204,3204,3204,3204,25,28.571430206298828,22.72727394104004,15.000000953674316,68.18181610107422,9.523809432983398,0,4.545454502105713,10.462759971618652,8589934592,2147483648,5899223040,366018560
209,1772015546781,3204,3204,3204,3204,3204,3204,3204,3204,28.571430206298828,25,20,19.047618865966797,57.142860412597656,0,0,0,10.462759971618652,8589934592,2147483648,5913214976,366018560
208,1772015546991,3204,3204,3204,3204,3204,3204,3204,3204,28.571430206298828,27.272727966308594,33.333335876464844,19.047618865966797,33.333335876464844,0,4.545454502105713,0,10.462759971618652,8589934592,2147483648,5904564224,366018560
203,1772015547200,3204,3204,3204,3204,3204,3204,3204,3204,25,25,20,19.047618865966797,52.6315803527832,4.761904716491699,0,0,10.462759971618652,8589934592,2147483648,5904809984,366018560
209,1772015547404,3204,3204,3204,3204,3204,3204,3204,3204,33.333335876464844,35,28.571430206298828,25,40.90909194946289,0,0,4.761904716491699,9.997529983520508,8589934592,2147483648,5893816320,366018560
199,1772015547614,3204,3204,3204,3204,3204,3204,3204,3204,23.809524536132813,25,23.809524536132813,23.809524536132813,47.619049072265625,0,0,0,9.997529983520508,8589934592,2147483648,5898059776,366018560
206,1772015547816,3204,3204,3204,3204,3204,3204,3204,3204,21.052631378173828,27.272727966308594,25,15.000000953674316,78.94737243652344,0,4.761904716491699,0,9.997529983520508,8589934592,2147483648,5892603904,366018560
208,1772015548023,3204,3204,3204,3204,3204,3204,3204,3204,35,26.3157901763916,20,28.571430206298828,35,4.761904716491699,9.090909004211426,0,9.997529983520508,8589934592,2147483648,5866618880,366018560
204,1772015548231,3204,3204,3204,3204,3204,3204,3204,3204,23.809524536132813,27.272727966308594,23.809524536132813,15.000000953674316,85.71428680419922,4.761904716491699,0,4.761904716491699,9.997529983520508,8589934592,2147483648,5876809728,366018560
204,1772015548436,3204,3204,3204,3204,3204,3204,3204,3204,25,25,28.571430206298828,20,60.000003814697266,0,0,0,9.391500473022461,8589934592,2147483648,5867585536,366018560
201,1772015548641,3204,3204,3204,3204,3204,3204,3204,3204,42.85714340209961,21.052631378173828,25,28.571430206298828,22.72727394104004,14.285715103149414,10,0,9.391500473022461,8589934592,2147483648,5890195456,366018560
207,1772015548843,3204,3204,3204,3204,3204,3204,3204,3204,50,47.619049072265625,47.619049072265625,26.3157901763916,52.6315803527832,35,35,35,9.391500473022461,8589934592,2147483648,5899665408,366018560
209,1772015549051,3204,3204,3204,3204,3204,3204,3204,3204,28.571430206298828,25,15.789472579956055,22.72727394104004,25,4.761904716491699,0,4.761904716491699,9.391500473022461,8589934592,2147483648,5895536640,366018560
202,1772015549261,3204,3204,3204,3204,3204,3204,3204,3204,28.571430206298828,23.809524536132813,19.047618865966797,19.047618865966797,72.7272720336914,0,4.761904716491699,0,9.391500473022461,8589934592,2147483648,5903319040,366018560
208,1772015549465,3204,3204,3204,3204,3204,3204,3204,3204,26.3157901763916,30.000001907348633,25,20,73.68421173095703,10,0,0,9.535501480102539,8589934592,2147483648,5897994240,366018560
200,1772015549674,3204,3204,3204,3204,3204,3204,3204,3204,33.333335876464844,33.333335876464844,28.571430206298828,28.571430206298828,28.571430206298828,4.761904716491699,8.69565200805664,4.545454502105713,9.535501480102539,8589934592,2147483648,5934448640,366018560
205,1772015549875,3204,3204,3204,3204,3204,3204,3204,3204,40,20,25,25,9.523809432983398,5,0,0,9.535501480102539,8589934592,2147483648,5935300608,366018560
209,1772015550081,3204,3204,3204,3204,3204,3204,3204,3204,35,40,20,20,5,4.761904716491699,0,0,9.535501480102539,8589934592,2147483648,5935300608,366018560
209,1772015550291,3204,3204,3204,3204,3204,3204,3204,3204,33.333335876464844,27.272727966308594,27.272727966308594,23.809524536132813,5,38.095237731933594,4.761904716491699,4.761904716491699,9.535501480102539,8589934592,2147483648,5934546944,366018560
209,1772015550501,3204,3204,3204,3204,3204,3204,3204,3204,23.809524536132813,20,25,14.285715103149414,31.81818199157715,5,0,0,8.936240196228027,8589934592,2147483648,5937496064,366018560
209,1772015550711,3204,3204,3204,3204,3204,3204,3204,3204,28.571430206298828,27.272727966308594,31.81818199157715,23.809524536132813,20,14.285715103149414,14.285715103149414,9.523809432983398,8.936240196228027,8589934592,2147483648,5950472192,366018560
204,1772015550921,3204,3204,3204,3204,3204,3204,3204,3204,23.809524536132813,25,20,19.047618865966797,4.761904716491699,9.090909004211426,0,0,8.936240196228027,8589934592,2147483648,5934956544,366018560
203,1772015551125,3204,3204,3204,3204,3204,3204,3204,3204,20,35,23.809524536132813,20,0,0,0,0,8.936240196228027,8589934592,2147483648,5924700160,366018560
208,1772015551329,3204,3204,3204,3204,3204,3204,3204,3204,20,38.095237731933594,20,20,5,4.761904716491699,5,0,7.349859714508057,8589934592,2147483648,5923962880,366018560
209,1772015551538,3204,3204,3204,3204,3204,3204,3204,3204,23.809524536132813,25,23.809524536132813,19.047618865966797,0,0,0,0,7.349859714508057,8589934592,2147483648,5918785536,366018560
203,1772015551748,3204,3204,3204,3204,3204,3204,3204,3204,33.333335876464844,27.272727966308594,20,19.047618865966797,4.761904716491699,0,0,4.545454502105713,7.349859714508057,8589934592,2147483648,5918228480,366018560
209,1772015551952,3204,3204,3204,3204,3204,3204,3204,3204,40,21.052631378173828,23.809524536132813,19.047618865966797,0,0,0,0,7.349859714508057,8589934592,2147483648,5917573120,366018560
201,1772015552162,3204,3204,3204,3204,3204,3204,3204,3204,23.809524536132813,33.333335876464844,19.047618865966797,25,0,4.761904716491699,4.761904716491699,0,7.349859714508057,8589934592,2147483648,5918326784,366018560
206,1772015552364,3204,3204,3204,3204,3204,3204,3204,3204,25,33.333335876464844,20,15.000000953674316,9.523809432983398,4.761904716491699,0,0,5.8555989265441895,8589934592,2147483648,5917999104,366018560
207,1772015552572,3204,3204,3204,3204,3204,3204,3204,3204,30.000001907348633,30.000001907348633,25,22.72727394104004,10,14.285715103149414,4.761904716491699,4.761904716491699,5.8555989265441895,8589934592,2147483648,5915721728,366018560
209,1772015552780,3204,3204,3204,3204,3204,3204,3204,3204,22.72727394104004,19.047618865966797,19.047618865966797,20,9.523809432983398,5,4.761904716491699,4.761904716491699,5.8555989265441895,8589934592,2147483648,5913985024,366018560
207,1772015552990,3204,3204,3204,3204,3204,3204,3204,3204,26.3157901763916,30.000001907348633,23.809524536132813,20,9.523809432983398,4.761904716491699,5,0,5.8555989265441895,8589934592,2147483648,5910872064,366018560
200,1772015553198,3204,3204,3204,3204,3204,3204,3204,3204,27.272727966308594,28.571430206298828,19.047618865966797,19.047618865966797,9.523809432983398,9.090909004211426,5,4.761904716491699,5.8555989265441895,8589934592,2147483648,5900369920,366018560
199,1772015553399,3204,3204,3204,3204,3204,3204,3204,3204,25,20,26.3157901763916,19.047618865966797,5,5,9.090909004211426,4.761904716491699,5.082470417022705,8589934592,2147483648,5900156928,366018560
208,1772015553599,3204,3204,3204,3204,3204,3204,3204,3204,30.000001907348633,20,33.333335876464844,20,9.523809432983398,5,5,0,5.082470417022705,8589934592,2147483648,5900009472,366018560
200,1772015553808,3204,3204,3204,3204,3204,3204,3204,3204,14.285715103149414,15.000000953674316,19.047618865966797,20,5,5,4.761904716491699,4.761904716491699,5.082470417022705,8589934592,2147483648,5900353536,366018560
206,1772015554009,3204,3204,3204,3204,3204,3204,3204,3204,15.789472579956055,15.000000953674316,10.526315689086914,30.000001907348633,15.789472579956055,5.263157844543457,10.526315689086914,5,5.082470417022705,8589934592,2147483648,5902368768,366018560
209,1772015554216,3204,3204,3204,3204,3204,3204,3204,3204,19.047618865966797,19.047618865966797,15.000000953674316,28.571430206298828,9.523809432983398,13.043478012084961,5,5,5.082470417022705,8589934592,2147483648,5906022400,366018560
208,1772015554426,3204,3204,3204,3204,3204,3204,3204,3204,23.809524536132813,19.047618865966797,18.18181800842285,28.571430206298828,0,0,4.545454502105713,4.545454502105713,5.790122032165527,8589934592,2147483648,5905399808,366018560
200,1772015554634,3204,3204,3204,3204,3204,3204,3204,3204,25,20,15.000000953674316,10,14.285715103149414,9.523809432983398,5,9.090909004211426,5.790122032165527,8589934592,2147483648,5906743296,366018560
206,1772015554835,3204,3204,3204,3204,3204,3204,3204,3204,28.571430206298828,25,20,15.000000953674316,0,0,0,0,5.790122032165527,8589934592,2147483648,5904760832,366018560
203,1772015555042,3204,3204,3204,3204,3204,3204,3204,3204,30.000001907348633,31.81818199157715,19.047618865966797,19.047618865966797,9.523809432983398,0,5,0,5.790122032165527,8589934592,2147483648,5914771456,366018560
207,1772015555246,3204,3204,3204,3204,3204,3204,3204,3204,28.571430206298828,20,23.809524536132813,14.285715103149414,5,5,0,0,5.790122032165527,8589934592,2147483648,5899124736,366018560
209,1772015555454,3204,3204,3204,3204,3204,3204,3204,3204,20,25,20,15.000000953674316,0,0,0,0,5.537517070770264,8589934592,2147483648,5899026432,366018560
200,1772015555664,3204,3204,3204,3204,3204,3204,3204,3204,23.809524536132813,23.809524536132813,23.809524536132813,19.047618865966797,0,0,0,0,5.537517070770264,8589934592,2147483648,5899239424,366018560
209,1772015555865,3204,3204,3204,3204,3204,3204,3204,3204,30.000001907348633,30.000001907348633,19.047618865966797,20,20,19.047618865966797,5,5,5.537517070770264,8589934592,2147483648,5899223040,366018560
209,1772015556075,3204,3204,3204,3204,3204,3204,3204,3204,19.047618865966797,28.571430206298828,20,18.18181800842285,4.545454502105713,0,0,0,5.537517070770264,8589934592,2147483648,5897519104,366018560
204,1772015556285,3204,3204,3204,3204,3204,3204,3204,3204,23.809524536132813,33.333335876464844,19.047618865966797,20,0,4.545454502105713,4.545454502105713,0,5.537517070770264,8589934592,2147483648,5898928128,366018560
207,1772015556490,3204,3204,3204,3204,3204,3204,3204,3204,35,30.000001907348633,25,20,5,0,4.761904716491699,4.761904716491699,5.17228889465332,8589934592,2147483648,5899075584,366018560
207,1772015556698,3204,3204,3204,3204,3204,3204,3204,3204,28.571430206298828,23.809524536132813,28.571430206298828,19.047618865966797,0,0,0,0,5.17228889465332,8589934592,2147483648,5901942784,366018560
209,1772015556906,3204,3204,3204,3204,3204,3204,3204,3204,40,42.85714340209961,38.095237731933594,38.095237731933594,30.000001907348633,28.571430206298828,28.571430206298828,36.3636360168457,5.17228889465332,8589934592,2147483648,5894422528,366018560
209,1772015557116,3204,3204,3204,3204,3204,3204,3204,3204,19.047618865966797,19.047618865966797,9.523809432983398,9.090909004211426,9.523809432983398,9.090909004211426,5,0,5.17228889465332,8589934592,2147483648,5910478848,366018560
204,1772015557326,3204,3204,3204,3204,3204,3204,3204,3204,28.571430206298828,30.000001907348633,19.047618865966797,15.000000953674316,4.545454502105713,0,0,0,5.065149784088135,8589934592,2147483648,5893914624,366018560
199,1772015557531,3204,3204,3204,3204,3204,3204,3204,3204,50,50,50,40,15.789472579956055,20,22.72727394104004,20,5.065149784088135,8589934592,2147483648,5894340608,366018560
201,1772015557731,3204,3204,3204,3204,3204,3204,3204,3204,60.000003814697266,31.57894515991211,21.052631378173828,30.000001907348633,14.285715103149414,10,5.263157844543457,5,5.065149784088135,8589934592,2147483648,5887098880,366018560
204,1772015557933,3204,3204,3204,3204,3204,3204,3204,3204,47.619049072265625,45,38.095237731933594,30.000001907348633,0,0,0,0,5.065149784088135,8589934592,2147483648,5887082496,366018560
209,1772015558138,3204,3204,3204,3204,3204,3204,3204,3204,52.6315803527832,47.619049072265625,33.333335876464844,25,0,0,0,0,5.065149784088135,8589934592,2147483648,5886787584,366018560
208,1772015558349,3204,3204,3204,3204,3204,3204,3204,3204,61.904762268066406,57.894737243652344,40,45.45454788208008,9.090909004211426,0,4.545454502105713,0,6.081089019775391,8589934592,2147483648,5886296064,366018560
205,1772015558558,3204,3204,3204,3204,3204,3204,3204,3204,47.619049072265625,45.45454788208008,30.000001907348633,30.000001907348633,0,0,0,0,6.081089019775391,8589934592,2147483648,5886279680,366018560
204,1772015558765,3204,3204,3204,3204,3204,3204,3204,3204,45,35,36.3636360168457,30.000001907348633,5.263157844543457,9.523809432983398,0,0,6.081089019775391,8589934592,2147483648,5887590400,366018560
205,1772015558970,3204,3204,3204,3204,3204,3204,3204,3204,47.619049072265625,40,30.000001907348633,19.047618865966797,18.18181800842285,9.523809432983398,5,5,6.081089019775391,8589934592,2147483648,5887590400,366018560
205,1772015559175,3204,3204,3204,3204,3204,3204,3204,3204,57.894737243652344,38.095237731933594,30.000001907348633,23.809524536132813,21.052631378173828,5,5,4.761904716491699,6.081089019775391,8589934592,2147483648,5887590400,366018560
207,1772015559381,3204,3204,3204,3204,3204,3204,3204,3204,45,40,47.619049072265625,26.3157901763916,4.761904716491699,4.761904716491699,4.761904716491699,9.523809432983398,6.274479389190674,8589934592,2147483648,5887590400,366018560
208,1772015559589,3204,3204,3204,3204,3204,3204,3204,3204,47.619049072265625,38.095237731933594,38.095237731933594,33.333335876464844,0,4.761904716491699,4.761904716491699,0,6.274479389190674,8589934592,2147483648,5932990464,366018560
207,1772015559798,3204,3204,3204,3204,3204,3204,3204,3204,50,45,40,28.571430206298828,9.090909004211426,0,0,0,6.274479389190674,8589934592,2147483648,5936726016,366018560
207,1772015560006,3204,3204,3204,3204,3204,3204,3204,3204,31.81818199157715,38.095237731933594,15.000000953674316,19.047618865966797,0,0,0,0,6.274479389190674,8589934592,2147483648,5936349184,366018560
206,1772015560215,3204,3204,3204,3204,3204,3204,3204,3204,33.333335876464844,28.571430206298828,22.72727394104004,20,0,4.761904716491699,0,0,6.274479389190674,8589934592,2147483648,5931974656,366018560
209,1772015560421,3204,3204,3204,3204,3204,3204,3204,3204,20,33.333335876464844,20,22.72727394104004,0,0,4.545454502105713,4.761904716491699,5.974898815155029,8589934592,2147483648,5931974656,366018560
205,1772015560632,3204,3204,3204,3204,3204,3204,3204,3204,22.72727394104004,20,23.809524536132813,15.000000953674316,4.545454502105713,0,0,0,5.974898815155029,8589934592,2147483648,5919784960,366018560
200,1772015560838,3204,3204,3204,3204,3204,3204,3204,3204,26.3157901763916,33.333335876464844,20,19.047618865966797,5,19.047618865966797,0,9.523809432983398,5.974898815155029,8589934592,2147483648,5904416768,366018560
209,1772015561038,3204,3204,3204,3204,3204,3204,3204,3204,21.052631378173828,30.000001907348633,20,20,5,0,5,0,5.974898815155029,8589934592,2147483648,5902712832,366018560
206,1772015561248,3204,3204,3204,3204,3204,3204,3204,3204,31.81818199157715,28.571430206298828,23.809524536132813,14.285715103149414,4.761904716491699,4.761904716491699,0,0,5.974898815155029,8589934592,2147483648,5904285696,366018560
209,1772015561455,3204,3204,3204,3204,3204,3204,3204,3204,28.571430206298828,20,23.809524536132813,19.047618865966797,9.523809432983398,0,0,4.761904716491699,5.504438877105713,8589934592,2147483648,5913378816,366018560
209,1772015561665,3204,3204,3204,3204,3204,3204,3204,3204,33.333335876464844,28.571430206298828,20,20,4.761904716491699,4.545454502105713,4.545454502105713,0,5.504438877105713,8589934592,2147483648,5903695872,366018560
205,1772015561875,3204,3204,3204,3204,3204,3204,3204,3204,19.047618865966797,19.047618865966797,19.047618865966797,27.272727966308594,4.761904716491699,9.090909004211426,5,4.761904716491699,5.504438877105713,8589934592,2147483648,5903712256,366018560
209,1772015562081,3204,3204,3204,3204,3204,3204,3204,3204,25,20,19.047618865966797,25,0,0,0,0,5.504438877105713,8589934592,2147483648,5903073280,366018560
209,1772015562291,3204,3204,3204,3204,3204,3204,3204,3204,20,27.272727966308594,28.571430206298828,14.285715103149414,4.545454502105713,0,0,0,5.504438877105713,8589934592,2147483648,5903073280,366018560
209,1772015562501,3204,3204,3204,3204,3204,3204,3204,3204,27.272727966308594,19.047618865966797,23.809524536132813,15.000000953674316,0,4.761904716491699,0,0,5.1561994552612305,8589934592,2147483648,5903073280,366018560
204,1772015562712,3204,3204,3204,3204,3204,3204,3204,3204,28.571430206298828,26.3157901763916,23.809524536132813,18.18181800842285,0,0,4.545454502105713,4.545454502105713,5.1561994552612305,8589934592,2147483648,5901025280,366018560
208,1772015562916,3204,3204,3204,3204,3204,3204,3204,3204,20,27.272727966308594,14.285715103149414,15.000000953674316,0,0,0,0,5.1561994552612305,8589934592,2147483648,5900992512,366018560
203,1772015563125,3204,3204,3204,3204,3204,3204,3204,3204,38.095237731933594,23.809524536132813,19.047618865966797,15.000000953674316,4.545454502105713,0,0,0,5.1561994552612305,8589934592,2147483648,5900500992,366018560
207,1772015563329,3204,3204,3204,3204,3204,3204,3204,3204,30.000001907348633,26.3157901763916,21.052631378173828,19.047618865966797,5,5,0,0,5.08210563659668,8589934592,2147483648,5898174464,366018560
209,1772015563537,3204,3204,3204,3204,3204,3204,3204,3204,28.571430206298828,27.272727966308594,14.285715103149414,10,9.523809432983398,0,4.761904716491699,0,5.08210563659668,8589934592,2147483648,5908283392,366018560
204,1772015563748,3204,3204,3204,3204,3204,3204,3204,3204,25,28.571430206298828,19.047618865966797,19.047618865966797,0,0,0,4.545454502105713,5.08210563659668,8589934592,2147483648,5887672320,366018560
208,1772015563952,3204,3204,3204,3204,3204,3204,3204,3204,27.272727966308594,20,30.000001907348633,14.285715103149414,10,9.523809432983398,9.523809432983398,0,5.08210563659668,8589934592,2147483648,5887623168,366018560
209,1772015564162,3204,3204,3204,3204,3204,3204,3204,3204,10,20,28.571430206298828,13.636363983154297,9.090909004211426,14.285715103149414,0,9.523809432983398,5.08210563659668,8589934592,2147483648,5891588096,366018560
209,1772015564372,3204,3204,3204,3204,3204,3204,3204,3204,25,23.809524536132813,19.047618865966797,15.789472579956055,5,0,4.761904716491699,0,5.0393967628479,8589934592,2147483648,5891833856,366018560
209,1772015564581,3204,3204,3204,3204,3204,3204,3204,3204,19.047618865966797,28.571430206298828,23.809524536132813,19.047618865966797,4.761904716491699,4.761904716491699,0,4.761904716491699,5.0393967628479,8589934592,2147483648,5891260416,366018560
208,1772015564791,3204,3204,3204,3204,3204,3204,3204,3204,28.571430206298828,28.571430206298828,19.047618865966797,18.18181800842285,0,0,4.545454502105713,0,5.0393967628479,8589934592,2147483648,5893062656,366018560
209,1772015565000,3204,3204,3204,3204,3204,3204,3204,3204,23.809524536132813,33.333335876464844,20,15.000000953674316,0,0,0,0,5.0393967628479,8589934592,2147483648,5892849664,366018560
204,1772015565210,3204,3204,3204,3204,3204,3204,3204,3204,28.571430206298828,35,23.809524536132813,22.72727394104004,0,0,0,0,5.0393967628479,8589934592,2147483648,5892849664,366018560
209,1772015565415,3204,3204,3204,3204,3204,3204,3204,3204,15.000000953674316,28.571430206298828,19.047618865966797,10,5,4.761904716491699,0,4.761904716491699,5.199284076690674,8589934592,2147483648,5892849664,366018560
205,1772015565625,3204,3204,3204,3204,3204,3204,3204,3204,23.809524536132813,20,14.285715103149414,23.809524536132813,9.090909004211426,0,0,4.545454502105713,5.199284076690674,8589934592,2147483648,5892849664,366018560
209,1772015565831,3204,3204,3204,3204,3204,3204,3204,3204,23.809524536132813,28.571430206298828,20,23.809524536132813,20,15.000000953674316,5,0,5.199284076690674,8589934592,2147483648,5889228800,366018560
201,1772015566041,3204,3204,3204,3204,3204,3204,3204,3204,20,22.72727394104004,19.047618865966797,28.571430206298828,4.761904716491699,4.545454502105713,0,0,5.199284076690674,8589934592,2147483648,5888786432,366018560
208,1772015566243,3204,3204,3204,3204,3204,3204,3204,3204,28.571430206298828,25,25,15.789472579956055,9.523809432983398,10,5,5,5.199284076690674,8589934592,2147483648,5889196032,366018560
209,1772015566453,3204,3204,3204,3204,3204,3204,3204,3204,28.571430206298828,28.571430206298828,19.047618865966797,14.285715103149414,0,4.545454502105713,0,0,5.182404041290283,8589934592,2147483648,5889032192,366018560
208,1772015566663,3204,3204,3204,3204,3204,3204,3204,3204,30.000001907348633,25,25,23.809524536132813,0,0,4.545454502105713,4.545454502105713,5.182404041290283,8589934592,2147483648,5875974144,366018560
203,1772015566871,3204,3204,3204,3204,3204,3204,3204,3204,28.571430206298828,28.571430206298828,31.81818199157715,25,9.523809432983398,5,9.523809432983398,0,5.182404041290283,8589934592,2147483648,5879463936,366018560
205,1772015567075,3204,3204,3204,3204,3204,3204,3204,3204,30.000001907348633,20,21.052631378173828,15.000000953674316,5,5,0,4.761904716491699,5.182404041290283,8589934592,2147483648,5878759424,366018560
209,1772015567281,3204,3204,3204,3204,3204,3204,3204,3204,28.571430206298828,23.809524536132813,19.047618865966797,19.047618865966797,4.761904716491699,4.761904716491699,4.761904716491699,0,5.182404041290283,8589934592,2147483648,5878988800,366018560
208,1772015567491,3204,3204,3204,3204,3204,3204,3204,3204,23.809524536132813,25,14.285715103149414,13.636363983154297,4.761904716491699,4.761904716491699,0,4.545454502105713,5.199118614196777,8589934592,2147483648,5878710272,366018560
209,1772015567700,3204,3204,3204,3204,3204,3204,3204,3204,21.052631378173828,28.571430206298828,19.047618865966797,15.000000953674316,4.761904716491699,0,4.545454502105713,0,5.199118614196777,8589934592,2147483648,5878939648,366018560
204,1772015567910,3204,3204,3204,3204,3204,3204,3204,3204,22.72727394104004,27.272727966308594,31.81818199157715,19.047618865966797,5,9.090909004211426,4.761904716491699,5,5.199118614196777,8589934592,2147483648,5889294336,366018560
209,1772015568115,3204,3204,3204,3204,3204,3204,3204,3204,28.571430206298828,35,15.789472579956055,20,9.523809432983398,4.761904716491699,0,4.761904716491699,5.199118614196777,8589934592,2147483648,5875302400,366018560
204,1772015568325,3204,3204,3204,3204,3204,3204,3204,3204,20,28.571430206298828,19.047618865966797,19.047618865966797,9.523809432983398,5,5,9.090909004211426,5.567066192626953,8589934592,2147483648,5879775232,366018560
201,1772015568529,3204,3204,3204,3204,3204,3204,3204,3204,33.333335876464844,20,15.000000953674316,14.285715103149414,4.761904716491699,4.761904716491699,4.761904716491699,0,5.567066192626953,8589934592,2147483648,5877825536,366018560
209,1772015568732,3204,3204,3204,3204,3204,3204,3204,3204,36.842105865478516,30.000001907348633,28.571430206298828,20,0,0,0,0,5.567066192626953,8589934592,2147483648,5878431744,366018560
209,1772015568941,3204,3204,3204,3204,3204,3204,3204,3204,36.3636360168457,19.047618865966797,14.285715103149414,14.285715103149414,10,4.761904716491699,4.545454502105713,4.545454502105713,5.567066192626953,8589934592,2147483648,5878300672,366018560
208,1772015569151,3204,3204,3204,3204,3204,3204,3204,3204,23.809524536132813,10,14.285715103149414,9.523809432983398,9.090909004211426,4.761904716491699,10,0,5.567066192626953,8589934592,2147483648,5863522304,366018560
206,1772015569363,3204,3204,3204,3204,3204,3204,3204,3204,40,31.81818199157715,28.571430206298828,23.809524536132813,15.000000953674316,14.285715103149414,14.285715103149414,13.636363983154297,5.255298614501953,8589934592,2147483648,5883084800,366018560
203,1772015569570,3204,3204,3204,3204,3204,3204,3204,3204,28.571430206298828,20,14.285715103149414,10,18.18181800842285,19.047618865966797,13.636363983154297,14.285715103149414,5.255298614501953,8589934592,2147483648,5882167296,366018560
202,1772015569774,3204,3204,3204,3204,3204,3204,3204,3204,21.052631378173828,28.571430206298828,20,20,0,0,0,0,5.255298614501953,8589934592,2147483648,5882593280,366018560
209,1772015569977,3204,3204,3204,3204,3204,3204,3204,3204,28.571430206298828,30.000001907348633,20,14.285715103149414,5,0,0,0,5.255298614501953,8589934592,2147483648,5892915200,366018560
207,1772015570187,3204,3204,3204,3204,3204,3204,3204,3204,22.72727394104004,28.571430206298828,15.000000953674316,18.18181800842285,0,0,4.545454502105713,0,5.255298614501953,8589934592,2147483648,5876613120,366018560
208,1772015570396,3204,3204,3204,3204,3204,3204,3204,3204,20,25,27.272727966308594,15.000000953674316,4.761904716491699,4.761904716491699,0,0,5.237692832946777,8589934592,2147483648,5878022144,366018560
202,1772015570605,3204,3204,3204,3204,3204,3204,3204,3204,23.809524536132813,33.333335876464844,20,14.285715103149414,4.545454502105713,0,0,0,5.237692832946777,8589934592,2147483648,5877547008,366018560
209,1772015570808,3204,3204,3204,3204,3204,3204,3204,3204,31.57894515991211,33.333335876464844,20,15.789472579956055,10,33.333335876464844,10,5,5.237692832946777,8589934592,2147483648,5879595008,366018560
204,1772015571018,3204,3204,3204,3204,3204,3204,3204,3204,18.18181800842285,15.000000953674316,9.090909004211426,22.72727394104004,13.636363983154297,19.047618865966797,0,4.545454502105713,5.237692832946777,8589934592,2147483648,5879529472,366018560
208,1772015571222,3204,3204,3204,3204,3204,3204,3204,3204,28.571430206298828,28.571430206298828,20,25,0,0,4.761904716491699,0,5.237692832946777,8589934592,2147483648,5877415936,366018560
205,1772015571432,3204,3204,3204,3204,3204,3204,3204,3204,28.571430206298828,19.047618865966797,19.047618865966797,19.047618865966797,0,4.761904716491699,0,0,5.556621551513672,8589934592,2147483648,5879529472,366018560
206,1772015571638,3204,3204,3204,3204,3204,3204,3204,3204,26.3157901763916,25,25,10,4.761904716491699,0,0,4.545454502105713,5.556621551513672,8589934592,2147483648,5878317056,366018560
202,1772015571845,3204,3204,3204,3204,3204,3204,3204,3204,33.333335876464844,28.571430206298828,19.047618865966797,22.72727394104004,0,0,0,0,5.556621551513672,8589934592,2147483648,5879463936,366018560
199,1772015572048,3204,3204,3204,3204,3204,3204,3204,3204,20,20,26.3157901763916,10.526315689086914,0,0,0,0,5.556621551513672,8589934592,2147483648,5878366208,366018560
209,1772015572248,3204,3204,3204,3204,3204,3204,3204,3204,30.000001907348633,15.789472579956055,30.000001907348633,15.000000953674316,5.263157844543457,0,9.090909004211426,0,5.556621551513672,8589934592,2147483648,5878743040,366018560
203,1772015572458,3204,3204,3204,3204,3204,3204,3204,3204,28.571430206298828,22.72727394104004,36.3636360168457,18.18181800842285,8.69565200805664,4.545454502105713,0,0,5.40858793258667,8589934592,2147483648,5878808576,366018560
207,1772015572663,3204,3204,3204,3204,3204,3204,3204,3204,25,20,30.000001907348633,15.000000953674316,0,0,0,0,5.40858793258667,8589934592,2147483648,5878284288,366018560
203,1772015572871,3204,3204,3204,3204,3204,3204,3204,3204,27.272727966308594,20,38.095237731933594,15.000000953674316,0,0,0,0,5.40858793258667,8589934592,2147483648,5878956032,366018560
205,1772015573075,3204,3204,3204,3204,3204,3204,3204,3204,26.3157901763916,20,20,14.285715103149414,0,0,0,4.545454502105713,5.40858793258667,8589934592,2147483648,5878448128,366018560
202,1772015573282,3204,3204,3204,3204,3204,3204,3204,3204,38.095237731933594,38.095237731933594,28.571430206298828,25,4.761904716491699,4.545454502105713,4.761904716491699,0,5.40858793258667,8589934592,2147483648,5864079360,366018560
201,1772015573485,3204,3204,3204,3204,3204,3204,3204,3204,20,19.047618865966797,30.000001907348633,20,0,0,0,0,5.033063888549805,8589934592,2147483648,5863997440,366018560
208,1772015573687,3204,3204,3204,3204,3204,3204,3204,3204,25,15.000000953674316,30.000001907348633,14.285715103149414,5,0,0,0,5.033063888549805,8589934592,2147483648,5863489536,366018560
201,1772015573896,3204,3204,3204,3204,3204,3204,3204,3204,28.571430206298828,15.000000953674316,19.047618865966797,14.285715103149414,9.523809432983398,9.090909004211426,9.523809432983398,4.761904716491699,5.033063888549805,8589934592,2147483648,5864177664,366018560
209,1772015574098,3204,3204,3204,3204,3204,3204,3204,3204,30.000001907348633,23.809524536132813,20,15.789472579956055,5,5,0,0,5.033063888549805,8589934592,2147483648,5863211008,366018560
204,1772015574308,3204,3204,3204,3204,3204,3204,3204,3204,20,10,28.571430206298828,9.523809432983398,25,18.18181800842285,10,22.72727394104004,5.033063888549805,8589934592,2147483648,5877334016,366018560
209,1772015574513,3204,3204,3204,3204,3204,3204,3204,3204,33.333335876464844,30.000001907348633,20,22.72727394104004,9.090909004211426,5,4.761904716491699,0,5.072913646697998,8589934592,2147483648,5866012672,366018560
206,1772015574722,3204,3204,3204,3204,3204,3204,3204,3204,31.81818199157715,31.81818199157715,20,10.526315689086914,4.761904716491699,0,4.761904716491699,4.761904716491699,5.072913646697998,8589934592,2147483648,5865603072,366018560
203,1772015574929,3204,3204,3204,3204,3204,3204,3204,3204,21.052631378173828,25,27.272727966308594,19.047618865966797,5,4.761904716491699,4.761904716491699,0,5.072913646697998,8589934592,2147483648,5867651072,366018560
199,1772015575133,3204,3204,3204,3204,3204,3204,3204,3204,33.333335876464844,25,20,15.000000953674316,0,4.761904716491699,4.761904716491699,4.761904716491699,5.072913646697998,8589934592,2147483648,5867044864,366018560
209,1772015575334,3204,3204,3204,3204,3204,3204,3204,3204,25,25,15.000000953674316,23.809524536132813,5,0,0,0,5.586721420288086,8589934592,2147483648,5863178240,366018560
203,1772015575544,3204,3204,3204,3204,3204,3204,3204,3204,23.809524536132813,28.571430206298828,19.047618865966797,10,4.545454502105713,0,0,0,5.586721420288086,8589934592,2147483648,5862850560,366018560
209,1772015575748,3204,3204,3204,3204,3204,3204,3204,3204,20,28.571430206298828,20,19.047618865966797,10,20,4.761904716491699,5,5.586721420288086,8589934592,2147483648,5862866944,366018560
200,1772015575958,3204,3204,3204,3204,3204,3204,3204,3204,20,25,19.047618865966797,28.571430206298828,4.761904716491699,18.18181800842285,4.761904716491699,4.545454502105713,5.586721420288086,8589934592,2147483648,5862866944,366018560
205,1772015576159,3204,3204,3204,3204,3204,3204,3204,3204,28.571430206298828,25,23.809524536132813,10.526315689086914,5.263157844543457,5,5,0,5.586721420288086,8589934592,2147483648,5862539264,366018560
201,1772015576364,3204,3204,3204,3204,3204,3204,3204,3204,30.000001907348633,23.809524536132813,20,19.047618865966797,0,0,0,0,5.279009819030762,8589934592,2147483648,5862998016,366018560
203,1772015576567,3204,3204,3204,3204,3204,3204,3204,3204,30.000001907348633,15.789472579956055,15.789472579956055,14.285715103149414,14.285715103149414,14.285715103149414,4.761904716491699,5,5.279009819030762,8589934592,2147483648,5858836480,366018560
200,1772015576771,3204,3204,3204,3204,3204,3204,3204,3204,30.000001907348633,28.571430206298828,19.047618865966797,19.047618865966797,0,0,0,0,5.279009819030762,8589934592,2147483648,5860098048,366018560
208,1772015576972,3204,3204,3204,3204,3204,3204,3204,3204,35,30.000001907348633,25,26.3157901763916,5,4.761904716491699,0,0,5.279009819030762,8589934592,2147483648,5860098048,366018560
209,1772015577181,3204,3204,3204,3204,3204,3204,3204,3204,27.272727966308594,28.571430206298828,35,25,5,0,4.761904716491699,4.545454502105713,5.279009819030762,8589934592,2147483648,5862096896,366018560
206,1772015577391,3204,3204,3204,3204,3204,3204,3204,3204,20,20,22.72727394104004,19.047618865966797,0,4.761904716491699,0,0,5.106803894042969,8589934592,2147483648,5863620608,366018560
205,1772015577598,3204,3204,3204,3204,3204,3204,3204,3204,28.571430206298828,33.333335876464844,20,19.047618865966797,4.761904716491699,0,0,0,5.106803894042969,8589934592,2147483648,5863129088,366018560
199,1772015577805,3204,3204,3204,3204,3204,3204,3204,3204,20,31.81818199157715,14.285715103149414,10,0,0,0,0,5.106803894042969,8589934592,2147483648,5862506496,366018560
209,1772015578005,3204,3204,3204,3204,3204,3204,3204,3204,30.000001907348633,31.57894515991211,25,23.809524536132813,0,0,4.761904716491699,0,5.106803894042969,8589934592,2147483648,5863587840,366018560
208,1772015578215,3204,3204,3204,3204,3204,3204,3204,3204,23.809524536132813,25,23.809524536132813,14.285715103149414,8.69565200805664,4.761904716491699,0,4.545454502105713,5.106803894042969,8589934592,2147483648,5863014400,366018560
206,1772015578424,3204,3204,3204,3204,3204,3204,3204,3204,28.571430206298828,28.571430206298828,30.000001907348633,19.047618865966797,0,0,0,0,5.106303691864014,8589934592,2147483648,5863079936,366018560
206,1772015578631,3204,3204,3204,3204,3204,3204,3204,3204,20,23.809524536132813,33.333335876464844,20,9.523809432983398,4.761904716491699,4.761904716491699,4.545454502105713,5.106303691864014,8589934592,2147483648,5874663424,366018560
208,1772015578839,3204,3204,3204,3204,3204,3204,3204,3204,28.571430206298828,23.809524536132813,28.571430206298828,19.047618865966797,0,0,0,0,5.106303691864014,8589934592,2147483648,5874663424,366018560
206,1772015579048,3204,3204,3204,3204,3204,3204,3204,3204,28.571430206298828,20,25,15.000000953674316,9.523809432983398,14.285715103149414,4.761904716491699,4.761904716491699,5.106303691864014,8589934592,2147483648,5874663424,366018560
208,1772015579255,3204,3204,3204,3204,3204,3204,3204,3204,15.000000953674316,31.81818199157715,14.285715103149414,9.523809432983398,4.761904716491699,4.761904716491699,15.000000953674316,4.761904716491699,5.106303691864014,8589934592,2147483648,5902467072,366018560
206,1772015579465,3204,3204,3204,3204,3204,3204,3204,3204,28.571430206298828,20,23.809524536132813,14.285715103149414,4.761904716491699,0,4.761904716491699,0,5.2186737060546875,8589934592,2147483648,5905055744,366018560
208,1772015579671,3204,3204,3204,3204,3204,3204,3204,3204,30.000001907348633,25,23.809524536132813,15.000000953674316,0,4.545454502105713,4.545454502105713,4.761904716491699,5.2186737060546875,8589934592,2147483648,5904678912,366018560
207,1772015579880,3204,3204,3204,3204,3204,3204,3204,3204,42.85714340209961,28.571430206298828,25,19.047618865966797,4.545454502105713,0,0,0,5.2186737060546875,8589934592,2147483648,5905268736,366018560
200,1772015580088,3204,3204,3204,3204,3204,3204,3204,3204,33.333335876464844,27.272727966308594,19.047618865966797,19.047618865966797,0,0,0,0,5.2186737060546875,8589934592,2147483648,5905219584,366018560
208,1772015580289,3204,3204,3204,3204,3204,3204,3204,3204,30.000001907348633,15.789472579956055,20,19.047618865966797,0,4.761904716491699,0,0,5.2186737060546875,8589934592,2147483648,5903777792,366018560
209,1772015580498,3204,3204,3204,3204,3204,3204,3204,3204,30.000001907348633,25,28.571430206298828,10,4.761904716491699,0,4.761904716491699,4.761904716491699,5.192257404327393,8589934592,2147483648,5898698752,366018560
206,1772015580708,3204,3204,3204,3204,3204,3204,3204,3204,27.272727966308594,36.3636360168457,23.809524536132813,19.047618865966797,9.523809432983398,0,0,0,5.192257404327393,8589934592,2147483648,5907742720,366018560
202,1772015580915,3204,3204,3204,3204,3204,3204,3204,3204,15.789472579956055,20,19.047618865966797,14.285715103149414,9.523809432983398,23.809524536132813,0,0,5.192257404327393,8589934592,2147483648,5907742720,366018560
208,1772015581117,3204,3204,3204,3204,3204,3204,3204,3204,23.809524536132813,23.809524536132813,20,20,5,9.523809432983398,4.761904716491699,0,5.192257404327393,8589934592,2147483648,5907742720,366018560
204,1772015581326,3204,3204,3204,3204,3204,3204,3204,3204,19.047618865966797,15.000000953674316,23.809524536132813,30.000001907348633,0,0,0,0,5.196497440338135,8589934592,2147483648,5898043392,366018560
201,1772015581531,3204,3204,3204,3204,3204,3204,3204,3204,30.000001907348633,28.571430206298828,15.789472579956055,19.047618865966797,0,0,0,0,5.196497440338135,8589934592,2147483648,5900386304,366018560
209,1772015581733,3204,3204,3204,3204,3204,3204,3204,3204,40,21.052631378173828,23.809524536132813,15.789472579956055,4.761904716491699,4.761904716491699,4.761904716491699,4.761904716491699,5.196497440338135,8589934592,2147483648,5899993088,366018560
209,1772015581943,3204,3204,3204,3204,3204,3204,3204,3204,23.809524536132813,22.72727394104004,20,22.72727394104004,0,0,0,0,5.196497440338135,8589934592,2147483648,5889589248,366018560
200,1772015582153,3204,3204,3204,3204,3204,3204,3204,3204,31.81818199157715,23.809524536132813,27.272727966308594,19.047618865966797,0,0,0,0,5.196497440338135,8589934592,2147483648,5889064960,366018560
207,1772015582354,3204,3204,3204,3204,3204,3204,3204,3204,21.052631378173828,15.789472579956055,21.052631378173828,15.000000953674316,5,4.761904716491699,4.761904716491699,5,5.141408920288086,8589934592,2147483648,5885575168,366018560
209,1772015582561,3204,3204,3204,3204,3204,3204,3204,3204,27.272727966308594,19.047618865966797,33.333335876464844,15.000000953674316,0,0,0,0,5.141408920288086,8589934592,2147483648,5884133376,366018560
209,1772015582771,3204,3204,3204,3204,3204,3204,3204,3204,25,20,23.809524536132813,18.18181800842285,0,0,0,0,5.141408920288086,8589934592,2147483648,5883691008,366018560
205,1772015582981,3204,3204,3204,3204,3204,3204,3204,3204,23.809524536132813,27.272727966308594,33.333335876464844,20,18.18181800842285,4.761904716491699,4.761904716491699,0,5.141408920288086,8589934592,2147483648,5874384896,366018560
201,1772015583187,3204,3204,3204,3204,3204,3204,3204,3204,23.809524536132813,30.000001907348633,19.047618865966797,14.285715103149414,0,0,0,0,5.141408920288086,8589934592,2147483648,5873909760,366018560
208,1772015583389,3204,3204,3204,3204,3204,3204,3204,3204,21.052631378173828,28.571430206298828,26.3157901763916,15.000000953674316,0,5,0,4.761904716491699,5.137267589569092,8589934592,2147483648,5863768064,366018560
209,1772015583598,3204,3204,3204,3204,3204,3204,3204,3204,28.571430206298828,20,31.81818199157715,19.047618865966797,4.761904716491699,4.761904716491699,4.761904716491699,0,5.137267589569092,8589934592,2147483648,5863096320,366018560
206,1772015583808,3204,3204,3204,3204,3204,3204,3204,3204,33.333335876464844,15.000000953674316,20,9.523809432983398,4.545454502105713,0,0,0,5.137267589569092,8589934592,2147483648,5862572032,366018560
209,1772015584015,3204,3204,3204,3204,3204,3204,3204,3204,20,27.272727966308594,23.809524536132813,15.000000953674316,14.285715103149414,9.523809432983398,13.636363983154297,5,5.137267589569092,8589934592,2147483648,5861408768,366018560
206,1772015584224,3204,3204,3204,3204,3204,3204,3204,3204,23.809524536132813,15.000000953674316,19.047618865966797,14.285715103149414,5,9.523809432983398,4.761904716491699,4.545454502105713,5.137267589569092,8589934592,2147483648,5861408768,366018560
206,1772015584431,3204,3204,3204,3204,3204,3204,3204,3204,23.809524536132813,19.047618865966797,15.000000953674316,23.809524536132813,4.761904716491699,10,0,0,5.096148490905762,8589934592,2147483648,5864816640,366018560
208,1772015584638,3204,3204,3204,3204,3204,3204,3204,3204,20,23.809524536132813,19.047618865966797,20,4.761904716491699,4.761904716491699,4.761904716491699,4.761904716491699,5.096148490905762,8589934592,2147483648,5865193472,366018560
199,1772015584848,3204,3204,3204,3204,3204,3204,3204,3204,23.809524536132813,20,15.000000953674316,27.272727966308594,5,4.761904716491699,4.761904716491699,4.761904716491699,5.096148490905762,8589934592,2147483648,5865160704,366018560
208,1772015585048,3204,3204,3204,3204,3204,3204,3204,3204,33.333335876464844,30.000001907348633,33.333335876464844,21.052631378173828,14.285715103149414,5.263157844543457,5.263157844543457,10,5.096148490905762,8589934592,2147483648,5877088256,366018560
206,1772015585256,3204,3204,3204,3204,3204,3204,3204,3204,20,20,19.047618865966797,23.809524536132813,0,4.545454502105713,0,0,5.096148490905762,8589934592,2147483648,5861998592,366018560
201,1772015585463,3204,3204,3204,3204,3204,3204,3204,3204,25,22.72727394104004,20,19.047618865966797,9.523809432983398,9.523809432983398,4.761904716491699,4.761904716491699,5.170376777648926,8589934592,2147483648,5871271936,366018560
202,1772015585665,3204,3204,3204,3204,3204,3204,3204,3204,20,20,23.809524536132813,26.3157901763916,5,5,5,0,5.170376777648926,8589934592,2147483648,5867520000,366018560
209,1772015585868,3204,3204,3204,3204,3204,3204,3204,3204,20,30.000001907348633,20,23.809524536132813,9.523809432983398,20,0,0,5.170376777648926,8589934592,2147483648,5865291776,366018560
204,1772015586078,3204,3204,3204,3204,3204,3204,3204,3204,23.809524536132813,25,20,19.047618865966797,4.761904716491699,9.090909004211426,0,4.761904716491699,5.170376777648926,8589934592,2147483648,5867618304,366018560
203,1772015586283,3204,3204,3204,3204,3204,3204,3204,3204,25,19.047618865966797,25,15.000000953674316,0,0,0,0,5.170376777648926,8589934592,2147483648,5865422848,366018560
208,1772015586487,3204,3204,3204,3204,3204,3204,3204,3204,23.809524536132813,25,28.571430206298828,10,0,0,0,0,5.36381721496582,8589934592,2147483648,5867601920,366018560
201,1772015586696,3204,3204,3204,3204,3204,3204,3204,3204,28.571430206298828,19.047618865966797,25,19.047618865966797,0,0,0,0,5.36381721496582,8589934592,2147483648,5867061248,366018560
205,1772015586897,3204,3204,3204,3204,3204,3204,3204,3204,26.3157901763916,25,25,15.000000953674316,0,0,0,0,5.36381721496582,8589934592,2147483648,5866504192,366018560
209,1772015587103,3204,3204,3204,3204,3204,3204,3204,3204,31.81818199157715,25,31.81818199157715,19.047618865966797,19.047618865966797,9.523809432983398,9.090909004211426,0,5.36381721496582,8589934592,2147483648,5874597888,366018560
208,1772015587313,3204,3204,3204,3204,3204,3204,3204,3204,20,20,23.809524536132813,14.285715103149414,4.761904716491699,0,4.761904716491699,4.545454502105713,5.36381721496582,8589934592,2147483648,5865340928,366018560
200,1772015587523,3204,3204,3204,3204,3204,3204,3204,3204,28.571430206298828,31.81818199157715,20,23.809524536132813,0,0,0,0,5.1978936195373535,8589934592,2147483648,5907841024,366018560
205,1772015587723,3204,3204,3204,3204,3204,3204,3204,3204,20,30.000001907348633,20,10,0,0,0,0,5.1978936195373535,8589934592,2147483648,5907300352,366018560
202,1772015587929,3204,3204,3204,3204,3204,3204,3204,3204,25,25,28.571430206298828,15.789472579956055,4.761904716491699,4.761904716491699,0,0,5.1978936195373535,8589934592,2147483648,5907300352,366018560
204,1772015588132,3204,3204,3204,3204,3204,3204,3204,3204,40,25,20,19.047618865966797,5.263157844543457,5,5,5,5.1978936195373535,8589934592,2147483648,5907300352,366018560
207,1772015588338,3204,3204,3204,3204,3204,3204,3204,3204,35,45.45454788208008,35,28.571430206298828,4.761904716491699,9.090909004211426,4.761904716491699,4.761904716491699,5.363226413726807,8589934592,2147483648,5907300352,366018560
202,1772015588545,3204,3204,3204,3204,3204,3204,3204,3204,45.45454788208008,35,35,33.333335876464844,31.81818199157715,30.000001907348633,28.571430206298828,25,5.363226413726807,8589934592,2147483648,5903777792,366018560
207,1772015588749,3204,3204,3204,3204,3204,3204,3204,3204,10.526315689086914,10.526315689086914,19.047618865966797,10,5.263157844543457,5,0,4.761904716491699,5.363226413726807,8589934592,2147483648,5902925824,366018560
209,1772015588957,3204,3204,3204,3204,3204,3204,3204,3204,25,23.809524536132813,30.000001907348633,15.000000953674316,14.285715103149414,9.523809432983398,9.090909004211426,4.761904716491699,5.363226413726807,8589934592,2147483648,5902925824,366018560
204,1772015589167,3204,3204,3204,3204,3204,3204,3204,3204,27.272727966308594,23.809524536132813,19.047618865966797,14.285715103149414,4.761904716491699,0,4.761904716491699,4.761904716491699,5.363226413726807,8589934592,2147483648,5902925824,366018560
208,1772015589371,3204,3204,3204,3204,3204,3204,3204,3204,20,23.809524536132813,19.047618865966797,9.523809432983398,20,23.809524536132813,9.523809432983398,5,5.297191143035889,8589934592,2147483648,5902925824,366018560
200,1772015589580,3204,3204,3204,3204,3204,3204,3204,3204,27.272727966308594,28.571430206298828,15.000000953674316,15.000000953674316,4.761904716491699,4.761904716491699,4.761904716491699,4.761904716491699,5.297191143035889,8589934592,2147483648,5885837312,366018560
206,1772015589781,3204,3204,3204,3204,3204,3204,3204,3204,21.052631378173828,21.052631378173828,23.809524536132813,15.000000953674316,5,5,0,4.761904716491699,5.297191143035889,8589934592,2147483648,5885427712,366018560
209,1772015589988,3204,3204,3204,3204,3204,3204,3204,3204,33.333335876464844,33.333335876464844,20,14.285715103149414,0,0,4.761904716491699,0,5.297191143035889,8589934592,2147483648,5886050304,366018560
206,1772015590198,3204,3204,3204,3204,3204,3204,3204,3204,28.571430206298828,22.72727394104004,31.81818199157715,14.285715103149414,9.090909004211426,9.090909004211426,5,9.523809432983398,5.297191143035889,8589934592,2147483648,5896896512,366018560
208,1772015590404,3204,3204,3204,3204,3204,3204,3204,3204,15.000000953674316,15.789472579956055,10.526315689086914,5,30.000001907348633,20,27.272727966308594,20,5.927173614501953,8589934592,2147483648,5913657344,366018560
209,1772015590613,3204,3204,3204,3204,3204,3204,3204,3204,25,23.809524536132813,14.285715103149414,14.285715103149414,4.761904716491699,4.761904716491699,0,0,5.927173614501953,8589934592,2147483648,5906104320,366018560
209,1772015590823,3204,3204,3204,3204,3204,3204,3204,3204,28.571430206298828,28.571430206298828,22.72727394104004,23.809524536132813,4.761904716491699,23.809524536132813,0,0,5.927173614501953,8589934592,2147483648,5903695872,366018560
206,1772015591033,3204,3204,3204,3204,3204,3204,3204,3204,28.571430206298828,28.571430206298828,14.285715103149414,19.047618865966797,4.761904716491699,4.761904716491699,4.545454502105713,4.761904716491699,5.927173614501953,8589934592,2147483648,5906251776,366018560
207,1772015591241,3204,3204,3204,3204,3204,3204,3204,3204,20,19.047618865966797,21.052631378173828,14.285715103149414,4.761904716491699,0,0,0,5.927173614501953,8589934592,2147483648,5905793024,366018560
208,1772015591449,3204,3204,3204,3204,3204,3204,3204,3204,27.272727966308594,23.809524536132813,19.047618865966797,20,14.285715103149414,5,4.761904716491699,4.761904716491699,5.868495941162109,8589934592,2147483648,5911937024,366018560
205,1772015591658,3204,3204,3204,3204,3204,3204,3204,3204,23.809524536132813,30.000001907348633,27.272727966308594,31.81818199157715,0,4.545454502105713,0,0,5.868495941162109,8589934592,2147483648,5890637824,366018560
206,1772015591865,3204,3204,3204,3204,3204,3204,3204,3204,20,10,19.047618865966797,21.052631378173828,0,0,0,0,5.868495941162109,8589934592,2147483648,5889884160,366018560
206,1772015592072,3204,3204,3204,3204,3204,3204,3204,3204,20,23.809524536132813,10.526315689086914,27.272727966308594,4.761904716491699,0,0,0,5.868495941162109,8589934592,2147483648,5891227648,366018560
207,1772015592279,3204,3204,3204,3204,3204,3204,3204,3204,23.809524536132813,28.571430206298828,19.047618865966797,23.809524536132813,4.761904716491699,14.285715103149414,5,14.285715103149414,5.868495941162109,8589934592,2147483648,5897863168,366018560
209,1772015592487,3204,3204,3204,3204,3204,3204,3204,3204,23.809524536132813,14.285715103149414,9.523809432983398,0,28.571430206298828,28.571430206298828,19.047618865966797,19.047618865966797,5.421538352966309,8589934592,2147483648,5883985920,366018560
200,1772015592697,3204,3204,3204,3204,3204,3204,3204,3204,23.809524536132813,30.000001907348633,15.000000953674316,13.636363983154297,5,5,4.761904716491699,4.761904716491699,5.421538352966309,8589934592,2147483648,5883772928,366018560
205,1772015592898,3204,3204,3204,3204,3204,3204,3204,3204,15.789472579956055,35,20,19.047618865966797,0,0,0,0,5.421538352966309,8589934592,2147483648,5883248640,366018560
209,1772015593104,3204,3204,3204,3204,3204,3204,3204,3204,23.809524536132813,33.333335876464844,19.047618865966797,15.000000953674316,4.761904716491699,4.761904716491699,0,0,5.421538352966309,8589934592,2147483648,5882478592,366018560
209,1772015593315,3204,3204,3204,3204,3204,3204,3204,3204,23.809524536132813,28.571430206298828,19.047618865966797,10,4.761904716491699,4.761904716491699,4.761904716491699,4.761904716491699,5.421538352966309,8589934592,2147483648,5881937920,366018560
209,1772015593524,3204,3204,3204,3204,3204,3204,3204,3204,25,33.333335876464844,28.571430206298828,23.809524536132813,4.761904716491699,9.523809432983398,0,0,5.4262285232543945,8589934592,2147483648,5885558784,366018560
209,1772015593734,3204,3204,3204,3204,3204,3204,3204,3204,38.095237731933594,25,28.571430206298828,22.72727394104004,4.761904716491699,4.761904716491699,4.545454502105713,4.545454502105713,5.4262285232543945,8589934592,2147483648,5858426880,366018560
208,1772015593945,3204,3204,3204,3204,3204,3204,3204,3204,27.272727966308594,23.809524536132813,19.047618865966797,10,0,0,0,0,5.4262285232543945,8589934592,2147483648,5858410496,366018560
204,1772015594154,3204,3204,3204,3204,3204,3204,3204,3204,33.333335876464844,23.809524536132813,14.285715103149414,27.272727966308594,14.285715103149414,4.761904716491699,4.761904716491699,0,5.4262285232543945,8589934592,2147483648,5860704256,366018560
205,1772015594359,3204,3204,3204,3204,3204,3204,3204,3204,15.000000953674316,15.000000953674316,15.000000953674316,20,14.285715103149414,0,9.523809432983398,4.761904716491699,5.470792770385742,8589934592,2147483648,5860704256,366018560
203,1772015594565,3204,3204,3204,3204,3204,3204,3204,3204,28.571430206298828,14.285715103149414,23.809524536132813,10.526315689086914,0,9.090909004211426,4.761904716491699,0,5.470792770385742,8589934592,2147483648,5860704256,366018560
207,1772015594769,3204,3204,3204,3204,3204,3204,3204,3204,25,23.809524536132813,21.052631378173828,19.047618865966797,4.761904716491699,0,0,0,5.470792770385742,8589934592,2147483648,5849104384,366018560
208,1772015594978,3204,3204,3204,3204,3204,3204,3204,3204,30.000001907348633,25,19.047618865966797,14.285715103149414,5.263157844543457,9.523809432983398,4.761904716491699,4.761904716491699,5.470792770385742,8589934592,2147483648,5849251840,366018560
201,1772015595187,3204,3204,3204,3204,3204,3204,3204,3204,23.809524536132813,23.809524536132813,27.272727966308594,23.809524536132813,13.636363983154297,4.761904716491699,5,4.761904716491699,5.470792770385742,8589934592,2147483648,5849120768,366018560
208,1772015595389,3204,3204,3204,3204,3204,3204,3204,3204,50,40,26.3157901763916,25,10,14.285715103149414,5,9.523809432983398,5.367424964904785,8589934592,2147483648,5864488960,366018560
203,1772015595598,3204,3204,3204,3204,3204,3204,3204,3204,23.809524536132813,28.571430206298828,31.81818199157715,14.285715103149414,0,0,4.761904716491699,0,5.367424964904785,8589934592,2147483648,5863276544,366018560
209,1772015595802,3204,3204,3204,3204,3204,3204,3204,3204,20,25,36.842105865478516,20,26.3157901763916,15.000000953674316,14.285715103149414,5,5.367424964904785,8589934592,2147483648,5847646208,366018560
208,1772015596012,3204,3204,3204,3204,3204,3204,3204,3204,23.809524536132813,33.333335876464844,19.047618865966797,14.285715103149414,13.043478012084961,9.090909004211426,4.761904716491699,4.761904716491699,5.367424964904785,8589934592,2147483648,5848023040,366018560
209,1772015596221,3204,3204,3204,3204,3204,3204,3204,3204,25,30.000001907348633,18.18181800842285,15.000000953674316,0,4.761904716491699,4.761904716491699,0,5.367424964904785,8589934592,2147483648,5850038272,366018560
209,1772015596431,3204,3204,3204,3204,3204,3204,3204,3204,23.809524536132813,28.571430206298828,15.000000953674316,18.18181800842285,4.761904716491699,0,0,4.761904716491699,5.5263237953186035,8589934592,2147483648,5847826432,366018560
206,1772015596641,3204,3204,3204,3204,3204,3204,3204,3204,33.333335876464844,28.571430206298828,19.047618865966797,20,4.545454502105713,0,0,0,5.5263237953186035,8589934592,2147483648,5849956352,366018560
209,1772015596848,3204,3204,3204,3204,3204,3204,3204,3204,28.571430206298828,19.047618865966797,19.047618865966797,28.571430206298828,0,4.761904716491699,4.761904716491699,0,5.5263237953186035,8589934592,2147483648,5849366528,366018560
206,1772015597058,3204,3204,3204,3204,3204,3204,3204,3204,20,19.047618865966797,15.000000953674316,33.333335876464844,0,0,0,4.545454502105713,5.5263237953186035,8589934592,2147483648,5850300416,366018560
207,1772015597265,3204,3204,3204,3204,3204,3204,3204,3204,23.809524536132813,20,19.047618865966797,25,4.761904716491699,4.761904716491699,0,0,5.5263237953186035,8589934592,2147483648,5849759744,366018560
207,1772015597473,3204,3204,3204,3204,3204,3204,3204,3204,19.047618865966797,23.809524536132813,14.285715103149414,27.272727966308594,9.090909004211426,0,4.761904716491699,4.761904716491699,5.648738384246826,8589934592,2147483648,5848711168,366018560
204,1772015597681,3204,3204,3204,3204,3204,3204,3204,3204,35,25,19.047618865966797,15.000000953674316,0,0,0,0,5.648738384246826,8589934592,2147483648,5849563136,366018560
207,1772015597886,3204,3204,3204,3204,3204,3204,3204,3204,33.333335876464844,28.571430206298828,20,19.047618865966797,5,5,0,0,5.648738384246826,8589934592,2147483648,5858476032,366018560
203,1772015598094,3204,3204,3204,3204,3204,3204,3204,3204,35,33.333335876464844,15.000000953674316,15.000000953674316,4.761904716491699,0,4.545454502105713,0,5.648738384246826,8589934592,2147483648,5845417984,366018560
209,1772015598298,3204,3204,3204,3204,3204,3204,3204,3204,28.571430206298828,30.000001907348633,19.047618865966797,14.285715103149414,0,0,0,0,5.648738384246826,8589934592,2147483648,5845434368,366018560
206,1772015598508,3204,3204,3204,3204,3204,3204,3204,3204,30.000001907348633,28.571430206298828,19.047618865966797,20,0,9.090909004211426,0,4.761904716491699,5.231843948364258,8589934592,2147483648,5845581824,366018560
206,1772015598715,3204,3204,3204,3204,3204,3204,3204,3204,28.571430206298828,23.809524536132813,20,23.809524536132813,4.545454502105713,0,0,0,5.231843948364258,8589934592,2147483648,5846417408,366018560
209,1772015598921,3204,3204,3204,3204,3204,3204,3204,3204,15.000000953674316,21.052631378173828,14.285715103149414,19.047618865966797,0,0,0,0,5.231843948364258,8589934592,2147483648,5845876736,366018560
206,1772015599132,3204,3204,3204,3204,3204,3204,3204,3204,22.72727394104004,27.272727966308594,19.047618865966797,28.571430206298828,5,9.090909004211426,4.761904716491699,4.545454502105713,5.231843948364258,8589934592,2147483648,5845893120,366018560
208,1772015599339,3204,3204,3204,3204,3204,3204,3204,3204,30.000001907348633,28.571430206298828,15.000000953674316,10,0,0,0,0,5.169197082519531,8589934592,2147483648,5845942272,366018560
207,1772015599548,3204,3204,3204,3204,3204,3204,3204,3204,22.72727394104004,23.809524536132813,18.18181800842285,9.523809432983398,18.18181800842285,0,14.285715103149414,0,5.169197082519531,8589934592,2147483648,5845942272,366018560
201,1772015599756,3204,3204,3204,3204,3204,3204,3204,3204,25,25,26.3157901763916,23.809524536132813,0,4.761904716491699,0,9.090909004211426,5.169197082519531,8589934592,2147483648,5845942272,366018560
209,1772015599958,3204,3204,3204,3204,3204,3204,3204,3204,25,25,23.809524536132813,15.000000953674316,9.523809432983398,0,4.761904716491699,0,5.169197082519531,8589934592,2147483648,5859115008,366018560
204,1772015600168,3204,3204,3204,3204,3204,3204,3204,3204,28.571430206298828,31.81818199157715,23.809524536132813,14.285715103149414,0,0,0,0,5.169197082519531,8589934592,2147483648,5850759168,366018560
209,1772015600373,3204,3204,3204,3204,3204,3204,3204,3204,23.809524536132813,20,23.809524536132813,23.809524536132813,9.090909004211426,4.761904716491699,0,0,5.171411991119385,8589934592,2147483648,5850759168,366018560
200,1772015600583,3204,3204,3204,3204,3204,3204,3204,3204,21.052631378173828,20,19.047618865966797,25,0,0,0,0,5.171411991119385,8589934592,2147483648,5850759168,366018560
209,1772015600784,3204,3204,3204,3204,3204,3204,3204,3204,28.571430206298828,28.571430206298828,15.789472579956055,30.000001907348633,5.263157844543457,10,5,0,5.171411991119385,8589934592,2147483648,5850759168,366018560
208,1772015600994,3204,3204,3204,3204,3204,3204,3204,3204,33.333335876464844,28.571430206298828,23.809524536132813,19.047618865966797,9.523809432983398,4.761904716491699,4.761904716491699,0,5.171411991119385,8589934592,2147483648,5848367104,366018560
209,1772015601202,3204,3204,3204,3204,3204,3204,3204,3204,28.571430206298828,20,27.272727966308594,23.809524536132813,4.761904716491699,4.761904716491699,0,4.761904716491699,5.171411991119385,8589934592,2147483648,5850906624,366018560
205,1772015601413,3204,3204,3204,3204,3204,3204,3204,3204,28.571430206298828,28.571430206298828,15.789472579956055,10,10,10,9.523809432983398,4.761904716491699,5.1210479736328125,8589934592,2147483648,5850906624,366018560
204,1772015601618,3204,3204,3204,3204,3204,3204,3204,3204,31.57894515991211,21.052631378173828,14.285715103149414,14.285715103149414,4.761904716491699,4.761904716491699,4.761904716491699,4.761904716491699,5.1210479736328125,8589934592,2147483648,5850906624,366018560
207,1772015601823,3204,3204,3204,3204,3204,3204,3204,3204,27.272727966308594,40.90909194946289,27.272727966308594,19.047618865966797,9.090909004211426,0,0,0,5.1210479736328125,8589934592,2147483648,5850906624,366018560
208,1772015602031,3204,3204,3204,3204,3204,3204,3204,3204,20,38.095237731933594,15.789472579956055,15.000000953674316,5,9.090909004211426,4.761904716491699,4.761904716491699,5.1210479736328125,8589934592,2147483648,5849972736,366018560
206,1772015602240,3204,3204,3204,3204,3204,3204,3204,3204,28.571430206298828,21.052631378173828,19.047618865966797,14.285715103149414,5,4.761904716491699,0,0,5.1210479736328125,8589934592,2147483648,5837406208,366018560
206,1772015602448,3204,3204,3204,3204,3204,3204,3204,3204,28.571430206298828,28.571430206298828,19.047618865966797,19.047618865966797,5,5,4.761904716491699,0,5.25832986831665,8589934592,2147483648,5837144064,366018560
209,1772015602654,3204,3204,3204,3204,3204,3204,3204,3204,28.571430206298828,23.809524536132813,19.047618865966797,14.285715103149414,13.636363983154297,9.523809432983398,5,4.761904716491699,5.25832986831665,8589934592,2147483648,5837520896,366018560
205,1772015602865,3204,3204,3204,3204,3204,3204,3204,3204,30.000001907348633,23.809524536132813,15.000000953674316,10,0,0,0,0,5.25832986831665,8589934592,2147483648,5837406208,366018560
213,1772015603071,3204,3204,3204,3204,3204,3204,3204,3204,33.333335876464844,20,19.047618865966797,22.72727394104004,0,0,0,0,5.25832986831665,8589934592,2147483648,5836849152,366018560
209,1772015603286,3204,3204,3204,3204,3204,3204,3204,3204,45,40.90909194946289,38.095237731933594,30.000001907348633,19.047618865966797,14.285715103149414,19.047618865966797,18.18181800842285,5.25832986831665,8589934592,2147483648,5837799424,366018560
206,1772015603496,3204,3204,3204,3204,3204,3204,3204,3204,23.809524536132813,9.523809432983398,9.090909004211426,14.285715103149414,10,14.285715103149414,9.090909004211426,5,5.295719623565674,8589934592,2147483648,5837438976,366018560
206,1772015603702,3204,3204,3204,3204,3204,3204,3204,3204,28.571430206298828,23.809524536132813,20,20,4.761904716491699,5,5,4.761904716491699,5.295719623565674,8589934592,2147483648,5837438976,366018560
209,1772015603909,3204,3204,3204,3204,3204,3204,3204,3204,23.809524536132813,23.809524536132813,19.047618865966797,27.272727966308594,4.761904716491699,0,0,0,5.295719623565674,8589934592,2147483648,5837438976,366018560
207,1772015604119,3204,3204,3204,3204,3204,3204,3204,3204,19.047618865966797,19.047618865966797,14.285715103149414,23.809524536132813,9.090909004211426,4.761904716491699,9.090909004211426,0,5.295719623565674,8589934592,2147483648,5837242368,366018560
205,1772015604327,3204,3204,3204,3204,3204,3204,3204,3204,40,30.000001907348633,30.000001907348633,35,20,23.809524536132813,20,19.047618865966797,5.519115447998047,8589934592,2147483648,5847285760,366018560
209,1772015604533,3204,3204,3204,3204,3204,3204,3204,3204,19.047618865966797,20,10,23.809524536132813,19.047618865966797,5,0,4.761904716491699,5.519115447998047,8589934592,2147483648,5822382080,366018560
208,1772015604744,3204,3204,3204,3204,3204,3204,3204,3204,20,28.571430206298828,19.047618865966797,15.000000953674316,0,0,0,0,5.519115447998047,8589934592,2147483648,5841780736,366018560
209,1772015604952,3204,3204,3204,3204,3204,3204,3204,3204,33.333335876464844,27.272727966308594,19.047618865966797,18.18181800842285,0,4.545454502105713,4.761904716491699,0,5.519115447998047,8589934592,2147483648,5841567744,366018560
209,1772015605162,3204,3204,3204,3204,3204,3204,3204,3204,31.81818199157715,20,14.285715103149414,14.285715103149414,0,4.545454502105713,0,0,5.519115447998047,8589934592,2147483648,5842370560,366018560
207,1772015605372,3204,3204,3204,3204,3204,3204,3204,3204,28.571430206298828,20,23.809524536132813,19.047618865966797,4.545454502105713,0,0,0,5.586145401000977,8589934592,2147483648,5842337792,366018560
200,1772015605580,3204,3204,3204,3204,3204,3204,3204,3204,30.000001907348633,28.571430206298828,19.047618865966797,10.526315689086914,5,5,4.761904716491699,4.761904716491699,5.586145401000977,8589934592,2147483648,5841682432,366018560
209,1772015605781,3204,3204,3204,3204,3204,3204,3204,3204,40,20,20,19.047618865966797,5,10,0,10,5.586145401000977,8589934592,2147483648,5838323712,366018560
206,1772015605991,3204,3204,3204,3204,3204,3204,3204,3204,28.571430206298828,27.272727966308594,20,14.285715103149414,4.545454502105713,0,0,9.090909004211426,5.586145401000977,8589934592,2147483648,5835440128,366018560
206,1772015606198,3204,3204,3204,3204,3204,3204,3204,3204,25,35,19.047618865966797,15.000000953674316,0,0,4.761904716491699,0,5.586145401000977,8589934592,2147483648,5835816960,366018560
209,1772015606404,3204,3204,3204,3204,3204,3204,3204,3204,31.81818199157715,23.809524536132813,22.72727394104004,14.285715103149414,5,4.761904716491699,0,5,5.095223903656006,8589934592,2147483648,5846401024,366018560
209,1772015606614,3204,3204,3204,3204,3204,3204,3204,3204,30.000001907348633,25,20,19.047618865966797,4.545454502105713,0,0,0,5.095223903656006,8589934592,2147483648,5832654848,366018560
205,1772015606825,3204,3204,3204,3204,3204,3204,3204,3204,25,28.571430206298828,20,19.047618865966797,4.761904716491699,4.761904716491699,4.761904716491699,4.545454502105713,5.095223903656006,8589934592,2147483648,5835161600,366018560
208,1772015607031,3204,3204,3204,3204,3204,3204,3204,3204,23.809524536132813,21.052631378173828,14.285715103149414,15.000000953674316,4.761904716491699,0,0,0,5.095223903656006,8589934592,2147483648,5834899456,366018560
200,1772015607239,3204,3204,3204,3204,3204,3204,3204,3204,20,27.272727966308594,33.333335876464844,19.047618865966797,5,4.761904716491699,4.761904716491699,4.761904716491699,5.095223903656006,8589934592,2147483648,5835472896,366018560
201,1772015607440,3204,3204,3204,3204,3204,3204,3204,3204,28.571430206298828,25,15.789472579956055,20,5,5,9.090909004211426,0,5.140159606933594,8589934592,2147483648,5835374592,366018560
205,1772015607642,3204,3204,3204,3204,3204,3204,3204,3204,20,30.000001907348633,19.047618865966797,15.000000953674316,0,0,0,0,5.140159606933594,8589934592,2147483648,5834653696,366018560
209,1772015607848,3204,3204,3204,3204,3204,3204,3204,3204,25,33.333335876464844,23.809524536132813,23.809524536132813,4.761904716491699,4.761904716491699,5,5,5.140159606933594,8589934592,2147483648,5835063296,366018560
208,1772015608058,3204,3204,3204,3204,3204,3204,3204,3204,23.809524536132813,28.571430206298828,10.526315689086914,14.285715103149414,0,0,0,0,5.140159606933594,8589934592,2147483648,5834588160,366018560
201,1772015608267,3204,3204,3204,3204,3204,3204,3204,3204,28.571430206298828,25,22.72727394104004,14.285715103149414,0,4.545454502105713,0,4.545454502105713,5.140159606933594,8589934592,2147483648,5834981376,366018560
204,1772015608469,3204,3204,3204,3204,3204,3204,3204,3204,26.3157901763916,28.571430206298828,20,15.000000953674316,5,4.761904716491699,0,0,5.263281345367432,8589934592,2147483648,5834817536,366018560
207,1772015608673,3204,3204,3204,3204,3204,3204,3204,3204,30.000001907348633,20,20,15.000000953674316,9.523809432983398,5,4.761904716491699,0,5.263281345367432,8589934592,2147483648,5834817536,366018560
203,1772015608881,3204,3204,3204,3204,3204,3204,3204,3204,36.3636360168457,20,23.809524536132813,18.18181800842285,4.761904716491699,0,0,4.761904716491699,5.263281345367432,8589934592,2147483648,5834817536,366018560
201,1772015609084,3204,3204,3204,3204,3204,3204,3204,3204,30.000001907348633,19.047618865966797,23.809524536132813,10.526315689086914,5,4.761904716491699,5,0,5.263281345367432,8589934592,2147483648,5834817536,366018560
209,1772015609286,3204,3204,3204,3204,3204,3204,3204,3204,26.3157901763916,30.000001907348633,20,20,0,0,0,0,5.263281345367432,8589934592,2147483648,5835980800,366018560
201,1772015609496,3204,3204,3204,3204,3204,3204,3204,3204,28.571430206298828,20,20,14.285715103149414,14.285715103149414,4.545454502105713,4.761904716491699,9.090909004211426,5.0897722244262695,8589934592,2147483648,5835669504,366018560
201,1772015609698,3204,3204,3204,3204,3204,3204,3204,3204,23.809524536132813,20,14.285715103149414,5,10,10,4.761904716491699,0,5.0897722244262695,8589934592,2147483648,5836800000,366018560
206,1772015609900,3204,3204,3204,3204,3204,3204,3204,3204,23.809524536132813,28.571430206298828,26.3157901763916,19.047618865966797,5,5,5,5,5.0897722244262695,8589934592,2147483648,5839405056,366018560
208,1772015610107,3204,3204,3204,3204,3204,3204,3204,3204,25,23.809524536132813,23.809524536132813,21.052631378173828,0,4.761904716491699,0,0,5.0897722244262695,8589934592,2147483648,5839405056,366018560
203,1772015610316,3204,3204,3204,3204,3204,3204,3204,3204,30.000001907348633,23.809524536132813,27.272727966308594,23.809524536132813,4.761904716491699,0,0,4.761904716491699,5.0897722244262695,8589934592,2147483648,5841551360,366018560
202,1772015610519,3204,3204,3204,3204,3204,3204,3204,3204,30.000001907348633,20,15.789472579956055,14.285715103149414,0,0,0,0,5.1980204582214355,8589934592,2147483648,5840404480,366018560
208,1772015610722,3204,3204,3204,3204,3204,3204,3204,3204,22.72727394104004,15.789472579956055,25,10.526315689086914,14.285715103149414,5,5,5.263157844543457,5.1980204582214355,8589934592,2147483648,5845532672,366018560
209,1772015610931,3204,3204,3204,3204,3204,3204,3204,3204,25,22.72727394104004,23.809524536132813,18.18181800842285,15.000000953674316,14.285715103149414,0,0,5.1980204582214355,8589934592,2147483648,5845532672,366018560
205,1772015611141,3204,3204,3204,3204,3204,3204,3204,3204,33.333335876464844,30.000001907348633,31.81818199157715,23.809524536132813,4.761904716491699,4.761904716491699,4.761904716491699,4.761904716491699,5.1980204582214355,8589934592,2147483648,5845532672,366018560
199,1772015611348,3204,3204,3204,3204,3204,3204,3204,3204,65,71.42857360839844,63.15789031982422,61.904762268066406,0,0,0,0,5.108428478240967,8589934592,2147483648,5844926464,366018560
202,1772015611548,3204,3204,3204,3204,3204,3204,3204,3204,47.619049072265625,45,33.333335876464844,42.105262756347656,15.789472579956055,15.789472579956055,5,0,5.108428478240967,8589934592,2147483648,5844434944,366018560
209,1772015611750,3204,3204,3204,3204,3204,3204,3204,3204,63.15789031982422,55,50,47.619049072265625,10,13.636363983154297,5,4.761904716491699,5.108428478240967,8589934592,2147483648,5839994880,366018560
207,1772015611960,3204,3204,3204,3204,3204,3204,3204,3204,40,42.85714340209961,38.095237731933594,30.000001907348633,4.545454502105713,0,4.545454502105713,0,5.108428478240967,8589934592,2147483648,5831098368,366018560
203,1772015612169,3204,3204,3204,3204,3204,3204,3204,3204,38.095237731933594,30.000001907348633,38.095237731933594,23.809524536132813,0,0,0,4.545454502105713,5.108428478240967,8589934592,2147483648,5836668928,366018560
209,1772015612372,3204,3204,3204,3204,3204,3204,3204,3204,66.66667175292969,66.66667175292969,65,61.904762268066406,4.761904716491699,5,4.761904716491699,0,5.449414253234863,8589934592,2147483648,5847760896,366018560
208,1772015612583,3204,3204,3204,3204,3204,3204,3204,3204,75,57.142860412597656,71.42857360839844,57.142860412597656,0,0,0,0,5.449414253234863,8589934592,2147483648,5846466560,366018560
209,1772015612792,3204,3204,3204,3204,3204,3204,3204,3204,52.38095474243164,50,47.619049072265625,52.38095474243164,9.523809432983398,0,0,0,5.449414253234863,8589934592,2147483648,5854330880,366018560
209,1772015613002,3204,3204,3204,3204,3204,3204,3204,3204,59.09090805053711,63.6363639831543,57.142860412597656,55,9.523809432983398,9.523809432983398,4.761904716491699,4.761904716491699,5.449414253234863,8589934592,2147483648,5845696512,366018560
199,1772015613213,3204,3204,3204,3204,3204,3204,3204,3204,40,47.619049072265625,38.095237731933594,28.571430206298828,0,0,0,0,5.449414253234863,8589934592,2147483648,5845696512,366018560
207,1772015613414,3204,3204,3204,3204,3204,3204,3204,3204,60.000003814697266,50,55,61.904762268066406,0,0,0,0,6.168987274169922,8589934592,2147483648,5848137728,366018560
208,1772015613622,3204,3204,3204,3204,3204,3204,3204,3204,61.904762268066406,55,50,47.36842346191406,0,0,0,0,6.168987274169922,8589934592,2147483648,5846908928,366018560
202,1772015613832,3204,3204,3204,3204,3204,3204,3204,3204,52.38095474243164,50,50,50,0,0,0,0,6.168987274169922,8589934592,2147483648,5847597056,366018560
202,1772015614035,3204,3204,3204,3204,3204,3204,3204,3204,42.85714340209961,47.619049072265625,36.842105865478516,35,4.761904716491699,4.761904716491699,4.761904716491699,9.090909004211426,6.168987274169922,8589934592,2147483648,5846597632,366018560
205,1772015614239,3204,3204,3204,3204,3204,3204,3204,3204,35,42.85714340209961,33.333335876464844,28.571430206298828,5,5,0,0,6.168987274169922,8589934592,2147483648,5846106112,366018560
208,1772015614445,3204,3204,3204,3204,3204,3204,3204,3204,65,60.000003814697266,65,50,4.761904716491699,9.090909004211426,4.761904716491699,0,5.854621887207031,8589934592,2147483648,5848727552,366018560
206,1772015614655,3204,3204,3204,3204,3204,3204,3204,3204,47.619049072265625,55,47.619049072265625,33.333335876464844,9.523809432983398,4.761904716491699,0,9.090909004211426,5.854621887207031,8589934592,2147483648,5850841088,366018560
206,1772015614864,3204,3204,3204,3204,3204,3204,3204,3204,52.38095474243164,50,47.619049072265625,47.619049072265625,0,0,0,0,5.854621887207031,8589934592,2147483648,5853724672,366018560
206,1772015615072,3204,3204,3204,3204,3204,3204,3204,3204,40,47.619049072265625,47.619049072265625,40,5,0,0,0,5.854621887207031,8589934592,2147483648,5848612864,366018560
207,1772015615280,3204,3204,3204,3204,3204,3204,3204,3204,42.85714340209961,45,45,38.095237731933594,4.761904716491699,4.545454502105713,0,0,5.854621887207031,8589934592,2147483648,5849792512,366018560
208,1772015615488,3204,3204,3204,3204,3204,3204,3204,3204,61.904762268066406,52.38095474243164,52.38095474243164,57.142860412597656,0,0,0,0,5.908856391906738,8589934592,2147483648,5852348416,366018560
202,1772015615698,3204,3204,3204,3204,3204,3204,3204,3204,50,47.619049072265625,54.54545593261719,42.85714340209961,0,0,4.545454502105713,0,5.908856391906738,8589934592,2147483648,5847711744,366018560
209,1772015615901,3204,3204,3204,3204,3204,3204,3204,3204,57.142860412597656,65,55,55,10,30.000001907348633,0,5,5.908856391906738,8589934592,2147483648,5848121344,366018560
206,1772015616112,3204,3204,3204,3204,3204,3204,3204,3204,52.38095474243164,52.38095474243164,60.000003814697266,47.619049072265625,0,0,4.545454502105713,0,5.908856391906738,8589934592,2147483648,5838225408,366018560
204,1772015616319,3204,3204,3204,3204,3204,3204,3204,3204,30.000001907348633,28.571430206298828,33.333335876464844,19.047618865966797,0,0,0,0,5.908856391906738,8589934592,2147483648,5838225408,366018560
209,1772015616524,3204,3204,3204,3204,3204,3204,3204,3204,60.000003814697266,35,47.619049072265625,35,4.761904716491699,0,0,0,5.728086948394775,8589934592,2147483648,5840584704,366018560
201,1772015616734,3204,3204,3204,3204,3204,3204,3204,3204,27.272727966308594,25,15.000000953674316,19.047618865966797,5,5,5,4.761904716491699,5.728086948394775,8589934592,2147483648,5839814656,366018560
206,1772015616936,3204,3204,3204,3204,3204,3204,3204,3204,31.57894515991211,35,20,20,4.761904716491699,0,0,0,5.728086948394775,8589934592,2147483648,5843435520,366018560
209,1772015617143,3204,3204,3204,3204,3204,3204,3204,3204,28.571430206298828,33.333335876464844,20,15.000000953674316,10,14.285715103149414,9.523809432983398,5.263157844543457,5.728086948394775,8589934592,2147483648,5849890816,366018560
208,1772015617353,3204,3204,3204,3204,3204,3204,3204,3204,38.095237731933594,33.333335876464844,33.333335876464844,28.571430206298828,45.45454788208008,42.85714340209961,0,9.090909004211426,5.862137317657471,8589934592,2147483648,5858312192,366018560
200,1772015617562,3204,3204,3204,3204,3204,3204,3204,3204,19.047618865966797,28.571430206298828,19.047618865966797,19.047618865966797,38.095237731933594,28.571430206298828,5,33.333335876464844,5.862137317657471,8589934592,2147483648,5858902016,366018560
199,1772015617763,3204,3204,3204,3204,3204,3204,3204,3204,20,30.000001907348633,20,19.047618865966797,63.15789031982422,15.000000953674316,0,0,5.862137317657471,8589934592,2147483648,5841747968,366018560
200,1772015617963,3204,3204,3204,3204,3204,3204,3204,3204,30.000001907348633,30.000001907348633,20,15.789472579956055,71.42857360839844,5,0,10,5.862137317657471,8589934592,2147483648,5843992576,366018560
201,1772015618164,3204,3204,3204,3204,3204,3204,3204,3204,25,25,20,15.000000953674316,95,0,0,0,5.862137317657471,8589934592,2147483648,5843812352,366018560
209,1772015618367,3204,3204,3204,3204,3204,3204,3204,3204,35,30.000001907348633,35,25,55,5,4.761904716491699,0,5.547416687011719,8589934592,2147483648,5844451328,366018560
202,1772015618577,3204,3204,3204,3204,3204,3204,3204,3204,28.571430206298828,23.809524536132813,23.809524536132813,18.18181800842285,50,4.545454502105713,0,0,5.547416687011719,8589934592,2147483648,5845876736,366018560
200,1772015618780,3204,3204,3204,3204,3204,3204,3204,3204,21.052631378173828,20,23.809524536132813,15.789472579956055,57.142860412597656,0,4.545454502105713,0,5.547416687011719,8589934592,2147483648,5845155840,366018560
208,1772015618981,3204,3204,3204,3204,3204,3204,3204,3204,30.000001907348633,30.000001907348633,26.3157901763916,20,47.36842346191406,0,0,0,5.547416687011719,8589934592,2147483648,5844385792,366018560
206,1772015619190,3204,3204,3204,3204,3204,3204,3204,3204,27.272727966308594,20,28.571430206298828,14.285715103149414,31.81818199157715,5,15.000000953674316,4.761904716491699,5.547416687011719,8589934592,2147483648,5844074496,366018560
201,1772015619398,3204,3204,3204,3204,3204,3204,3204,3204,30.000001907348633,31.81818199157715,23.809524536132813,23.809524536132813,65,4.761904716491699,0,9.090909004211426,10.661179542541504,8589934592,2147483648,5844074496,366018560
209,1772015619600,3204,3204,3204,3204,3204,3204,3204,3204,15.000000953674316,20,20,10,35,50,10,15.000000953674316,10.661179542541504,8589934592,2147483648,5829345280,366018560
209,1772015619809,3204,3204,3204,3204,3204,3204,3204,3204,28.571430206298828,20,20,15.000000953674316,57.142860412597656,9.523809432983398,0,0,10.661179542541504,8589934592,2147483648,5829361664,366018560
202,1772015620019,3204,3204,3204,3204,3204,3204,3204,3204,28.571430206298828,30.000001907348633,27.272727966308594,19.047618865966797,59.09090805053711,14.285715103149414,0,0,10.661179542541504,8589934592,2147483648,5833293824,366018560
209,1772015620221,3204,3204,3204,3204,3204,3204,3204,3204,21.052631378173828,22.72727394104004,26.3157901763916,19.047618865966797,26.3157901763916,5,0,0,10.661179542541504,8589934592,2147483648,5832982528,366018560
209,1772015620432,3204,3204,3204,3204,3204,3204,3204,3204,28.571430206298828,23.809524536132813,27.272727966308594,15.000000953674316,63.6363639831543,4.545454502105713,0,0,7.852911949157715,8589934592,2147483648,5834031104,366018560
199,1772015620641,3204,3204,3204,3204,3204,3204,3204,3204,28.571430206298828,21.052631378173828,30.000001907348633,19.047618865966797,61.904762268066406,5,0,0,7.852911949157715,8589934592,2147483648,5833506816,366018560
205,1772015620841,3204,3204,3204,3204,3204,3204,3204,3204,31.57894515991211,23.809524536132813,25,23.809524536132813,31.57894515991211,25,0,0,7.852911949157715,8589934592,2147483648,5829427200,366018560
209,1772015621047,3204,3204,3204,3204,3204,3204,3204,3204,31.81818199157715,36.842105865478516,35,20,85,0,4.761904716491699,9.090909004211426,7.852911949157715,8589934592,2147483648,5834096640,366018560
206,1772015621258,3204,3204,3204,3204,3204,3204,3204,3204,20,28.571430206298828,22.72727394104004,14.285715103149414,63.6363639831543,4.545454502105713,0,0,7.852911949157715,8589934592,2147483648,5833736192,366018560
200,1772015621465,3204,3204,3204,3204,3204,3204,3204,3204,28.571430206298828,33.333335876464844,23.809524536132813,23.809524536132813,45,14.285715103149414,0,0,9.080737113952637,8589934592,2147483648,5818564608,366018560
209,1772015621665,3204,3204,3204,3204,3204,3204,3204,3204,25,30.000001907348633,20,15.000000953674316,65,10.526315689086914,0,0,9.080737113952637,8589934592,2147483648,5817991168,366018560
205,1772015621875,3204,3204,3204,3204,3204,3204,3204,3204,28.571430206298828,27.272727966308594,21.052631378173828,23.809524536132813,57.142860412597656,0,0,0,9.080737113952637,8589934592,2147483648,5817597952,366018560
206,1772015622081,3204,3204,3204,3204,3204,3204,3204,3204,31.57894515991211,35,28.571430206298828,30.000001907348633,20,0,0,0,9.080737113952637,8589934592,2147483648,5823102976,366018560
208,1772015622288,3204,3204,3204,3204,3204,3204,3204,3204,33.333335876464844,26.3157901763916,28.571430206298828,28.571430206298828,60.000003814697266,0,0,0,9.080737113952637,8589934592,2147483648,5823102976,366018560
208,1772015622498,3204,3204,3204,3204,3204,3204,3204,3204,23.809524536132813,27.272727966308594,15.000000953674316,25,63.6363639831543,4.761904716491699,4.545454502105713,0,9.183720588684082,8589934592,2147483648,5823102976,366018560
206,1772015622706,3204,3204,3204,3204,3204,3204,3204,3204,25,23.809524536132813,19.047618865966797,23.809524536132813,28.571430206298828,0,0,0,9.183720588684082,8589934592,2147483648,5822857216,366018560
206,1772015622914,3204,3204,3204,3204,3204,3204,3204,3204,31.81818199157715,25,19.047618865966797,25,75,0,4.545454502105713,0,9.183720588684082,8589934592,2147483648,5822349312,366018560
207,1772015623121,3204,3204,3204,3204,3204,3204,3204,3204,30.000001907348633,25,23.809524536132813,14.285715103149414,61.904762268066406,8.69565200805664,0,4.545454502105713,9.183720588684082,8589934592,2147483648,5821284352,366018560
203,1772015623329,3204,3204,3204,3204,3204,3204,3204,3204,30.000001907348633,28.571430206298828,10,19.047618865966797,20,5,0,0,8.465703964233398,8589934592,2147483648,5821284352,366018560
200,1772015623533,3204,3204,3204,3204,3204,3204,3204,3204,28.571430206298828,25,28.571430206298828,28.571430206298828,52.38095474243164,0,4.761904716491699,0,8.465703964233398,8589934592,2147483648,5833506816,366018560
203,1772015623734,3204,3204,3204,3204,3204,3204,3204,3204,25,30.000001907348633,15.789472579956055,15.789472579956055,60.000003814697266,9.523809432983398,0,0,8.465703964233398,8589934592,2147483648,5821284352,366018560
209,1772015623938,3204,3204,3204,3204,3204,3204,3204,3204,21.052631378173828,30.000001907348633,19.047618865966797,20,30.000001907348633,9.523809432983398,0,4.761904716491699,8.465703964233398,8589934592,2147483648,5825167360,366018560
206,1772015624147,3204,3204,3204,3204,3204,3204,3204,3204,28.571430206298828,28.571430206298828,23.809524536132813,22.72727394104004,52.38095474243164,15.000000953674316,4.761904716491699,0,8.465703964233398,8589934592,2147483648,5825167360,366018560
200,1772015624354,3204,3204,3204,3204,3204,3204,3204,3204,20,28.571430206298828,15.000000953674316,10,80,0,0,0,7.897860527038574,8589934592,2147483648,5825167360,366018560
208,1772015624555,3204,3204,3204,3204,3204,3204,3204,3204,28.571430206298828,30.000001907348633,30.000001907348633,20,28.571430206298828,4.761904716491699,0,0,7.897860527038574,8589934592,2147483648,5825167360,366018560
200,1772015624764,3204,3204,3204,3204,3204,3204,3204,3204,14.285715103149414,15.000000953674316,19.047618865966797,9.523809432983398,80,9.523809432983398,4.761904716491699,4.761904716491699,7.897860527038574,8589934592,2147483648,5828198400,366018560
205,1772015624966,3204,3204,3204,3204,3204,3204,3204,3204,25,33.333335876464844,15.000000953674316,15.000000953674316,75,0,0,0,7.897860527038574,8589934592,2147483648,5829967872,366018560
201,1772015625172,3204,3204,3204,3204,3204,3204,3204,3204,25,28.571430206298828,30.000001907348633,15.000000953674316,19.047618865966797,4.545454502105713,0,0,7.897860527038574,8589934592,2147483648,5829607424,366018560
206,1772015625374,3204,3204,3204,3204,3204,3204,3204,3204,25,21.052631378173828,28.571430206298828,20,55,0,0,0,8.260479927062988,8589934592,2147483648,5829640192,366018560
199,1772015625582,3204,3204,3204,3204,3204,3204,3204,3204,23.809524536132813,28.571430206298828,30.000001907348633,19.047618865966797,57.142860412597656,0,0,0,8.260479927062988,8589934592,2147483648,5829754880,366018560
209,1772015625781,3204,3204,3204,3204,3204,3204,3204,3204,25,21.052631378173828,30.000001907348633,15.000000953674316,36.842105865478516,5.263157844543457,10,4.761904716491699,8.260479927062988,8589934592,2147483648,5815517184,366018560
206,1772015625991,3204,3204,3204,3204,3204,3204,3204,3204,28.571430206298828,27.272727966308594,28.571430206298828,19.047618865966797,76.19047546386719,0,4.761904716491699,0,8.260479927062988,8589934592,2147483648,5812813824,366018560
208,1772015626198,3204,3204,3204,3204,3204,3204,3204,3204,20,23.809524536132813,14.285715103149414,19.047618865966797,81.81818389892578,4.761904716491699,4.761904716491699,0,8.260479927062988,8589934592,2147483648,5813010432,366018560
207,1772015626407,3204,3204,3204,3204,3204,3204,3204,3204,20,15.000000953674316,20,10,28.571430206298828,0,0,0,7.895606517791748,8589934592,2147483648,5813125120,366018560
200,1772015626615,3204,3204,3204,3204,3204,3204,3204,3204,23.809524536132813,20,30.000001907348633,19.047618865966797,80.95238494873047,0,0,0,7.895606517791748,8589934592,2147483648,5814927360,366018560
202,1772015626816,3204,3204,3204,3204,3204,3204,3204,3204,31.57894515991211,33.333335876464844,38.095237731933594,25,78.94737243652344,27.272727966308594,25,20,7.895606517791748,8589934592,2147483648,5815255040,366018560
201,1772015627020,3204,3204,3204,3204,3204,3204,3204,3204,31.81818199157715,15.789472579956055,20,15.000000953674316,47.619049072265625,0,0,0,7.895606517791748,8589934592,2147483648,5829132288,366018560
208,1772015627222,3204,3204,3204,3204,3204,3204,3204,3204,35,25,28.571430206298828,20,50,0,0,0,7.895606517791748,8589934592,2147483648,5826838528,366018560
199,1772015627431,3204,3204,3204,3204,3204,3204,3204,3204,23.809524536132813,23.809524536132813,15.000000953674316,14.285715103149414,30.000001907348633,5,4.761904716491699,8.69565200805664,8.772829055786133,8589934592,2147483648,5830770688,366018560
200,1772015627631,3204,3204,3204,3204,3204,3204,3204,3204,31.57894515991211,33.333335876464844,30.000001907348633,20,55,5,0,0,8.772829055786133,8589934592,2147483648,5847236608,366018560
201,1772015627832,3204,3204,3204,3204,3204,3204,3204,3204,45,44.4444465637207,30.000001907348633,31.57894515991211,40,9.523809432983398,4.761904716491699,0,8.772829055786133,8589934592,2147483648,5856804864,366018560
201,1772015628034,3204,3204,3204,3204,3204,3204,3204,3204,30.000001907348633,28.571430206298828,20,23.809524536132813,73.68421173095703,0,0,0,8.772829055786133,8589934592,2147483648,5858394112,366018560
208,1772015628237,3204,3204,3204,3204,3204,3204,3204,3204,30.000001907348633,30.000001907348633,23.809524536132813,19.047618865966797,65,5,0,0,8.772829055786133,8589934592,2147483648,5870059520,366018560
201,1772015628446,3204,3204,3204,3204,3204,3204,3204,3204,35,15.000000953674316,15.000000953674316,15.000000953674316,33.333335876464844,0,0,0,9.052539825439453,8589934592,2147483648,5857968128,366018560
209,1772015628648,3204,3204,3204,3204,3204,3204,3204,3204,30.000001907348633,25,20,15.000000953674316,90.47618865966797,4.761904716491699,0,9.523809432983398,9.052539825439453,8589934592,2147483648,5868683264,366018560
209,1772015628858,3204,3204,3204,3204,3204,3204,3204,3204,28.571430206298828,28.571430206298828,20,19.047618865966797,40,0,0,0,9.052539825439453,8589934592,2147483648,5859377152,366018560
203,1772015629068,3204,3204,3204,3204,3204,3204,3204,3204,38.095237731933594,36.3636360168457,33.333335876464844,23.809524536132813,14.285715103149414,15.000000953674316,0,0,9.052539825439453,8589934592,2147483648,5874565120,366018560
207,1772015629271,3204,3204,3204,3204,3204,3204,3204,3204,28.571430206298828,30.000001907348633,25,15.000000953674316,45,5,5,0,9.052539825439453,8589934592,2147483648,5897224192,366018560
201,1772015629480,3204,3204,3204,3204,3204,3204,3204,3204,42.105262756347656,35,33.333335876464844,23.809524536132813,14.285715103149414,0,0,0,9.577300071716309,8589934592,2147483648,5903663104,366018560
207,1772015629681,3204,3204,3204,3204,3204,3204,3204,3204,20,20,15.000000953674316,21.052631378173828,55,28.571430206298828,5,20,9.577300071716309,8589934592,2147483648,5903663104,366018560
208,1772015629889,3204,3204,3204,3204,3204,3204,3204,3204,28.571430206298828,20,23.809524536132813,19.047618865966797,70,0,0,9.523809432983398,9.577300071716309,8589934592,2147483648,5912035328,366018560
205,1772015630098,3204,3204,3204,3204,3204,3204,3204,3204,28.571430206298828,23.809524536132813,30.000001907348633,23.809524536132813,19.047618865966797,4.761904716491699,0,0,9.577300071716309,8589934592,2147483648,5906841600,366018560
210,1772015630304,3204,3204,3204,3204,3204,3204,3204,3204,25,28.571430206298828,31.81818199157715,20,61.904762268066406,0,0,0,9.577300071716309,8589934592,2147483648,5906841600,366018560
204,1772015630515,3204,3204,3204,3204,3204,3204,3204,3204,23.809524536132813,33.333335876464844,19.047618865966797,18.18181800842285,33.333335876464844,0,0,0,8.113065719604492,8589934592,2147483648,5906841600,366018560
209,1772015630721,3204,3204,3204,3204,3204,3204,3204,3204,42.85714340209961,35,31.57894515991211,26.3157901763916,25,9.523809432983398,0,0,8.113065719604492,8589934592,2147483648,5906841600,366018560
209,1772015630931,3204,3204,3204,3204,3204,3204,3204,3204,33.333335876464844,33.333335876464844,23.809524536132813,31.81818199157715,18.18181800842285,23.809524536132813,13.636363983154297,9.090909004211426,8.113065719604492,8589934592,2147483648,5904367616,366018560
207,1772015631141,3204,3204,3204,3204,3204,3204,3204,3204,19.047618865966797,33.333335876464844,14.285715103149414,10,0,9.090909004211426,4.761904716491699,9.523809432983398,8.113065719604492,8589934592,2147483648,5906513920,366018560
209,1772015631349,3204,3204,3204,3204,3204,3204,3204,3204,30.000001907348633,30.000001907348633,20,27.272727966308594,4.761904716491699,0,0,0,8.607684135437012,8589934592,2147483648,5906415616,366018560
204,1772015631559,3204,3204,3204,3204,3204,3204,3204,3204,28.571430206298828,27.272727966308594,27.272727966308594,19.047618865966797,4.761904716491699,4.761904716491699,4.761904716491699,4.761904716491699,8.607684135437012,8589934592,2147483648,5907136512,366018560
199,1772015631764,3204,3204,3204,3204,3204,3204,3204,3204,23.809524536132813,30.000001907348633,15.000000953674316,15.000000953674316,0,0,0,0,8.607684135437012,8589934592,2147483648,5908676608,366018560
206,1772015631965,3204,3204,3204,3204,3204,3204,3204,3204,31.57894515991211,31.57894515991211,25,25,5,5,4.761904716491699,0,8.607684135437012,8589934592,2147483648,5908283392,366018560
207,1772015632171,3204,3204,3204,3204,3204,3204,3204,3204,33.333335876464844,28.571430206298828,20,35,14.285715103149414,0,0,0,8.607684135437012,8589934592,2147483648,5897388032,366018560
201,1772015632379,3204,3204,3204,3204,3204,3204,3204,3204,30.000001907348633,30.000001907348633,27.272727966308594,20,0,4.761904716491699,0,4.761904716491699,6.146997928619385,8589934592,2147483648,5898354688,366018560
200,1772015632582,3204,3204,3204,3204,3204,3204,3204,3204,42.85714340209961,38.095237731933594,36.842105865478516,40.90909194946289,4.761904716491699,0,0,0,6.146997928619385,8589934592,2147483648,5902237696,366018560
201,1772015632783,3204,3204,3204,3204,3204,3204,3204,3204,31.57894515991211,25,20,15.789472579956055,0,5,4.761904716491699,0,6.146997928619385,8589934592,2147483648,5902237696,366018560
202,1772015632984,3204,3204,3204,3204,3204,3204,3204,3204,30.000001907348633,25,23.809524536132813,15.000000953674316,10,9.523809432983398,0,5,6.146997928619385,8589934592,2147483648,5898551296,366018560
209,1772015633187,3204,3204,3204,3204,3204,3204,3204,3204,35,20,25,19.047618865966797,0,0,4.545454502105713,0,6.146997928619385,8589934592,2147483648,5897551872,366018560
209,1772015633398,3204,3204,3204,3204,3204,3204,3204,3204,27.272727966308594,20,23.809524536132813,20,4.545454502105713,0,0,0,5.415480613708496,8589934592,2147483648,5897175040,366018560
200,1772015633607,3204,3204,3204,3204,3204,3204,3204,3204,33.333335876464844,26.086956024169922,23.809524536132813,22.72727394104004,0,4.761904716491699,0,0,5.415480613708496,8589934592,2147483648,5897601024,366018560
203,1772015633809,3204,3204,3204,3204,3204,3204,3204,3204,21.052631378173828,20,30.000001907348633,10.526315689086914,4.761904716491699,0,0,0,5.415480613708496,8589934592,2147483648,5897437184,366018560
209,1772015634012,3204,3204,3204,3204,3204,3204,3204,3204,23.809524536132813,21.052631378173828,28.571430206298828,15.000000953674316,0,5,9.523809432983398,4.761904716491699,5.415480613708496,8589934592,2147483648,5896503296,366018560
209,1772015634223,3204,3204,3204,3204,3204,3204,3204,3204,30.000001907348633,25,20,18.18181800842285,4.761904716491699,10,9.090909004211426,4.761904716491699,5.415480613708496,8589934592,2147483648,5906251776,366018560
202,1772015634433,3204,3204,3204,3204,3204,3204,3204,3204,33.333335876464844,19.047618865966797,19.047618865966797,14.285715103149414,13.636363983154297,13.043478012084961,5,0,5.3976616859436035,8589934592,2147483648,5892767744,366018560
209,1772015634636,3204,3204,3204,3204,3204,3204,3204,3204,25,28.571430206298828,15.789472579956055,20,4.761904716491699,0,0,4.761904716491699,5.3976616859436035,8589934592,2147483648,5896192000,366018560
201,1772015634846,3204,3204,3204,3204,3204,3204,3204,3204,23.809524536132813,14.285715103149414,13.636363983154297,14.285715103149414,10,10,15.000000953674316,4.761904716491699,5.3976616859436035,8589934592,2147483648,5899190272,366018560
208,1772015635048,3204,3204,3204,3204,3204,3204,3204,3204,28.571430206298828,23.809524536132813,15.000000953674316,15.000000953674316,5,4.761904716491699,4.761904716491699,5,5.3976616859436035,8589934592,2147483648,5900566528,366018560
207,1772015635256,3204,3204,3204,3204,3204,3204,3204,3204,30.000001907348633,20,19.047618865966797,19.047618865966797,4.761904716491699,5,0,0,5.3976616859436035,8589934592,2147483648,5904023552,366018560
205,1772015635465,3204,3204,3204,3204,3204,3204,3204,3204,20,25,19.047618865966797,19.047618865966797,0,0,4.761904716491699,0,5.170566558837891,8589934592,2147483648,5903548416,366018560
207,1772015635670,3204,3204,3204,3204,3204,3204,3204,3204,28.571430206298828,33.333335876464844,25,20,5,4.761904716491699,0,4.761904716491699,5.170566558837891,8589934592,2147483648,5904023552,366018560
6,1772015635878,3204,3204,3204,3204,3204,3204,3204,3204,20,23.809524536132813,19.047618865966797,14.285715103149414,14.285715103149414,15.000000953674316,9.090909004211426,14.285715103149414,5.170566558837891,8589934592,2147483648,5900402688,366018560
