Delta,Time,CPU_FREQUENCY_0,CPU_FREQUENCY_1,CPU_FREQUENCY_2,CPU_FREQUENCY_3,CPU_FREQUENCY_4,CPU_FREQUENCY_5,CPU_FREQUENCY_6,CPU_FREQUENCY_7,CPU_USAGE_0,CPU_USAGE_1,CPU_USAGE_2,CPU_USAGE_3,CPU_USAGE_4,CPU_USAGE_5,CPU_USAGE_6,CPU_USAGE_7,SYSTEM_POWER (Watts),TOTAL_MEMORY,TOTAL_SWAP,USED_MEMORY,USED_SWAP
0,1772001866373,3204,3204,3204,3204,3204,3204,3204,3204,NaN,NaN,0,0,0,0,0,0,5.81748628616333,8589934592,2147483648,6251528192,407961600
207,1772001866373,3204,3204,3204,3204,3204,3204,3204,3204,0,0,NaN,NaN,NaN,NaN,NaN,NaN,5.81748628616333,8589934592,2147483648,6251921408,407961600
209,1772001866581,3204,3204,3204,3204,3204,3204,3204,3204,35,30.000001907348633,27.272727966308594,20,9.090909004211426,4.761904716491699,0,4.545454502105713,5.81748628616333,8589934592,2147483648,6249480192,407961600
202,1772001866791,3204,3204,3204,3204,3204,3204,3204,3204,31.81818199157715,28.571430206298828,23.809524536132813,23.809524536132813,5,4.761904716491699,4.761904716491699,0,5.81748628616333,8589934592,2147483648,6249480192,407961600
207,1772001866994,3204,3204,3204,3204,3204,3204,3204,3204,55,55,55,50,0,5,0,0,6.142487525939941,8589934592,2147483648,6259933184,407961600
209,1772001867202,3204,3204,3204,3204,3204,3204,3204,3204,61.904762268066406,52.38095474243164,55,42.85714340209961,4.761904716491699,0,0,0,6.142487525939941,8589934592,2147483648,6255869952,407961600
200,1772001867412,3204,3204,3204,3204,3204,3204,3204,3204,50,52.38095474243164,45.45454788208008,45.45454788208008,31.81818199157715,28.571430206298828,13.636363983154297,4.761904716491699,6.142487525939941,8589934592,2147483648,6243024896,407961600
205,1772001867613,3204,3204,3204,3204,3204,3204,3204,3204,57.142860412597656,55,52.6315803527832,47.36842346191406,0,10,10,0,6.142487525939941,8589934592,2147483648,6208339968,407961600
208,1772001867819,3204,3204,3204,3204,3204,3204,3204,3204,55,55,45,47.619049072265625,4.545454502105713,0,0,4.761904716491699,6.142487525939941,8589934592,2147483648,6200344576,407961600
207,1772001868027,3204,3204,3204,3204,3204,3204,3204,3204,42.85714340209961,38.095237731933594,36.3636360168457,33.333335876464844,9.523809432983398,4.761904716491699,4.545454502105713,0,6.554432392120361,8589934592,2147483648,6197788672,407961600
206,1772001868236,3204,3204,3204,3204,3204,3204,3204,3204,40,47.619049072265625,30.000001907348633,26.3157901763916,4.761904716491699,4.761904716491699,5,4.545454502105713,6.554432392120361,8589934592,2147483648,6191710208,407961600
209,1772001868442,3204,3204,3204,3204,3204,3204,3204,3204,52.38095474243164,52.38095474243164,47.619049072265625,38.095237731933594,5,9.523809432983398,4.761904716491699,5,6.554432392120361,8589934592,2147483648,6184321024,407961600
209,1772001868652,3204,3204,3204,3204,3204,3204,3204,3204,52.38095474243164,55,30.000001907348633,36.3636360168457,9.523809432983398,5,4.761904716491699,0,6.554432392120361,8589934592,2147483648,6182797312,407961600
207,1772001868862,3204,3204,3204,3204,3204,3204,3204,3204,35,33.333335876464844,27.272727966308594,20,9.523809432983398,9.523809432983398,5,5,6.554432392120361,8589934592,2147483648,6198394880,407961600
206,1772001869071,3204,3204,3204,3204,3204,3204,3204,3204,52.38095474243164,61.904762268066406,60.000003814697266,61.904762268066406,10,22.72727394104004,9.523809432983398,18.18181800842285,7.082873821258545,8589934592,2147483648,6193184768,407961600
209,1772001869277,3204,3204,3204,3204,3204,3204,3204,3204,85,76.19047546386719,80,80.95238494873047,4.761904716491699,0,0,0,7.082873821258545,8589934592,2147483648,6188875776,407961600
207,1772001869487,3204,3204,3204,3204,3204,3204,3204,3204,66.66667175292969,65,71.42857360839844,65,0,4.545454502105713,0,0,7.082873821258545,8589934592,2147483648,6189383680,407961600
223,1772001869695,3204,3204,3204,3204,3204,3204,3204,3204,57.142860412597656,71.42857360839844,66.66667175292969,66.66667175292969,20,10.526315689086914,13.636363983154297,10,7.082873821258545,8589934592,2147483648,6189383680,407961600
209,1772001869920,3204,3204,3204,3204,3204,3204,3204,3204,69.56521606445313,81.81818389892578,65.21739196777344,60.869564056396484,41.666664123535156,39.130435943603516,23.809524536132813,21.7391300201416,7.160428524017334,8589934592,2147483648,6189383680,407961600
208,1772001870129,3204,3204,3204,3204,3204,3204,3204,3204,80.95238494873047,66.66667175292969,66.66667175292969,66.66667175292969,35,23.809524536132813,18.18181800842285,14.285715103149414,7.160428524017334,8589934592,2147483648,6190645248,407961600
206,1772001870338,3204,3204,3204,3204,3204,3204,3204,3204,65,57.142860412597656,57.142860412597656,85.71428680419922,9.090909004211426,5,0,0,7.160428524017334,8589934592,2147483648,6191972352,407961600
201,1772001870544,3204,3204,3204,3204,3204,3204,3204,3204,57.142860412597656,60.000003814697266,50,36.842105865478516,35,40.90909194946289,19.047618865966797,9.523809432983398,7.160428524017334,8589934592,2147483648,6197411840,407961600
209,1772001870746,3204,3204,3204,3204,3204,3204,3204,3204,68.42105102539063,50,55,61.904762268066406,10.526315689086914,5.263157844543457,5,4.761904716491699,7.160428524017334,8589934592,2147483648,6199099392,407961600
209,1772001870956,3204,3204,3204,3204,3204,3204,3204,3204,71.42857360839844,59.09090805053711,66.66667175292969,76.19047546386719,27.272727966308594,14.285715103149414,9.523809432983398,14.285715103149414,7.905700206756592,8589934592,2147483648,6199099392,407961600
208,1772001871166,3204,3204,3204,3204,3204,3204,3204,3204,80.95238494873047,60.000003814697266,70,66.66667175292969,0,9.090909004211426,9.090909004211426,0,7.905700206756592,8589934592,2147483648,6190956544,407961600
201,1772001871375,3204,3204,3204,3204,3204,3204,3204,3204,47.619049072265625,63.6363639831543,54.54545593261719,60.000003814697266,9.090909004211426,4.761904716491699,0,4.761904716491699,7.905700206756592,8589934592,2147483648,6192758784,407961600
209,1772001871576,3204,3204,3204,3204,3204,3204,3204,3204,65,50,65,60.000003814697266,10,5.263157844543457,5,0,7.905700206756592,8589934592,2147483648,6190022656,407961600
202,1772001871786,3204,3204,3204,3204,3204,3204,3204,3204,76.19047546386719,59.09090805053711,57.142860412597656,68.18181610107422,9.523809432983398,4.761904716491699,9.090909004211426,4.761904716491699,7.905700206756592,8589934592,2147483648,6192562176,407961600
203,1772001871988,3204,3204,3204,3204,3204,3204,3204,3204,75,70,75,75,10,10,0,4.761904716491699,9.223329544067383,8589934592,2147483648,6187204608,407961600
206,1772001872192,3204,3204,3204,3204,3204,3204,3204,3204,85,75,80,75,47.619049072265625,19.047618865966797,9.523809432983398,36.842105865478516,9.223329544067383,8589934592,2147483648,6169788416,407961600
206,1772001872399,3204,3204,3204,3204,3204,3204,3204,3204,66.66667175292969,65,65,55,10,4.761904716491699,0,0,9.223329544067383,8589934592,2147483648,6167920640,407961600
203,1772001872605,3204,3204,3204,3204,3204,3204,3204,3204,85,85,85.71428680419922,76.19047546386719,9.523809432983398,5,5,4.761904716491699,9.223329544067383,8589934592,2147483648,6167920640,407961600
209,1772001872809,3204,3204,3204,3204,3204,3204,3204,3204,75,65,55,55,0,5,0,0,9.223329544067383,8589934592,2147483648,6167920640,407961600
205,1772001873019,3204,3204,3204,3204,3204,3204,3204,3204,66.66667175292969,66.66667175292969,61.904762268066406,47.619049072265625,9.090909004211426,0,0,0,7.197028160095215,8589934592,2147483648,6167920640,407961600
207,1772001873225,3204,3204,3204,3204,3204,3204,3204,3204,63.15789031982422,70,60.000003814697266,57.142860412597656,0,0,4.761904716491699,9.523809432983398,7.197028160095215,8589934592,2147483648,6160252928,407961600
201,1772001873434,3204,3204,3204,3204,3204,3204,3204,3204,72.7272720336914,71.42857360839844,75,60.000003814697266,5,9.090909004211426,4.761904716491699,0,7.197028160095215,8589934592,2147483648,6164299776,407961600
208,1772001873636,3204,3204,3204,3204,3204,3204,3204,3204,73.68421173095703,63.15789031982422,55,50,4.761904716491699,0,4.761904716491699,4.761904716491699,7.197028160095215,8589934592,2147483648,6164594688,407961600
206,1772001873846,3204,3204,3204,3204,3204,3204,3204,3204,75,63.6363639831543,66.66667175292969,66.66667175292969,9.523809432983398,4.761904716491699,4.761904716491699,0,7.197028160095215,8589934592,2147483648,6150995968,407961600
208,1772001874052,3204,3204,3204,3204,3204,3204,3204,3204,80,57.894737243652344,52.38095474243164,47.619049072265625,0,5,0,4.761904716491699,8.441853523254395,8589934592,2147483648,6148915200,407961600
202,1772001874261,3204,3204,3204,3204,3204,3204,3204,3204,54.54545593261719,50,52.38095474243164,45,5,0,0,0,8.441853523254395,8589934592,2147483648,6154600448,407961600
201,1772001874465,3204,3204,3204,3204,3204,3204,3204,3204,45,42.85714340209961,35,35,4.761904716491699,0,0,0,8.441853523254395,8589934592,2147483648,6147948544,407961600
202,1772001874667,3204,3204,3204,3204,3204,3204,3204,3204,55,45,47.36842346191406,35,9.523809432983398,5,5,5,8.441853523254395,8589934592,2147483648,6147948544,407961600
209,1772001874869,3204,3204,3204,3204,3204,3204,3204,3204,55,47.36842346191406,45,52.38095474243164,20,23.809524536132813,10,10,8.441853523254395,8589934592,2147483648,6147948544,407961600
201,1772001875079,3204,3204,3204,3204,3204,3204,3204,3204,57.142860412597656,55,52.38095474243164,47.619049072265625,9.523809432983398,4.761904716491699,4.761904716491699,0,7.718451976776123,8589934592,2147483648,6147948544,407961600
206,1772001875281,3204,3204,3204,3204,3204,3204,3204,3204,60.000003814697266,61.904762268066406,52.38095474243164,45,5,4.761904716491699,0,5,7.718451976776123,8589934592,2147483648,6169772032,407961600
205,1772001875488,3204,3204,3204,3204,3204,3204,3204,3204,42.85714340209961,47.619049072265625,45,35,19.047618865966797,35,9.523809432983398,4.761904716491699,7.718451976776123,8589934592,2147483648,6180864000,407961600
206,1772001875694,3204,3204,3204,3204,3204,3204,3204,3204,50,55,52.38095474243164,33.333335876464844,5,5,4.761904716491699,4.761904716491699,7.718451976776123,8589934592,2147483648,6180880384,407961600
203,1772001875900,3204,3204,3204,3204,3204,3204,3204,3204,45,60.000003814697266,60.000003814697266,45,5,27.272727966308594,4.761904716491699,0,7.718451976776123,8589934592,2147483648,6180880384,407961600
209,1772001876105,3204,3204,3204,3204,3204,3204,3204,3204,65,63.6363639831543,61.904762268066406,60.000003814697266,13.636363983154297,10,5,4.761904716491699,8.11018180847168,8589934592,2147483648,6180880384,407961600
202,1772001876315,3204,3204,3204,3204,3204,3204,3204,3204,68.18181610107422,60.000003814697266,66.66667175292969,66.66667175292969,5,14.285715103149414,9.523809432983398,9.523809432983398,8.11018180847168,8589934592,2147483648,6175948800,407961600
200,1772001876517,3204,3204,3204,3204,3204,3204,3204,3204,73.68421173095703,73.68421173095703,73.68421173095703,68.42105102539063,15.000000953674316,10.526315689086914,10,5,8.11018180847168,8589934592,2147483648,6176980992,407961600
204,1772001876719,3204,3204,3204,3204,3204,3204,3204,3204,71.42857360839844,70,71.42857360839844,63.6363639831543,4.761904716491699,4.761904716491699,0,0,8.11018180847168,8589934592,2147483648,6178127872,407961600
203,1772001876924,3204,3204,3204,3204,3204,3204,3204,3204,60.000003814697266,54.54545593261719,55,55,5,5,4.761904716491699,4.761904716491699,7.388368606567383,8589934592,2147483648,6178537472,407961600
207,1772001877127,3204,3204,3204,3204,3204,3204,3204,3204,66.66667175292969,63.15789031982422,65,65,10,10,5,4.761904716491699,7.388368606567383,8589934592,2147483648,6177456128,407961600
200,1772001877336,3204,3204,3204,3204,3204,3204,3204,3204,50,59.09090805053711,66.66667175292969,57.142860412597656,9.523809432983398,4.761904716491699,4.761904716491699,0,7.388368606567383,8589934592,2147483648,6178177024,407961600
202,1772001877536,3204,3204,3204,3204,3204,3204,3204,3204,60.000003814697266,47.36842346191406,40,40,47.36842346191406,25,0,5,7.388368606567383,8589934592,2147483648,6176751616,407961600
206,1772001877739,3204,3204,3204,3204,3204,3204,3204,3204,50,40,50,35,57.142860412597656,4.761904716491699,0,0,7.388368606567383,8589934592,2147483648,6178504704,407961600
203,1772001877946,3204,3204,3204,3204,3204,3204,3204,3204,60.000003814697266,40,38.095237731933594,45,30.000001907348633,10,4.545454502105713,0,7.393270015716553,8589934592,2147483648,6168985600,407961600
204,1772001878150,3204,3204,3204,3204,3204,3204,3204,3204,42.85714340209961,47.619049072265625,45,47.619049072265625,55,20,0,0,7.393270015716553,8589934592,2147483648,6172360704,407961600
201,1772001878354,3204,3204,3204,3204,3204,3204,3204,3204,55,47.619049072265625,55,55,57.142860412597656,9.523809432983398,9.523809432983398,4.761904716491699,7.393270015716553,8589934592,2147483648,6170378240,407961600
207,1772001878556,3204,3204,3204,3204,3204,3204,3204,3204,55,52.6315803527832,42.85714340209961,38.095237731933594,21.052631378173828,0,0,0,7.393270015716553,8589934592,2147483648,6159187968,407961600
208,1772001878764,3204,3204,3204,3204,3204,3204,3204,3204,47.619049072265625,47.619049072265625,52.38095474243164,47.36842346191406,63.6363639831543,0,0,0,7.393270015716553,8589934592,2147483648,6161219584,407961600
200,1772001878974,3204,3204,3204,3204,3204,3204,3204,3204,60.000003814697266,61.904762268066406,50,50,57.142860412597656,0,0,0,8.784941673278809,8589934592,2147483648,6162350080,407961600
205,1772001879174,3204,3204,3204,3204,3204,3204,3204,3204,55,50,35,50,35,5,4.761904716491699,0,8.784941673278809,8589934592,2147483648,6162350080,407961600
205,1772001879380,3204,3204,3204,3204,3204,3204,3204,3204,47.619049072265625,42.85714340209961,30.000001907348633,52.38095474243164,60.000003814697266,0,0,0,8.784941673278809,8589934592,2147483648,6160547840,407961600
209,1772001879586,3204,3204,3204,3204,3204,3204,3204,3204,52.38095474243164,55,35,35,52.38095474243164,0,0,0,8.784941673278809,8589934592,2147483648,6165135360,407961600
207,1772001879796,3204,3204,3204,3204,3204,3204,3204,3204,60.000003814697266,47.619049072265625,45.45454788208008,40,61.904762268066406,4.761904716491699,4.761904716491699,4.761904716491699,8.784941673278809,8589934592,2147483648,6161956864,407961600
204,1772001880004,3204,3204,3204,3204,3204,3204,3204,3204,47.619049072265625,45,50,42.85714340209961,45,13.636363983154297,0,0,10.314485549926758,8589934592,2147483648,6166593536,407961600
209,1772001880209,3204,3204,3204,3204,3204,3204,3204,3204,52.38095474243164,52.38095474243164,52.38095474243164,45,47.619049072265625,5.263157844543457,0,0,10.314485549926758,8589934592,2147483648,6169673728,407961600
209,1772001880418,3204,3204,3204,3204,3204,3204,3204,3204,40,61.904762268066406,52.38095474243164,45.45454788208008,30.000001907348633,5,0,4.761904716491699,10.314485549926758,8589934592,2147483648,6165299200,407961600
206,1772001880628,3204,3204,3204,3204,3204,3204,3204,3204,52.38095474243164,45,50,40,52.38095474243164,13.636363983154297,0,0,10.314485549926758,8589934592,2147483648,6159908864,407961600
209,1772001880835,3204,3204,3204,3204,3204,3204,3204,3204,55,47.619049072265625,42.85714340209961,50,57.142860412597656,4.761904716491699,4.761904716491699,0,10.314485549926758,8589934592,2147483648,6159826944,407961600
200,1772001881045,3204,3204,3204,3204,3204,3204,3204,3204,33.333335876464844,33.333335876464844,23.809524536132813,28.571430206298828,35,0,4.545454502105713,0,10.277007102966309,8589934592,2147483648,6154387456,407961600
202,1772001881246,3204,3204,3204,3204,3204,3204,3204,3204,35,30.000001907348633,31.57894515991211,21.052631378173828,57.142860412597656,0,0,0,10.277007102966309,8589934592,2147483648,6154387456,407961600
209,1772001881450,3204,3204,3204,3204,3204,3204,3204,3204,30.000001907348633,25,25,25,52.38095474243164,4.761904716491699,0,4.761904716491699,10.277007102966309,8589934592,2147483648,6158172160,407961600
209,1772001881659,3204,3204,3204,3204,3204,3204,3204,3204,31.81818199157715,28.571430206298828,22.72727394104004,9.523809432983398,40,23.809524536132813,4.761904716491699,4.761904716491699,10.277007102966309,8589934592,2147483648,6159499264,407961600
206,1772001881869,3204,3204,3204,3204,3204,3204,3204,3204,33.333335876464844,25,27.272727966308594,23.809524536132813,65,19.047618865966797,4.761904716491699,4.545454502105713,10.277007102966309,8589934592,2147483648,6164480000,407961600
207,1772001882076,3204,3204,3204,3204,3204,3204,3204,3204,26.3157901763916,28.571430206298828,25,20,40.90909194946289,5,0,0,10.080735206604004,8589934592,2147483648,6153814016,407961600
205,1772001882284,3204,3204,3204,3204,3204,3204,3204,3204,33.333335876464844,25,25,20,65,4.761904716491699,0,0,10.080735206604004,8589934592,2147483648,6154960896,407961600
205,1772001882489,3204,3204,3204,3204,3204,3204,3204,3204,28.571430206298828,28.571430206298828,28.571430206298828,22.72727394104004,61.904762268066406,4.761904716491699,0,0,10.080735206604004,8589934592,2147483648,6156075008,407961600
203,1772001882695,3204,3204,3204,3204,3204,3204,3204,3204,50,42.85714340209961,36.842105865478516,40,65,38.095237731933594,47.619049072265625,38.095237731933594,10.080735206604004,8589934592,2147483648,5967708160,407961600
202,1772001882899,3204,3204,3204,3204,3204,3204,3204,3204,30.000001907348633,30.000001907348633,28.571430206298828,25,55,5,4.761904716491699,5,10.080735206604004,8589934592,2147483648,5958942720,407961600
207,1772001883102,3204,3204,3204,3204,3204,3204,3204,3204,45,40,52.38095474243164,28.571430206298828,60.000003814697266,35,15.000000953674316,5,9.60257625579834,8589934592,2147483648,5945475072,407961600
204,1772001883311,3204,3204,3204,3204,3204,3204,3204,3204,42.85714340209961,40,35,33.333335876464844,59.09090805053711,38.095237731933594,28.571430206298828,27.272727966308594,9.60257625579834,8589934592,2147483648,5940985856,407961600
209,1772001883515,3204,3204,3204,3204,3204,3204,3204,3204,35,28.571430206298828,28.571430206298828,15.000000953674316,60.000003814697266,10.526315689086914,0,5,9.60257625579834,8589934592,2147483648,5942476800,407961600
208,1772001883725,3204,3204,3204,3204,3204,3204,3204,3204,57.142860412597656,57.142860412597656,50,50,50,4.545454502105713,4.545454502105713,0,9.60257625579834,8589934592,2147483648,5955141632,407961600
200,1772001883934,3204,3204,3204,3204,3204,3204,3204,3204,45,50,40,38.095237731933594,52.38095474243164,4.761904716491699,0,0,10.422088623046875,8589934592,2147483648,5954158592,407961600
209,1772001884134,3204,3204,3204,3204,3204,3204,3204,3204,35,30.000001907348633,23.809524536132813,25,65,5,0,0,10.422088623046875,8589934592,2147483648,5955682304,407961600
200,1772001884344,3204,3204,3204,3204,3204,3204,3204,3204,33.333335876464844,28.571430206298828,28.571430206298828,23.809524536132813,66.66667175292969,0,0,0,10.422088623046875,8589934592,2147483648,5959516160,407961600
208,1772001884545,3204,3204,3204,3204,3204,3204,3204,3204,30.000001907348633,33.333335876464844,30.000001907348633,23.809524536132813,57.894737243652344,5,5,4.761904716491699,10.422088623046875,8589934592,2147483648,5961531392,407961600
209,1772001884754,3204,3204,3204,3204,3204,3204,3204,3204,28.571430206298828,30.000001907348633,33.333335876464844,26.3157901763916,47.619049072265625,0,4.761904716491699,4.761904716491699,10.422088623046875,8589934592,2147483648,5974114304,407961600
199,1772001884964,3204,3204,3204,3204,3204,3204,3204,3204,30.000001907348633,25,20,22.72727394104004,54.54545593261719,14.285715103149414,4.761904716491699,0,11.354084014892578,8589934592,2147483648,5970935808,407961600
208,1772001885164,3204,3204,3204,3204,3204,3204,3204,3204,38.095237731933594,33.333335876464844,30.000001907348633,26.3157901763916,63.15789031982422,5,4.761904716491699,0,11.354084014892578,8589934592,2147483648,5982552064,407961600
206,1772001885373,3204,3204,3204,3204,3204,3204,3204,3204,65,50,57.142860412597656,54.54545593261719,33.333335876464844,0,4.761904716491699,0,11.354084014892578,8589934592,2147483648,5996232704,407961600
204,1772001885580,3204,3204,3204,3204,3204,3204,3204,3204,42.85714340209961,38.095237731933594,33.333335876464844,25,4.761904716491699,4.761904716491699,0,4.761904716491699,11.354084014892578,8589934592,2147483648,6013599744,407961600
201,1772001885786,3204,3204,3204,3204,3204,3204,3204,3204,50,50,42.105262756347656,45,25,0,0,0,11.354084014892578,8589934592,2147483648,6018465792,407961600
200,1772001885988,3204,3204,3204,3204,3204,3204,3204,3204,35,35,28.571430206298828,20,61.904762268066406,14.285715103149414,4.761904716491699,0,10.414384841918945,8589934592,2147483648,6019170304,407961600
202,1772001886189,3204,3204,3204,3204,3204,3204,3204,3204,35,40,31.57894515991211,35,21.052631378173828,0,0,4.761904716491699,10.414384841918945,8589934592,2147483648,6019170304,407961600
202,1772001886392,3204,3204,3204,3204,3204,3204,3204,3204,35,30.000001907348633,30.000001907348633,25,52.38095474243164,5,0,0,10.414384841918945,8589934592,2147483648,6019170304,407961600
200,1772001886595,3204,3204,3204,3204,3204,3204,3204,3204,30.000001907348633,33.333335876464844,19.047618865966797,23.809524536132813,50,0,0,4.545454502105713,10.414384841918945,8589934592,2147483648,6022250496,407961600
205,1772001886796,3204,3204,3204,3204,3204,3204,3204,3204,28.571430206298828,21.052631378173828,25,20,33.333335876464844,0,0,0,10.414384841918945,8589934592,2147483648,6021283840,407961600
209,1772001887002,3204,3204,3204,3204,3204,3204,3204,3204,28.571430206298828,30.000001907348633,23.809524536132813,23.809524536132813,65,15.000000953674316,13.636363983154297,5,9.09266185760498,8589934592,2147483648,6021283840,407961600
206,1772001887212,3204,3204,3204,3204,3204,3204,3204,3204,30.000001907348633,40.90909194946289,30.000001907348633,30.000001907348633,50,4.761904716491699,0,0,9.09266185760498,8589934592,2147483648,6021283840,407961600
206,1772001887419,3204,3204,3204,3204,3204,3204,3204,3204,25,35,31.81818199157715,19.047618865966797,42.85714340209961,9.090909004211426,0,0,9.09266185760498,8589934592,2147483648,6021283840,407961600
207,1772001887625,3204,3204,3204,3204,3204,3204,3204,3204,35,38.095237731933594,21.052631378173828,25,45,0,4.761904716491699,4.761904716491699,9.09266185760498,8589934592,2147483648,6026182656,407961600
201,1772001887833,3204,3204,3204,3204,3204,3204,3204,3204,28.571430206298828,30.000001907348633,27.272727966308594,15.000000953674316,47.619049072265625,0,0,0,9.09266185760498,8589934592,2147483648,6027100160,407961600
206,1772001888036,3204,3204,3204,3204,3204,3204,3204,3204,25,28.571430206298828,25,23.809524536132813,42.85714340209961,4.761904716491699,0,0,8.145543098449707,8589934592,2147483648,6027198464,407961600
209,1772001888242,3204,3204,3204,3204,3204,3204,3204,3204,28.571430206298828,26.3157901763916,30.000001907348633,20,60.000003814697266,4.761904716491699,4.545454502105713,0,8.145543098449707,8589934592,2147483648,6027952128,407961600
204,1772001888452,3204,3204,3204,3204,3204,3204,3204,3204,25,31.81818199157715,28.571430206298828,23.809524536132813,52.38095474243164,0,0,4.545454502105713,8.145543098449707,8589934592,2147483648,6028312576,407961600
207,1772001888657,3204,3204,3204,3204,3204,3204,3204,3204,33.333335876464844,25,30.000001907348633,23.809524536132813,50,0,0,0,8.145543098449707,8589934592,2147483648,6024069120,407961600
209,1772001888865,3204,3204,3204,3204,3204,3204,3204,3204,25,30.000001907348633,20,19.047618865966797,50,9.523809432983398,4.761904716491699,0,8.145543098449707,8589934592,2147483648,6024986624,407961600
206,1772001889075,3204,3204,3204,3204,3204,3204,3204,3204,42.85714340209961,40.90909194946289,36.3636360168457,33.333335876464844,47.619049072265625,9.523809432983398,4.761904716491699,4.761904716491699,9.555912971496582,8589934592,2147483648,6026133504,407961600
207,1772001889281,3204,3204,3204,3204,3204,3204,3204,3204,47.619049072265625,50,47.36842346191406,40,50,5,4.761904716491699,4.761904716491699,9.555912971496582,8589934592,2147483648,6033981440,407961600
199,1772001889489,3204,3204,3204,3204,3204,3204,3204,3204,35,35,28.571430206298828,23.809524536132813,30.000001907348633,4.545454502105713,0,0,9.555912971496582,8589934592,2147483648,6057082880,407961600
201,1772001889690,3204,3204,3204,3204,3204,3204,3204,3204,35,35,30.000001907348633,26.3157901763916,30.000001907348633,0,0,0,9.555912971496582,8589934592,2147483648,6064095232,407961600
209,1772001889892,3204,3204,3204,3204,3204,3204,3204,3204,25,30.000001907348633,23.809524536132813,14.285715103149414,33.333335876464844,20,19.047618865966797,9.523809432983398,9.555912971496582,8589934592,2147483648,6068912128,407961600
202,1772001890102,3204,3204,3204,3204,3204,3204,3204,3204,35,33.333335876464844,33.333335876464844,30.000001907348633,70,33.333335876464844,23.809524536132813,20,9.58138370513916,8589934592,2147483648,6077087744,407961600
205,1772001890305,3204,3204,3204,3204,3204,3204,3204,3204,25,20,21.052631378173828,19.047618865966797,20,0,0,4.761904716491699,9.58138370513916,8589934592,2147483648,6077087744,407961600
207,1772001890511,3204,3204,3204,3204,3204,3204,3204,3204,30.000001907348633,30.000001907348633,28.571430206298828,23.809524536132813,40,9.090909004211426,0,0,9.58138370513916,8589934592,2147483648,6077087744,407961600
206,1772001890719,3204,3204,3204,3204,3204,3204,3204,3204,38.095237731933594,28.571430206298828,19.047618865966797,20,47.619049072265625,0,4.545454502105713,0,9.58138370513916,8589934592,2147483648,6086606848,407961600
209,1772001890925,3204,3204,3204,3204,3204,3204,3204,3204,33.333335876464844,28.571430206298828,30.000001907348633,21.052631378173828,25,5,0,0,9.255918502807617,8589934592,2147483648,6088753152,407961600
201,1772001891136,3204,3204,3204,3204,3204,3204,3204,3204,33.333335876464844,25,28.571430206298828,36.3636360168457,76.19047546386719,9.523809432983398,0,0,9.255918502807617,8589934592,2147483648,6113591296,407961600
209,1772001891337,3204,3204,3204,3204,3204,3204,3204,3204,42.105262756347656,38.095237731933594,35,25,60.000003814697266,4.761904716491699,0,0,9.255918502807617,8589934592,2147483648,6094405632,407961600
209,1772001891547,3204,3204,3204,3204,3204,3204,3204,3204,38.095237731933594,45,35,40.90909194946289,42.85714340209961,0,0,0,9.255918502807617,8589934592,2147483648,6106677248,407961600
203,1772001891757,3204,3204,3204,3204,3204,3204,3204,3204,33.333335876464844,30.000001907348633,27.272727966308594,23.809524536132813,95.23809814453125,0,0,0,9.255918502807617,8589934592,2147483648,6119555072,407961600
206,1772001891961,3204,3204,3204,3204,3204,3204,3204,3204,35,38.095237731933594,30.000001907348633,21.052631378173828,30.000001907348633,0,4.761904716491699,4.761904716491699,9.259506225585938,8589934592,2147483648,6106005504,407961600
201,1772001892169,3204,3204,3204,3204,3204,3204,3204,3204,20,19.047618865966797,19.047618865966797,19.047618865966797,95,0,4.761904716491699,0,9.259506225585938,8589934592,2147483648,6119555072,407961600
200,1772001892372,3204,3204,3204,3204,3204,3204,3204,3204,30.000001907348633,30.000001907348633,26.3157901763916,26.3157901763916,60.000003814697266,4.761904716491699,0,0,9.259506225585938,8589934592,2147483648,6110806016,407961600
209,1772001892573,3204,3204,3204,3204,3204,3204,3204,3204,33.333335876464844,25,28.571430206298828,23.809524536132813,55,5,0,0,9.259506225585938,8589934592,2147483648,6116737024,407961600
202,1772001892783,3204,3204,3204,3204,3204,3204,3204,3204,30.000001907348633,25,25,28.571430206298828,57.142860412597656,4.545454502105713,0,0,9.259506225585938,8589934592,2147483648,6116507648,407961600
206,1772001892985,3204,3204,3204,3204,3204,3204,3204,3204,30.000001907348633,21.052631378173828,20,20,20,5,5,4.761904716491699,10.32158088684082,8589934592,2147483648,6116638720,407961600
203,1772001893192,3204,3204,3204,3204,3204,3204,3204,3204,33.333335876464844,27.272727966308594,23.809524536132813,20,23.809524536132813,9.523809432983398,0,0,10.32158088684082,8589934592,2147483648,6117163008,407961600
207,1772001893396,3204,3204,3204,3204,3204,3204,3204,3204,40,35,35,28.571430206298828,20,5,0,0,10.32158088684082,8589934592,2147483648,6117425152,407961600
200,1772001893604,3204,3204,3204,3204,3204,3204,3204,3204,33.333335876464844,33.333335876464844,25,33.333335876464844,9.523809432983398,5.263157844543457,13.043478012084961,5,10.32158088684082,8589934592,2147483648,6117720064,407961600
209,1772001893805,3204,3204,3204,3204,3204,3204,3204,3204,25,26.3157901763916,28.571430206298828,20,9.523809432983398,4.761904716491699,0,0,10.32158088684082,8589934592,2147483648,6117703680,407961600
203,1772001894015,3204,3204,3204,3204,3204,3204,3204,3204,33.333335876464844,31.81818199157715,30.000001907348633,23.809524536132813,20,4.761904716491699,0,0,9.953189849853516,8589934592,2147483648,6118440960,407961600
207,1772001894219,3204,3204,3204,3204,3204,3204,3204,3204,30.000001907348633,25,23.809524536132813,21.052631378173828,30.000001907348633,9.523809432983398,5,5,9.953189849853516,8589934592,2147483648,6118440960,407961600
203,1772001894427,3204,3204,3204,3204,3204,3204,3204,3204,47.619049072265625,35,40,40.90909194946289,5,4.761904716491699,9.090909004211426,4.545454502105713,9.953189849853516,8589934592,2147483648,6118440960,407961600
204,1772001894631,3204,3204,3204,3204,3204,3204,3204,3204,35,35,23.809524536132813,25,4.761904716491699,0,0,0,9.953189849853516,8589934592,2147483648,6118440960,407961600
209,1772001894835,3204,3204,3204,3204,3204,3204,3204,3204,30.000001907348633,28.571430206298828,30.000001907348633,23.809524536132813,9.523809432983398,10,5,5,9.953189849853516,8589934592,2147483648,6110330880,407961600
200,1772001895045,3204,3204,3204,3204,3204,3204,3204,3204,33.333335876464844,33.333335876464844,19.047618865966797,20,14.285715103149414,33.333335876464844,9.523809432983398,4.761904716491699,6.399619102478027,8589934592,2147483648,6113673216,407961600
208,1772001895247,3204,3204,3204,3204,3204,3204,3204,3204,21.052631378173828,25,15.789472579956055,23.809524536132813,10,9.523809432983398,0,0,6.399619102478027,8589934592,2147483648,6113755136,407961600
203,1772001895455,3204,3204,3204,3204,3204,3204,3204,3204,40.90909194946289,35,31.81818199157715,30.000001907348633,19.047618865966797,5,4.761904716491699,4.761904716491699,6.399619102478027,8589934592,2147483648,6125355008,407961600
206,1772001895659,3204,3204,3204,3204,3204,3204,3204,3204,35,33.333335876464844,25,40,5,4.761904716491699,0,4.761904716491699,6.399619102478027,8589934592,2147483648,6114017280,407961600
203,1772001895865,3204,3204,3204,3204,3204,3204,3204,3204,38.095237731933594,40,33.333335876464844,28.571430206298828,14.285715103149414,20,4.761904716491699,0,6.399619102478027,8589934592,2147483648,6119030784,407961600
205,1772001896069,3204,3204,3204,3204,3204,3204,3204,3204,30.000001907348633,28.571430206298828,21.052631378173828,20,10.526315689086914,23.809524536132813,5,9.523809432983398,6.364516735076904,8589934592,2147483648,6119702528,407961600
203,1772001896274,3204,3204,3204,3204,3204,3204,3204,3204,38.095237731933594,40,36.3636360168457,30.000001907348633,13.636363983154297,5.263157844543457,9.523809432983398,4.761904716491699,6.364516735076904,8589934592,2147483648,6125617152,407961600
206,1772001896478,3204,3204,3204,3204,3204,3204,3204,3204,36.842105865478516,40,36.842105865478516,35,5,4.761904716491699,4.761904716491699,0,6.364516735076904,8589934592,2147483648,6131466240,407961600
208,1772001896685,3204,3204,3204,3204,3204,3204,3204,3204,33.333335876464844,31.81818199157715,36.3636360168457,25,0,0,0,0,6.364516735076904,8589934592,2147483648,6130221056,407961600
206,1772001896894,3204,3204,3204,3204,3204,3204,3204,3204,33.333335876464844,25,15.789472579956055,31.81818199157715,5,9.090909004211426,4.761904716491699,4.761904716491699,6.364516735076904,8589934592,2147483648,6130384896,407961600
207,1772001897101,3204,3204,3204,3204,3204,3204,3204,3204,50,50,47.619049072265625,40,9.523809432983398,10,5,5,6.451258659362793,8589934592,2147483648,6150373376,407961600
209,1772001897309,3204,3204,3204,3204,3204,3204,3204,3204,85.71428680419922,85.71428680419922,95.23809814453125,86.36363983154297,9.523809432983398,4.761904716491699,4.545454502105713,4.545454502105713,6.451258659362793,8589934592,2147483648,6150373376,407961600
209,1772001897519,3204,3204,3204,3204,3204,3204,3204,3204,76.19047546386719,71.42857360839844,71.42857360839844,70,0,4.761904716491699,0,0,6.451258659362793,8589934592,2147483648,6150373376,407961600
205,1772001897729,3204,3204,3204,3204,3204,3204,3204,3204,80,80,71.42857360839844,76.19047546386719,18.18181800842285,14.285715103149414,14.285715103149414,4.761904716491699,6.451258659362793,8589934592,2147483648,6150373376,407961600
200,1772001897935,3204,3204,3204,3204,3204,3204,3204,3204,80,71.42857360839844,70,60.000003814697266,0,4.761904716491699,0,0,6.506714820861816,8589934592,2147483648,6159253504,407961600
206,1772001898136,3204,3204,3204,3204,3204,3204,3204,3204,47.619049072265625,50,40,30.000001907348633,0,0,0,0,6.506714820861816,8589934592,2147483648,6159253504,407961600
207,1772001898342,3204,3204,3204,3204,3204,3204,3204,3204,25,28.571430206298828,28.571430206298828,23.809524536132813,0,0,0,0,6.506714820861816,8589934592,2147483648,6159269888,407961600
208,1772001898550,3204,3204,3204,3204,3204,3204,3204,3204,28.571430206298828,30.000001907348633,28.571430206298828,23.809524536132813,4.761904716491699,0,0,0,6.506714820861816,8589934592,2147483648,6159843328,407961600
201,1772001898759,3204,3204,3204,3204,3204,3204,3204,3204,28.571430206298828,28.571430206298828,23.809524536132813,20,5,9.523809432983398,4.761904716491699,4.761904716491699,6.506714820861816,8589934592,2147483648,6160744448,407961600
209,1772001898961,3204,3204,3204,3204,3204,3204,3204,3204,26.3157901763916,25,20,23.809524536132813,4.761904716491699,0,0,0,7.121562480926514,8589934592,2147483648,6161301504,407961600
204,1772001899171,3204,3204,3204,3204,3204,3204,3204,3204,27.272727966308594,28.571430206298828,25,19.047618865966797,4.761904716491699,4.761904716491699,0,4.545454502105713,7.121562480926514,8589934592,2147483648,6161367040,407961600
209,1772001899375,3204,3204,3204,3204,3204,3204,3204,3204,26.3157901763916,25,19.047618865966797,25,5,4.761904716491699,4.761904716491699,0,7.121562480926514,8589934592,2147483648,6161334272,407961600
206,1772001899586,3204,3204,3204,3204,3204,3204,3204,3204,27.272727966308594,23.809524536132813,20,25,4.545454502105713,0,0,0,7.121562480926514,8589934592,2147483648,6160482304,407961600
206,1772001899792,3204,3204,3204,3204,3204,3204,3204,3204,35,35,33.333335876464844,33.333335876464844,10,9.523809432983398,14.285715103149414,4.761904716491699,7.121562480926514,8589934592,2147483648,6160482304,407961600
201,1772001900000,3204,3204,3204,3204,3204,3204,3204,3204,20,19.047618865966797,19.047618865966797,19.047618865966797,9.523809432983398,14.285715103149414,4.761904716491699,0,6.153170108795166,8589934592,2147483648,6160384000,407961600
203,1772001900201,3204,3204,3204,3204,3204,3204,3204,3204,33.333335876464844,35,30.000001907348633,30.000001907348633,20,10,10,13.636363983154297,6.153170108795166,8589934592,2147483648,6180290560,407961600
203,1772001900405,3204,3204,3204,3204,3204,3204,3204,3204,35,40,25,30.000001907348633,0,0,4.761904716491699,0,6.153170108795166,8589934592,2147483648,6180569088,407961600
207,1772001900609,3204,3204,3204,3204,3204,3204,3204,3204,35,38.095237731933594,26.3157901763916,33.333335876464844,13.636363983154297,10,5,5,6.153170108795166,8589934592,2147483648,6186172416,407961600
203,1772001900817,3204,3204,3204,3204,3204,3204,3204,3204,42.85714340209961,40,33.333335876464844,30.000001907348633,25,27.272727966308594,25,25,6.153170108795166,8589934592,2147483648,6186172416,407961600
209,1772001901021,3204,3204,3204,3204,3204,3204,3204,3204,35,28.571430206298828,33.333335876464844,25,14.285715103149414,26.3157901763916,4.761904716491699,4.761904716491699,6.0893425941467285,8589934592,2147483648,6176325632,407961600
201,1772001901232,3204,3204,3204,3204,3204,3204,3204,3204,33.333335876464844,30.000001907348633,28.571430206298828,27.272727966308594,0,4.545454502105713,0,0,6.0893425941467285,8589934592,2147483648,6169247744,407961600
208,1772001901433,3204,3204,3204,3204,3204,3204,3204,3204,45,40,40,52.6315803527832,4.761904716491699,0,0,0,6.0893425941467285,8589934592,2147483648,6175162368,407961600
209,1772001901642,3204,3204,3204,3204,3204,3204,3204,3204,30.000001907348633,33.333335876464844,28.571430206298828,28.571430206298828,4.761904716491699,4.761904716491699,4.761904716491699,4.761904716491699,6.0893425941467285,8589934592,2147483648,6173949952,407961600
209,1772001901852,3204,3204,3204,3204,3204,3204,3204,3204,45.45454788208008,40,38.095237731933594,38.095237731933594,10,22.72727394104004,9.523809432983398,4.761904716491699,6.0893425941467285,8589934592,2147483648,6176882688,407961600
209,1772001902062,3204,3204,3204,3204,3204,3204,3204,3204,35,28.571430206298828,28.571430206298828,25,9.090909004211426,4.761904716491699,4.761904716491699,0,7.1074347496032715,8589934592,2147483648,6164807680,407961600
209,1772001902272,3204,3204,3204,3204,3204,3204,3204,3204,33.333335876464844,31.81818199157715,20,30.434782028198242,9.523809432983398,5,4.761904716491699,4.761904716491699,7.1074347496032715,8589934592,2147483648,6164873216,407961600
209,1772001902482,3204,3204,3204,3204,3204,3204,3204,3204,33.333335876464844,38.095237731933594,28.571430206298828,31.57894515991211,5,4.761904716491699,4.761904716491699,0,7.1074347496032715,8589934592,2147483648,6164873216,407961600
203,1772001902692,3204,3204,3204,3204,3204,3204,3204,3204,28.571430206298828,20,25,19.047618865966797,4.761904716491699,9.090909004211426,0,0,7.1074347496032715,8589934592,2147483648,6164873216,407961600
202,1772001902896,3204,3204,3204,3204,3204,3204,3204,3204,30.000001907348633,28.571430206298828,23.809524536132813,28.571430206298828,0,0,0,0,7.1074347496032715,8589934592,2147483648,6164873216,407961600
209,1772001903098,3204,3204,3204,3204,3204,3204,3204,3204,28.571430206298828,30.000001907348633,28.571430206298828,21.052631378173828,4.761904716491699,0,4.761904716491699,5,6.337807655334473,8589934592,2147483648,6162923520,407961600
207,1772001903308,3204,3204,3204,3204,3204,3204,3204,3204,25,25,19.047618865966797,19.047618865966797,9.523809432983398,9.090909004211426,0,4.761904716491699,6.337807655334473,8589934592,2147483648,6162874368,407961600
201,1772001903517,3204,3204,3204,3204,3204,3204,3204,3204,28.571430206298828,31.81818199157715,23.809524536132813,27.272727966308594,0,0,4.545454502105713,0,6.337807655334473,8589934592,2147483648,6162874368,407961600
208,1772001903719,3204,3204,3204,3204,3204,3204,3204,3204,25,26.3157901763916,25,21.052631378173828,5,5,0,5,6.337807655334473,8589934592,2147483648,6163169280,407961600
200,1772001903928,3204,3204,3204,3204,3204,3204,3204,3204,28.571430206298828,27.272727966308594,23.809524536132813,28.571430206298828,0,4.545454502105713,0,0,6.249443531036377,8589934592,2147483648,6163218432,407961600
205,1772001904129,3204,3204,3204,3204,3204,3204,3204,3204,36.842105865478516,31.57894515991211,26.3157901763916,28.571430206298828,15.000000953674316,5.555555820465088,19.047618865966797,10,6.249443531036377,8589934592,2147483648,6161448960,407961600
200,1772001904335,3204,3204,3204,3204,3204,3204,3204,3204,25,25,23.809524536132813,25,9.090909004211426,4.761904716491699,4.761904716491699,0,6.249443531036377,8589934592,2147483648,6160613376,407961600
203,1772001904536,3204,3204,3204,3204,3204,3204,3204,3204,27.272727966308594,30.000001907348633,26.3157901763916,23.809524536132813,5,9.523809432983398,0,4.761904716491699,6.249443531036377,8589934592,2147483648,6160957440,407961600
200,1772001904739,3204,3204,3204,3204,3204,3204,3204,3204,22.22222328186035,30.000001907348633,28.571430206298828,20,5.263157844543457,5,5,9.523809432983398,6.249443531036377,8589934592,2147483648,6160990208,407961600
209,1772001904940,3204,3204,3204,3204,3204,3204,3204,3204,33.333335876464844,33.333335876464844,25,15.789472579956055,9.523809432983398,9.523809432983398,9.523809432983398,0,6.076437950134277,8589934592,2147483648,6160973824,407961600
208,1772001905150,3204,3204,3204,3204,3204,3204,3204,3204,19.047618865966797,19.047618865966797,19.047618865966797,19.047618865966797,19.047618865966797,15.000000953674316,4.761904716491699,9.090909004211426,6.076437950134277,8589934592,2147483648,6161842176,407961600
201,1772001905358,3204,3204,3204,3204,3204,3204,3204,3204,33.333335876464844,23.809524536132813,19.047618865966797,14.285715103149414,14.285715103149414,9.523809432983398,5,5,6.076437950134277,8589934592,2147483648,6160465920,407961600
208,1772001905560,3204,3204,3204,3204,3204,3204,3204,3204,31.57894515991211,26.3157901763916,25,25,0,0,4.761904716491699,0,6.076437950134277,8589934592,2147483648,6160318464,407961600
207,1772001905769,3204,3204,3204,3204,3204,3204,3204,3204,28.571430206298828,27.272727966308594,19.047618865966797,23.809524536132813,5,9.090909004211426,0,4.761904716491699,6.076437950134277,8589934592,2147483648,6161776640,407961600
201,1772001905977,3204,3204,3204,3204,3204,3204,3204,3204,61.904762268066406,57.894737243652344,55,52.38095474243164,14.285715103149414,20,4.761904716491699,0,6.228053092956543,8589934592,2147483648,6173900800,407961600
202,1772001906180,3204,3204,3204,3204,3204,3204,3204,3204,73.68421173095703,66.66667175292969,60.000003814697266,55,20,19.047618865966797,5,10,6.228053092956543,8589934592,2147483648,6177275904,407961600
209,1772001906382,3204,3204,3204,3204,3204,3204,3204,3204,76.19047546386719,71.42857360839844,70,70,14.285715103149414,5,9.523809432983398,5,6.228053092956543,8589934592,2147483648,6165577728,407961600
203,1772001906593,3204,3204,3204,3204,3204,3204,3204,3204,54.54545593261719,50,57.142860412597656,50,4.761904716491699,4.761904716491699,4.761904716491699,4.545454502105713,6.228053092956543,8589934592,2147483648,6164725760,407961600
205,1772001906797,3204,3204,3204,3204,3204,3204,3204,3204,55,52.38095474243164,47.619049072265625,47.36842346191406,0,0,0,0,6.228053092956543,8589934592,2147483648,6165004288,407961600
201,1772001907003,3204,3204,3204,3204,3204,3204,3204,3204,40,50,40,35,0,4.761904716491699,0,0,6.380422592163086,8589934592,2147483648,6167150592,407961600
205,1772001907205,3204,3204,3204,3204,3204,3204,3204,3204,65,61.904762268066406,55,75,0,0,0,0,6.380422592163086,8589934592,2147483648,6167117824,407961600
208,1772001907411,3204,3204,3204,3204,3204,3204,3204,3204,45,42.105262756347656,40,40.90909194946289,0,0,0,0,6.380422592163086,8589934592,2147483648,6167576576,407961600
204,1772001907620,3204,3204,3204,3204,3204,3204,3204,3204,47.619049072265625,42.85714340209961,42.85714340209961,40,4.545454502105713,4.761904716491699,0,0,6.380422592163086,8589934592,2147483648,6167609344,407961600
208,1772001907826,3204,3204,3204,3204,3204,3204,3204,3204,55,50,52.38095474243164,45,0,4.761904716491699,4.761904716491699,0,6.380422592163086,8589934592,2147483648,6167609344,407961600
207,1772001908036,3204,3204,3204,3204,3204,3204,3204,3204,61.904762268066406,52.38095474243164,47.619049072265625,42.85714340209961,4.761904716491699,5,0,4.761904716491699,7.147022724151611,8589934592,2147483648,6167609344,407961600
209,1772001908244,3204,3204,3204,3204,3204,3204,3204,3204,68.18181610107422,61.904762268066406,61.904762268066406,66.66667175292969,4.761904716491699,0,4.761904716491699,0,7.147022724151611,8589934592,2147483648,6168461312,407961600
201,1772001908454,3204,3204,3204,3204,3204,3204,3204,3204,50,47.619049072265625,47.619049072265625,40.90909194946289,13.636363983154297,9.523809432983398,9.523809432983398,4.761904716491699,7.147022724151611,8589934592,2147483648,6165725184,407961600
207,1772001908656,3204,3204,3204,3204,3204,3204,3204,3204,52.38095474243164,45,45,40,5,5,0,5,7.147022724151611,8589934592,2147483648,6166102016,407961600
205,1772001908864,3204,3204,3204,3204,3204,3204,3204,3204,63.15789031982422,61.904762268066406,75,50,0,0,4.545454502105713,0,7.147022724151611,8589934592,2147483648,6166298624,407961600
206,1772001909071,3204,3204,3204,3204,3204,3204,3204,3204,68.18181610107422,70,55,47.619049072265625,9.523809432983398,9.090909004211426,4.761904716491699,4.761904716491699,6.510875225067139,8589934592,2147483648,6166298624,407961600
201,1772001909278,3204,3204,3204,3204,3204,3204,3204,3204,57.142860412597656,55,57.142860412597656,60.000003814697266,4.761904716491699,4.761904716491699,0,0,6.510875225067139,8589934592,2147483648,6165921792,407961600
208,1772001909480,3204,3204,3204,3204,3204,3204,3204,3204,50,47.619049072265625,38.095237731933594,38.095237731933594,0,0,4.761904716491699,4.761904716491699,6.510875225067139,8589934592,2147483648,6166052864,407961600
209,1772001909689,3204,3204,3204,3204,3204,3204,3204,3204,42.85714340209961,47.619049072265625,47.619049072265625,35,13.043478012084961,9.523809432983398,4.761904716491699,9.090909004211426,6.510875225067139,8589934592,2147483648,6166364160,407961600
203,1772001909900,3204,3204,3204,3204,3204,3204,3204,3204,45,47.619049072265625,40,50,0,0,0,0,6.510875225067139,8589934592,2147483648,6166675456,407961600
207,1772001910104,3204,3204,3204,3204,3204,3204,3204,3204,60.000003814697266,65,60.000003814697266,63.15789031982422,5,5,5,4.761904716491699,6.754734516143799,8589934592,2147483648,6167265280,407961600
209,1772001910313,3204,3204,3204,3204,3204,3204,3204,3204,50,45,47.619049072265625,42.85714340209961,9.523809432983398,5,0,9.523809432983398,6.754734516143799,8589934592,2147483648,6172065792,407961600
209,1772001910522,3204,3204,3204,3204,3204,3204,3204,3204,36.3636360168457,40.90909194946289,36.3636360168457,27.272727966308594,9.523809432983398,18.18181800842285,18.18181800842285,4.761904716491699,6.754734516143799,8589934592,2147483648,6172131328,407961600
200,1772001910733,3204,3204,3204,3204,3204,3204,3204,3204,33.333335876464844,25,25,23.809524536132813,4.761904716491699,4.761904716491699,0,0,6.754734516143799,8589934592,2147483648,6174359552,407961600
209,1772001910933,3204,3204,3204,3204,3204,3204,3204,3204,35,35,30.000001907348633,26.3157901763916,5,20,0,0,6.537131309509277,8589934592,2147483648,6174638080,407961600
206,1772001911144,3204,3204,3204,3204,3204,3204,3204,3204,47.619049072265625,50,57.142860412597656,31.81818199157715,0,0,4.545454502105713,0,6.537131309509277,8589934592,2147483648,6176030720,407961600
207,1772001911350,3204,3204,3204,3204,3204,3204,3204,3204,35,28.571430206298828,33.333335876464844,21.052631378173828,4.761904716491699,4.761904716491699,0,0,6.537131309509277,8589934592,2147483648,6173425664,407961600
209,1772001911558,3204,3204,3204,3204,3204,3204,3204,3204,57.142860412597656,52.6315803527832,40,42.85714340209961,61.904762268066406,40,5,4.761904716491699,6.537131309509277,8589934592,2147483648,6182010880,407961600
208,1772001911769,3204,3204,3204,3204,3204,3204,3204,3204,28.571430206298828,27.272727966308594,19.047618865966797,19.047618865966797,76.19047546386719,9.090909004211426,0,0,6.537131309509277,8589934592,2147483648,6183092224,407961600
207,1772001911977,3204,3204,3204,3204,3204,3204,3204,3204,30.000001907348633,23.809524536132813,27.272727966308594,23.809524536132813,45,0,0,0,6.43200159072876,8589934592,2147483648,6182092800,407961600
199,1772001912185,3204,3204,3204,3204,3204,3204,3204,3204,28.571430206298828,20,20,10,61.904762268066406,4.761904716491699,0,0,6.43200159072876,8589934592,2147483648,6181847040,407961600
205,1772001912385,3204,3204,3204,3204,3204,3204,3204,3204,25,28.571430206298828,20,20,85,4.761904716491699,0,0,6.43200159072876,8589934592,2147483648,6182797312,407961600
204,1772001912592,3204,3204,3204,3204,3204,3204,3204,3204,33.333335876464844,26.3157901763916,35,28.571430206298828,66.66667175292969,0,4.761904716491699,4.761904716491699,6.43200159072876,8589934592,2147483648,6164873216,407961600
204,1772001912797,3204,3204,3204,3204,3204,3204,3204,3204,21.052631378173828,31.81818199157715,25,23.809524536132813,55,0,0,4.761904716491699,6.43200159072876,8589934592,2147483648,6156058624,407961600
202,1772001913002,3204,3204,3204,3204,3204,3204,3204,3204,23.809524536132813,21.052631378173828,20,19.047618865966797,85,0,0,0,8.70273494720459,8589934592,2147483648,6159548416,407961600
199,1772001913209,3204,3204,3204,3204,3204,3204,3204,3204,33.333335876464844,33.333335876464844,27.272727966308594,20,54.54545593261719,5,9.523809432983398,4.761904716491699,8.70273494720459,8589934592,2147483648,6131892224,407961600
209,1772001913409,3204,3204,3204,3204,3204,3204,3204,3204,21.052631378173828,26.3157901763916,20,21.052631378173828,89.47368621826172,0,0,0,8.70273494720459,8589934592,2147483648,6132989952,407961600
208,1772001913619,3204,3204,3204,3204,3204,3204,3204,3204,33.333335876464844,23.809524536132813,25,31.81818199157715,85.71428680419922,9.523809432983398,13.636363983154297,0,8.70273494720459,8589934592,2147483648,6133710848,407961600
207,1772001913828,3204,3204,3204,3204,3204,3204,3204,3204,28.571430206298828,38.095237731933594,28.571430206298828,28.571430206298828,63.6363639831543,47.619049072265625,38.095237731933594,25,8.70273494720459,8589934592,2147483648,6133710848,407961600
208,1772001914036,3204,3204,3204,3204,3204,3204,3204,3204,28.571430206298828,28.571430206298828,23.809524536132813,19.047618865966797,90,23.809524536132813,0,4.545454502105713,9.523365020751953,8589934592,2147483648,6133710848,407961600
207,1772001914245,3204,3204,3204,3204,3204,3204,3204,3204,33.333335876464844,25,25,21.052631378173828,4.761904716491699,42.85714340209961,60.000003814697266,0,9.523365020751953,8589934592,2147483648,6133710848,407961600
201,1772001914453,3204,3204,3204,3204,3204,3204,3204,3204,20,28.571430206298828,19.047618865966797,19.047618865966797,0,0,33.333335876464844,0,9.523365020751953,8589934592,2147483648,6135300096,407961600
209,1772001914655,3204,3204,3204,3204,3204,3204,3204,3204,30.000001907348633,26.3157901763916,20,25,75,40,5,0,9.523365020751953,8589934592,2147483648,6140837888,407961600
209,1772001914866,3204,3204,3204,3204,3204,3204,3204,3204,31.81818199157715,31.81818199157715,23.809524536132813,23.809524536132813,42.85714340209961,66.66667175292969,0,0,9.523365020751953,8589934592,2147483648,6132416512,407961600
202,1772001915075,3204,3204,3204,3204,3204,3204,3204,3204,45,47.619049072265625,42.85714340209961,47.619049072265625,4.761904716491699,42.85714340209961,0,0,11.879383087158203,8589934592,2147483648,6137921536,407961600
207,1772001915278,3204,3204,3204,3204,3204,3204,3204,3204,40,35,21.052631378173828,25,9.523809432983398,5,57.142860412597656,52.38095474243164,11.879383087158203,8589934592,2147483648,6146015232,407961600
208,1772001915486,3204,3204,3204,3204,3204,3204,3204,3204,28.571430206298828,25,23.809524536132813,23.809524536132813,19.047618865966797,47.619049072265625,0,38.095237731933594,11.879383087158203,8589934592,2147483648,6148079616,407961600
205,1772001915694,3204,3204,3204,3204,3204,3204,3204,3204,30.000001907348633,23.809524536132813,27.272727966308594,19.047618865966797,0,36.3636360168457,0,0,11.879383087158203,8589934592,2147483648,6147440640,407961600
209,1772001915900,3204,3204,3204,3204,3204,3204,3204,3204,28.571430206298828,20,15.789472579956055,15.000000953674316,35,65,23.809524536132813,0,11.879383087158203,8589934592,2147483648,6145343488,407961600
209,1772001916110,3204,3204,3204,3204,3204,3204,3204,3204,25,28.571430206298828,23.809524536132813,19.047618865966797,52.38095474243164,33.333335876464844,10,0,11.316215515136719,8589934592,2147483648,6145409024,407961600
209,1772001916320,3204,3204,3204,3204,3204,3204,3204,3204,28.571430206298828,36.3636360168457,19.047618865966797,28.571430206298828,0,40,0,0,11.316215515136719,8589934592,2147483648,6145409024,407961600
208,1772001916530,3204,3204,3204,3204,3204,3204,3204,3204,28.571430206298828,25,28.571430206298828,19.047618865966797,9.523809432983398,85.71428680419922,4.545454502105713,0,11.316215515136719,8589934592,2147483648,6128926720,407961600
209,1772001916740,3204,3204,3204,3204,3204,3204,3204,3204,25,23.809524536132813,19.047618865966797,10,100,4.545454502105713,0,0,11.316215515136719,8589934592,2147483648,6128386048,407961600
209,1772001916949,3204,3204,3204,3204,3204,3204,3204,3204,33.333335876464844,33.333335876464844,23.809524536132813,27.272727966308594,28.571430206298828,10,38.095237731933594,0,10.342459678649902,8589934592,2147483648,6127075328,407961600
208,1772001917159,3204,3204,3204,3204,3204,3204,3204,3204,33.333335876464844,38.095237731933594,23.809524536132813,20,42.85714340209961,54.54545593261719,4.761904716491699,4.545454502105713,10.342459678649902,8589934592,2147483648,6125617152,407961600
209,1772001917368,3204,3204,3204,3204,3204,3204,3204,3204,38.095237731933594,25,25,23.809524536132813,0,95.23809814453125,4.761904716491699,0,10.342459678649902,8589934592,2147483648,6125633536,407961600
209,1772001917577,3204,3204,3204,3204,3204,3204,3204,3204,22.72727394104004,19.047618865966797,23.809524536132813,19.047618865966797,0,23.809524536132813,15.000000953674316,0,10.342459678649902,8589934592,2147483648,6125748224,407961600
206,1772001917787,3204,3204,3204,3204,3204,3204,3204,3204,25,28.571430206298828,19.047618865966797,23.809524536132813,15.000000953674316,15.000000953674316,9.523809432983398,0,10.342459678649902,8589934592,2147483648,6125682688,407961600
209,1772001917994,3204,3204,3204,3204,3204,3204,3204,3204,20,28.571430206298828,23.809524536132813,15.000000953674316,4.761904716491699,100,0,0,10.496357917785645,8589934592,2147483648,6132662272,407961600
204,1772001918204,3204,3204,3204,3204,3204,3204,3204,3204,31.81818199157715,33.333335876464844,19.047618865966797,19.047618865966797,57.142860412597656,0,9.523809432983398,4.545454502105713,10.496357917785645,8589934592,2147483648,6125928448,407961600
209,1772001918409,3204,3204,3204,3204,3204,3204,3204,3204,21.052631378173828,25,25,19.047618865966797,9.523809432983398,40,9.090909004211426,0,10.496357917785645,8589934592,2147483648,6127730688,407961600
206,1772001918619,3204,3204,3204,3204,3204,3204,3204,3204,27.272727966308594,25,23.809524536132813,20,20,22.72727394104004,65,0,10.496357917785645,8589934592,2147483648,6143492096,407961600
203,1772001918825,3204,3204,3204,3204,3204,3204,3204,3204,35,38.095237731933594,30.000001907348633,28.571430206298828,30.000001907348633,0,0,0,10.496357917785645,8589934592,2147483648,6126157824,407961600
209,1772001919030,3204,3204,3204,3204,3204,3204,3204,3204,30.000001907348633,30.000001907348633,25,33.333335876464844,23.809524536132813,5,9.523809432983398,47.619049072265625,9.882184028625488,8589934592,2147483648,6141460480,407961600
204,1772001919239,3204,3204,3204,3204,3204,3204,3204,3204,30.000001907348633,33.333335876464844,23.809524536132813,20,70,13.636363983154297,0,20,9.882184028625488,8589934592,2147483648,6139412480,407961600
209,1772001919444,3204,3204,3204,3204,3204,3204,3204,3204,42.85714340209961,31.57894515991211,33.333335876464844,28.571430206298828,23.809524536132813,0,4.761904716491699,4.761904716491699,9.882184028625488,8589934592,2147483648,6127599616,407961600
205,1772001919654,3204,3204,3204,3204,3204,3204,3204,3204,25,27.272727966308594,19.047618865966797,15.000000953674316,45,33.333335876464844,0,0,9.882184028625488,8589934592,2147483648,6131924992,407961600
202,1772001919860,3204,3204,3204,3204,3204,3204,3204,3204,40.90909194946289,35,35,28.571430206298828,27.272727966308594,10,0,42.85714340209961,9.882184028625488,8589934592,2147483648,6160646144,407961600
209,1772001920063,3204,3204,3204,3204,3204,3204,3204,3204,31.57894515991211,25,20,30.000001907348633,25,4.761904716491699,0,0,10.378518104553223,8589934592,2147483648,6146342912,407961600
202,1772001920273,3204,3204,3204,3204,3204,3204,3204,3204,38.095237731933594,36.3636360168457,28.571430206298828,23.809524536132813,35,19.047618865966797,14.285715103149414,14.285715103149414,10.378518104553223,8589934592,2147483648,6158598144,407961600
201,1772001920475,3204,3204,3204,3204,3204,3204,3204,3204,45,36.842105865478516,31.57894515991211,38.095237731933594,10,0,0,0,10.378518104553223,8589934592,2147483648,6165610496,407961600
207,1772001920677,3204,3204,3204,3204,3204,3204,3204,3204,55,52.38095474243164,52.38095474243164,50,15.000000953674316,19.047618865966797,9.523809432983398,5,10.378518104553223,8589934592,2147483648,6137888768,407961600
209,1772001920885,3204,3204,3204,3204,3204,3204,3204,3204,45,40,38.095237731933594,30.000001907348633,9.523809432983398,15.000000953674316,4.761904716491699,0,10.378518104553223,8589934592,2147483648,6132301824,407961600
209,1772001921095,3204,3204,3204,3204,3204,3204,3204,3204,47.619049072265625,47.619049072265625,40,38.095237731933594,28.571430206298828,23.809524536132813,10,4.761904716491699,10.559374809265137,8589934592,2147483648,6117572608,407961600
201,1772001921306,3204,3204,3204,3204,3204,3204,3204,3204,33.333335876464844,38.095237731933594,28.571430206298828,23.809524536132813,15.000000953674316,28.571430206298828,4.761904716491699,14.285715103149414,10.559374809265137,8589934592,2147483648,6107037696,407961600
205,1772001921508,3204,3204,3204,3204,3204,3204,3204,3204,38.095237731933594,33.333335876464844,25,35,9.523809432983398,0,0,4.761904716491699,10.559374809265137,8589934592,2147483648,6107037696,407961600
207,1772001921713,3204,3204,3204,3204,3204,3204,3204,3204,25,26.3157901763916,28.571430206298828,20,0,4.761904716491699,0,0,10.559374809265137,8589934592,2147483648,6103023616,407961600
201,1772001921921,3204,3204,3204,3204,3204,3204,3204,3204,25,33.333335876464844,19.047618865966797,15.000000953674316,5,9.523809432983398,4.761904716491699,0,8.03862476348877,8589934592,2147483648,6103007232,407961600
209,1772001922123,3204,3204,3204,3204,3204,3204,3204,3204,30.000001907348633,40,30.000001907348633,19.047618865966797,0,0,0,0,8.03862476348877,8589934592,2147483648,6103089152,407961600
206,1772001922333,3204,3204,3204,3204,3204,3204,3204,3204,22.72727394104004,28.571430206298828,23.809524536132813,19.047618865966797,4.761904716491699,4.761904716491699,4.761904716491699,4.761904716491699,8.03862476348877,8589934592,2147483648,6103089152,407961600
204,1772001922540,3204,3204,3204,3204,3204,3204,3204,3204,26.3157901763916,25,23.809524536132813,23.809524536132813,9.523809432983398,0,0,0,8.03862476348877,8589934592,2147483648,6103089152,407961600
209,1772001922745,3204,3204,3204,3204,3204,3204,3204,3204,36.3636360168457,33.333335876464844,26.3157901763916,25,4.761904716491699,4.761904716491699,0,0,8.03862476348877,8589934592,2147483648,6103187456,407961600
209,1772001922955,3204,3204,3204,3204,3204,3204,3204,3204,30.000001907348633,33.333335876464844,31.81818199157715,28.571430206298828,23.809524536132813,25,27.272727966308594,23.809524536132813,7.068641662597656,8589934592,2147483648,6103580672,407961600
203,1772001923165,3204,3204,3204,3204,3204,3204,3204,3204,28.571430206298828,25,25,23.809524536132813,0,4.545454502105713,4.545454502105713,0,7.068641662597656,8589934592,2147483648,6103629824,407961600
201,1772001923369,3204,3204,3204,3204,3204,3204,3204,3204,35,33.333335876464844,25,25,33.333335876464844,28.571430206298828,10,5,7.068641662597656,8589934592,2147483648,6103744512,407961600
209,1772001923571,3204,3204,3204,3204,3204,3204,3204,3204,33.333335876464844,30.000001907348633,28.571430206298828,23.809524536132813,0,0,0,0,7.068641662597656,8589934592,2147483648,6103777280,407961600
209,1772001923781,3204,3204,3204,3204,3204,3204,3204,3204,25,23.809524536132813,28.571430206298828,15.000000953674316,0,0,0,0,7.068641662597656,8589934592,2147483648,6103826432,407961600
209,1772001923991,3204,3204,3204,3204,3204,3204,3204,3204,23.809524536132813,23.809524536132813,28.571430206298828,23.809524536132813,4.761904716491699,0,0,4.545454502105713,6.1968913078308105,8589934592,2147483648,6104023040,407961600
206,1772001924202,3204,3204,3204,3204,3204,3204,3204,3204,23.809524536132813,19.047618865966797,23.809524536132813,19.047618865966797,4.761904716491699,4.761904716491699,0,0,6.1968913078308105,8589934592,2147483648,6103498752,407961600
207,1772001924409,3204,3204,3204,3204,3204,3204,3204,3204,30.000001907348633,23.809524536132813,25,20,0,0,0,0,6.1968913078308105,8589934592,2147483648,6103531520,407961600
203,1772001924617,3204,3204,3204,3204,3204,3204,3204,3204,23.809524536132813,15.000000953674316,23.809524536132813,22.72727394104004,0,0,4.761904716491699,0,6.1968913078308105,8589934592,2147483648,6103564288,407961600
208,1772001924821,3204,3204,3204,3204,3204,3204,3204,3204,33.333335876464844,30.000001907348633,21.052631378173828,15.789472579956055,0,0,0,0,6.1968913078308105,8589934592,2147483648,6104694784,407961600
209,1772001925029,3204,3204,3204,3204,3204,3204,3204,3204,25,23.809524536132813,27.272727966308594,22.72727394104004,8.69565200805664,4.761904716491699,0,0,5.953549385070801,8589934592,2147483648,6098845696,407961600
209,1772001925240,3204,3204,3204,3204,3204,3204,3204,3204,28.571430206298828,19.047618865966797,28.571430206298828,15.000000953674316,10,9.523809432983398,4.545454502105713,0,5.953549385070801,8589934592,2147483648,6098796544,407961600
202,1772001925449,3204,3204,3204,3204,3204,3204,3204,3204,23.809524536132813,30.000001907348633,23.809524536132813,19.047618865966797,36.3636360168457,14.285715103149414,9.523809432983398,4.761904716491699,5.953549385070801,8589934592,2147483648,6114361344,407961600
208,1772001925653,3204,3204,3204,3204,3204,3204,3204,3204,30.000001907348633,33.333335876464844,25,20,10.526315689086914,10,0,0,5.953549385070801,8589934592,2147483648,6104170496,407961600
209,1772001925862,3204,3204,3204,3204,3204,3204,3204,3204,28.571430206298828,28.571430206298828,19.047618865966797,19.047618865966797,0,0,4.761904716491699,0,5.953549385070801,8589934592,2147483648,6104334336,407961600
205,1772001926072,3204,3204,3204,3204,3204,3204,3204,3204,33.333335876464844,33.333335876464844,20,19.047618865966797,9.090909004211426,23.809524536132813,0,8.69565200805664,5.597131729125977,8589934592,2147483648,6104203264,407961600
207,1772001926278,3204,3204,3204,3204,3204,3204,3204,3204,28.571430206298828,25,22.72727394104004,15.000000953674316,15.789472579956055,15.000000953674316,5,0,5.597131729125977,8589934592,2147483648,6105628672,407961600
209,1772001926486,3204,3204,3204,3204,3204,3204,3204,3204,25,28.571430206298828,15.000000953674316,14.285715103149414,9.090909004211426,4.761904716491699,0,4.545454502105713,5.597131729125977,8589934592,2147483648,6098894848,407961600
206,1772001926695,3204,3204,3204,3204,3204,3204,3204,3204,30.000001907348633,23.809524536132813,20,19.047618865966797,0,0,0,0,5.597131729125977,8589934592,2147483648,6098927616,407961600
200,1772001926902,3204,3204,3204,3204,3204,3204,3204,3204,28.571430206298828,30.000001907348633,19.047618865966797,19.047618865966797,4.761904716491699,5,4.761904716491699,0,5.597131729125977,8589934592,2147483648,6098960384,407961600
202,1772001927103,3204,3204,3204,3204,3204,3204,3204,3204,25,26.3157901763916,20,20,0,0,0,0,5.983581066131592,8589934592,2147483648,6098976768,407961600
203,1772001927306,3204,3204,3204,3204,3204,3204,3204,3204,25,33.333335876464844,15.000000953674316,20,0,4.761904716491699,0,0,5.983581066131592,8589934592,2147483648,6098731008,407961600
209,1772001927510,3204,3204,3204,3204,3204,3204,3204,3204,30.000001907348633,30.000001907348633,30.000001907348633,28.571430206298828,15.000000953674316,4.761904716491699,0,4.761904716491699,5.983581066131592,8589934592,2147483648,6109249536,407961600
208,1772001927720,3204,3204,3204,3204,3204,3204,3204,3204,28.571430206298828,31.81818199157715,19.047618865966797,20,18.18181800842285,14.285715103149414,9.090909004211426,0,5.983581066131592,8589934592,2147483648,6099501056,407961600
204,1772001927929,3204,3204,3204,3204,3204,3204,3204,3204,28.571430206298828,20,23.809524536132813,23.809524536132813,0,4.761904716491699,0,0,6.093653202056885,8589934592,2147483648,6099582976,407961600
209,1772001928134,3204,3204,3204,3204,3204,3204,3204,3204,25,25,20,20,4.761904716491699,0,0,0,6.093653202056885,8589934592,2147483648,6094274560,407961600
207,1772001928344,3204,3204,3204,3204,3204,3204,3204,3204,31.81818199157715,23.809524536132813,23.809524536132813,19.047618865966797,0,4.761904716491699,4.761904716491699,0,6.093653202056885,8589934592,2147483648,6094274560,407961600
208,1772001928552,3204,3204,3204,3204,3204,3204,3204,3204,31.57894515991211,28.571430206298828,23.809524536132813,19.047618865966797,0,0,0,0,6.093653202056885,8589934592,2147483648,6094274560,407961600
209,1772001928761,3204,3204,3204,3204,3204,3204,3204,3204,31.81818199157715,23.809524536132813,19.047618865966797,20,4.761904716491699,0,4.545454502105713,4.545454502105713,6.093653202056885,8589934592,2147483648,6094274560,407961600
207,1772001928971,3204,3204,3204,3204,3204,3204,3204,3204,25,23.809524536132813,20,22.72727394104004,4.545454502105713,4.761904716491699,0,0,5.802587985992432,8589934592,2147483648,6093045760,407961600
199,1772001929179,3204,3204,3204,3204,3204,3204,3204,3204,28.571430206298828,25,22.72727394104004,19.047618865966797,0,0,0,0,5.802587985992432,8589934592,2147483648,6092554240,407961600
204,1772001929379,3204,3204,3204,3204,3204,3204,3204,3204,30.000001907348633,20,21.052631378173828,11.111111640930176,0,0,0,0,5.802587985992432,8589934592,2147483648,6092587008,407961600
202,1772001929584,3204,3204,3204,3204,3204,3204,3204,3204,25,25,19.047618865966797,22.72727394104004,0,0,0,0,5.802587985992432,8589934592,2147483648,6092570624,407961600
202,1772001929787,3204,3204,3204,3204,3204,3204,3204,3204,38.095237731933594,38.095237731933594,30.000001907348633,28.571430206298828,28.571430206298828,19.047618865966797,4.761904716491699,0,5.802587985992432,8589934592,2147483648,6092455936,407961600
202,1772001929990,3204,3204,3204,3204,3204,3204,3204,3204,30.000001907348633,25,25,25,10,10,5,5,5.504793167114258,8589934592,2147483648,6092193792,407961600
202,1772001930192,3204,3204,3204,3204,3204,3204,3204,3204,30.000001907348633,25,20,20,0,0,0,0,5.504793167114258,8589934592,2147483648,6092193792,407961600
204,1772001930395,3204,3204,3204,3204,3204,3204,3204,3204,55,57.894737243652344,57.142860412597656,52.6315803527832,33.333335876464844,45,25,21.052631378173828,5.504793167114258,8589934592,2147483648,6098944000,407961600
208,1772001930600,3204,3204,3204,3204,3204,3204,3204,3204,50,47.619049072265625,65,42.85714340209961,14.285715103149414,9.523809432983398,5,4.761904716491699,5.504793167114258,8589934592,2147483648,6095519744,407961600
206,1772001930810,3204,3204,3204,3204,3204,3204,3204,3204,27.272727966308594,23.809524536132813,23.809524536132813,20,0,0,0,0,5.504793167114258,8589934592,2147483648,6095519744,407961600
209,1772001931017,3204,3204,3204,3204,3204,3204,3204,3204,26.3157901763916,33.333335876464844,20,19.047618865966797,9.523809432983398,9.523809432983398,23.809524536132813,8.69565200805664,5.736987113952637,8589934592,2147483648,6095716352,407961600
202,1772001931227,3204,3204,3204,3204,3204,3204,3204,3204,28.571430206298828,20,27.272727966308594,19.047618865966797,4.761904716491699,0,0,0,5.736987113952637,8589934592,2147483648,6095749120,407961600
209,1772001931430,3204,3204,3204,3204,3204,3204,3204,3204,28.571430206298828,23.809524536132813,26.3157901763916,14.285715103149414,0,0,0,0,5.736987113952637,8589934592,2147483648,6092292096,407961600
207,1772001931640,3204,3204,3204,3204,3204,3204,3204,3204,33.333335876464844,23.809524536132813,23.809524536132813,19.047618865966797,5,4.761904716491699,0,0,5.736987113952637,8589934592,2147483648,6091276288,407961600
209,1772001931848,3204,3204,3204,3204,3204,3204,3204,3204,40,26.3157901763916,30.000001907348633,25,10,9.523809432983398,14.285715103149414,4.545454502105713,5.736987113952637,8589934592,2147483648,6081708032,407961600
205,1772001932057,3204,3204,3204,3204,3204,3204,3204,3204,28.571430206298828,31.81818199157715,27.272727966308594,19.047618865966797,22.72727394104004,19.047618865966797,0,0,6.854331970214844,8589934592,2147483648,6073237504,407961600
199,1772001932263,3204,3204,3204,3204,3204,3204,3204,3204,20,23.809524536132813,25,23.809524536132813,0,0,0,0,6.854331970214844,8589934592,2147483648,6072418304,407961600
204,1772001932464,3204,3204,3204,3204,3204,3204,3204,3204,28.571430206298828,20,23.809524536132813,25,5,5,0,5,6.854331970214844,8589934592,2147483648,6072221696,407961600
209,1772001932669,3204,3204,3204,3204,3204,3204,3204,3204,26.3157901763916,30.000001907348633,20,20,5,0,0,0,6.854331970214844,8589934592,2147483648,6072221696,407961600
199,1772001932879,3204,3204,3204,3204,3204,3204,3204,3204,28.571430206298828,28.571430206298828,28.571430206298828,15.000000953674316,0,0,4.545454502105713,0,6.854331970214844,8589934592,2147483648,6072221696,407961600
205,1772001933079,3204,3204,3204,3204,3204,3204,3204,3204,25,20,25,19.047618865966797,5.263157844543457,10,5,0,5.828841209411621,8589934592,2147483648,6073876480,407961600
207,1772001933285,3204,3204,3204,3204,3204,3204,3204,3204,23.809524536132813,30.000001907348633,25,15.000000953674316,0,0,0,0,5.828841209411621,8589934592,2147483648,6073876480,407961600
204,1772001933492,3204,3204,3204,3204,3204,3204,3204,3204,25,20,20,22.72727394104004,0,0,0,0,5.828841209411621,8589934592,2147483648,6073794560,407961600
207,1772001933697,3204,3204,3204,3204,3204,3204,3204,3204,23.809524536132813,25,33.333335876464844,15.789472579956055,5,4.761904716491699,0,4.545454502105713,5.828841209411621,8589934592,2147483648,6073532416,407961600
209,1772001933905,3204,3204,3204,3204,3204,3204,3204,3204,20,22.72727394104004,28.571430206298828,19.047618865966797,0,0,0,0,5.710021495819092,8589934592,2147483648,6073368576,407961600
209,1772001934115,3204,3204,3204,3204,3204,3204,3204,3204,36.3636360168457,25,23.809524536132813,27.272727966308594,27.272727966308594,28.571430206298828,18.18181800842285,4.761904716491699,5.710021495819092,8589934592,2147483648,6070190080,407961600
202,1772001934325,3204,3204,3204,3204,3204,3204,3204,3204,40,45.45454788208008,38.095237731933594,31.57894515991211,4.761904716491699,4.545454502105713,0,0,5.710021495819092,8589934592,2147483648,6072205312,407961600
207,1772001934528,3204,3204,3204,3204,3204,3204,3204,3204,23.809524536132813,25,26.3157901763916,20,0,0,0,0,5.710021495819092,8589934592,2147483648,6072238080,407961600
209,1772001934737,3204,3204,3204,3204,3204,3204,3204,3204,30.000001907348633,25,33.333335876464844,22.72727394104004,4.761904716491699,4.545454502105713,0,0,5.710021495819092,8589934592,2147483648,6074138624,407961600
203,1772001934947,3204,3204,3204,3204,3204,3204,3204,3204,23.809524536132813,27.272727966308594,28.571430206298828,23.809524536132813,4.761904716491699,4.761904716491699,4.761904716491699,4.545454502105713,5.550925254821777,8589934592,2147483648,6074138624,407961600
208,1772001935150,3204,3204,3204,3204,3204,3204,3204,3204,35,47.36842346191406,33.333335876464844,31.57894515991211,0,0,0,0,5.550925254821777,8589934592,2147483648,6087360512,407961600
209,1772001935359,3204,3204,3204,3204,3204,3204,3204,3204,38.095237731933594,38.095237731933594,30.000001907348633,19.047618865966797,18.18181800842285,9.523809432983398,13.636363983154297,4.761904716491699,5.550925254821777,8589934592,2147483648,6090801152,407961600
206,1772001935569,3204,3204,3204,3204,3204,3204,3204,3204,47.619049072265625,33.333335876464844,30.000001907348633,28.571430206298828,4.761904716491699,4.761904716491699,4.761904716491699,0,5.550925254821777,8589934592,2147483648,6085001216,407961600
207,1772001935776,3204,3204,3204,3204,3204,3204,3204,3204,30.000001907348633,25,31.81818199157715,22.72727394104004,0,4.761904716491699,0,0,5.550925254821777,8589934592,2147483648,6085001216,407961600
207,1772001935983,3204,3204,3204,3204,3204,3204,3204,3204,28.571430206298828,33.333335876464844,25,20,23.809524536132813,10,4.761904716491699,4.761904716491699,6.128664493560791,8589934592,2147483648,6085361664,407961600
207,1772001936192,3204,3204,3204,3204,3204,3204,3204,3204,42.85714340209961,40,38.095237731933594,28.571430206298828,28.571430206298828,9.523809432983398,4.761904716491699,4.761904716491699,6.128664493560791,8589934592,2147483648,6077595648,407961600
204,1772001936400,3204,3204,3204,3204,3204,3204,3204,3204,35,23.809524536132813,23.809524536132813,15.789472579956055,15.000000953674316,9.523809432983398,0,4.545454502105713,6.128664493560791,8589934592,2147483648,6064095232,407961600
209,1772001936604,3204,3204,3204,3204,3204,3204,3204,3204,25,28.571430206298828,25,27.272727966308594,4.761904716491699,0,4.761904716491699,0,6.128664493560791,8589934592,2147483648,6063390720,407961600
209,1772001936814,3204,3204,3204,3204,3204,3204,3204,3204,33.333335876464844,30.000001907348633,20,19.047618865966797,10,14.285715103149414,4.761904716491699,4.761904716491699,6.128664493560791,8589934592,2147483648,6063751168,407961600
208,1772001937024,3204,3204,3204,3204,3204,3204,3204,3204,30.000001907348633,33.333335876464844,27.272727966308594,20,13.636363983154297,9.523809432983398,9.090909004211426,4.761904716491699,6.379134178161621,8589934592,2147483648,6063243264,407961600
209,1772001937233,3204,3204,3204,3204,3204,3204,3204,3204,22.72727394104004,19.047618865966797,19.047618865966797,28.571430206298828,0,0,0,0,6.379134178161621,8589934592,2147483648,6063210496,407961600
200,1772001937443,3204,3204,3204,3204,3204,3204,3204,3204,30.000001907348633,28.571430206298828,23.809524536132813,28.571430206298828,9.090909004211426,9.523809432983398,4.761904716491699,4.761904716491699,6.379134178161621,8589934592,2147483648,6063226880,407961600
205,1772001937644,3204,3204,3204,3204,3204,3204,3204,3204,30.000001907348633,25,15.789472579956055,20,0,4.761904716491699,0,4.761904716491699,6.379134178161621,8589934592,2147483648,6063243264,407961600
205,1772001937851,3204,3204,3204,3204,3204,3204,3204,3204,30.000001907348633,30.000001907348633,28.571430206298828,28.571430206298828,0,0,0,0,6.379134178161621,8589934592,2147483648,6063423488,407961600
203,1772001938056,3204,3204,3204,3204,3204,3204,3204,3204,31.81818199157715,23.809524536132813,15.000000953674316,15.000000953674316,9.090909004211426,9.523809432983398,9.090909004211426,0,6.414371013641357,8589934592,2147483648,6063439872,407961600
209,1772001938260,3204,3204,3204,3204,3204,3204,3204,3204,35,33.333335876464844,33.333335876464844,30.000001907348633,10,0,0,9.523809432983398,6.414371013641357,8589934592,2147483648,6073614336,407961600
209,1772001938470,3204,3204,3204,3204,3204,3204,3204,3204,28.571430206298828,30.000001907348633,19.047618865966797,19.047618865966797,19.047618865966797,15.000000953674316,0,0,6.414371013641357,8589934592,2147483648,6063226880,407961600
202,1772001938681,3204,3204,3204,3204,3204,3204,3204,3204,33.333335876464844,33.333335876464844,25,28.571430206298828,28.571430206298828,27.272727966308594,23.809524536132813,25,6.414371013641357,8589934592,2147483648,6063456256,407961600
200,1772001938884,3204,3204,3204,3204,3204,3204,3204,3204,42.105262756347656,35,38.095237731933594,30.000001907348633,9.523809432983398,5,5,4.761904716491699,6.414371013641357,8589934592,2147483648,6062292992,407961600
206,1772001939085,3204,3204,3204,3204,3204,3204,3204,3204,28.571430206298828,25,20,15.000000953674316,0,5,0,0,5.894961357116699,8589934592,2147483648,6063390720,407961600
209,1772001939292,3204,3204,3204,3204,3204,3204,3204,3204,25,23.809524536132813,35,19.047618865966797,4.761904716491699,4.761904716491699,0,0,5.894961357116699,8589934592,2147483648,6063243264,407961600
201,1772001939502,3204,3204,3204,3204,3204,3204,3204,3204,23.809524536132813,20,33.333335876464844,15.000000953674316,4.761904716491699,4.761904716491699,4.545454502105713,4.761904716491699,5.894961357116699,8589934592,2147483648,6063243264,407961600
203,1772001939705,3204,3204,3204,3204,3204,3204,3204,3204,21.052631378173828,27.272727966308594,20,19.047618865966797,5,5,0,4.761904716491699,5.894961357116699,8589934592,2147483648,6063243264,407961600
209,1772001939909,3204,3204,3204,3204,3204,3204,3204,3204,28.571430206298828,26.3157901763916,20,20,9.090909004211426,0,4.761904716491699,0,6.484934329986572,8589934592,2147483648,6063112192,407961600
209,1772001940119,3204,3204,3204,3204,3204,3204,3204,3204,31.81818199157715,23.809524536132813,23.809524536132813,23.809524536132813,5,9.090909004211426,9.090909004211426,9.090909004211426,6.484934329986572,8589934592,2147483648,6062981120,407961600
206,1772001940329,3204,3204,3204,3204,3204,3204,3204,3204,25,30.000001907348633,22.72727394104004,22.72727394104004,0,0,0,0,6.484934329986572,8589934592,2147483648,6057984000,407961600
208,1772001940535,3204,3204,3204,3204,3204,3204,3204,3204,28.571430206298828,31.81818199157715,21.052631378173828,20,35,40,10,15.000000953674316,6.484934329986572,8589934592,2147483648,6064848896,407961600
199,1772001940745,3204,3204,3204,3204,3204,3204,3204,3204,25,25,23.809524536132813,19.047618865966797,9.523809432983398,13.636363983154297,5,4.761904716491699,6.484934329986572,8589934592,2147483648,6064947200,407961600
209,1772001940945,3204,3204,3204,3204,3204,3204,3204,3204,28.571430206298828,25,28.571430206298828,25,9.523809432983398,25,4.761904716491699,4.761904716491699,5.564153671264648,8589934592,2147483648,6064996352,407961600
209,1772001941155,3204,3204,3204,3204,3204,3204,3204,3204,28.571430206298828,23.809524536132813,28.571430206298828,23.809524536132813,0,0,0,0,5.564153671264648,8589934592,2147483648,6064537600,407961600
208,1772001941364,3204,3204,3204,3204,3204,3204,3204,3204,25,19.047618865966797,23.809524536132813,15.000000953674316,4.761904716491699,4.761904716491699,4.545454502105713,0,5.564153671264648,8589934592,2147483648,6064242688,407961600
200,1772001941573,3204,3204,3204,3204,3204,3204,3204,3204,25,23.809524536132813,25,23.809524536132813,4.761904716491699,0,0,0,5.564153671264648,8589934592,2147483648,6063718400,407961600
208,1772001941774,3204,3204,3204,3204,3204,3204,3204,3204,28.571430206298828,25,25,20,10,10,14.285715103149414,9.523809432983398,5.564153671264648,8589934592,2147483648,6060081152,407961600
208,1772001941983,3204,3204,3204,3204,3204,3204,3204,3204,33.333335876464844,20,28.571430206298828,19.047618865966797,9.523809432983398,9.090909004211426,0,0,6.106975555419922,8589934592,2147483648,6060081152,407961600
209,1772001942192,3204,3204,3204,3204,3204,3204,3204,3204,25,31.81818199157715,25,25,5,9.523809432983398,4.761904716491699,4.545454502105713,6.106975555419922,8589934592,2147483648,6060081152,407961600
206,1772001942402,3204,3204,3204,3204,3204,3204,3204,3204,27.272727966308594,21.052631378173828,28.571430206298828,18.18181800842285,9.090909004211426,0,4.761904716491699,0,6.106975555419922,8589934592,2147483648,6060097536,407961600
201,1772001942608,3204,3204,3204,3204,3204,3204,3204,3204,31.57894515991211,33.333335876464844,33.333335876464844,25,10,4.761904716491699,10,9.090909004211426,6.106975555419922,8589934592,2147483648,6070501376,407961600
202,1772001942811,3204,3204,3204,3204,3204,3204,3204,3204,42.85714340209961,35,30.000001907348633,33.333335876464844,0,0,0,0,6.106975555419922,8589934592,2147483648,6060982272,407961600
204,1772001943013,3204,3204,3204,3204,3204,3204,3204,3204,31.57894515991211,25,30.000001907348633,30.000001907348633,10,5,4.761904716491699,0,5.980492115020752,8589934592,2147483648,6063357952,407961600
209,1772001943219,3204,3204,3204,3204,3204,3204,3204,3204,28.571430206298828,31.81818199157715,20,20,4.761904716491699,10,0,0,5.980492115020752,8589934592,2147483648,6063489024,407961600
209,1772001943428,3204,3204,3204,3204,3204,3204,3204,3204,23.809524536132813,30.000001907348633,23.809524536132813,14.285715103149414,0,0,0,0,5.980492115020752,8589934592,2147483648,6063472640,407961600
203,1772001943638,3204,3204,3204,3204,3204,3204,3204,3204,23.809524536132813,25,23.809524536132813,25,4.761904716491699,4.545454502105713,0,4.545454502105713,5.980492115020752,8589934592,2147483648,6063505408,407961600
207,1772001943842,3204,3204,3204,3204,3204,3204,3204,3204,28.571430206298828,33.333335876464844,25,23.809524536132813,4.761904716491699,5,0,0,5.980492115020752,8589934592,2147483648,6064373760,407961600
208,1772001944050,3204,3204,3204,3204,3204,3204,3204,3204,25,25,22.72727394104004,15.000000953674316,0,0,0,0,6.159245491027832,8589934592,2147483648,6064406528,407961600
203,1772001944259,3204,3204,3204,3204,3204,3204,3204,3204,30.000001907348633,22.72727394104004,20,19.047618865966797,4.761904716491699,4.761904716491699,4.761904716491699,0,6.159245491027832,8589934592,2147483648,6064209920,407961600
200,1772001944462,3204,3204,3204,3204,3204,3204,3204,3204,28.571430206298828,21.052631378173828,20,23.809524536132813,5,5,0,0,6.159245491027832,8589934592,2147483648,6064128000,407961600
202,1772001944663,3204,3204,3204,3204,3204,3204,3204,3204,40,38.095237731933594,30.000001907348633,25,5,0,5,5,6.159245491027832,8589934592,2147483648,6067781632,407961600
199,1772001944867,3204,3204,3204,3204,3204,3204,3204,3204,35,30.000001907348633,25,20,9.523809432983398,10,0,0,6.159245491027832,8589934592,2147483648,6064750592,407961600
209,1772001945067,3204,3204,3204,3204,3204,3204,3204,3204,35,26.3157901763916,28.571430206298828,25,10,9.523809432983398,9.523809432983398,4.761904716491699,5.74938440322876,8589934592,2147483648,6063996928,407961600
209,1772001945277,3204,3204,3204,3204,3204,3204,3204,3204,35,31.81818199157715,25,23.809524536132813,0,4.761904716491699,0,0,5.74938440322876,8589934592,2147483648,6063964160,407961600
205,1772001945486,3204,3204,3204,3204,3204,3204,3204,3204,28.571430206298828,23.809524536132813,19.047618865966797,14.285715103149414,9.523809432983398,19.047618865966797,4.761904716491699,9.523809432983398,5.74938440322876,8589934592,2147483648,6070845440,407961600
209,1772001945692,3204,3204,3204,3204,3204,3204,3204,3204,23.809524536132813,20,19.047618865966797,19.047618865966797,14.285715103149414,5,5,4.761904716491699,5.74938440322876,8589934592,2147483648,6070927360,407961600
209,1772001945902,3204,3204,3204,3204,3204,3204,3204,3204,33.333335876464844,23.809524536132813,30.000001907348633,15.000000953674316,0,9.523809432983398,4.761904716491699,4.761904716491699,5.74938440322876,8589934592,2147483648,6072401920,407961600
207,1772001946112,3204,3204,3204,3204,3204,3204,3204,3204,25,25,23.809524536132813,22.72727394104004,4.545454502105713,14.285715103149414,0,0,5.704301357269287,8589934592,2147483648,6069420032,407961600
204,1772001946321,3204,3204,3204,3204,3204,3204,3204,3204,31.81818199157715,28.571430206298828,23.809524536132813,15.000000953674316,4.761904716491699,0,0,0,5.704301357269287,8589934592,2147483648,6069420032,407961600
209,1772001946526,3204,3204,3204,3204,3204,3204,3204,3204,25,33.333335876464844,19.047618865966797,20,4.761904716491699,5,4.761904716491699,0,5.704301357269287,8589934592,2147483648,6069469184,407961600
206,1772001946736,3204,3204,3204,3204,3204,3204,3204,3204,25,28.571430206298828,20,14.285715103149414,5,13.043478012084961,4.761904716491699,9.090909004211426,5.704301357269287,8589934592,2147483648,6064160768,407961600
208,1772001946942,3204,3204,3204,3204,3204,3204,3204,3204,38.095237731933594,40,33.333335876464844,30.000001907348633,5,4.761904716491699,4.761904716491699,10,6.22236967086792,8589934592,2147483648,6065127424,407961600
202,1772001947151,3204,3204,3204,3204,3204,3204,3204,3204,28.571430206298828,27.272727966308594,25,23.809524536132813,13.636363983154297,0,4.761904716491699,0,6.22236967086792,8589934592,2147483648,6064390144,407961600
201,1772001947354,3204,3204,3204,3204,3204,3204,3204,3204,31.57894515991211,25,23.809524536132813,23.809524536132813,5,9.523809432983398,5,4.761904716491699,6.22236967086792,8589934592,2147483648,6064553984,407961600
199,1772001947556,3204,3204,3204,3204,3204,3204,3204,3204,28.571430206298828,31.57894515991211,30.000001907348633,25,4.761904716491699,0,0,0,6.22236967086792,8589934592,2147483648,6064242688,407961600
206,1772001947756,3204,3204,3204,3204,3204,3204,3204,3204,30.000001907348633,25,25,23.809524536132813,0,0,0,0,6.22236967086792,8589934592,2147483648,6064275456,407961600
209,1772001947963,3204,3204,3204,3204,3204,3204,3204,3204,30.000001907348633,28.571430206298828,23.809524536132813,21.052631378173828,4.761904716491699,4.761904716491699,4.761904716491699,4.761904716491699,6.00527811050415,8589934592,2147483648,6064095232,407961600
207,1772001948173,3204,3204,3204,3204,3204,3204,3204,3204,50,42.85714340209961,50,42.85714340209961,0,4.761904716491699,4.761904716491699,0,6.00527811050415,8589934592,2147483648,6066176000,407961600
209,1772001948380,3204,3204,3204,3204,3204,3204,3204,3204,47.36842346191406,50,52.38095474243164,57.142860412597656,5,5,4.761904716491699,0,6.00527811050415,8589934592,2147483648,6073663488,407961600
207,1772001948591,3204,3204,3204,3204,3204,3204,3204,3204,59.09090805053711,52.38095474243164,52.38095474243164,47.619049072265625,4.761904716491699,0,0,4.761904716491699,6.00527811050415,8589934592,2147483648,6074695680,407961600
203,1772001948798,3204,3204,3204,3204,3204,3204,3204,3204,25,23.809524536132813,20,20,9.090909004211426,9.090909004211426,4.761904716491699,0,6.00527811050415,8589934592,2147483648,6074138624,407961600
209,1772001949002,3204,3204,3204,3204,3204,3204,3204,3204,52.38095474243164,45,42.85714340209961,38.095237731933594,15.000000953674316,20,5,13.636363983154297,6.025579929351807,8589934592,2147483648,6074138624,407961600
201,1772001949212,3204,3204,3204,3204,3204,3204,3204,3204,50,38.095237731933594,42.85714340209961,47.619049072265625,52.38095474243164,14.285715103149414,4.761904716491699,0,6.025579929351807,8589934592,2147483648,6074138624,407961600
203,1772001949414,3204,3204,3204,3204,3204,3204,3204,3204,25,25,20,20,65,5.263157844543457,0,25,6.025579929351807,8589934592,2147483648,6074138624,407961600
209,1772001949619,3204,3204,3204,3204,3204,3204,3204,3204,33.333335876464844,30.000001907348633,28.571430206298828,20,0,13.636363983154297,0,95.23809814453125,6.025579929351807,8589934592,2147483648,6066356224,407961600
206,1772001949829,3204,3204,3204,3204,3204,3204,3204,3204,28.571430206298828,23.809524536132813,20,19.047618865966797,18.18181800842285,4.761904716491699,0,15.000000953674316,6.025579929351807,8589934592,2147483648,6064308224,407961600
207,1772001950036,3204,3204,3204,3204,3204,3204,3204,3204,20,23.809524536132813,23.809524536132813,23.809524536132813,0,0,0,100,6.321911334991455,8589934592,2147483648,6064242688,407961600
207,1772001950244,3204,3204,3204,3204,3204,3204,3204,3204,28.571430206298828,28.571430206298828,20,19.047618865966797,50,45,0,4.761904716491699,6.321911334991455,8589934592,2147483648,6065700864,407961600
206,1772001950452,3204,3204,3204,3204,3204,3204,3204,3204,28.571430206298828,20,20,15.000000953674316,45,33.333335876464844,47.619049072265625,0,6.321911334991455,8589934592,2147483648,6069747712,407961600
209,1772001950659,3204,3204,3204,3204,3204,3204,3204,3204,30.000001907348633,25,27.272727966308594,19.047618865966797,95,5,0,4.761904716491699,6.321911334991455,8589934592,2147483648,6060736512,407961600
209,1772001950869,3204,3204,3204,3204,3204,3204,3204,3204,38.095237731933594,38.095237731933594,30.000001907348633,28.571430206298828,45.45454788208008,4.761904716491699,4.545454502105713,14.285715103149414,6.321911334991455,8589934592,2147483648,6059393024,407961600
209,1772001951079,3204,3204,3204,3204,3204,3204,3204,3204,28.571430206298828,23.809524536132813,19.047618865966797,20,90.47618865966797,33.333335876464844,0,0,9.38806438446045,8589934592,2147483648,6057607168,407961600
206,1772001951289,3204,3204,3204,3204,3204,3204,3204,3204,30.000001907348633,38.095237731933594,31.81818199157715,23.809524536132813,52.38095474243164,61.904762268066406,9.523809432983398,14.285715103149414,9.38806438446045,8589934592,2147483648,6058377216,407961600
200,1772001951496,3204,3204,3204,3204,3204,3204,3204,3204,23.809524536132813,23.809524536132813,25,23.809524536132813,42.85714340209961,42.85714340209961,4.761904716491699,4.545454502105713,9.38806438446045,8589934592,2147483648,6059114496,407961600
209,1772001951697,3204,3204,3204,3204,3204,3204,3204,3204,40,36.842105865478516,30.000001907348633,30.000001907348633,26.3157901763916,65,45,31.57894515991211,9.38806438446045,8589934592,2147483648,6061555712,407961600
206,1772001951906,3204,3204,3204,3204,3204,3204,3204,3204,28.571430206298828,31.81818199157715,23.809524536132813,19.047618865966797,28.571430206298828,35,50,4.761904716491699,11.373122215270996,8589934592,2147483648,6057721856,407961600
209,1772001952113,3204,3204,3204,3204,3204,3204,3204,3204,50,45,40,40,38.095237731933594,23.809524536132813,10,0,11.373122215270996,8589934592,2147483648,6062702592,407961600
202,1772001952323,3204,3204,3204,3204,3204,3204,3204,3204,23.809524536132813,28.571430206298828,28.571430206298828,18.18181800842285,71.42857360839844,28.571430206298828,0,0,11.373122215270996,8589934592,2147483648,6062981120,407961600
206,1772001952526,3204,3204,3204,3204,3204,3204,3204,3204,25,25,23.809524536132813,15.000000953674316,5,20,0,76.19047546386719,11.373122215270996,8589934592,2147483648,6062735360,407961600
201,1772001952733,3204,3204,3204,3204,3204,3204,3204,3204,25,25,21.052631378173828,20,9.523809432983398,4.761904716491699,4.761904716491699,42.85714340209961,11.373122215270996,8589934592,2147483648,6062800896,407961600
203,1772001952935,3204,3204,3204,3204,3204,3204,3204,3204,28.571430206298828,23.809524536132813,23.809524536132813,23.809524536132813,4.761904716491699,55,15.000000953674316,35,12.569379806518555,8589934592,2147483648,6062833664,407961600
203,1772001953139,3204,3204,3204,3204,3204,3204,3204,3204,28.571430206298828,20,25,10.526315689086914,35,61.904762268066406,10,0,12.569379806518555,8589934592,2147483648,6062915584,407961600
208,1772001953343,3204,3204,3204,3204,3204,3204,3204,3204,35,33.333335876464844,35,33.333335876464844,40,33.333335876464844,19.047618865966797,5,12.569379806518555,8589934592,2147483648,6062915584,407961600
200,1772001953552,3204,3204,3204,3204,3204,3204,3204,3204,25,20,23.809524536132813,20,9.523809432983398,0,0,95.23809814453125,12.569379806518555,8589934592,2147483648,6062915584,407961600
202,1772001953752,3204,3204,3204,3204,3204,3204,3204,3204,30.000001907348633,30.000001907348633,25,23.809524536132813,85,0,0,0,12.569379806518555,8589934592,2147483648,6037929984,407961600
201,1772001953956,3204,3204,3204,3204,3204,3204,3204,3204,30.000001907348633,25,20,15.000000953674316,5,5,5,40,10.338085174560547,8589934592,2147483648,6037979136,407961600
208,1772001954158,3204,3204,3204,3204,3204,3204,3204,3204,25,20,23.809524536132813,20,19.047618865966797,0,4.761904716491699,80.95238494873047,10.338085174560547,8589934592,2147483648,6037962752,407961600
208,1772001954367,3204,3204,3204,3204,3204,3204,3204,3204,27.272727966308594,23.809524536132813,23.809524536132813,23.809524536132813,40,4.761904716491699,52.38095474243164,0,10.338085174560547,8589934592,2147483648,6038781952,407961600
204,1772001954575,3204,3204,3204,3204,3204,3204,3204,3204,25,28.571430206298828,20,20,22.72727394104004,50,4.761904716491699,0,10.338085174560547,8589934592,2147483648,6040125440,407961600
204,1772001954781,3204,3204,3204,3204,3204,3204,3204,3204,25,25,20,14.285715103149414,0,73.68421173095703,14.285715103149414,0,10.338085174560547,8589934592,2147483648,6039879680,407961600
208,1772001954985,3204,3204,3204,3204,3204,3204,3204,3204,30.000001907348633,33.333335876464844,25,25,40,4.761904716491699,0,4.761904716491699,10.660919189453125,8589934592,2147483648,6047449088,407961600
188,1772001955215,3204,3204,3204,3204,3204,3204,3204,3204,30.434782028198242,27.272727966308594,25,25,50,0,0,0,10.660919189453125,8589934592,2147483648,6053806080,407961600
204,1772001955404,3204,3204,3204,3204,3204,3204,3204,3204,36.842105865478516,36.842105865478516,26.3157901763916,27.77777862548828,33.333335876464844,21.052631378173828,11.111111640930176,10.526315689086914,10.660919189453125,8589934592,2147483648,6058147840,407961600
209,1772001955609,3204,3204,3204,3204,3204,3204,3204,3204,28.571430206298828,25,20,19.047618865966797,45,19.047618865966797,14.285715103149414,4.761904716491699,10.660919189453125,8589934592,2147483648,6070681600,407961600
208,1772001955819,3204,3204,3204,3204,3204,3204,3204,3204,35,35,38.095237731933594,25,28.571430206298828,0,0,0,10.660919189453125,8589934592,2147483648,6088605696,407961600
201,1772001956028,3204,3204,3204,3204,3204,3204,3204,3204,28.571430206298828,27.272727966308594,25,23.809524536132813,65,9.523809432983398,14.285715103149414,0,10.503881454467773,8589934592,2147483648,6092701696,407961600
208,1772001956230,3204,3204,3204,3204,3204,3204,3204,3204,26.3157901763916,30.000001907348633,25,25,60.000003814697266,0,0,0,10.503881454467773,8589934592,2147483648,6091669504,407961600
204,1772001956439,3204,3204,3204,3204,3204,3204,3204,3204,33.333335876464844,25,28.571430206298828,19.047618865966797,14.285715103149414,4.761904716491699,4.761904716491699,0,10.503881454467773,8589934592,2147483648,6091915264,407961600
201,1772001956645,3204,3204,3204,3204,3204,3204,3204,3204,35,25,23.809524536132813,30.000001907348633,90,0,0,0,10.503881454467773,8589934592,2147483648,6091915264,407961600
202,1772001956846,3204,3204,3204,3204,3204,3204,3204,3204,35,35,25,20,60.000003814697266,0,5,5,10.503881454467773,8589934592,2147483648,6092177408,407961600
209,1772001957049,3204,3204,3204,3204,3204,3204,3204,3204,60.000003814697266,50,50,50,55,30.000001907348633,30.000001907348633,25,9.251324653625488,8589934592,2147483648,6105972736,407961600
209,1772001957259,3204,3204,3204,3204,3204,3204,3204,3204,33.333335876464844,31.81818199157715,30.000001907348633,19.047618865966797,23.809524536132813,13.636363983154297,13.636363983154297,14.285715103149414,9.251324653625488,8589934592,2147483648,6125551616,407961600
208,1772001957469,3204,3204,3204,3204,3204,3204,3204,3204,35,35,25,23.809524536132813,36.3636360168457,0,0,0,9.251324653625488,8589934592,2147483648,6125551616,407961600
201,1772001957677,3204,3204,3204,3204,3204,3204,3204,3204,40.90909194946289,38.095237731933594,38.095237731933594,33.333335876464844,65,23.809524536132813,14.285715103149414,0,9.251324653625488,8589934592,2147483648,6125551616,407961600
205,1772001957879,3204,3204,3204,3204,3204,3204,3204,3204,30.000001907348633,35,28.571430206298828,25,85,0,0,0,9.251324653625488,8589934592,2147483648,6126518272,407961600
206,1772001958085,3204,3204,3204,3204,3204,3204,3204,3204,25,20,20,15.000000953674316,45,0,0,0,9.282690048217773,8589934592,2147483648,6129958912,407961600
209,1772001958292,3204,3204,3204,3204,3204,3204,3204,3204,30.000001907348633,30.000001907348633,23.809524536132813,19.047618865966797,60.000003814697266,0,4.761904716491699,9.090909004211426,9.282690048217773,8589934592,2147483648,6126944256,407961600
199,1772001958502,3204,3204,3204,3204,3204,3204,3204,3204,28.571430206298828,33.333335876464844,28.571430206298828,19.047618865966797,13.636363983154297,4.761904716491699,0,0,9.282690048217773,8589934592,2147483648,6117130240,407961600
201,1772001958702,3204,3204,3204,3204,3204,3204,3204,3204,35,30.000001907348633,25,25,5.263157844543457,9.523809432983398,5,0,9.282690048217773,8589934592,2147483648,6117376000,407961600
209,1772001958904,3204,3204,3204,3204,3204,3204,3204,3204,35,45,31.57894515991211,30.000001907348633,9.523809432983398,5,4.761904716491699,4.761904716491699,10.62854290008545,8589934592,2147483648,6118359040,407961600
200,1772001959114,3204,3204,3204,3204,3204,3204,3204,3204,35,23.809524536132813,23.809524536132813,23.809524536132813,30.000001907348633,9.523809432983398,0,0,10.62854290008545,8589934592,2147483648,6118326272,407961600
203,1772001959315,3204,3204,3204,3204,3204,3204,3204,3204,30.000001907348633,30.000001907348633,23.809524536132813,20,5,5.263157844543457,0,0,10.62854290008545,8589934592,2147483648,6118342656,407961600
209,1772001959519,3204,3204,3204,3204,3204,3204,3204,3204,33.333335876464844,30.000001907348633,30.000001907348633,20,4.761904716491699,4.761904716491699,4.761904716491699,5,10.62854290008545,8589934592,2147483648,6115901440,407961600
199,1772001959729,3204,3204,3204,3204,3204,3204,3204,3204,28.571430206298828,28.571430206298828,33.333335876464844,28.571430206298828,61.904762268066406,18.18181800842285,13.636363983154297,9.523809432983398,10.62854290008545,8589934592,2147483648,6127665152,407961600
206,1772001959929,3204,3204,3204,3204,3204,3204,3204,3204,31.57894515991211,25,26.3157901763916,15.789472579956055,15.000000953674316,5.263157844543457,10,5,7.813729763031006,8589934592,2147483648,6114951168,407961600
209,1772001960136,3204,3204,3204,3204,3204,3204,3204,3204,38.095237731933594,35,33.333335876464844,33.333335876464844,4.761904716491699,4.761904716491699,0,4.761904716491699,7.813729763031006,8589934592,2147483648,6124240896,407961600
209,1772001960347,3204,3204,3204,3204,3204,3204,3204,3204,38.095237731933594,33.333335876464844,30.000001907348633,23.809524536132813,4.761904716491699,4.761904716491699,0,0,7.813729763031006,8589934592,2147483648,6127632384,407961600
206,1772001960556,3204,3204,3204,3204,3204,3204,3204,3204,28.571430206298828,36.3636360168457,31.81818199157715,28.571430206298828,14.285715103149414,15.000000953674316,9.523809432983398,10,7.813729763031006,8589934592,2147483648,6129778688,407961600
199,1772001960763,3204,3204,3204,3204,3204,3204,3204,3204,35,35,35,28.571430206298828,0,13.636363983154297,4.761904716491699,4.545454502105713,7.813729763031006,8589934592,2147483648,6132662272,407961600
208,1772001960963,3204,3204,3204,3204,3204,3204,3204,3204,33.333335876464844,30.000001907348633,30.000001907348633,30.000001907348633,30.000001907348633,10,4.761904716491699,0,6.442910194396973,8589934592,2147483648,6133071872,407961600
206,1772001961172,3204,3204,3204,3204,3204,3204,3204,3204,38.095237731933594,35,33.333335876464844,26.3157901763916,4.761904716491699,4.761904716491699,0,4.545454502105713,6.442910194396973,8589934592,2147483648,6133186560,407961600
205,1772001961379,3204,3204,3204,3204,3204,3204,3204,3204,26.3157901763916,33.333335876464844,25,27.272727966308594,4.761904716491699,0,4.761904716491699,0,6.442910194396973,8589934592,2147483648,6131286016,407961600
200,1772001961584,3204,3204,3204,3204,3204,3204,3204,3204,33.333335876464844,35,28.571430206298828,23.809524536132813,0,0,0,0,6.442910194396973,8589934592,2147483648,6130057216,407961600
209,1772001961786,3204,3204,3204,3204,3204,3204,3204,3204,30.000001907348633,38.095237731933594,35,35,5,5,4.761904716491699,0,6.442910194396973,8589934592,2147483648,6127566848,407961600
205,1772001961996,3204,3204,3204,3204,3204,3204,3204,3204,40,38.095237731933594,35,30.000001907348633,27.272727966308594,23.809524536132813,9.523809432983398,4.761904716491699,6.020235061645508,8589934592,2147483648,6124650496,407961600
209,1772001962202,3204,3204,3204,3204,3204,3204,3204,3204,23.809524536132813,25,23.809524536132813,28.571430206298828,0,0,0,0,6.020235061645508,8589934592,2147483648,6124273664,407961600
207,1772001962412,3204,3204,3204,3204,3204,3204,3204,3204,28.571430206298828,25,22.72727394104004,28.571430206298828,0,4.761904716491699,4.761904716491699,4.761904716491699,6.020235061645508,8589934592,2147483648,6123880448,407961600
204,1772001962621,3204,3204,3204,3204,3204,3204,3204,3204,33.333335876464844,28.571430206298828,25,20,9.090909004211426,4.761904716491699,0,4.545454502105713,6.020235061645508,8589934592,2147483648,6123601920,407961600
201,1772001962826,3204,3204,3204,3204,3204,3204,3204,3204,30.000001907348633,23.809524536132813,25,18.18181800842285,0,4.761904716491699,0,0,6.020235061645508,8589934592,2147483648,6122242048,407961600
207,1772001963028,3204,3204,3204,3204,3204,3204,3204,3204,28.571430206298828,25,28.571430206298828,20,0,0,0,0,6.115388870239258,8589934592,2147483648,6119571456,407961600
202,1772001963236,3204,3204,3204,3204,3204,3204,3204,3204,30.000001907348633,21.052631378173828,30.000001907348633,25,9.090909004211426,4.761904716491699,4.545454502105713,0,6.115388870239258,8589934592,2147483648,6118801408,407961600
200,1772001963438,3204,3204,3204,3204,3204,3204,3204,3204,28.571430206298828,27.272727966308594,28.571430206298828,15.789472579956055,0,0,0,0,6.115388870239258,8589934592,2147483648,6118899712,407961600
206,1772001963639,3204,3204,3204,3204,3204,3204,3204,3204,36.842105865478516,36.842105865478516,36.842105865478516,33.333335876464844,5,5,0,5,6.115388870239258,8589934592,2147483648,6118785024,407961600
205,1772001963846,3204,3204,3204,3204,3204,3204,3204,3204,45,42.85714340209961,42.85714340209961,36.842105865478516,0,0,4.545454502105713,0,6.115388870239258,8589934592,2147483648,6118817792,407961600
207,1772001964051,3204,3204,3204,3204,3204,3204,3204,3204,47.619049072265625,45,40,40.90909194946289,25,14.285715103149414,0,0,6.050599098205566,8589934592,2147483648,6118752256,407961600
202,1772001964260,3204,3204,3204,3204,3204,3204,3204,3204,50,42.85714340209961,38.095237731933594,28.571430206298828,14.285715103149414,9.523809432983398,4.545454502105713,4.761904716491699,6.050599098205566,8589934592,2147483648,6119997440,407961600
205,1772001964463,3204,3204,3204,3204,3204,3204,3204,3204,55,40,42.85714340209961,36.842105865478516,0,0,0,0,6.050599098205566,8589934592,2147483648,6119063552,407961600
207,1772001964669,3204,3204,3204,3204,3204,3204,3204,3204,40,38.095237731933594,36.842105865478516,38.095237731933594,0,0,4.761904716491699,0,6.050599098205566,8589934592,2147483648,6118178816,407961600
206,1772001964877,3204,3204,3204,3204,3204,3204,3204,3204,42.85714340209961,40,42.85714340209961,33.333335876464844,4.761904716491699,4.761904716491699,0,0,6.050599098205566,8589934592,2147483648,6117457920,407961600
208,1772001965084,3204,3204,3204,3204,3204,3204,3204,3204,50,45,38.095237731933594,35,4.761904716491699,0,0,0,5.886366367340088,8589934592,2147483648,6117474304,407961600
208,1772001965293,3204,3204,3204,3204,3204,3204,3204,3204,66.66667175292969,47.619049072265625,45,38.095237731933594,33.333335876464844,33.333335876464844,28.571430206298828,23.809524536132813,5.886366367340088,8589934592,2147483648,6114885632,407961600
207,1772001965502,3204,3204,3204,3204,3204,3204,3204,3204,60.000003814697266,28.571430206298828,36.3636360168457,20,15.000000953674316,9.523809432983398,9.523809432983398,4.761904716491699,5.886366367340088,8589934592,2147483648,6114885632,407961600
208,1772001965710,3204,3204,3204,3204,3204,3204,3204,3204,57.142860412597656,30.000001907348633,25,14.285715103149414,25,15.000000953674316,10,9.523809432983398,5.886366367340088,8589934592,2147483648,6114885632,407961600
206,1772001965919,3204,3204,3204,3204,3204,3204,3204,3204,47.619049072265625,40,38.095237731933594,33.333335876464844,9.090909004211426,9.090909004211426,0,0,6.531919956207275,8589934592,2147483648,6114885632,407961600
209,1772001966125,3204,3204,3204,3204,3204,3204,3204,3204,35,38.095237731933594,30.000001907348633,33.333335876464844,35,5,9.090909004211426,0,6.531919956207275,8589934592,2147483648,6123716608,407961600
206,1772001966336,3204,3204,3204,3204,3204,3204,3204,3204,25,23.809524536132813,23.809524536132813,23.809524536132813,14.285715103149414,9.523809432983398,5,0,6.531919956207275,8589934592,2147483648,6113345536,407961600
209,1772001966543,3204,3204,3204,3204,3204,3204,3204,3204,36.3636360168457,23.809524536132813,19.047618865966797,10.526315689086914,0,4.761904716491699,0,0,6.531919956207275,8589934592,2147483648,6113361920,407961600
207,1772001966753,3204,3204,3204,3204,3204,3204,3204,3204,25,28.571430206298828,15.000000953674316,18.18181800842285,4.761904716491699,0,4.761904716491699,4.545454502105713,6.531919956207275,8589934592,2147483648,6114443264,407961600
209,1772001966961,3204,3204,3204,3204,3204,3204,3204,3204,33.333335876464844,20,23.809524536132813,28.571430206298828,4.761904716491699,0,0,0,7.18820333480835,8589934592,2147483648,6114459648,407961600
205,1772001967170,3204,3204,3204,3204,3204,3204,3204,3204,23.809524536132813,23.809524536132813,19.047618865966797,30.000001907348633,4.545454502105713,0,0,0,7.18820333480835,8589934592,2147483648,6114508800,407961600
206,1772001967376,3204,3204,3204,3204,3204,3204,3204,3204,30.000001907348633,19.047618865966797,20,28.571430206298828,5,9.523809432983398,4.761904716491699,0,7.18820333480835,8589934592,2147483648,6114443264,407961600
209,1772001967583,3204,3204,3204,3204,3204,3204,3204,3204,23.809524536132813,28.571430206298828,19.047618865966797,28.571430206298828,5,9.523809432983398,5,4.761904716491699,7.18820333480835,8589934592,2147483648,6114721792,407961600
206,1772001967793,3204,3204,3204,3204,3204,3204,3204,3204,23.809524536132813,20,19.047618865966797,28.571430206298828,4.545454502105713,4.761904716491699,0,4.761904716491699,7.18820333480835,8589934592,2147483648,6114721792,407961600
205,1772001968000,3204,3204,3204,3204,3204,3204,3204,3204,20,28.571430206298828,19.047618865966797,25,0,0,4.545454502105713,0,6.0194926261901855,8589934592,2147483648,6114721792,407961600
209,1772001968206,3204,3204,3204,3204,3204,3204,3204,3204,33.333335876464844,25,25,28.571430206298828,9.523809432983398,5,0,5,6.0194926261901855,8589934592,2147483648,6119096320,407961600
201,1772001968417,3204,3204,3204,3204,3204,3204,3204,3204,25,30.000001907348633,19.047618865966797,23.809524536132813,23.809524536132813,19.047618865966797,9.523809432983398,14.285715103149414,6.0194926261901855,8589934592,2147483648,6113689600,407961600
208,1772001968619,3204,3204,3204,3204,3204,3204,3204,3204,28.571430206298828,36.3636360168457,25,20,0,0,0,0,6.0194926261901855,8589934592,2147483648,6113689600,407961600
209,1772001968828,3204,3204,3204,3204,3204,3204,3204,3204,30.000001907348633,33.333335876464844,25,33.333335876464844,0,4.761904716491699,0,0,6.0194926261901855,8589934592,2147483648,6113738752,407961600
204,1772001969037,3204,3204,3204,3204,3204,3204,3204,3204,31.81818199157715,30.000001907348633,33.333335876464844,23.809524536132813,4.761904716491699,0,4.761904716491699,4.545454502105713,5.7207136154174805,8589934592,2147483648,6114050048,407961600
208,1772001969242,3204,3204,3204,3204,3204,3204,3204,3204,26.3157901763916,20,23.809524536132813,15.000000953674316,9.090909004211426,13.636363983154297,0,0,5.7207136154174805,8589934592,2147483648,6117097472,407961600
207,1772001969451,3204,3204,3204,3204,3204,3204,3204,3204,28.571430206298828,23.809524536132813,31.81818199157715,20,0,0,4.545454502105713,0,5.7207136154174805,8589934592,2147483648,6117163008,407961600
207,1772001969659,3204,3204,3204,3204,3204,3204,3204,3204,33.333335876464844,23.809524536132813,25,18.18181800842285,0,0,0,0,5.7207136154174805,8589934592,2147483648,6117654528,407961600
208,1772001969867,3204,3204,3204,3204,3204,3204,3204,3204,25,23.809524536132813,25,20,5,4.761904716491699,5,4.761904716491699,5.7207136154174805,8589934592,2147483648,6117801984,407961600
209,1772001970076,3204,3204,3204,3204,3204,3204,3204,3204,27.272727966308594,25,23.809524536132813,23.809524536132813,4.545454502105713,4.761904716491699,0,0,5.9760894775390625,8589934592,2147483648,6119882752,407961600
203,1772001970285,3204,3204,3204,3204,3204,3204,3204,3204,25,20,23.809524536132813,19.047618865966797,0,0,0,0,5.9760894775390625,8589934592,2147483648,6119899136,407961600
202,1772001970489,3204,3204,3204,3204,3204,3204,3204,3204,35,33.333335876464844,35,30.000001907348633,15.789472579956055,20,10,0,5.9760894775390625,8589934592,2147483648,6117425152,407961600
202,1772001970692,3204,3204,3204,3204,3204,3204,3204,3204,19.047618865966797,30.000001907348633,15.000000953674316,10,19.047618865966797,19.047618865966797,10,10,5.9760894775390625,8589934592,2147483648,6101975040,407961600
206,1772001970895,3204,3204,3204,3204,3204,3204,3204,3204,25,28.571430206298828,20,19.047618865966797,0,0,0,0,5.9760894775390625,8589934592,2147483648,6118277120,407961600
203,1772001971102,3204,3204,3204,3204,3204,3204,3204,3204,26.3157901763916,30.000001907348633,20,20,14.285715103149414,23.809524536132813,5,9.090909004211426,5.729195594787598,8589934592,2147483648,6119473152,407961600
200,1772001971306,3204,3204,3204,3204,3204,3204,3204,3204,28.571430206298828,33.333335876464844,23.809524536132813,19.047618865966797,0,0,0,0,5.729195594787598,8589934592,2147483648,6119571456,407961600
203,1772001971507,3204,3204,3204,3204,3204,3204,3204,3204,33.333335876464844,31.57894515991211,25,20,0,0,0,0,5.729195594787598,8589934592,2147483648,6120505344,407961600
209,1772001971711,3204,3204,3204,3204,3204,3204,3204,3204,26.3157901763916,33.333335876464844,25,20,5,5,0,4.761904716491699,5.729195594787598,8589934592,2147483648,6121963520,407961600
207,1772001971921,3204,3204,3204,3204,3204,3204,3204,3204,33.333335876464844,28.571430206298828,27.272727966308594,19.047618865966797,0,4.545454502105713,4.545454502105713,0,5.945940017700195,8589934592,2147483648,6121619456,407961600
209,1772001972129,3204,3204,3204,3204,3204,3204,3204,3204,23.809524536132813,25,25,25,9.090909004211426,0,0,0,5.945940017700195,8589934592,2147483648,6121357312,407961600
209,1772001972339,3204,3204,3204,3204,3204,3204,3204,3204,28.571430206298828,23.809524536132813,20,19.047618865966797,0,4.761904716491699,4.545454502105713,0,5.945940017700195,8589934592,2147483648,6121390080,407961600
202,1772001972549,3204,3204,3204,3204,3204,3204,3204,3204,33.333335876464844,33.333335876464844,36.3636360168457,28.571430206298828,15.000000953674316,4.761904716491699,4.761904716491699,9.090909004211426,5.945940017700195,8589934592,2147483648,6130892800,407961600
199,1772001972752,3204,3204,3204,3204,3204,3204,3204,3204,35,30.000001907348633,25,20,19.047618865966797,20,5,0,5.945940017700195,8589934592,2147483648,6118260736,407961600
205,1772001972953,3204,3204,3204,3204,3204,3204,3204,3204,40,40,30.000001907348633,30.000001907348633,5.263157844543457,9.523809432983398,5,5.263157844543457,5.880914688110352,8589934592,2147483648,6118998016,407961600
208,1772001973159,3204,3204,3204,3204,3204,3204,3204,3204,30.000001907348633,30.000001907348633,25,25,9.090909004211426,0,0,0,5.880914688110352,8589934592,2147483648,6119047168,407961600
204,1772001973367,3204,3204,3204,3204,3204,3204,3204,3204,25,28.571430206298828,23.809524536132813,31.81818199157715,0,0,0,0,5.880914688110352,8589934592,2147483648,6119194624,407961600
203,1772001973572,3204,3204,3204,3204,3204,3204,3204,3204,28.571430206298828,20,25,25,4.761904716491699,4.761904716491699,0,4.761904716491699,5.880914688110352,8589934592,2147483648,6119227392,407961600
203,1772001973776,3204,3204,3204,3204,3204,3204,3204,3204,28.571430206298828,23.809524536132813,23.809524536132813,25,5,5,4.761904716491699,0,5.880914688110352,8589934592,2147483648,6119112704,407961600
209,1772001973980,3204,3204,3204,3204,3204,3204,3204,3204,47.36842346191406,40,40,35,23.809524536132813,23.809524536132813,20,20,6.083922386169434,8589934592,2147483648,6119260160,407961600
203,1772001974190,3204,3204,3204,3204,3204,3204,3204,3204,22.72727394104004,23.809524536132813,22.72727394104004,18.18181800842285,5,9.523809432983398,4.761904716491699,9.090909004211426,6.083922386169434,8589934592,2147483648,6120849408,407961600
207,1772001974393,3204,3204,3204,3204,3204,3204,3204,3204,30.000001907348633,25,25,21.052631378173828,4.761904716491699,0,4.761904716491699,0,6.083922386169434,8589934592,2147483648,6121127936,407961600
209,1772001974601,3204,3204,3204,3204,3204,3204,3204,3204,25,25,28.571430206298828,18.18181800842285,9.523809432983398,9.523809432983398,0,4.761904716491699,6.083922386169434,8589934592,2147483648,6121160704,407961600
207,1772001974811,3204,3204,3204,3204,3204,3204,3204,3204,38.095237731933594,31.81818199157715,21.052631378173828,30.000001907348633,9.523809432983398,9.523809432983398,9.090909004211426,9.523809432983398,6.083922386169434,8589934592,2147483648,6115065856,407961600
209,1772001975019,3204,3204,3204,3204,3204,3204,3204,3204,33.333335876464844,33.333335876464844,31.81818199157715,28.571430206298828,0,0,4.761904716491699,4.761904716491699,6.194923400878906,8589934592,2147483648,6115295232,407961600
199,1772001975229,3204,3204,3204,3204,3204,3204,3204,3204,28.571430206298828,25,28.571430206298828,28.571430206298828,9.523809432983398,4.545454502105713,0,0,6.194923400878906,8589934592,2147483648,6132367360,407961600
208,1772001975429,3204,3204,3204,3204,3204,3204,3204,3204,26.3157901763916,26.3157901763916,26.3157901763916,20,0,0,0,0,6.194923400878906,8589934592,2147483648,6132432896,407961600
207,1772001975637,3204,3204,3204,3204,3204,3204,3204,3204,28.571430206298828,31.81818199157715,20,23.809524536132813,9.523809432983398,4.761904716491699,4.761904716491699,0,6.194923400878906,8589934592,2147483648,6130532352,407961600
202,1772001975845,3204,3204,3204,3204,3204,3204,3204,3204,28.571430206298828,20,27.272727966308594,25,10,23.809524536132813,5,4.761904716491699,6.194923400878906,8589934592,2147483648,6132776960,407961600
209,1772001976048,3204,3204,3204,3204,3204,3204,3204,3204,30.000001907348633,28.571430206298828,25,23.809524536132813,9.523809432983398,20,4.761904716491699,0,6.6516523361206055,8589934592,2147483648,6132645888,407961600
205,1772001976258,3204,3204,3204,3204,3204,3204,3204,3204,23.809524536132813,23.809524536132813,19.047618865966797,15.000000953674316,4.761904716491699,0,0,0,6.6516523361206055,8589934592,2147483648,6132695040,407961600
204,1772001976464,3204,3204,3204,3204,3204,3204,3204,3204,28.571430206298828,21.052631378173828,20,25,0,0,0,0,6.6516523361206055,8589934592,2147483648,6134710272,407961600
206,1772001976669,3204,3204,3204,3204,3204,3204,3204,3204,25,28.571430206298828,20,23.809524536132813,0,0,0,0,6.6516523361206055,8589934592,2147483648,6134562816,407961600
199,1772001976876,3204,3204,3204,3204,3204,3204,3204,3204,35,33.333335876464844,33.333335876464844,35,19.047618865966797,9.523809432983398,4.545454502105713,4.761904716491699,6.6516523361206055,8589934592,2147483648,6141820928,407961600
208,1772001977076,3204,3204,3204,3204,3204,3204,3204,3204,40,36.842105865478516,30.000001907348633,28.571430206298828,10.526315689086914,14.285715103149414,5,5,6.156939506530762,8589934592,2147483648,6135005184,407961600
203,1772001977286,3204,3204,3204,3204,3204,3204,3204,3204,30.000001907348633,28.571430206298828,28.571430206298828,27.272727966308594,9.090909004211426,0,0,0,6.156939506530762,8589934592,2147483648,6136496128,407961600
209,1772001977489,3204,3204,3204,3204,3204,3204,3204,3204,28.571430206298828,28.571430206298828,25,15.789472579956055,0,4.761904716491699,0,0,6.156939506530762,8589934592,2147483648,6136119296,407961600
199,1772001977700,3204,3204,3204,3204,3204,3204,3204,3204,23.809524536132813,23.809524536132813,23.809524536132813,14.285715103149414,4.761904716491699,0,4.761904716491699,4.761904716491699,6.156939506530762,8589934592,2147483648,6135267328,407961600
201,1772001977900,3204,3204,3204,3204,3204,3204,3204,3204,30.000001907348633,25,15.000000953674316,15.000000953674316,15.000000953674316,15.000000953674316,5,5,6.156939506530762,8589934592,2147483648,6132940800,407961600
209,1772001978102,3204,3204,3204,3204,3204,3204,3204,3204,30.000001907348633,25,28.571430206298828,25,0,0,0,0,6.167270183563232,8589934592,2147483648,6126944256,407961600
208,1772001978312,3204,3204,3204,3204,3204,3204,3204,3204,31.81818199157715,23.809524536132813,25,23.809524536132813,0,0,0,0,6.167270183563232,8589934592,2147483648,6126927872,407961600
204,1772001978521,3204,3204,3204,3204,3204,3204,3204,3204,25,25,23.809524536132813,15.000000953674316,4.761904716491699,4.761904716491699,0,0,6.167270183563232,8589934592,2147483648,6126960640,407961600
204,1772001978725,3204,3204,3204,3204,3204,3204,3204,3204,25,25,20,20,0,0,0,0,6.167270183563232,8589934592,2147483648,6126583808,407961600
209,1772001978930,3204,3204,3204,3204,3204,3204,3204,3204,30.000001907348633,33.333335876464844,35,27.272727966308594,9.523809432983398,14.285715103149414,5,0,6.336916446685791,8589934592,2147483648,6138904576,407961600
208,1772001979141,3204,3204,3204,3204,3204,3204,3204,3204,27.272727966308594,23.809524536132813,19.047618865966797,25,19.047618865966797,15.000000953674316,13.636363983154297,0,6.336916446685791,8589934592,2147483648,6128074752,407961600
208,1772001979350,3204,3204,3204,3204,3204,3204,3204,3204,25,30.000001907348633,22.72727394104004,22.72727394104004,0,0,0,0,6.336916446685791,8589934592,2147483648,6129025024,407961600
209,1772001979559,3204,3204,3204,3204,3204,3204,3204,3204,30.000001907348633,28.571430206298828,23.809524536132813,20,4.545454502105713,4.761904716491699,4.545454502105713,8.69565200805664,6.336916446685791,8589934592,2147483648,6131171328,407961600
206,1772001979769,3204,3204,3204,3204,3204,3204,3204,3204,30.434782028198242,23.809524536132813,20,19.047618865966797,0,0,0,0,6.336916446685791,8589934592,2147483648,6130892800,407961600
209,1772001979975,3204,3204,3204,3204,3204,3204,3204,3204,25,23.809524536132813,25,23.809524536132813,0,0,0,0,5.844442844390869,8589934592,2147483648,6131351552,407961600
208,1772001980186,3204,3204,3204,3204,3204,3204,3204,3204,25,23.809524536132813,22.72727394104004,20,4.761904716491699,4.761904716491699,0,0,5.844442844390869,8589934592,2147483648,6131302400,407961600
205,1772001980394,3204,3204,3204,3204,3204,3204,3204,3204,27.272727966308594,20,25,22.72727394104004,0,0,0,0,5.844442844390869,8589934592,2147483648,6131302400,407961600
209,1772001980600,3204,3204,3204,3204,3204,3204,3204,3204,26.3157901763916,27.272727966308594,28.571430206298828,15.000000953674316,4.761904716491699,5,0,0,5.844442844390869,8589934592,2147483648,6139445248,407961600
200,1772001980810,3204,3204,3204,3204,3204,3204,3204,3204,15.000000953674316,15.000000953674316,19.047618865966797,10,14.285715103149414,23.809524536132813,9.523809432983398,4.761904716491699,5.844442844390869,8589934592,2147483648,6128009216,407961600
207,1772001981011,3204,3204,3204,3204,3204,3204,3204,3204,33.333335876464844,21.052631378173828,20,20,30.000001907348633,10,0,5,6.0062150955200195,8589934592,2147483648,6141149184,407961600
199,1772001981219,3204,3204,3204,3204,3204,3204,3204,3204,47.619049072265625,36.3636360168457,40,42.85714340209961,33.333335876464844,19.047618865966797,9.090909004211426,4.545454502105713,6.0062150955200195,8589934592,2147483648,6144000000,407961600
205,1772001981419,3204,3204,3204,3204,3204,3204,3204,3204,31.57894515991211,26.3157901763916,25,20,14.285715103149414,5,0,0,6.0062150955200195,8589934592,2147483648,6145179648,407961600
207,1772001981625,3204,3204,3204,3204,3204,3204,3204,3204,28.571430206298828,28.571430206298828,28.571430206298828,19.047618865966797,5,5,4.761904716491699,4.761904716491699,6.0062150955200195,8589934592,2147483648,6145196032,407961600
201,1772001981834,3204,3204,3204,3204,3204,3204,3204,3204,25,20,25,15.000000953674316,5,4.761904716491699,0,0,6.0062150955200195,8589934592,2147483648,6145228800,407961600
206,1772001982036,3204,3204,3204,3204,3204,3204,3204,3204,25,28.571430206298828,25,20,9.523809432983398,9.523809432983398,4.761904716491699,5,5.871765613555908,8589934592,2147483648,6141329408,407961600
208,1772001982243,3204,3204,3204,3204,3204,3204,3204,3204,38.095237731933594,30.000001907348633,33.333335876464844,28.571430206298828,5,9.523809432983398,5,4.761904716491699,5.871765613555908,8589934592,2147483648,6113296384,407961600
201,1772001982452,3204,3204,3204,3204,3204,3204,3204,3204,42.85714340209961,38.095237731933594,38.095237731933594,20,9.523809432983398,4.761904716491699,9.090909004211426,4.761904716491699,5.871765613555908,8589934592,2147483648,6116212736,407961600
206,1772001982653,3204,3204,3204,3204,3204,3204,3204,3204,25,30.000001907348633,26.3157901763916,19.047618865966797,4.761904716491699,0,4.761904716491699,0,5.871765613555908,8589934592,2147483648,6114705408,407961600
209,1772001982860,3204,3204,3204,3204,3204,3204,3204,3204,28.571430206298828,25,22.72727394104004,15.000000953674316,4.761904716491699,4.761904716491699,0,0,5.871765613555908,8589934592,2147483648,6114705408,407961600
204,1772001983070,3204,3204,3204,3204,3204,3204,3204,3204,28.571430206298828,31.81818199157715,23.809524536132813,23.809524536132813,0,0,0,0,6.273873329162598,8589934592,2147483648,6114918400,407961600
208,1772001983276,3204,3204,3204,3204,3204,3204,3204,3204,30.000001907348633,35,21.052631378173828,28.571430206298828,15.000000953674316,22.72727394104004,10,5,6.273873329162598,8589934592,2147483648,6125584384,407961600
206,1772001983484,3204,3204,3204,3204,3204,3204,3204,3204,35,28.571430206298828,23.809524536132813,20,18.18181800842285,10,4.761904716491699,4.761904716491699,6.273873329162598,8589934592,2147483648,6114639872,407961600
203,1772001983691,3204,3204,3204,3204,3204,3204,3204,3204,28.571430206298828,25,15.000000953674316,15.000000953674316,5,4.761904716491699,4.761904716491699,4.761904716491699,6.273873329162598,8589934592,2147483648,6114066432,407961600
204,1772001983895,3204,3204,3204,3204,3204,3204,3204,3204,30.000001907348633,25,27.272727966308594,19.047618865966797,4.761904716491699,5,0,0,6.273873329162598,8589934592,2147483648,6113329152,407961600
208,1772001984100,3204,3204,3204,3204,3204,3204,3204,3204,42.85714340209961,50,42.85714340209961,47.619049072265625,0,0,0,0,5.95373010635376,8589934592,2147483648,6123782144,407961600
207,1772001984310,3204,3204,3204,3204,3204,3204,3204,3204,47.619049072265625,42.85714340209961,45,38.095237731933594,4.761904716491699,4.545454502105713,0,0,5.95373010635376,8589934592,2147483648,6121619456,407961600
202,1772001984517,3204,3204,3204,3204,3204,3204,3204,3204,28.571430206298828,23.809524536132813,25,19.047618865966797,0,0,0,0,5.95373010635376,8589934592,2147483648,6121340928,407961600
204,1772001984720,3204,3204,3204,3204,3204,3204,3204,3204,26.3157901763916,30.000001907348633,19.047618865966797,20,5,0,5,4.761904716491699,5.95373010635376,8589934592,2147483648,6120112128,407961600
207,1772001984925,3204,3204,3204,3204,3204,3204,3204,3204,28.571430206298828,28.571430206298828,15.789472579956055,28.571430206298828,5,9.523809432983398,0,0,6.182283401489258,8589934592,2147483648,6121406464,407961600
200,1772001985134,3204,3204,3204,3204,3204,3204,3204,3204,23.809524536132813,25,27.272727966308594,15.789472579956055,0,0,0,0,6.182283401489258,8589934592,2147483648,6123356160,407961600
209,1772001985335,3204,3204,3204,3204,3204,3204,3204,3204,31.57894515991211,33.333335876464844,25,33.333335876464844,4.761904716491699,4.761904716491699,4.761904716491699,0,6.182283401489258,8589934592,2147483648,6123356160,407961600
204,1772001985545,3204,3204,3204,3204,3204,3204,3204,3204,28.571430206298828,25,20,19.047618865966797,30.000001907348633,21.052631378173828,9.523809432983398,13.636363983154297,6.182283401489258,8589934592,2147483648,6123356160,407961600
204,1772001985750,3204,3204,3204,3204,3204,3204,3204,3204,42.85714340209961,38.095237731933594,33.333335876464844,35,25,23.809524536132813,23.809524536132813,20,6.182283401489258,8589934592,2147483648,6123634688,407961600
209,1772001985955,3204,3204,3204,3204,3204,3204,3204,3204,15.000000953674316,15.000000953674316,10,15.000000953674316,19.047618865966797,14.285715103149414,10,4.761904716491699,5.85072135925293,8589934592,2147483648,6131548160,407961600
209,1772001986165,3204,3204,3204,3204,3204,3204,3204,3204,28.571430206298828,28.571430206298828,23.809524536132813,19.047618865966797,4.761904716491699,15.000000953674316,0,0,5.85072135925293,8589934592,2147483648,6130892800,407961600
201,1772001986375,3204,3204,3204,3204,3204,3204,3204,3204,28.571430206298828,23.809524536132813,23.809524536132813,23.809524536132813,4.545454502105713,8.69565200805664,4.761904716491699,4.545454502105713,5.85072135925293,8589934592,2147483648,6130876416,407961600
206,1772001986577,3204,3204,3204,3204,3204,3204,3204,3204,25,30.000001907348633,25,19.047618865966797,0,0,0,0,5.85072135925293,8589934592,2147483648,6132252672,407961600
209,1772001986783,3204,3204,3204,3204,3204,3204,3204,3204,45,57.142860412597656,45,30.000001907348633,4.761904716491699,4.761904716491699,0,0,5.85072135925293,8589934592,2147483648,6135906304,407961600
206,1772001986993,3204,3204,3204,3204,3204,3204,3204,3204,28.571430206298828,20,23.809524536132813,20,9.523809432983398,4.761904716491699,4.761904716491699,0,6.625596046447754,8589934592,2147483648,6132023296,407961600
201,1772001987201,3204,3204,3204,3204,3204,3204,3204,3204,28.571430206298828,25,20,22.72727394104004,0,0,0,0,6.625596046447754,8589934592,2147483648,6131335168,407961600
208,1772001987403,3204,3204,3204,3204,3204,3204,3204,3204,30.000001907348633,28.571430206298828,23.809524536132813,20,5,4.761904716491699,0,4.761904716491699,6.625596046447754,8589934592,2147483648,6130532352,407961600
206,1772001987611,3204,3204,3204,3204,3204,3204,3204,3204,38.095237731933594,30.000001907348633,33.333335876464844,25,20,15.000000953674316,19.047618865966797,0,6.625596046447754,8589934592,2147483648,6119718912,407961600
206,1772001987819,3204,3204,3204,3204,3204,3204,3204,3204,25,28.571430206298828,23.809524536132813,19.047618865966797,4.761904716491699,4.761904716491699,0,4.761904716491699,6.625596046447754,8589934592,2147483648,6119473152,407961600
209,1772001988026,3204,3204,3204,3204,3204,3204,3204,3204,33.333335876464844,23.809524536132813,20,20,9.090909004211426,4.761904716491699,4.761904716491699,0,5.983821392059326,8589934592,2147483648,6119636992,407961600
209,1772001988236,3204,3204,3204,3204,3204,3204,3204,3204,25,23.809524536132813,23.809524536132813,19.047618865966797,5,9.090909004211426,0,4.761904716491699,5.983821392059326,8589934592,2147483648,6119866368,407961600
205,1772001988445,3204,3204,3204,3204,3204,3204,3204,3204,27.272727966308594,25,23.809524536132813,19.047618865966797,0,0,0,0,5.983821392059326,8589934592,2147483648,6119899136,407961600
206,1772001988652,3204,3204,3204,3204,3204,3204,3204,3204,25,33.333335876464844,20,19.047618865966797,0,0,0,0,5.983821392059326,8589934592,2147483648,6120226816,407961600
206,1772001988859,3204,3204,3204,3204,3204,3204,3204,3204,28.571430206298828,23.809524536132813,28.571430206298828,20,4.761904716491699,4.761904716491699,4.761904716491699,0,5.983821392059326,8589934592,2147483648,6120718336,407961600
203,1772001989066,3204,3204,3204,3204,3204,3204,3204,3204,30.000001907348633,20,20,19.047618865966797,0,0,0,4.545454502105713,5.992096424102783,8589934592,2147483648,6120472576,407961600
205,1772001989270,3204,3204,3204,3204,3204,3204,3204,3204,25,25,23.809524536132813,19.047618865966797,4.761904716491699,9.523809432983398,5,0,5.992096424102783,8589934592,2147483648,6120505344,407961600
209,1772001989475,3204,3204,3204,3204,3204,3204,3204,3204,28.571430206298828,28.571430206298828,19.047618865966797,10.526315689086914,5,5,0,0,5.992096424102783,8589934592,2147483648,6120030208,407961600
201,1772001989686,3204,3204,3204,3204,3204,3204,3204,3204,33.333335876464844,25,28.571430206298828,22.72727394104004,18.18181800842285,14.285715103149414,13.636363983154297,4.761904716491699,5.992096424102783,8589934592,2147483648,6120030208,407961600
209,1772001989887,3204,3204,3204,3204,3204,3204,3204,3204,35,38.095237731933594,25,21.052631378173828,10,14.285715103149414,0,5,5.992096424102783,8589934592,2147483648,6120095744,407961600
201,1772001990098,3204,3204,3204,3204,3204,3204,3204,3204,28.571430206298828,23.809524536132813,19.047618865966797,22.72727394104004,9.523809432983398,5,4.761904716491699,0,5.873513221740723,8589934592,2147483648,6120210432,407961600
208,1772001990300,3204,3204,3204,3204,3204,3204,3204,3204,25,25,20,20,0,5,0,0,5.873513221740723,8589934592,2147483648,6120226816,407961600
205,1772001990509,3204,3204,3204,3204,3204,3204,3204,3204,25,30.000001907348633,23.809524536132813,23.809524536132813,4.761904716491699,0,4.761904716491699,4.545454502105713,5.873513221740723,8589934592,2147483648,6127599616,407961600
207,1772001990714,3204,3204,3204,3204,3204,3204,3204,3204,28.571430206298828,27.272727966308594,25,20,5,5,0,0,5.873513221740723,8589934592,2147483648,6127648768,407961600
208,1772001990922,3204,3204,3204,3204,3204,3204,3204,3204,20,20,14.285715103149414,19.047618865966797,23.809524536132813,10,5,9.523809432983398,5.99660587310791,8589934592,2147483648,6132121600,407961600
204,1772001991131,3204,3204,3204,3204,3204,3204,3204,3204,52.38095474243164,47.619049072265625,40,40,5,27.272727966308594,4.545454502105713,4.761904716491699,5.99660587310791,8589934592,2147483648,6133104640,407961600
202,1772001991336,3204,3204,3204,3204,3204,3204,3204,3204,25,31.57894515991211,25,28.571430206298828,9.090909004211426,4.761904716491699,4.761904716491699,0,5.99660587310791,8589934592,2147483648,6133563392,407961600
202,1772001991539,3204,3204,3204,3204,3204,3204,3204,3204,33.333335876464844,23.809524536132813,27.272727966308594,20,5,5,0,0,5.99660587310791,8589934592,2147483648,6133579776,407961600
208,1772001991741,3204,3204,3204,3204,3204,3204,3204,3204,30.000001907348633,33.333335876464844,21.052631378173828,20,5,4.761904716491699,5,4.761904716491699,5.99660587310791,8589934592,2147483648,6133579776,407961600
200,1772001991951,3204,3204,3204,3204,3204,3204,3204,3204,30.000001907348633,31.57894515991211,28.571430206298828,36.3636360168457,28.571430206298828,15.000000953674316,13.636363983154297,4.761904716491699,5.956625461578369,8589934592,2147483648,6131269632,407961600
209,1772001992152,3204,3204,3204,3204,3204,3204,3204,3204,30.000001907348633,30.000001907348633,25,21.052631378173828,9.523809432983398,5,4.761904716491699,5,5.956625461578369,8589934592,2147483648,6130335744,407961600
206,1772001992362,3204,3204,3204,3204,3204,3204,3204,3204,23.809524536132813,31.81818199157715,23.809524536132813,19.047618865966797,4.761904716491699,4.761904716491699,0,0,5.956625461578369,8589934592,2147483648,6130745344,407961600
206,1772001992570,3204,3204,3204,3204,3204,3204,3204,3204,33.333335876464844,35,20,22.72727394104004,0,0,0,0,5.956625461578369,8589934592,2147483648,6130778112,407961600
209,1772001992776,3204,3204,3204,3204,3204,3204,3204,3204,20,19.047618865966797,19.047618865966797,20,0,4.545454502105713,0,0,5.956625461578369,8589934592,2147483648,6130810880,407961600
206,1772001992986,3204,3204,3204,3204,3204,3204,3204,3204,23.809524536132813,23.809524536132813,15.000000953674316,15.000000953674316,4.545454502105713,4.761904716491699,4.545454502105713,0,6.155991554260254,8589934592,2147483648,6131040256,407961600
200,1772001993192,3204,3204,3204,3204,3204,3204,3204,3204,30.000001907348633,33.333335876464844,27.272727966308594,23.809524536132813,0,0,0,0,6.155991554260254,8589934592,2147483648,6130712576,407961600
206,1772001993393,3204,3204,3204,3204,3204,3204,3204,3204,23.809524536132813,25,25,10.526315689086914,5,0,0,0,6.155991554260254,8589934592,2147483648,6130827264,407961600
208,1772001993600,3204,3204,3204,3204,3204,3204,3204,3204,28.571430206298828,30.000001907348633,28.571430206298828,27.272727966308594,4.761904716491699,4.761904716491699,0,4.545454502105713,6.155991554260254,8589934592,2147483648,6130810880,407961600
207,1772001993809,3204,3204,3204,3204,3204,3204,3204,3204,20,19.047618865966797,20,19.047618865966797,0,0,0,0,6.155991554260254,8589934592,2147483648,6130810880,407961600
208,1772001994017,3204,3204,3204,3204,3204,3204,3204,3204,33.333335876464844,35,23.809524536132813,28.571430206298828,23.809524536132813,19.047618865966797,4.545454502105713,4.545454502105713,5.666868209838867,8589934592,2147483648,6139609088,407961600
209,1772001994226,3204,3204,3204,3204,3204,3204,3204,3204,28.571430206298828,28.571430206298828,25,20,9.090909004211426,5,0,0,5.666868209838867,8589934592,2147483648,6123044864,407961600
207,1772001994436,3204,3204,3204,3204,3204,3204,3204,3204,25,23.809524536132813,20,10,0,8.69565200805664,0,0,5.666868209838867,8589934592,2147483648,6122979328,407961600
207,1772001994644,3204,3204,3204,3204,3204,3204,3204,3204,33.333335876464844,28.571430206298828,27.272727966308594,23.809524536132813,18.18181800842285,9.523809432983398,9.523809432983398,9.523809432983398,5.666868209838867,8589934592,2147483648,6124027904,407961600
207,1772001994852,3204,3204,3204,3204,3204,3204,3204,3204,23.809524536132813,30.000001907348633,23.809524536132813,19.047618865966797,0,0,0,0,5.666868209838867,8589934592,2147483648,6124011520,407961600
206,1772001995060,3204,3204,3204,3204,3204,3204,3204,3204,23.809524536132813,28.571430206298828,20,22.72727394104004,9.523809432983398,9.523809432983398,5,4.761904716491699,5.775439262390137,8589934592,2147483648,6124503040,407961600
201,1772001995267,3204,3204,3204,3204,3204,3204,3204,3204,30.000001907348633,28.571430206298828,23.809524536132813,21.052631378173828,5,4.761904716491699,9.090909004211426,4.761904716491699,5.775439262390137,8589934592,2147483648,6124535808,407961600
209,1772001995469,3204,3204,3204,3204,3204,3204,3204,3204,26.3157901763916,21.052631378173828,20,23.809524536132813,4.761904716491699,0,5,0,5.775439262390137,8589934592,2147483648,6124765184,407961600
205,1772001995679,3204,3204,3204,3204,3204,3204,3204,3204,31.81818199157715,31.81818199157715,23.809524536132813,19.047618865966797,5,9.523809432983398,4.761904716491699,4.761904716491699,5.775439262390137,8589934592,2147483648,6124748800,407961600
209,1772001995884,3204,3204,3204,3204,3204,3204,3204,3204,21.052631378173828,30.000001907348633,20,15.000000953674316,14.285715103149414,13.636363983154297,0,4.761904716491699,5.775439262390137,8589934592,2147483648,6125043712,407961600
209,1772001996094,3204,3204,3204,3204,3204,3204,3204,3204,27.272727966308594,28.571430206298828,28.571430206298828,23.809524536132813,28.571430206298828,30.000001907348633,19.047618865966797,4.761904716491699,5.912356376647949,8589934592,2147483648,6136332288,407961600
209,1772001996304,3204,3204,3204,3204,3204,3204,3204,3204,25,30.000001907348633,14.285715103149414,19.047618865966797,19.047618865966797,14.285715103149414,4.761904716491699,0,5.912356376647949,8589934592,2147483648,6127108096,407961600
201,1772001996514,3204,3204,3204,3204,3204,3204,3204,3204,27.272727966308594,23.809524536132813,28.571430206298828,15.000000953674316,4.761904716491699,0,4.545454502105713,4.545454502105713,5.912356376647949,8589934592,2147483648,6127009792,407961600
207,1772001996717,3204,3204,3204,3204,3204,3204,3204,3204,35,23.809524536132813,20,23.809524536132813,5,5,0,0,5.912356376647949,8589934592,2147483648,6127009792,407961600
208,1772001996925,3204,3204,3204,3204,3204,3204,3204,3204,28.571430206298828,20,23.809524536132813,19.047618865966797,4.545454502105713,4.761904716491699,0,4.761904716491699,5.95625114440918,8589934592,2147483648,6127108096,407961600
209,1772001997134,3204,3204,3204,3204,3204,3204,3204,3204,25,28.571430206298828,19.047618865966797,20,0,0,4.761904716491699,0,5.95625114440918,8589934592,2147483648,6124896256,407961600
200,1772001997344,3204,3204,3204,3204,3204,3204,3204,3204,28.571430206298828,28.571430206298828,25,23.809524536132813,4.545454502105713,4.545454502105713,0,0,5.95625114440918,8589934592,2147483648,6124568576,407961600
204,1772001997545,3204,3204,3204,3204,3204,3204,3204,3204,30.000001907348633,21.052631378173828,23.809524536132813,23.809524536132813,0,0,4.761904716491699,0,5.95625114440918,8589934592,2147483648,6124568576,407961600
203,1772001997751,3204,3204,3204,3204,3204,3204,3204,3204,28.571430206298828,31.81818199157715,20,21.052631378173828,9.090909004211426,4.761904716491699,0,4.761904716491699,5.95625114440918,8589934592,2147483648,6124568576,407961600
205,1772001997955,3204,3204,3204,3204,3204,3204,3204,3204,30.000001907348633,21.052631378173828,21.052631378173828,23.809524536132813,0,9.523809432983398,4.761904716491699,0,6.156162261962891,8589934592,2147483648,6124568576,407961600
204,1772001998167,3204,3204,3204,3204,3204,3204,3204,3204,31.81818199157715,27.272727966308594,30.434782028198242,22.72727394104004,4.761904716491699,4.545454502105713,0,4.545454502105713,6.156162261962891,8589934592,2147483648,6124240896,407961600
205,1772001998372,3204,3204,3204,3204,3204,3204,3204,3204,31.57894515991211,30.000001907348633,25,26.3157901763916,33.333335876464844,20,5,4.761904716491699,6.156162261962891,8589934592,2147483648,6124290048,407961600
205,1772001998578,3204,3204,3204,3204,3204,3204,3204,3204,33.333335876464844,28.571430206298828,20,19.047618865966797,0,0,0,0,6.156162261962891,8589934592,2147483648,6124290048,407961600
205,1772001998783,3204,3204,3204,3204,3204,3204,3204,3204,25,25,20,14.285715103149414,5,4.761904716491699,4.761904716491699,4.761904716491699,6.156162261962891,8589934592,2147483648,6124306432,407961600
202,1772001998989,3204,3204,3204,3204,3204,3204,3204,3204,42.85714340209961,38.095237731933594,47.619049072265625,30.000001907348633,0,0,0,0,5.75059175491333,8589934592,2147483648,6124306432,407961600
207,1772001999192,3204,3204,3204,3204,3204,3204,3204,3204,25,20,25,20,4.761904716491699,0,0,0,5.75059175491333,8589934592,2147483648,6124224512,407961600
201,1772001999400,3204,3204,3204,3204,3204,3204,3204,3204,30.000001907348633,23.809524536132813,28.571430206298828,23.809524536132813,4.761904716491699,4.761904716491699,4.545454502105713,0,5.75059175491333,8589934592,2147483648,6124847104,407961600
206,1772001999602,3204,3204,3204,3204,3204,3204,3204,3204,28.571430206298828,20,25,20,4.761904716491699,0,0,4.761904716491699,5.75059175491333,8589934592,2147483648,6124748800,407961600
203,1772001999809,3204,3204,3204,3204,3204,3204,3204,3204,30.000001907348633,25,25,19.047618865966797,4.761904716491699,5,0,0,5.75059175491333,8589934592,2147483648,6126731264,407961600
205,1772002000013,3204,3204,3204,3204,3204,3204,3204,3204,28.571430206298828,25,23.809524536132813,23.809524536132813,0,0,0,0,5.9165544509887695,8589934592,2147483648,6125879296,407961600
206,1772002000219,3204,3204,3204,3204,3204,3204,3204,3204,31.57894515991211,27.272727966308594,23.809524536132813,15.789472579956055,0,9.090909004211426,0,0,5.9165544509887695,8589934592,2147483648,6125879296,407961600
206,1772002000426,3204,3204,3204,3204,3204,3204,3204,3204,38.095237731933594,26.3157901763916,26.3157901763916,28.571430206298828,10,15.789472579956055,10,4.545454502105713,5.9165544509887695,8589934592,2147483648,6135119872,407961600
206,1772002000634,3204,3204,3204,3204,3204,3204,3204,3204,30.000001907348633,27.272727966308594,23.809524536132813,19.047618865966797,4.761904716491699,9.523809432983398,0,0,5.9165544509887695,8589934592,2147483648,6125731840,407961600
209,1772002000841,3204,3204,3204,3204,3204,3204,3204,3204,31.81818199157715,20,23.809524536132813,20,9.523809432983398,9.523809432983398,9.090909004211426,0,5.9165544509887695,8589934592,2147483648,6125928448,407961600
209,1772002001051,3204,3204,3204,3204,3204,3204,3204,3204,15.000000953674316,23.809524536132813,19.047618865966797,19.047618865966797,15.000000953674316,23.809524536132813,5,14.285715103149414,5.611656188964844,8589934592,2147483648,6128107520,407961600
207,1772002001261,3204,3204,3204,3204,3204,3204,3204,3204,27.272727966308594,25,23.809524536132813,14.285715103149414,0,0,0,0,5.611656188964844,8589934592,2147483648,6128107520,407961600
205,1772002001469,3204,3204,3204,3204,3204,3204,3204,3204,35,38.095237731933594,38.095237731933594,33.333335876464844,22.72727394104004,20,19.047618865966797,19.047618865966797,5.611656188964844,8589934592,2147483648,6128926720,407961600
204,1772002001675,3204,3204,3204,3204,3204,3204,3204,3204,20,19.047618865966797,20,15.000000953674316,20,22.72727394104004,15.000000953674316,14.285715103149414,5.611656188964844,8589934592,2147483648,6128697344,407961600
205,1772002001880,3204,3204,3204,3204,3204,3204,3204,3204,23.809524536132813,25,20,19.047618865966797,9.523809432983398,5,4.761904716491699,0,5.611656188964844,8589934592,2147483648,6128828416,407961600
208,1772002002085,3204,3204,3204,3204,3204,3204,3204,3204,20,25,23.809524536132813,15.000000953674316,9.523809432983398,5,5,5,5.897097110748291,8589934592,2147483648,6126534656,407961600
209,1772002002294,3204,3204,3204,3204,3204,3204,3204,3204,31.81818199157715,23.809524536132813,23.809524536132813,19.047618865966797,5,4.761904716491699,9.090909004211426,4.761904716491699,5.897097110748291,8589934592,2147483648,6126305280,407961600
209,1772002002504,3204,3204,3204,3204,3204,3204,3204,3204,31.57894515991211,33.333335876464844,28.571430206298828,25,14.285715103149414,19.047618865966797,4.761904716491699,9.090909004211426,5.897097110748291,8589934592,2147483648,6138658816,407961600
204,1772002002714,3204,3204,3204,3204,3204,3204,3204,3204,27.272727966308594,25,23.809524536132813,22.72727394104004,9.523809432983398,19.047618865966797,9.523809432983398,4.761904716491699,5.897097110748291,8589934592,2147483648,6127058944,407961600
206,1772002002919,3204,3204,3204,3204,3204,3204,3204,3204,31.57894515991211,38.095237731933594,21.052631378173828,25,4.761904716491699,4.761904716491699,0,0,6.5305705070495605,8589934592,2147483648,6127992832,407961600
207,1772002003126,3204,3204,3204,3204,3204,3204,3204,3204,27.272727966308594,25,23.809524536132813,20,5,5,4.761904716491699,0,6.5305705070495605,8589934592,2147483648,6127845376,407961600
208,1772002003334,3204,3204,3204,3204,3204,3204,3204,3204,28.571430206298828,27.272727966308594,23.809524536132813,22.72727394104004,0,4.761904716491699,0,0,6.5305705070495605,8589934592,2147483648,6127796224,407961600
209,1772002003542,3204,3204,3204,3204,3204,3204,3204,3204,20,28.571430206298828,25,19.047618865966797,4.761904716491699,0,4.761904716491699,4.545454502105713,6.5305705070495605,8589934592,2147483648,6127861760,407961600
201,1772002003752,3204,3204,3204,3204,3204,3204,3204,3204,28.571430206298828,25,27.272727966308594,15.000000953674316,4.761904716491699,9.090909004211426,0,0,6.5305705070495605,8589934592,2147483648,6127845376,407961600
209,1772002003954,3204,3204,3204,3204,3204,3204,3204,3204,25,26.3157901763916,25,25,0,0,0,0,6.073930740356445,8589934592,2147483648,6128336896,407961600
204,1772002004164,3204,3204,3204,3204,3204,3204,3204,3204,28.571430206298828,31.81818199157715,28.571430206298828,18.18181800842285,8.69565200805664,4.545454502105713,4.545454502105713,4.545454502105713,6.073930740356445,8589934592,2147483648,6129238016,407961600
206,1772002004369,3204,3204,3204,3204,3204,3204,3204,3204,25,23.809524536132813,20,20,0,0,0,0,6.073930740356445,8589934592,2147483648,6128402432,407961600
209,1772002004576,3204,3204,3204,3204,3204,3204,3204,3204,23.809524536132813,30.000001907348633,28.571430206298828,25,0,0,0,0,6.073930740356445,8589934592,2147483648,6128812032,407961600
209,1772002004786,3204,3204,3204,3204,3204,3204,3204,3204,33.333335876464844,25,23.809524536132813,23.809524536132813,28.571430206298828,15.000000953674316,10,4.761904716491699,6.073930740356445,8589934592,2147483648,6130384896,407961600
208,1772002004995,3204,3204,3204,3204,3204,3204,3204,3204,30.000001907348633,36.3636360168457,25,23.809524536132813,4.761904716491699,4.761904716491699,4.761904716491699,0,5.632794380187988,8589934592,2147483648,6131073024,407961600
200,1772002005204,3204,3204,3204,3204,3204,3204,3204,3204,19.047618865966797,20,22.72727394104004,19.047618865966797,4.761904716491699,4.761904716491699,0,0,5.632794380187988,8589934592,2147483648,6131089408,407961600
207,1772002005406,3204,3204,3204,3204,3204,3204,3204,3204,35,20,25,10.526315689086914,0,0,0,0,5.632794380187988,8589934592,2147483648,6131073024,407961600
199,1772002005613,3204,3204,3204,3204,3204,3204,3204,3204,30.000001907348633,31.81818199157715,23.809524536132813,23.809524536132813,4.761904716491699,4.761904716491699,0,0,5.632794380187988,8589934592,2147483648,6131089408,407961600
208,1772002005814,3204,3204,3204,3204,3204,3204,3204,3204,25,21.052631378173828,21.052631378173828,15.000000953674316,5.263157844543457,5,0,4.761904716491699,5.632794380187988,8589934592,2147483648,6131171328,407961600
209,1772002006022,3204,3204,3204,3204,3204,3204,3204,3204,27.272727966308594,19.047618865966797,23.809524536132813,18.18181800842285,18.18181800842285,20,9.090909004211426,5,5.8504486083984375,8589934592,2147483648,6142345216,407961600
209,1772002006232,3204,3204,3204,3204,3204,3204,3204,3204,28.571430206298828,25,19.047618865966797,15.789472579956055,5,13.636363983154297,4.761904716491699,4.761904716491699,5.8504486083984375,8589934592,2147483648,6139199488,407961600
209,1772002006442,3204,3204,3204,3204,3204,3204,3204,3204,28.571430206298828,28.571430206298828,20,19.047618865966797,0,0,0,0,5.8504486083984375,8589934592,2147483648,6138560512,407961600
209,1772002006653,3204,3204,3204,3204,3204,3204,3204,3204,25,28.571430206298828,22.72727394104004,22.72727394104004,0,0,0,0,5.8504486083984375,8589934592,2147483648,6138478592,407961600
204,1772002006863,3204,3204,3204,3204,3204,3204,3204,3204,38.095237731933594,28.571430206298828,33.333335876464844,28.571430206298828,28.571430206298828,14.285715103149414,4.761904716491699,0,5.8504486083984375,8589934592,2147483648,6148423680,407961600
207,1772002007067,3204,3204,3204,3204,3204,3204,3204,3204,25,25,21.052631378173828,20,9.523809432983398,10,0,0,5.6940131187438965,8589934592,2147483648,6132367360,407961600
209,1772002007276,3204,3204,3204,3204,3204,3204,3204,3204,28.571430206298828,33.333335876464844,23.809524536132813,19.047618865966797,0,0,0,0,5.6940131187438965,8589934592,2147483648,6130925568,407961600
206,1772002007486,3204,3204,3204,3204,3204,3204,3204,3204,25,23.809524536132813,19.047618865966797,19.047618865966797,4.545454502105713,4.545454502105713,0,4.545454502105713,5.6940131187438965,8589934592,2147483648,6130270208,407961600
200,1772002007692,3204,3204,3204,3204,3204,3204,3204,3204,33.333335876464844,25,20,20,0,0,0,0,5.6940131187438965,8589934592,2147483648,6130040832,407961600
204,1772002007893,3204,3204,3204,3204,3204,3204,3204,3204,30.000001907348633,25,20,25,10,10,9.523809432983398,5,5.6940131187438965,8589934592,2147483648,6129942528,407961600
204,1772002008098,3204,3204,3204,3204,3204,3204,3204,3204,25,23.809524536132813,19.047618865966797,23.809524536132813,14.285715103149414,9.523809432983398,9.523809432983398,4.761904716491699,5.824310779571533,8589934592,2147483648,6129549312,407961600
209,1772002008303,3204,3204,3204,3204,3204,3204,3204,3204,30.000001907348633,28.571430206298828,25,20,4.761904716491699,5,0,4.761904716491699,5.824310779571533,8589934592,2147483648,6129516544,407961600
205,1772002008513,3204,3204,3204,3204,3204,3204,3204,3204,23.809524536132813,25,19.047618865966797,19.047618865966797,0,0,4.545454502105713,0,5.824310779571533,8589934592,2147483648,6129647616,407961600
207,1772002008720,3204,3204,3204,3204,3204,3204,3204,3204,31.81818199157715,23.809524536132813,28.571430206298828,23.809524536132813,9.523809432983398,9.523809432983398,5,5,5.824310779571533,8589934592,2147483648,6129582080,407961600
209,1772002008927,3204,3204,3204,3204,3204,3204,3204,3204,30.000001907348633,40,33.333335876464844,28.571430206298828,10,15.000000953674316,5,4.761904716491699,5.733414173126221,8589934592,2147483648,6140919808,407961600
201,1772002009137,3204,3204,3204,3204,3204,3204,3204,3204,30.000001907348633,19.047618865966797,23.809524536132813,20,23.809524536132813,14.285715103149414,0,0,5.733414173126221,8589934592,2147483648,6129664000,407961600
209,1772002009339,3204,3204,3204,3204,3204,3204,3204,3204,28.571430206298828,33.333335876464844,30.000001907348633,20,5,5,4.761904716491699,4.761904716491699,5.733414173126221,8589934592,2147483648,6129713152,407961600
203,1772002009549,3204,3204,3204,3204,3204,3204,3204,3204,25,20,28.571430206298828,22.72727394104004,0,4.545454502105713,0,0,5.733414173126221,8589934592,2147483648,6130827264,407961600
209,1772002009753,3204,3204,3204,3204,3204,3204,3204,3204,28.571430206298828,25,25,20,4.761904716491699,0,0,0,5.733414173126221,8589934592,2147483648,6130794496,407961600
205,1772002009963,3204,3204,3204,3204,3204,3204,3204,3204,23.809524536132813,23.809524536132813,28.571430206298828,19.047618865966797,0,4.761904716491699,0,4.761904716491699,5.760088920593262,8589934592,2147483648,6130761728,407961600
201,1772002010169,3204,3204,3204,3204,3204,3204,3204,3204,25,28.571430206298828,25,15.000000953674316,4.545454502105713,0,0,0,5.760088920593262,8589934592,2147483648,6130778112,407961600
202,1772002010372,3204,3204,3204,3204,3204,3204,3204,3204,25,20,30.000001907348633,20,0,0,4.761904716491699,0,5.760088920593262,8589934592,2147483648,6130565120,407961600
206,1772002010574,3204,3204,3204,3204,3204,3204,3204,3204,25,25,25,19.047618865966797,5,5,0,0,5.760088920593262,8589934592,2147483648,6130581504,407961600
203,1772002010781,3204,3204,3204,3204,3204,3204,3204,3204,23.809524536132813,25,28.571430206298828,20,0,0,0,0,5.760088920593262,8589934592,2147483648,6130679808,407961600
206,1772002010985,3204,3204,3204,3204,3204,3204,3204,3204,25,28.571430206298828,28.571430206298828,14.285715103149414,19.047618865966797,14.285715103149414,5,4.761904716491699,5.80753755569458,8589934592,2147483648,6132203520,407961600
209,1772002011192,3204,3204,3204,3204,3204,3204,3204,3204,30.000001907348633,25,20,26.3157901763916,28.571430206298828,30.000001907348633,9.090909004211426,10,5.80753755569458,8589934592,2147483648,6131646464,407961600
209,1772002011402,3204,3204,3204,3204,3204,3204,3204,3204,27.272727966308594,28.571430206298828,20,22.72727394104004,9.523809432983398,4.761904716491699,0,0,5.80753755569458,8589934592,2147483648,6132973568,407961600
209,1772002011612,3204,3204,3204,3204,3204,3204,3204,3204,28.571430206298828,28.571430206298828,22.72727394104004,19.047618865966797,0,0,0,0,5.80753755569458,8589934592,2147483648,6133055488,407961600
208,1772002011822,3204,3204,3204,3204,3204,3204,3204,3204,30.000001907348633,23.809524536132813,20,23.809524536132813,0,0,0,0,5.80753755569458,8589934592,2147483648,6133071872,407961600
206,1772002012031,3204,3204,3204,3204,3204,3204,3204,3204,23.809524536132813,28.571430206298828,23.809524536132813,19.047618865966797,4.545454502105713,0,0,0,5.580193042755127,8589934592,2147483648,6132989952,407961600
203,1772002012238,3204,3204,3204,3204,3204,3204,3204,3204,28.571430206298828,28.571430206298828,23.809524536132813,19.047618865966797,5,9.523809432983398,9.523809432983398,9.523809432983398,5.580193042755127,8589934592,2147483648,6131171328,407961600
207,1772002012442,3204,3204,3204,3204,3204,3204,3204,3204,30.000001907348633,21.052631378173828,25,15.789472579956055,0,0,0,0,5.580193042755127,8589934592,2147483648,6130319360,407961600
209,1772002012650,3204,3204,3204,3204,3204,3204,3204,3204,28.571430206298828,23.809524536132813,33.333335876464844,27.272727966308594,4.761904716491699,9.090909004211426,0,0,5.580193042755127,8589934592,2147483648,6131007488,407961600
200,1772002012860,3204,3204,3204,3204,3204,3204,3204,3204,20,27.272727966308594,28.571430206298828,15.000000953674316,0,0,0,0,5.580193042755127,8589934592,2147483648,6130401280,407961600
205,1772002013061,3204,3204,3204,3204,3204,3204,3204,3204,30.000001907348633,21.052631378173828,28.571430206298828,30.000001907348633,4.761904716491699,0,0,4.761904716491699,6.097680568695068,8589934592,2147483648,6130401280,407961600
201,1772002013267,3204,3204,3204,3204,3204,3204,3204,3204,33.333335876464844,33.333335876464844,30.000001907348633,23.809524536132813,21.052631378173828,15.789472579956055,14.285715103149414,4.761904716491699,6.097680568695068,8589934592,2147483648,6130401280,407961600
201,1772002013469,3204,3204,3204,3204,3204,3204,3204,3204,30.000001907348633,30.000001907348633,25,26.3157901763916,9.523809432983398,9.523809432983398,0,4.761904716491699,6.097680568695068,8589934592,2147483648,6130401280,407961600
209,1772002013671,3204,3204,3204,3204,3204,3204,3204,3204,30.000001907348633,30.000001907348633,21.052631378173828,25,0,0,0,0,6.097680568695068,8589934592,2147483648,6130794496,407961600
209,1772002013881,3204,3204,3204,3204,3204,3204,3204,3204,28.571430206298828,28.571430206298828,19.047618865966797,18.18181800842285,13.043478012084961,4.761904716491699,4.761904716491699,0,6.097680568695068,8589934592,2147483648,6131351552,407961600
209,1772002014091,3204,3204,3204,3204,3204,3204,3204,3204,28.571430206298828,28.571430206298828,22.72727394104004,19.047618865966797,0,0,0,4.545454502105713,5.581962585449219,8589934592,2147483648,6131023872,407961600
207,1772002014301,3204,3204,3204,3204,3204,3204,3204,3204,30.000001907348633,25,20,19.047618865966797,5,9.090909004211426,0,0,5.581962585449219,8589934592,2147483648,6132908032,407961600
208,1772002014509,3204,3204,3204,3204,3204,3204,3204,3204,25,27.272727966308594,23.809524536132813,15.000000953674316,4.761904716491699,4.761904716491699,4.761904716491699,4.761904716491699,5.581962585449219,8589934592,2147483648,6132269056,407961600
200,1772002014717,3204,3204,3204,3204,3204,3204,3204,3204,27.272727966308594,20,25,23.809524536132813,0,4.761904716491699,0,0,5.581962585449219,8589934592,2147483648,6132088832,407961600
206,1772002014919,3204,3204,3204,3204,3204,3204,3204,3204,25,21.052631378173828,28.571430206298828,15.000000953674316,5,10,9.523809432983398,0,6.00587797164917,8589934592,2147483648,6131154944,407961600
200,1772002015125,3204,3204,3204,3204,3204,3204,3204,3204,28.571430206298828,28.571430206298828,20,19.047618865966797,4.545454502105713,0,0,0,6.00587797164917,8589934592,2147483648,6131073024,407961600
209,1772002015326,3204,3204,3204,3204,3204,3204,3204,3204,31.57894515991211,35,33.333335876464844,25,10.526315689086914,5,5,0,6.00587797164917,8589934592,2147483648,6141739008,407961600
207,1772002015536,3204,3204,3204,3204,3204,3204,3204,3204,33.333335876464844,23.809524536132813,23.809524536132813,15.000000953674316,23.809524536132813,10,9.523809432983398,4.545454502105713,6.00587797164917,8589934592,2147483648,6131007488,407961600
207,1772002015744,3204,3204,3204,3204,3204,3204,3204,3204,23.809524536132813,23.809524536132813,25,19.047618865966797,9.090909004211426,4.761904716491699,0,0,6.00587797164917,8589934592,2147483648,6131040256,407961600
209,1772002015951,3204,3204,3204,3204,3204,3204,3204,3204,25,20,19.047618865966797,19.047618865966797,10,5,0,0,5.81264066696167,8589934592,2147483648,6130204672,407961600
201,1772002016161,3204,3204,3204,3204,3204,3204,3204,3204,31.81818199157715,19.047618865966797,20,14.285715103149414,19.047618865966797,22.72727394104004,9.523809432983398,27.272727966308594,5.81264066696167,8589934592,2147483648,6136020992,407961600
209,1772002016363,3204,3204,3204,3204,3204,3204,3204,3204,30.000001907348633,26.3157901763916,23.809524536132813,20,5,5,0,0,5.81264066696167,8589934592,2147483648,6136037376,407961600
200,1772002016573,3204,3204,3204,3204,3204,3204,3204,3204,28.571430206298828,27.272727966308594,20,15.000000953674316,4.761904716491699,4.761904716491699,4.761904716491699,4.761904716491699,5.81264066696167,8589934592,2147483648,6136037376,407961600
203,1772002016774,3204,3204,3204,3204,3204,3204,3204,3204,31.57894515991211,20,20,19.047618865966797,0,0,0,0,5.81264066696167,8589934592,2147483648,6135906304,407961600
209,1772002016978,3204,3204,3204,3204,3204,3204,3204,3204,35,20,23.809524536132813,15.000000953674316,5,5,4.761904716491699,0,5.86708927154541,8589934592,2147483648,6135906304,407961600
205,1772002017187,3204,3204,3204,3204,3204,3204,3204,3204,33.333335876464844,33.333335876464844,28.571430206298828,28.571430206298828,4.761904716491699,0,0,4.761904716491699,5.86708927154541,8589934592,2147483648,6135906304,407961600
200,1772002017393,3204,3204,3204,3204,3204,3204,3204,3204,28.571430206298828,20,20,10.526315689086914,0,4.761904716491699,4.761904716491699,0,5.86708927154541,8589934592,2147483648,6135906304,407961600
207,1772002017593,3204,3204,3204,3204,3204,3204,3204,3204,40,40,30.000001907348633,33.333335876464844,23.809524536132813,23.809524536132813,10,10.526315689086914,5.86708927154541,8589934592,2147483648,6135906304,407961600
199,1772002017802,3204,3204,3204,3204,3204,3204,3204,3204,28.571430206298828,19.047618865966797,20,19.047618865966797,4.761904716491699,5,4.545454502105713,4.545454502105713,5.86708927154541,8589934592,2147483648,6136479744,407961600
207,1772002018002,3204,3204,3204,3204,3204,3204,3204,3204,26.3157901763916,25,23.809524536132813,15.789472579956055,5,9.523809432983398,0,0,5.7587361335754395,8589934592,2147483648,6136528896,407961600
209,1772002018209,3204,3204,3204,3204,3204,3204,3204,3204,33.333335876464844,33.333335876464844,25,19.047618865966797,0,0,4.545454502105713,0,5.7587361335754395,8589934592,2147483648,6136528896,407961600
209,1772002018420,3204,3204,3204,3204,3204,3204,3204,3204,28.571430206298828,20,19.047618865966797,18.18181800842285,9.523809432983398,5,5,4.761904716491699,5.7587361335754395,8589934592,2147483648,6136528896,407961600
208,1772002018630,3204,3204,3204,3204,3204,3204,3204,3204,28.571430206298828,19.047618865966797,27.272727966308594,19.047618865966797,9.090909004211426,13.043478012084961,0,4.761904716491699,5.7587361335754395,8589934592,2147483648,6136528896,407961600
209,1772002018838,3204,3204,3204,3204,3204,3204,3204,3204,25,23.809524536132813,25,25,0,0,4.761904716491699,0,5.7587361335754395,8589934592,2147483648,6136283136,407961600
209,1772002019048,3204,3204,3204,3204,3204,3204,3204,3204,38.095237731933594,38.095237731933594,30.000001907348633,33.333335876464844,4.761904716491699,4.761904716491699,0,4.761904716491699,5.938786029815674,8589934592,2147483648,6145409024,407961600
209,1772002019258,3204,3204,3204,3204,3204,3204,3204,3204,76.19047546386719,71.42857360839844,72.7272720336914,61.904762268066406,0,0,0,0,5.938786029815674,8589934592,2147483648,6125387776,407961600
209,1772002019468,3204,3204,3204,3204,3204,3204,3204,3204,90.47618865966797,95.23809814453125,95,90.47618865966797,9.523809432983398,9.523809432983398,0,4.545454502105713,5.938786029815674,8589934592,2147483648,6081806336,407961600
209,1772002019678,3204,3204,3204,3204,3204,3204,3204,3204,65,71.42857360839844,63.6363639831543,57.142860412597656,23.809524536132813,23.809524536132813,4.761904716491699,0,5.938786029815674,8589934592,2147483648,6094831616,407961600
200,1772002019888,3204,3204,3204,3204,3204,3204,3204,3204,59.09090805053711,60.000003814697266,55,42.85714340209961,13.636363983154297,9.523809432983398,4.545454502105713,0,5.938786029815674,8589934592,2147483648,6091636736,407961600
204,1772002020089,3204,3204,3204,3204,3204,3204,3204,3204,55,57.142860412597656,61.904762268066406,60.000003814697266,0,5,0,4.761904716491699,5.703543663024902,8589934592,2147483648,6105858048,407961600
207,1772002020294,3204,3204,3204,3204,3204,3204,3204,3204,63.15789031982422,52.6315803527832,63.15789031982422,55,0,0,0,0,5.703543663024902,8589934592,2147483648,6113771520,407961600
200,1772002020502,3204,3204,3204,3204,3204,3204,3204,3204,57.142860412597656,50,50,42.85714340209961,4.761904716491699,0,0,0,5.703543663024902,8589934592,2147483648,6112886784,407961600
208,1772002020702,3204,3204,3204,3204,3204,3204,3204,3204,47.619049072265625,47.619049072265625,42.105262756347656,40,5,5,5,0,5.703543663024902,8589934592,2147483648,6114656256,407961600
207,1772002020911,3204,3204,3204,3204,3204,3204,3204,3204,47.619049072265625,42.105262756347656,40,33.333335876464844,5,4.761904716491699,0,4.545454502105713,7.18656587600708,8589934592,2147483648,6115246080,407961600
209,1772002021119,3204,3204,3204,3204,3204,3204,3204,3204,40,45.45454788208008,36.3636360168457,40,14.285715103149414,28.571430206298828,9.090909004211426,0,7.18656587600708,8589934592,2147483648,6113886208,407961600
205,1772002021329,3204,3204,3204,3204,3204,3204,3204,3204,33.333335876464844,26.3157901763916,33.333335876464844,20,9.523809432983398,0,4.761904716491699,9.523809432983398,7.18656587600708,8589934592,2147483648,6117212160,407961600
207,1772002021536,3204,3204,3204,3204,3204,3204,3204,3204,40,40.90909194946289,40,38.095237731933594,0,0,0,0,7.18656587600708,8589934592,2147483648,6118490112,407961600
209,1772002021744,3204,3204,3204,3204,3204,3204,3204,3204,38.095237731933594,36.842105865478516,33.333335876464844,31.81818199157715,0,9.090909004211426,0,0,7.18656587600708,8589934592,2147483648,6118866944,407961600
204,1772002021954,3204,3204,3204,3204,3204,3204,3204,3204,33.333335876464844,36.3636360168457,28.571430206298828,28.571430206298828,23.809524536132813,20,14.285715103149414,9.523809432983398,6.573271751403809,8589934592,2147483648,6111035392,407961600
209,1772002022159,3204,3204,3204,3204,3204,3204,3204,3204,25,28.571430206298828,25,20,4.761904716491699,4.761904716491699,4.761904716491699,0,6.573271751403809,8589934592,2147483648,6110576640,407961600
209,1772002022369,3204,3204,3204,3204,3204,3204,3204,3204,28.571430206298828,25,19.047618865966797,23.809524536132813,0,4.761904716491699,0,0,6.573271751403809,8589934592,2147483648,6106152960,407961600
202,1772002022579,3204,3204,3204,3204,3204,3204,3204,3204,28.571430206298828,23.809524536132813,23.809524536132813,20,0,0,0,0,6.573271751403809,8589934592,2147483648,6105088000,407961600
202,1772002022782,3204,3204,3204,3204,3204,3204,3204,3204,40,40,26.3157901763916,38.095237731933594,0,0,0,0,6.573271751403809,8589934592,2147483648,6104006656,407961600
209,1772002022984,3204,3204,3204,3204,3204,3204,3204,3204,60.000003814697266,55,42.85714340209961,45,4.545454502105713,0,0,0,6.361831188201904,8589934592,2147483648,6107365376,407961600
201,1772002023194,3204,3204,3204,3204,3204,3204,3204,3204,47.619049072265625,54.54545593261719,45,47.619049072265625,0,0,0,4.545454502105713,6.361831188201904,8589934592,2147483648,6104055808,407961600
202,1772002023395,3204,3204,3204,3204,3204,3204,3204,3204,55,57.894737243652344,42.85714340209961,47.36842346191406,5,9.523809432983398,5,0,6.361831188201904,8589934592,2147483648,6103121920,407961600
202,1772002023599,3204,3204,3204,3204,3204,3204,3204,3204,61.904762268066406,70,60.000003814697266,66.66667175292969,9.523809432983398,5,5,4.761904716491699,6.361831188201904,8589934592,2147483648,6103957504,407961600
209,1772002023802,3204,3204,3204,3204,3204,3204,3204,3204,45,42.85714340209961,50,25,0,0,0,0,6.361831188201904,8589934592,2147483648,6119456768,407961600
209,1772002024012,3204,3204,3204,3204,3204,3204,3204,3204,60.000003814697266,57.142860412597656,47.619049072265625,52.38095474243164,20,19.047618865966797,14.285715103149414,0,5.795805931091309,8589934592,2147483648,6104432640,407961600
209,1772002024222,3204,3204,3204,3204,3204,3204,3204,3204,47.619049072265625,35,59.09090805053711,52.38095474243164,9.090909004211426,4.761904716491699,0,4.545454502105713,5.795805931091309,8589934592,2147483648,6098747392,407961600
203,1772002024431,3204,3204,3204,3204,3204,3204,3204,3204,42.85714340209961,42.85714340209961,35,38.095237731933594,9.523809432983398,9.523809432983398,0,0,5.795805931091309,8589934592,2147483648,6104842240,407961600
200,1772002024635,3204,3204,3204,3204,3204,3204,3204,3204,70,42.85714340209961,50,45,0,0,4.761904716491699,0,5.795805931091309,8589934592,2147483648,6103285760,407961600
209,1772002024836,3204,3204,3204,3204,3204,3204,3204,3204,57.142860412597656,60.000003814697266,50,40,4.761904716491699,4.761904716491699,0,5,5.795805931091309,8589934592,2147483648,6103285760,407961600
205,1772002025046,3204,3204,3204,3204,3204,3204,3204,3204,57.894737243652344,55,42.85714340209961,38.095237731933594,0,0,0,0,6.410778045654297,8589934592,2147483648,6103957504,407961600
204,1772002025252,3204,3204,3204,3204,3204,3204,3204,3204,57.142860412597656,57.142860412597656,45,38.095237731933594,4.545454502105713,4.761904716491699,0,0,6.410778045654297,8589934592,2147483648,6103285760,407961600
203,1772002025457,3204,3204,3204,3204,3204,3204,3204,3204,57.142860412597656,55,42.85714340209961,35,5,4.761904716491699,4.761904716491699,4.761904716491699,6.410778045654297,8589934592,2147483648,6103236608,407961600
208,1772002025662,3204,3204,3204,3204,3204,3204,3204,3204,60.000003814697266,60.000003814697266,45,45,0,0,0,0,6.410778045654297,8589934592,2147483648,6103105536,407961600
205,1772002025870,3204,3204,3204,3204,3204,3204,3204,3204,55,54.54545593261719,42.85714340209961,33.333335876464844,0,0,0,0,6.410778045654297,8589934592,2147483648,6103121920,407961600
204,1772002026076,3204,3204,3204,3204,3204,3204,3204,3204,68.18181610107422,65,52.38095474243164,47.619049072265625,25,14.285715103149414,13.636363983154297,19.047618865966797,6.547189235687256,8589934592,2147483648,6111805440,407961600
207,1772002026281,3204,3204,3204,3204,3204,3204,3204,3204,60.000003814697266,63.15789031982422,45,45,28.571430206298828,27.272727966308594,10,4.761904716491699,6.547189235687256,8589934592,2147483648,6101450752,407961600
205,1772002026489,3204,3204,3204,3204,3204,3204,3204,3204,47.619049072265625,52.38095474243164,52.38095474243164,50,4.761904716491699,0,0,4.761904716491699,6.547189235687256,8589934592,2147483648,6094536704,407961600
209,1772002026694,3204,3204,3204,3204,3204,3204,3204,3204,65,61.904762268066406,50,52.38095474243164,0,0,0,0,6.547189235687256,8589934592,2147483648,6098255872,407961600
203,1772002026904,3204,3204,3204,3204,3204,3204,3204,3204,42.85714340209961,47.619049072265625,54.54545593261719,61.904762268066406,0,4.761904716491699,0,0,6.0967512130737305,8589934592,2147483648,6101778432,407961600
208,1772002027107,3204,3204,3204,3204,3204,3204,3204,3204,50,35,57.894737243652344,47.619049072265625,5,4.761904716491699,5,4.761904716491699,6.0967512130737305,8589934592,2147483648,6105759744,407961600
209,1772002027317,3204,3204,3204,3204,3204,3204,3204,3204,47.619049072265625,52.38095474243164,50,45,0,0,0,0,6.0967512130737305,8589934592,2147483648,6109216768,407961600
208,1772002027527,3204,3204,3204,3204,3204,3204,3204,3204,47.619049072265625,50,52.6315803527832,47.619049072265625,0,0,0,0,6.0967512130737305,8589934592,2147483648,6112378880,407961600
203,1772002027735,3204,3204,3204,3204,3204,3204,3204,3204,57.142860412597656,42.85714340209961,57.142860412597656,50,4.761904716491699,4.761904716491699,4.761904716491699,0,6.0967512130737305,8589934592,2147483648,6111510528,407961600
202,1772002027940,3204,3204,3204,3204,3204,3204,3204,3204,36.842105865478516,38.095237731933594,38.095237731933594,30.000001907348633,0,0,0,0,7.038982391357422,8589934592,2147483648,6113263616,407961600
206,1772002028142,3204,3204,3204,3204,3204,3204,3204,3204,35,33.333335876464844,30.000001907348633,30.000001907348633,4.761904716491699,4.761904716491699,0,0,7.038982391357422,8589934592,2147483648,6113673216,407961600
203,1772002028348,3204,3204,3204,3204,3204,3204,3204,3204,52.38095474243164,60.000003814697266,55,50,35,15.000000953674316,14.285715103149414,4.761904716491699,7.038982391357422,8589934592,2147483648,6091587584,407961600
206,1772002028552,3204,3204,3204,3204,3204,3204,3204,3204,55,50,45,50,0,0,0,0,7.038982391357422,8589934592,2147483648,6092062720,407961600
209,1772002028759,3204,3204,3204,3204,3204,3204,3204,3204,59.09090805053711,50,47.619049072265625,40,4.761904716491699,0,0,0,7.038982391357422,8589934592,2147483648,6092062720,407961600
206,1772002028969,3204,3204,3204,3204,3204,3204,3204,3204,70,61.904762268066406,57.142860412597656,52.38095474243164,4.761904716491699,9.090909004211426,4.545454502105713,0,6.343539714813232,8589934592,2147483648,6092062720,407961600
209,1772002029176,3204,3204,3204,3204,3204,3204,3204,3204,60.000003814697266,57.142860412597656,38.095237731933594,38.095237731933594,0,4.545454502105713,0,0,6.343539714813232,8589934592,2147483648,6096109568,407961600
206,1772002029385,3204,3204,3204,3204,3204,3204,3204,3204,61.904762268066406,52.38095474243164,45,30.000001907348633,0,0,0,0,6.343539714813232,8589934592,2147483648,6094290944,407961600
207,1772002029592,3204,3204,3204,3204,3204,3204,3204,3204,57.142860412597656,60.000003814697266,45.45454788208008,33.333335876464844,4.761904716491699,0,4.761904716491699,4.545454502105713,6.343539714813232,8589934592,2147483648,6094340096,407961600
208,1772002029800,3204,3204,3204,3204,3204,3204,3204,3204,61.904762268066406,50,45,42.85714340209961,0,4.761904716491699,0,0,6.343539714813232,8589934592,2147483648,6094340096,407961600
200,1772002030009,3204,3204,3204,3204,3204,3204,3204,3204,57.142860412597656,54.54545593261719,40,38.095237731933594,4.761904716491699,4.761904716491699,0,0,6.446981430053711,8589934592,2147483648,6094340096,407961600
203,1772002030210,3204,3204,3204,3204,3204,3204,3204,3204,60.000003814697266,60.000003814697266,52.38095474243164,42.105262756347656,0,0,0,0,6.446981430053711,8589934592,2147483648,6093799424,407961600
204,1772002030414,3204,3204,3204,3204,3204,3204,3204,3204,63.15789031982422,57.142860412597656,55,50,33.333335876464844,10.526315689086914,10,9.523809432983398,6.446981430053711,8589934592,2147483648,6091505664,407961600
200,1772002030619,3204,3204,3204,3204,3204,3204,3204,3204,61.904762268066406,57.894737243652344,45,47.36842346191406,9.523809432983398,9.523809432983398,0,0,6.446981430053711,8589934592,2147483648,6083706880,407961600
207,1772002030820,3204,3204,3204,3204,3204,3204,3204,3204,94.73684692382813,90,90.47618865966797,85.71428680419922,0,5,0,0,6.446981430053711,8589934592,2147483648,6098649088,407961600
207,1772002031027,3204,3204,3204,3204,3204,3204,3204,3204,95.45454406738281,95.23809814453125,95.23809814453125,100,33.333335876464844,28.571430206298828,28.571430206298828,23.809524536132813,6.137503147125244,8589934592,2147483648,6105219072,407961600
206,1772002031235,3204,3204,3204,3204,3204,3204,3204,3204,75,71.42857360839844,65,60.000003814697266,23.809524536132813,28.571430206298828,9.523809432983398,9.523809432983398,6.137503147125244,8589934592,2147483648,6100910080,407961600
208,1772002031442,3204,3204,3204,3204,3204,3204,3204,3204,90.47618865966797,95,90.47618865966797,90.90909576416016,5,5,4.761904716491699,4.761904716491699,6.137503147125244,8589934592,2147483648,6126469120,407961600
208,1772002031652,3204,3204,3204,3204,3204,3204,3204,3204,90.47618865966797,90.47618865966797,90,89.47368621826172,0,0,0,0,6.137503147125244,8589934592,2147483648,6133071872,407961600
207,1772002031861,3204,3204,3204,3204,3204,3204,3204,3204,66.66667175292969,66.66667175292969,66.66667175292969,63.6363639831543,9.523809432983398,4.761904716491699,0,0,6.137503147125244,8589934592,2147483648,6154715136,407961600
205,1772002032069,3204,3204,3204,3204,3204,3204,3204,3204,85.71428680419922,85,80,80.95238494873047,0,0,0,0,6.898589134216309,8589934592,2147483648,6158630912,407961600
207,1772002032276,3204,3204,3204,3204,3204,3204,3204,3204,95,95.45454406738281,90.90909576416016,95.23809814453125,4.545454502105713,0,4.761904716491699,4.761904716491699,6.898589134216309,8589934592,2147483648,6160433152,407961600
208,1772002032484,3204,3204,3204,3204,3204,3204,3204,3204,71.42857360839844,60.000003814697266,50,60.000003814697266,10,9.090909004211426,0,4.761904716491699,6.898589134216309,8589934592,2147483648,6160416768,407961600
199,1772002032692,3204,3204,3204,3204,3204,3204,3204,3204,80.95238494873047,80.95238494873047,85,76.19047546386719,20,19.047618865966797,4.761904716491699,4.761904716491699,6.898589134216309,8589934592,2147483648,6160662528,407961600
209,1772002032892,3204,3204,3204,3204,3204,3204,3204,3204,100,100,100,100,14.285715103149414,5.263157844543457,5,0,6.898589134216309,8589934592,2147483648,6156845056,407961600
209,1772002033102,3204,3204,3204,3204,3204,3204,3204,3204,100,100,100,100,14.285715103149414,4.761904716491699,0,4.545454502105713,8.449917793273926,8589934592,2147483648,6161874944,407961600
205,1772002033312,3204,3204,3204,3204,3204,3204,3204,3204,100,100,100,100,10,0,0,0,8.449917793273926,8589934592,2147483648,6162546688,407961600
202,1772002033519,3204,3204,3204,3204,3204,3204,3204,3204,100,100,100,100,14.285715103149414,14.285715103149414,5,0,8.449917793273926,8589934592,2147483648,6167478272,407961600
200,1772002033722,3204,3204,3204,3204,3204,3204,3204,3204,70,63.15789031982422,65,65,80,85,68.18181610107422,42.85714340209961,8.449917793273926,8589934592,2147483648,6171951104,407961600
205,1772002033923,3204,3204,3204,3204,3204,3204,3204,3204,71.42857360839844,71.42857360839844,66.66667175292969,65,85.71428680419922,75,78.94737243652344,68.42105102539063,7.502906799316406,8589934592,2147483648,6163939328,407961600
207,1772002034129,3204,3204,3204,3204,3204,3204,3204,3204,45,45,38.095237731933594,40,76.19047546386719,30.000001907348633,19.047618865966797,18.18181800842285,7.502906799316406,8589934592,2147483648,6163939328,407961600
204,1772002034337,3204,3204,3204,3204,3204,3204,3204,3204,30.000001907348633,33.333335876464844,21.052631378173828,23.809524536132813,47.36842346191406,33.333335876464844,23.809524536132813,21.052631378173828,7.502906799316406,8589934592,2147483648,6167724032,407961600
202,1772002034542,3204,3204,3204,3204,3204,3204,3204,3204,30.000001907348633,38.095237731933594,28.571430206298828,25,50,14.285715103149414,0,0,7.502906799316406,8589934592,2147483648,6168379392,407961600
204,1772002034745,3204,3204,3204,3204,3204,3204,3204,3204,71.42857360839844,75,70,65,59.09090805053711,40,25,23.809524536132813,7.502906799316406,8589934592,2147483648,6163841024,407961600
208,1772002034950,3204,3204,3204,3204,3204,3204,3204,3204,60.000003814697266,60.000003814697266,57.142860412597656,57.142860412597656,85,57.142860412597656,55,50,8.905936241149902,8589934592,2147483648,6166724608,407961600
208,1772002035159,3204,3204,3204,3204,3204,3204,3204,3204,42.85714340209961,35,33.333335876464844,28.571430206298828,60.000003814697266,33.333335876464844,22.72727394104004,4.761904716491699,8.905936241149902,8589934592,2147483648,6166724608,407961600
208,1772002035368,3204,3204,3204,3204,3204,3204,3204,3204,40,33.333335876464844,30.000001907348633,28.571430206298828,52.38095474243164,0,0,0,8.905936241149902,8589934592,2147483648,6167904256,407961600
204,1772002035577,3204,3204,3204,3204,3204,3204,3204,3204,38.095237731933594,38.095237731933594,35,25,52.38095474243164,4.545454502105713,0,4.545454502105713,8.905936241149902,8589934592,2147483648,6168231936,407961600
203,1772002035782,3204,3204,3204,3204,3204,3204,3204,3204,40,40,38.095237731933594,33.333335876464844,40,5,0,0,8.905936241149902,8589934592,2147483648,6169952256,407961600
205,1772002035986,3204,3204,3204,3204,3204,3204,3204,3204,42.85714340209961,42.85714340209961,42.85714340209961,35,45,14.285715103149414,0,0,13.321622848510742,8589934592,2147483648,6150782976,407961600
207,1772002036192,3204,3204,3204,3204,3204,3204,3204,3204,25,26.3157901763916,30.000001907348633,25,33.333335876464844,10,19.047618865966797,14.285715103149414,13.321622848510742,8589934592,2147483648,6150782976,407961600
199,1772002036400,3204,3204,3204,3204,3204,3204,3204,3204,40,33.333335876464844,28.571430206298828,42.85714340209961,61.904762268066406,0,0,0,13.321622848510742,8589934592,2147483648,6161973248,407961600
203,1772002036600,3204,3204,3204,3204,3204,3204,3204,3204,42.85714340209961,35,26.3157901763916,30.000001907348633,52.6315803527832,0,0,0,13.321622848510742,8589934592,2147483648,6162743296,407961600
204,1772002036804,3204,3204,3204,3204,3204,3204,3204,3204,50,50,50,35,40,14.285715103149414,5,4.761904716491699,13.321622848510742,8589934592,2147483648,6172672000,407961600
208,1772002037009,3204,3204,3204,3204,3204,3204,3204,3204,25,31.81818199157715,27.272727966308594,23.809524536132813,47.619049072265625,19.047618865966797,10,0,9.178040504455566,8589934592,2147483648,6172672000,407961600
200,1772002037218,3204,3204,3204,3204,3204,3204,3204,3204,33.333335876464844,15.789472579956055,20,25,60.000003814697266,0,0,0,9.178040504455566,8589934592,2147483648,6172672000,407961600
203,1772002037419,3204,3204,3204,3204,3204,3204,3204,3204,25,30.000001907348633,21.052631378173828,23.809524536132813,23.809524536132813,0,0,0,9.178040504455566,8589934592,2147483648,6164054016,407961600
209,1772002037623,3204,3204,3204,3204,3204,3204,3204,3204,30.000001907348633,28.571430206298828,23.809524536132813,20,57.142860412597656,5,0,0,9.178040504455566,8589934592,2147483648,6162432000,407961600
208,1772002037833,3204,3204,3204,3204,3204,3204,3204,3204,30.000001907348633,28.571430206298828,28.571430206298828,15.000000953674316,60.000003814697266,4.761904716491699,4.761904716491699,4.761904716491699,9.178040504455566,8589934592,2147483648,6162432000,407961600
199,1772002038042,3204,3204,3204,3204,3204,3204,3204,3204,23.809524536132813,20,23.809524536132813,22.72727394104004,38.095237731933594,0,0,0,9.3981294631958,8589934592,2147483648,6162432000,407961600
207,1772002038242,3204,3204,3204,3204,3204,3204,3204,3204,35,30.000001907348633,25,20,60.000003814697266,19.047618865966797,4.761904716491699,0,9.3981294631958,8589934592,2147483648,6162432000,407961600
208,1772002038450,3204,3204,3204,3204,3204,3204,3204,3204,28.571430206298828,23.809524536132813,25,19.047618865966797,61.904762268066406,4.761904716491699,0,0,9.3981294631958,8589934592,2147483648,6165889024,407961600
207,1772002038659,3204,3204,3204,3204,3204,3204,3204,3204,28.571430206298828,30.000001907348633,23.809524536132813,15.789472579956055,40,0,0,4.545454502105713,9.3981294631958,8589934592,2147483648,6166069248,407961600
202,1772002038866,3204,3204,3204,3204,3204,3204,3204,3204,26.3157901763916,28.571430206298828,20,22.72727394104004,61.904762268066406,5,0,0,9.3981294631958,8589934592,2147483648,6168461312,407961600
207,1772002039069,3204,3204,3204,3204,3204,3204,3204,3204,33.333335876464844,25,30.000001907348633,26.3157901763916,70,19.047618865966797,10.526315689086914,0,9.224934577941895,8589934592,2147483648,6152830976,407961600
209,1772002039277,3204,3204,3204,3204,3204,3204,3204,3204,30.000001907348633,35,31.81818199157715,20,47.619049072265625,0,0,0,9.224934577941895,8589934592,2147483648,6155649024,407961600
204,1772002039487,3204,3204,3204,3204,3204,3204,3204,3204,28.571430206298828,28.571430206298828,25,22.72727394104004,61.904762268066406,5,0,4.761904716491699,9.224934577941895,8589934592,2147483648,6156763136,407961600
209,1772002039692,3204,3204,3204,3204,3204,3204,3204,3204,30.000001907348633,33.333335876464844,23.809524536132813,23.809524536132813,55,18.18181800842285,0,0,9.224934577941895,8589934592,2147483648,6157205504,407961600
205,1772002039902,3204,3204,3204,3204,3204,3204,3204,3204,23.809524536132813,20,20,23.809524536132813,65,5,4.545454502105713,0,9.357673645019531,8589934592,2147483648,6157205504,407961600
208,1772002040108,3204,3204,3204,3204,3204,3204,3204,3204,28.571430206298828,30.000001907348633,28.571430206298828,21.052631378173828,50,0,0,0,9.357673645019531,8589934592,2147483648,6157205504,407961600
208,1772002040317,3204,3204,3204,3204,3204,3204,3204,3204,42.85714340209961,40.90909194946289,40,36.3636360168457,25,0,0,0,9.357673645019531,8589934592,2147483648,6157205504,407961600
207,1772002040526,3204,3204,3204,3204,3204,3204,3204,3204,28.571430206298828,25,25,25,59.09090805053711,5,0,4.761904716491699,9.357673645019531,8589934592,2147483648,6134136832,407961600
209,1772002040733,3204,3204,3204,3204,3204,3204,3204,3204,21.052631378173828,25,26.086956024169922,23.809524536132813,65,0,0,0,9.357673645019531,8589934592,2147483648,6133891072,407961600
206,1772002040944,3204,3204,3204,3204,3204,3204,3204,3204,33.333335876464844,36.3636360168457,30.000001907348633,23.809524536132813,52.38095474243164,14.285715103149414,4.761904716491699,4.761904716491699,10.12087345123291,8589934592,2147483648,6126764032,407961600
202,1772002041151,3204,3204,3204,3204,3204,3204,3204,3204,33.333335876464844,30.000001907348633,30.000001907348633,28.571430206298828,70,15.000000953674316,19.047618865966797,4.761904716491699,10.12087345123291,8589934592,2147483648,6102335488,407961600
205,1772002041354,3204,3204,3204,3204,3204,3204,3204,3204,25,28.571430206298828,28.571430206298828,25,45,9.523809432983398,4.761904716491699,0,10.12087345123291,8589934592,2147483648,6093193216,407961600
206,1772002041560,3204,3204,3204,3204,3204,3204,3204,3204,33.333335876464844,26.3157901763916,25,19.047618865966797,28.571430206298828,0,0,4.761904716491699,10.12087345123291,8589934592,2147483648,6110232576,407961600
209,1772002041767,3204,3204,3204,3204,3204,3204,3204,3204,28.571430206298828,27.272727966308594,25,20,60.000003814697266,9.523809432983398,0,0,10.12087345123291,8589934592,2147483648,6110412800,407961600
206,1772002041977,3204,3204,3204,3204,3204,3204,3204,3204,30.000001907348633,30.000001907348633,23.809524536132813,20,66.66667175292969,0,0,0,9.049283981323242,8589934592,2147483648,6110412800,407961600
202,1772002042184,3204,3204,3204,3204,3204,3204,3204,3204,25,23.809524536132813,23.809524536132813,27.272727966308594,19.047618865966797,4.761904716491699,0,0,9.049283981323242,8589934592,2147483648,6110412800,407961600
206,1772002042387,3204,3204,3204,3204,3204,3204,3204,3204,36.3636360168457,35,28.571430206298828,25,70,4.761904716491699,4.761904716491699,0,9.049283981323242,8589934592,2147483648,6110412800,407961600
209,1772002042594,3204,3204,3204,3204,3204,3204,3204,3204,25,33.333335876464844,20,20,47.619049072265625,0,0,0,9.049283981323242,8589934592,2147483648,6108889088,407961600
200,1772002042804,3204,3204,3204,3204,3204,3204,3204,3204,25,23.809524536132813,23.809524536132813,25,19.047618865966797,0,0,0,9.049283981323242,8589934592,2147483648,6109085696,407961600
209,1772002043005,3204,3204,3204,3204,3204,3204,3204,3204,35,26.3157901763916,30.000001907348633,28.571430206298828,65,0,0,0,9.595681190490723,8589934592,2147483648,6107627520,407961600
209,1772002043215,3204,3204,3204,3204,3204,3204,3204,3204,38.095237731933594,33.333335876464844,30.000001907348633,28.571430206298828,57.142860412597656,5,0,4.545454502105713,9.595681190490723,8589934592,2147483648,6098567168,407961600
209,1772002043426,3204,3204,3204,3204,3204,3204,3204,3204,23.809524536132813,33.333335876464844,23.809524536132813,20,50,4.761904716491699,0,0,9.595681190490723,8589934592,2147483648,6090473472,407961600
206,1772002043636,3204,3204,3204,3204,3204,3204,3204,3204,28.571430206298828,20,23.809524536132813,19.047618865966797,52.38095474243164,0,0,0,9.595681190490723,8589934592,2147483648,6092259328,407961600
209,1772002043842,3204,3204,3204,3204,3204,3204,3204,3204,30.000001907348633,28.571430206298828,28.571430206298828,23.809524536132813,42.85714340209961,0,0,0,9.595681190490723,8589934592,2147483648,6092472320,407961600
205,1772002044052,3204,3204,3204,3204,3204,3204,3204,3204,28.571430206298828,20,28.571430206298828,20,35,0,0,0,8.224766731262207,8589934592,2147483648,6092521472,407961600
209,1772002044258,3204,3204,3204,3204,3204,3204,3204,3204,30.000001907348633,28.571430206298828,21.052631378173828,28.571430206298828,57.142860412597656,9.523809432983398,0,0,8.224766731262207,8589934592,2147483648,6086410240,407961600
199,1772002044468,3204,3204,3204,3204,3204,3204,3204,3204,38.095237731933594,36.3636360168457,22.72727394104004,27.272727966308594,52.38095474243164,15.000000953674316,9.523809432983398,9.523809432983398,8.224766731262207,8589934592,2147483648,6079840256,407961600
208,1772002044669,3204,3204,3204,3204,3204,3204,3204,3204,35,31.57894515991211,30.000001907348633,26.3157901763916,30.000001907348633,0,0,0,8.224766731262207,8589934592,2147483648,6062833664,407961600
202,1772002044878,3204,3204,3204,3204,3204,3204,3204,3204,33.333335876464844,30.000001907348633,23.809524536132813,19.047618865966797,68.18181610107422,0,0,0,8.224766731262207,8589934592,2147483648,6064635904,407961600
204,1772002045081,3204,3204,3204,3204,3204,3204,3204,3204,30.000001907348633,23.809524536132813,26.3157901763916,20,52.6315803527832,4.761904716491699,0,0,9.167789459228516,8589934592,2147483648,6061948928,407961600
209,1772002045285,3204,3204,3204,3204,3204,3204,3204,3204,35,30.000001907348633,25,25,30.000001907348633,5.263157844543457,4.761904716491699,0,9.167789459228516,8589934592,2147483648,6056558592,407961600
204,1772002045495,3204,3204,3204,3204,3204,3204,3204,3204,25,28.571430206298828,27.272727966308594,19.047618865966797,57.142860412597656,18.18181800842285,13.636363983154297,4.761904716491699,9.167789459228516,8589934592,2147483648,6045532160,407961600
204,1772002045700,3204,3204,3204,3204,3204,3204,3204,3204,23.809524536132813,25,25,15.000000953674316,57.142860412597656,0,0,0,9.167789459228516,8589934592,2147483648,6047137792,407961600
207,1772002045905,3204,3204,3204,3204,3204,3204,3204,3204,25,28.571430206298828,20,22.72727394104004,40,4.761904716491699,0,0,7.559108257293701,8589934592,2147483648,6047383552,407961600
205,1772002046113,3204,3204,3204,3204,3204,3204,3204,3204,33.333335876464844,25,25,20,59.09090805053711,5,10,0,7.559108257293701,8589934592,2147483648,6047498240,407961600
202,1772002046319,3204,3204,3204,3204,3204,3204,3204,3204,20,28.571430206298828,23.809524536132813,19.047618865966797,15.789472579956055,0,0,0,7.559108257293701,8589934592,2147483648,6053527552,407961600
5,1772002046523,3204,3204,3204,3204,3204,3204,3204,3204,25,25,23.809524536132813,15.789472579956055,71.42857360839844,14.285715103149414,19.047618865966797,9.523809432983398,7.559108257293701,8589934592,2147483648,6069010432,407961600
