Delta,Time,CPU_FREQUENCY_0,CPU_FREQUENCY_1,CPU_FREQUENCY_2,CPU_FREQUENCY_3,CPU_FREQUENCY_4,CPU_FREQUENCY_5,CPU_FREQUENCY_6,CPU_FREQUENCY_7,CPU_USAGE_0,CPU_USAGE_1,CPU_USAGE_2,CPU_USAGE_3,CPU_USAGE_4,CPU_USAGE_5,CPU_USAGE_6,CPU_USAGE_7,SYSTEM_POWER (Watts),TOTAL_MEMORY,TOTAL_SWAP,USED_MEMORY,USED_SWAP
0,1772008391362,3204,3204,3204,3204,3204,3204,3204,3204,0,0,50,100,0,0,0,0,5.6842241287231445,8589934592,2147483648,6201376768,407961600
204,1772008391362,3204,3204,3204,3204,3204,3204,3204,3204,NaN,NaN,NaN,50,100,100,0,0,5.6842241287231445,8589934592,2147483648,6201376768,407961600
205,1772008391567,3204,3204,3204,3204,3204,3204,3204,3204,25,19.047618865966797,19.047618865966797,10.526315689086914,30.000001907348633,25,10,5,5.6842241287231445,8589934592,2147483648,6201376768,407961600
208,1772008391774,3204,3204,3204,3204,3204,3204,3204,3204,23.809524536132813,20,15.000000953674316,14.285715103149414,0,4.761904716491699,4.761904716491699,0,5.197270393371582,8589934592,2147483648,6201376768,407961600
203,1772008391982,3204,3204,3204,3204,3204,3204,3204,3204,38.095237731933594,38.095237731933594,40,30.000001907348633,4.761904716491699,0,0,4.761904716491699,5.197270393371582,8589934592,2147483648,6204325888,407961600
208,1772008392187,3204,3204,3204,3204,3204,3204,3204,3204,71.42857360839844,65,61.904762268066406,57.142860412597656,0,4.761904716491699,0,0,5.197270393371582,8589934592,2147483648,6236782592,407961600
207,1772008392395,3204,3204,3204,3204,3204,3204,3204,3204,75,80.95238494873047,71.42857360839844,66.66667175292969,0,0,0,0,5.197270393371582,8589934592,2147483648,6267387904,407961600
208,1772008392604,3204,3204,3204,3204,3204,3204,3204,3204,47.619049072265625,55,50,40,18.18181800842285,15.000000953674316,0,0,5.197270393371582,8589934592,2147483648,6279135232,407961600
205,1772008392813,3204,3204,3204,3204,3204,3204,3204,3204,60.000003814697266,52.38095474243164,47.619049072265625,42.85714340209961,0,0,0,0,7.02656888961792,8589934592,2147483648,6293241856,407961600
209,1772008393019,3204,3204,3204,3204,3204,3204,3204,3204,42.85714340209961,36.3636360168457,30.000001907348633,28.571430206298828,9.523809432983398,9.523809432983398,4.761904716491699,0,7.02656888961792,8589934592,2147483648,6315425792,407961600
209,1772008393229,3204,3204,3204,3204,3204,3204,3204,3204,38.095237731933594,40,36.3636360168457,38.095237731933594,33.333335876464844,23.809524536132813,9.090909004211426,8.69565200805664,7.02656888961792,8589934592,2147483648,6335823872,407961600
209,1772008393439,3204,3204,3204,3204,3204,3204,3204,3204,45,42.85714340209961,35,33.333335876464844,9.523809432983398,10,0,0,7.02656888961792,8589934592,2147483648,6349553664,407961600
203,1772008393649,3204,3204,3204,3204,3204,3204,3204,3204,47.619049072265625,71.42857360839844,38.095237731933594,28.571430206298828,9.523809432983398,8.69565200805664,0,0,6.350449562072754,8589934592,2147483648,6349553664,407961600
206,1772008393853,3204,3204,3204,3204,3204,3204,3204,3204,52.38095474243164,35,50,45,0,0,0,0,6.350449562072754,8589934592,2147483648,6349553664,407961600
206,1772008394060,3204,3204,3204,3204,3204,3204,3204,3204,42.105262756347656,40,38.095237731933594,30.000001907348633,0,0,0,0,6.350449562072754,8589934592,2147483648,6362857472,407961600
206,1772008394267,3204,3204,3204,3204,3204,3204,3204,3204,61.904762268066406,61.904762268066406,55,47.619049072265625,4.761904716491699,0,0,0,6.350449562072754,8589934592,2147483648,6371426304,407961600
209,1772008394474,3204,3204,3204,3204,3204,3204,3204,3204,90.47618865966797,90,90.90909576416016,85.71428680419922,35,4.761904716491699,0,0,6.350449562072754,8589934592,2147483648,6376914944,407961600
201,1772008394684,3204,3204,3204,3204,3204,3204,3204,3204,60.000003814697266,59.09090805053711,65,55,4.761904716491699,0,0,0,6.837093830108643,8589934592,2147483648,6379159552,407961600
209,1772008394886,3204,3204,3204,3204,3204,3204,3204,3204,85,84.21052551269531,80,90,0,0,0,0,6.837093830108643,8589934592,2147483648,6377996288,407961600
207,1772008395096,3204,3204,3204,3204,3204,3204,3204,3204,63.6363639831543,61.904762268066406,80.95238494873047,57.142860412597656,36.3636360168457,0,0,0,6.837093830108643,8589934592,2147483648,6377914368,407961600
200,1772008395304,3204,3204,3204,3204,3204,3204,3204,3204,70,61.904762268066406,66.66667175292969,66.66667175292969,23.809524536132813,14.285715103149414,4.761904716491699,4.545454502105713,6.837093830108643,8589934592,2147483648,6389497856,407961600
200,1772008395505,3204,3204,3204,3204,3204,3204,3204,3204,76.19047546386719,80,73.68421173095703,80,10.526315689086914,14.285715103149414,0,0,6.837093830108643,8589934592,2147483648,6381322240,407961600
208,1772008395705,3204,3204,3204,3204,3204,3204,3204,3204,80,66.66667175292969,71.42857360839844,71.42857360839844,0,0,4.761904716491699,0,6.820762634277344,8589934592,2147483648,6380437504,407961600
208,1772008395915,3204,3204,3204,3204,3204,3204,3204,3204,80,80,75,70,0,0,0,0,6.820762634277344,8589934592,2147483648,6379356160,407961600
206,1772008396123,3204,3204,3204,3204,3204,3204,3204,3204,85.71428680419922,81.81818389892578,90.47618865966797,85,4.761904716491699,4.761904716491699,0,4.545454502105713,6.820762634277344,8589934592,2147483648,6384615424,407961600
201,1772008396330,3204,3204,3204,3204,3204,3204,3204,3204,61.904762268066406,60.000003814697266,66.66667175292969,66.66667175292969,4.761904716491699,0,4.761904716491699,0,6.820762634277344,8589934592,2147483648,6386614272,407961600
206,1772008396532,3204,3204,3204,3204,3204,3204,3204,3204,75,65,80,72.7272720336914,0,0,0,0,6.820762634277344,8589934592,2147483648,6389268480,407961600
209,1772008396738,3204,3204,3204,3204,3204,3204,3204,3204,66.66667175292969,65,71.42857360839844,65,0,4.761904716491699,0,4.761904716491699,7.172231674194336,8589934592,2147483648,6388023296,407961600
205,1772008396949,3204,3204,3204,3204,3204,3204,3204,3204,75,72.7272720336914,85,80.95238494873047,4.545454502105713,0,0,0,7.172231674194336,8589934592,2147483648,6387236864,407961600
208,1772008397155,3204,3204,3204,3204,3204,3204,3204,3204,71.42857360839844,75,68.18181610107422,63.15789031982422,5,5,4.761904716491699,4.761904716491699,7.172231674194336,8589934592,2147483648,6389383168,407961600
209,1772008397363,3204,3204,3204,3204,3204,3204,3204,3204,71.42857360839844,76.19047546386719,80.95238494873047,71.42857360839844,9.523809432983398,5,9.523809432983398,0,7.172231674194336,8589934592,2147483648,6384238592,407961600
202,1772008397573,3204,3204,3204,3204,3204,3204,3204,3204,85.71428680419922,75,80,77.2727279663086,25,26.086956024169922,4.761904716491699,0,7.172231674194336,8589934592,2147483648,6362005504,407961600
208,1772008397777,3204,3204,3204,3204,3204,3204,3204,3204,60.000003814697266,66.66667175292969,80,75,0,0,0,4.545454502105713,6.996647357940674,8589934592,2147483648,6369148928,407961600
208,1772008397985,3204,3204,3204,3204,3204,3204,3204,3204,57.142860412597656,65,59.09090805053711,76.19047546386719,4.545454502105713,0,0,0,6.996647357940674,8589934592,2147483648,6369148928,407961600
204,1772008398194,3204,3204,3204,3204,3204,3204,3204,3204,61.904762268066406,57.142860412597656,50,40,0,0,0,0,6.996647357940674,8589934592,2147483648,6369427456,407961600
209,1772008398399,3204,3204,3204,3204,3204,3204,3204,3204,55,47.619049072265625,52.38095474243164,55,0,4.761904716491699,4.761904716491699,0,6.996647357940674,8589934592,2147483648,6372163584,407961600
208,1772008398609,3204,3204,3204,3204,3204,3204,3204,3204,42.85714340209961,42.85714340209961,47.619049072265625,54.54545593261719,71.42857360839844,25,0,19.047618865966797,6.996647357940674,8589934592,2147483648,6322814976,407961600
208,1772008398818,3204,3204,3204,3204,3204,3204,3204,3204,40,40,55,50,9.090909004211426,13.636363983154297,5,0,7.417387008666992,8589934592,2147483648,6311002112,407961600
200,1772008399026,3204,3204,3204,3204,3204,3204,3204,3204,61.904762268066406,52.38095474243164,66.66667175292969,57.142860412597656,0,0,0,0,7.417387008666992,8589934592,2147483648,6311559168,407961600
205,1772008399227,3204,3204,3204,3204,3204,3204,3204,3204,60.000003814697266,52.6315803527832,45,63.15789031982422,0,0,0,0,7.417387008666992,8589934592,2147483648,6314196992,407961600
204,1772008399433,3204,3204,3204,3204,3204,3204,3204,3204,47.619049072265625,40.90909194946289,55,45.45454788208008,4.761904716491699,4.761904716491699,0,0,7.417387008666992,8589934592,2147483648,6302203904,407961600
209,1772008399638,3204,3204,3204,3204,3204,3204,3204,3204,70,68.42105102539063,76.19047546386719,75,10,0,9.523809432983398,9.090909004211426,7.417387008666992,8589934592,2147483648,6277169152,407961600
200,1772008399848,3204,3204,3204,3204,3204,3204,3204,3204,71.42857360839844,47.826087951660156,45,52.38095474243164,15.000000953674316,9.523809432983398,4.545454502105713,0,7.427738189697266,8589934592,2147483648,6279036928,407961600
205,1772008400048,3204,3204,3204,3204,3204,3204,3204,3204,57.894737243652344,68.42105102539063,55,45,4.761904716491699,5,0,0,7.427738189697266,8589934592,2147483648,6278184960,407961600
204,1772008400254,3204,3204,3204,3204,3204,3204,3204,3204,57.142860412597656,50,61.904762268066406,42.85714340209961,0,0,0,0,7.427738189697266,8589934592,2147483648,6278316032,407961600
203,1772008400460,3204,3204,3204,3204,3204,3204,3204,3204,52.38095474243164,40,33.333335876464844,68.42105102539063,0,0,0,0,7.427738189697266,8589934592,2147483648,6275989504,407961600
203,1772008400663,3204,3204,3204,3204,3204,3204,3204,3204,50,47.619049072265625,47.36842346191406,66.66667175292969,47.619049072265625,0,0,4.761904716491699,6.757611274719238,8589934592,2147483648,6281428992,407961600
201,1772008400867,3204,3204,3204,3204,3204,3204,3204,3204,52.38095474243164,45,36.3636360168457,57.142860412597656,0,0,0,0,6.757611274719238,8589934592,2147483648,6281822208,407961600
206,1772008401069,3204,3204,3204,3204,3204,3204,3204,3204,47.36842346191406,47.619049072265625,52.6315803527832,65,0,9.090909004211426,5,0,6.757611274719238,8589934592,2147483648,6283804672,407961600
209,1772008401276,3204,3204,3204,3204,3204,3204,3204,3204,47.619049072265625,45,45.45454788208008,50,0,0,0,0,6.757611274719238,8589934592,2147483648,6284673024,407961600
206,1772008401486,3204,3204,3204,3204,3204,3204,3204,3204,38.095237731933594,54.54545593261719,50,38.095237731933594,0,0,0,0,6.757611274719238,8589934592,2147483648,6285115392,407961600
209,1772008401693,3204,3204,3204,3204,3204,3204,3204,3204,65,63.15789031982422,55,57.142860412597656,9.523809432983398,4.761904716491699,0,5,6.6736063957214355,8589934592,2147483648,6282215424,407961600
208,1772008401903,3204,3204,3204,3204,3204,3204,3204,3204,50,54.54545593261719,61.904762268066406,57.142860412597656,22.72727394104004,14.285715103149414,4.761904716491699,0,6.6736063957214355,8589934592,2147483648,6282215424,407961600
209,1772008402112,3204,3204,3204,3204,3204,3204,3204,3204,60.000003814697266,60.000003814697266,57.142860412597656,61.904762268066406,0,0,0,4.761904716491699,6.6736063957214355,8589934592,2147483648,6282215424,407961600
202,1772008402321,3204,3204,3204,3204,3204,3204,3204,3204,71.42857360839844,63.6363639831543,85.71428680419922,71.42857360839844,4.761904716491699,4.545454502105713,0,0,6.6736063957214355,8589934592,2147483648,6272892928,407961600
206,1772008402524,3204,3204,3204,3204,3204,3204,3204,3204,55,45,71.42857360839844,57.142860412597656,0,0,5,0,6.6736063957214355,8589934592,2147483648,6273564672,407961600
205,1772008402732,3204,3204,3204,3204,3204,3204,3204,3204,61.904762268066406,65,65,73.68421173095703,0,0,0,0,6.339099884033203,8589934592,2147483648,6275809280,407961600
200,1772008402938,3204,3204,3204,3204,3204,3204,3204,3204,76.19047546386719,66.66667175292969,71.42857360839844,61.904762268066406,4.761904716491699,0,0,0,6.339099884033203,8589934592,2147483648,6274744320,407961600
209,1772008403138,3204,3204,3204,3204,3204,3204,3204,3204,60.000003814697266,55,52.6315803527832,42.105262756347656,0,4.761904716491699,0,0,6.339099884033203,8589934592,2147483648,6274744320,407961600
201,1772008403349,3204,3204,3204,3204,3204,3204,3204,3204,55,45,47.619049072265625,47.619049072265625,0,0,0,0,6.339099884033203,8589934592,2147483648,6274121728,407961600
209,1772008403550,3204,3204,3204,3204,3204,3204,3204,3204,55,45,47.619049072265625,47.619049072265625,55,21.052631378173828,0,0,6.339099884033203,8589934592,2147483648,6276235264,407961600
205,1772008403760,3204,3204,3204,3204,3204,3204,3204,3204,38.095237731933594,33.333335876464844,40,66.66667175292969,77.2727279663086,8.69565200805664,0,0,6.911080837249756,8589934592,2147483648,6266601472,407961600
209,1772008403966,3204,3204,3204,3204,3204,3204,3204,3204,40,52.38095474243164,47.619049072265625,70,31.57894515991211,25,27.272727966308594,4.545454502105713,6.911080837249756,8589934592,2147483648,6240796672,407961600
206,1772008404176,3204,3204,3204,3204,3204,3204,3204,3204,42.85714340209961,42.85714340209961,28.571430206298828,59.09090805053711,63.6363639831543,45,0,0,6.911080837249756,8589934592,2147483648,6246907904,407961600
209,1772008404383,3204,3204,3204,3204,3204,3204,3204,3204,52.38095474243164,45,40,45,5,0,0,95,6.911080837249756,8589934592,2147483648,6247481344,407961600
204,1772008404593,3204,3204,3204,3204,3204,3204,3204,3204,45.45454788208008,38.095237731933594,38.095237731933594,50,19.047618865966797,0,0,55,6.911080837249756,8589934592,2147483648,6246580224,407961600
206,1772008404797,3204,3204,3204,3204,3204,3204,3204,3204,45,60.000003814697266,57.142860412597656,31.57894515991211,40,9.090909004211426,0,4.545454502105713,7.21077299118042,8589934592,2147483648,6249283584,407961600
208,1772008405004,3204,3204,3204,3204,3204,3204,3204,3204,45,36.3636360168457,50,42.85714340209961,95.23809814453125,0,0,0,7.21077299118042,8589934592,2147483648,6245793792,407961600
209,1772008405213,3204,3204,3204,3204,3204,3204,3204,3204,52.38095474243164,55,61.904762268066406,52.38095474243164,47.619049072265625,0,40.90909194946289,0,7.21077299118042,8589934592,2147483648,6248202240,407961600
199,1772008405423,3204,3204,3204,3204,3204,3204,3204,3204,60.000003814697266,50,57.142860412597656,52.38095474243164,9.523809432983398,45,4.761904716491699,0,7.21077299118042,8589934592,2147483648,6249529344,407961600
209,1772008405623,3204,3204,3204,3204,3204,3204,3204,3204,38.095237731933594,28.571430206298828,45,35,63.15789031982422,40,0,0,7.21077299118042,8589934592,2147483648,6248153088,407961600
200,1772008405833,3204,3204,3204,3204,3204,3204,3204,3204,35,25,25,19.047618865966797,57.142860412597656,50,0,14.285715103149414,11.155001640319824,8589934592,2147483648,6256115712,407961600
209,1772008406034,3204,3204,3204,3204,3204,3204,3204,3204,38.095237731933594,35,38.095237731933594,31.57894515991211,23.809524536132813,35,15.000000953674316,5,11.155001640319824,8589934592,2147483648,6233341952,407961600
206,1772008406244,3204,3204,3204,3204,3204,3204,3204,3204,25,28.571430206298828,25,28.571430206298828,90,5,13.636363983154297,4.761904716491699,11.155001640319824,8589934592,2147483648,6227951616,407961600
209,1772008406451,3204,3204,3204,3204,3204,3204,3204,3204,33.333335876464844,28.571430206298828,23.809524536132813,23.809524536132813,86.36363983154297,0,0,0,11.155001640319824,8589934592,2147483648,6229753856,407961600
203,1772008406661,3204,3204,3204,3204,3204,3204,3204,3204,30.000001907348633,33.333335876464844,36.3636360168457,28.571430206298828,35,13.636363983154297,0,0,10.808154106140137,8589934592,2147483648,6228754432,407961600
203,1772008406864,3204,3204,3204,3204,3204,3204,3204,3204,33.333335876464844,26.3157901763916,21.052631378173828,25,90.47618865966797,20,0,0,10.808154106140137,8589934592,2147483648,6231638016,407961600
202,1772008407069,3204,3204,3204,3204,3204,3204,3204,3204,25,33.333335876464844,23.809524536132813,19.047618865966797,0,4.761904716491699,0,95.45454406738281,10.808154106140137,8589934592,2147483648,6232801280,407961600
204,1772008407272,3204,3204,3204,3204,3204,3204,3204,3204,26.3157901763916,30.000001907348633,26.3157901763916,16.666667938232422,4.761904716491699,0,4.761904716491699,35,10.808154106140137,8589934592,2147483648,6233161728,407961600
209,1772008407477,3204,3204,3204,3204,3204,3204,3204,3204,33.333335876464844,38.095237731933594,28.571430206298828,27.272727966308594,0,0,0,100,10.808154106140137,8589934592,2147483648,6234423296,407961600
209,1772008407687,3204,3204,3204,3204,3204,3204,3204,3204,33.333335876464844,30.000001907348633,25,25,47.619049072265625,4.545454502105713,30.000001907348633,22.72727394104004,10.127903938293457,8589934592,2147483648,6235406336,407961600
205,1772008407896,3204,3204,3204,3204,3204,3204,3204,3204,33.333335876464844,25,27.272727966308594,22.72727394104004,52.38095474243164,25,4.545454502105713,0,10.127903938293457,8589934592,2147483648,6226935808,407961600
204,1772008408102,3204,3204,3204,3204,3204,3204,3204,3204,38.095237731933594,38.095237731933594,30.000001907348633,31.57894515991211,90,19.047618865966797,0,0,10.127903938293457,8589934592,2147483648,6226935808,407961600
209,1772008408306,3204,3204,3204,3204,3204,3204,3204,3204,30.000001907348633,33.333335876464844,33.333335876464844,23.809524536132813,14.285715103149414,65,15.000000953674316,0,10.127903938293457,8589934592,2147483648,6226935808,407961600
209,1772008408516,3204,3204,3204,3204,3204,3204,3204,3204,35,25,25,20,9.523809432983398,28.571430206298828,18.18181800842285,19.047618865966797,10.127903938293457,8589934592,2147483648,6210420736,407961600
207,1772008408726,3204,3204,3204,3204,3204,3204,3204,3204,33.333335876464844,31.81818199157715,23.809524536132813,19.047618865966797,80.95238494873047,4.761904716491699,0,4.761904716491699,10.518388748168945,8589934592,2147483648,6211649536,407961600
207,1772008408934,3204,3204,3204,3204,3204,3204,3204,3204,28.571430206298828,30.000001907348633,25,31.81818199157715,80.95238494873047,0,0,0,10.518388748168945,8589934592,2147483648,6212157440,407961600
209,1772008409142,3204,3204,3204,3204,3204,3204,3204,3204,33.333335876464844,30.000001907348633,25,25,42.85714340209961,0,50,0,10.518388748168945,8589934592,2147483648,6212829184,407961600
202,1772008409351,3204,3204,3204,3204,3204,3204,3204,3204,40,38.095237731933594,31.81818199157715,28.571430206298828,100,0,0,0,10.518388748168945,8589934592,2147483648,6216318976,407961600
200,1772008409554,3204,3204,3204,3204,3204,3204,3204,3204,47.36842346191406,50,47.619049072265625,40,50,0,0,0,10.518388748168945,8589934592,2147483648,6216024064,407961600
208,1772008409755,3204,3204,3204,3204,3204,3204,3204,3204,30.000001907348633,25,25,20,14.285715103149414,4.761904716491699,13.636363983154297,42.85714340209961,10.345553398132324,8589934592,2147483648,6216253440,407961600
206,1772008409964,3204,3204,3204,3204,3204,3204,3204,3204,36.3636360168457,33.333335876464844,30.000001907348633,28.571430206298828,19.047618865966797,4.761904716491699,0,0,10.345553398132324,8589934592,2147483648,6216253440,407961600
207,1772008410172,3204,3204,3204,3204,3204,3204,3204,3204,40,42.85714340209961,38.095237731933594,35,35,0,0,0,10.345553398132324,8589934592,2147483648,6216253440,407961600
199,1772008410380,3204,3204,3204,3204,3204,3204,3204,3204,42.85714340209961,31.57894515991211,35,31.81818199157715,40,15.000000953674316,0,4.761904716491699,10.345553398132324,8589934592,2147483648,6216253440,407961600
207,1772008410580,3204,3204,3204,3204,3204,3204,3204,3204,31.57894515991211,38.095237731933594,40,22.22222328186035,52.38095474243164,0,0,0,10.345553398132324,8589934592,2147483648,6174195712,407961600
209,1772008410788,3204,3204,3204,3204,3204,3204,3204,3204,42.85714340209961,40,35,28.571430206298828,20,0,0,0,10.284710884094238,8589934592,2147483648,6158991360,407961600
206,1772008410998,3204,3204,3204,3204,3204,3204,3204,3204,35,40.90909194946289,33.333335876464844,28.571430206298828,40,4.761904716491699,4.545454502105713,0,10.284710884094238,8589934592,2147483648,6167183360,407961600
208,1772008411204,3204,3204,3204,3204,3204,3204,3204,3204,38.095237731933594,26.3157901763916,30.000001907348633,23.809524536132813,57.142860412597656,0,0,0,10.284710884094238,8589934592,2147483648,6126239744,407961600
209,1772008411413,3204,3204,3204,3204,3204,3204,3204,3204,28.571430206298828,33.333335876464844,28.571430206298828,20,9.523809432983398,9.090909004211426,0,0,10.284710884094238,8589934592,2147483648,6126239744,407961600
202,1772008411623,3204,3204,3204,3204,3204,3204,3204,3204,50,47.619049072265625,47.619049072265625,47.619049072265625,65,4.761904716491699,0,4.761904716491699,10.284710884094238,8589934592,2147483648,6129713152,407961600
203,1772008411826,3204,3204,3204,3204,3204,3204,3204,3204,55,50,47.619049072265625,42.85714340209961,60.000003814697266,0,0,0,8.687092781066895,8589934592,2147483648,6117916672,407961600
209,1772008412030,3204,3204,3204,3204,3204,3204,3204,3204,42.85714340209961,45,50,52.6315803527832,42.85714340209961,0,0,4.761904716491699,8.687092781066895,8589934592,2147483648,6112395264,407961600
200,1772008412240,3204,3204,3204,3204,3204,3204,3204,3204,30.000001907348633,28.571430206298828,25,27.272727966308594,90.47618865966797,4.545454502105713,0,4.761904716491699,8.687092781066895,8589934592,2147483648,6095224832,407961600
205,1772008412440,3204,3204,3204,3204,3204,3204,3204,3204,50,45,36.842105865478516,35,50,0,14.285715103149414,0,8.687092781066895,8589934592,2147483648,6088196096,407961600
201,1772008412647,3204,3204,3204,3204,3204,3204,3204,3204,61.904762268066406,57.142860412597656,54.54545593261719,60.000003814697266,90,5,9.523809432983398,0,8.490657806396484,8589934592,2147483648,6099189760,407961600
203,1772008412849,3204,3204,3204,3204,3204,3204,3204,3204,73.68421173095703,72.22222137451172,75,70,50,4.761904716491699,0,0,8.490657806396484,8589934592,2147483648,6083297280,407961600
209,1772008413053,3204,3204,3204,3204,3204,3204,3204,3204,42.85714340209961,40.90909194946289,40,35,80.95238494873047,0,0,0,8.490657806396484,8589934592,2147483648,6083297280,407961600
203,1772008413263,3204,3204,3204,3204,3204,3204,3204,3204,42.85714340209961,38.095237731933594,38.095237731933594,33.333335876464844,5,4.545454502105713,0,0,8.490657806396484,8589934592,2147483648,6083297280,407961600
209,1772008413467,3204,3204,3204,3204,3204,3204,3204,3204,35,36.842105865478516,35,33.333335876464844,14.285715103149414,30.000001907348633,45,4.761904716491699,8.490657806396484,8589934592,2147483648,6083297280,407961600
203,1772008413677,3204,3204,3204,3204,3204,3204,3204,3204,35,31.81818199157715,33.333335876464844,25,4.761904716491699,0,0,0,10.819746017456055,8589934592,2147483648,6068011008,407961600
206,1772008413881,3204,3204,3204,3204,3204,3204,3204,3204,45.45454788208008,60.000003814697266,40,47.619049072265625,60.000003814697266,5,4.761904716491699,28.571430206298828,10.819746017456055,8589934592,2147483648,6068568064,407961600
202,1772008414088,3204,3204,3204,3204,3204,3204,3204,3204,42.105262756347656,42.85714340209961,42.85714340209961,33.333335876464844,100,4.761904716491699,0,0,10.819746017456055,8589934592,2147483648,6082854912,407961600
200,1772008414291,3204,3204,3204,3204,3204,3204,3204,3204,40,42.105262756347656,40,36.842105865478516,40,0,0,0,10.819746017456055,8589934592,2147483648,6086492160,407961600
209,1772008414491,3204,3204,3204,3204,3204,3204,3204,3204,35,35,35,33.333335876464844,61.904762268066406,80,10.526315689086914,5,10.819746017456055,8589934592,2147483648,6082969600,407961600
208,1772008414701,3204,3204,3204,3204,3204,3204,3204,3204,33.333335876464844,27.272727966308594,25,25,4.761904716491699,23.809524536132813,18.18181800842285,61.904762268066406,8.990398406982422,8589934592,2147483648,6073253888,407961600
205,1772008414911,3204,3204,3204,3204,3204,3204,3204,3204,28.571430206298828,21.052631378173828,27.272727966308594,27.272727966308594,0,14.285715103149414,0,42.85714340209961,8.990398406982422,8589934592,2147483648,6073286656,407961600
209,1772008415117,3204,3204,3204,3204,3204,3204,3204,3204,35,31.81818199157715,26.3157901763916,21.052631378173828,0,80.95238494873047,0,0,8.990398406982422,8589934592,2147483648,6073171968,407961600
209,1772008415327,3204,3204,3204,3204,3204,3204,3204,3204,31.81818199157715,30.000001907348633,27.272727966308594,36.3636360168457,85.71428680419922,19.047618865966797,0,0,8.990398406982422,8589934592,2147483648,6073221120,407961600
209,1772008415537,3204,3204,3204,3204,3204,3204,3204,3204,20,23.809524536132813,23.809524536132813,28.571430206298828,61.904762268066406,20,0,5,8.990398406982422,8589934592,2147483648,6073729024,407961600
207,1772008415747,3204,3204,3204,3204,3204,3204,3204,3204,28.571430206298828,23.809524536132813,28.571430206298828,25,57.142860412597656,59.09090805053711,4.545454502105713,0,10.673075675964355,8589934592,2147483648,6076252160,407961600
200,1772008415954,3204,3204,3204,3204,3204,3204,3204,3204,20,23.809524536132813,15.789472579956055,23.809524536132813,33.333335876464844,75,0,0,10.673075675964355,8589934592,2147483648,6076301312,407961600
207,1772008416155,3204,3204,3204,3204,3204,3204,3204,3204,35,26.3157901763916,28.571430206298828,20,36.842105865478516,5.263157844543457,0,0,10.673075675964355,8589934592,2147483648,6076727296,407961600
208,1772008416363,3204,3204,3204,3204,3204,3204,3204,3204,23.809524536132813,19.047618865966797,19.047618865966797,25,100,4.545454502105713,0,0,10.673075675964355,8589934592,2147483648,6076841984,407961600
203,1772008416572,3204,3204,3204,3204,3204,3204,3204,3204,28.571430206298828,33.333335876464844,25,27.272727966308594,86.36363983154297,19.047618865966797,4.761904716491699,5,10.673075675964355,8589934592,2147483648,6079004672,407961600
205,1772008416776,3204,3204,3204,3204,3204,3204,3204,3204,35,35,28.571430206298828,20,36.842105865478516,33.333335876464844,35,0,10.202339172363281,8589934592,2147483648,6064799744,407961600
203,1772008416982,3204,3204,3204,3204,3204,3204,3204,3204,23.809524536132813,20,25,20,9.523809432983398,90,0,9.090909004211426,10.202339172363281,8589934592,2147483648,6070829056,407961600
207,1772008417186,3204,3204,3204,3204,3204,3204,3204,3204,31.57894515991211,30.000001907348633,30.000001907348633,33.333335876464844,25,30.000001907348633,55,4.761904716491699,10.202339172363281,8589934592,2147483648,6042861568,407961600
209,1772008417393,3204,3204,3204,3204,3204,3204,3204,3204,57.142860412597656,57.142860412597656,52.38095474243164,45,4.545454502105713,0,38.095237731933594,0,10.202339172363281,8589934592,2147483648,6041878528,407961600
204,1772008417604,3204,3204,3204,3204,3204,3204,3204,3204,30.000001907348633,31.81818199157715,30.000001907348633,25,70,0,28.571430206298828,0,10.202339172363281,8589934592,2147483648,6041403392,407961600
207,1772008417809,3204,3204,3204,3204,3204,3204,3204,3204,23.809524536132813,21.052631378173828,28.571430206298828,19.047618865966797,80.95238494873047,18.18181800842285,10,0,10.598307609558105,8589934592,2147483648,6041387008,407961600
207,1772008418017,3204,3204,3204,3204,3204,3204,3204,3204,30.000001907348633,28.571430206298828,28.571430206298828,20,38.095237731933594,0,0,0,10.598307609558105,8589934592,2147483648,6042124288,407961600
209,1772008418224,3204,3204,3204,3204,3204,3204,3204,3204,38.095237731933594,30.000001907348633,25,33.333335876464844,28.571430206298828,19.047618865966797,57.142860412597656,0,10.598307609558105,8589934592,2147483648,6041370624,407961600
209,1772008418434,3204,3204,3204,3204,3204,3204,3204,3204,28.571430206298828,28.571430206298828,28.571430206298828,19.047618865966797,0,20,76.19047546386719,0,10.598307609558105,8589934592,2147483648,6042238976,407961600
209,1772008418644,3204,3204,3204,3204,3204,3204,3204,3204,33.333335876464844,33.333335876464844,38.095237731933594,42.85714340209961,33.333335876464844,13.636363983154297,0,10,10.56219482421875,8589934592,2147483648,6042238976,407961600
199,1772008418854,3204,3204,3204,3204,3204,3204,3204,3204,50,47.619049072265625,42.85714340209961,38.095237731933594,52.38095474243164,28.571430206298828,42.85714340209961,0,10.56219482421875,8589934592,2147483648,6027051008,407961600
201,1772008419055,3204,3204,3204,3204,3204,3204,3204,3204,33.333335876464844,30.000001907348633,25,26.3157901763916,65,10,0,33.333335876464844,10.56219482421875,8589934592,2147483648,6027165696,407961600
207,1772008419256,3204,3204,3204,3204,3204,3204,3204,3204,26.3157901763916,35,20,20,0,0,23.809524536132813,15.000000953674316,10.56219482421875,8589934592,2147483648,6027100160,407961600
206,1772008419465,3204,3204,3204,3204,3204,3204,3204,3204,33.333335876464844,33.333335876464844,33.333335876464844,31.81818199157715,0,0,100,0,10.56219482421875,8589934592,2147483648,6021758976,407961600
208,1772008419671,3204,3204,3204,3204,3204,3204,3204,3204,33.333335876464844,25,20,20,14.285715103149414,0,30.000001907348633,0,9.666659355163574,8589934592,2147483648,6016958464,407961600
209,1772008419880,3204,3204,3204,3204,3204,3204,3204,3204,35,28.571430206298828,30.000001907348633,20,33.333335876464844,0,0,65,9.666659355163574,8589934592,2147483648,6022987776,407961600
205,1772008420090,3204,3204,3204,3204,3204,3204,3204,3204,38.095237731933594,30.000001907348633,33.333335876464844,23.809524536132813,57.142860412597656,0,0,14.285715103149414,9.666659355163574,8589934592,2147483648,5991530496,407961600
207,1772008420296,3204,3204,3204,3204,3204,3204,3204,3204,38.095237731933594,38.095237731933594,33.333335876464844,27.272727966308594,15.000000953674316,4.761904716491699,14.285715103149414,4.761904716491699,9.666659355163574,8589934592,2147483648,5992759296,407961600
200,1772008420504,3204,3204,3204,3204,3204,3204,3204,3204,30.000001907348633,25,30.000001907348633,20,38.095237731933594,28.571430206298828,0,40,9.666659355163574,8589934592,2147483648,5995200512,407961600
209,1772008420705,3204,3204,3204,3204,3204,3204,3204,3204,47.36842346191406,36.842105865478516,35,36.842105865478516,55,5,4.761904716491699,4.761904716491699,10.107233047485352,8589934592,2147483648,5976178688,407961600
204,1772008420915,3204,3204,3204,3204,3204,3204,3204,3204,36.3636360168457,38.095237731933594,33.333335876464844,27.272727966308594,45,14.285715103149414,10,0,10.107233047485352,8589934592,2147483648,5995544576,407961600
209,1772008421120,3204,3204,3204,3204,3204,3204,3204,3204,35,31.81818199157715,30.000001907348633,30.000001907348633,23.809524536132813,4.761904716491699,71.42857360839844,4.761904716491699,10.107233047485352,8589934592,2147483648,5979045888,407961600
202,1772008421330,3204,3204,3204,3204,3204,3204,3204,3204,38.095237731933594,40,36.3636360168457,33.333335876464844,28.571430206298828,15.000000953674316,9.523809432983398,9.523809432983398,10.107233047485352,8589934592,2147483648,5979045888,407961600
209,1772008421533,3204,3204,3204,3204,3204,3204,3204,3204,30.000001907348633,25,25,25,9.523809432983398,4.761904716491699,5.263157844543457,95.23809814453125,10.107233047485352,8589934592,2147483648,5979045888,407961600
206,1772008421743,3204,3204,3204,3204,3204,3204,3204,3204,40,38.095237731933594,40,38.095237731933594,15.789472579956055,0,4.545454502105713,30.000001907348633,9.933112144470215,8589934592,2147483648,5979045888,407961600
209,1772008421950,3204,3204,3204,3204,3204,3204,3204,3204,45,45,33.333335876464844,35,42.85714340209961,0,0,0,9.933112144470215,8589934592,2147483648,5998641152,407961600
206,1772008422160,3204,3204,3204,3204,3204,3204,3204,3204,40.90909194946289,33.333335876464844,23.809524536132813,23.809524536132813,18.18181800842285,0,0,0,9.933112144470215,8589934592,2147483648,6010994688,407961600
200,1772008422367,3204,3204,3204,3204,3204,3204,3204,3204,45,42.85714340209961,35,33.333335876464844,15.000000953674316,4.545454502105713,0,0,9.933112144470215,8589934592,2147483648,6026526720,407961600
204,1772008422569,3204,3204,3204,3204,3204,3204,3204,3204,31.57894515991211,25,25,21.052631378173828,5,0,0,0,9.933112144470215,8589934592,2147483648,6027821056,407961600
209,1772008422774,3204,3204,3204,3204,3204,3204,3204,3204,33.333335876464844,31.57894515991211,33.333335876464844,33.333335876464844,38.095237731933594,0,0,0,10.781074523925781,8589934592,2147483648,6027821056,407961600
209,1772008422983,3204,3204,3204,3204,3204,3204,3204,3204,28.571430206298828,28.571430206298828,25,33.333335876464844,0,4.761904716491699,0,4.545454502105713,10.781074523925781,8589934592,2147483648,6029000704,407961600
206,1772008423194,3204,3204,3204,3204,3204,3204,3204,3204,38.095237731933594,42.85714340209961,40.90909194946289,33.333335876464844,31.81818199157715,10,0,4.761904716491699,10.781074523925781,8589934592,2147483648,6028804096,407961600
201,1772008423401,3204,3204,3204,3204,3204,3204,3204,3204,55,52.38095474243164,52.38095474243164,50,0,4.761904716491699,0,0,10.781074523925781,8589934592,2147483648,6030868480,407961600
209,1772008423603,3204,3204,3204,3204,3204,3204,3204,3204,45,42.105262756347656,38.88888931274414,40,25,5,5,0,10.781074523925781,8589934592,2147483648,6032310272,407961600
209,1772008423813,3204,3204,3204,3204,3204,3204,3204,3204,35,33.333335876464844,31.81818199157715,23.809524536132813,0,0,0,0,7.041014194488525,8589934592,2147483648,6032211968,407961600
205,1772008424023,3204,3204,3204,3204,3204,3204,3204,3204,36.3636360168457,33.333335876464844,33.333335876464844,23.809524536132813,0,0,0,0,7.041014194488525,8589934592,2147483648,6032539648,407961600
208,1772008424229,3204,3204,3204,3204,3204,3204,3204,3204,38.095237731933594,28.571430206298828,30.000001907348633,30.000001907348633,4.761904716491699,4.761904716491699,0,0,7.041014194488525,8589934592,2147483648,6032605184,407961600
209,1772008424437,3204,3204,3204,3204,3204,3204,3204,3204,31.57894515991211,38.095237731933594,28.571430206298828,36.3636360168457,0,0,0,4.545454502105713,7.041014194488525,8589934592,2147483648,6032637952,407961600
206,1772008424648,3204,3204,3204,3204,3204,3204,3204,3204,31.81818199157715,28.571430206298828,23.809524536132813,28.571430206298828,4.545454502105713,0,0,0,6.227480888366699,8589934592,2147483648,6032687104,407961600
209,1772008424855,3204,3204,3204,3204,3204,3204,3204,3204,38.095237731933594,40,35,31.57894515991211,4.761904716491699,0,4.545454502105713,0,6.227480888366699,8589934592,2147483648,6031114240,407961600
201,1772008425065,3204,3204,3204,3204,3204,3204,3204,3204,35,28.571430206298828,31.81818199157715,31.81818199157715,0,0,0,0,6.227480888366699,8589934592,2147483648,6031228928,407961600
204,1772008425266,3204,3204,3204,3204,3204,3204,3204,3204,38.095237731933594,42.105262756347656,36.842105865478516,35,31.57894515991211,19.047618865966797,5,0,6.227480888366699,8589934592,2147483648,6028836864,407961600
208,1772008425471,3204,3204,3204,3204,3204,3204,3204,3204,31.57894515991211,33.333335876464844,28.571430206298828,28.571430206298828,4.761904716491699,5,0,0,6.227480888366699,8589934592,2147483648,6028050432,407961600
209,1772008425680,3204,3204,3204,3204,3204,3204,3204,3204,28.571430206298828,28.571430206298828,28.571430206298828,30.000001907348633,0,4.761904716491699,0,4.761904716491699,5.229186058044434,8589934592,2147483648,6026313728,407961600
208,1772008425890,3204,3204,3204,3204,3204,3204,3204,3204,38.095237731933594,33.333335876464844,30.000001907348633,28.571430206298828,0,0,0,0,5.229186058044434,8589934592,2147483648,6024413184,407961600
205,1772008426099,3204,3204,3204,3204,3204,3204,3204,3204,28.571430206298828,33.333335876464844,20,25,4.545454502105713,0,0,0,5.229186058044434,8589934592,2147483648,6022299648,407961600
208,1772008426304,3204,3204,3204,3204,3204,3204,3204,3204,35,30.000001907348633,31.81818199157715,33.333335876464844,4.761904716491699,5,4.761904716491699,0,5.229186058044434,8589934592,2147483648,6021136384,407961600
209,1772008426513,3204,3204,3204,3204,3204,3204,3204,3204,33.333335876464844,25,30.000001907348633,28.571430206298828,4.761904716491699,0,0,0,5.229186058044434,8589934592,2147483648,6021398528,407961600
206,1772008426723,3204,3204,3204,3204,3204,3204,3204,3204,33.333335876464844,31.81818199157715,23.809524536132813,23.809524536132813,0,4.761904716491699,0,0,5.516095161437988,8589934592,2147483648,6021398528,407961600
200,1772008426930,3204,3204,3204,3204,3204,3204,3204,3204,25,30.000001907348633,33.333335876464844,20,4.761904716491699,0,0,0,5.516095161437988,8589934592,2147483648,6021398528,407961600
201,1772008427131,3204,3204,3204,3204,3204,3204,3204,3204,35,26.3157901763916,31.57894515991211,30.000001907348633,0,0,0,4.761904716491699,5.516095161437988,8589934592,2147483648,6022463488,407961600
209,1772008427333,3204,3204,3204,3204,3204,3204,3204,3204,35,38.095237731933594,30.000001907348633,33.333335876464844,10,14.285715103149414,9.523809432983398,10,5.516095161437988,8589934592,2147483648,6034702336,407961600
207,1772008427543,3204,3204,3204,3204,3204,3204,3204,3204,38.095237731933594,33.333335876464844,33.333335876464844,28.571430206298828,9.523809432983398,14.285715103149414,5,0,5.516095161437988,8589934592,2147483648,6024265728,407961600
209,1772008427751,3204,3204,3204,3204,3204,3204,3204,3204,38.095237731933594,33.333335876464844,28.571430206298828,25,9.090909004211426,4.761904716491699,0,0,5.192771911621094,8589934592,2147483648,6024413184,407961600
209,1772008427961,3204,3204,3204,3204,3204,3204,3204,3204,38.095237731933594,35,30.000001907348633,28.571430206298828,0,0,8.69565200805664,4.545454502105713,5.192771911621094,8589934592,2147483648,6025822208,407961600
208,1772008428171,3204,3204,3204,3204,3204,3204,3204,3204,35,33.333335876464844,31.81818199157715,20,0,4.761904716491699,0,0,5.192771911621094,8589934592,2147483648,6025232384,407961600
204,1772008428380,3204,3204,3204,3204,3204,3204,3204,3204,28.571430206298828,23.809524536132813,30.000001907348633,22.72727394104004,0,0,0,0,5.192771911621094,8589934592,2147483648,6026362880,407961600
200,1772008428585,3204,3204,3204,3204,3204,3204,3204,3204,50,50,47.619049072265625,47.36842346191406,9.090909004211426,9.523809432983398,20,0,5.192771911621094,8589934592,2147483648,6025527296,407961600
206,1772008428786,3204,3204,3204,3204,3204,3204,3204,3204,40,40,31.57894515991211,33.333335876464844,5,5,5,4.761904716491699,5.475093364715576,8589934592,2147483648,6025527296,407961600
208,1772008428992,3204,3204,3204,3204,3204,3204,3204,3204,40,38.095237731933594,38.095237731933594,31.57894515991211,5,0,0,0,5.475093364715576,8589934592,2147483648,6025527296,407961600
202,1772008429201,3204,3204,3204,3204,3204,3204,3204,3204,38.095237731933594,38.095237731933594,38.095237731933594,36.3636360168457,0,0,0,0,5.475093364715576,8589934592,2147483648,6024495104,407961600
208,1772008429404,3204,3204,3204,3204,3204,3204,3204,3204,30.000001907348633,35,35,25,0,4.761904716491699,0,0,5.475093364715576,8589934592,2147483648,6026477568,407961600
205,1772008429614,3204,3204,3204,3204,3204,3204,3204,3204,38.095237731933594,40,33.333335876464844,30.000001907348633,27.272727966308594,28.571430206298828,5,4.761904716491699,5.475093364715576,8589934592,2147483648,6008061952,407961600
209,1772008429820,3204,3204,3204,3204,3204,3204,3204,3204,38.095237731933594,42.85714340209961,33.333335876464844,40.90909194946289,0,0,0,0,5.776652812957764,8589934592,2147483648,6007865344,407961600
199,1772008430029,3204,3204,3204,3204,3204,3204,3204,3204,35,33.333335876464844,28.571430206298828,25,0,4.545454502105713,4.545454502105713,0,5.776652812957764,8589934592,2147483648,6008815616,407961600
204,1772008430230,3204,3204,3204,3204,3204,3204,3204,3204,35,36.842105865478516,26.3157901763916,30.000001907348633,4.761904716491699,5,0,4.761904716491699,5.776652812957764,8589934592,2147483648,6008848384,407961600
206,1772008430434,3204,3204,3204,3204,3204,3204,3204,3204,28.571430206298828,38.095237731933594,33.333335876464844,23.809524536132813,0,0,0,0,5.776652812957764,8589934592,2147483648,6008897536,407961600
205,1772008430641,3204,3204,3204,3204,3204,3204,3204,3204,35,30.000001907348633,25,25,4.761904716491699,0,4.761904716491699,0,5.855198383331299,8589934592,2147483648,6008963072,407961600
208,1772008430847,3204,3204,3204,3204,3204,3204,3204,3204,61.904762268066406,66.66667175292969,60.000003814697266,75,0,0,0,0,5.855198383331299,8589934592,2147483648,6008963072,407961600
202,1772008431057,3204,3204,3204,3204,3204,3204,3204,3204,57.142860412597656,57.142860412597656,59.09090805053711,57.142860412597656,0,4.545454502105713,0,0,5.855198383331299,8589934592,2147483648,6008963072,407961600
199,1772008431260,3204,3204,3204,3204,3204,3204,3204,3204,57.894737243652344,60.000003814697266,60.000003814697266,57.142860412597656,0,0,0,0,5.855198383331299,8589934592,2147483648,6017155072,407961600
206,1772008431460,3204,3204,3204,3204,3204,3204,3204,3204,57.142860412597656,55,47.36842346191406,45,0,0,0,0,5.855198383331299,8589934592,2147483648,6017794048,407961600
202,1772008431668,3204,3204,3204,3204,3204,3204,3204,3204,55,57.142860412597656,52.38095474243164,50,23.809524536132813,15.000000953674316,4.545454502105713,4.545454502105713,5.27847146987915,8589934592,2147483648,6029377536,407961600
202,1772008431871,3204,3204,3204,3204,3204,3204,3204,3204,50,52.6315803527832,65,57.142860412597656,5,10,0,0,5.27847146987915,8589934592,2147483648,6020005888,407961600
208,1772008432074,3204,3204,3204,3204,3204,3204,3204,3204,50,55,42.85714340209961,50,0,4.761904716491699,0,0,5.27847146987915,8589934592,2147483648,6020251648,407961600
201,1772008432284,3204,3204,3204,3204,3204,3204,3204,3204,57.142860412597656,54.54545593261719,47.619049072265625,52.38095474243164,0,0,0,0,5.27847146987915,8589934592,2147483648,6019874816,407961600
207,1772008432487,3204,3204,3204,3204,3204,3204,3204,3204,60.000003814697266,55,63.15789031982422,60.000003814697266,0,0,0,0,5.27847146987915,8589934592,2147483648,6020317184,407961600
199,1772008432695,3204,3204,3204,3204,3204,3204,3204,3204,52.38095474243164,50,45.45454788208008,52.38095474243164,4.761904716491699,0,0,0,6.085721015930176,8589934592,2147483648,6019284992,407961600
204,1772008432896,3204,3204,3204,3204,3204,3204,3204,3204,57.894737243652344,57.142860412597656,65,60.000003814697266,0,4.761904716491699,0,0,6.085721015930176,8589934592,2147483648,6019612672,407961600
206,1772008433101,3204,3204,3204,3204,3204,3204,3204,3204,54.54545593261719,52.38095474243164,60.000003814697266,55,0,0,0,0,6.085721015930176,8589934592,2147483648,6019612672,407961600
209,1772008433307,3204,3204,3204,3204,3204,3204,3204,3204,52.38095474243164,50,55,52.38095474243164,4.761904716491699,4.761904716491699,0,0,6.085721015930176,8589934592,2147483648,6022955008,407961600
200,1772008433517,3204,3204,3204,3204,3204,3204,3204,3204,55,55,47.619049072265625,60.000003814697266,4.761904716491699,22.72727394104004,0,0,6.085721015930176,8589934592,2147483648,6023331840,407961600
209,1772008433719,3204,3204,3204,3204,3204,3204,3204,3204,65,60.000003814697266,61.904762268066406,57.142860412597656,5,0,4.761904716491699,0,6.090346336364746,8589934592,2147483648,6019579904,407961600
204,1772008433929,3204,3204,3204,3204,3204,3204,3204,3204,71.42857360839844,72.7272720336914,75,80.95238494873047,28.571430206298828,19.047618865966797,5,4.761904716491699,6.090346336364746,8589934592,2147483648,6012911616,407961600
209,1772008434134,3204,3204,3204,3204,3204,3204,3204,3204,40,40,38.095237731933594,36.842105865478516,4.761904716491699,0,0,0,6.090346336364746,8589934592,2147483648,6012911616,407961600
199,1772008434344,3204,3204,3204,3204,3204,3204,3204,3204,33.333335876464844,38.095237731933594,30.000001907348633,28.571430206298828,0,13.043478012084961,4.761904716491699,0,6.090346336364746,8589934592,2147483648,6007504896,407961600
199,1772008434545,3204,3204,3204,3204,3204,3204,3204,3204,40,42.105262756347656,40,38.095237731933594,0,0,0,0,6.090346336364746,8589934592,2147483648,6007898112,407961600
209,1772008434745,3204,3204,3204,3204,3204,3204,3204,3204,35,42.85714340209961,30.000001907348633,40,5,5,4.761904716491699,4.761904716491699,5.891512870788574,8589934592,2147483648,6007062528,407961600
202,1772008434955,3204,3204,3204,3204,3204,3204,3204,3204,40,35,33.333335876464844,30.000001907348633,0,0,0,0,5.891512870788574,8589934592,2147483648,6007062528,407961600
209,1772008435158,3204,3204,3204,3204,3204,3204,3204,3204,40,35,35,33.333335876464844,0,0,0,0,5.891512870788574,8589934592,2147483648,6007062528,407961600
200,1772008435368,3204,3204,3204,3204,3204,3204,3204,3204,33.333335876464844,31.81818199157715,28.571430206298828,33.333335876464844,50,61.904762268066406,0,0,5.891512870788574,8589934592,2147483648,6009028608,407961600
200,1772008435569,3204,3204,3204,3204,3204,3204,3204,3204,33.333335876464844,26.3157901763916,19.047618865966797,20,85.71428680419922,15.000000953674316,0,0,5.891512870788574,8589934592,2147483648,6009028608,407961600
206,1772008435770,3204,3204,3204,3204,3204,3204,3204,3204,26.3157901763916,20,26.3157901763916,15.000000953674316,78.94737243652344,0,0,0,6.1527557373046875,8589934592,2147483648,6010191872,407961600
205,1772008435976,3204,3204,3204,3204,3204,3204,3204,3204,38.095237731933594,40,33.333335876464844,28.571430206298828,40,19.047618865966797,38.095237731933594,5,6.1527557373046875,8589934592,2147483648,6005932032,407961600
205,1772008436182,3204,3204,3204,3204,3204,3204,3204,3204,25,23.809524536132813,21.052631378173828,19.047618865966797,0,0,100,0,6.1527557373046875,8589934592,2147483648,6006439936,407961600
204,1772008436388,3204,3204,3204,3204,3204,3204,3204,3204,23.809524536132813,20,23.809524536132813,15.789472579956055,4.761904716491699,0,81.81818389892578,0,6.1527557373046875,8589934592,2147483648,6008635392,407961600
208,1772008436592,3204,3204,3204,3204,3204,3204,3204,3204,26.3157901763916,25,23.809524536132813,19.047618865966797,0,0,50,0,6.1527557373046875,8589934592,2147483648,6008700928,407961600
206,1772008436802,3204,3204,3204,3204,3204,3204,3204,3204,28.571430206298828,19.047618865966797,23.809524536132813,14.285715103149414,0,0,100,0,7.636484622955322,8589934592,2147483648,6008700928,407961600
209,1772008437009,3204,3204,3204,3204,3204,3204,3204,3204,31.81818199157715,28.571430206298828,25,20,57.142860412597656,19.047618865966797,19.047618865966797,0,7.636484622955322,8589934592,2147483648,6008700928,407961600
209,1772008437219,3204,3204,3204,3204,3204,3204,3204,3204,35,33.333335876464844,31.81818199157715,23.809524536132813,23.809524536132813,76.19047546386719,4.761904716491699,0,7.636484622955322,8589934592,2147483648,6008700928,407961600
208,1772008437429,3204,3204,3204,3204,3204,3204,3204,3204,23.809524536132813,23.809524536132813,20,19.047618865966797,33.333335876464844,57.142860412597656,0,28.571430206298828,7.636484622955322,8589934592,2147483648,6009978880,407961600
206,1772008437638,3204,3204,3204,3204,3204,3204,3204,3204,28.571430206298828,15.000000953674316,19.047618865966797,19.047618865966797,30.000001907348633,9.523809432983398,0,15.000000953674316,7.636484622955322,8589934592,2147483648,6010929152,407961600
208,1772008437844,3204,3204,3204,3204,3204,3204,3204,3204,25,20,20,19.047618865966797,100,0,0,0,9.444241523742676,8589934592,2147483648,6010880000,407961600
209,1772008438054,3204,3204,3204,3204,3204,3204,3204,3204,47.619049072265625,42.85714340209961,38.095237731933594,35,85.71428680419922,23.809524536132813,10,9.523809432983398,9.444241523742676,8589934592,2147483648,6019416064,407961600
206,1772008438263,3204,3204,3204,3204,3204,3204,3204,3204,55,54.54545593261719,55,45,76.19047546386719,25,0,0,9.444241523742676,8589934592,2147483648,6019416064,407961600
209,1772008438469,3204,3204,3204,3204,3204,3204,3204,3204,23.809524536132813,21.052631378173828,23.809524536132813,15.000000953674316,85.71428680419922,19.047618865966797,4.545454502105713,0,9.444241523742676,8589934592,2147483648,6012321792,407961600
200,1772008438680,3204,3204,3204,3204,3204,3204,3204,3204,23.809524536132813,27.272727966308594,23.809524536132813,18.18181800842285,76.19047546386719,9.523809432983398,19.047618865966797,0,10.795646667480469,8589934592,2147483648,6011633664,407961600
207,1772008438881,3204,3204,3204,3204,3204,3204,3204,3204,42.105262756347656,36.842105865478516,40,35,45,4.761904716491699,0,4.761904716491699,10.795646667480469,8589934592,2147483648,6011633664,407961600
209,1772008439088,3204,3204,3204,3204,3204,3204,3204,3204,33.333335876464844,28.571430206298828,25,20,75,26.3157901763916,0,0,10.795646667480469,8589934592,2147483648,6011633664,407961600
205,1772008439299,3204,3204,3204,3204,3204,3204,3204,3204,23.809524536132813,25,22.72727394104004,22.72727394104004,9.090909004211426,95.45454406738281,0,0,10.795646667480469,8589934592,2147483648,6011633664,407961600
202,1772008439504,3204,3204,3204,3204,3204,3204,3204,3204,30.000001907348633,28.571430206298828,30.000001907348633,15.000000953674316,0,30.000001907348633,0,0,10.795646667480469,8589934592,2147483648,5992759296,407961600
207,1772008439707,3204,3204,3204,3204,3204,3204,3204,3204,25,20,25,23.809524536132813,0,100,0,0,11.868372917175293,8589934592,2147483648,5992251392,407961600
208,1772008439915,3204,3204,3204,3204,3204,3204,3204,3204,23.809524536132813,28.571430206298828,23.809524536132813,15.000000953674316,0,100,0,0,11.868372917175293,8589934592,2147483648,5992235008,407961600
209,1772008440123,3204,3204,3204,3204,3204,3204,3204,3204,45,38.095237731933594,40,35,5,35,8.69565200805664,4.545454502105713,11.868372917175293,8589934592,2147483648,5992235008,407961600
203,1772008440333,3204,3204,3204,3204,3204,3204,3204,3204,38.095237731933594,30.000001907348633,33.333335876464844,36.3636360168457,27.272727966308594,15.000000953674316,15.000000953674316,52.38095474243164,11.868372917175293,8589934592,2147483648,5992235008,407961600
203,1772008440538,3204,3204,3204,3204,3204,3204,3204,3204,35,31.81818199157715,28.571430206298828,21.052631378173828,0,0,0,100,11.868372917175293,8589934592,2147483648,6000001024,407961600
207,1772008440742,3204,3204,3204,3204,3204,3204,3204,3204,40.90909194946289,27.77777862548828,30.000001907348633,33.333335876464844,0,19.047618865966797,0,15.000000953674316,9.218965530395508,8589934592,2147483648,6000541696,407961600
200,1772008440950,3204,3204,3204,3204,3204,3204,3204,3204,31.57894515991211,31.81818199157715,25,20,0,100,0,0,9.218965530395508,8589934592,2147483648,6000558080,407961600
209,1772008441151,3204,3204,3204,3204,3204,3204,3204,3204,35,26.3157901763916,30.000001907348633,20,25,30.000001907348633,0,0,9.218965530395508,8589934592,2147483648,6007144448,407961600
206,1772008441361,3204,3204,3204,3204,3204,3204,3204,3204,38.095237731933594,35,33.333335876464844,28.571430206298828,57.142860412597656,0,0,0,9.218965530395508,8589934592,2147483648,6020907008,407961600
202,1772008441567,3204,3204,3204,3204,3204,3204,3204,3204,47.619049072265625,47.619049072265625,47.619049072265625,33.333335876464844,20,0,0,0,9.218965530395508,8589934592,2147483648,6019235840,407961600
210,1772008441769,3204,3204,3204,3204,3204,3204,3204,3204,63.15789031982422,61.904762268066406,65,57.894737243652344,57.142860412597656,42.85714340209961,20,9.523809432983398,10.156957626342773,8589934592,2147483648,6033555456,407961600
201,1772008441980,3204,3204,3204,3204,3204,3204,3204,3204,50,50,42.85714340209961,40.90909194946289,66.66667175292969,0,0,0,10.156957626342773,8589934592,2147483648,6014386176,407961600
205,1772008442182,3204,3204,3204,3204,3204,3204,3204,3204,36.842105865478516,38.095237731933594,31.57894515991211,25,15.000000953674316,0,0,0,10.156957626342773,8589934592,2147483648,6017384448,407961600
206,1772008442388,3204,3204,3204,3204,3204,3204,3204,3204,50,70,47.619049072265625,55,26.3157901763916,20,9.523809432983398,9.523809432983398,10.156957626342773,8589934592,2147483648,6015008768,407961600
209,1772008442594,3204,3204,3204,3204,3204,3204,3204,3204,38.095237731933594,30.000001907348633,30.000001907348633,25,59.09090805053711,0,0,0,10.156957626342773,8589934592,2147483648,6018138112,407961600
209,1772008442804,3204,3204,3204,3204,3204,3204,3204,3204,33.333335876464844,33.333335876464844,33.333335876464844,47.619049072265625,65,0,0,0,8.708815574645996,8589934592,2147483648,6004686848,407961600
202,1772008443014,3204,3204,3204,3204,3204,3204,3204,3204,38.095237731933594,38.095237731933594,28.571430206298828,33.333335876464844,23.809524536132813,22.72727394104004,0,0,8.708815574645996,8589934592,2147483648,6008340480,407961600
209,1772008443217,3204,3204,3204,3204,3204,3204,3204,3204,30.000001907348633,25,25,28.571430206298828,90.47618865966797,33.333335876464844,0,4.761904716491699,8.708815574645996,8589934592,2147483648,6011666432,407961600
201,1772008443427,3204,3204,3204,3204,3204,3204,3204,3204,40,40,33.333335876464844,33.333335876464844,40,0,0,4.761904716491699,8.708815574645996,8589934592,2147483648,6004555776,407961600
209,1772008443628,3204,3204,3204,3204,3204,3204,3204,3204,30.000001907348633,28.571430206298828,25,21.052631378173828,33.333335876464844,35,4.761904716491699,0,8.708815574645996,8589934592,2147483648,6003490816,407961600
203,1772008443839,3204,3204,3204,3204,3204,3204,3204,3204,28.571430206298828,28.571430206298828,23.809524536132813,19.047618865966797,90,0,9.523809432983398,0,9.75301456451416,8589934592,2147483648,6009978880,407961600
205,1772008444043,3204,3204,3204,3204,3204,3204,3204,3204,40,36.842105865478516,35,25,30.000001907348633,0,4.545454502105713,4.761904716491699,9.75301456451416,8589934592,2147483648,6003212288,407961600
209,1772008444249,3204,3204,3204,3204,3204,3204,3204,3204,38.095237731933594,33.333335876464844,33.333335876464844,25,33.333335876464844,9.523809432983398,5,0,9.75301456451416,8589934592,2147483648,5999017984,407961600
207,1772008444459,3204,3204,3204,3204,3204,3204,3204,3204,42.85714340209961,35,35,33.333335876464844,33.333335876464844,15.000000953674316,0,0,9.75301456451416,8589934592,2147483648,6004359168,407961600
201,1772008444667,3204,3204,3204,3204,3204,3204,3204,3204,31.57894515991211,36.3636360168457,28.571430206298828,23.809524536132813,15.000000953674316,14.285715103149414,4.761904716491699,0,9.192117691040039,8589934592,2147483648,5995773952,407961600
209,1772008444869,3204,3204,3204,3204,3204,3204,3204,3204,42.85714340209961,36.842105865478516,35,33.333335876464844,0,0,0,0,9.192117691040039,8589934592,2147483648,5996019712,407961600
209,1772008445078,3204,3204,3204,3204,3204,3204,3204,3204,38.095237731933594,28.571430206298828,23.809524536132813,23.809524536132813,4.761904716491699,4.761904716491699,4.545454502105713,4.545454502105713,9.192117691040039,8589934592,2147483648,5996150784,407961600
206,1772008445289,3204,3204,3204,3204,3204,3204,3204,3204,40,42.85714340209961,40,33.333335876464844,0,0,0,0,9.192117691040039,8589934592,2147483648,5996478464,407961600
206,1772008445495,3204,3204,3204,3204,3204,3204,3204,3204,55,55,50,47.36842346191406,9.090909004211426,9.090909004211426,0,0,9.192117691040039,8589934592,2147483648,5997576192,407961600
207,1772008445702,3204,3204,3204,3204,3204,3204,3204,3204,38.095237731933594,42.85714340209961,42.85714340209961,42.85714340209961,0,0,0,0,8.216633796691895,8589934592,2147483648,5997985792,407961600
205,1772008445910,3204,3204,3204,3204,3204,3204,3204,3204,38.095237731933594,30.000001907348633,38.095237731933594,25,0,0,0,0,8.216633796691895,8589934592,2147483648,5997002752,407961600
204,1772008446116,3204,3204,3204,3204,3204,3204,3204,3204,28.571430206298828,19.047618865966797,20,33.333335876464844,4.761904716491699,4.761904716491699,0,0,8.216633796691895,8589934592,2147483648,5997232128,407961600
209,1772008446321,3204,3204,3204,3204,3204,3204,3204,3204,30.000001907348633,33.333335876464844,28.571430206298828,28.571430206298828,0,0,0,0,8.216633796691895,8589934592,2147483648,5997264896,407961600
209,1772008446531,3204,3204,3204,3204,3204,3204,3204,3204,35,30.000001907348633,30.000001907348633,33.333335876464844,5,0,0,0,8.216633796691895,8589934592,2147483648,6002343936,407961600
200,1772008446741,3204,3204,3204,3204,3204,3204,3204,3204,38.095237731933594,33.333335876464844,33.333335876464844,28.571430206298828,28.571430206298828,9.523809432983398,13.636363983154297,0,5.751448631286621,8589934592,2147483648,6006505472,407961600
207,1772008446942,3204,3204,3204,3204,3204,3204,3204,3204,35,30.000001907348633,25,25,4.761904716491699,5,0,0,5.751448631286621,8589934592,2147483648,6006603776,407961600
209,1772008447151,3204,3204,3204,3204,3204,3204,3204,3204,35,25,25,15.000000953674316,0,0,0,4.761904716491699,5.751448631286621,8589934592,2147483648,6006882304,407961600
207,1772008447361,3204,3204,3204,3204,3204,3204,3204,3204,36.3636360168457,33.333335876464844,31.81818199157715,28.571430206298828,4.545454502105713,0,0,0,5.751448631286621,8589934592,2147483648,6006800384,407961600
202,1772008447569,3204,3204,3204,3204,3204,3204,3204,3204,30.000001907348633,36.3636360168457,30.000001907348633,25,0,4.761904716491699,0,0,5.751448631286621,8589934592,2147483648,6006620160,407961600
208,1772008447771,3204,3204,3204,3204,3204,3204,3204,3204,30.000001907348633,31.57894515991211,25,19.047618865966797,0,0,0,0,5.403982639312744,8589934592,2147483648,6006603776,407961600
207,1772008447980,3204,3204,3204,3204,3204,3204,3204,3204,40,33.333335876464844,28.571430206298828,30.000001907348633,0,0,0,0,5.403982639312744,8589934592,2147483648,6006636544,407961600
205,1772008448187,3204,3204,3204,3204,3204,3204,3204,3204,38.095237731933594,33.333335876464844,28.571430206298828,31.81818199157715,0,4.545454502105713,4.761904716491699,0,5.403982639312744,8589934592,2147483648,6005997568,407961600
207,1772008448393,3204,3204,3204,3204,3204,3204,3204,3204,28.571430206298828,25,25,20,0,0,0,0,5.403982639312744,8589934592,2147483648,6006341632,407961600
201,1772008448600,3204,3204,3204,3204,3204,3204,3204,3204,45,35,42.85714340209961,38.095237731933594,9.523809432983398,23.809524536132813,4.545454502105713,0,5.403982639312744,8589934592,2147483648,6006226944,407961600
205,1772008448803,3204,3204,3204,3204,3204,3204,3204,3204,38.095237731933594,35,35,21.052631378173828,33.333335876464844,14.285715103149414,5,0,5.462352752685547,8589934592,2147483648,6005981184,407961600
209,1772008449009,3204,3204,3204,3204,3204,3204,3204,3204,30.000001907348633,27.272727966308594,28.571430206298828,20,5,5,0,0,5.462352752685547,8589934592,2147483648,6006210560,407961600
208,1772008449218,3204,3204,3204,3204,3204,3204,3204,3204,33.333335876464844,31.57894515991211,25,27.272727966308594,9.523809432983398,4.761904716491699,4.761904716491699,0,5.462352752685547,8589934592,2147483648,6006472704,407961600
209,1772008449427,3204,3204,3204,3204,3204,3204,3204,3204,33.333335876464844,27.272727966308594,23.809524536132813,15.000000953674316,4.761904716491699,4.761904716491699,0,0,5.462352752685547,8589934592,2147483648,6006472704,407961600
202,1772008449637,3204,3204,3204,3204,3204,3204,3204,3204,25,25,14.285715103149414,22.72727394104004,10,10,5,4.545454502105713,5.462352752685547,8589934592,2147483648,6006472704,407961600
206,1772008449840,3204,3204,3204,3204,3204,3204,3204,3204,33.333335876464844,25,30.000001907348633,25,9.523809432983398,9.090909004211426,4.761904716491699,0,5.426827907562256,8589934592,2147483648,5989269504,407961600
204,1772008450048,3204,3204,3204,3204,3204,3204,3204,3204,35,28.571430206298828,28.571430206298828,20,0,0,0,0,5.426827907562256,8589934592,2147483648,5987565568,407961600
206,1772008450252,3204,3204,3204,3204,3204,3204,3204,3204,38.095237731933594,30.000001907348633,25,28.571430206298828,5,0,0,4.761904716491699,5.426827907562256,8589934592,2147483648,5986811904,407961600
207,1772008450459,3204,3204,3204,3204,3204,3204,3204,3204,30.000001907348633,28.571430206298828,25,20,0,4.761904716491699,0,0,5.426827907562256,8589934592,2147483648,5986910208,407961600
205,1772008450667,3204,3204,3204,3204,3204,3204,3204,3204,28.571430206298828,30.000001907348633,31.81818199157715,19.047618865966797,0,0,0,0,5.628267765045166,8589934592,2147483648,5987090432,407961600
209,1772008450872,3204,3204,3204,3204,3204,3204,3204,3204,38.095237731933594,33.333335876464844,33.333335876464844,33.333335876464844,5,15.000000953674316,9.090909004211426,0,5.628267765045166,8589934592,2147483648,5996576768,407961600
207,1772008451083,3204,3204,3204,3204,3204,3204,3204,3204,26.3157901763916,33.333335876464844,25,20,14.285715103149414,19.047618865966797,0,0,5.628267765045166,8589934592,2147483648,5986549760,407961600
209,1772008451291,3204,3204,3204,3204,3204,3204,3204,3204,28.571430206298828,25,20,28.571430206298828,4.761904716491699,4.761904716491699,0,0,5.628267765045166,8589934592,2147483648,5988270080,407961600
203,1772008451500,3204,3204,3204,3204,3204,3204,3204,3204,42.85714340209961,42.85714340209961,38.095237731933594,33.333335876464844,19.047618865966797,14.285715103149414,5,9.523809432983398,5.628267765045166,8589934592,2147483648,5988253696,407961600
209,1772008451704,3204,3204,3204,3204,3204,3204,3204,3204,40,40,33.333335876464844,35,0,0,0,0,5.178056240081787,8589934592,2147483648,5989761024,407961600
209,1772008451914,3204,3204,3204,3204,3204,3204,3204,3204,28.571430206298828,23.809524536132813,28.571430206298828,14.285715103149414,4.761904716491699,0,0,0,5.178056240081787,8589934592,2147483648,5993070592,407961600
203,1772008452124,3204,3204,3204,3204,3204,3204,3204,3204,30.000001907348633,30.000001907348633,30.000001907348633,20,0,0,0,0,5.178056240081787,8589934592,2147483648,5991219200,407961600
208,1772008452328,3204,3204,3204,3204,3204,3204,3204,3204,28.571430206298828,28.571430206298828,20,23.809524536132813,0,4.761904716491699,4.761904716491699,0,5.178056240081787,8589934592,2147483648,5991383040,407961600
203,1772008452538,3204,3204,3204,3204,3204,3204,3204,3204,33.333335876464844,30.000001907348633,27.272727966308594,23.809524536132813,4.761904716491699,0,0,0,5.178056240081787,8589934592,2147483648,5991497728,407961600
202,1772008452742,3204,3204,3204,3204,3204,3204,3204,3204,30.000001907348633,33.333335876464844,25,20,0,0,0,0,5.942434787750244,8589934592,2147483648,5990989824,407961600
209,1772008452945,3204,3204,3204,3204,3204,3204,3204,3204,25,30.000001907348633,21.052631378173828,25,0,0,0,0,5.942434787750244,8589934592,2147483648,5990793216,407961600
209,1772008453154,3204,3204,3204,3204,3204,3204,3204,3204,35,33.333335876464844,33.333335876464844,31.81818199157715,27.272727966308594,27.272727966308594,4.761904716491699,0,5.942434787750244,8589934592,2147483648,5991612416,407961600
202,1772008453365,3204,3204,3204,3204,3204,3204,3204,3204,31.81818199157715,28.571430206298828,23.809524536132813,19.047618865966797,0,0,0,0,5.942434787750244,8589934592,2147483648,5991776256,407961600
209,1772008453567,3204,3204,3204,3204,3204,3204,3204,3204,26.3157901763916,28.571430206298828,20,21.052631378173828,9.523809432983398,25,0,0,5.942434787750244,8589934592,2147483648,5991825408,407961600
208,1772008453777,3204,3204,3204,3204,3204,3204,3204,3204,33.333335876464844,25,23.809524536132813,19.047618865966797,0,0,0,0,5.256015777587891,8589934592,2147483648,5991989248,407961600
201,1772008453986,3204,3204,3204,3204,3204,3204,3204,3204,30.000001907348633,20,23.809524536132813,14.285715103149414,4.761904716491699,4.761904716491699,4.545454502105713,0,5.256015777587891,8589934592,2147483648,5990514688,407961600
201,1772008454188,3204,3204,3204,3204,3204,3204,3204,3204,28.571430206298828,28.571430206298828,20,20,10,0,4.761904716491699,0,5.256015777587891,8589934592,2147483648,5989400576,407961600
207,1772008454390,3204,3204,3204,3204,3204,3204,3204,3204,38.095237731933594,31.57894515991211,26.3157901763916,30.000001907348633,4.761904716491699,0,0,0,5.256015777587891,8589934592,2147483648,5989416960,407961600
202,1772008454598,3204,3204,3204,3204,3204,3204,3204,3204,31.57894515991211,33.333335876464844,31.81818199157715,28.571430206298828,0,4.761904716491699,0,4.761904716491699,5.256015777587891,8589934592,2147483648,5989548032,407961600
203,1772008454800,3204,3204,3204,3204,3204,3204,3204,3204,33.333335876464844,33.333335876464844,35,20,4.761904716491699,0,0,0,5.549066066741943,8589934592,2147483648,5989564416,407961600
208,1772008455004,3204,3204,3204,3204,3204,3204,3204,3204,52.38095474243164,47.36842346191406,45,45,0,5,0,0,5.549066066741943,8589934592,2147483648,5990006784,407961600
203,1772008455213,3204,3204,3204,3204,3204,3204,3204,3204,50,47.619049072265625,50,50,23.809524536132813,18.18181800842285,4.761904716491699,0,5.549066066741943,8589934592,2147483648,6002458624,407961600
209,1772008455417,3204,3204,3204,3204,3204,3204,3204,3204,31.57894515991211,30.000001907348633,28.571430206298828,28.571430206298828,10,9.523809432983398,0,0,5.549066066741943,8589934592,2147483648,5991874560,407961600
209,1772008455627,3204,3204,3204,3204,3204,3204,3204,3204,40.90909194946289,33.333335876464844,33.333335876464844,38.095237731933594,4.545454502105713,5,0,4.545454502105713,5.549066066741943,8589934592,2147483648,5993644032,407961600
207,1772008455837,3204,3204,3204,3204,3204,3204,3204,3204,28.571430206298828,33.333335876464844,25,23.809524536132813,0,0,0,0,5.191659450531006,8589934592,2147483648,5993644032,407961600
206,1772008456046,3204,3204,3204,3204,3204,3204,3204,3204,25,25,31.81818199157715,20,0,0,0,0,5.191659450531006,8589934592,2147483648,5993906176,407961600
209,1772008456253,3204,3204,3204,3204,3204,3204,3204,3204,33.333335876464844,33.333335876464844,21.052631378173828,25,0,0,0,0,5.191659450531006,8589934592,2147483648,5995708416,407961600
201,1772008456463,3204,3204,3204,3204,3204,3204,3204,3204,30.000001907348633,31.81818199157715,27.272727966308594,22.72727394104004,4.761904716491699,0,4.761904716491699,0,5.191659450531006,8589934592,2147483648,5995724800,407961600
204,1772008456665,3204,3204,3204,3204,3204,3204,3204,3204,33.333335876464844,31.57894515991211,25,25,0,4.761904716491699,0,0,5.910561561584473,8589934592,2147483648,5995806720,407961600
209,1772008456870,3204,3204,3204,3204,3204,3204,3204,3204,30.000001907348633,28.571430206298828,20,20,0,0,0,0,5.910561561584473,8589934592,2147483648,5995675648,407961600
209,1772008457080,3204,3204,3204,3204,3204,3204,3204,3204,33.333335876464844,28.571430206298828,28.571430206298828,23.809524536132813,4.545454502105713,4.761904716491699,0,0,5.910561561584473,8589934592,2147483648,5995675648,407961600
209,1772008457290,3204,3204,3204,3204,3204,3204,3204,3204,35,35,28.571430206298828,25,14.285715103149414,4.761904716491699,5,4.545454502105713,5.910561561584473,8589934592,2147483648,6005080064,407961600
209,1772008457500,3204,3204,3204,3204,3204,3204,3204,3204,33.333335876464844,31.81818199157715,30.000001907348633,27.272727966308594,14.285715103149414,19.047618865966797,0,0,5.910561561584473,8589934592,2147483648,5994905600,407961600
206,1772008457710,3204,3204,3204,3204,3204,3204,3204,3204,33.333335876464844,35,36.3636360168457,28.571430206298828,0,4.545454502105713,0,0,5.1632466316223145,8589934592,2147483648,5994397696,407961600
209,1772008457917,3204,3204,3204,3204,3204,3204,3204,3204,28.571430206298828,25,25,19.047618865966797,0,0,0,0,5.1632466316223145,8589934592,2147483648,5994512384,407961600
203,1772008458127,3204,3204,3204,3204,3204,3204,3204,3204,33.333335876464844,28.571430206298828,28.571430206298828,28.571430206298828,4.545454502105713,0,0,0,5.1632466316223145,8589934592,2147483648,5994627072,407961600
202,1772008458331,3204,3204,3204,3204,3204,3204,3204,3204,20,25,25,20,0,0,0,0,5.1632466316223145,8589934592,2147483648,5994708992,407961600
206,1772008458533,3204,3204,3204,3204,3204,3204,3204,3204,25,25,35,15.000000953674316,22.72727394104004,9.523809432983398,4.761904716491699,0,5.1632466316223145,8589934592,2147483648,5994643456,407961600
204,1772008458741,3204,3204,3204,3204,3204,3204,3204,3204,35,36.3636360168457,38.095237731933594,30.000001907348633,5,0,4.761904716491699,0,5.457486629486084,8589934592,2147483648,5994643456,407961600
201,1772008458945,3204,3204,3204,3204,3204,3204,3204,3204,33.333335876464844,21.052631378173828,23.809524536132813,23.809524536132813,0,0,0,0,5.457486629486084,8589934592,2147483648,5994643456,407961600
202,1772008459147,3204,3204,3204,3204,3204,3204,3204,3204,30.000001907348633,30.000001907348633,31.57894515991211,25,0,0,0,0,5.457486629486084,8589934592,2147483648,5996576768,407961600
209,1772008459351,3204,3204,3204,3204,3204,3204,3204,3204,33.333335876464844,35,28.571430206298828,25,4.761904716491699,4.761904716491699,0,4.761904716491699,5.457486629486084,8589934592,2147483648,5996658688,407961600
209,1772008459560,3204,3204,3204,3204,3204,3204,3204,3204,42.105262756347656,40.90909194946289,42.85714340209961,38.095237731933594,28.571430206298828,19.047618865966797,0,0,5.457486629486084,8589934592,2147483648,5996445696,407961600
202,1772008459771,3204,3204,3204,3204,3204,3204,3204,3204,38.095237731933594,25,33.333335876464844,28.571430206298828,0,9.090909004211426,0,0,5.367774963378906,8589934592,2147483648,5996675072,407961600
208,1772008459975,3204,3204,3204,3204,3204,3204,3204,3204,38.095237731933594,35,26.3157901763916,30.000001907348633,4.761904716491699,0,0,0,5.367774963378906,8589934592,2147483648,5996740608,407961600
205,1772008460184,3204,3204,3204,3204,3204,3204,3204,3204,33.333335876464844,31.81818199157715,31.81818199157715,23.809524536132813,0,0,4.545454502105713,4.761904716491699,5.367774963378906,8589934592,2147483648,5996707840,407961600
207,1772008460390,3204,3204,3204,3204,3204,3204,3204,3204,30.000001907348633,26.3157901763916,20,19.047618865966797,0,4.761904716491699,0,0,5.367774963378906,8589934592,2147483648,5996478464,407961600
201,1772008460598,3204,3204,3204,3204,3204,3204,3204,3204,33.333335876464844,33.333335876464844,30.000001907348633,25,4.545454502105713,0,0,4.761904716491699,5.367774963378906,8589934592,2147483648,5996560384,407961600
199,1772008460800,3204,3204,3204,3204,3204,3204,3204,3204,30.000001907348633,35,33.333335876464844,25,0,0,0,0,5.424868583679199,8589934592,2147483648,5996593152,407961600
209,1772008461000,3204,3204,3204,3204,3204,3204,3204,3204,36.842105865478516,45,25,25,4.761904716491699,5,0,0,5.424868583679199,8589934592,2147483648,5998608384,407961600
206,1772008461210,3204,3204,3204,3204,3204,3204,3204,3204,40.90909194946289,33.333335876464844,30.000001907348633,23.809524536132813,4.761904716491699,0,4.545454502105713,0,5.424868583679199,8589934592,2147483648,5998772224,407961600
209,1772008461417,3204,3204,3204,3204,3204,3204,3204,3204,55,50,47.619049072265625,42.85714340209961,0,4.545454502105713,0,0,5.424868583679199,8589934592,2147483648,5999853568,407961600
202,1772008461627,3204,3204,3204,3204,3204,3204,3204,3204,55,59.09090805053711,50,45,19.047618865966797,19.047618865966797,10,14.285715103149414,5.424868583679199,8589934592,2147483648,6010650624,407961600
207,1772008461830,3204,3204,3204,3204,3204,3204,3204,3204,30.000001907348633,26.3157901763916,33.333335876464844,21.052631378173828,14.285715103149414,10,0,0,5.394859790802002,8589934592,2147483648,5995757568,407961600
209,1772008462038,3204,3204,3204,3204,3204,3204,3204,3204,38.095237731933594,38.095237731933594,30.000001907348633,28.571430206298828,4.761904716491699,4.761904716491699,4.545454502105713,0,5.394859790802002,8589934592,2147483648,5995855872,407961600
200,1772008462248,3204,3204,3204,3204,3204,3204,3204,3204,38.095237731933594,28.571430206298828,28.571430206298828,19.047618865966797,0,0,0,0,5.394859790802002,8589934592,2147483648,5996003328,407961600
201,1772008462448,3204,3204,3204,3204,3204,3204,3204,3204,30.000001907348633,33.333335876464844,30.000001907348633,33.333335876464844,5,0,0,0,5.394859790802002,8589934592,2147483648,5996118016,407961600
203,1772008462650,3204,3204,3204,3204,3204,3204,3204,3204,40,27.77777862548828,35,23.809524536132813,0,5,0,4.761904716491699,5.957250118255615,8589934592,2147483648,5996331008,407961600
208,1772008462854,3204,3204,3204,3204,3204,3204,3204,3204,30.000001907348633,33.333335876464844,25,21.052631378173828,0,0,0,0,5.957250118255615,8589934592,2147483648,5996265472,407961600
207,1772008463063,3204,3204,3204,3204,3204,3204,3204,3204,38.095237731933594,33.333335876464844,33.333335876464844,28.571430206298828,4.761904716491699,0,0,0,5.957250118255615,8589934592,2147483648,5998641152,407961600
208,1772008463271,3204,3204,3204,3204,3204,3204,3204,3204,35,33.333335876464844,28.571430206298828,28.571430206298828,0,4.761904716491699,0,0,5.957250118255615,8589934592,2147483648,5998624768,407961600
209,1772008463480,3204,3204,3204,3204,3204,3204,3204,3204,38.095237731933594,30.000001907348633,30.000001907348633,28.571430206298828,0,0,0,0,5.957250118255615,8589934592,2147483648,5998837760,407961600
206,1772008463690,3204,3204,3204,3204,3204,3204,3204,3204,28.571430206298828,31.81818199157715,23.809524536132813,25,19.047618865966797,4.761904716491699,9.090909004211426,0,5.3946099281311035,8589934592,2147483648,5998755840,407961600
204,1772008463897,3204,3204,3204,3204,3204,3204,3204,3204,38.095237731933594,30.000001907348633,28.571430206298828,38.095237731933594,22.72727394104004,30.000001907348633,0,0,5.3946099281311035,8589934592,2147483648,5998198784,407961600
201,1772008464102,3204,3204,3204,3204,3204,3204,3204,3204,35,35,30.000001907348633,25,0,0,0,0,5.3946099281311035,8589934592,2147483648,5999083520,407961600
209,1772008464303,3204,3204,3204,3204,3204,3204,3204,3204,38.095237731933594,35,30.000001907348633,28.571430206298828,0,0,0,0,5.3946099281311035,8589934592,2147483648,5998559232,407961600
206,1772008464513,3204,3204,3204,3204,3204,3204,3204,3204,36.842105865478516,33.333335876464844,30.000001907348633,30.000001907348633,4.761904716491699,4.545454502105713,4.761904716491699,0,5.3946099281311035,8589934592,2147483648,5998837760,407961600
207,1772008464721,3204,3204,3204,3204,3204,3204,3204,3204,31.81818199157715,25,31.81818199157715,23.809524536132813,0,4.761904716491699,0,0,5.256590843200684,8589934592,2147483648,5998821376,407961600
208,1772008464929,3204,3204,3204,3204,3204,3204,3204,3204,35,33.333335876464844,30.000001907348633,25,4.761904716491699,0,0,0,5.256590843200684,8589934592,2147483648,5998870528,407961600
209,1772008465137,3204,3204,3204,3204,3204,3204,3204,3204,28.571430206298828,28.571430206298828,38.095237731933594,19.047618865966797,0,5,0,0,5.256590843200684,8589934592,2147483648,5998837760,407961600
204,1772008465347,3204,3204,3204,3204,3204,3204,3204,3204,35,25,33.333335876464844,28.571430206298828,4.761904716491699,4.545454502105713,4.761904716491699,4.761904716491699,5.256590843200684,8589934592,2147483648,5998837760,407961600
202,1772008465552,3204,3204,3204,3204,3204,3204,3204,3204,36.3636360168457,33.333335876464844,28.571430206298828,23.809524536132813,0,0,0,0,5.256590843200684,8589934592,2147483648,5998804992,407961600
207,1772008465755,3204,3204,3204,3204,3204,3204,3204,3204,31.57894515991211,30.000001907348633,25,25,4.761904716491699,0,0,0,5.5169358253479,8589934592,2147483648,5998854144,407961600
207,1772008465963,3204,3204,3204,3204,3204,3204,3204,3204,45,42.85714340209961,40,33.333335876464844,25,19.047618865966797,4.761904716491699,0,5.5169358253479,8589934592,2147483648,5999099904,407961600
203,1772008466171,3204,3204,3204,3204,3204,3204,3204,3204,23.809524536132813,25,28.571430206298828,15.789472579956055,9.523809432983398,0,0,0,5.5169358253479,8589934592,2147483648,5999263744,407961600
208,1772008466375,3204,3204,3204,3204,3204,3204,3204,3204,40,35,35,33.333335876464844,9.523809432983398,5,4.761904716491699,4.761904716491699,5.5169358253479,8589934592,2147483648,6000410624,407961600
209,1772008466584,3204,3204,3204,3204,3204,3204,3204,3204,52.38095474243164,52.38095474243164,45,42.85714340209961,0,0,0,0,5.5169358253479,8589934592,2147483648,6002802688,407961600
204,1772008466794,3204,3204,3204,3204,3204,3204,3204,3204,33.333335876464844,33.333335876464844,28.571430206298828,23.809524536132813,0,4.545454502105713,0,0,5.181408405303955,8589934592,2147483648,6002769920,407961600
207,1772008466999,3204,3204,3204,3204,3204,3204,3204,3204,25,33.333335876464844,28.571430206298828,25,4.761904716491699,0,4.545454502105713,0,5.181408405303955,8589934592,2147483648,6002819072,407961600
207,1772008467206,3204,3204,3204,3204,3204,3204,3204,3204,35,26.3157901763916,33.333335876464844,20,0,0,0,0,5.181408405303955,8589934592,2147483648,6002868224,407961600
207,1772008467414,3204,3204,3204,3204,3204,3204,3204,3204,25,36.3636360168457,20,19.047618865966797,4.761904716491699,4.761904716491699,4.545454502105713,0,5.181408405303955,8589934592,2147483648,6001868800,407961600
207,1772008467622,3204,3204,3204,3204,3204,3204,3204,3204,38.095237731933594,30.000001907348633,28.571430206298828,31.81818199157715,0,0,0,4.545454502105713,5.181408405303955,8589934592,2147483648,6001655808,407961600
207,1772008467830,3204,3204,3204,3204,3204,3204,3204,3204,40.90909194946289,42.85714340209961,33.333335876464844,30.000001907348633,4.545454502105713,4.761904716491699,0,0,5.866804599761963,8589934592,2147483648,5979652096,407961600
209,1772008468037,3204,3204,3204,3204,3204,3204,3204,3204,36.842105865478516,35,35,30.000001907348633,14.285715103149414,0,0,4.761904716491699,5.866804599761963,8589934592,2147483648,5988384768,407961600
207,1772008468248,3204,3204,3204,3204,3204,3204,3204,3204,33.333335876464844,33.333335876464844,33.333335876464844,28.571430206298828,15.789472579956055,19.047618865966797,0,0,5.866804599761963,8589934592,2147483648,5978587136,407961600
200,1772008468456,3204,3204,3204,3204,3204,3204,3204,3204,33.333335876464844,23.809524536132813,25,27.272727966308594,4.545454502105713,0,4.761904716491699,4.761904716491699,5.866804599761963,8589934592,2147483648,5978750976,407961600
209,1772008468656,3204,3204,3204,3204,3204,3204,3204,3204,28.571430206298828,30.000001907348633,38.095237731933594,26.3157901763916,20,10,0,0,5.339907169342041,8589934592,2147483648,5979062272,407961600
205,1772008468866,3204,3204,3204,3204,3204,3204,3204,3204,30.000001907348633,25,20,28.571430206298828,4.761904716491699,0,0,0,5.339907169342041,8589934592,2147483648,5980078080,407961600
200,1772008469073,3204,3204,3204,3204,3204,3204,3204,3204,38.095237731933594,38.095237731933594,33.333335876464844,40,0,4.545454502105713,0,0,5.339907169342041,8589934592,2147483648,5980504064,407961600
203,1772008469273,3204,3204,3204,3204,3204,3204,3204,3204,80,65,75,61.904762268066406,5,0,0,5,5.339907169342041,8589934592,2147483648,5987450880,407961600
206,1772008469477,3204,3204,3204,3204,3204,3204,3204,3204,52.38095474243164,40,40,40,19.047618865966797,19.047618865966797,4.761904716491699,0,5.339907169342041,8589934592,2147483648,5993971712,407961600
205,1772008469684,3204,3204,3204,3204,3204,3204,3204,3204,63.15789031982422,52.38095474243164,61.904762268066406,55,4.761904716491699,0,0,0,5.779202938079834,8589934592,2147483648,6000902144,407961600
200,1772008469890,3204,3204,3204,3204,3204,3204,3204,3204,61.904762268066406,65,47.36842346191406,47.619049072265625,0,0,0,0,5.779202938079834,8589934592,2147483648,6010519552,407961600
208,1772008470092,3204,3204,3204,3204,3204,3204,3204,3204,85,85.71428680419922,85.71428680419922,80,0,9.523809432983398,0,5,5.779202938079834,8589934592,2147483648,6013272064,407961600
199,1772008470302,3204,3204,3204,3204,3204,3204,3204,3204,61.904762268066406,55,61.904762268066406,55,28.571430206298828,23.809524536132813,4.761904716491699,0,5.779202938079834,8589934592,2147483648,6012436480,407961600
206,1772008470502,3204,3204,3204,3204,3204,3204,3204,3204,55,47.619049072265625,55,47.619049072265625,5,0,0,0,5.779202938079834,8589934592,2147483648,6013878272,407961600
203,1772008470710,3204,3204,3204,3204,3204,3204,3204,3204,57.142860412597656,60.000003814697266,52.38095474243164,52.38095474243164,0,0,0,0,6.084164142608643,8589934592,2147483648,6013665280,407961600
203,1772008470914,3204,3204,3204,3204,3204,3204,3204,3204,73.68421173095703,65,60.000003814697266,60.000003814697266,0,0,0,0,6.084164142608643,8589934592,2147483648,6014435328,407961600
209,1772008471118,3204,3204,3204,3204,3204,3204,3204,3204,59.09090805053711,50,57.142860412597656,50,0,5,0,0,6.084164142608643,8589934592,2147483648,6014435328,407961600
207,1772008471328,3204,3204,3204,3204,3204,3204,3204,3204,35,38.095237731933594,30.000001907348633,33.333335876464844,9.090909004211426,4.761904716491699,0,4.545454502105713,6.084164142608643,8589934592,2147483648,6014435328,407961600
209,1772008471536,3204,3204,3204,3204,3204,3204,3204,3204,30.000001907348633,25,30.000001907348633,23.809524536132813,0,0,0,0,6.084164142608643,8589934592,2147483648,6022070272,407961600
202,1772008471746,3204,3204,3204,3204,3204,3204,3204,3204,47.619049072265625,43.4782600402832,45.45454788208008,42.85714340209961,52.38095474243164,4.761904716491699,4.545454502105713,0,6.82865047454834,8589934592,2147483648,6020595712,407961600
209,1772008471949,3204,3204,3204,3204,3204,3204,3204,3204,35,30.000001907348633,35,50,60.000003814697266,47.619049072265625,0,0,6.82865047454834,8589934592,2147483648,6020759552,407961600
201,1772008472159,3204,3204,3204,3204,3204,3204,3204,3204,27.272727966308594,25,23.809524536132813,19.047618865966797,27.272727966308594,55,0,0,6.82865047454834,8589934592,2147483648,6020726784,407961600
205,1772008472360,3204,3204,3204,3204,3204,3204,3204,3204,52.6315803527832,50,50,50,65,57.894737243652344,19.047618865966797,5,6.82865047454834,8589934592,2147483648,6010290176,407961600
209,1772008472566,3204,3204,3204,3204,3204,3204,3204,3204,50,50,52.38095474243164,47.619049072265625,60.000003814697266,4.761904716491699,45,0,6.82865047454834,8589934592,2147483648,6004490240,407961600
209,1772008472776,3204,3204,3204,3204,3204,3204,3204,3204,50,45,45,45,14.285715103149414,0,30.000001907348633,0,5.652565002441406,8589934592,2147483648,5989400576,407961600
205,1772008472986,3204,3204,3204,3204,3204,3204,3204,3204,47.619049072265625,54.54545593261719,57.142860412597656,52.38095474243164,59.09090805053711,22.72727394104004,18.18181800842285,0,5.652565002441406,8589934592,2147483648,5973311488,407961600
208,1772008473192,3204,3204,3204,3204,3204,3204,3204,3204,45,42.85714340209961,42.85714340209961,45,100,0,0,4.761904716491699,5.652565002441406,8589934592,2147483648,5973557248,407961600
204,1772008473401,3204,3204,3204,3204,3204,3204,3204,3204,40,35,33.333335876464844,36.3636360168457,38.095237731933594,5,0,14.285715103149414,5.652565002441406,8589934592,2147483648,5974409216,407961600
208,1772008473606,3204,3204,3204,3204,3204,3204,3204,3204,42.85714340209961,40,40,36.842105865478516,75,14.285715103149414,23.809524536132813,0,5.652565002441406,8589934592,2147483648,5964414976,407961600
200,1772008473815,3204,3204,3204,3204,3204,3204,3204,3204,25,30.000001907348633,23.809524536132813,23.809524536132813,57.142860412597656,65,0,0,11.508767127990723,8589934592,2147483648,5964398592,407961600
209,1772008474016,3204,3204,3204,3204,3204,3204,3204,3204,38.095237731933594,38.095237731933594,26.3157901763916,25,21.052631378173828,33.333335876464844,5,5,11.508767127990723,8589934592,2147483648,5964398592,407961600
202,1772008474226,3204,3204,3204,3204,3204,3204,3204,3204,25,23.809524536132813,22.72727394104004,19.047618865966797,76.19047546386719,10,0,0,11.508767127990723,8589934592,2147483648,5964398592,407961600
209,1772008474428,3204,3204,3204,3204,3204,3204,3204,3204,35,35,26.3157901763916,30.000001907348633,50,52.38095474243164,10,0,11.508767127990723,8589934592,2147483648,5964398592,407961600
203,1772008474639,3204,3204,3204,3204,3204,3204,3204,3204,33.333335876464844,30.000001907348633,28.571430206298828,23.809524536132813,45,50,9.523809432983398,0,10.390912055969238,8589934592,2147483648,5951602688,407961600
202,1772008474843,3204,3204,3204,3204,3204,3204,3204,3204,33.333335876464844,27.272727966308594,25,15.000000953674316,5,42.85714340209961,0,55,10.390912055969238,8589934592,2147483648,5951078400,407961600
207,1772008475046,3204,3204,3204,3204,3204,3204,3204,3204,25,21.052631378173828,25,25,0,0,0,100,10.390912055969238,8589934592,2147483648,5951045632,407961600
208,1772008475254,3204,3204,3204,3204,3204,3204,3204,3204,30.000001907348633,20,19.047618865966797,19.047618865966797,4.545454502105713,0,0,66.66667175292969,10.390912055969238,8589934592,2147483648,5951307776,407961600
201,1772008475463,3204,3204,3204,3204,3204,3204,3204,3204,31.81818199157715,28.571430206298828,23.809524536132813,28.571430206298828,80,19.047618865966797,5,0,10.390912055969238,8589934592,2147483648,5951373312,407961600
199,1772008475665,3204,3204,3204,3204,3204,3204,3204,3204,26.3157901763916,28.571430206298828,20,15.789472579956055,95,10,0,0,10.884895324707031,8589934592,2147483648,5951504384,407961600
202,1772008475865,3204,3204,3204,3204,3204,3204,3204,3204,26.3157901763916,26.3157901763916,30.000001907348633,19.047618865966797,35,5,0,4.761904716491699,10.884895324707031,8589934592,2147483648,5952880640,407961600
204,1772008476068,3204,3204,3204,3204,3204,3204,3204,3204,38.095237731933594,30.000001907348633,28.571430206298828,25,59.09090805053711,20,20,0,10.884895324707031,8589934592,2147483648,5952454656,407961600
207,1772008476273,3204,3204,3204,3204,3204,3204,3204,3204,21.052631378173828,27.272727966308594,15.789472579956055,14.285715103149414,42.105262756347656,33.333335876464844,23.809524536132813,0,10.884895324707031,8589934592,2147483648,5951471616,407961600
208,1772008476481,3204,3204,3204,3204,3204,3204,3204,3204,36.3636360168457,30.000001907348633,31.81818199157715,23.809524536132813,4.761904716491699,0,68.18181610107422,0,10.884895324707031,8589934592,2147483648,5951471616,407961600
208,1772008476689,3204,3204,3204,3204,3204,3204,3204,3204,38.095237731933594,40,36.842105865478516,35,28.571430206298828,19.047618865966797,55,19.047618865966797,11.07331657409668,8589934592,2147483648,5950111744,407961600
209,1772008476899,3204,3204,3204,3204,3204,3204,3204,3204,30.000001907348633,33.333335876464844,27.272727966308594,19.047618865966797,0,4.761904716491699,0,85.71428680419922,11.07331657409668,8589934592,2147483648,5950095360,407961600
208,1772008477108,3204,3204,3204,3204,3204,3204,3204,3204,23.809524536132813,28.571430206298828,20,23.809524536132813,0,61.904762268066406,0,4.545454502105713,11.07331657409668,8589934592,2147483648,5950177280,407961600
209,1772008477318,3204,3204,3204,3204,3204,3204,3204,3204,35,30.000001907348633,33.333335876464844,25,8.69565200805664,36.3636360168457,4.761904716491699,50,11.07331657409668,8589934592,2147483648,5949997056,407961600
207,1772008477528,3204,3204,3204,3204,3204,3204,3204,3204,42.85714340209961,42.85714340209961,38.095237731933594,36.3636360168457,42.105262756347656,5,0,4.761904716491699,11.07331657409668,8589934592,2147483648,5959565312,407961600
209,1772008477735,3204,3204,3204,3204,3204,3204,3204,3204,38.095237731933594,30.000001907348633,30.000001907348633,33.333335876464844,59.09090805053711,4.761904716491699,0,0,10.035467147827148,8589934592,2147483648,5949489152,407961600
201,1772008477945,3204,3204,3204,3204,3204,3204,3204,3204,35,45.45454788208008,38.095237731933594,31.57894515991211,10,0,4.545454502105713,0,10.035467147827148,8589934592,2147483648,5949898752,407961600
203,1772008478147,3204,3204,3204,3204,3204,3204,3204,3204,35,36.842105865478516,33.333335876464844,23.809524536132813,50,14.285715103149414,0,5,10.035467147827148,8589934592,2147483648,5949898752,407961600
203,1772008478352,3204,3204,3204,3204,3204,3204,3204,3204,40,35,35,35,42.85714340209961,0,0,0,10.035467147827148,8589934592,2147483648,5949898752,407961600
209,1772008478555,3204,3204,3204,3204,3204,3204,3204,3204,45,45,31.57894515991211,45,26.3157901763916,25,14.285715103149414,0,10.035467147827148,8589934592,2147483648,5949898752,407961600
209,1772008478765,3204,3204,3204,3204,3204,3204,3204,3204,36.3636360168457,40.90909194946289,36.3636360168457,28.571430206298828,71.42857360839844,9.523809432983398,4.761904716491699,4.761904716491699,10.099597930908203,8589934592,2147483648,5952913408,407961600
206,1772008478975,3204,3204,3204,3204,3204,3204,3204,3204,45,45,33.333335876464844,28.571430206298828,52.38095474243164,5,4.545454502105713,0,10.099597930908203,8589934592,2147483648,5940854784,407961600
207,1772008479182,3204,3204,3204,3204,3204,3204,3204,3204,38.095237731933594,28.571430206298828,25,25,40,4.761904716491699,0,0,10.099597930908203,8589934592,2147483648,5931368448,407961600
206,1772008479390,3204,3204,3204,3204,3204,3204,3204,3204,38.095237731933594,30.000001907348633,25,28.571430206298828,95.23809814453125,0,0,0,10.099597930908203,8589934592,2147483648,5940133888,407961600
206,1772008479596,3204,3204,3204,3204,3204,3204,3204,3204,47.36842346191406,47.619049072265625,38.095237731933594,38.095237731933594,42.85714340209961,19.047618865966797,0,0,10.099597930908203,8589934592,2147483648,5937266688,407961600
200,1772008479803,3204,3204,3204,3204,3204,3204,3204,3204,30.000001907348633,25,30.000001907348633,15.000000953674316,25,19.047618865966797,0,0,8.793951034545898,8589934592,2147483648,5960204288,407961600
203,1772008480004,3204,3204,3204,3204,3204,3204,3204,3204,45,40,35,30.000001907348633,35,0,0,0,8.793951034545898,8589934592,2147483648,5969920000,407961600
209,1772008480208,3204,3204,3204,3204,3204,3204,3204,3204,38.095237731933594,30.000001907348633,28.571430206298828,25,50,4.761904716491699,4.761904716491699,0,8.793951034545898,8589934592,2147483648,5976326144,407961600
206,1772008480418,3204,3204,3204,3204,3204,3204,3204,3204,25,23.809524536132813,25,19.047618865966797,95.45454406738281,0,0,0,8.793951034545898,8589934592,2147483648,5976752128,407961600
202,1772008480625,3204,3204,3204,3204,3204,3204,3204,3204,52.38095474243164,50,47.619049072265625,40,20,0,0,4.761904716491699,8.793951034545898,8589934592,2147483648,5972918272,407961600
201,1772008480828,3204,3204,3204,3204,3204,3204,3204,3204,45,42.85714340209961,35,40,45,20,5,0,10.479844093322754,8589934592,2147483648,5974654976,407961600
208,1772008481029,3204,3204,3204,3204,3204,3204,3204,3204,26.3157901763916,26.3157901763916,25,19.047618865966797,15.000000953674316,25,10.526315689086914,4.761904716491699,10.479844093322754,8589934592,2147483648,5963087872,407961600
205,1772008481238,3204,3204,3204,3204,3204,3204,3204,3204,36.3636360168457,36.3636360168457,33.333335876464844,25,0,4.761904716491699,4.545454502105713,0,10.479844093322754,8589934592,2147483648,5963333632,407961600
202,1772008481444,3204,3204,3204,3204,3204,3204,3204,3204,63.15789031982422,60.000003814697266,66.66667175292969,60.000003814697266,13.636363983154297,4.761904716491699,0,0,10.479844093322754,8589934592,2147483648,5964890112,407961600
201,1772008481647,3204,3204,3204,3204,3204,3204,3204,3204,40.90909194946289,26.3157901763916,30.000001907348633,31.81818199157715,42.105262756347656,0,0,0,8.7476224899292,8589934592,2147483648,5964988416,407961600
208,1772008481849,3204,3204,3204,3204,3204,3204,3204,3204,40,38.095237731933594,31.57894515991211,30.000001907348633,4.761904716491699,0,5,0,8.7476224899292,8589934592,2147483648,5965086720,407961600
209,1772008482057,3204,3204,3204,3204,3204,3204,3204,3204,30.000001907348633,30.000001907348633,31.81818199157715,25,0,0,0,0,8.7476224899292,8589934592,2147483648,5965234176,407961600
202,1772008482267,3204,3204,3204,3204,3204,3204,3204,3204,33.333335876464844,33.333335876464844,30.000001907348633,33.333335876464844,0,4.545454502105713,0,0,8.7476224899292,8589934592,2147483648,5964857344,407961600
202,1772008482470,3204,3204,3204,3204,3204,3204,3204,3204,35,30.000001907348633,25,20,9.523809432983398,5,0,0,8.7476224899292,8589934592,2147483648,5964201984,407961600
201,1772008482673,3204,3204,3204,3204,3204,3204,3204,3204,30.000001907348633,42.85714340209961,33.333335876464844,30.000001907348633,0,0,0,0,7.044650077819824,8589934592,2147483648,5964201984,407961600
205,1772008482874,3204,3204,3204,3204,3204,3204,3204,3204,35,30.000001907348633,26.3157901763916,25,5,5,0,9.523809432983398,7.044650077819824,8589934592,2147483648,5964431360,407961600
201,1772008483080,3204,3204,3204,3204,3204,3204,3204,3204,40,36.842105865478516,35,38.095237731933594,20,10,9.523809432983398,0,7.044650077819824,8589934592,2147483648,5964644352,407961600
207,1772008483282,3204,3204,3204,3204,3204,3204,3204,3204,33.333335876464844,36.3636360168457,33.333335876464844,30.000001907348633,4.761904716491699,0,0,0,7.044650077819824,8589934592,2147483648,5964611584,407961600
200,1772008483490,3204,3204,3204,3204,3204,3204,3204,3204,26.3157901763916,26.3157901763916,23.809524536132813,20,4.761904716491699,4.761904716491699,4.761904716491699,0,7.044650077819824,8589934592,2147483648,5964644352,407961600
209,1772008483691,3204,3204,3204,3204,3204,3204,3204,3204,38.095237731933594,33.333335876464844,26.3157901763916,25,5,25,0,0,5.494693756103516,8589934592,2147483648,5965070336,407961600
204,1772008483901,3204,3204,3204,3204,3204,3204,3204,3204,47.619049072265625,40,40.90909194946289,42.85714340209961,9.523809432983398,0,0,0,5.494693756103516,8589934592,2147483648,5965840384,407961600
203,1772008484107,3204,3204,3204,3204,3204,3204,3204,3204,50,50,45,40,0,9.090909004211426,0,0,5.494693756103516,8589934592,2147483648,5964201984,407961600
209,1772008484311,3204,3204,3204,3204,3204,3204,3204,3204,35,33.333335876464844,25,25,5,0,4.761904716491699,4.761904716491699,5.494693756103516,8589934592,2147483648,5965398016,407961600
208,1772008484521,3204,3204,3204,3204,3204,3204,3204,3204,28.571430206298828,28.571430206298828,28.571430206298828,31.81818199157715,4.761904716491699,4.761904716491699,0,0,5.494693756103516,8589934592,2147483648,5962465280,407961600
207,1772008484730,3204,3204,3204,3204,3204,3204,3204,3204,38.095237731933594,33.333335876464844,28.571430206298828,23.809524536132813,0,0,0,0,5.729657173156738,8589934592,2147483648,5963825152,407961600
208,1772008484938,3204,3204,3204,3204,3204,3204,3204,3204,38.095237731933594,35,30.000001907348633,35,9.090909004211426,4.761904716491699,0,0,5.729657173156738,8589934592,2147483648,5963923456,407961600
207,1772008485147,3204,3204,3204,3204,3204,3204,3204,3204,45,42.85714340209961,38.095237731933594,36.3636360168457,20,9.523809432983398,4.761904716491699,0,5.729657173156738,8589934592,2147483648,5974016000,407961600
200,1772008485354,3204,3204,3204,3204,3204,3204,3204,3204,38.095237731933594,40,30.000001907348633,26.3157901763916,9.523809432983398,10,0,4.761904716491699,5.729657173156738,8589934592,2147483648,5963677696,407961600
207,1772008485555,3204,3204,3204,3204,3204,3204,3204,3204,31.57894515991211,33.333335876464844,25,28.571430206298828,5,5,0,0,5.729657173156738,8589934592,2147483648,5963726848,407961600
208,1772008485763,3204,3204,3204,3204,3204,3204,3204,3204,38.095237731933594,30.000001907348633,38.095237731933594,25,4.761904716491699,0,4.545454502105713,0,5.821364879608154,8589934592,2147483648,5964218368,407961600
200,1772008485972,3204,3204,3204,3204,3204,3204,3204,3204,31.81818199157715,33.333335876464844,23.809524536132813,20,4.545454502105713,4.761904716491699,4.761904716491699,0,5.821364879608154,8589934592,2147483648,5965889536,407961600
205,1772008486174,3204,3204,3204,3204,3204,3204,3204,3204,31.57894515991211,25,21.052631378173828,23.809524536132813,0,4.761904716491699,0,0,5.821364879608154,8589934592,2147483648,5965185024,407961600
207,1772008486380,3204,3204,3204,3204,3204,3204,3204,3204,30.000001907348633,30.000001907348633,23.809524536132813,23.809524536132813,0,0,0,0,5.821364879608154,8589934592,2147483648,5965447168,407961600
204,1772008486588,3204,3204,3204,3204,3204,3204,3204,3204,27.272727966308594,31.81818199157715,28.571430206298828,25,4.761904716491699,0,0,0,5.821364879608154,8589934592,2147483648,5964431360,407961600
209,1772008486793,3204,3204,3204,3204,3204,3204,3204,3204,31.57894515991211,26.3157901763916,30.000001907348633,23.809524536132813,0,0,0,0,5.765746593475342,8589934592,2147483648,5964431360,407961600
202,1772008487003,3204,3204,3204,3204,3204,3204,3204,3204,38.095237731933594,36.3636360168457,23.809524536132813,23.809524536132813,4.761904716491699,4.761904716491699,4.761904716491699,4.545454502105713,5.765746593475342,8589934592,2147483648,5964169216,407961600
207,1772008487206,3204,3204,3204,3204,3204,3204,3204,3204,25,26.3157901763916,28.571430206298828,25,0,0,0,0,5.765746593475342,8589934592,2147483648,5964169216,407961600
201,1772008487413,3204,3204,3204,3204,3204,3204,3204,3204,42.85714340209961,38.095237731933594,33.333335876464844,30.000001907348633,18.18181800842285,14.285715103149414,9.523809432983398,0,5.765746593475342,8589934592,2147483648,5964169216,407961600
208,1772008487616,3204,3204,3204,3204,3204,3204,3204,3204,30.000001907348633,35,26.3157901763916,23.809524536132813,15.000000953674316,5.263157844543457,0,4.761904716491699,5.765746593475342,8589934592,2147483648,5964169216,407961600
205,1772008487824,3204,3204,3204,3204,3204,3204,3204,3204,33.333335876464844,30.000001907348633,25,28.571430206298828,0,4.545454502105713,0,0,5.343454837799072,8589934592,2147483648,5964169216,407961600
207,1772008488030,3204,3204,3204,3204,3204,3204,3204,3204,35,28.571430206298828,33.333335876464844,25,0,4.761904716491699,0,0,5.343454837799072,8589934592,2147483648,5964120064,407961600
208,1772008488238,3204,3204,3204,3204,3204,3204,3204,3204,33.333335876464844,30.000001907348633,28.571430206298828,25,4.761904716491699,4.761904716491699,4.545454502105713,0,5.343454837799072,8589934592,2147483648,5963923456,407961600
203,1772008488447,3204,3204,3204,3204,3204,3204,3204,3204,30.000001907348633,31.81818199157715,31.81818199157715,28.571430206298828,0,0,0,0,5.343454837799072,8589934592,2147483648,5963923456,407961600
209,1772008488650,3204,3204,3204,3204,3204,3204,3204,3204,30.000001907348633,25,15.789472579956055,25,10,21.052631378173828,0,0,5.69536018371582,8589934592,2147483648,5963923456,407961600
205,1772008488861,3204,3204,3204,3204,3204,3204,3204,3204,38.095237731933594,33.333335876464844,30.000001907348633,28.571430206298828,0,0,0,0,5.69536018371582,8589934592,2147483648,5963923456,407961600
209,1772008489067,3204,3204,3204,3204,3204,3204,3204,3204,28.571430206298828,26.3157901763916,31.81818199157715,28.571430206298828,4.761904716491699,0,0,0,5.69536018371582,8589934592,2147483648,5958696960,407961600
202,1772008489277,3204,3204,3204,3204,3204,3204,3204,3204,28.571430206298828,30.434782028198242,25,20,0,4.761904716491699,0,0,5.69536018371582,8589934592,2147483648,5958729728,407961600
202,1772008489480,3204,3204,3204,3204,3204,3204,3204,3204,45,42.105262756347656,42.85714340209961,36.3636360168457,5,9.523809432983398,9.523809432983398,0,5.69536018371582,8589934592,2147483648,5968920576,407961600
203,1772008489683,3204,3204,3204,3204,3204,3204,3204,3204,35,35,31.57894515991211,26.3157901763916,20,10,5,0,5.6124138832092285,8589934592,2147483648,5959385088,407961600
208,1772008489888,3204,3204,3204,3204,3204,3204,3204,3204,40,35,28.571430206298828,30.000001907348633,4.761904716491699,0,0,0,5.6124138832092285,8589934592,2147483648,5960744960,407961600
206,1772008490097,3204,3204,3204,3204,3204,3204,3204,3204,42.85714340209961,33.333335876464844,33.333335876464844,33.333335876464844,0,4.761904716491699,0,0,5.6124138832092285,8589934592,2147483648,5962006528,407961600
207,1772008490305,3204,3204,3204,3204,3204,3204,3204,3204,25,33.333335876464844,30.000001907348633,23.809524536132813,4.761904716491699,0,4.761904716491699,0,5.6124138832092285,8589934592,2147483648,5963988992,407961600
208,1772008490513,3204,3204,3204,3204,3204,3204,3204,3204,38.095237731933594,28.571430206298828,23.809524536132813,25,0,0,0,0,5.6124138832092285,8589934592,2147483648,5965103104,407961600
209,1772008490721,3204,3204,3204,3204,3204,3204,3204,3204,33.333335876464844,30.000001907348633,28.571430206298828,28.571430206298828,0,0,0,0,5.602754592895508,8589934592,2147483648,5965103104,407961600
209,1772008490931,3204,3204,3204,3204,3204,3204,3204,3204,30.000001907348633,28.571430206298828,25,33.333335876464844,4.761904716491699,4.761904716491699,0,4.545454502105713,5.602754592895508,8589934592,2147483648,5965103104,407961600
208,1772008491141,3204,3204,3204,3204,3204,3204,3204,3204,54.54545593261719,57.142860412597656,45.45454788208008,45.45454788208008,0,0,0,0,5.602754592895508,8589934592,2147483648,5968510976,407961600
201,1772008491350,3204,3204,3204,3204,3204,3204,3204,3204,35,33.333335876464844,30.000001907348633,20,0,9.090909004211426,0,0,5.602754592895508,8589934592,2147483648,5968592896,407961600
209,1772008491552,3204,3204,3204,3204,3204,3204,3204,3204,35,31.57894515991211,30.000001907348633,30.000001907348633,20,0,0,0,5.602754592895508,8589934592,2147483648,5976965120,407961600
208,1772008491762,3204,3204,3204,3204,3204,3204,3204,3204,36.3636360168457,27.272727966308594,28.571430206298828,23.809524536132813,14.285715103149414,19.047618865966797,0,0,5.69874906539917,8589934592,2147483648,5967527936,407961600
204,1772008491971,3204,3204,3204,3204,3204,3204,3204,3204,26.3157901763916,35,25,25,4.761904716491699,0,0,0,5.69874906539917,8589934592,2147483648,5967527936,407961600
206,1772008492176,3204,3204,3204,3204,3204,3204,3204,3204,40.90909194946289,38.095237731933594,38.095237731933594,30.000001907348633,4.761904716491699,4.761904716491699,4.761904716491699,0,5.69874906539917,8589934592,2147483648,5967511552,407961600
203,1772008492384,3204,3204,3204,3204,3204,3204,3204,3204,30.000001907348633,30.000001907348633,25,27.272727966308594,0,0,0,0,5.69874906539917,8589934592,2147483648,5967511552,407961600
208,1772008492588,3204,3204,3204,3204,3204,3204,3204,3204,26.3157901763916,30.000001907348633,31.81818199157715,21.052631378173828,0,0,0,0,5.69874906539917,8589934592,2147483648,5967511552,407961600
203,1772008492797,3204,3204,3204,3204,3204,3204,3204,3204,36.3636360168457,33.333335876464844,26.3157901763916,31.81818199157715,0,4.761904716491699,0,0,5.74110221862793,8589934592,2147483648,5967511552,407961600
209,1772008493001,3204,3204,3204,3204,3204,3204,3204,3204,42.85714340209961,38.095237731933594,33.333335876464844,26.3157901763916,9.090909004211426,4.761904716491699,0,0,5.74110221862793,8589934592,2147483648,5967511552,407961600
209,1772008493211,3204,3204,3204,3204,3204,3204,3204,3204,25,20,23.809524536132813,22.72727394104004,0,0,0,0,5.74110221862793,8589934592,2147483648,5967560704,407961600
201,1772008493421,3204,3204,3204,3204,3204,3204,3204,3204,33.333335876464844,33.333335876464844,28.571430206298828,28.571430206298828,0,0,0,0,5.74110221862793,8589934592,2147483648,5968248832,407961600
207,1772008493623,3204,3204,3204,3204,3204,3204,3204,3204,33.333335876464844,20,25,26.3157901763916,26.3157901763916,10,0,0,5.74110221862793,8589934592,2147483648,5968052224,407961600
199,1772008493831,3204,3204,3204,3204,3204,3204,3204,3204,31.57894515991211,35,30.000001907348633,36.3636360168457,25,20,0,0,5.433434963226318,8589934592,2147483648,5968035840,407961600
202,1772008494031,3204,3204,3204,3204,3204,3204,3204,3204,30.000001907348633,30.000001907348633,25,21.052631378173828,9.090909004211426,0,9.523809432983398,0,5.433434963226318,8589934592,2147483648,5968117760,407961600
206,1772008494234,3204,3204,3204,3204,3204,3204,3204,3204,28.571430206298828,28.571430206298828,33.333335876464844,23.809524536132813,0,0,0,0,5.433434963226318,8589934592,2147483648,5968101376,407961600
208,1772008494441,3204,3204,3204,3204,3204,3204,3204,3204,30.000001907348633,30.000001907348633,30.000001907348633,30.000001907348633,5,4.761904716491699,0,9.090909004211426,5.433434963226318,8589934592,2147483648,5966512128,407961600
206,1772008494650,3204,3204,3204,3204,3204,3204,3204,3204,30.000001907348633,33.333335876464844,28.571430206298828,22.72727394104004,4.761904716491699,4.761904716491699,0,0,5.244457244873047,8589934592,2147483648,5966512128,407961600
209,1772008494858,3204,3204,3204,3204,3204,3204,3204,3204,31.81818199157715,28.571430206298828,23.809524536132813,20,0,4.545454502105713,0,0,5.244457244873047,8589934592,2147483648,5966479360,407961600
206,1772008495068,3204,3204,3204,3204,3204,3204,3204,3204,33.333335876464844,33.333335876464844,28.571430206298828,25,0,0,4.545454502105713,0,5.244457244873047,8589934592,2147483648,5966495744,407961600
204,1772008495275,3204,3204,3204,3204,3204,3204,3204,3204,26.3157901763916,30.000001907348633,25,22.72727394104004,4.545454502105713,0,0,0,5.244457244873047,8589934592,2147483648,5966479360,407961600
209,1772008495480,3204,3204,3204,3204,3204,3204,3204,3204,33.333335876464844,28.571430206298828,23.809524536132813,20,0,4.761904716491699,0,0,5.244457244873047,8589934592,2147483648,5966495744,407961600
209,1772008495690,3204,3204,3204,3204,3204,3204,3204,3204,33.333335876464844,25,25,25,0,4.761904716491699,0,0,5.480388164520264,8589934592,2147483648,5966495744,407961600
206,1772008495900,3204,3204,3204,3204,3204,3204,3204,3204,38.095237731933594,33.333335876464844,30.000001907348633,28.571430206298828,27.272727966308594,5,0,9.090909004211426,5.480388164520264,8589934592,2147483648,5966495744,407961600
209,1772008496107,3204,3204,3204,3204,3204,3204,3204,3204,25,25,27.272727966308594,20,15.000000953674316,14.285715103149414,0,0,5.480388164520264,8589934592,2147483648,5966495744,407961600
207,1772008496317,3204,3204,3204,3204,3204,3204,3204,3204,28.571430206298828,36.3636360168457,25,27.272727966308594,0,0,0,0,5.480388164520264,8589934592,2147483648,5967462400,407961600
204,1772008496526,3204,3204,3204,3204,3204,3204,3204,3204,42.85714340209961,35,36.3636360168457,30.000001907348633,0,0,0,0,5.480388164520264,8589934592,2147483648,5968543744,407961600
205,1772008496731,3204,3204,3204,3204,3204,3204,3204,3204,26.3157901763916,28.571430206298828,26.3157901763916,25,4.761904716491699,5,0,0,5.244091987609863,8589934592,2147483648,5968232448,407961600
204,1772008496938,3204,3204,3204,3204,3204,3204,3204,3204,36.3636360168457,30.000001907348633,33.333335876464844,27.272727966308594,5,0,0,0,5.244091987609863,8589934592,2147483648,5968265216,407961600
209,1772008497143,3204,3204,3204,3204,3204,3204,3204,3204,31.57894515991211,40,33.333335876464844,25,4.545454502105713,4.761904716491699,0,0,5.244091987609863,8589934592,2147483648,5968297984,407961600
209,1772008497353,3204,3204,3204,3204,3204,3204,3204,3204,31.81818199157715,33.333335876464844,30.000001907348633,25,0,0,4.761904716491699,0,5.244091987609863,8589934592,2147483648,5967593472,407961600
201,1772008497563,3204,3204,3204,3204,3204,3204,3204,3204,40,36.3636360168457,33.333335876464844,28.571430206298828,4.545454502105713,9.090909004211426,0,0,5.244091987609863,8589934592,2147483648,5967953920,407961600
207,1772008497765,3204,3204,3204,3204,3204,3204,3204,3204,25,26.3157901763916,30.000001907348633,33.333335876464844,0,0,0,0,5.706210136413574,8589934592,2147483648,5967937536,407961600
209,1772008497972,3204,3204,3204,3204,3204,3204,3204,3204,33.333335876464844,33.333335876464844,30.000001907348633,30.000001907348633,4.761904716491699,15.000000953674316,4.545454502105713,0,5.706210136413574,8589934592,2147483648,5967937536,407961600
200,1772008498183,3204,3204,3204,3204,3204,3204,3204,3204,38.095237731933594,35,33.333335876464844,28.571430206298828,19.047618865966797,14.285715103149414,0,0,5.706210136413574,8589934592,2147483648,5967937536,407961600
203,1772008498384,3204,3204,3204,3204,3204,3204,3204,3204,33.333335876464844,35,30.000001907348633,30.000001907348633,5.263157844543457,9.523809432983398,5,4.761904716491699,5.706210136413574,8589934592,2147483648,5968134144,407961600
209,1772008498587,3204,3204,3204,3204,3204,3204,3204,3204,30.000001907348633,30.000001907348633,30.000001907348633,20,9.523809432983398,20,0,0,5.706210136413574,8589934592,2147483648,5968199680,407961600
206,1772008498798,3204,3204,3204,3204,3204,3204,3204,3204,30.000001907348633,28.571430206298828,23.809524536132813,23.809524536132813,0,0,0,0,5.493130207061768,8589934592,2147483648,5968609280,407961600
209,1772008499004,3204,3204,3204,3204,3204,3204,3204,3204,33.333335876464844,38.095237731933594,28.571430206298828,33.333335876464844,4.545454502105713,4.761904716491699,0,0,5.493130207061768,8589934592,2147483648,5968609280,407961600
204,1772008499214,3204,3204,3204,3204,3204,3204,3204,3204,30.000001907348633,28.571430206298828,33.333335876464844,28.571430206298828,0,0,0,0,5.493130207061768,8589934592,2147483648,5968609280,407961600
209,1772008499420,3204,3204,3204,3204,3204,3204,3204,3204,33.333335876464844,30.000001907348633,30.000001907348633,35,9.090909004211426,4.761904716491699,0,4.761904716491699,5.493130207061768,8589934592,2147483648,5968592896,407961600
201,1772008499629,3204,3204,3204,3204,3204,3204,3204,3204,33.333335876464844,28.571430206298828,27.272727966308594,25,0,0,0,0,5.493130207061768,8589934592,2147483648,5968576512,407961600
209,1772008499832,3204,3204,3204,3204,3204,3204,3204,3204,45,40,40,38.095237731933594,0,0,0,0,5.6997389793396,8589934592,2147483648,5969772544,407961600
209,1772008500042,3204,3204,3204,3204,3204,3204,3204,3204,35,28.571430206298828,28.571430206298828,33.333335876464844,4.545454502105713,4.761904716491699,4.545454502105713,0,5.6997389793396,8589934592,2147483648,5977194496,407961600
208,1772008500252,3204,3204,3204,3204,3204,3204,3204,3204,42.85714340209961,45,40,38.095237731933594,33.333335876464844,19.047618865966797,0,0,5.6997389793396,8589934592,2147483648,5977489408,407961600
205,1772008500461,3204,3204,3204,3204,3204,3204,3204,3204,38.095237731933594,36.3636360168457,28.571430206298828,28.571430206298828,4.761904716491699,4.761904716491699,0,0,5.6997389793396,8589934592,2147483648,5977800704,407961600
201,1772008500667,3204,3204,3204,3204,3204,3204,3204,3204,40,35,40,30.000001907348633,0,4.761904716491699,0,0,5.334880828857422,8589934592,2147483648,5978357760,407961600
208,1772008500870,3204,3204,3204,3204,3204,3204,3204,3204,40,35,25,30.000001907348633,5,0,0,0,5.334880828857422,8589934592,2147483648,5979897856,407961600
207,1772008501079,3204,3204,3204,3204,3204,3204,3204,3204,38.095237731933594,38.095237731933594,38.095237731933594,33.333335876464844,0,0,0,0,5.334880828857422,8589934592,2147483648,5979226112,407961600
209,1772008501288,3204,3204,3204,3204,3204,3204,3204,3204,38.095237731933594,33.333335876464844,25,28.571430206298828,0,0,0,0,5.334880828857422,8589934592,2147483648,5978292224,407961600
203,1772008501498,3204,3204,3204,3204,3204,3204,3204,3204,38.095237731933594,33.333335876464844,36.3636360168457,30.000001907348633,4.761904716491699,4.761904716491699,4.545454502105713,4.545454502105713,5.334880828857422,8589934592,2147483648,5978324992,407961600
207,1772008501702,3204,3204,3204,3204,3204,3204,3204,3204,35,35,30.000001907348633,28.571430206298828,0,0,0,0,5.78227424621582,8589934592,2147483648,5976637440,407961600
202,1772008501910,3204,3204,3204,3204,3204,3204,3204,3204,42.85714340209961,38.095237731933594,38.095237731933594,35,4.761904716491699,0,0,0,5.78227424621582,8589934592,2147483648,5974327296,407961600
207,1772008502113,3204,3204,3204,3204,3204,3204,3204,3204,31.57894515991211,31.57894515991211,30.000001907348633,25,0,4.761904716491699,0,0,5.78227424621582,8589934592,2147483648,5973458944,407961600
207,1772008502322,3204,3204,3204,3204,3204,3204,3204,3204,38.095237731933594,28.571430206298828,28.571430206298828,27.272727966308594,23.809524536132813,5,0,0,5.78227424621582,8589934592,2147483648,5981978624,407961600
209,1772008502530,3204,3204,3204,3204,3204,3204,3204,3204,33.333335876464844,33.333335876464844,30.000001907348633,28.571430206298828,14.285715103149414,18.18181800842285,4.545454502105713,0,5.78227424621582,8589934592,2147483648,5971918848,407961600
205,1772008502740,3204,3204,3204,3204,3204,3204,3204,3204,31.81818199157715,33.333335876464844,28.571430206298828,25,0,0,0,0,5.237950801849365,8589934592,2147483648,5971312640,407961600
207,1772008502947,3204,3204,3204,3204,3204,3204,3204,3204,21.052631378173828,25,25,23.809524536132813,0,0,0,0,5.237950801849365,8589934592,2147483648,5971329024,407961600
209,1772008503154,3204,3204,3204,3204,3204,3204,3204,3204,31.81818199157715,33.333335876464844,27.272727966308594,20,4.545454502105713,4.761904716491699,0,0,5.237950801849365,8589934592,2147483648,5971329024,407961600
201,1772008503364,3204,3204,3204,3204,3204,3204,3204,3204,25,25,25,20,0,0,0,0,5.237950801849365,8589934592,2147483648,5971329024,407961600
209,1772008503566,3204,3204,3204,3204,3204,3204,3204,3204,30.000001907348633,25,25,23.809524536132813,4.761904716491699,14.285715103149414,0,0,5.237950801849365,8589934592,2147483648,5970919424,407961600
201,1772008503776,3204,3204,3204,3204,3204,3204,3204,3204,33.333335876464844,31.81818199157715,25,23.809524536132813,5,4.761904716491699,4.545454502105713,9.523809432983398,5.6454033851623535,8589934592,2147483648,5968478208,407961600
200,1772008503978,3204,3204,3204,3204,3204,3204,3204,3204,26.3157901763916,30.000001907348633,23.809524536132813,28.571430206298828,4.761904716491699,0,0,0,5.6454033851623535,8589934592,2147483648,5968478208,407961600
199,1772008504179,3204,3204,3204,3204,3204,3204,3204,3204,30.000001907348633,26.3157901763916,30.000001907348633,21.052631378173828,0,0,0,0,5.6454033851623535,8589934592,2147483648,5968478208,407961600
209,1772008504379,3204,3204,3204,3204,3204,3204,3204,3204,38.095237731933594,33.333335876464844,35,30.000001907348633,9.523809432983398,0,0,0,5.6454033851623535,8589934592,2147483648,5968478208,407961600
204,1772008504589,3204,3204,3204,3204,3204,3204,3204,3204,30.000001907348633,35,33.333335876464844,30.000001907348633,23.809524536132813,22.72727394104004,4.761904716491699,4.545454502105713,5.6454033851623535,8589934592,2147483648,5953241088,407961600
206,1772008504794,3204,3204,3204,3204,3204,3204,3204,3204,30.000001907348633,33.333335876464844,25,27.272727966308594,5,5,0,0,5.208942413330078,8589934592,2147483648,5953191936,407961600
209,1772008505001,3204,3204,3204,3204,3204,3204,3204,3204,31.81818199157715,30.000001907348633,25,23.809524536132813,0,0,0,0,5.208942413330078,8589934592,2147483648,5953175552,407961600
202,1772008505210,3204,3204,3204,3204,3204,3204,3204,3204,26.3157901763916,28.571430206298828,22.72727394104004,25,0,4.761904716491699,0,4.545454502105713,5.208942413330078,8589934592,2147483648,5953880064,407961600
202,1772008505414,3204,3204,3204,3204,3204,3204,3204,3204,33.333335876464844,30.000001907348633,26.3157901763916,25,4.761904716491699,0,0,0,5.208942413330078,8589934592,2147483648,5953126400,407961600
209,1772008505617,3204,3204,3204,3204,3204,3204,3204,3204,30.000001907348633,35,33.333335876464844,25,4.761904716491699,4.761904716491699,4.761904716491699,0,5.208942413330078,8589934592,2147483648,5953355776,407961600
202,1772008505827,3204,3204,3204,3204,3204,3204,3204,3204,47.619049072265625,38.095237731933594,42.85714340209961,33.333335876464844,0,0,0,0,5.4159979820251465,8589934592,2147483648,5953880064,407961600
203,1772008506030,3204,3204,3204,3204,3204,3204,3204,3204,35,30.000001907348633,21.052631378173828,28.571430206298828,0,9.090909004211426,0,0,5.4159979820251465,8589934592,2147483648,5953175552,407961600
200,1772008506233,3204,3204,3204,3204,3204,3204,3204,3204,47.619049072265625,45,38.095237731933594,40,4.761904716491699,5,0,0,5.4159979820251465,8589934592,2147483648,5953748992,407961600
207,1772008506434,3204,3204,3204,3204,3204,3204,3204,3204,40,38.095237731933594,25,25,0,5,4.761904716491699,0,5.4159979820251465,8589934592,2147483648,5953748992,407961600
206,1772008506642,3204,3204,3204,3204,3204,3204,3204,3204,40,45,38.095237731933594,26.3157901763916,20,15.789472579956055,0,9.523809432983398,5.235016822814941,8589934592,2147483648,5952585728,407961600
205,1772008506849,3204,3204,3204,3204,3204,3204,3204,3204,38.095237731933594,30.000001907348633,28.571430206298828,27.272727966308594,9.523809432983398,13.636363983154297,0,0,5.235016822814941,8589934592,2147483648,5952667648,407961600
209,1772008507055,3204,3204,3204,3204,3204,3204,3204,3204,35,36.3636360168457,31.57894515991211,25,4.545454502105713,0,0,0,5.235016822814941,8589934592,2147483648,5952667648,407961600
206,1772008507265,3204,3204,3204,3204,3204,3204,3204,3204,33.333335876464844,30.000001907348633,33.333335876464844,28.571430206298828,0,4.545454502105713,4.545454502105713,4.545454502105713,5.235016822814941,8589934592,2147483648,5952667648,407961600
209,1772008507472,3204,3204,3204,3204,3204,3204,3204,3204,30.000001907348633,25,27.272727966308594,28.571430206298828,4.761904716491699,4.761904716491699,0,0,5.235016822814941,8589934592,2147483648,5952667648,407961600
201,1772008507682,3204,3204,3204,3204,3204,3204,3204,3204,38.095237731933594,36.3636360168457,25,23.809524536132813,4.761904716491699,0,0,0,5.617151737213135,8589934592,2147483648,5952946176,407961600
203,1772008507884,3204,3204,3204,3204,3204,3204,3204,3204,31.57894515991211,30.000001907348633,30.000001907348633,26.3157901763916,0,5,4.761904716491699,0,5.617151737213135,8589934592,2147483648,5952978944,407961600
207,1772008508088,3204,3204,3204,3204,3204,3204,3204,3204,33.333335876464844,36.842105865478516,33.333335876464844,28.571430206298828,0,0,0,0,5.617151737213135,8589934592,2147483648,5953077248,407961600
209,1772008508296,3204,3204,3204,3204,3204,3204,3204,3204,33.333335876464844,33.333335876464844,25,23.809524536132813,4.761904716491699,5,4.545454502105713,0,5.617151737213135,8589934592,2147483648,5953028096,407961600
206,1772008508505,3204,3204,3204,3204,3204,3204,3204,3204,30.000001907348633,25,23.809524536132813,20,0,0,0,0,5.617151737213135,8589934592,2147483648,5952978944,407961600
209,1772008508713,3204,3204,3204,3204,3204,3204,3204,3204,50,47.619049072265625,50,45.45454788208008,36.3636360168457,14.285715103149414,4.545454502105713,0,5.368292808532715,8589934592,2147483648,5963186176,407961600
209,1772008508923,3204,3204,3204,3204,3204,3204,3204,3204,30.000001907348633,28.571430206298828,19.047618865966797,15.000000953674316,19.047618865966797,10,0,0,5.368292808532715,8589934592,2147483648,5953454080,407961600
204,1772008509133,3204,3204,3204,3204,3204,3204,3204,3204,28.571430206298828,23.809524536132813,30.000001907348633,23.809524536132813,4.761904716491699,4.545454502105713,0,0,5.368292808532715,8589934592,2147483648,5952978944,407961600
208,1772008509338,3204,3204,3204,3204,3204,3204,3204,3204,40,40,40.90909194946289,30.000001907348633,0,0,0,0,5.368292808532715,8589934592,2147483648,5954551808,407961600
206,1772008509547,3204,3204,3204,3204,3204,3204,3204,3204,33.333335876464844,31.81818199157715,30.000001907348633,31.81818199157715,4.761904716491699,0,0,4.761904716491699,5.368292808532715,8589934592,2147483648,5954535424,407961600
209,1772008509754,3204,3204,3204,3204,3204,3204,3204,3204,30.000001907348633,28.571430206298828,25,30.000001907348633,0,4.545454502105713,0,0,5.497299671173096,8589934592,2147483648,5953830912,407961600
203,1772008509964,3204,3204,3204,3204,3204,3204,3204,3204,31.81818199157715,30.000001907348633,31.81818199157715,30.000001907348633,4.545454502105713,0,0,0,5.497299671173096,8589934592,2147483648,5954715648,407961600
207,1772008510168,3204,3204,3204,3204,3204,3204,3204,3204,26.3157901763916,25,15.000000953674316,25,0,0,0,0,5.497299671173096,8589934592,2147483648,5953536000,407961600
209,1772008510376,3204,3204,3204,3204,3204,3204,3204,3204,38.095237731933594,30.000001907348633,30.000001907348633,23.809524536132813,4.545454502105713,4.545454502105713,4.545454502105713,0,5.497299671173096,8589934592,2147483648,5953765376,407961600
209,1772008510586,3204,3204,3204,3204,3204,3204,3204,3204,33.333335876464844,33.333335876464844,28.571430206298828,31.81818199157715,0,0,0,0,5.497299671173096,8589934592,2147483648,5955207168,407961600
209,1772008510796,3204,3204,3204,3204,3204,3204,3204,3204,33.333335876464844,33.333335876464844,36.3636360168457,25,9.090909004211426,0,0,0,5.702457427978516,8589934592,2147483648,5958631424,407961600
209,1772008511007,3204,3204,3204,3204,3204,3204,3204,3204,28.571430206298828,31.81818199157715,20,31.81818199157715,23.809524536132813,22.72727394104004,4.761904716491699,4.761904716491699,5.702457427978516,8589934592,2147483648,5954338816,407961600
209,1772008511217,3204,3204,3204,3204,3204,3204,3204,3204,30.000001907348633,20,27.272727966308594,25,4.761904716491699,4.761904716491699,0,0,5.702457427978516,8589934592,2147483648,5954437120,407961600
209,1772008511427,3204,3204,3204,3204,3204,3204,3204,3204,31.81818199157715,28.571430206298828,25,28.571430206298828,0,0,0,0,5.702457427978516,8589934592,2147483648,5954437120,407961600
209,1772008511637,3204,3204,3204,3204,3204,3204,3204,3204,33.333335876464844,28.571430206298828,20,27.272727966308594,4.545454502105713,0,0,4.545454502105713,5.1637139320373535,8589934592,2147483648,5954437120,407961600
207,1772008511847,3204,3204,3204,3204,3204,3204,3204,3204,25,25,23.809524536132813,25,4.545454502105713,0,0,0,5.1637139320373535,8589934592,2147483648,5954764800,407961600
208,1772008512055,3204,3204,3204,3204,3204,3204,3204,3204,28.571430206298828,31.81818199157715,33.333335876464844,20,0,0,0,0,5.1637139320373535,8589934592,2147483648,5954519040,407961600
209,1772008512264,3204,3204,3204,3204,3204,3204,3204,3204,35,30.000001907348633,28.571430206298828,28.571430206298828,0,4.545454502105713,4.761904716491699,0,5.1637139320373535,8589934592,2147483648,5954650112,407961600
205,1772008512474,3204,3204,3204,3204,3204,3204,3204,3204,28.571430206298828,25,27.272727966308594,19.047618865966797,4.761904716491699,0,0,0,5.1637139320373535,8589934592,2147483648,5954633728,407961600
209,1772008512680,3204,3204,3204,3204,3204,3204,3204,3204,28.571430206298828,28.571430206298828,25,23.809524536132813,0,4.761904716491699,0,0,5.569598197937012,8589934592,2147483648,5954109440,407961600
208,1772008512890,3204,3204,3204,3204,3204,3204,3204,3204,28.571430206298828,25,23.809524536132813,20,0,0,0,0,5.569598197937012,8589934592,2147483648,5954142208,407961600
207,1772008513099,3204,3204,3204,3204,3204,3204,3204,3204,42.85714340209961,33.333335876464844,33.333335876464844,31.81818199157715,28.571430206298828,5,13.636363983154297,0,5.569598197937012,8589934592,2147483648,5953388544,407961600
209,1772008513307,3204,3204,3204,3204,3204,3204,3204,3204,30.000001907348633,36.3636360168457,30.000001907348633,30.000001907348633,4.761904716491699,9.523809432983398,0,0,5.569598197937012,8589934592,2147483648,5953257472,407961600
205,1772008513517,3204,3204,3204,3204,3204,3204,3204,3204,28.571430206298828,20,25,19.047618865966797,0,0,4.545454502105713,0,5.569598197937012,8589934592,2147483648,5953585152,407961600
206,1772008513723,3204,3204,3204,3204,3204,3204,3204,3204,33.333335876464844,30.000001907348633,27.272727966308594,25,5.263157844543457,27.272727966308594,0,0,5.122663497924805,8589934592,2147483648,5954322432,407961600
202,1772008513930,3204,3204,3204,3204,3204,3204,3204,3204,25,28.571430206298828,20,23.809524536132813,4.545454502105713,0,0,0,5.122663497924805,8589934592,2147483648,5953699840,407961600
204,1772008514132,3204,3204,3204,3204,3204,3204,3204,3204,35,33.333335876464844,30.000001907348633,30.000001907348633,9.523809432983398,0,0,0,5.122663497924805,8589934592,2147483648,5953683456,407961600
208,1772008514338,3204,3204,3204,3204,3204,3204,3204,3204,25,25,20,33.333335876464844,0,0,0,0,5.122663497924805,8589934592,2147483648,5953683456,407961600
208,1772008514546,3204,3204,3204,3204,3204,3204,3204,3204,42.85714340209961,40,47.619049072265625,28.571430206298828,0,0,0,0,5.122663497924805,8589934592,2147483648,5953683456,407961600
209,1772008514755,3204,3204,3204,3204,3204,3204,3204,3204,28.571430206298828,38.095237731933594,30.000001907348633,25,4.761904716491699,4.545454502105713,0,0,5.53499174118042,8589934592,2147483648,5953683456,407961600
207,1772008514965,3204,3204,3204,3204,3204,3204,3204,3204,35,28.571430206298828,31.81818199157715,19.047618865966797,0,5,0,0,5.53499174118042,8589934592,2147483648,5946802176,407961600
202,1772008515174,3204,3204,3204,3204,3204,3204,3204,3204,42.85714340209961,38.095237731933594,38.095237731933594,35,19.047618865966797,9.523809432983398,5,4.761904716491699,5.53499174118042,8589934592,2147483648,5956829184,407961600
202,1772008515377,3204,3204,3204,3204,3204,3204,3204,3204,42.85714340209961,35,31.57894515991211,31.57894515991211,38.095237731933594,10,4.761904716491699,0,5.53499174118042,8589934592,2147483648,5948555264,407961600
204,1772008515580,3204,3204,3204,3204,3204,3204,3204,3204,26.3157901763916,30.000001907348633,25,22.72727394104004,5,15.000000953674316,0,4.761904716491699,5.53499174118042,8589934592,2147483648,5948080128,407961600
209,1772008515785,3204,3204,3204,3204,3204,3204,3204,3204,38.095237731933594,35,33.333335876464844,33.333335876464844,0,0,0,0,5.169525623321533,8589934592,2147483648,5948686336,407961600
208,1772008515995,3204,3204,3204,3204,3204,3204,3204,3204,33.333335876464844,33.333335876464844,33.333335876464844,30.000001907348633,4.761904716491699,8.69565200805664,0,0,5.169525623321533,8589934592,2147483648,5948768256,407961600
206,1772008516204,3204,3204,3204,3204,3204,3204,3204,3204,38.095237731933594,40,28.571430206298828,31.81818199157715,4.761904716491699,0,0,0,5.169525623321533,8589934592,2147483648,5948850176,407961600
204,1772008516411,3204,3204,3204,3204,3204,3204,3204,3204,26.3157901763916,36.3636360168457,20,25,4.761904716491699,4.761904716491699,0,0,5.169525623321533,8589934592,2147483648,5948178432,407961600
199,1772008516616,3204,3204,3204,3204,3204,3204,3204,3204,36.3636360168457,35,28.571430206298828,25,0,0,0,0,5.169525623321533,8589934592,2147483648,5948178432,407961600
209,1772008516817,3204,3204,3204,3204,3204,3204,3204,3204,35,35,35,30.000001907348633,4.761904716491699,0,0,0,5.7852959632873535,8589934592,2147483648,5948194816,407961600
199,1772008517027,3204,3204,3204,3204,3204,3204,3204,3204,31.57894515991211,28.571430206298828,28.571430206298828,23.809524536132813,0,4.545454502105713,4.761904716491699,0,5.7852959632873535,8589934592,2147483648,5948096512,407961600
208,1772008517227,3204,3204,3204,3204,3204,3204,3204,3204,38.095237731933594,31.57894515991211,26.3157901763916,30.000001907348633,5,0,0,4.761904716491699,5.7852959632873535,8589934592,2147483648,5951176704,407961600
202,1772008517436,3204,3204,3204,3204,3204,3204,3204,3204,25,33.333335876464844,27.272727966308594,25,36.3636360168457,14.285715103149414,4.761904716491699,0,5.7852959632873535,8589934592,2147483648,5948669952,407961600
207,1772008517638,3204,3204,3204,3204,3204,3204,3204,3204,28.571430206298828,25,26.3157901763916,15.000000953674316,5,4.761904716491699,4.761904716491699,0,5.196600437164307,8589934592,2147483648,5948145664,407961600
201,1772008517847,3204,3204,3204,3204,3204,3204,3204,3204,28.571430206298828,23.809524536132813,27.272727966308594,23.809524536132813,0,0,0,0,5.196600437164307,8589934592,2147483648,5948096512,407961600
207,1772008518049,3204,3204,3204,3204,3204,3204,3204,3204,25,30.000001907348633,21.052631378173828,15.000000953674316,0,4.761904716491699,0,0,5.196600437164307,8589934592,2147483648,5948162048,407961600
203,1772008518256,3204,3204,3204,3204,3204,3204,3204,3204,45,45,42.85714340209961,40,0,0,0,0,5.196600437164307,8589934592,2147483648,5948391424,407961600
200,1772008518460,3204,3204,3204,3204,3204,3204,3204,3204,25,33.333335876464844,30.000001907348633,19.047618865966797,0,0,0,0,5.196600437164307,8589934592,2147483648,5948424192,407961600
209,1772008518661,3204,3204,3204,3204,3204,3204,3204,3204,35,30.000001907348633,21.052631378173828,23.809524536132813,23.809524536132813,5.263157844543457,4.761904716491699,0,5.439128875732422,8589934592,2147483648,5949161472,407961600
200,1772008518872,3204,3204,3204,3204,3204,3204,3204,3204,28.571430206298828,25,22.72727394104004,20,0,4.545454502105713,0,0,5.439128875732422,8589934592,2147483648,5949161472,407961600
206,1772008519073,3204,3204,3204,3204,3204,3204,3204,3204,35,38.095237731933594,25,28.571430206298828,4.761904716491699,5,0,5,5.439128875732422,8589934592,2147483648,5949177856,407961600
202,1772008519280,3204,3204,3204,3204,3204,3204,3204,3204,30.000001907348633,30.000001907348633,30.000001907348633,20,9.523809432983398,4.761904716491699,4.761904716491699,4.761904716491699,5.439128875732422,8589934592,2147483648,5948866560,407961600
206,1772008519483,3204,3204,3204,3204,3204,3204,3204,3204,45,42.85714340209961,42.85714340209961,36.842105865478516,15.789472579956055,10,10,0,5.439128875732422,8589934592,2147483648,5958582272,407961600
209,1772008519691,3204,3204,3204,3204,3204,3204,3204,3204,33.333335876464844,31.57894515991211,26.3157901763916,23.809524536132813,14.285715103149414,10,0,0,5.603349208831787,8589934592,2147483648,5949620224,407961600
209,1772008519901,3204,3204,3204,3204,3204,3204,3204,3204,31.81818199157715,40.90909194946289,27.272727966308594,23.809524536132813,0,4.761904716491699,0,0,5.603349208831787,8589934592,2147483648,5949587456,407961600
199,1772008520110,3204,3204,3204,3204,3204,3204,3204,3204,31.57894515991211,38.095237731933594,35,31.81818199157715,9.090909004211426,0,0,4.761904716491699,5.603349208831787,8589934592,2147483648,5950619648,407961600
209,1772008520311,3204,3204,3204,3204,3204,3204,3204,3204,35,36.842105865478516,30.000001907348633,26.3157901763916,0,5,4.761904716491699,0,5.603349208831787,8589934592,2147483648,5949587456,407961600
208,1772008520521,3204,3204,3204,3204,3204,3204,3204,3204,28.571430206298828,33.333335876464844,27.272727966308594,23.809524536132813,4.545454502105713,0,0,0,5.603349208831787,8589934592,2147483648,5949440000,407961600
205,1772008520730,3204,3204,3204,3204,3204,3204,3204,3204,38.095237731933594,33.333335876464844,30.000001907348633,23.809524536132813,4.761904716491699,4.761904716491699,0,0,5.526079177856445,8589934592,2147483648,5950734336,407961600
201,1772008520936,3204,3204,3204,3204,3204,3204,3204,3204,38.095237731933594,28.571430206298828,33.333335876464844,28.571430206298828,0,0,0,0,5.526079177856445,8589934592,2147483648,5950668800,407961600
200,1772008521138,3204,3204,3204,3204,3204,3204,3204,3204,40,30.000001907348633,26.3157901763916,30.000001907348633,0,0,0,0,5.526079177856445,8589934592,2147483648,5950570496,407961600
207,1772008521339,3204,3204,3204,3204,3204,3204,3204,3204,30.000001907348633,31.57894515991211,28.571430206298828,26.3157901763916,5,5,0,0,5.526079177856445,8589934592,2147483648,5950521344,407961600
209,1772008521546,3204,3204,3204,3204,3204,3204,3204,3204,35,38.095237731933594,31.57894515991211,33.333335876464844,14.285715103149414,9.090909004211426,5,0,5.526079177856445,8589934592,2147483648,5960007680,407961600
208,1772008521757,3204,3204,3204,3204,3204,3204,3204,3204,28.571430206298828,28.571430206298828,27.272727966308594,23.809524536132813,19.047618865966797,19.047618865966797,4.761904716491699,4.545454502105713,5.2820611000061035,8589934592,2147483648,5949865984,407961600
209,1772008521966,3204,3204,3204,3204,3204,3204,3204,3204,38.095237731933594,42.85714340209961,33.333335876464844,28.571430206298828,4.761904716491699,0,4.545454502105713,0,5.2820611000061035,8589934592,2147483648,5949865984,407961600
209,1772008522176,3204,3204,3204,3204,3204,3204,3204,3204,38.095237731933594,33.333335876464844,33.333335876464844,28.571430206298828,0,0,0,0,5.2820611000061035,8589934592,2147483648,5950177280,407961600
209,1772008522386,3204,3204,3204,3204,3204,3204,3204,3204,33.333335876464844,35,33.333335876464844,20,0,0,0,0,5.2820611000061035,8589934592,2147483648,5950423040,407961600
199,1772008522596,3204,3204,3204,3204,3204,3204,3204,3204,30.000001907348633,31.81818199157715,25,23.809524536132813,4.545454502105713,0,0,0,5.2820611000061035,8589934592,2147483648,5950439424,407961600
209,1772008522797,3204,3204,3204,3204,3204,3204,3204,3204,35,36.842105865478516,30.000001907348633,30.000001907348633,0,4.761904716491699,4.761904716491699,0,5.266792297363281,8589934592,2147483648,5950881792,407961600
201,1772008523006,3204,3204,3204,3204,3204,3204,3204,3204,28.571430206298828,28.571430206298828,28.571430206298828,23.809524536132813,4.545454502105713,0,0,0,5.266792297363281,8589934592,2147483648,5951406080,407961600
206,1772008523208,3204,3204,3204,3204,3204,3204,3204,3204,40,30.000001907348633,20,25,0,0,0,0,5.266792297363281,8589934592,2147483648,5951406080,407961600
207,1772008523415,3204,3204,3204,3204,3204,3204,3204,3204,25,30.000001907348633,25,19.047618865966797,4.545454502105713,4.761904716491699,0,0,5.266792297363281,8589934592,2147483648,5951356928,407961600
206,1772008523622,3204,3204,3204,3204,3204,3204,3204,3204,30.000001907348633,23.809524536132813,27.272727966308594,19.047618865966797,10.526315689086914,14.285715103149414,0,0,5.266792297363281,8589934592,2147483648,5949620224,407961600
202,1772008523829,3204,3204,3204,3204,3204,3204,3204,3204,42.85714340209961,38.095237731933594,35,30.000001907348633,36.3636360168457,10,0,0,5.4459428787231445,8589934592,2147483648,5949489152,407961600
204,1772008524033,3204,3204,3204,3204,3204,3204,3204,3204,33.333335876464844,35,20,23.809524536132813,5,10,0,4.761904716491699,5.4459428787231445,8589934592,2147483648,5949489152,407961600
204,1772008524238,3204,3204,3204,3204,3204,3204,3204,3204,30.000001907348633,25,30.000001907348633,26.3157901763916,0,4.545454502105713,0,0,5.4459428787231445,8589934592,2147483648,5949014016,407961600
207,1772008524443,3204,3204,3204,3204,3204,3204,3204,3204,38.095237731933594,30.000001907348633,23.809524536132813,28.571430206298828,9.523809432983398,0,0,0,5.4459428787231445,8589934592,2147483648,5949587456,407961600
201,1772008524651,3204,3204,3204,3204,3204,3204,3204,3204,25,23.809524536132813,25,19.047618865966797,0,4.545454502105713,0,0,5.3036088943481445,8589934592,2147483648,5949603840,407961600
204,1772008524852,3204,3204,3204,3204,3204,3204,3204,3204,30.000001907348633,35,33.333335876464844,35,0,0,0,0,5.3036088943481445,8589934592,2147483648,5949472768,407961600
206,1772008525057,3204,3204,3204,3204,3204,3204,3204,3204,30.000001907348633,33.333335876464844,25,30.000001907348633,4.761904716491699,0,0,0,5.3036088943481445,8589934592,2147483648,5950406656,407961600
201,1772008525264,3204,3204,3204,3204,3204,3204,3204,3204,28.571430206298828,25,20,25,0,4.761904716491699,0,0,5.3036088943481445,8589934592,2147483648,5950373888,407961600
205,1772008525466,3204,3204,3204,3204,3204,3204,3204,3204,35,35,33.333335876464844,30.000001907348633,0,0,0,0,5.3036088943481445,8589934592,2147483648,5951438848,407961600
199,1772008525672,3204,3204,3204,3204,3204,3204,3204,3204,25,20,25,19.047618865966797,4.761904716491699,0,4.761904716491699,0,5.462060928344727,8589934592,2147483648,5950586880,407961600
199,1772008525872,3204,3204,3204,3204,3204,3204,3204,3204,38.095237731933594,35,35,25,25,10,0,0,5.462060928344727,8589934592,2147483648,5959958528,407961600
200,1772008526072,3204,3204,3204,3204,3204,3204,3204,3204,47.36842346191406,50,50,45,19.047618865966797,10,0,0,5.462060928344727,8589934592,2147483648,5950242816,407961600
209,1772008526273,3204,3204,3204,3204,3204,3204,3204,3204,35,35,35,35,0,0,0,0,5.462060928344727,8589934592,2147483648,5950341120,407961600
199,1772008526483,3204,3204,3204,3204,3204,3204,3204,3204,38.095237731933594,33.333335876464844,28.571430206298828,23.809524536132813,0,0,0,0,5.462060928344727,8589934592,2147483648,5949964288,407961600
203,1772008526683,3204,3204,3204,3204,3204,3204,3204,3204,40,31.57894515991211,26.3157901763916,31.57894515991211,5,9.523809432983398,5,0,5.102976322174072,8589934592,2147483648,5949997056,407961600
208,1772008526888,3204,3204,3204,3204,3204,3204,3204,3204,35,38.095237731933594,35,28.571430206298828,4.761904716491699,5,0,0,5.102976322174072,8589934592,2147483648,5951815680,407961600
207,1772008527097,3204,3204,3204,3204,3204,3204,3204,3204,35,23.809524536132813,27.272727966308594,23.809524536132813,0,0,4.545454502105713,0,5.102976322174072,8589934592,2147483648,5951815680,407961600
203,1772008527304,3204,3204,3204,3204,3204,3204,3204,3204,42.85714340209961,38.095237731933594,30.000001907348633,35,4.761904716491699,4.761904716491699,0,4.761904716491699,5.102976322174072,8589934592,2147483648,5951946752,407961600
209,1772008527508,3204,3204,3204,3204,3204,3204,3204,3204,45,40,35,40,9.523809432983398,0,0,0,5.102976322174072,8589934592,2147483648,5963923456,407961600
199,1772008527718,3204,3204,3204,3204,3204,3204,3204,3204,50,45,50,40.90909194946289,10,9.523809432983398,8.69565200805664,0,5.617198467254639,8589934592,2147483648,5978243072,407961600
204,1772008527918,3204,3204,3204,3204,3204,3204,3204,3204,45,42.85714340209961,36.842105865478516,31.57894515991211,0,0,0,0,5.617198467254639,8589934592,2147483648,5979193344,407961600
205,1772008528123,3204,3204,3204,3204,3204,3204,3204,3204,47.619049072265625,45,47.619049072265625,45,38.095237731933594,23.809524536132813,0,0,5.617198467254639,8589934592,2147483648,5977391104,407961600
209,1772008528329,3204,3204,3204,3204,3204,3204,3204,3204,42.85714340209961,40,40,40.90909194946289,4.761904716491699,0,0,4.545454502105713,5.617198467254639,8589934592,2147483648,5977653248,407961600
204,1772008528539,3204,3204,3204,3204,3204,3204,3204,3204,35,38.095237731933594,30.000001907348633,30.000001907348633,0,0,0,0,5.617198467254639,8589934592,2147483648,5977948160,407961600
209,1772008528744,3204,3204,3204,3204,3204,3204,3204,3204,38.095237731933594,35,42.85714340209961,30.000001907348633,20,5,0,0,5.578671455383301,8589934592,2147483648,5977620480,407961600
206,1772008528954,3204,3204,3204,3204,3204,3204,3204,3204,40,47.619049072265625,33.333335876464844,36.3636360168457,4.545454502105713,0,0,0,5.578671455383301,8589934592,2147483648,5977899008,407961600
204,1772008529161,3204,3204,3204,3204,3204,3204,3204,3204,45.45454788208008,35,35,30.000001907348633,0,0,0,0,5.578671455383301,8589934592,2147483648,5977849856,407961600
206,1772008529366,3204,3204,3204,3204,3204,3204,3204,3204,47.36842346191406,42.85714340209961,45,35,0,0,0,0,5.578671455383301,8589934592,2147483648,5983666176,407961600
201,1772008529574,3204,3204,3204,3204,3204,3204,3204,3204,33.333335876464844,38.095237731933594,33.333335876464844,28.571430206298828,9.090909004211426,0,0,0,5.578671455383301,8589934592,2147483648,5985517568,407961600
206,1772008529776,3204,3204,3204,3204,3204,3204,3204,3204,30.000001907348633,31.57894515991211,25,25,0,4.761904716491699,4.761904716491699,0,5.988016128540039,8589934592,2147483648,5985566720,407961600
203,1772008529984,3204,3204,3204,3204,3204,3204,3204,3204,47.619049072265625,50,42.85714340209961,42.85714340209961,0,0,0,0,5.988016128540039,8589934592,2147483648,5987745792,407961600
209,1772008530188,3204,3204,3204,3204,3204,3204,3204,3204,42.85714340209961,35,38.095237731933594,35,20,19.047618865966797,0,0,5.988016128540039,8589934592,2147483648,5987745792,407961600
202,1772008530397,3204,3204,3204,3204,3204,3204,3204,3204,25,28.571430206298828,25,19.047618865966797,9.523809432983398,9.523809432983398,0,0,5.988016128540039,8589934592,2147483648,5987926016,407961600
206,1772008530600,3204,3204,3204,3204,3204,3204,3204,3204,26.3157901763916,21.052631378173828,23.809524536132813,33.333335876464844,15.000000953674316,15.000000953674316,5,5,5.988016128540039,8589934592,2147483648,5934743552,407961600
209,1772008530807,3204,3204,3204,3204,3204,3204,3204,3204,40.90909194946289,38.095237731933594,35,30.000001907348633,0,0,0,4.545454502105713,5.7165069580078125,8589934592,2147483648,5909381120,407961600
207,1772008531017,3204,3204,3204,3204,3204,3204,3204,3204,30.000001907348633,28.571430206298828,30.000001907348633,23.809524536132813,4.761904716491699,0,0,0,5.7165069580078125,8589934592,2147483648,5878743040,407961600
203,1772008531226,3204,3204,3204,3204,3204,3204,3204,3204,31.81818199157715,30.000001907348633,38.095237731933594,20,0,0,0,0,5.7165069580078125,8589934592,2147483648,5878054912,407961600
209,1772008531430,3204,3204,3204,3204,3204,3204,3204,3204,26.3157901763916,33.333335876464844,28.571430206298828,25,0,0,0,0,5.7165069580078125,8589934592,2147483648,5877153792,407961600
205,1772008531640,3204,3204,3204,3204,3204,3204,3204,3204,30.000001907348633,35,25,19.047618865966797,0,0,4.545454502105713,0,5.766221046447754,8589934592,2147483648,5876891648,407961600
207,1772008531847,3204,3204,3204,3204,3204,3204,3204,3204,28.571430206298828,25,23.809524536132813,20,0,0,0,0,5.766221046447754,8589934592,2147483648,5860425728,407961600
209,1772008532054,3204,3204,3204,3204,3204,3204,3204,3204,33.333335876464844,33.333335876464844,25,28.571430206298828,0,0,0,0,5.766221046447754,8589934592,2147483648,5860474880,407961600
209,1772008532264,3204,3204,3204,3204,3204,3204,3204,3204,38.095237731933594,42.85714340209961,28.571430206298828,23.809524536132813,13.636363983154297,14.285715103149414,5,0,5.766221046447754,8589934592,2147483648,5872664576,407961600
209,1772008532475,3204,3204,3204,3204,3204,3204,3204,3204,33.333335876464844,36.3636360168457,28.571430206298828,31.81818199157715,19.047618865966797,14.285715103149414,0,0,5.766221046447754,8589934592,2147483648,5861490688,407961600
202,1772008532685,3204,3204,3204,3204,3204,3204,3204,3204,35,30.000001907348633,30.000001907348633,25,4.761904716491699,4.761904716491699,0,4.761904716491699,5.129152297973633,8589934592,2147483648,5861605376,407961600
209,1772008532888,3204,3204,3204,3204,3204,3204,3204,3204,35,35,33.333335876464844,28.571430206298828,0,0,0,0,5.129152297973633,8589934592,2147483648,5861605376,407961600
206,1772008533098,3204,3204,3204,3204,3204,3204,3204,3204,38.095237731933594,31.81818199157715,30.000001907348633,25,0,0,0,0,5.129152297973633,8589934592,2147483648,5861605376,407961600
202,1772008533305,3204,3204,3204,3204,3204,3204,3204,3204,42.85714340209961,26.3157901763916,31.81818199157715,25,4.761904716491699,4.761904716491699,4.761904716491699,0,5.129152297973633,8589934592,2147483648,5861605376,407961600
207,1772008533508,3204,3204,3204,3204,3204,3204,3204,3204,35,33.333335876464844,26.3157901763916,25,0,0,0,0,5.129152297973633,8589934592,2147483648,5862211584,407961600
209,1772008533716,3204,3204,3204,3204,3204,3204,3204,3204,35,33.333335876464844,27.272727966308594,27.272727966308594,23.809524536132813,4.761904716491699,0,0,5.415311336517334,8589934592,2147483648,5863063552,407961600
209,1772008533926,3204,3204,3204,3204,3204,3204,3204,3204,36.3636360168457,35,25,28.571430206298828,0,0,0,0,5.415311336517334,8589934592,2147483648,5862637568,407961600
208,1772008534136,3204,3204,3204,3204,3204,3204,3204,3204,30.000001907348633,33.333335876464844,25,23.809524536132813,0,0,0,0,5.415311336517334,8589934592,2147483648,5862621184,407961600
208,1772008534346,3204,3204,3204,3204,3204,3204,3204,3204,28.571430206298828,33.333335876464844,27.272727966308594,20,0,4.761904716491699,0,0,5.415311336517334,8589934592,2147483648,5862621184,407961600
209,1772008534555,3204,3204,3204,3204,3204,3204,3204,3204,38.095237731933594,33.333335876464844,25,31.81818199157715,38.095237731933594,14.285715103149414,4.761904716491699,4.761904716491699,5.415311336517334,8589934592,2147483648,5862277120,407961600
207,1772008534765,3204,3204,3204,3204,3204,3204,3204,3204,33.333335876464844,20,28.571430206298828,25,0,0,0,0,5.295749664306641,8589934592,2147483648,5863014400,407961600
205,1772008534974,3204,3204,3204,3204,3204,3204,3204,3204,35,42.85714340209961,33.333335876464844,23.809524536132813,0,0,0,0,5.295749664306641,8589934592,2147483648,5862244352,407961600
205,1772008535180,3204,3204,3204,3204,3204,3204,3204,3204,35,30.000001907348633,25,21.052631378173828,4.761904716491699,0,0,0,5.295749664306641,8589934592,2147483648,5862309888,407961600
209,1772008535386,3204,3204,3204,3204,3204,3204,3204,3204,36.3636360168457,28.571430206298828,28.571430206298828,27.272727966308594,0,0,0,0,5.295749664306641,8589934592,2147483648,5863587840,407961600
206,1772008535596,3204,3204,3204,3204,3204,3204,3204,3204,40,33.333335876464844,33.333335876464844,28.571430206298828,0,0,0,0,5.295749664306641,8589934592,2147483648,5863620608,407961600
202,1772008535803,3204,3204,3204,3204,3204,3204,3204,3204,28.571430206298828,20,30.000001907348633,20,0,0,0,0,5.3100690841674805,8589934592,2147483648,5863882752,407961600
206,1772008536006,3204,3204,3204,3204,3204,3204,3204,3204,30.000001907348633,30.000001907348633,28.571430206298828,20,0,0,0,0,5.3100690841674805,8589934592,2147483648,5863751680,407961600
207,1772008536213,3204,3204,3204,3204,3204,3204,3204,3204,21.052631378173828,28.571430206298828,28.571430206298828,28.571430206298828,0,0,0,0,5.3100690841674805,8589934592,2147483648,5863751680,407961600
207,1772008536421,3204,3204,3204,3204,3204,3204,3204,3204,31.81818199157715,25,25,15.000000953674316,4.761904716491699,9.090909004211426,4.761904716491699,0,5.3100690841674805,8589934592,2147483648,5863718912,407961600
209,1772008536629,3204,3204,3204,3204,3204,3204,3204,3204,35,38.095237731933594,33.333335876464844,35,23.809524536132813,5,0,0,5.3100690841674805,8589934592,2147483648,5873745920,407961600
209,1772008536839,3204,3204,3204,3204,3204,3204,3204,3204,38.095237731933594,33.333335876464844,33.333335876464844,31.81818199157715,10,9.523809432983398,0,4.761904716491699,5.235058784484863,8589934592,2147483648,5863964672,407961600
203,1772008537049,3204,3204,3204,3204,3204,3204,3204,3204,33.333335876464844,30.000001907348633,30.000001907348633,20,4.545454502105713,0,0,0,5.235058784484863,8589934592,2147483648,5863292928,407961600
200,1772008537254,3204,3204,3204,3204,3204,3204,3204,3204,30.000001907348633,33.333335876464844,30.000001907348633,27.272727966308594,0,0,0,0,5.235058784484863,8589934592,2147483648,5863325696,407961600
209,1772008537455,3204,3204,3204,3204,3204,3204,3204,3204,30.000001907348633,35,25,20,4.761904716491699,4.761904716491699,4.761904716491699,0,5.235058784484863,8589934592,2147483648,5863309312,407961600
205,1772008537665,3204,3204,3204,3204,3204,3204,3204,3204,28.571430206298828,30.000001907348633,33.333335876464844,20,0,0,0,0,5.250015735626221,8589934592,2147483648,5863243776,407961600
208,1772008537871,3204,3204,3204,3204,3204,3204,3204,3204,33.333335876464844,36.3636360168457,33.333335876464844,25,0,0,0,0,5.250015735626221,8589934592,2147483648,5863243776,407961600
207,1772008538080,3204,3204,3204,3204,3204,3204,3204,3204,35,26.3157901763916,33.333335876464844,23.809524536132813,0,0,0,0,5.250015735626221,8589934592,2147483648,5863342080,407961600
204,1772008538288,3204,3204,3204,3204,3204,3204,3204,3204,33.333335876464844,36.3636360168457,30.000001907348633,31.81818199157715,4.761904716491699,4.761904716491699,0,4.761904716491699,5.250015735626221,8589934592,2147483648,5863342080,407961600
203,1772008538493,3204,3204,3204,3204,3204,3204,3204,3204,30.000001907348633,30.000001907348633,28.571430206298828,21.052631378173828,4.545454502105713,0,4.761904716491699,0,5.250015735626221,8589934592,2147483648,5863342080,407961600
205,1772008538696,3204,3204,3204,3204,3204,3204,3204,3204,50,50,50,40,16.666667938232422,19.047618865966797,0,0,5.373689651489258,8589934592,2147483648,5872435200,407961600
209,1772008538902,3204,3204,3204,3204,3204,3204,3204,3204,35,33.333335876464844,30.000001907348633,25,27.272727966308594,15.000000953674316,0,0,5.373689651489258,8589934592,2147483648,5863194624,407961600
209,1772008539113,3204,3204,3204,3204,3204,3204,3204,3204,38.095237731933594,23.809524536132813,23.809524536132813,19.047618865966797,0,0,0,4.545454502105713,5.373689651489258,8589934592,2147483648,5863194624,407961600
199,1772008539323,3204,3204,3204,3204,3204,3204,3204,3204,38.095237731933594,35,28.571430206298828,31.81818199157715,4.761904716491699,0,0,0,5.373689651489258,8589934592,2147483648,5863194624,407961600
209,1772008539523,3204,3204,3204,3204,3204,3204,3204,3204,30.000001907348633,26.3157901763916,30.000001907348633,20,5,4.761904716491699,0,0,5.373689651489258,8589934592,2147483648,5863194624,407961600
209,1772008539733,3204,3204,3204,3204,3204,3204,3204,3204,30.000001907348633,31.81818199157715,25,23.809524536132813,4.545454502105713,4.545454502105713,0,0,5.454724311828613,8589934592,2147483648,5864767488,407961600
206,1772008539943,3204,3204,3204,3204,3204,3204,3204,3204,33.333335876464844,30.000001907348633,28.571430206298828,21.052631378173828,0,0,0,0,5.454724311828613,8589934592,2147483648,5864849408,407961600
204,1772008540150,3204,3204,3204,3204,3204,3204,3204,3204,35,33.333335876464844,33.333335876464844,23.809524536132813,0,0,4.761904716491699,4.761904716491699,5.454724311828613,8589934592,2147483648,5866323968,407961600
204,1772008540355,3204,3204,3204,3204,3204,3204,3204,3204,38.095237731933594,28.571430206298828,28.571430206298828,23.809524536132813,5,4.761904716491699,9.090909004211426,0,5.454724311828613,8589934592,2147483648,5866668032,407961600
204,1772008540560,3204,3204,3204,3204,3204,3204,3204,3204,30.000001907348633,30.000001907348633,21.052631378173828,25,0,0,0,0,5.454724311828613,8589934592,2147483648,5866864640,407961600
209,1772008540765,3204,3204,3204,3204,3204,3204,3204,3204,36.3636360168457,30.000001907348633,23.809524536132813,23.809524536132813,4.761904716491699,0,0,0,5.545877933502197,8589934592,2147483648,5866930176,407961600
203,1772008540975,3204,3204,3204,3204,3204,3204,3204,3204,40,42.85714340209961,42.85714340209961,30.000001907348633,19.047618865966797,28.571430206298828,5,4.761904716491699,5.545877933502197,8589934592,2147483648,5866782720,407961600
207,1772008541179,3204,3204,3204,3204,3204,3204,3204,3204,35,35,35,33.333335876464844,4.761904716491699,0,4.761904716491699,0,5.545877933502197,8589934592,2147483648,5866995712,407961600
207,1772008541387,3204,3204,3204,3204,3204,3204,3204,3204,28.571430206298828,23.809524536132813,20,20,0,0,0,0,5.545877933502197,8589934592,2147483648,5865996288,407961600
209,1772008541596,3204,3204,3204,3204,3204,3204,3204,3204,31.57894515991211,35,28.571430206298828,28.571430206298828,0,4.545454502105713,0,0,5.545877933502197,8589934592,2147483648,5866160128,407961600
204,1772008541806,3204,3204,3204,3204,3204,3204,3204,3204,36.3636360168457,33.333335876464844,27.272727966308594,23.809524536132813,0,0,0,0,5.203118324279785,8589934592,2147483648,5866110976,407961600
202,1772008542011,3204,3204,3204,3204,3204,3204,3204,3204,33.333335876464844,33.333335876464844,25,27.272727966308594,0,0,0,0,5.203118324279785,8589934592,2147483648,5865897984,407961600
208,1772008542214,3204,3204,3204,3204,3204,3204,3204,3204,40,31.57894515991211,30.000001907348633,31.57894515991211,4.761904716491699,0,0,0,5.203118324279785,8589934592,2147483648,5865865216,407961600
209,1772008542423,3204,3204,3204,3204,3204,3204,3204,3204,25,33.333335876464844,23.809524536132813,25,0,0,0,0,5.203118324279785,8589934592,2147483648,5865734144,407961600
200,1772008542633,3204,3204,3204,3204,3204,3204,3204,3204,33.333335876464844,38.095237731933594,33.333335876464844,27.272727966308594,0,0,0,0,5.203118324279785,8589934592,2147483648,5865734144,407961600
209,1772008542834,3204,3204,3204,3204,3204,3204,3204,3204,40,30.000001907348633,31.57894515991211,30.000001907348633,0,0,0,0,5.379758358001709,8589934592,2147483648,5865996288,407961600
207,1772008543044,3204,3204,3204,3204,3204,3204,3204,3204,38.095237731933594,38.095237731933594,31.81818199157715,30.000001907348633,17.39130401611328,13.043478012084961,9.090909004211426,4.761904716491699,5.379758358001709,8589934592,2147483648,5877186560,407961600
209,1772008543252,3204,3204,3204,3204,3204,3204,3204,3204,35,33.333335876464844,31.57894515991211,33.333335876464844,10.526315689086914,10,0,0,5.379758358001709,8589934592,2147483648,5865848832,407961600
203,1772008543462,3204,3204,3204,3204,3204,3204,3204,3204,33.333335876464844,30.000001907348633,36.3636360168457,28.571430206298828,0,0,4.545454502105713,0,5.379758358001709,8589934592,2147483648,5865799680,407961600
209,1772008543666,3204,3204,3204,3204,3204,3204,3204,3204,28.571430206298828,25,26.3157901763916,20,22.72727394104004,10,0,0,5.072185039520264,8589934592,2147483648,5865816064,407961600
209,1772008543876,3204,3204,3204,3204,3204,3204,3204,3204,25,23.809524536132813,27.272727966308594,19.047618865966797,0,0,0,0,5.072185039520264,8589934592,2147483648,5866373120,407961600
209,1772008544086,3204,3204,3204,3204,3204,3204,3204,3204,33.333335876464844,31.81818199157715,23.809524536132813,19.047618865966797,0,0,0,0,5.072185039520264,8589934592,2147483648,5866307584,407961600
204,1772008544296,3204,3204,3204,3204,3204,3204,3204,3204,28.571430206298828,33.333335876464844,28.571430206298828,33.333335876464844,0,4.545454502105713,4.545454502105713,0,5.072185039520264,8589934592,2147483648,5866340352,407961600
203,1772008544500,3204,3204,3204,3204,3204,3204,3204,3204,35,26.3157901763916,25,25,4.761904716491699,0,0,0,5.072185039520264,8589934592,2147483648,5866340352,407961600
209,1772008544704,3204,3204,3204,3204,3204,3204,3204,3204,25,33.333335876464844,30.000001907348633,28.571430206298828,0,0,0,0,5.479393005371094,8589934592,2147483648,5866340352,407961600
203,1772008544914,3204,3204,3204,3204,3204,3204,3204,3204,33.333335876464844,25,25,25,0,0,0,4.545454502105713,5.479393005371094,8589934592,2147483648,5868388352,407961600
209,1772008545118,3204,3204,3204,3204,3204,3204,3204,3204,35,33.333335876464844,31.81818199157715,28.571430206298828,4.761904716491699,5,5,0,5.479393005371094,8589934592,2147483648,5876006912,407961600
208,1772008545329,3204,3204,3204,3204,3204,3204,3204,3204,28.571430206298828,28.571430206298828,25,25,18.18181800842285,23.809524536132813,0,0,5.479393005371094,8589934592,2147483648,5866618880,407961600
206,1772008545538,3204,3204,3204,3204,3204,3204,3204,3204,30.000001907348633,23.809524536132813,23.809524536132813,19.047618865966797,0,4.545454502105713,4.761904716491699,0,5.479393005371094,8589934592,2147483648,5866635264,407961600
202,1772008545745,3204,3204,3204,3204,3204,3204,3204,3204,33.333335876464844,30.000001907348633,25,30.000001907348633,4.761904716491699,4.761904716491699,0,4.545454502105713,5.060366630554199,8589934592,2147483648,5866618880,407961600
203,1772008545947,3204,3204,3204,3204,3204,3204,3204,3204,28.571430206298828,30.000001907348633,25,20,0,0,0,4.761904716491699,5.060366630554199,8589934592,2147483648,5866602496,407961600
209,1772008546151,3204,3204,3204,3204,3204,3204,3204,3204,31.57894515991211,30.000001907348633,23.809524536132813,23.809524536132813,0,0,0,0,5.060366630554199,8589934592,2147483648,5866651648,407961600
209,1772008546361,3204,3204,3204,3204,3204,3204,3204,3204,28.571430206298828,23.809524536132813,23.809524536132813,14.285715103149414,0,0,0,0,5.060366630554199,8589934592,2147483648,5866536960,407961600
208,1772008546571,3204,3204,3204,3204,3204,3204,3204,3204,33.333335876464844,31.81818199157715,20,23.809524536132813,0,0,0,0,5.060366630554199,8589934592,2147483648,5866242048,407961600
207,1772008546780,3204,3204,3204,3204,3204,3204,3204,3204,33.333335876464844,25,25,20,0,0,0,0,5.383817195892334,8589934592,2147483648,5866127360,407961600
208,1772008546988,3204,3204,3204,3204,3204,3204,3204,3204,35,28.571430206298828,27.272727966308594,23.809524536132813,0,0,0,0,5.383817195892334,8589934592,2147483648,5866192896,407961600
200,1772008547196,3204,3204,3204,3204,3204,3204,3204,3204,31.81818199157715,25,15.000000953674316,15.000000953674316,4.761904716491699,4.545454502105713,0,0,5.383817195892334,8589934592,2147483648,5866192896,407961600
203,1772008547398,3204,3204,3204,3204,3204,3204,3204,3204,36.842105865478516,40,35,33.333335876464844,20,10.526315689086914,10,0,5.383817195892334,8589934592,2147483648,5866029056,407961600
209,1772008547602,3204,3204,3204,3204,3204,3204,3204,3204,25,25,23.809524536132813,20,5,5,4.545454502105713,4.761904716491699,5.383817195892334,8589934592,2147483648,5866127360,407961600
204,1772008547812,3204,3204,3204,3204,3204,3204,3204,3204,28.571430206298828,33.333335876464844,30.000001907348633,19.047618865966797,0,0,0,0,5.0196852684021,8589934592,2147483648,5857509376,407961600
201,1772008548017,3204,3204,3204,3204,3204,3204,3204,3204,40,35,42.85714340209961,31.57894515991211,0,0,0,0,5.0196852684021,8589934592,2147483648,5857542144,407961600
204,1772008548218,3204,3204,3204,3204,3204,3204,3204,3204,38.095237731933594,38.095237731933594,30.000001907348633,31.81818199157715,5,5,4.761904716491699,0,5.0196852684021,8589934592,2147483648,5857673216,407961600
206,1772008548423,3204,3204,3204,3204,3204,3204,3204,3204,35,31.57894515991211,28.571430206298828,25,0,0,0,0,5.0196852684021,8589934592,2147483648,5857476608,407961600
209,1772008548629,3204,3204,3204,3204,3204,3204,3204,3204,35,33.333335876464844,31.57894515991211,25,4.761904716491699,27.272727966308594,0,0,5.0196852684021,8589934592,2147483648,5857492992,407961600
206,1772008548840,3204,3204,3204,3204,3204,3204,3204,3204,33.333335876464844,30.000001907348633,28.571430206298828,23.809524536132813,4.761904716491699,0,0,0,5.330864429473877,8589934592,2147483648,5857476608,407961600
206,1772008549046,3204,3204,3204,3204,3204,3204,3204,3204,40,40.90909194946289,42.85714340209961,42.85714340209961,0,4.545454502105713,0,4.545454502105713,5.330864429473877,8589934592,2147483648,5858476032,407961600
209,1772008549254,3204,3204,3204,3204,3204,3204,3204,3204,38.095237731933594,30.000001907348633,30.000001907348633,25,4.761904716491699,0,0,0,5.330864429473877,8589934592,2147483648,5858885632,407961600
209,1772008549463,3204,3204,3204,3204,3204,3204,3204,3204,38.095237731933594,38.095237731933594,38.095237731933594,33.333335876464844,22.72727394104004,5,9.523809432983398,0,5.330864429473877,8589934592,2147483648,5869174784,407961600
203,1772008549674,3204,3204,3204,3204,3204,3204,3204,3204,33.333335876464844,33.333335876464844,31.81818199157715,38.095237731933594,10,14.285715103149414,0,0,5.5079851150512695,8589934592,2147483648,5859147776,407961600
207,1772008549877,3204,3204,3204,3204,3204,3204,3204,3204,35,26.3157901763916,21.052631378173828,23.809524536132813,0,4.761904716491699,0,0,5.5079851150512695,8589934592,2147483648,5859278848,407961600
208,1772008550085,3204,3204,3204,3204,3204,3204,3204,3204,35,33.333335876464844,33.333335876464844,25,0,0,0,0,5.5079851150512695,8589934592,2147483648,5859180544,407961600
209,1772008550295,3204,3204,3204,3204,3204,3204,3204,3204,33.333335876464844,38.095237731933594,30.000001907348633,28.571430206298828,4.761904716491699,4.761904716491699,0,0,5.5079851150512695,8589934592,2147483648,5859868672,407961600
209,1772008550505,3204,3204,3204,3204,3204,3204,3204,3204,33.333335876464844,36.3636360168457,31.81818199157715,25,0,0,0,0,5.5079851150512695,8589934592,2147483648,5859393536,407961600
203,1772008550715,3204,3204,3204,3204,3204,3204,3204,3204,33.333335876464844,35,28.571430206298828,27.272727966308594,0,0,0,0,5.66437292098999,8589934592,2147483648,5859409920,407961600
209,1772008550918,3204,3204,3204,3204,3204,3204,3204,3204,33.333335876464844,30.000001907348633,25,30.000001907348633,0,0,0,0,5.66437292098999,8589934592,2147483648,5859442688,407961600
205,1772008551129,3204,3204,3204,3204,3204,3204,3204,3204,30.000001907348633,33.333335876464844,30.000001907348633,23.809524536132813,0,0,0,4.545454502105713,5.66437292098999,8589934592,2147483648,5859442688,407961600
207,1772008551334,3204,3204,3204,3204,3204,3204,3204,3204,28.571430206298828,25,28.571430206298828,23.809524536132813,0,4.761904716491699,0,0,5.66437292098999,8589934592,2147483648,5859721216,407961600
206,1772008551542,3204,3204,3204,3204,3204,3204,3204,3204,45,40,33.333335876464844,30.000001907348633,4.545454502105713,0,0,0,5.66437292098999,8589934592,2147483648,5859295232,407961600
205,1772008551748,3204,3204,3204,3204,3204,3204,3204,3204,38.095237731933594,38.095237731933594,30.000001907348633,30.000001907348633,15.000000953674316,30.000001907348633,9.523809432983398,0,5.610727310180664,8589934592,2147483648,5859295232,407961600
200,1772008551954,3204,3204,3204,3204,3204,3204,3204,3204,30.000001907348633,28.571430206298828,33.333335876464844,23.809524536132813,4.761904716491699,0,0,0,5.610727310180664,8589934592,2147483648,5859344384,407961600
200,1772008552155,3204,3204,3204,3204,3204,3204,3204,3204,75,68.42105102539063,70,65,0,4.761904716491699,0,0,5.610727310180664,8589934592,2147483648,5864980480,407961600
201,1772008552356,3204,3204,3204,3204,3204,3204,3204,3204,55,50,36.842105865478516,50,0,0,4.761904716491699,4.761904716491699,5.610727310180664,8589934592,2147483648,5870485504,407961600
209,1772008552558,3204,3204,3204,3204,3204,3204,3204,3204,55,47.619049072265625,42.85714340209961,30.000001907348633,28.571430206298828,10,0,0,5.610727310180664,8589934592,2147483648,5874614272,407961600
208,1772008552768,3204,3204,3204,3204,3204,3204,3204,3204,38.095237731933594,38.095237731933594,42.85714340209961,33.333335876464844,0,0,0,0,5.410881996154785,8589934592,2147483648,5891194880,407961600
206,1772008552978,3204,3204,3204,3204,3204,3204,3204,3204,40,42.85714340209961,20,25,0,0,0,0,5.410881996154785,8589934592,2147483648,5912756224,407961600
207,1772008553185,3204,3204,3204,3204,3204,3204,3204,3204,57.142860412597656,55,57.142860412597656,52.38095474243164,0,0,0,0,5.410881996154785,8589934592,2147483648,5925257216,407961600
207,1772008553393,3204,3204,3204,3204,3204,3204,3204,3204,52.38095474243164,47.619049072265625,47.619049072265625,47.619049072265625,0,0,0,0,5.410881996154785,8589934592,2147483648,5929828352,407961600
202,1772008553601,3204,3204,3204,3204,3204,3204,3204,3204,35,38.095237731933594,35,28.571430206298828,9.523809432983398,4.761904716491699,0,0,5.410881996154785,8589934592,2147483648,5929877504,407961600
209,1772008553804,3204,3204,3204,3204,3204,3204,3204,3204,35,47.36842346191406,42.85714340209961,35,30.000001907348633,23.809524536132813,0,0,6.2244954109191895,8589934592,2147483648,5939642368,407961600
209,1772008554014,3204,3204,3204,3204,3204,3204,3204,3204,42.85714340209961,42.85714340209961,47.619049072265625,57.142860412597656,9.523809432983398,4.761904716491699,4.545454502105713,0,6.2244954109191895,8589934592,2147483648,5928828928,407961600
209,1772008554224,3204,3204,3204,3204,3204,3204,3204,3204,33.333335876464844,31.81818199157715,25,14.285715103149414,38.095237731933594,0,0,0,6.2244954109191895,8589934592,2147483648,5928763392,407961600
205,1772008554434,3204,3204,3204,3204,3204,3204,3204,3204,42.85714340209961,36.842105865478516,38.095237731933594,33.333335876464844,0,0,0,0,6.2244954109191895,8589934592,2147483648,5929320448,407961600
209,1772008554640,3204,3204,3204,3204,3204,3204,3204,3204,30.000001907348633,38.095237731933594,38.095237731933594,25,4.761904716491699,4.761904716491699,0,0,6.283141136169434,8589934592,2147483648,5931302912,407961600
203,1772008554850,3204,3204,3204,3204,3204,3204,3204,3204,38.095237731933594,38.095237731933594,35,36.3636360168457,40,0,0,0,6.283141136169434,8589934592,2147483648,5931417600,407961600
208,1772008555054,3204,3204,3204,3204,3204,3204,3204,3204,40,35,33.333335876464844,26.3157901763916,9.523809432983398,35,5,0,6.283141136169434,8589934592,2147483648,5948981248,407961600
203,1772008555263,3204,3204,3204,3204,3204,3204,3204,3204,38.095237731933594,38.095237731933594,33.333335876464844,35,9.523809432983398,4.761904716491699,0,0,6.283141136169434,8589934592,2147483648,5947310080,407961600
209,1772008555467,3204,3204,3204,3204,3204,3204,3204,3204,40,33.333335876464844,31.57894515991211,28.571430206298828,0,0,0,0,6.283141136169434,8589934592,2147483648,5945982976,407961600
202,1772008555677,3204,3204,3204,3204,3204,3204,3204,3204,33.333335876464844,33.333335876464844,36.3636360168457,27.272727966308594,4.761904716491699,4.761904716491699,0,0,6.130213260650635,8589934592,2147483648,5944655872,407961600
209,1772008555879,3204,3204,3204,3204,3204,3204,3204,3204,45,36.842105865478516,36.842105865478516,36.842105865478516,10,5,5,15.000000953674316,6.130213260650635,8589934592,2147483648,5952323584,407961600
209,1772008556090,3204,3204,3204,3204,3204,3204,3204,3204,38.095237731933594,40,36.3636360168457,23.809524536132813,52.38095474243164,9.523809432983398,0,4.545454502105713,6.130213260650635,8589934592,2147483648,5941903360,407961600
209,1772008556300,3204,3204,3204,3204,3204,3204,3204,3204,30.000001907348633,31.81818199157715,28.571430206298828,23.809524536132813,4.761904716491699,0,0,0,6.130213260650635,8589934592,2147483648,5942067200,407961600
206,1772008556510,3204,3204,3204,3204,3204,3204,3204,3204,36.3636360168457,30.000001907348633,30.000001907348633,28.571430206298828,0,0,0,0,6.130213260650635,8589934592,2147483648,5942198272,407961600
205,1772008556717,3204,3204,3204,3204,3204,3204,3204,3204,30.000001907348633,33.333335876464844,28.571430206298828,25,4.545454502105713,0,0,0,6.335276126861572,8589934592,2147483648,5941706752,407961600
206,1772008556923,3204,3204,3204,3204,3204,3204,3204,3204,40,30.000001907348633,35,25,0,0,0,0,6.335276126861572,8589934592,2147483648,5941968896,407961600
208,1772008557130,3204,3204,3204,3204,3204,3204,3204,3204,33.333335876464844,36.3636360168457,35,33.333335876464844,0,0,0,0,6.335276126861572,8589934592,2147483648,5942181888,407961600
209,1772008557339,3204,3204,3204,3204,3204,3204,3204,3204,42.85714340209961,35,38.095237731933594,38.095237731933594,0,4.545454502105713,0,0,6.335276126861572,8589934592,2147483648,5942247424,407961600
207,1772008557549,3204,3204,3204,3204,3204,3204,3204,3204,23.809524536132813,28.571430206298828,27.272727966308594,19.047618865966797,0,0,0,0,6.335276126861572,8589934592,2147483648,5942345728,407961600
208,1772008557756,3204,3204,3204,3204,3204,3204,3204,3204,33.333335876464844,35,26.3157901763916,25,4.761904716491699,0,0,0,5.955549716949463,8589934592,2147483648,5943672832,407961600
209,1772008557965,3204,3204,3204,3204,3204,3204,3204,3204,42.105262756347656,47.619049072265625,40.90909194946289,40.90909194946289,0,0,4.545454502105713,0,5.955549716949463,8589934592,2147483648,5944164352,407961600
208,1772008558175,3204,3204,3204,3204,3204,3204,3204,3204,42.85714340209961,40,40,30.000001907348633,20,4.761904716491699,0,4.545454502105713,5.955549716949463,8589934592,2147483648,5944246272,407961600
209,1772008558384,3204,3204,3204,3204,3204,3204,3204,3204,38.095237731933594,36.3636360168457,28.571430206298828,27.272727966308594,13.636363983154297,4.761904716491699,0,0,5.955549716949463,8589934592,2147483648,5944377344,407961600
209,1772008558594,3204,3204,3204,3204,3204,3204,3204,3204,28.571430206298828,30.000001907348633,23.809524536132813,20,0,0,0,0,5.955549716949463,8589934592,2147483648,5944721408,407961600
209,1772008558804,3204,3204,3204,3204,3204,3204,3204,3204,47.619049072265625,38.095237731933594,47.619049072265625,38.095237731933594,9.523809432983398,28.571430206298828,4.761904716491699,9.090909004211426,5.322498321533203,8589934592,2147483648,5943197696,407961600
202,1772008559014,3204,3204,3204,3204,3204,3204,3204,3204,28.571430206298828,31.81818199157715,28.571430206298828,42.85714340209961,4.545454502105713,0,0,0,5.322498321533203,8589934592,2147483648,5943197696,407961600
205,1772008559217,3204,3204,3204,3204,3204,3204,3204,3204,35,31.57894515991211,30.000001907348633,26.3157901763916,0,0,4.761904716491699,0,5.322498321533203,8589934592,2147483648,5943197696,407961600
207,1772008559423,3204,3204,3204,3204,3204,3204,3204,3204,35,33.333335876464844,30.000001907348633,33.333335876464844,4.761904716491699,0,4.761904716491699,0,5.322498321533203,8589934592,2147483648,5942493184,407961600
200,1772008559631,3204,3204,3204,3204,3204,3204,3204,3204,23.809524536132813,35,28.571430206298828,19.047618865966797,0,0,0,0,5.322498321533203,8589934592,2147483648,5942181888,407961600
206,1772008559832,3204,3204,3204,3204,3204,3204,3204,3204,40,35,30.000001907348633,35,0,4.761904716491699,0,0,5.6693315505981445,8589934592,2147483648,5942181888,407961600
207,1772008560039,3204,3204,3204,3204,3204,3204,3204,3204,38.095237731933594,35,35,30.000001907348633,0,0,0,0,5.6693315505981445,8589934592,2147483648,5942181888,407961600
202,1772008560246,3204,3204,3204,3204,3204,3204,3204,3204,40,42.85714340209961,42.85714340209961,33.333335876464844,5,9.090909004211426,0,4.761904716491699,5.6693315505981445,8589934592,2147483648,5942181888,407961600
206,1772008560450,3204,3204,3204,3204,3204,3204,3204,3204,45,40,45,35,23.809524536132813,5.263157844543457,0,0,5.6693315505981445,8589934592,2147483648,5953175552,407961600
208,1772008560657,3204,3204,3204,3204,3204,3204,3204,3204,42.85714340209961,40,38.095237731933594,33.333335876464844,0,0,4.761904716491699,0,5.478263854980469,8589934592,2147483648,5952700416,407961600
200,1772008560866,3204,3204,3204,3204,3204,3204,3204,3204,42.85714340209961,42.85714340209961,36.3636360168457,33.333335876464844,0,4.761904716491699,0,4.761904716491699,5.478263854980469,8589934592,2147483648,5952815104,407961600
199,1772008561067,3204,3204,3204,3204,3204,3204,3204,3204,40,45,38.88888931274414,36.842105865478516,0,0,0,0,5.478263854980469,8589934592,2147483648,5952880640,407961600
209,1772008561267,3204,3204,3204,3204,3204,3204,3204,3204,42.105262756347656,40,38.095237731933594,38.095237731933594,0,0,0,0,5.478263854980469,8589934592,2147483648,5950701568,407961600
205,1772008561477,3204,3204,3204,3204,3204,3204,3204,3204,33.333335876464844,40.90909194946289,33.333335876464844,33.333335876464844,9.090909004211426,4.761904716491699,4.761904716491699,0,5.478263854980469,8589934592,2147483648,5951193088,407961600
202,1772008561683,3204,3204,3204,3204,3204,3204,3204,3204,33.333335876464844,30.000001907348633,35,30.000001907348633,4.761904716491699,4.761904716491699,0,0,5.5794501304626465,8589934592,2147483648,5952356352,407961600
201,1772008561886,3204,3204,3204,3204,3204,3204,3204,3204,35,35,30.000001907348633,30.000001907348633,0,0,0,0,5.5794501304626465,8589934592,2147483648,5950586880,407961600
209,1772008562088,3204,3204,3204,3204,3204,3204,3204,3204,36.842105865478516,31.57894515991211,33.333335876464844,30.000001907348633,5,5,0,0,5.5794501304626465,8589934592,2147483648,5950341120,407961600
206,1772008562298,3204,3204,3204,3204,3204,3204,3204,3204,33.333335876464844,36.3636360168457,30.000001907348633,28.571430206298828,9.523809432983398,5,0,0,5.5794501304626465,8589934592,2147483648,5960613888,407961600
208,1772008562504,3204,3204,3204,3204,3204,3204,3204,3204,30.000001907348633,30.000001907348633,30.000001907348633,25,20,15.000000953674316,0,4.545454502105713,5.5794501304626465,8589934592,2147483648,5950242816,407961600
207,1772008562713,3204,3204,3204,3204,3204,3204,3204,3204,33.333335876464844,38.095237731933594,28.571430206298828,28.571430206298828,0,4.545454502105713,0,0,5.312049865722656,8589934592,2147483648,5951029248,407961600
209,1772008562921,3204,3204,3204,3204,3204,3204,3204,3204,33.333335876464844,28.571430206298828,23.809524536132813,23.809524536132813,0,0,0,0,5.312049865722656,8589934592,2147483648,5951062016,407961600
206,1772008563131,3204,3204,3204,3204,3204,3204,3204,3204,38.095237731933594,35,30.000001907348633,33.333335876464844,4.761904716491699,4.761904716491699,4.545454502105713,0,5.312049865722656,8589934592,2147483648,5947981824,407961600
205,1772008563338,3204,3204,3204,3204,3204,3204,3204,3204,30.000001907348633,33.333335876464844,33.333335876464844,20,0,0,0,0,5.312049865722656,8589934592,2147483648,5949308928,407961600
205,1772008563544,3204,3204,3204,3204,3204,3204,3204,3204,35,28.571430206298828,25,28.571430206298828,0,0,4.761904716491699,0,5.312049865722656,8589934592,2147483648,5948784640,407961600
209,1772008563749,3204,3204,3204,3204,3204,3204,3204,3204,28.571430206298828,35,27.272727966308594,28.571430206298828,28.571430206298828,5,0,0,5.724984645843506,8589934592,2147483648,5949833216,407961600
207,1772008563959,3204,3204,3204,3204,3204,3204,3204,3204,33.333335876464844,28.571430206298828,25,25,0,0,0,0,5.724984645843506,8589934592,2147483648,5949816832,407961600
208,1772008564167,3204,3204,3204,3204,3204,3204,3204,3204,40,40,30.000001907348633,30.000001907348633,4.761904716491699,0,0,0,5.724984645843506,8589934592,2147483648,5949865984,407961600
209,1772008564376,3204,3204,3204,3204,3204,3204,3204,3204,33.333335876464844,33.333335876464844,33.333335876464844,23.809524536132813,0,0,0,0,5.724984645843506,8589934592,2147483648,5949669376,407961600
209,1772008564586,3204,3204,3204,3204,3204,3204,3204,3204,33.333335876464844,28.571430206298828,33.333335876464844,28.571430206298828,35,22.72727394104004,4.761904716491699,4.545454502105713,5.724984645843506,8589934592,2147483648,5949620224,407961600
209,1772008564796,3204,3204,3204,3204,3204,3204,3204,3204,30.000001907348633,33.333335876464844,25,23.809524536132813,4.545454502105713,0,0,0,5.593128204345703,8589934592,2147483648,5951193088,407961600
209,1772008565006,3204,3204,3204,3204,3204,3204,3204,3204,33.333335876464844,33.333335876464844,31.81818199157715,28.571430206298828,0,0,0,0,5.593128204345703,8589934592,2147483648,5950898176,407961600
209,1772008565216,3204,3204,3204,3204,3204,3204,3204,3204,38.095237731933594,30.000001907348633,30.000001907348633,28.571430206298828,0,4.761904716491699,0,0,5.593128204345703,8589934592,2147483648,5951258624,407961600
207,1772008565426,3204,3204,3204,3204,3204,3204,3204,3204,38.095237731933594,38.095237731933594,36.3636360168457,33.333335876464844,4.761904716491699,0,0,0,5.593128204345703,8589934592,2147483648,5951258624,407961600
202,1772008565634,3204,3204,3204,3204,3204,3204,3204,3204,38.095237731933594,35,30.000001907348633,25,0,4.761904716491699,4.545454502105713,0,5.593128204345703,8589934592,2147483648,5951406080,407961600
204,1772008565837,3204,3204,3204,3204,3204,3204,3204,3204,30.000001907348633,30.000001907348633,30.000001907348633,23.809524536132813,5,0,0,0,5.596113681793213,8589934592,2147483648,5951193088,407961600
205,1772008566042,3204,3204,3204,3204,3204,3204,3204,3204,35,38.095237731933594,33.333335876464844,30.000001907348633,0,0,0,4.545454502105713,5.596113681793213,8589934592,2147483648,5951209472,407961600
207,1772008566248,3204,3204,3204,3204,3204,3204,3204,3204,38.095237731933594,30.000001907348633,25,25,0,0,0,0,5.596113681793213,8589934592,2147483648,5950341120,407961600
209,1772008566456,3204,3204,3204,3204,3204,3204,3204,3204,33.333335876464844,28.571430206298828,30.000001907348633,28.571430206298828,4.761904716491699,4.761904716491699,4.545454502105713,0,5.596113681793213,8589934592,2147483648,5949980672,407961600
208,1772008566666,3204,3204,3204,3204,3204,3204,3204,3204,35,40.90909194946289,36.3636360168457,36.3636360168457,23.809524536132813,9.523809432983398,0,0,5.510777473449707,8589934592,2147483648,5958533120,407961600
208,1772008566875,3204,3204,3204,3204,3204,3204,3204,3204,33.333335876464844,31.57894515991211,30.000001907348633,25,10,14.285715103149414,0,4.545454502105713,5.510777473449707,8589934592,2147483648,5949980672,407961600
207,1772008567083,3204,3204,3204,3204,3204,3204,3204,3204,50,47.619049072265625,47.619049072265625,42.85714340209961,4.545454502105713,0,0,0,5.510777473449707,8589934592,2147483648,5950930944,407961600
207,1772008567291,3204,3204,3204,3204,3204,3204,3204,3204,33.333335876464844,38.095237731933594,30.000001907348633,35,0,0,0,0,5.510777473449707,8589934592,2147483648,5950996480,407961600
200,1772008567499,3204,3204,3204,3204,3204,3204,3204,3204,30.000001907348633,25,20,23.809524536132813,0,0,0,0,5.510777473449707,8589934592,2147483648,5950980096,407961600
206,1772008567700,3204,3204,3204,3204,3204,3204,3204,3204,45,47.619049072265625,38.095237731933594,35,0,0,0,0,5.390681743621826,8589934592,2147483648,5952258048,407961600
205,1772008567907,3204,3204,3204,3204,3204,3204,3204,3204,38.095237731933594,45,45,52.38095474243164,4.545454502105713,4.545454502105713,0,0,5.390681743621826,8589934592,2147483648,5957533696,407961600
202,1772008568112,3204,3204,3204,3204,3204,3204,3204,3204,40,33.333335876464844,47.619049072265625,50,0,0,0,0,5.390681743621826,8589934592,2147483648,5957484544,407961600
209,1772008568315,3204,3204,3204,3204,3204,3204,3204,3204,33.333335876464844,30.000001907348633,33.333335876464844,28.571430206298828,4.761904716491699,0,4.761904716491699,0,5.390681743621826,8589934592,2147483648,5957369856,407961600
202,1772008568525,3204,3204,3204,3204,3204,3204,3204,3204,33.333335876464844,33.333335876464844,25,20,0,0,0,0,5.390681743621826,8589934592,2147483648,5957369856,407961600
209,1772008568728,3204,3204,3204,3204,3204,3204,3204,3204,50,40,55,42.105262756347656,10.526315689086914,10,19.047618865966797,0,5.568795204162598,8589934592,2147483648,5966495744,407961600
203,1772008568938,3204,3204,3204,3204,3204,3204,3204,3204,28.571430206298828,28.571430206298828,31.81818199157715,31.81818199157715,27.272727966308594,14.285715103149414,0,4.545454502105713,5.568795204162598,8589934592,2147483648,5957337088,407961600
208,1772008569142,3204,3204,3204,3204,3204,3204,3204,3204,31.57894515991211,26.3157901763916,20,20,0,0,0,0,5.568795204162598,8589934592,2147483648,5957287936,407961600
209,1772008569351,3204,3204,3204,3204,3204,3204,3204,3204,33.333335876464844,33.333335876464844,25,19.047618865966797,0,0,0,0,5.568795204162598,8589934592,2147483648,5957369856,407961600
203,1772008569561,3204,3204,3204,3204,3204,3204,3204,3204,33.333335876464844,28.571430206298828,28.571430206298828,25,4.761904716491699,4.761904716491699,4.761904716491699,4.761904716491699,5.568795204162598,8589934592,2147483648,5956714496,407961600
203,1772008569765,3204,3204,3204,3204,3204,3204,3204,3204,30.000001907348633,33.333335876464844,23.809524536132813,23.809524536132813,0,0,0,0,5.756001949310303,8589934592,2147483648,5957107712,407961600
204,1772008569969,3204,3204,3204,3204,3204,3204,3204,3204,33.333335876464844,25,25,25,0,0,0,0,5.756001949310303,8589934592,2147483648,5959319552,407961600
209,1772008570175,3204,3204,3204,3204,3204,3204,3204,3204,40,35,30.000001907348633,30.000001907348633,0,4.761904716491699,0,0,5.756001949310303,8589934592,2147483648,5959319552,407961600
202,1772008570384,3204,3204,3204,3204,3204,3204,3204,3204,33.333335876464844,28.571430206298828,28.571430206298828,31.81818199157715,0,0,0,0,5.756001949310303,8589934592,2147483648,5959122944,407961600
206,1772008570588,3204,3204,3204,3204,3204,3204,3204,3204,31.57894515991211,35,30.000001907348633,25,5,0,0,0,5.756001949310303,8589934592,2147483648,5959335936,407961600
204,1772008570795,3204,3204,3204,3204,3204,3204,3204,3204,36.3636360168457,33.333335876464844,33.333335876464844,25,0,0,4.545454502105713,4.761904716491699,5.402964115142822,8589934592,2147483648,5959352320,407961600
199,1772008571000,3204,3204,3204,3204,3204,3204,3204,3204,36.842105865478516,35,28.571430206298828,33.333335876464844,35,19.047618865966797,9.523809432983398,0,5.402964115142822,8589934592,2147483648,5958107136,407961600
209,1772008571201,3204,3204,3204,3204,3204,3204,3204,3204,33.333335876464844,30.000001907348633,26.3157901763916,25,4.761904716491699,5.263157844543457,0,4.761904716491699,5.402964115142822,8589934592,2147483648,5958189056,407961600
6,1772008571411,3204,3204,3204,3204,3204,3204,3204,3204,30.000001907348633,33.333335876464844,30.000001907348633,25,0,4.545454502105713,0,0,5.402964115142822,8589934592,2147483648,5958860800,407961600
