Delta,Time,CPU_FREQUENCY_0,CPU_FREQUENCY_1,CPU_FREQUENCY_2,CPU_FREQUENCY_3,CPU_FREQUENCY_4,CPU_FREQUENCY_5,CPU_FREQUENCY_6,CPU_FREQUENCY_7,CPU_USAGE_0,CPU_USAGE_1,CPU_USAGE_2,CPU_USAGE_3,CPU_USAGE_4,CPU_USAGE_5,CPU_USAGE_6,CPU_USAGE_7,SYSTEM_POWER (Watts),TOTAL_MEMORY,TOTAL_SWAP,USED_MEMORY,USED_SWAP
0,1772016271416,3204,3204,3204,3204,3204,3204,3204,3204,NaN,NaN,100,0,0,0,0,NaN,5.599187850952148,8589934592,2147483648,5932122112,366018560
209,1772016271416,3204,3204,3204,3204,3204,3204,3204,3204,0,0,0,0,NaN,0,0,0,5.599187850952148,8589934592,2147483648,5932122112,366018560
209,1772016271626,3204,3204,3204,3204,3204,3204,3204,3204,40.90909194946289,30.000001907348633,33.333335876464844,25,9.523809432983398,25,0,4.545454502105713,5.599187850952148,8589934592,2147483648,5932122112,366018560
205,1772016271836,3204,3204,3204,3204,3204,3204,3204,3204,35,33.333335876464844,33.333335876464844,28.571430206298828,0,0,0,0,5.599187850952148,8589934592,2147483648,5932122112,366018560
207,1772016272042,3204,3204,3204,3204,3204,3204,3204,3204,65,57.142860412597656,50,52.38095474243164,20,23.809524536132813,9.523809432983398,9.523809432983398,5.599187850952148,8589934592,2147483648,5959614464,366018560
204,1772016272251,3204,3204,3204,3204,3204,3204,3204,3204,76.19047546386719,71.42857360839844,70,71.42857360839844,28.571430206298828,20,9.523809432983398,5,5.599187850952148,8589934592,2147483648,6007832576,366018560
204,1772016272456,3204,3204,3204,3204,3204,3204,3204,3204,61.904762268066406,63.15789031982422,50,55,23.809524536132813,33.333335876464844,10,5,5.353733062744141,8589934592,2147483648,6016516096,366018560
202,1772016272661,3204,3204,3204,3204,3204,3204,3204,3204,60.000003814697266,52.38095474243164,42.105262756347656,35,0,0,0,0,5.353733062744141,8589934592,2147483648,6030213120,366018560
205,1772016272863,3204,3204,3204,3204,3204,3204,3204,3204,31.57894515991211,25,25,25,0,0,0,0,5.353733062744141,8589934592,2147483648,6048972800,366018560
207,1772016273070,3204,3204,3204,3204,3204,3204,3204,3204,72.7272720336914,76.19047546386719,76.19047546386719,71.42857360839844,5,5,0,0,5.353733062744141,8589934592,2147483648,6089883648,366018560
209,1772016273277,3204,3204,3204,3204,3204,3204,3204,3204,40,35,33.333335876464844,23.809524536132813,0,0,0,0,5.353733062744141,8589934592,2147483648,6102499328,366018560
206,1772016273487,3204,3204,3204,3204,3204,3204,3204,3204,47.619049072265625,47.619049072265625,47.619049072265625,47.619049072265625,4.545454502105713,4.761904716491699,4.761904716491699,0,7.204830646514893,8589934592,2147483648,6097125376,366018560
208,1772016273694,3204,3204,3204,3204,3204,3204,3204,3204,50,42.85714340209961,38.095237731933594,47.619049072265625,0,0,0,0,7.204830646514893,8589934592,2147483648,6095339520,366018560
207,1772016273903,3204,3204,3204,3204,3204,3204,3204,3204,45,40,36.842105865478516,30.000001907348633,9.523809432983398,4.761904716491699,0,0,7.204830646514893,8589934592,2147483648,6114131968,366018560
208,1772016274111,3204,3204,3204,3204,3204,3204,3204,3204,57.142860412597656,55,50,45,4.761904716491699,0,4.545454502105713,4.545454502105713,7.204830646514893,8589934592,2147483648,6124486656,366018560
209,1772016274320,3204,3204,3204,3204,3204,3204,3204,3204,90.47618865966797,86.36363983154297,90.47618865966797,85.71428680419922,33.333335876464844,9.523809432983398,19.047618865966797,4.761904716491699,6.791872501373291,8589934592,2147483648,6148702208,366018560
200,1772016274530,3204,3204,3204,3204,3204,3204,3204,3204,85.71428680419922,71.42857360839844,68.42105102539063,71.42857360839844,0,4.761904716491699,4.761904716491699,4.761904716491699,6.791872501373291,8589934592,2147483648,6133907456,366018560
201,1772016274731,3204,3204,3204,3204,3204,3204,3204,3204,76.19047546386719,63.15789031982422,77.2727279663086,75,4.761904716491699,0,0,0,6.791872501373291,8589934592,2147483648,6135627776,366018560
206,1772016274932,3204,3204,3204,3204,3204,3204,3204,3204,52.6315803527832,65,68.42105102539063,55,0,0,0,0,6.791872501373291,8589934592,2147483648,6140887040,366018560
209,1772016275139,3204,3204,3204,3204,3204,3204,3204,3204,65,47.619049072265625,63.6363639831543,40,35,4.761904716491699,0,0,6.791872501373291,8589934592,2147483648,6141542400,366018560
209,1772016275349,3204,3204,3204,3204,3204,3204,3204,3204,54.54545593261719,40.90909194946289,60.000003814697266,54.54545593261719,4.545454502105713,0,0,0,6.819989204406738,8589934592,2147483648,6141394944,366018560
208,1772016275559,3204,3204,3204,3204,3204,3204,3204,3204,66.66667175292969,70,71.42857360839844,72.7272720336914,0,0,0,0,6.819989204406738,8589934592,2147483648,6141198336,366018560
200,1772016275767,3204,3204,3204,3204,3204,3204,3204,3204,55,50,50,70,42.85714340209961,38.095237731933594,0,4.761904716491699,6.819989204406738,8589934592,2147483648,6127206400,366018560
205,1772016275967,3204,3204,3204,3204,3204,3204,3204,3204,47.619049072265625,42.85714340209961,42.85714340209961,60.000003814697266,10,25,0,0,6.819989204406738,8589934592,2147483648,6079905792,366018560
207,1772016276173,3204,3204,3204,3204,3204,3204,3204,3204,47.36842346191406,55,50,40,5,5,0,0,6.819989204406738,8589934592,2147483648,6080692224,366018560
207,1772016276380,3204,3204,3204,3204,3204,3204,3204,3204,66.66667175292969,66.66667175292969,66.66667175292969,70,4.761904716491699,4.761904716491699,4.761904716491699,4.761904716491699,6.715275764465332,8589934592,2147483648,6072565760,366018560
201,1772016276588,3204,3204,3204,3204,3204,3204,3204,3204,47.619049072265625,50,55,47.619049072265625,14.285715103149414,25,0,0,6.715275764465332,8589934592,2147483648,6038208512,366018560
200,1772016276790,3204,3204,3204,3204,3204,3204,3204,3204,60.000003814697266,47.619049072265625,55,50,0,4.761904716491699,0,0,6.715275764465332,8589934592,2147483648,6037962752,366018560
209,1772016276991,3204,3204,3204,3204,3204,3204,3204,3204,47.619049072265625,50,61.904762268066406,52.38095474243164,4.761904716491699,0,0,0,6.715275764465332,8589934592,2147483648,6041812992,366018560
203,1772016277200,3204,3204,3204,3204,3204,3204,3204,3204,70,60.000003814697266,60.000003814697266,47.619049072265625,0,0,0,0,6.715275764465332,8589934592,2147483648,6043680768,366018560
209,1772016277404,3204,3204,3204,3204,3204,3204,3204,3204,60.000003814697266,52.38095474243164,57.142860412597656,42.105262756347656,4.761904716491699,4.761904716491699,4.761904716491699,4.761904716491699,7.131053924560547,8589934592,2147483648,6044909568,366018560
209,1772016277614,3204,3204,3204,3204,3204,3204,3204,3204,50,50,66.66667175292969,47.619049072265625,0,0,0,0,7.131053924560547,8589934592,2147483648,6050660352,366018560
209,1772016277824,3204,3204,3204,3204,3204,3204,3204,3204,65,63.6363639831543,65,59.09090805053711,4.761904716491699,4.545454502105713,0,0,7.131053924560547,8589934592,2147483648,6054576128,366018560
209,1772016278034,3204,3204,3204,3204,3204,3204,3204,3204,66.66667175292969,71.42857360839844,72.7272720336914,66.66667175292969,52.38095474243164,4.761904716491699,9.090909004211426,0,7.131053924560547,8589934592,2147483648,6056181760,366018560
209,1772016278244,3204,3204,3204,3204,3204,3204,3204,3204,57.142860412597656,65,50,50,0,4.545454502105713,0,0,7.131053924560547,8589934592,2147483648,6049431552,366018560
207,1772016278454,3204,3204,3204,3204,3204,3204,3204,3204,47.619049072265625,42.85714340209961,47.619049072265625,50,0,0,0,0,6.494456768035889,8589934592,2147483648,6053347328,366018560
207,1772016278662,3204,3204,3204,3204,3204,3204,3204,3204,55,38.095237731933594,47.619049072265625,55,13.636363983154297,4.761904716491699,4.761904716491699,0,6.494456768035889,8589934592,2147483648,6050529280,366018560
207,1772016278870,3204,3204,3204,3204,3204,3204,3204,3204,52.38095474243164,38.095237731933594,50,47.619049072265625,0,0,0,0,6.494456768035889,8589934592,2147483648,6038290432,366018560
201,1772016279078,3204,3204,3204,3204,3204,3204,3204,3204,71.42857360839844,55,50,50,0,0,0,0,6.494456768035889,8589934592,2147483648,6039732224,366018560
207,1772016279280,3204,3204,3204,3204,3204,3204,3204,3204,47.36842346191406,50,50,42.85714340209961,0,0,0,0,6.494456768035889,8589934592,2147483648,6043238400,366018560
201,1772016279488,3204,3204,3204,3204,3204,3204,3204,3204,50,50,50,50,4.761904716491699,9.090909004211426,0,4.761904716491699,7.036233425140381,8589934592,2147483648,6045794304,366018560
205,1772016279691,3204,3204,3204,3204,3204,3204,3204,3204,65,57.142860412597656,65,66.66667175292969,0,0,0,0,7.036233425140381,8589934592,2147483648,6045794304,366018560
200,1772016279897,3204,3204,3204,3204,3204,3204,3204,3204,55,38.095237731933594,47.619049072265625,66.66667175292969,0,0,0,0,7.036233425140381,8589934592,2147483648,6045794304,366018560
205,1772016280098,3204,3204,3204,3204,3204,3204,3204,3204,57.142860412597656,65,68.42105102539063,68.42105102539063,0,0,0,0,7.036233425140381,8589934592,2147483648,6045794304,366018560
209,1772016280303,3204,3204,3204,3204,3204,3204,3204,3204,45,66.66667175292969,57.142860412597656,75,0,0,0,0,6.015505313873291,8589934592,2147483648,6031671296,366018560
205,1772016280513,3204,3204,3204,3204,3204,3204,3204,3204,71.42857360839844,52.38095474243164,71.42857360839844,77.2727279663086,4.761904716491699,4.761904716491699,4.545454502105713,4.761904716491699,6.015505313873291,8589934592,2147483648,6032539648,366018560
209,1772016280718,3204,3204,3204,3204,3204,3204,3204,3204,50,65,57.142860412597656,42.105262756347656,9.090909004211426,0,0,0,6.015505313873291,8589934592,2147483648,6041305088,366018560
205,1772016280928,3204,3204,3204,3204,3204,3204,3204,3204,47.619049072265625,66.66667175292969,40,65.21739196777344,5,9.090909004211426,0,0,6.015505313873291,8589934592,2147483648,6041305088,366018560
208,1772016281134,3204,3204,3204,3204,3204,3204,3204,3204,57.142860412597656,47.619049072265625,52.38095474243164,45,76.19047546386719,4.761904716491699,4.545454502105713,0,6.015505313873291,8589934592,2147483648,6041305088,366018560
207,1772016281343,3204,3204,3204,3204,3204,3204,3204,3204,35,40,42.85714340209961,55,80.95238494873047,0,0,0,6.2907023429870605,8589934592,2147483648,6027575296,366018560
209,1772016281550,3204,3204,3204,3204,3204,3204,3204,3204,45,50,42.85714340209961,47.619049072265625,21.052631378173828,10,5,9.523809432983398,6.2907023429870605,8589934592,2147483648,6024511488,366018560
203,1772016281760,3204,3204,3204,3204,3204,3204,3204,3204,40.90909194946289,42.85714340209961,35,57.142860412597656,81.81818389892578,45.45454788208008,4.761904716491699,9.090909004211426,6.2907023429870605,8589934592,2147483648,6012502016,366018560
204,1772016281964,3204,3204,3204,3204,3204,3204,3204,3204,50,50,42.85714340209961,50,80,0,0,0,6.2907023429870605,8589934592,2147483648,6016876544,366018560
209,1772016282169,3204,3204,3204,3204,3204,3204,3204,3204,40,31.81818199157715,50,45,33.333335876464844,5,0,0,6.2907023429870605,8589934592,2147483648,6017957888,366018560
202,1772016282379,3204,3204,3204,3204,3204,3204,3204,3204,47.619049072265625,35,33.333335876464844,54.54545593261719,76.19047546386719,0,0,0,7.574396133422852,8589934592,2147483648,6020104192,366018560
206,1772016282582,3204,3204,3204,3204,3204,3204,3204,3204,45,50,50,30.000001907348633,66.66667175292969,5,4.545454502105713,0,7.574396133422852,8589934592,2147483648,6017155072,366018560
201,1772016282789,3204,3204,3204,3204,3204,3204,3204,3204,42.85714340209961,42.85714340209961,57.142860412597656,55,25,5,0,0,7.574396133422852,8589934592,2147483648,6018170880,366018560
207,1772016282991,3204,3204,3204,3204,3204,3204,3204,3204,52.38095474243164,40,57.894737243652344,40,30.000001907348633,25,0,4.761904716491699,7.574396133422852,8589934592,2147483648,6006341632,366018560
200,1772016283198,3204,3204,3204,3204,3204,3204,3204,3204,36.842105865478516,50,50,50,50,4.761904716491699,14.285715103149414,0,7.574396133422852,8589934592,2147483648,6007422976,366018560
200,1772016283399,3204,3204,3204,3204,3204,3204,3204,3204,38.095237731933594,70,45,42.105262756347656,20,4.761904716491699,0,0,9.78823471069336,8589934592,2147483648,6004326400,366018560
200,1772016283600,3204,3204,3204,3204,3204,3204,3204,3204,36.842105865478516,40,50,40,71.42857360839844,5,0,0,9.78823471069336,8589934592,2147483648,6006718464,366018560
209,1772016283800,3204,3204,3204,3204,3204,3204,3204,3204,35,55,31.57894515991211,42.85714340209961,70,0,0,0,9.78823471069336,8589934592,2147483648,6007996416,366018560
202,1772016284010,3204,3204,3204,3204,3204,3204,3204,3204,40.90909194946289,40.90909194946289,59.09090805053711,38.095237731933594,19.047618865966797,0,0,0,9.78823471069336,8589934592,2147483648,6008078336,366018560
207,1772016284213,3204,3204,3204,3204,3204,3204,3204,3204,50,42.105262756347656,26.3157901763916,55,57.894737243652344,5,0,0,9.78823471069336,8589934592,2147483648,6009995264,366018560
206,1772016284420,3204,3204,3204,3204,3204,3204,3204,3204,47.619049072265625,38.095237731933594,61.904762268066406,26.3157901763916,61.904762268066406,14.285715103149414,0,4.545454502105713,9.65489387512207,8589934592,2147483648,6000443392,366018560
206,1772016284627,3204,3204,3204,3204,3204,3204,3204,3204,45,30.000001907348633,47.619049072265625,42.85714340209961,28.571430206298828,0,0,0,9.65489387512207,8589934592,2147483648,5999837184,366018560
202,1772016284835,3204,3204,3204,3204,3204,3204,3204,3204,57.142860412597656,52.38095474243164,35,50,57.142860412597656,4.545454502105713,4.545454502105713,0,9.65489387512207,8589934592,2147483648,6001704960,366018560
209,1772016285038,3204,3204,3204,3204,3204,3204,3204,3204,50,45,47.619049072265625,42.105262756347656,60.000003814697266,10,0,0,9.65489387512207,8589934592,2147483648,5991546880,366018560
207,1772016285247,3204,3204,3204,3204,3204,3204,3204,3204,35,40.90909194946289,38.095237731933594,33.333335876464844,80,0,0,0,9.65489387512207,8589934592,2147483648,5986091008,366018560
201,1772016285456,3204,3204,3204,3204,3204,3204,3204,3204,33.333335876464844,30.000001907348633,25,23.809524536132813,36.3636360168457,0,4.761904716491699,0,9.146977424621582,8589934592,2147483648,5986467840,366018560
203,1772016285657,3204,3204,3204,3204,3204,3204,3204,3204,35,31.57894515991211,30.000001907348633,25,65,4.761904716491699,0,0,9.146977424621582,8589934592,2147483648,5987680256,366018560
208,1772016285861,3204,3204,3204,3204,3204,3204,3204,3204,35,35,30.000001907348633,30.000001907348633,55,15.000000953674316,0,0,9.146977424621582,8589934592,2147483648,5986516992,366018560
201,1772016286070,3204,3204,3204,3204,3204,3204,3204,3204,30.000001907348633,33.333335876464844,33.333335876464844,28.571430206298828,25,5,5,4.761904716491699,9.146977424621582,8589934592,2147483648,5986009088,366018560
201,1772016286272,3204,3204,3204,3204,3204,3204,3204,3204,57.142860412597656,52.38095474243164,45,45,66.66667175292969,14.285715103149414,0,0,9.146977424621582,8589934592,2147483648,5988024320,366018560
209,1772016286474,3204,3204,3204,3204,3204,3204,3204,3204,35,35,31.57894515991211,30.000001907348633,50,4.761904716491699,0,0,9.495351791381836,8589934592,2147483648,5988237312,366018560
209,1772016286684,3204,3204,3204,3204,3204,3204,3204,3204,30.000001907348633,30.000001907348633,23.809524536132813,20,33.333335876464844,20,0,0,9.495351791381836,8589934592,2147483648,5989007360,366018560
202,1772016286894,3204,3204,3204,3204,3204,3204,3204,3204,30.000001907348633,28.571430206298828,23.809524536132813,28.571430206298828,60.000003814697266,0,0,0,9.495351791381836,8589934592,2147483648,5989859328,366018560
209,1772016287097,3204,3204,3204,3204,3204,3204,3204,3204,40.90909194946289,30.000001907348633,35,33.333335876464844,70,0,4.761904716491699,0,9.495351791381836,8589934592,2147483648,5990694912,366018560
207,1772016287307,3204,3204,3204,3204,3204,3204,3204,3204,35,33.333335876464844,31.81818199157715,20,47.619049072265625,4.761904716491699,0,4.761904716491699,8.230376243591309,8589934592,2147483648,5976309760,366018560
199,1772016287515,3204,3204,3204,3204,3204,3204,3204,3204,35,33.333335876464844,28.571430206298828,23.809524536132813,57.142860412597656,4.761904716491699,0,0,8.230376243591309,8589934592,2147483648,5978816512,366018560
205,1772016287715,3204,3204,3204,3204,3204,3204,3204,3204,35,26.3157901763916,21.052631378173828,30.000001907348633,45,4.761904716491699,0,0,8.230376243591309,8589934592,2147483648,5978914816,366018560
208,1772016287920,3204,3204,3204,3204,3204,3204,3204,3204,30.000001907348633,35,33.333335876464844,30.000001907348633,35,0,0,0,8.230376243591309,8589934592,2147483648,5979193344,366018560
200,1772016288129,3204,3204,3204,3204,3204,3204,3204,3204,40.90909194946289,38.095237731933594,26.3157901763916,27.272727966308594,63.6363639831543,5,0,0,8.230376243591309,8589934592,2147483648,5981913088,366018560
208,1772016288330,3204,3204,3204,3204,3204,3204,3204,3204,33.333335876464844,30.000001907348633,33.333335876464844,21.052631378173828,52.6315803527832,0,0,0,8.761255264282227,8589934592,2147483648,5984190464,366018560
208,1772016288539,3204,3204,3204,3204,3204,3204,3204,3204,36.3636360168457,33.333335876464844,23.809524536132813,25,23.809524536132813,4.761904716491699,22.72727394104004,4.761904716491699,8.761255264282227,8589934592,2147483648,5984337920,366018560
200,1772016288748,3204,3204,3204,3204,3204,3204,3204,3204,20,23.809524536132813,20,22.72727394104004,66.66667175292969,0,0,18.18181800842285,8.761255264282227,8589934592,2147483648,5985370112,366018560
200,1772016288949,3204,3204,3204,3204,3204,3204,3204,3204,35,26.3157901763916,30.000001907348633,30.000001907348633,80,4.761904716491699,0,0,8.761255264282227,8589934592,2147483648,5986140160,366018560
208,1772016289150,3204,3204,3204,3204,3204,3204,3204,3204,30.000001907348633,30.000001907348633,25,25,70,0,0,0,8.761255264282227,8589934592,2147483648,5984305152,366018560
202,1772016289359,3204,3204,3204,3204,3204,3204,3204,3204,52.38095474243164,52.38095474243164,52.38095474243164,45,47.619049072265625,9.523809432983398,4.761904716491699,0,8.81302547454834,8589934592,2147483648,5960220672,366018560
207,1772016289562,3204,3204,3204,3204,3204,3204,3204,3204,76.19047546386719,85,70,76.19047546386719,30.000001907348633,0,0,0,8.81302547454834,8589934592,2147483648,5969444864,366018560
205,1772016289771,3204,3204,3204,3204,3204,3204,3204,3204,75,71.42857360839844,71.42857360839844,80.95238494873047,52.38095474243164,0,0,4.545454502105713,8.81302547454834,8589934592,2147483648,5951635456,366018560
199,1772016289977,3204,3204,3204,3204,3204,3204,3204,3204,42.85714340209961,45,45,40,61.904762268066406,4.761904716491699,0,0,8.81302547454834,8589934592,2147483648,5952978944,366018560
208,1772016290177,3204,3204,3204,3204,3204,3204,3204,3204,47.36842346191406,47.619049072265625,47.619049072265625,42.105262756347656,68.42105102539063,0,4.761904716491699,0,8.81302547454834,8589934592,2147483648,5952978944,366018560
209,1772016290386,3204,3204,3204,3204,3204,3204,3204,3204,47.619049072265625,45,45,47.619049072265625,85.71428680419922,0,0,0,9.229206085205078,8589934592,2147483648,5952978944,366018560
205,1772016290597,3204,3204,3204,3204,3204,3204,3204,3204,52.38095474243164,50,47.619049072265625,63.6363639831543,71.42857360839844,4.761904716491699,0,0,9.229206085205078,8589934592,2147483648,5944197120,366018560
201,1772016290803,3204,3204,3204,3204,3204,3204,3204,3204,50,42.85714340209961,45,42.85714340209961,61.904762268066406,0,0,0,9.229206085205078,8589934592,2147483648,5947981824,366018560
205,1772016291006,3204,3204,3204,3204,3204,3204,3204,3204,52.38095474243164,52.38095474243164,45,52.6315803527832,10,0,0,0,9.229206085205078,8589934592,2147483648,5942181888,366018560
207,1772016291212,3204,3204,3204,3204,3204,3204,3204,3204,50,50,42.85714340209961,42.85714340209961,40,4.545454502105713,4.761904716491699,0,9.229206085205078,8589934592,2147483648,5930172416,366018560
207,1772016291419,3204,3204,3204,3204,3204,3204,3204,3204,55,52.38095474243164,47.619049072265625,42.85714340209961,33.333335876464844,0,0,0,9.33322811126709,8589934592,2147483648,5916753920,366018560
209,1772016291627,3204,3204,3204,3204,3204,3204,3204,3204,47.619049072265625,42.85714340209961,40,35,40,23.809524536132813,4.761904716491699,0,9.33322811126709,8589934592,2147483648,5908021248,366018560
206,1772016291838,3204,3204,3204,3204,3204,3204,3204,3204,50,45,47.619049072265625,42.85714340209961,9.090909004211426,0,0,0,9.33322811126709,8589934592,2147483648,5913018368,366018560
199,1772016292044,3204,3204,3204,3204,3204,3204,3204,3204,47.619049072265625,55,42.85714340209961,47.619049072265625,10,4.545454502105713,0,4.761904716491699,9.33322811126709,8589934592,2147483648,5909479424,366018560
202,1772016292244,3204,3204,3204,3204,3204,3204,3204,3204,40,38.095237731933594,36.842105865478516,26.3157901763916,75,0,0,0,9.33322811126709,8589934592,2147483648,5911920640,366018560
205,1772016292447,3204,3204,3204,3204,3204,3204,3204,3204,55,40,38.095237731933594,35,31.57894515991211,0,0,0,8.953368186950684,8589934592,2147483648,5914427392,366018560
206,1772016292653,3204,3204,3204,3204,3204,3204,3204,3204,40,40,33.333335876464844,40.90909194946289,33.333335876464844,0,0,0,8.953368186950684,8589934592,2147483648,5925634048,366018560
205,1772016292859,3204,3204,3204,3204,3204,3204,3204,3204,50,52.38095474243164,47.36842346191406,35,35,4.761904716491699,4.761904716491699,0,8.953368186950684,8589934592,2147483648,5909676032,366018560
202,1772016293066,3204,3204,3204,3204,3204,3204,3204,3204,45.45454788208008,40,38.095237731933594,40,54.54545593261719,0,0,0,8.953368186950684,8589934592,2147483648,5905039360,366018560
202,1772016293269,3204,3204,3204,3204,3204,3204,3204,3204,60.000003814697266,57.894737243652344,55,55,63.15789031982422,4.761904716491699,0,0,8.953368186950684,8589934592,2147483648,5905039360,366018560
201,1772016293472,3204,3204,3204,3204,3204,3204,3204,3204,63.15789031982422,52.38095474243164,50,52.38095474243164,47.36842346191406,4.761904716491699,4.761904716491699,4.761904716491699,7.31662654876709,8589934592,2147483648,5905039360,366018560
202,1772016293673,3204,3204,3204,3204,3204,3204,3204,3204,65,57.894737243652344,55,52.6315803527832,85.71428680419922,10,0,4.761904716491699,7.31662654876709,8589934592,2147483648,5913149440,366018560
206,1772016293876,3204,3204,3204,3204,3204,3204,3204,3204,50,50,45,45,30.000001907348633,0,5,0,7.31662654876709,8589934592,2147483648,5907398656,366018560
205,1772016294083,3204,3204,3204,3204,3204,3204,3204,3204,33.333335876464844,28.571430206298828,38.095237731933594,28.571430206298828,50,4.761904716491699,13.636363983154297,4.761904716491699,7.31662654876709,8589934592,2147483648,5911740416,366018560
204,1772016294289,3204,3204,3204,3204,3204,3204,3204,3204,25,28.571430206298828,25,19.047618865966797,85,13.636363983154297,0,0,9.415141105651855,8589934592,2147483648,5907759104,366018560
208,1772016294494,3204,3204,3204,3204,3204,3204,3204,3204,42.85714340209961,36.842105865478516,33.333335876464844,30.000001907348633,18.18181800842285,0,0,0,9.415141105651855,8589934592,2147483648,5907791872,366018560
208,1772016294703,3204,3204,3204,3204,3204,3204,3204,3204,30.000001907348633,27.272727966308594,25,19.047618865966797,80,0,0,0,9.415141105651855,8589934592,2147483648,5914574848,366018560
202,1772016294911,3204,3204,3204,3204,3204,3204,3204,3204,42.85714340209961,45,38.095237731933594,35,47.619049072265625,0,0,0,9.415141105651855,8589934592,2147483648,5909282816,366018560
202,1772016295114,3204,3204,3204,3204,3204,3204,3204,3204,30.000001907348633,30.000001907348633,20,23.809524536132813,25,4.761904716491699,0,0,9.415141105651855,8589934592,2147483648,5908660224,366018560
208,1772016295317,3204,3204,3204,3204,3204,3204,3204,3204,31.57894515991211,28.571430206298828,26.3157901763916,21.052631378173828,75,0,0,0,10.452406883239746,8589934592,2147483648,5906644992,366018560
209,1772016295525,3204,3204,3204,3204,3204,3204,3204,3204,38.095237731933594,30.000001907348633,27.272727966308594,23.809524536132813,61.904762268066406,0,4.761904716491699,4.545454502105713,10.452406883239746,8589934592,2147483648,5906677760,366018560
208,1772016295736,3204,3204,3204,3204,3204,3204,3204,3204,33.333335876464844,33.333335876464844,30.000001907348633,23.809524536132813,42.85714340209961,4.545454502105713,0,0,10.452406883239746,8589934592,2147483648,5915508736,366018560
204,1772016295944,3204,3204,3204,3204,3204,3204,3204,3204,42.85714340209961,30.000001907348633,36.3636360168457,33.333335876464844,70,0,0,0,10.452406883239746,8589934592,2147483648,5907103744,366018560
202,1772016296149,3204,3204,3204,3204,3204,3204,3204,3204,35,38.095237731933594,35,30.000001907348633,28.571430206298828,23.809524536132813,5,0,10.452406883239746,8589934592,2147483648,5907103744,366018560
209,1772016296352,3204,3204,3204,3204,3204,3204,3204,3204,25,28.571430206298828,20,20,30.000001907348633,30.000001907348633,0,0,8.052006721496582,8589934592,2147483648,5907103744,366018560
209,1772016296561,3204,3204,3204,3204,3204,3204,3204,3204,27.272727966308594,25,20,28.571430206298828,57.142860412597656,28.571430206298828,0,0,8.052006721496582,8589934592,2147483648,5907103744,366018560
209,1772016296772,3204,3204,3204,3204,3204,3204,3204,3204,30.000001907348633,30.000001907348633,31.81818199157715,27.272727966308594,65,13.636363983154297,0,0,8.052006721496582,8589934592,2147483648,5911117824,366018560
204,1772016296981,3204,3204,3204,3204,3204,3204,3204,3204,40,45.45454788208008,36.842105865478516,40,30.434782028198242,0,0,0,8.052006721496582,8589934592,2147483648,5911494656,366018560
201,1772016297186,3204,3204,3204,3204,3204,3204,3204,3204,80.95238494873047,78.94737243652344,71.42857360839844,80,42.105262756347656,5,0,4.761904716491699,8.052006721496582,8589934592,2147483648,5920800768,366018560
207,1772016297389,3204,3204,3204,3204,3204,3204,3204,3204,57.894737243652344,61.904762268066406,66.66667175292969,47.619049072265625,52.38095474243164,0,0,0,8.688406944274902,8589934592,2147483648,5926010880,366018560
209,1772016297596,3204,3204,3204,3204,3204,3204,3204,3204,77.2727279663086,65,66.66667175292969,66.66667175292969,55,4.761904716491699,4.761904716491699,0,8.688406944274902,8589934592,2147483648,5919244288,366018560
205,1772016297806,3204,3204,3204,3204,3204,3204,3204,3204,65,66.66667175292969,63.15789031982422,60.000003814697266,71.42857360839844,0,14.285715103149414,0,8.688406944274902,8589934592,2147483648,5917720576,366018560
204,1772016298012,3204,3204,3204,3204,3204,3204,3204,3204,70,65,66.66667175292969,63.15789031982422,65,0,0,0,8.688406944274902,8589934592,2147483648,5910331392,366018560
209,1772016298218,3204,3204,3204,3204,3204,3204,3204,3204,76.19047546386719,71.42857360839844,70,68.18181610107422,33.333335876464844,5,0,0,8.688406944274902,8589934592,2147483648,5913968640,366018560
205,1772016298428,3204,3204,3204,3204,3204,3204,3204,3204,38.095237731933594,35,38.095237731933594,30.000001907348633,60.000003814697266,9.090909004211426,0,0,9.277026176452637,8589934592,2147483648,5914132480,366018560
202,1772016298634,3204,3204,3204,3204,3204,3204,3204,3204,50,45,42.85714340209961,55,71.42857360839844,0,0,0,9.277026176452637,8589934592,2147483648,5914247168,366018560
202,1772016298837,3204,3204,3204,3204,3204,3204,3204,3204,25,28.571430206298828,21.052631378173828,28.571430206298828,61.904762268066406,15.789472579956055,0,4.761904716491699,9.277026176452637,8589934592,2147483648,5914198016,366018560
204,1772016299039,3204,3204,3204,3204,3204,3204,3204,3204,52.6315803527832,50,47.619049072265625,42.105262756347656,84.21052551269531,10,4.761904716491699,0,9.277026176452637,8589934592,2147483648,5914624000,366018560
204,1772016299244,3204,3204,3204,3204,3204,3204,3204,3204,31.81818199157715,25,20,19.047618865966797,57.142860412597656,9.523809432983398,0,0,9.277026176452637,8589934592,2147483648,5916639232,366018560
206,1772016299449,3204,3204,3204,3204,3204,3204,3204,3204,31.57894515991211,33.333335876464844,33.333335876464844,28.571430206298828,65,0,0,0,9.492752075195313,8589934592,2147483648,5916639232,366018560
204,1772016299656,3204,3204,3204,3204,3204,3204,3204,3204,33.333335876464844,26.3157901763916,25,25,57.142860412597656,30.000001907348633,0,19.047618865966797,9.492752075195313,8589934592,2147483648,5916688384,366018560
209,1772016299861,3204,3204,3204,3204,3204,3204,3204,3204,30.000001907348633,28.571430206298828,25,23.809524536132813,57.142860412597656,40,0,0,9.492752075195313,8589934592,2147483648,5917032448,366018560
206,1772016300071,3204,3204,3204,3204,3204,3204,3204,3204,38.095237731933594,35,36.3636360168457,28.571430206298828,85.71428680419922,13.636363983154297,4.545454502105713,0,9.492752075195313,8589934592,2147483648,5917032448,366018560
208,1772016300277,3204,3204,3204,3204,3204,3204,3204,3204,35,35,26.3157901763916,30.000001907348633,80,5,15.000000953674316,9.090909004211426,9.492752075195313,8589934592,2147483648,5919997952,366018560
202,1772016300486,3204,3204,3204,3204,3204,3204,3204,3204,33.333335876464844,31.81818199157715,28.571430206298828,27.272727966308594,0,0,45,0,9.9619722366333,8589934592,2147483648,5919473664,366018560
208,1772016300689,3204,3204,3204,3204,3204,3204,3204,3204,45,42.85714340209961,42.85714340209961,42.105262756347656,0,0,86.36363983154297,0,9.9619722366333,8589934592,2147483648,5922455552,366018560
204,1772016300898,3204,3204,3204,3204,3204,3204,3204,3204,35,30.000001907348633,42.85714340209961,30.000001907348633,71.42857360839844,23.809524536132813,10,0,9.9619722366333,8589934592,2147483648,5916360704,366018560
209,1772016301103,3204,3204,3204,3204,3204,3204,3204,3204,33.333335876464844,38.095237731933594,30.000001907348633,30.000001907348633,38.095237731933594,0,0,0,9.9619722366333,8589934592,2147483648,5916344320,366018560
200,1772016301313,3204,3204,3204,3204,3204,3204,3204,3204,38.095237731933594,35,33.333335876464844,34.78260803222656,61.904762268066406,0,0,0,10.508940696716309,8589934592,2147483648,5915885568,366018560
205,1772016301514,3204,3204,3204,3204,3204,3204,3204,3204,40,31.57894515991211,31.57894515991211,26.3157901763916,55,0,0,0,10.508940696716309,8589934592,2147483648,5908267008,366018560
209,1772016301719,3204,3204,3204,3204,3204,3204,3204,3204,42.85714340209961,42.85714340209961,38.095237731933594,30.000001907348633,45,19.047618865966797,5,0,10.508940696716309,8589934592,2147483648,5908627456,366018560
202,1772016301929,3204,3204,3204,3204,3204,3204,3204,3204,35,35,35,31.81818199157715,71.42857360839844,0,0,0,10.508940696716309,8589934592,2147483648,5907529728,366018560
207,1772016302132,3204,3204,3204,3204,3204,3204,3204,3204,33.333335876464844,33.333335876464844,30.000001907348633,25,73.68421173095703,9.523809432983398,0,4.761904716491699,10.508940696716309,8589934592,2147483648,5915262976,366018560
208,1772016302340,3204,3204,3204,3204,3204,3204,3204,3204,30.000001907348633,33.333335876464844,31.81818199157715,25,42.85714340209961,0,0,30.000001907348633,8.904827117919922,8589934592,2147483648,5905301504,366018560
206,1772016302549,3204,3204,3204,3204,3204,3204,3204,3204,35,33.333335876464844,30.000001907348633,28.571430206298828,63.6363639831543,0,0,0,8.904827117919922,8589934592,2147483648,5897142272,366018560
201,1772016302755,3204,3204,3204,3204,3204,3204,3204,3204,30.000001907348633,30.000001907348633,28.571430206298828,28.571430206298828,55,0,9.090909004211426,0,8.904827117919922,8589934592,2147483648,5897256960,366018560
203,1772016302957,3204,3204,3204,3204,3204,3204,3204,3204,33.333335876464844,25,21.052631378173828,26.3157901763916,60.000003814697266,0,0,0,8.904827117919922,8589934592,2147483648,5897191424,366018560
208,1772016303161,3204,3204,3204,3204,3204,3204,3204,3204,45,45,42.85714340209961,42.85714340209961,52.38095474243164,5,5,4.761904716491699,8.904827117919922,8589934592,2147483648,5900369920,366018560
205,1772016303370,3204,3204,3204,3204,3204,3204,3204,3204,40,35,30.000001907348633,30.000001907348633,42.85714340209961,9.090909004211426,0,0,9.731584548950195,8589934592,2147483648,5872910336,366018560
209,1772016303576,3204,3204,3204,3204,3204,3204,3204,3204,33.333335876464844,30.000001907348633,19.047618865966797,28.571430206298828,55,0,0,0,9.731584548950195,8589934592,2147483648,5817188352,366018560
209,1772016303787,3204,3204,3204,3204,3204,3204,3204,3204,30.000001907348633,31.81818199157715,23.809524536132813,19.047618865966797,28.571430206298828,0,0,0,9.731584548950195,8589934592,2147483648,5818384384,366018560
201,1772016303996,3204,3204,3204,3204,3204,3204,3204,3204,31.81818199157715,25,25,20,60.000003814697266,0,0,0,9.731584548950195,8589934592,2147483648,5815599104,366018560
201,1772016304198,3204,3204,3204,3204,3204,3204,3204,3204,26.3157901763916,33.333335876464844,28.571430206298828,25,40,5,0,0,9.731584548950195,8589934592,2147483648,5834932224,366018560
203,1772016304401,3204,3204,3204,3204,3204,3204,3204,3204,35,21.052631378173828,21.052631378173828,20,57.142860412597656,5,4.761904716491699,4.761904716491699,9.575315475463867,8589934592,2147483648,5820170240,366018560
200,1772016304605,3204,3204,3204,3204,3204,3204,3204,3204,40,33.333335876464844,35,30.000001907348633,50,0,0,0,9.575315475463867,8589934592,2147483648,5828231168,366018560
204,1772016304806,3204,3204,3204,3204,3204,3204,3204,3204,33.333335876464844,31.57894515991211,23.809524536132813,23.809524536132813,20,9.523809432983398,0,0,9.575315475463867,8589934592,2147483648,5832556544,366018560
208,1772016305010,3204,3204,3204,3204,3204,3204,3204,3204,31.57894515991211,30.000001907348633,25,30.000001907348633,73.68421173095703,4.761904716491699,0,0,9.575315475463867,8589934592,2147483648,5850726400,366018560
208,1772016305219,3204,3204,3204,3204,3204,3204,3204,3204,33.333335876464844,28.571430206298828,28.571430206298828,25,42.85714340209961,0,0,0,9.575315475463867,8589934592,2147483648,5839519744,366018560
207,1772016305428,3204,3204,3204,3204,3204,3204,3204,3204,35,42.85714340209961,30.000001907348633,23.809524536132813,65,0,4.761904716491699,0,7.610983848571777,8589934592,2147483648,5849006080,366018560
207,1772016305636,3204,3204,3204,3204,3204,3204,3204,3204,33.333335876464844,25,27.272727966308594,20,86.9565200805664,0,0,0,7.610983848571777,8589934592,2147483648,5845467136,366018560
203,1772016305844,3204,3204,3204,3204,3204,3204,3204,3204,45,47.619049072265625,31.57894515991211,33.333335876464844,36.842105865478516,0,0,0,7.610983848571777,8589934592,2147483648,5850628096,366018560
204,1772016306047,3204,3204,3204,3204,3204,3204,3204,3204,35,30.000001907348633,28.571430206298828,23.809524536132813,23.809524536132813,4.761904716491699,4.545454502105713,0,7.610983848571777,8589934592,2147483648,5876039680,366018560
205,1772016306252,3204,3204,3204,3204,3204,3204,3204,3204,38.095237731933594,35,26.3157901763916,25,30.000001907348633,0,0,0,7.610983848571777,8589934592,2147483648,5881298944,366018560
201,1772016306458,3204,3204,3204,3204,3204,3204,3204,3204,35,35,28.571430206298828,23.809524536132813,76.19047546386719,15.000000953674316,0,9.523809432983398,8.832077026367188,8589934592,2147483648,5893636096,366018560
208,1772016306660,3204,3204,3204,3204,3204,3204,3204,3204,35,35,33.333335876464844,30.000001907348633,55,30.000001907348633,4.761904716491699,4.761904716491699,8.832077026367188,8589934592,2147483648,5885640704,366018560
208,1772016306869,3204,3204,3204,3204,3204,3204,3204,3204,35,28.571430206298828,30.000001907348633,25,50,0,0,0,8.832077026367188,8589934592,2147483648,5891981312,366018560
207,1772016307077,3204,3204,3204,3204,3204,3204,3204,3204,42.85714340209961,42.85714340209961,30.000001907348633,28.571430206298828,19.047618865966797,4.545454502105713,0,0,8.832077026367188,8589934592,2147483648,5886197760,366018560
202,1772016307285,3204,3204,3204,3204,3204,3204,3204,3204,25,23.809524536132813,23.809524536132813,20,10,45,0,0,8.832077026367188,8589934592,2147483648,5890473984,366018560
202,1772016307488,3204,3204,3204,3204,3204,3204,3204,3204,35,31.57894515991211,30.000001907348633,28.571430206298828,5,4.761904716491699,5,4.761904716491699,9.091620445251465,8589934592,2147483648,5890473984,366018560
209,1772016307690,3204,3204,3204,3204,3204,3204,3204,3204,40,40,36.842105865478516,35,4.761904716491699,0,0,0,9.091620445251465,8589934592,2147483648,5890473984,366018560
205,1772016307900,3204,3204,3204,3204,3204,3204,3204,3204,31.81818199157715,28.571430206298828,31.81818199157715,20,0,0,0,0,9.091620445251465,8589934592,2147483648,5890473984,366018560
201,1772016308106,3204,3204,3204,3204,3204,3204,3204,3204,50,45,45,38.095237731933594,4.761904716491699,0,0,0,9.091620445251465,8589934592,2147483648,5894602752,366018560
202,1772016308309,3204,3204,3204,3204,3204,3204,3204,3204,68.42105102539063,65,66.66667175292969,60.000003814697266,0,0,0,0,9.386777877807617,8589934592,2147483648,5896470528,366018560
202,1772016308512,3204,3204,3204,3204,3204,3204,3204,3204,28.571430206298828,33.333335876464844,21.052631378173828,35,5.263157844543457,0,0,0,9.386777877807617,8589934592,2147483648,5907972096,366018560
208,1772016308715,3204,3204,3204,3204,3204,3204,3204,3204,40,35,35,30.000001907348633,4.761904716491699,4.761904716491699,4.761904716491699,4.761904716491699,9.386777877807617,8589934592,2147483648,5895979008,366018560
205,1772016308924,3204,3204,3204,3204,3204,3204,3204,3204,30.000001907348633,33.333335876464844,27.272727966308594,23.809524536132813,0,0,0,0,9.386777877807617,8589934592,2147483648,5896142848,366018560
209,1772016309130,3204,3204,3204,3204,3204,3204,3204,3204,40,38.095237731933594,35,30.000001907348633,0,4.761904716491699,0,0,9.386777877807617,8589934592,2147483648,5896306688,366018560
205,1772016309340,3204,3204,3204,3204,3204,3204,3204,3204,31.81818199157715,30.000001907348633,23.809524536132813,27.272727966308594,0,0,0,0,5.537243366241455,8589934592,2147483648,5896388608,366018560
209,1772016309546,3204,3204,3204,3204,3204,3204,3204,3204,42.85714340209961,33.333335876464844,38.095237731933594,30.000001907348633,4.761904716491699,0,0,0,5.537243366241455,8589934592,2147483648,5896404992,366018560
208,1772016309756,3204,3204,3204,3204,3204,3204,3204,3204,65,71.42857360839844,60.000003814697266,61.904762268066406,4.545454502105713,4.761904716491699,0,0,5.537243366241455,8589934592,2147483648,5897830400,366018560
203,1772016309965,3204,3204,3204,3204,3204,3204,3204,3204,38.095237731933594,40,33.333335876464844,30.000001907348633,4.761904716491699,0,0,0,5.537243366241455,8589934592,2147483648,5897830400,366018560
208,1772016310170,3204,3204,3204,3204,3204,3204,3204,3204,55,52.38095474243164,50,47.619049072265625,0,5,4.761904716491699,4.761904716491699,5.537243366241455,8589934592,2147483648,5898665984,366018560
205,1772016310380,3204,3204,3204,3204,3204,3204,3204,3204,47.619049072265625,55,54.54545593261719,52.38095474243164,0,0,0,0,5.247981548309326,8589934592,2147483648,5899321344,366018560
209,1772016310586,3204,3204,3204,3204,3204,3204,3204,3204,76.19047546386719,65,66.66667175292969,61.904762268066406,5,5,4.761904716491699,4.761904716491699,5.247981548309326,8589934592,2147483648,5911625728,366018560
209,1772016310796,3204,3204,3204,3204,3204,3204,3204,3204,66.66667175292969,72.7272720336914,70,76.19047546386719,4.761904716491699,4.761904716491699,4.545454502105713,0,5.247981548309326,8589934592,2147483648,5901582336,366018560
207,1772016311007,3204,3204,3204,3204,3204,3204,3204,3204,35,35,30.000001907348633,28.571430206298828,0,0,0,0,5.247981548309326,8589934592,2147483648,5901598720,366018560
203,1772016311217,3204,3204,3204,3204,3204,3204,3204,3204,38.095237731933594,38.095237731933594,33.333335876464844,35,4.545454502105713,4.545454502105713,0,0,5.247981548309326,8589934592,2147483648,5901631488,366018560
205,1772016311420,3204,3204,3204,3204,3204,3204,3204,3204,50,38.095237731933594,33.333335876464844,35,0,0,0,0,5.568851470947266,8589934592,2147483648,5901795328,366018560
209,1772016311626,3204,3204,3204,3204,3204,3204,3204,3204,35,45,45,33.333335876464844,0,20,0,0,5.568851470947266,8589934592,2147483648,5901762560,366018560
202,1772016311836,3204,3204,3204,3204,3204,3204,3204,3204,40.90909194946289,38.095237731933594,33.333335876464844,28.571430206298828,35,35,0,0,5.568851470947266,8589934592,2147483648,5901811712,366018560
205,1772016312039,3204,3204,3204,3204,3204,3204,3204,3204,30.000001907348633,30.000001907348633,21.052631378173828,25,80.95238494873047,22.72727394104004,0,0,5.568851470947266,8589934592,2147483648,5901713408,366018560
203,1772016312245,3204,3204,3204,3204,3204,3204,3204,3204,25,25,23.809524536132813,20,95.23809814453125,4.761904716491699,0,0,5.568851470947266,8589934592,2147483648,5901729792,366018560
200,1772016312449,3204,3204,3204,3204,3204,3204,3204,3204,28.571430206298828,23.809524536132813,23.809524536132813,23.809524536132813,33.333335876464844,0,0,0,5.783138751983643,8589934592,2147483648,5901746176,366018560
202,1772016312650,3204,3204,3204,3204,3204,3204,3204,3204,25,21.052631378173828,25,15.000000953674316,100,0,0,0,5.783138751983643,8589934592,2147483648,5901369344,366018560
206,1772016312853,3204,3204,3204,3204,3204,3204,3204,3204,25,25,15.000000953674316,15.000000953674316,33.333335876464844,70,0,0,5.783138751983643,8589934592,2147483648,5901369344,366018560
208,1772016313061,3204,3204,3204,3204,3204,3204,3204,3204,25,23.809524536132813,20,19.047618865966797,0,38.095237731933594,0,0,5.783138751983643,8589934592,2147483648,5901369344,366018560
207,1772016313270,3204,3204,3204,3204,3204,3204,3204,3204,28.571430206298828,28.571430206298828,23.809524536132813,20,0,95,4.545454502105713,5,5.783138751983643,8589934592,2147483648,5903138816,366018560
208,1772016313477,3204,3204,3204,3204,3204,3204,3204,3204,30.000001907348633,28.571430206298828,25,20,95.23809814453125,4.761904716491699,0,4.545454502105713,7.861837863922119,8589934592,2147483648,5903187968,366018560
203,1772016313686,3204,3204,3204,3204,3204,3204,3204,3204,38.095237731933594,30.000001907348633,31.81818199157715,31.81818199157715,4.761904716491699,33.333335876464844,0,0,7.861837863922119,8589934592,2147483648,5903187968,366018560
203,1772016313890,3204,3204,3204,3204,3204,3204,3204,3204,42.85714340209961,40,36.842105865478516,35,35,35,35,0,7.861837863922119,8589934592,2147483648,5903187968,366018560
209,1772016314094,3204,3204,3204,3204,3204,3204,3204,3204,31.57894515991211,35,33.333335876464844,28.571430206298828,57.142860412597656,57.142860412597656,0,9.523809432983398,7.861837863922119,8589934592,2147483648,5903187968,366018560
206,1772016314304,3204,3204,3204,3204,3204,3204,3204,3204,30.000001907348633,28.571430206298828,23.809524536132813,20,0,35,0,0,9.149762153625488,8589934592,2147483648,5905121280,366018560
208,1772016314511,3204,3204,3204,3204,3204,3204,3204,3204,33.333335876464844,28.571430206298828,23.809524536132813,28.571430206298828,13.636363983154297,80.95238494873047,0,15.000000953674316,9.149762153625488,8589934592,2147483648,5905203200,366018560
207,1772016314720,3204,3204,3204,3204,3204,3204,3204,3204,31.81818199157715,25,25,23.809524536132813,5,90.90909576416016,4.761904716491699,0,9.149762153625488,8589934592,2147483648,5905301504,366018560
207,1772016314928,3204,3204,3204,3204,3204,3204,3204,3204,31.57894515991211,30.000001907348633,25,28.571430206298828,47.619049072265625,55,4.761904716491699,5,9.149762153625488,8589934592,2147483648,5914591232,366018560
207,1772016315136,3204,3204,3204,3204,3204,3204,3204,3204,33.333335876464844,33.333335876464844,31.81818199157715,15.789472579956055,4.761904716491699,100,0,0,9.149762153625488,8589934592,2147483648,5902385152,366018560
204,1772016315344,3204,3204,3204,3204,3204,3204,3204,3204,35,36.3636360168457,30.000001907348633,28.571430206298828,0,33.333335876464844,60.000003814697266,0,9.64277172088623,8589934592,2147483648,5898534912,366018560
205,1772016315549,3204,3204,3204,3204,3204,3204,3204,3204,33.333335876464844,30.000001907348633,25,25,0,4.761904716491699,31.81818199157715,18.18181800842285,9.64277172088623,8589934592,2147483648,5899255808,366018560
207,1772016315755,3204,3204,3204,3204,3204,3204,3204,3204,30.000001907348633,28.571430206298828,28.571430206298828,23.809524536132813,0,0,0,100,9.64277172088623,8589934592,2147483648,5899386880,366018560
206,1772016315963,3204,3204,3204,3204,3204,3204,3204,3204,23.809524536132813,21.052631378173828,23.809524536132813,15.000000953674316,66.66667175292969,9.523809432983398,0,35,9.64277172088623,8589934592,2147483648,5898469376,366018560
202,1772016316170,3204,3204,3204,3204,3204,3204,3204,3204,33.333335876464844,31.81818199157715,25,27.272727966308594,0,0,0,33.333335876464844,9.64277172088623,8589934592,2147483648,5898469376,366018560
204,1772016316373,3204,3204,3204,3204,3204,3204,3204,3204,25,20,25,15.789472579956055,0,0,0,100,10.810046195983887,8589934592,2147483648,5898518528,366018560
209,1772016316577,3204,3204,3204,3204,3204,3204,3204,3204,28.571430206298828,25,20,19.047618865966797,9.523809432983398,5,40,55,10.810046195983887,8589934592,2147483648,5901303808,366018560
206,1772016316787,3204,3204,3204,3204,3204,3204,3204,3204,26.3157901763916,28.571430206298828,22.72727394104004,19.047618865966797,5,33.333335876464844,0,0,10.810046195983887,8589934592,2147483648,5899042816,366018560
209,1772016316994,3204,3204,3204,3204,3204,3204,3204,3204,38.095237731933594,40,31.57894515991211,25,38.095237731933594,60.000003814697266,14.285715103149414,14.285715103149414,10.810046195983887,8589934592,2147483648,5911379968,366018560
200,1772016317204,3204,3204,3204,3204,3204,3204,3204,3204,28.571430206298828,28.571430206298828,23.809524536132813,28.571430206298828,100,4.545454502105713,0,0,10.810046195983887,8589934592,2147483648,5901090816,366018560
204,1772016317405,3204,3204,3204,3204,3204,3204,3204,3204,30.000001907348633,25,20,25,33.333335876464844,0,0,0,9.008326530456543,8589934592,2147483648,5901058048,366018560
208,1772016317611,3204,3204,3204,3204,3204,3204,3204,3204,25,20,19.047618865966797,15.000000953674316,65,38.095237731933594,0,0,9.008326530456543,8589934592,2147483648,5903302656,366018560
206,1772016317820,3204,3204,3204,3204,3204,3204,3204,3204,28.571430206298828,23.809524536132813,20,19.047618865966797,0,80,0,0,9.008326530456543,8589934592,2147483648,5902237696,366018560
209,1772016318026,3204,3204,3204,3204,3204,3204,3204,3204,30.000001907348633,31.57894515991211,28.571430206298828,25,5,57.142860412597656,0,0,9.008326530456543,8589934592,2147483648,5904908288,366018560
207,1772016318236,3204,3204,3204,3204,3204,3204,3204,3204,40.90909194946289,40.90909194946289,35,36.3636360168457,80.95238494873047,19.047618865966797,0,0,9.008326530456543,8589934592,2147483648,5933596672,366018560
208,1772016318444,3204,3204,3204,3204,3204,3204,3204,3204,42.105262756347656,40,42.85714340209961,38.095237731933594,19.047618865966797,0,0,0,10.327856063842773,8589934592,2147483648,5909331968,366018560
207,1772016318653,3204,3204,3204,3204,3204,3204,3204,3204,28.571430206298828,28.571430206298828,28.571430206298828,20,61.904762268066406,0,4.761904716491699,5,10.327856063842773,8589934592,2147483648,5918539776,366018560
200,1772016318861,3204,3204,3204,3204,3204,3204,3204,3204,25,25,20,19.047618865966797,90.47618865966797,0,0,0,10.327856063842773,8589934592,2147483648,5910265856,366018560
206,1772016319062,3204,3204,3204,3204,3204,3204,3204,3204,38.095237731933594,33.333335876464844,33.333335876464844,26.3157901763916,40,5,0,0,10.327856063842773,8589934592,2147483648,5908791296,366018560
208,1772016319269,3204,3204,3204,3204,3204,3204,3204,3204,25,28.571430206298828,20,19.047618865966797,70,4.761904716491699,30.000001907348633,0,10.327856063842773,8589934592,2147483648,5913526272,366018560
201,1772016319478,3204,3204,3204,3204,3204,3204,3204,3204,52.38095474243164,35,42.85714340209961,33.333335876464844,38.095237731933594,0,0,0,9.462933540344238,8589934592,2147483648,5916459008,366018560
206,1772016319679,3204,3204,3204,3204,3204,3204,3204,3204,45,35,50,47.36842346191406,47.36842346191406,0,5,0,9.462933540344238,8589934592,2147483648,5921538048,366018560
203,1772016319886,3204,3204,3204,3204,3204,3204,3204,3204,30.000001907348633,20,19.047618865966797,14.285715103149414,4.761904716491699,0,95.23809814453125,0,9.462933540344238,8589934592,2147483648,5927288832,366018560
205,1772016320090,3204,3204,3204,3204,3204,3204,3204,3204,47.619049072265625,42.105262756347656,40,38.095237731933594,15.000000953674316,0,0,0,9.462933540344238,8589934592,2147483648,5927288832,366018560
209,1772016320296,3204,3204,3204,3204,3204,3204,3204,3204,31.57894515991211,31.81818199157715,25,20,57.142860412597656,4.761904716491699,0,0,9.81125545501709,8589934592,2147483648,5927288832,366018560
207,1772016320506,3204,3204,3204,3204,3204,3204,3204,3204,38.095237731933594,38.095237731933594,40,28.571430206298828,4.761904716491699,0,0,0,9.81125545501709,8589934592,2147483648,5915656192,366018560
209,1772016320714,3204,3204,3204,3204,3204,3204,3204,3204,42.85714340209961,35,25,25,5,0,0,0,9.81125545501709,8589934592,2147483648,5916033024,366018560
206,1772016320923,3204,3204,3204,3204,3204,3204,3204,3204,35,25,31.81818199157715,38.095237731933594,9.090909004211426,4.761904716491699,9.090909004211426,4.545454502105713,9.81125545501709,8589934592,2147483648,5916803072,366018560
205,1772016321130,3204,3204,3204,3204,3204,3204,3204,3204,28.571430206298828,30.000001907348633,23.809524536132813,19.047618865966797,5,4.761904716491699,5,0,9.81125545501709,8589934592,2147483648,5919309824,366018560
203,1772016321336,3204,3204,3204,3204,3204,3204,3204,3204,35,23.809524536132813,20,15.000000953674316,42.85714340209961,15.000000953674316,4.761904716491699,0,8.88329792022705,8589934592,2147483648,5921800192,366018560
202,1772016321540,3204,3204,3204,3204,3204,3204,3204,3204,28.571430206298828,25,25,23.809524536132813,0,4.545454502105713,0,0,8.88329792022705,8589934592,2147483648,5921652736,366018560
205,1772016321743,3204,3204,3204,3204,3204,3204,3204,3204,31.57894515991211,30.000001907348633,25,25,21.052631378173828,0,0,0,8.88329792022705,8589934592,2147483648,5920931840,366018560
201,1772016321949,3204,3204,3204,3204,3204,3204,3204,3204,33.333335876464844,28.571430206298828,28.571430206298828,25,9.090909004211426,0,0,0,8.88329792022705,8589934592,2147483648,5920931840,366018560
205,1772016322151,3204,3204,3204,3204,3204,3204,3204,3204,30.000001907348633,38.095237731933594,30.000001907348633,25,0,0,0,0,8.88329792022705,8589934592,2147483648,5920931840,366018560
208,1772016322357,3204,3204,3204,3204,3204,3204,3204,3204,55,55,50,45,20,14.285715103149414,5.263157844543457,10,5.947798252105713,8589934592,2147483648,5920931840,366018560
208,1772016322566,3204,3204,3204,3204,3204,3204,3204,3204,38.095237731933594,35,28.571430206298828,28.571430206298828,0,0,0,0,5.947798252105713,8589934592,2147483648,5923143680,366018560
209,1772016322775,3204,3204,3204,3204,3204,3204,3204,3204,35,28.571430206298828,30.000001907348633,23.809524536132813,0,0,0,0,5.947798252105713,8589934592,2147483648,5923127296,366018560
200,1772016322985,3204,3204,3204,3204,3204,3204,3204,3204,33.333335876464844,28.571430206298828,36.3636360168457,23.809524536132813,0,0,0,0,5.947798252105713,8589934592,2147483648,5923291136,366018560
209,1772016323186,3204,3204,3204,3204,3204,3204,3204,3204,35,35,26.3157901763916,25,0,0,0,0,5.947798252105713,8589934592,2147483648,5923028992,366018560
209,1772016323396,3204,3204,3204,3204,3204,3204,3204,3204,33.333335876464844,38.095237731933594,33.333335876464844,28.571430206298828,9.523809432983398,4.761904716491699,0,4.545454502105713,5.470831394195557,8589934592,2147483648,5931253760,366018560
200,1772016323606,3204,3204,3204,3204,3204,3204,3204,3204,33.333335876464844,33.333335876464844,30.000001907348633,28.571430206298828,4.761904716491699,0,4.545454502105713,0,5.470831394195557,8589934592,2147483648,5920735232,366018560
202,1772016323807,3204,3204,3204,3204,3204,3204,3204,3204,31.57894515991211,31.57894515991211,31.81818199157715,21.052631378173828,0,0,0,0,5.470831394195557,8589934592,2147483648,5920735232,366018560
209,1772016324010,3204,3204,3204,3204,3204,3204,3204,3204,38.095237731933594,30.000001907348633,25,25,0,0,0,0,5.470831394195557,8589934592,2147483648,5920833536,366018560
205,1772016324220,3204,3204,3204,3204,3204,3204,3204,3204,35,38.095237731933594,30.000001907348633,27.272727966308594,4.545454502105713,4.545454502105713,4.545454502105713,0,5.470831394195557,8589934592,2147483648,5920374784,366018560
207,1772016324426,3204,3204,3204,3204,3204,3204,3204,3204,31.81818199157715,28.571430206298828,25,28.571430206298828,0,0,0,0,5.1997456550598145,8589934592,2147483648,5920342016,366018560
207,1772016324634,3204,3204,3204,3204,3204,3204,3204,3204,35,38.095237731933594,28.571430206298828,25,0,4.761904716491699,0,0,5.1997456550598145,8589934592,2147483648,5920342016,366018560
201,1772016324842,3204,3204,3204,3204,3204,3204,3204,3204,30.000001907348633,30.000001907348633,33.333335876464844,28.571430206298828,0,0,0,0,5.1997456550598145,8589934592,2147483648,5920227328,366018560
209,1772016325044,3204,3204,3204,3204,3204,3204,3204,3204,31.57894515991211,30.000001907348633,20,21.052631378173828,0,4.761904716491699,0,0,5.1997456550598145,8589934592,2147483648,5920342016,366018560
205,1772016325254,3204,3204,3204,3204,3204,3204,3204,3204,31.81818199157715,28.571430206298828,28.571430206298828,31.81818199157715,0,0,0,0,5.1997456550598145,8589934592,2147483648,5920342016,366018560
202,1772016325461,3204,3204,3204,3204,3204,3204,3204,3204,33.333335876464844,35,30.000001907348633,25,4.545454502105713,0,0,0,5.042981147766113,8589934592,2147483648,5920342016,366018560
206,1772016325663,3204,3204,3204,3204,3204,3204,3204,3204,40,30.000001907348633,25,25,10.526315689086914,0,4.761904716491699,4.761904716491699,5.042981147766113,8589934592,2147483648,5917327360,366018560
208,1772016325870,3204,3204,3204,3204,3204,3204,3204,3204,30.000001907348633,38.095237731933594,30.000001907348633,30.000001907348633,4.545454502105713,4.761904716491699,0,0,5.042981147766113,8589934592,2147483648,5917458432,366018560
204,1772016326079,3204,3204,3204,3204,3204,3204,3204,3204,38.095237731933594,40,28.571430206298828,33.333335876464844,0,0,0,0,5.042981147766113,8589934592,2147483648,5918294016,366018560
202,1772016326285,3204,3204,3204,3204,3204,3204,3204,3204,30.000001907348633,28.571430206298828,28.571430206298828,25,0,0,0,0,5.042981147766113,8589934592,2147483648,5918457856,366018560
205,1772016326488,3204,3204,3204,3204,3204,3204,3204,3204,40,40,35,33.333335876464844,0,0,0,0,4.976998805999756,8589934592,2147483648,5919604736,366018560
209,1772016326694,3204,3204,3204,3204,3204,3204,3204,3204,47.619049072265625,45,40,42.85714340209961,9.523809432983398,20,0,0,4.976998805999756,8589934592,2147483648,5922766848,366018560
202,1772016326904,3204,3204,3204,3204,3204,3204,3204,3204,26.3157901763916,28.571430206298828,27.272727966308594,20,0,4.545454502105713,0,4.545454502105713,4.976998805999756,8589934592,2147483648,5922930688,366018560
203,1772016327107,3204,3204,3204,3204,3204,3204,3204,3204,33.333335876464844,30.000001907348633,20,20,0,0,0,0,4.976998805999756,8589934592,2147483648,5923127296,366018560
208,1772016327311,3204,3204,3204,3204,3204,3204,3204,3204,33.333335876464844,30.000001907348633,26.3157901763916,28.571430206298828,5,4.761904716491699,4.761904716491699,0,5.1908721923828125,8589934592,2147483648,5924323328,366018560
203,1772016327520,3204,3204,3204,3204,3204,3204,3204,3204,30.000001907348633,33.333335876464844,28.571430206298828,20,0,0,0,0,5.1908721923828125,8589934592,2147483648,5924044800,366018560
205,1772016327724,3204,3204,3204,3204,3204,3204,3204,3204,25,28.571430206298828,28.571430206298828,23.809524536132813,10,0,0,0,5.1908721923828125,8589934592,2147483648,5935120384,366018560
206,1772016327930,3204,3204,3204,3204,3204,3204,3204,3204,33.333335876464844,26.3157901763916,33.333335876464844,25,4.545454502105713,4.761904716491699,0,0,5.1908721923828125,8589934592,2147483648,5918769152,366018560
203,1772016328136,3204,3204,3204,3204,3204,3204,3204,3204,38.095237731933594,28.571430206298828,20,28.571430206298828,0,0,0,0,5.1908721923828125,8589934592,2147483648,5918752768,366018560
202,1772016328341,3204,3204,3204,3204,3204,3204,3204,3204,31.57894515991211,30.000001907348633,36.842105865478516,26.3157901763916,0,0,0,0,5.445864677429199,8589934592,2147483648,5918851072,366018560
209,1772016328543,3204,3204,3204,3204,3204,3204,3204,3204,30.000001907348633,33.333335876464844,33.333335876464844,25,0,0,0,0,5.445864677429199,8589934592,2147483648,5918851072,366018560
207,1772016328753,3204,3204,3204,3204,3204,3204,3204,3204,31.81818199157715,33.333335876464844,33.333335876464844,30.434782028198242,5,9.523809432983398,4.761904716491699,4.761904716491699,5.445864677429199,8589934592,2147483648,5914198016,366018560
209,1772016328961,3204,3204,3204,3204,3204,3204,3204,3204,25,28.571430206298828,23.809524536132813,15.000000953674316,4.761904716491699,4.761904716491699,4.761904716491699,0,5.445864677429199,8589934592,2147483648,5908627456,366018560
206,1772016329171,3204,3204,3204,3204,3204,3204,3204,3204,33.333335876464844,30.000001907348633,25,23.809524536132813,0,0,0,0,5.445864677429199,8589934592,2147483648,5908840448,366018560
208,1772016329377,3204,3204,3204,3204,3204,3204,3204,3204,28.571430206298828,25,23.809524536132813,20,0,0,0,0,5.105414867401123,8589934592,2147483648,5911232512,366018560
207,1772016329586,3204,3204,3204,3204,3204,3204,3204,3204,33.333335876464844,28.571430206298828,28.571430206298828,23.809524536132813,0,0,0,9.090909004211426,5.105414867401123,8589934592,2147483648,5911429120,366018560
209,1772016329794,3204,3204,3204,3204,3204,3204,3204,3204,31.57894515991211,30.000001907348633,28.571430206298828,25,0,0,0,0,5.105414867401123,8589934592,2147483648,5912330240,366018560
206,1772016330004,3204,3204,3204,3204,3204,3204,3204,3204,18.18181800842285,23.809524536132813,14.285715103149414,9.523809432983398,23.809524536132813,14.285715103149414,23.809524536132813,5,5.105414867401123,8589934592,2147483648,5906120704,366018560
203,1772016330211,3204,3204,3204,3204,3204,3204,3204,3204,21.052631378173828,27.272727966308594,21.052631378173828,19.047618865966797,4.761904716491699,0,4.545454502105713,4.545454502105713,5.105414867401123,8589934592,2147483648,5906186240,366018560
203,1772016330415,3204,3204,3204,3204,3204,3204,3204,3204,38.095237731933594,31.57894515991211,28.571430206298828,30.000001907348633,0,4.761904716491699,0,0,5.1467061042785645,8589934592,2147483648,5905874944,366018560
204,1772016330619,3204,3204,3204,3204,3204,3204,3204,3204,25,28.571430206298828,25,19.047618865966797,0,0,0,0,5.1467061042785645,8589934592,2147483648,5905530880,366018560
204,1772016330824,3204,3204,3204,3204,3204,3204,3204,3204,35,35,30.000001907348633,21.052631378173828,0,0,0,0,5.1467061042785645,8589934592,2147483648,5905793024,366018560
209,1772016331028,3204,3204,3204,3204,3204,3204,3204,3204,38.095237731933594,30.000001907348633,28.571430206298828,28.571430206298828,4.761904716491699,0,0,0,5.1467061042785645,8589934592,2147483648,5905678336,366018560
204,1772016331239,3204,3204,3204,3204,3204,3204,3204,3204,25,28.571430206298828,23.809524536132813,23.809524536132813,0,0,0,0,5.1467061042785645,8589934592,2147483648,5905629184,366018560
209,1772016331444,3204,3204,3204,3204,3204,3204,3204,3204,33.333335876464844,28.571430206298828,20,26.3157901763916,4.761904716491699,0,0,0,5.260992527008057,8589934592,2147483648,5905711104,366018560
202,1772016331654,3204,3204,3204,3204,3204,3204,3204,3204,28.571430206298828,30.000001907348633,25,26.086956024169922,9.523809432983398,22.72727394104004,4.545454502105713,0,5.260992527008057,8589934592,2147483648,5900058624,366018560
203,1772016331857,3204,3204,3204,3204,3204,3204,3204,3204,36.842105865478516,35,33.333335876464844,26.3157901763916,10,5,0,4.761904716491699,5.260992527008057,8589934592,2147483648,5899943936,366018560
208,1772016332061,3204,3204,3204,3204,3204,3204,3204,3204,57.142860412597656,50,50,45,5,0,0,0,5.260992527008057,8589934592,2147483648,5909331968,366018560
203,1772016332270,3204,3204,3204,3204,3204,3204,3204,3204,30.000001907348633,33.333335876464844,28.571430206298828,31.81818199157715,0,0,0,0,5.260992527008057,8589934592,2147483648,5899698176,366018560
203,1772016332473,3204,3204,3204,3204,3204,3204,3204,3204,33.333335876464844,30.000001907348633,30.000001907348633,26.3157901763916,0,0,0,0,4.953114032745361,8589934592,2147483648,5900320768,366018560
205,1772016332677,3204,3204,3204,3204,3204,3204,3204,3204,30.000001907348633,28.571430206298828,21.052631378173828,15.000000953674316,0,0,0,0,4.953114032745361,8589934592,2147483648,5901107200,366018560
205,1772016332884,3204,3204,3204,3204,3204,3204,3204,3204,25,25,27.272727966308594,27.272727966308594,0,0,0,0,4.953114032745361,8589934592,2147483648,5901139968,366018560
209,1772016333090,3204,3204,3204,3204,3204,3204,3204,3204,28.571430206298828,33.333335876464844,25,25,9.090909004211426,0,0,0,4.953114032745361,8589934592,2147483648,5901631488,366018560
209,1772016333300,3204,3204,3204,3204,3204,3204,3204,3204,30.000001907348633,25,28.571430206298828,20,0,0,0,0,5.596704006195068,8589934592,2147483648,5901107200,366018560
209,1772016333510,3204,3204,3204,3204,3204,3204,3204,3204,27.272727966308594,28.571430206298828,23.809524536132813,19.047618865966797,0,0,0,0,5.596704006195068,8589934592,2147483648,5901107200,366018560
209,1772016333720,3204,3204,3204,3204,3204,3204,3204,3204,35,28.571430206298828,31.81818199157715,23.809524536132813,0,4.545454502105713,4.761904716491699,0,5.596704006195068,8589934592,2147483648,5901090816,366018560
209,1772016333930,3204,3204,3204,3204,3204,3204,3204,3204,31.81818199157715,28.571430206298828,21.052631378173828,23.809524536132813,0,0,0,0,5.596704006195068,8589934592,2147483648,5901123584,366018560
199,1772016334140,3204,3204,3204,3204,3204,3204,3204,3204,20,25,18.18181800842285,15.000000953674316,25,19.047618865966797,38.095237731933594,9.523809432983398,5.596704006195068,8589934592,2147483648,5908267008,366018560
207,1772016334340,3204,3204,3204,3204,3204,3204,3204,3204,15.000000953674316,19.047618865966797,10,10,5,0,0,0,4.968690872192383,8589934592,2147483648,5900255232,366018560
207,1772016334549,3204,3204,3204,3204,3204,3204,3204,3204,33.333335876464844,30.000001907348633,20,19.047618865966797,0,0,0,0,4.968690872192383,8589934592,2147483648,5900255232,366018560
207,1772016334756,3204,3204,3204,3204,3204,3204,3204,3204,28.571430206298828,30.000001907348633,23.809524536132813,14.285715103149414,0,4.761904716491699,9.090909004211426,4.761904716491699,4.968690872192383,8589934592,2147483648,5900435456,366018560
209,1772016334965,3204,3204,3204,3204,3204,3204,3204,3204,26.3157901763916,27.272727966308594,20,23.809524536132813,0,0,0,0,4.968690872192383,8589934592,2147483648,5900402688,366018560
201,1772016335175,3204,3204,3204,3204,3204,3204,3204,3204,23.809524536132813,25,15.000000953674316,19.047618865966797,4.761904716491699,0,0,0,4.968690872192383,8589934592,2147483648,5900353536,366018560
200,1772016335377,3204,3204,3204,3204,3204,3204,3204,3204,38.095237731933594,35,33.333335876464844,30.000001907348633,9.090909004211426,4.761904716491699,0,0,5.709869861602783,8589934592,2147483648,5900156928,366018560
207,1772016335578,3204,3204,3204,3204,3204,3204,3204,3204,31.57894515991211,28.571430206298828,30.000001907348633,25,0,0,0,0,5.709869861602783,8589934592,2147483648,5900156928,366018560
202,1772016335786,3204,3204,3204,3204,3204,3204,3204,3204,28.571430206298828,26.3157901763916,28.571430206298828,20,0,0,0,0,5.709869861602783,8589934592,2147483648,5900386304,366018560
199,1772016335989,3204,3204,3204,3204,3204,3204,3204,3204,35,28.571430206298828,26.3157901763916,23.809524536132813,0,0,0,0,5.709869861602783,8589934592,2147483648,5900255232,366018560
200,1772016336189,3204,3204,3204,3204,3204,3204,3204,3204,50,50,45,40,5,0,0,4.761904716491699,5.709869861602783,8589934592,2147483648,5900386304,366018560
201,1772016336390,3204,3204,3204,3204,3204,3204,3204,3204,50,50,40,42.105262756347656,5.263157844543457,9.523809432983398,4.761904716491699,0,4.94024133682251,8589934592,2147483648,5901549568,366018560
209,1772016336592,3204,3204,3204,3204,3204,3204,3204,3204,35,35,33.333335876464844,28.571430206298828,0,0,0,0,4.94024133682251,8589934592,2147483648,5902008320,366018560
204,1772016336802,3204,3204,3204,3204,3204,3204,3204,3204,30.000001907348633,28.571430206298828,25,19.047618865966797,9.090909004211426,23.809524536132813,0,0,4.94024133682251,8589934592,2147483648,5901402112,366018560
209,1772016337007,3204,3204,3204,3204,3204,3204,3204,3204,30.000001907348633,30.000001907348633,28.571430206298828,26.3157901763916,0,0,0,0,4.94024133682251,8589934592,2147483648,5901402112,366018560
206,1772016337217,3204,3204,3204,3204,3204,3204,3204,3204,28.571430206298828,28.571430206298828,20,19.047618865966797,0,0,0,0,4.94024133682251,8589934592,2147483648,5901303808,366018560
199,1772016337423,3204,3204,3204,3204,3204,3204,3204,3204,33.333335876464844,25,33.333335876464844,31.81818199157715,4.761904716491699,0,0,0,5.369089126586914,8589934592,2147483648,5903286272,366018560
209,1772016337624,3204,3204,3204,3204,3204,3204,3204,3204,35,30.000001907348633,21.052631378173828,26.3157901763916,0,0,0,0,5.369089126586914,8589934592,2147483648,5902270464,366018560
204,1772016337834,3204,3204,3204,3204,3204,3204,3204,3204,33.333335876464844,30.000001907348633,31.81818199157715,23.809524536132813,0,0,0,4.545454502105713,5.369089126586914,8589934592,2147483648,5900124160,366018560
203,1772016338038,3204,3204,3204,3204,3204,3204,3204,3204,36.842105865478516,35,30.000001907348633,28.571430206298828,0,0,4.545454502105713,0,5.369089126586914,8589934592,2147483648,5900189696,366018560
201,1772016338242,3204,3204,3204,3204,3204,3204,3204,3204,45.45454788208008,40.90909194946289,40,40,0,0,0,0,5.369089126586914,8589934592,2147483648,5900091392,366018560
208,1772016338444,3204,3204,3204,3204,3204,3204,3204,3204,31.57894515991211,36.842105865478516,30.000001907348633,30.000001907348633,9.523809432983398,9.090909004211426,0,0,5.329141139984131,8589934592,2147483648,5910233088,366018560
202,1772016338653,3204,3204,3204,3204,3204,3204,3204,3204,33.333335876464844,30.000001907348633,33.333335876464844,25,4.761904716491699,0,0,4.545454502105713,5.329141139984131,8589934592,2147483648,5900206080,366018560
203,1772016338856,3204,3204,3204,3204,3204,3204,3204,3204,25,28.571430206298828,20,20,0,0,0,0,5.329141139984131,8589934592,2147483648,5900206080,366018560
205,1772016339061,3204,3204,3204,3204,3204,3204,3204,3204,33.333335876464844,28.571430206298828,28.571430206298828,23.809524536132813,0,0,0,0,5.329141139984131,8589934592,2147483648,5899239424,366018560
209,1772016339267,3204,3204,3204,3204,3204,3204,3204,3204,26.3157901763916,25,28.571430206298828,20,0,0,0,0,5.329141139984131,8589934592,2147483648,5899304960,366018560
209,1772016339477,3204,3204,3204,3204,3204,3204,3204,3204,33.333335876464844,33.333335876464844,25,22.72727394104004,0,0,0,0,5.2054548263549805,8589934592,2147483648,5899321344,366018560
201,1772016339687,3204,3204,3204,3204,3204,3204,3204,3204,36.3636360168457,30.000001907348633,33.333335876464844,33.333335876464844,4.761904716491699,4.761904716491699,4.545454502105713,4.761904716491699,5.2054548263549805,8589934592,2147483648,5899354112,366018560
207,1772016339889,3204,3204,3204,3204,3204,3204,3204,3204,30.000001907348633,33.333335876464844,25,26.3157901763916,0,0,0,0,5.2054548263549805,8589934592,2147483648,5899714560,366018560
209,1772016340096,3204,3204,3204,3204,3204,3204,3204,3204,35,25,28.571430206298828,23.809524536132813,0,0,4.761904716491699,0,5.2054548263549805,8589934592,2147483648,5899943936,366018560
200,1772016340306,3204,3204,3204,3204,3204,3204,3204,3204,33.333335876464844,33.333335876464844,23.809524536132813,23.809524536132813,4.545454502105713,0,0,0,5.081732749938965,8589934592,2147483648,5900058624,366018560
209,1772016340508,3204,3204,3204,3204,3204,3204,3204,3204,36.842105865478516,40,31.57894515991211,35,5,0,0,0,5.081732749938965,8589934592,2147483648,5903777792,366018560
208,1772016340718,3204,3204,3204,3204,3204,3204,3204,3204,31.81818199157715,30.000001907348633,28.571430206298828,20,4.761904716491699,4.761904716491699,4.545454502105713,0,5.081732749938965,8589934592,2147483648,5900320768,366018560
207,1772016340927,3204,3204,3204,3204,3204,3204,3204,3204,50,47.619049072265625,45,40.90909194946289,0,0,0,0,5.081732749938965,8589934592,2147483648,5916409856,366018560
206,1772016341136,3204,3204,3204,3204,3204,3204,3204,3204,40.90909194946289,33.333335876464844,31.81818199157715,30.000001907348633,0,4.761904716491699,0,0,5.081732749938965,8589934592,2147483648,5925371904,366018560
208,1772016341344,3204,3204,3204,3204,3204,3204,3204,3204,35,28.571430206298828,30.000001907348633,23.809524536132813,0,0,0,0,5.125057697296143,8589934592,2147483648,5925666816,366018560
205,1772016341553,3204,3204,3204,3204,3204,3204,3204,3204,50,47.619049072265625,42.85714340209961,42.85714340209961,0,0,0,0,5.125057697296143,8589934592,2147483648,5927469056,366018560
209,1772016341759,3204,3204,3204,3204,3204,3204,3204,3204,33.333335876464844,26.3157901763916,35,30.000001907348633,9.523809432983398,28.571430206298828,0,0,5.125057697296143,8589934592,2147483648,5927665664,366018560
209,1772016341969,3204,3204,3204,3204,3204,3204,3204,3204,30.000001907348633,28.571430206298828,28.571430206298828,28.571430206298828,0,0,0,0,5.125057697296143,8589934592,2147483648,5927632896,366018560
205,1772016342180,3204,3204,3204,3204,3204,3204,3204,3204,33.333335876464844,36.3636360168457,33.333335876464844,28.571430206298828,4.761904716491699,0,0,4.545454502105713,5.125057697296143,8589934592,2147483648,5928337408,366018560
207,1772016342386,3204,3204,3204,3204,3204,3204,3204,3204,57.142860412597656,55,52.38095474243164,50,0,0,0,0,5.207932949066162,8589934592,2147483648,5930336256,366018560
208,1772016342594,3204,3204,3204,3204,3204,3204,3204,3204,47.619049072265625,45,40,42.85714340209961,0,4.761904716491699,4.761904716491699,0,5.207932949066162,8589934592,2147483648,5930647552,366018560
203,1772016342803,3204,3204,3204,3204,3204,3204,3204,3204,52.38095474243164,45.45454788208008,38.095237731933594,35,13.636363983154297,0,0,0,5.207932949066162,8589934592,2147483648,5944803328,366018560
203,1772016343007,3204,3204,3204,3204,3204,3204,3204,3204,36.842105865478516,36.842105865478516,42.85714340209961,35,0,0,0,4.761904716491699,5.207932949066162,8589934592,2147483648,5948194816,366018560
209,1772016343211,3204,3204,3204,3204,3204,3204,3204,3204,38.095237731933594,33.333335876464844,30.000001907348633,28.571430206298828,4.761904716491699,4.761904716491699,4.761904716491699,0,5.207932949066162,8589934592,2147483648,5948243968,366018560
204,1772016343421,3204,3204,3204,3204,3204,3204,3204,3204,26.3157901763916,25,25,27.272727966308594,0,0,0,0,5.4201860427856445,8589934592,2147483648,5948375040,366018560
209,1772016343626,3204,3204,3204,3204,3204,3204,3204,3204,31.81818199157715,38.095237731933594,27.272727966308594,21.052631378173828,0,0,0,0,5.4201860427856445,8589934592,2147483648,5948112896,366018560
209,1772016343836,3204,3204,3204,3204,3204,3204,3204,3204,33.333335876464844,25,25,28.571430206298828,4.545454502105713,4.545454502105713,0,0,5.4201860427856445,8589934592,2147483648,5948063744,366018560
203,1772016344046,3204,3204,3204,3204,3204,3204,3204,3204,40,36.3636360168457,33.333335876464844,33.333335876464844,0,0,0,0,5.4201860427856445,8589934592,2147483648,5948063744,366018560
209,1772016344251,3204,3204,3204,3204,3204,3204,3204,3204,30.000001907348633,30.000001907348633,35,25,0,0,0,0,5.4201860427856445,8589934592,2147483648,5924192256,366018560
209,1772016344460,3204,3204,3204,3204,3204,3204,3204,3204,33.333335876464844,38.095237731933594,28.571430206298828,23.809524536132813,0,0,0,0,5.66127872467041,8589934592,2147483648,5923258368,366018560
202,1772016344671,3204,3204,3204,3204,3204,3204,3204,3204,33.333335876464844,35,30.000001907348633,33.333335876464844,0,0,0,0,5.66127872467041,8589934592,2147483648,5923160064,366018560
208,1772016344874,3204,3204,3204,3204,3204,3204,3204,3204,28.571430206298828,30.000001907348633,25,19.047618865966797,10,5,0,0,5.66127872467041,8589934592,2147483648,5933416448,366018560
209,1772016345082,3204,3204,3204,3204,3204,3204,3204,3204,35,33.333335876464844,33.333335876464844,30.000001907348633,4.545454502105713,4.545454502105713,4.545454502105713,0,5.66127872467041,8589934592,2147483648,5924356096,366018560
209,1772016345293,3204,3204,3204,3204,3204,3204,3204,3204,33.333335876464844,36.3636360168457,38.095237731933594,33.333335876464844,0,0,0,0,5.060647010803223,8589934592,2147483648,5924061184,366018560
209,1772016345503,3204,3204,3204,3204,3204,3204,3204,3204,33.333335876464844,35,38.095237731933594,28.571430206298828,0,0,0,4.545454502105713,5.060647010803223,8589934592,2147483648,5924093952,366018560
202,1772016345713,3204,3204,3204,3204,3204,3204,3204,3204,33.333335876464844,28.571430206298828,28.571430206298828,28.571430206298828,0,0,0,0,5.060647010803223,8589934592,2147483648,5923995648,366018560
201,1772016345915,3204,3204,3204,3204,3204,3204,3204,3204,31.57894515991211,30.000001907348633,30.000001907348633,26.3157901763916,5,4.761904716491699,0,0,5.060647010803223,8589934592,2147483648,5924143104,366018560
205,1772016346118,3204,3204,3204,3204,3204,3204,3204,3204,30.000001907348633,30.000001907348633,30.000001907348633,23.809524536132813,0,0,0,0,5.060647010803223,8589934592,2147483648,5923979264,366018560
203,1772016346324,3204,3204,3204,3204,3204,3204,3204,3204,36.3636360168457,28.571430206298828,25,25,0,0,4.761904716491699,4.761904716491699,5.005239963531494,8589934592,2147483648,5923913728,366018560
208,1772016346527,3204,3204,3204,3204,3204,3204,3204,3204,26.3157901763916,31.57894515991211,33.333335876464844,25,4.761904716491699,0,4.761904716491699,0,5.005239963531494,8589934592,2147483648,5923962880,366018560
201,1772016346736,3204,3204,3204,3204,3204,3204,3204,3204,33.333335876464844,28.571430206298828,33.333335876464844,23.809524536132813,4.761904716491699,27.272727966308594,0,0,5.005239963531494,8589934592,2147483648,5923979264,366018560
209,1772016346938,3204,3204,3204,3204,3204,3204,3204,3204,57.894737243652344,52.38095474243164,42.105262756347656,47.619049072265625,14.285715103149414,0,4.761904716491699,4.761904716491699,5.005239963531494,8589934592,2147483648,5961629696,366018560
207,1772016347148,3204,3204,3204,3204,3204,3204,3204,3204,57.142860412597656,55,47.619049072265625,45,0,0,0,0,5.005239963531494,8589934592,2147483648,5961629696,366018560
199,1772016347356,3204,3204,3204,3204,3204,3204,3204,3204,66.66667175292969,61.904762268066406,66.66667175292969,66.66667175292969,9.523809432983398,4.761904716491699,0,0,5.160025596618652,8589934592,2147483648,5965430784,366018560
207,1772016347556,3204,3204,3204,3204,3204,3204,3204,3204,70,65,63.15789031982422,60.000003814697266,5,5,0,0,5.160025596618652,8589934592,2147483648,5978636288,366018560
200,1772016347764,3204,3204,3204,3204,3204,3204,3204,3204,47.619049072265625,40,36.3636360168457,38.095237731933594,10.526315689086914,19.047618865966797,0,0,5.160025596618652,8589934592,2147483648,5976866816,366018560
205,1772016347965,3204,3204,3204,3204,3204,3204,3204,3204,50,50,36.842105865478516,57.894737243652344,4.761904716491699,0,0,0,5.160025596618652,8589934592,2147483648,5962022912,366018560
209,1772016348171,3204,3204,3204,3204,3204,3204,3204,3204,50,65,59.09090805053711,33.333335876464844,0,0,4.545454502105713,0,5.160025596618652,8589934592,2147483648,5945868288,366018560
208,1772016348381,3204,3204,3204,3204,3204,3204,3204,3204,68.18181610107422,63.6363639831543,66.66667175292969,61.904762268066406,0,0,0,0,5.472015380859375,8589934592,2147483648,5946261504,366018560
209,1772016348590,3204,3204,3204,3204,3204,3204,3204,3204,36.842105865478516,45,36.842105865478516,28.571430206298828,4.545454502105713,0,0,4.545454502105713,5.472015380859375,8589934592,2147483648,5946327040,366018560
209,1772016348800,3204,3204,3204,3204,3204,3204,3204,3204,40.90909194946289,38.095237731933594,42.85714340209961,38.095237731933594,0,0,0,0,5.472015380859375,8589934592,2147483648,5946490880,366018560
201,1772016349010,3204,3204,3204,3204,3204,3204,3204,3204,28.571430206298828,28.571430206298828,28.571430206298828,27.272727966308594,0,0,0,0,5.472015380859375,8589934592,2147483648,5946654720,366018560
209,1772016349213,3204,3204,3204,3204,3204,3204,3204,3204,47.36842346191406,35,35,27.77777862548828,20,9.523809432983398,0,5,5.472015380859375,8589934592,2147483648,5945786368,366018560
209,1772016349423,3204,3204,3204,3204,3204,3204,3204,3204,27.272727966308594,33.333335876464844,22.72727394104004,22.72727394104004,100,0,4.545454502105713,0,6.481720924377441,8589934592,2147483648,5946212352,366018560
206,1772016349633,3204,3204,3204,3204,3204,3204,3204,3204,25,28.571430206298828,25,19.047618865966797,100,4.761904716491699,0,0,6.481720924377441,8589934592,2147483648,5946294272,366018560
207,1772016349840,3204,3204,3204,3204,3204,3204,3204,3204,35,35,23.809524536132813,25,30.000001907348633,0,0,0,6.481720924377441,8589934592,2147483648,5950373888,366018560
202,1772016350048,3204,3204,3204,3204,3204,3204,3204,3204,50,45,40,38.095237731933594,38.095237731933594,0,66.66667175292969,0,6.481720924377441,8589934592,2147483648,5950373888,366018560
203,1772016350251,3204,3204,3204,3204,3204,3204,3204,3204,30.000001907348633,31.81818199157715,25,25,42.85714340209961,19.047618865966797,35,0,6.481720924377441,8589934592,2147483648,5950373888,366018560
204,1772016350455,3204,3204,3204,3204,3204,3204,3204,3204,31.57894515991211,22.22222328186035,25,20,31.57894515991211,5,0,0,5.517478942871094,8589934592,2147483648,5952438272,366018560
208,1772016350661,3204,3204,3204,3204,3204,3204,3204,3204,33.333335876464844,36.3636360168457,28.571430206298828,25,50,100,0,4.761904716491699,5.517478942871094,8589934592,2147483648,5931712512,366018560
205,1772016350870,3204,3204,3204,3204,3204,3204,3204,3204,33.333335876464844,25,23.809524536132813,23.809524536132813,0,100,0,0,5.517478942871094,8589934592,2147483648,5931712512,366018560
209,1772016351075,3204,3204,3204,3204,3204,3204,3204,3204,30.000001907348633,28.571430206298828,28.571430206298828,28.571430206298828,4.761904716491699,33.333335876464844,0,0,5.517478942871094,8589934592,2147483648,5931712512,366018560
209,1772016351285,3204,3204,3204,3204,3204,3204,3204,3204,38.095237731933594,30.000001907348633,30.000001907348633,33.333335876464844,71.42857360839844,30.000001907348633,9.090909004211426,0,5.517478942871094,8589934592,2147483648,5931712512,366018560
204,1772016351495,3204,3204,3204,3204,3204,3204,3204,3204,23.809524536132813,28.571430206298828,23.809524536132813,28.571430206298828,52.38095474243164,45.45454788208008,23.809524536132813,0,10.277499198913574,8589934592,2147483648,5917523968,366018560
209,1772016351700,3204,3204,3204,3204,3204,3204,3204,3204,45,42.85714340209961,40,35,23.809524536132813,10,75,0,10.277499198913574,8589934592,2147483648,5927501824,366018560
208,1772016351911,3204,3204,3204,3204,3204,3204,3204,3204,33.333335876464844,30.000001907348633,31.81818199157715,33.333335876464844,75,9.090909004211426,27.272727966308594,4.545454502105713,10.277499198913574,8589934592,2147483648,5928353792,366018560
203,1772016352119,3204,3204,3204,3204,3204,3204,3204,3204,25,28.571430206298828,23.809524536132813,23.809524536132813,66.66667175292969,45,0,0,10.277499198913574,8589934592,2147483648,5928615936,366018560
209,1772016352323,3204,3204,3204,3204,3204,3204,3204,3204,33.333335876464844,30.000001907348633,26.3157901763916,25,10,9.523809432983398,38.095237731933594,0,9.365299224853516,8589934592,2147483648,5915951104,366018560
201,1772016352533,3204,3204,3204,3204,3204,3204,3204,3204,35,27.272727966308594,23.809524536132813,23.809524536132813,9.090909004211426,90.47618865966797,4.761904716491699,0,9.365299224853516,8589934592,2147483648,5916229632,366018560
202,1772016352735,3204,3204,3204,3204,3204,3204,3204,3204,30.000001907348633,21.052631378173828,20,20,0,100,0,0,9.365299224853516,8589934592,2147483648,5916278784,366018560
209,1772016352938,3204,3204,3204,3204,3204,3204,3204,3204,30.000001907348633,25,30.000001907348633,25,0,31.57894515991211,0,0,9.365299224853516,8589934592,2147483648,5915607040,366018560
208,1772016353148,3204,3204,3204,3204,3204,3204,3204,3204,33.333335876464844,33.333335876464844,20,20,5,95.23809814453125,0,0,9.365299224853516,8589934592,2147483648,5915607040,366018560
209,1772016353356,3204,3204,3204,3204,3204,3204,3204,3204,33.333335876464844,28.571430206298828,27.272727966308594,27.272727966308594,85.71428680419922,19.047618865966797,4.761904716491699,4.761904716491699,10.625953674316406,8589934592,2147483648,5908004864,366018560
207,1772016353567,3204,3204,3204,3204,3204,3204,3204,3204,30.000001907348633,25,25,20,42.85714340209961,4.761904716491699,0,0,10.625953674316406,8589934592,2147483648,5899714560,366018560
209,1772016353775,3204,3204,3204,3204,3204,3204,3204,3204,31.81818199157715,28.571430206298828,23.809524536132813,28.571430206298828,47.619049072265625,0,52.38095474243164,0,10.625953674316406,8589934592,2147483648,5899796480,366018560
208,1772016353985,3204,3204,3204,3204,3204,3204,3204,3204,33.333335876464844,28.571430206298828,23.809524536132813,23.809524536132813,4.761904716491699,61.904762268066406,36.3636360168457,0,10.625953674316406,8589934592,2147483648,5899091968,366018560
208,1772016354194,3204,3204,3204,3204,3204,3204,3204,3204,35,30.000001907348633,30.000001907348633,23.809524536132813,4.761904716491699,35,0,0,10.625953674316406,8589934592,2147483648,5899075584,366018560
202,1772016354403,3204,3204,3204,3204,3204,3204,3204,3204,47.619049072265625,42.85714340209961,42.85714340209961,40,4.761904716491699,95.23809814453125,0,0,10.030791282653809,8589934592,2147483648,5899157504,366018560
200,1772016354605,3204,3204,3204,3204,3204,3204,3204,3204,35,35,30.000001907348633,30.000001907348633,25,71.42857360839844,0,9.090909004211426,10.030791282653809,8589934592,2147483648,5899763712,366018560
204,1772016354806,3204,3204,3204,3204,3204,3204,3204,3204,30.000001907348633,33.333335876464844,28.571430206298828,23.809524536132813,4.761904716491699,31.57894515991211,0,0,10.030791282653809,8589934592,2147483648,5898715136,366018560
209,1772016355010,3204,3204,3204,3204,3204,3204,3204,3204,30.000001907348633,30.000001907348633,30.000001907348633,25,40,57.142860412597656,0,0,10.030791282653809,8589934592,2147483648,5897715712,366018560
206,1772016355220,3204,3204,3204,3204,3204,3204,3204,3204,25,28.571430206298828,20,23.809524536132813,70,0,4.545454502105713,0,10.030791282653809,8589934592,2147483648,5899272192,366018560
208,1772016355427,3204,3204,3204,3204,3204,3204,3204,3204,33.333335876464844,25,27.272727966308594,25,52.38095474243164,8.69565200805664,0,0,9.115063667297363,8589934592,2147483648,5899272192,366018560
207,1772016355636,3204,3204,3204,3204,3204,3204,3204,3204,33.333335876464844,35,26.3157901763916,30.000001907348633,47.619049072265625,0,0,0,9.115063667297363,8589934592,2147483648,5885771776,366018560
208,1772016355844,3204,3204,3204,3204,3204,3204,3204,3204,33.333335876464844,31.81818199157715,27.272727966308594,31.81818199157715,38.095237731933594,4.761904716491699,9.523809432983398,0,9.115063667297363,8589934592,2147483648,5890195456,366018560
209,1772016356053,3204,3204,3204,3204,3204,3204,3204,3204,30.000001907348633,35,21.052631378173828,20,50,0,0,0,9.115063667297363,8589934592,2147483648,5903712256,366018560
203,1772016356263,3204,3204,3204,3204,3204,3204,3204,3204,40,35,33.333335876464844,28.571430206298828,28.571430206298828,4.761904716491699,0,0,9.115063667297363,8589934592,2147483648,5895061504,366018560
206,1772016356467,3204,3204,3204,3204,3204,3204,3204,3204,28.571430206298828,30.000001907348633,23.809524536132813,20,75,4.761904716491699,0,4.761904716491699,9.906551361083984,8589934592,2147483648,5889687552,366018560
209,1772016356674,3204,3204,3204,3204,3204,3204,3204,3204,35,36.3636360168457,25,23.809524536132813,47.619049072265625,4.761904716491699,15.000000953674316,0,9.906551361083984,8589934592,2147483648,5873516544,366018560
200,1772016356884,3204,3204,3204,3204,3204,3204,3204,3204,28.571430206298828,30.000001907348633,19.047618865966797,23.809524536132813,30.000001907348633,0,0,5,9.906551361083984,8589934592,2147483648,5863653376,366018560
203,1772016357086,3204,3204,3204,3204,3204,3204,3204,3204,31.57894515991211,33.333335876464844,30.000001907348633,30.000001907348633,95.23809814453125,0,0,0,9.906551361083984,8589934592,2147483648,5871976448,366018560
203,1772016357290,3204,3204,3204,3204,3204,3204,3204,3204,45,47.36842346191406,35,33.333335876464844,30.000001907348633,0,0,0,8.36963176727295,8589934592,2147483648,5871976448,366018560
209,1772016357493,3204,3204,3204,3204,3204,3204,3204,3204,35,31.57894515991211,28.571430206298828,26.3157901763916,40,5,0,0,8.36963176727295,8589934592,2147483648,5871976448,366018560
202,1772016357703,3204,3204,3204,3204,3204,3204,3204,3204,40.90909194946289,39.130435943603516,25,28.571430206298828,38.095237731933594,0,0,0,8.36963176727295,8589934592,2147483648,5869977600,366018560
209,1772016357906,3204,3204,3204,3204,3204,3204,3204,3204,40,31.57894515991211,35,33.333335876464844,35,0,0,0,8.36963176727295,8589934592,2147483648,5864488960,366018560
202,1772016358116,3204,3204,3204,3204,3204,3204,3204,3204,35,30.000001907348633,23.809524536132813,30.000001907348633,90.47618865966797,4.545454502105713,13.636363983154297,4.545454502105713,8.36963176727295,8589934592,2147483648,5872844800,366018560
201,1772016358319,3204,3204,3204,3204,3204,3204,3204,3204,40,35,30.000001907348633,30.000001907348633,31.57894515991211,10,0,0,9.299474716186523,8589934592,2147483648,5865668608,366018560
207,1772016358521,3204,3204,3204,3204,3204,3204,3204,3204,45,50,40,36.842105865478516,50,5.263157844543457,5,0,9.299474716186523,8589934592,2147483648,5867241472,366018560
209,1772016358730,3204,3204,3204,3204,3204,3204,3204,3204,40,38.095237731933594,33.333335876464844,36.3636360168457,47.619049072265625,9.090909004211426,0,4.545454502105713,9.299474716186523,8589934592,2147483648,5862146048,366018560
199,1772016358940,3204,3204,3204,3204,3204,3204,3204,3204,33.333335876464844,30.000001907348633,28.571430206298828,25,9.090909004211426,9.090909004211426,4.545454502105713,0,9.299474716186523,8589934592,2147483648,5862572032,366018560
207,1772016359140,3204,3204,3204,3204,3204,3204,3204,3204,50,45.45454788208008,35,35,25,0,5.263157844543457,4.761904716491699,9.299474716186523,8589934592,2147483648,5862572032,366018560
201,1772016359349,3204,3204,3204,3204,3204,3204,3204,3204,25,26.3157901763916,25,19.047618865966797,0,0,10,0,9.011826515197754,8589934592,2147483648,5862572032,366018560
204,1772016359551,3204,3204,3204,3204,3204,3204,3204,3204,35,38.095237731933594,38.095237731933594,30.000001907348633,0,0,4.761904716491699,0,9.011826515197754,8589934592,2147483648,5862572032,366018560
209,1772016359756,3204,3204,3204,3204,3204,3204,3204,3204,35,30.000001907348633,45,28.571430206298828,14.285715103149414,5,0,0,9.011826515197754,8589934592,2147483648,5871976448,366018560
207,1772016359966,3204,3204,3204,3204,3204,3204,3204,3204,36.3636360168457,28.571430206298828,28.571430206298828,23.809524536132813,0,0,0,0,9.011826515197754,8589934592,2147483648,5862703104,366018560
209,1772016360174,3204,3204,3204,3204,3204,3204,3204,3204,47.619049072265625,45,45,40,4.761904716491699,4.545454502105713,0,0,9.011826515197754,8589934592,2147483648,5873008640,366018560
209,1772016360383,3204,3204,3204,3204,3204,3204,3204,3204,40,42.85714340209961,33.333335876464844,33.333335876464844,0,0,0,4.761904716491699,7.493936061859131,8589934592,2147483648,5873008640,366018560
209,1772016360593,3204,3204,3204,3204,3204,3204,3204,3204,45.45454788208008,47.619049072265625,42.85714340209961,42.85714340209961,0,0,4.545454502105713,0,7.493936061859131,8589934592,2147483648,5873008640,366018560
203,1772016360803,3204,3204,3204,3204,3204,3204,3204,3204,40,42.85714340209961,38.095237731933594,35,4.545454502105713,4.761904716491699,0,0,7.493936061859131,8589934592,2147483648,5874499584,366018560
205,1772016361007,3204,3204,3204,3204,3204,3204,3204,3204,40,35,30.000001907348633,33.333335876464844,0,0,0,0,7.493936061859131,8589934592,2147483648,5873778688,366018560
204,1772016361215,3204,3204,3204,3204,3204,3204,3204,3204,38.095237731933594,40,38.095237731933594,33.333335876464844,0,0,0,0,7.493936061859131,8589934592,2147483648,5871599616,366018560
201,1772016361419,3204,3204,3204,3204,3204,3204,3204,3204,36.842105865478516,42.85714340209961,35,40,0,0,0,0,5.1400837898254395,8589934592,2147483648,5871599616,366018560
209,1772016361621,3204,3204,3204,3204,3204,3204,3204,3204,52.38095474243164,55,50,45,0,0,0,0,5.1400837898254395,8589934592,2147483648,5871599616,366018560
207,1772016361832,3204,3204,3204,3204,3204,3204,3204,3204,35,33.333335876464844,33.333335876464844,33.333335876464844,9.523809432983398,27.272727966308594,8.69565200805664,4.761904716491699,5.1400837898254395,8589934592,2147483648,5870190592,366018560
209,1772016362040,3204,3204,3204,3204,3204,3204,3204,3204,38.095237731933594,40,35,25,9.523809432983398,0,0,0,5.1400837898254395,8589934592,2147483648,5861949440,366018560
209,1772016362250,3204,3204,3204,3204,3204,3204,3204,3204,33.333335876464844,28.571430206298828,28.571430206298828,28.571430206298828,0,0,0,0,5.1400837898254395,8589934592,2147483648,5862146048,366018560
205,1772016362460,3204,3204,3204,3204,3204,3204,3204,3204,38.095237731933594,31.81818199157715,28.571430206298828,23.809524536132813,4.761904716491699,0,0,0,5.197642803192139,8589934592,2147483648,5862604800,366018560
206,1772016362666,3204,3204,3204,3204,3204,3204,3204,3204,33.333335876464844,31.57894515991211,33.333335876464844,25,0,0,0,0,5.197642803192139,8589934592,2147483648,5861998592,366018560
207,1772016362874,3204,3204,3204,3204,3204,3204,3204,3204,30.000001907348633,28.571430206298828,33.333335876464844,25,4.761904716491699,4.761904716491699,4.545454502105713,4.761904716491699,5.197642803192139,8589934592,2147483648,5862047744,366018560
207,1772016363082,3204,3204,3204,3204,3204,3204,3204,3204,30.000001907348633,28.571430206298828,30.000001907348633,27.272727966308594,0,0,0,0,5.197642803192139,8589934592,2147483648,5861638144,366018560
206,1772016363290,3204,3204,3204,3204,3204,3204,3204,3204,33.333335876464844,35,20,25,0,0,0,0,5.58581018447876,8589934592,2147483648,5859098624,366018560
204,1772016363498,3204,3204,3204,3204,3204,3204,3204,3204,28.571430206298828,28.571430206298828,23.809524536132813,27.272727966308594,4.761904716491699,4.545454502105713,0,0,5.58581018447876,8589934592,2147483648,5859115008,366018560
201,1772016363703,3204,3204,3204,3204,3204,3204,3204,3204,40,42.85714340209961,38.095237731933594,31.57894515991211,0,0,0,0,5.58581018447876,8589934592,2147483648,5859360768,366018560
205,1772016363905,3204,3204,3204,3204,3204,3204,3204,3204,42.105262756347656,40,40,33.333335876464844,0,0,0,0,5.58581018447876,8589934592,2147483648,5859377152,366018560
208,1772016364111,3204,3204,3204,3204,3204,3204,3204,3204,28.571430206298828,35,25,25,14.285715103149414,4.761904716491699,4.761904716491699,4.761904716491699,5.58581018447876,8589934592,2147483648,5867831296,366018560
200,1772016364320,3204,3204,3204,3204,3204,3204,3204,3204,36.3636360168457,30.000001907348633,25,23.809524536132813,0,0,0,0,5.019471168518066,8589934592,2147483648,5858607104,366018560
207,1772016364521,3204,3204,3204,3204,3204,3204,3204,3204,26.3157901763916,35,27.272727966308594,20,0,0,0,0,5.019471168518066,8589934592,2147483648,5858951168,366018560
209,1772016364729,3204,3204,3204,3204,3204,3204,3204,3204,38.095237731933594,42.85714340209961,31.57894515991211,35,0,4.545454502105713,0,0,5.019471168518066,8589934592,2147483648,5859606528,366018560
200,1772016364939,3204,3204,3204,3204,3204,3204,3204,3204,40,38.095237731933594,33.333335876464844,38.095237731933594,4.545454502105713,0,0,0,5.019471168518066,8589934592,2147483648,5859639296,366018560
209,1772016365140,3204,3204,3204,3204,3204,3204,3204,3204,28.571430206298828,25,20,20,4.761904716491699,4.761904716491699,0,0,5.019471168518066,8589934592,2147483648,5859639296,366018560
200,1772016365350,3204,3204,3204,3204,3204,3204,3204,3204,31.57894515991211,33.333335876464844,30.000001907348633,36.3636360168457,0,4.761904716491699,0,0,5.315896511077881,8589934592,2147483648,5860261888,366018560
200,1772016365551,3204,3204,3204,3204,3204,3204,3204,3204,36.3636360168457,35,33.333335876464844,36.842105865478516,0,0,0,0,5.315896511077881,8589934592,2147483648,5860229120,366018560
201,1772016365753,3204,3204,3204,3204,3204,3204,3204,3204,35,31.57894515991211,25,30.000001907348633,4.761904716491699,5,4.761904716491699,4.761904716491699,5.315896511077881,8589934592,2147483648,5860311040,366018560
208,1772016365955,3204,3204,3204,3204,3204,3204,3204,3204,40,35,31.57894515991211,38.095237731933594,0,0,0,0,5.315896511077881,8589934592,2147483648,5860556800,366018560
209,1772016366164,3204,3204,3204,3204,3204,3204,3204,3204,26.3157901763916,33.333335876464844,27.272727966308594,25,0,4.761904716491699,4.761904716491699,0,5.315896511077881,8589934592,2147483648,5862277120,366018560
205,1772016366375,3204,3204,3204,3204,3204,3204,3204,3204,31.81818199157715,31.81818199157715,28.571430206298828,33.333335876464844,9.523809432983398,0,0,4.545454502105713,5.278742790222168,8589934592,2147483648,5856296960,366018560
209,1772016366581,3204,3204,3204,3204,3204,3204,3204,3204,30.000001907348633,26.3157901763916,28.571430206298828,33.333335876464844,0,0,0,0,5.278742790222168,8589934592,2147483648,5856591872,366018560
209,1772016366790,3204,3204,3204,3204,3204,3204,3204,3204,38.095237731933594,42.85714340209961,25,30.000001907348633,10,19.047618865966797,4.545454502105713,4.545454502105713,5.278742790222168,8589934592,2147483648,5856591872,366018560
199,1772016367001,3204,3204,3204,3204,3204,3204,3204,3204,30.000001907348633,33.333335876464844,27.272727966308594,23.809524536132813,0,0,0,0,5.278742790222168,8589934592,2147483648,5856411648,366018560
209,1772016367201,3204,3204,3204,3204,3204,3204,3204,3204,28.571430206298828,30.000001907348633,22.22222328186035,20,4.761904716491699,0,0,0,5.278742790222168,8589934592,2147483648,5857574912,366018560
209,1772016367411,3204,3204,3204,3204,3204,3204,3204,3204,25,38.095237731933594,27.272727966308594,23.809524536132813,0,0,0,0,5.312553882598877,8589934592,2147483648,5856641024,366018560
209,1772016367621,3204,3204,3204,3204,3204,3204,3204,3204,31.81818199157715,28.571430206298828,28.571430206298828,20,0,0,0,0,5.312553882598877,8589934592,2147483648,5856706560,366018560
201,1772016367831,3204,3204,3204,3204,3204,3204,3204,3204,28.571430206298828,28.571430206298828,20,27.272727966308594,0,4.761904716491699,0,0,5.312553882598877,8589934592,2147483648,5857869824,366018560
207,1772016368032,3204,3204,3204,3204,3204,3204,3204,3204,36.842105865478516,35,35,38.095237731933594,0,0,0,0,5.312553882598877,8589934592,2147483648,5858902016,366018560
209,1772016368240,3204,3204,3204,3204,3204,3204,3204,3204,50,38.095237731933594,42.85714340209961,31.57894515991211,4.545454502105713,0,0,0,5.312553882598877,8589934592,2147483648,5859409920,366018560
206,1772016368450,3204,3204,3204,3204,3204,3204,3204,3204,36.842105865478516,30.000001907348633,38.095237731933594,27.272727966308594,9.523809432983398,4.545454502105713,4.761904716491699,0,5.083941459655762,8589934592,2147483648,5861146624,366018560
207,1772016368657,3204,3204,3204,3204,3204,3204,3204,3204,33.333335876464844,30.000001907348633,33.333335876464844,25,0,0,0,4.545454502105713,5.083941459655762,8589934592,2147483648,5860917248,366018560
207,1772016368865,3204,3204,3204,3204,3204,3204,3204,3204,33.333335876464844,31.81818199157715,25,19.047618865966797,0,0,0,0,5.083941459655762,8589934592,2147483648,5860917248,366018560
204,1772016369073,3204,3204,3204,3204,3204,3204,3204,3204,30.000001907348633,30.000001907348633,33.333335876464844,28.571430206298828,4.545454502105713,0,0,0,5.083941459655762,8589934592,2147483648,5861212160,366018560
209,1772016369278,3204,3204,3204,3204,3204,3204,3204,3204,30.000001907348633,30.000001907348633,26.3157901763916,25,0,0,0,0,5.083941459655762,8589934592,2147483648,5861261312,366018560
205,1772016369488,3204,3204,3204,3204,3204,3204,3204,3204,33.333335876464844,33.333335876464844,30.434782028198242,23.809524536132813,0,4.761904716491699,0,0,5.187129974365234,8589934592,2147483648,5861097472,366018560
209,1772016369695,3204,3204,3204,3204,3204,3204,3204,3204,33.333335876464844,28.571430206298828,31.57894515991211,23.809524536132813,0,0,0,0,5.187129974365234,8589934592,2147483648,5861146624,366018560
209,1772016369905,3204,3204,3204,3204,3204,3204,3204,3204,25,25,23.809524536132813,20,4.545454502105713,0,0,0,5.187129974365234,8589934592,2147483648,5861163008,366018560
205,1772016370115,3204,3204,3204,3204,3204,3204,3204,3204,33.333335876464844,31.81818199157715,27.272727966308594,23.809524536132813,0,0,0,0,5.187129974365234,8589934592,2147483648,5861179392,366018560
201,1772016370321,3204,3204,3204,3204,3204,3204,3204,3204,50,42.105262756347656,40,35,0,0,0,0,5.307092666625977,8589934592,2147483648,5863784448,366018560
209,1772016370523,3204,3204,3204,3204,3204,3204,3204,3204,38.095237731933594,38.095237731933594,30.000001907348633,28.571430206298828,5.263157844543457,9.523809432983398,0,0,5.307092666625977,8589934592,2147483648,5872238592,366018560
204,1772016370734,3204,3204,3204,3204,3204,3204,3204,3204,30.000001907348633,20,25,30.000001907348633,0,0,0,0,5.307092666625977,8589934592,2147483648,5862539264,366018560
204,1772016370938,3204,3204,3204,3204,3204,3204,3204,3204,33.333335876464844,33.333335876464844,23.809524536132813,33.333335876464844,4.761904716491699,0,0,0,5.307092666625977,8589934592,2147483648,5862539264,366018560
209,1772016371144,3204,3204,3204,3204,3204,3204,3204,3204,30.000001907348633,30.000001907348633,25,20,0,0,0,0,5.307092666625977,8589934592,2147483648,5862899712,366018560
207,1772016371354,3204,3204,3204,3204,3204,3204,3204,3204,33.333335876464844,31.81818199157715,27.272727966308594,19.047618865966797,0,0,0,0,4.995163917541504,8589934592,2147483648,5862932480,366018560
201,1772016371562,3204,3204,3204,3204,3204,3204,3204,3204,33.333335876464844,26.3157901763916,25,28.571430206298828,0,0,4.761904716491699,0,4.995163917541504,8589934592,2147483648,5863325696,366018560
209,1772016371764,3204,3204,3204,3204,3204,3204,3204,3204,30.000001907348633,28.571430206298828,26.3157901763916,20,19.047618865966797,14.285715103149414,0,0,4.995163917541504,8589934592,2147483648,5863178240,366018560
205,1772016371975,3204,3204,3204,3204,3204,3204,3204,3204,23.809524536132813,23.809524536132813,31.81818199157715,15.000000953674316,0,0,0,0,4.995163917541504,8589934592,2147483648,5863342080,366018560
209,1772016372181,3204,3204,3204,3204,3204,3204,3204,3204,33.333335876464844,25,21.052631378173828,22.72727394104004,0,4.761904716491699,0,0,4.995163917541504,8589934592,2147483648,5863129088,366018560
201,1772016372390,3204,3204,3204,3204,3204,3204,3204,3204,30.000001907348633,28.571430206298828,30.434782028198242,21.052631378173828,0,0,0,0,5.189812183380127,8589934592,2147483648,5863145472,366018560
209,1772016372592,3204,3204,3204,3204,3204,3204,3204,3204,36.842105865478516,30.000001907348633,26.3157901763916,25,4.761904716491699,0,0,0,5.189812183380127,8589934592,2147483648,5864046592,366018560
208,1772016372802,3204,3204,3204,3204,3204,3204,3204,3204,28.571430206298828,30.000001907348633,23.809524536132813,27.272727966308594,10,0,0,0,5.189812183380127,8589934592,2147483648,5862785024,366018560
203,1772016373011,3204,3204,3204,3204,3204,3204,3204,3204,33.333335876464844,33.333335876464844,20,23.809524536132813,4.545454502105713,0,0,0,5.189812183380127,8589934592,2147483648,5862883328,366018560
209,1772016373215,3204,3204,3204,3204,3204,3204,3204,3204,38.095237731933594,33.333335876464844,33.333335876464844,23.809524536132813,0,0,0,0,5.189812183380127,8589934592,2147483648,5862965248,366018560
206,1772016373425,3204,3204,3204,3204,3204,3204,3204,3204,33.333335876464844,28.571430206298828,19.047618865966797,20,0,0,0,4.545454502105713,5.03269100189209,8589934592,2147483648,5862850560,366018560
208,1772016373633,3204,3204,3204,3204,3204,3204,3204,3204,30.000001907348633,30.000001907348633,30.000001907348633,23.809524536132813,4.761904716491699,4.761904716491699,4.545454502105713,0,5.03269100189209,8589934592,2147483648,5862981632,366018560
209,1772016373841,3204,3204,3204,3204,3204,3204,3204,3204,42.85714340209961,35,38.095237731933594,35,0,0,4.545454502105713,0,5.03269100189209,8589934592,2147483648,5862785024,366018560
209,1772016374051,3204,3204,3204,3204,3204,3204,3204,3204,28.571430206298828,31.81818199157715,20,20,0,0,0,0,5.03269100189209,8589934592,2147483648,5862899712,366018560
209,1772016374261,3204,3204,3204,3204,3204,3204,3204,3204,28.571430206298828,30.000001907348633,27.272727966308594,22.72727394104004,0,0,0,0,5.03269100189209,8589934592,2147483648,5861900288,366018560
199,1772016374472,3204,3204,3204,3204,3204,3204,3204,3204,35,33.333335876464844,30.000001907348633,27.272727966308594,0,0,0,0,5.002120018005371,8589934592,2147483648,5861965824,366018560
206,1772016374672,3204,3204,3204,3204,3204,3204,3204,3204,26.3157901763916,30.000001907348633,28.571430206298828,21.052631378173828,4.761904716491699,0,0,0,5.002120018005371,8589934592,2147483648,5861949440,366018560
209,1772016374879,3204,3204,3204,3204,3204,3204,3204,3204,28.571430206298828,30.000001907348633,25,20,9.523809432983398,8.69565200805664,0,0,5.002120018005371,8589934592,2147483648,5861949440,366018560
209,1772016375090,3204,3204,3204,3204,3204,3204,3204,3204,28.571430206298828,31.81818199157715,28.571430206298828,19.047618865966797,0,0,0,0,5.002120018005371,8589934592,2147483648,5861949440,366018560
206,1772016375300,3204,3204,3204,3204,3204,3204,3204,3204,40.90909194946289,40,36.3636360168457,38.095237731933594,5,5,4.761904716491699,4.545454502105713,4.9694504737854,8589934592,2147483648,5856002048,366018560
209,1772016375507,3204,3204,3204,3204,3204,3204,3204,3204,36.842105865478516,40,31.57894515991211,33.333335876464844,0,0,0,0,4.9694504737854,8589934592,2147483648,5856100352,366018560
207,1772016375717,3204,3204,3204,3204,3204,3204,3204,3204,28.571430206298828,33.333335876464844,31.81818199157715,20,0,0,0,0,4.9694504737854,8589934592,2147483648,5855952896,366018560
203,1772016375924,3204,3204,3204,3204,3204,3204,3204,3204,33.333335876464844,33.333335876464844,25,28.571430206298828,4.545454502105713,0,0,0,4.9694504737854,8589934592,2147483648,5856034816,366018560
209,1772016376128,3204,3204,3204,3204,3204,3204,3204,3204,33.333335876464844,33.333335876464844,20,19.047618865966797,0,0,0,0,4.9694504737854,8589934592,2147483648,5854183424,366018560
201,1772016376338,3204,3204,3204,3204,3204,3204,3204,3204,30.000001907348633,28.571430206298828,25,23.809524536132813,0,0,0,0,5.083968162536621,8589934592,2147483648,5854576640,366018560
200,1772016376540,3204,3204,3204,3204,3204,3204,3204,3204,35,31.57894515991211,33.333335876464844,26.3157901763916,0,0,0,0,5.083968162536621,8589934592,2147483648,5856477184,366018560
209,1772016376740,3204,3204,3204,3204,3204,3204,3204,3204,30.000001907348633,25,40,23.809524536132813,5,23.809524536132813,0,0,5.083968162536621,8589934592,2147483648,5856477184,366018560
209,1772016376951,3204,3204,3204,3204,3204,3204,3204,3204,30.000001907348633,31.81818199157715,20,25,5,9.090909004211426,4.545454502105713,0,5.083968162536621,8589934592,2147483648,5856477184,366018560
209,1772016377161,3204,3204,3204,3204,3204,3204,3204,3204,31.81818199157715,30.000001907348633,33.333335876464844,28.571430206298828,8.69565200805664,0,0,0,5.083968162536621,8589934592,2147483648,5856477184,366018560
205,1772016377371,3204,3204,3204,3204,3204,3204,3204,3204,30.000001907348633,30.000001907348633,31.81818199157715,28.571430206298828,0,0,0,0,5.255558967590332,8589934592,2147483648,5860818944,366018560
202,1772016377577,3204,3204,3204,3204,3204,3204,3204,3204,28.571430206298828,28.571430206298828,26.3157901763916,19.047618865966797,0,0,0,0,5.255558967590332,8589934592,2147483648,5860409344,366018560
200,1772016377780,3204,3204,3204,3204,3204,3204,3204,3204,35,33.333335876464844,33.333335876464844,25,0,0,0,0,5.255558967590332,8589934592,2147483648,5867716608,366018560
206,1772016377981,3204,3204,3204,3204,3204,3204,3204,3204,35,35,30.000001907348633,25,4.761904716491699,0,0,4.761904716491699,5.255558967590332,8589934592,2147483648,5868453888,366018560
199,1772016378188,3204,3204,3204,3204,3204,3204,3204,3204,33.333335876464844,35,28.571430206298828,25,0,0,0,0,5.255558967590332,8589934592,2147483648,5868568576,366018560
204,1772016378389,3204,3204,3204,3204,3204,3204,3204,3204,26.3157901763916,30.000001907348633,35,20,0,4.761904716491699,0,0,5.206722736358643,8589934592,2147483648,5868584960,366018560
201,1772016378594,3204,3204,3204,3204,3204,3204,3204,3204,30.000001907348633,25,30.000001907348633,23.809524536132813,0,0,4.761904716491699,0,5.206722736358643,8589934592,2147483648,5868584960,366018560
206,1772016378796,3204,3204,3204,3204,3204,3204,3204,3204,35,30.000001907348633,31.57894515991211,21.052631378173828,0,0,0,0,5.206722736358643,8589934592,2147483648,5868503040,366018560
203,1772016379003,3204,3204,3204,3204,3204,3204,3204,3204,28.571430206298828,33.333335876464844,27.272727966308594,23.809524536132813,4.761904716491699,4.761904716491699,0,4.761904716491699,5.206722736358643,8589934592,2147483648,5868404736,366018560
202,1772016379207,3204,3204,3204,3204,3204,3204,3204,3204,33.333335876464844,35,25,23.809524536132813,9.523809432983398,0,0,4.761904716491699,5.206722736358643,8589934592,2147483648,5867847680,366018560
209,1772016379410,3204,3204,3204,3204,3204,3204,3204,3204,31.57894515991211,35,30.000001907348633,25,4.761904716491699,0,4.545454502105713,0,5.159335613250732,8589934592,2147483648,5867929600,366018560
202,1772016379620,3204,3204,3204,3204,3204,3204,3204,3204,33.333335876464844,33.333335876464844,23.809524536132813,20,0,0,0,0,5.159335613250732,8589934592,2147483648,5868077056,366018560
199,1772016379823,3204,3204,3204,3204,3204,3204,3204,3204,35,30.000001907348633,25,23.809524536132813,0,0,0,0,5.159335613250732,8589934592,2147483648,5868044288,366018560
209,1772016380024,3204,3204,3204,3204,3204,3204,3204,3204,35,35,30.000001907348633,26.3157901763916,0,5,0,0,5.159335613250732,8589934592,2147483648,5866471424,366018560
202,1772016380233,3204,3204,3204,3204,3204,3204,3204,3204,35,42.85714340209961,38.095237731933594,28.571430206298828,4.761904716491699,0,0,4.761904716491699,5.159335613250732,8589934592,2147483648,5867372544,366018560
206,1772016380437,3204,3204,3204,3204,3204,3204,3204,3204,47.619049072265625,42.105262756347656,36.842105865478516,40,0,4.761904716491699,0,0,5.233064651489258,8589934592,2147483648,5867814912,366018560
208,1772016380644,3204,3204,3204,3204,3204,3204,3204,3204,55,42.85714340209961,40.90909194946289,42.85714340209961,0,0,0,0,5.233064651489258,8589934592,2147483648,5872107520,366018560
209,1772016380853,3204,3204,3204,3204,3204,3204,3204,3204,36.3636360168457,30.000001907348633,28.571430206298828,23.809524536132813,0,0,0,0,5.233064651489258,8589934592,2147483648,5869436928,366018560
207,1772016381063,3204,3204,3204,3204,3204,3204,3204,3204,26.3157901763916,31.81818199157715,21.052631378173828,28.571430206298828,0,4.545454502105713,0,0,5.233064651489258,8589934592,2147483648,5869436928,366018560
206,1772016381270,3204,3204,3204,3204,3204,3204,3204,3204,33.333335876464844,33.333335876464844,28.571430206298828,20,9.523809432983398,0,9.090909004211426,4.761904716491699,5.233064651489258,8589934592,2147483648,5869436928,366018560
206,1772016381477,3204,3204,3204,3204,3204,3204,3204,3204,28.571430206298828,30.000001907348633,27.272727966308594,22.72727394104004,0,0,0,0,5.030064582824707,8589934592,2147483648,5870534656,366018560
209,1772016381684,3204,3204,3204,3204,3204,3204,3204,3204,33.333335876464844,35,25,25,5,15.000000953674316,0,0,5.030064582824707,8589934592,2147483648,5872893952,366018560
207,1772016381894,3204,3204,3204,3204,3204,3204,3204,3204,25,23.809524536132813,20,19.047618865966797,4.545454502105713,4.761904716491699,0,0,5.030064582824707,8589934592,2147483648,5870321664,366018560
209,1772016382103,3204,3204,3204,3204,3204,3204,3204,3204,33.333335876464844,28.571430206298828,23.809524536132813,20,0,0,0,0,5.030064582824707,8589934592,2147483648,5870305280,366018560
204,1772016382313,3204,3204,3204,3204,3204,3204,3204,3204,38.095237731933594,33.333335876464844,35,28.571430206298828,4.761904716491699,0,0,0,5.270321369171143,8589934592,2147483648,5856608256,366018560
208,1772016382518,3204,3204,3204,3204,3204,3204,3204,3204,35,30.000001907348633,27.272727966308594,23.809524536132813,0,4.545454502105713,0,0,5.270321369171143,8589934592,2147483648,5856641024,366018560
204,1772016382727,3204,3204,3204,3204,3204,3204,3204,3204,28.571430206298828,28.571430206298828,25,20,0,0,0,0,5.270321369171143,8589934592,2147483648,5857787904,366018560
204,1772016382932,3204,3204,3204,3204,3204,3204,3204,3204,40,35,33.333335876464844,28.571430206298828,0,0,0,0,5.270321369171143,8589934592,2147483648,5857525760,366018560
209,1772016383137,3204,3204,3204,3204,3204,3204,3204,3204,25,30.000001907348633,25,20,0,0,0,0,5.270321369171143,8589934592,2147483648,5857558528,366018560
209,1772016383347,3204,3204,3204,3204,3204,3204,3204,3204,38.095237731933594,28.571430206298828,33.333335876464844,28.571430206298828,4.761904716491699,9.523809432983398,0,4.761904716491699,5.168571472167969,8589934592,2147483648,5867913216,366018560
206,1772016383557,3204,3204,3204,3204,3204,3204,3204,3204,33.333335876464844,30.000001907348633,25,20,0,0,0,0,5.168571472167969,8589934592,2147483648,5858033664,366018560
202,1772016383764,3204,3204,3204,3204,3204,3204,3204,3204,30.000001907348633,33.333335876464844,23.809524536132813,23.809524536132813,4.761904716491699,0,0,0,5.168571472167969,8589934592,2147483648,5857591296,366018560
209,1772016383967,3204,3204,3204,3204,3204,3204,3204,3204,33.333335876464844,28.571430206298828,25,20,0,0,0,0,5.168571472167969,8589934592,2147483648,5857001472,366018560
209,1772016384177,3204,3204,3204,3204,3204,3204,3204,3204,28.571430206298828,20,20,19.047618865966797,0,0,0,0,5.168571472167969,8589934592,2147483648,5856985088,366018560
209,1772016384387,3204,3204,3204,3204,3204,3204,3204,3204,25,28.571430206298828,22.72727394104004,19.047618865966797,0,0,4.761904716491699,0,5.004652500152588,8589934592,2147483648,5857001472,366018560
209,1772016384597,3204,3204,3204,3204,3204,3204,3204,3204,33.333335876464844,31.81818199157715,25,23.809524536132813,0,0,0,0,5.004652500152588,8589934592,2147483648,5857017856,366018560
209,1772016384807,3204,3204,3204,3204,3204,3204,3204,3204,28.571430206298828,25,19.047618865966797,19.047618865966797,9.090909004211426,4.761904716491699,0,0,5.004652500152588,8589934592,2147483648,5857001472,366018560
209,1772016385017,3204,3204,3204,3204,3204,3204,3204,3204,28.571430206298828,28.571430206298828,23.809524536132813,23.809524536132813,0,0,0,0,5.004652500152588,8589934592,2147483648,5857034240,366018560
205,1772016385227,3204,3204,3204,3204,3204,3204,3204,3204,33.333335876464844,25,27.272727966308594,22.72727394104004,0,0,0,0,5.004652500152588,8589934592,2147483648,5857034240,366018560
206,1772016385433,3204,3204,3204,3204,3204,3204,3204,3204,31.57894515991211,23.809524536132813,30.000001907348633,20,0,0,0,0,5.006002426147461,8589934592,2147483648,5857034240,366018560
203,1772016385640,3204,3204,3204,3204,3204,3204,3204,3204,33.333335876464844,28.571430206298828,28.571430206298828,20,9.523809432983398,0,5,4.761904716491699,5.006002426147461,8589934592,2147483648,5857001472,366018560
209,1772016385844,3204,3204,3204,3204,3204,3204,3204,3204,33.333335876464844,30.000001907348633,21.052631378173828,20,0,0,0,0,5.006002426147461,8589934592,2147483648,5856985088,366018560
209,1772016386053,3204,3204,3204,3204,3204,3204,3204,3204,80,80,76.19047546386719,72.7272720336914,15.000000953674316,19.047618865966797,14.285715103149414,14.285715103149414,5.006002426147461,8589934592,2147483648,5858607104,366018560
209,1772016386264,3204,3204,3204,3204,3204,3204,3204,3204,68.18181610107422,66.66667175292969,66.66667175292969,57.894737243652344,4.545454502105713,0,0,0,5.006002426147461,8589934592,2147483648,5859049472,366018560
209,1772016386474,3204,3204,3204,3204,3204,3204,3204,3204,61.904762268066406,54.54545593261719,50,59.09090805053711,0,0,0,0,4.922804832458496,8589934592,2147483648,5859426304,366018560
209,1772016386683,3204,3204,3204,3204,3204,3204,3204,3204,70,65,65,55,5,14.285715103149414,0,0,4.922804832458496,8589934592,2147483648,5862424576,366018560
208,1772016386894,3204,3204,3204,3204,3204,3204,3204,3204,45,35,40,40.90909194946289,0,13.636363983154297,0,0,4.922804832458496,8589934592,2147483648,5860392960,366018560
208,1772016387103,3204,3204,3204,3204,3204,3204,3204,3204,40.90909194946289,36.3636360168457,33.333335876464844,30.000001907348633,9.090909004211426,4.761904716491699,0,0,4.922804832458496,8589934592,2147483648,5861523456,366018560
206,1772016387312,3204,3204,3204,3204,3204,3204,3204,3204,28.571430206298828,33.333335876464844,28.571430206298828,33.333335876464844,0,0,4.545454502105713,0,5.567804336547852,8589934592,2147483648,5861523456,366018560
207,1772016387519,3204,3204,3204,3204,3204,3204,3204,3204,33.333335876464844,25,23.809524536132813,28.571430206298828,4.761904716491699,5,4.761904716491699,0,5.567804336547852,8589934592,2147483648,5861523456,366018560
207,1772016387727,3204,3204,3204,3204,3204,3204,3204,3204,35,38.095237731933594,33.333335876464844,30.000001907348633,5.263157844543457,0,0,4.545454502105713,5.567804336547852,8589934592,2147483648,5860900864,366018560
204,1772016387935,3204,3204,3204,3204,3204,3204,3204,3204,35,30.000001907348633,30.000001907348633,31.81818199157715,4.545454502105713,0,0,0,5.567804336547852,8589934592,2147483648,5860982784,366018560
209,1772016388140,3204,3204,3204,3204,3204,3204,3204,3204,33.333335876464844,38.095237731933594,30.000001907348633,25,0,4.761904716491699,0,0,5.567804336547852,8589934592,2147483648,5862195200,366018560
207,1772016388350,3204,3204,3204,3204,3204,3204,3204,3204,35,40,31.81818199157715,25,0,0,4.545454502105713,0,5.466248989105225,8589934592,2147483648,5862588416,366018560
209,1772016388557,3204,3204,3204,3204,3204,3204,3204,3204,36.3636360168457,28.571430206298828,23.809524536132813,23.809524536132813,0,0,0,0,5.466248989105225,8589934592,2147483648,5862801408,366018560
209,1772016388767,3204,3204,3204,3204,3204,3204,3204,3204,26.3157901763916,33.333335876464844,25,25,0,0,0,0,5.466248989105225,8589934592,2147483648,5862719488,366018560
209,1772016388977,3204,3204,3204,3204,3204,3204,3204,3204,33.333335876464844,33.333335876464844,31.81818199157715,27.272727966308594,4.545454502105713,4.545454502105713,0,4.545454502105713,5.466248989105225,8589934592,2147483648,5862801408,366018560
209,1772016389187,3204,3204,3204,3204,3204,3204,3204,3204,36.3636360168457,38.095237731933594,26.3157901763916,28.571430206298828,4.761904716491699,9.090909004211426,4.545454502105713,0,5.466248989105225,8589934592,2147483648,5862178816,366018560
209,1772016389397,3204,3204,3204,3204,3204,3204,3204,3204,33.333335876464844,35,31.81818199157715,28.571430206298828,0,0,0,0,5.16282320022583,8589934592,2147483648,5862391808,366018560
204,1772016389607,3204,3204,3204,3204,3204,3204,3204,3204,35,31.81818199157715,15.789472579956055,20,0,0,0,0,5.16282320022583,8589934592,2147483648,5862408192,366018560
208,1772016389812,3204,3204,3204,3204,3204,3204,3204,3204,25,35,31.81818199157715,23.809524536132813,5,0,0,4.761904716491699,5.16282320022583,8589934592,2147483648,5872615424,366018560
206,1772016390022,3204,3204,3204,3204,3204,3204,3204,3204,33.333335876464844,25,25,19.047618865966797,0,0,0,0,5.16282320022583,8589934592,2147483648,5862424576,366018560
201,1772016390228,3204,3204,3204,3204,3204,3204,3204,3204,30.000001907348633,33.333335876464844,28.571430206298828,26.3157901763916,4.761904716491699,4.761904716491699,0,0,5.16282320022583,8589934592,2147483648,5862555648,366018560
209,1772016390431,3204,3204,3204,3204,3204,3204,3204,3204,38.095237731933594,31.57894515991211,31.57894515991211,28.571430206298828,0,0,0,0,5.184169292449951,8589934592,2147483648,5861867520,366018560
209,1772016390641,3204,3204,3204,3204,3204,3204,3204,3204,42.85714340209961,33.333335876464844,36.3636360168457,25,0,0,0,0,5.184169292449951,8589934592,2147483648,5861097472,366018560
208,1772016390851,3204,3204,3204,3204,3204,3204,3204,3204,36.842105865478516,38.095237731933594,33.333335876464844,31.81818199157715,0,0,0,0,5.184169292449951,8589934592,2147483648,5860589568,366018560
209,1772016391060,3204,3204,3204,3204,3204,3204,3204,3204,36.3636360168457,33.333335876464844,30.000001907348633,25,0,0,0,0,5.184169292449951,8589934592,2147483648,5860622336,366018560
206,1772016391271,3204,3204,3204,3204,3204,3204,3204,3204,28.571430206298828,25,33.333335876464844,22.72727394104004,4.545454502105713,0,0,0,5.184169292449951,8589934592,2147483648,5860638720,366018560
203,1772016391478,3204,3204,3204,3204,3204,3204,3204,3204,28.571430206298828,31.81818199157715,28.571430206298828,15.000000953674316,0,0,0,4.545454502105713,4.980100631713867,8589934592,2147483648,5861703680,366018560
208,1772016391681,3204,3204,3204,3204,3204,3204,3204,3204,36.842105865478516,30.000001907348633,30.000001907348633,33.333335876464844,5,9.090909004211426,9.090909004211426,0,4.980100631713867,8589934592,2147483648,5863047168,366018560
209,1772016391890,3204,3204,3204,3204,3204,3204,3204,3204,28.571430206298828,30.000001907348633,33.333335876464844,20,13.636363983154297,20,0,0,4.980100631713867,8589934592,2147483648,5865242624,366018560
207,1772016392100,3204,3204,3204,3204,3204,3204,3204,3204,28.571430206298828,22.72727394104004,28.571430206298828,15.000000953674316,0,0,0,0,4.980100631713867,8589934592,2147483648,5860016128,366018560
200,1772016392308,3204,3204,3204,3204,3204,3204,3204,3204,33.333335876464844,30.000001907348633,30.000001907348633,27.272727966308594,0,0,4.545454502105713,0,5.285895347595215,8589934592,2147483648,5861376000,366018560
209,1772016392509,3204,3204,3204,3204,3204,3204,3204,3204,30.000001907348633,30.000001907348633,30.000001907348633,25,0,0,0,0,5.285895347595215,8589934592,2147483648,5860442112,366018560
207,1772016392719,3204,3204,3204,3204,3204,3204,3204,3204,25,28.571430206298828,28.571430206298828,23.809524536132813,0,0,0,0,5.285895347595215,8589934592,2147483648,5861900288,366018560
208,1772016392927,3204,3204,3204,3204,3204,3204,3204,3204,38.095237731933594,30.000001907348633,35,25,4.761904716491699,4.761904716491699,0,0,5.285895347595215,8589934592,2147483648,5863014400,366018560
207,1772016393136,3204,3204,3204,3204,3204,3204,3204,3204,30.000001907348633,33.333335876464844,28.571430206298828,33.333335876464844,0,0,0,0,5.285895347595215,8589934592,2147483648,5863276544,366018560
201,1772016393344,3204,3204,3204,3204,3204,3204,3204,3204,28.571430206298828,25,19.047618865966797,30.000001907348633,0,0,0,0,5.062353610992432,8589934592,2147483648,5863276544,366018560
203,1772016393546,3204,3204,3204,3204,3204,3204,3204,3204,30.000001907348633,30.000001907348633,30.000001907348633,36.3636360168457,4.761904716491699,0,0,0,5.062353610992432,8589934592,2147483648,5863309312,366018560
205,1772016393750,3204,3204,3204,3204,3204,3204,3204,3204,33.333335876464844,25,20,26.3157901763916,0,0,0,4.545454502105713,5.062353610992432,8589934592,2147483648,5862211584,366018560
200,1772016393956,3204,3204,3204,3204,3204,3204,3204,3204,28.571430206298828,27.272727966308594,23.809524536132813,20,0,0,0,0,5.062353610992432,8589934592,2147483648,5862178816,366018560
199,1772016394156,3204,3204,3204,3204,3204,3204,3204,3204,26.3157901763916,26.3157901763916,25,23.809524536132813,14.285715103149414,5,0,0,5.062353610992432,8589934592,2147483648,5862014976,366018560
209,1772016394356,3204,3204,3204,3204,3204,3204,3204,3204,20,20,15.000000953674316,5.263157844543457,15.000000953674316,19.047618865966797,5,5.263157844543457,5.2224040031433105,8589934592,2147483648,5850234880,366018560
209,1772016394566,3204,3204,3204,3204,3204,3204,3204,3204,30.000001907348633,28.571430206298828,20,22.72727394104004,0,4.761904716491699,0,0,5.2224040031433105,8589934592,2147483648,5851152384,366018560
209,1772016394776,3204,3204,3204,3204,3204,3204,3204,3204,33.333335876464844,25,23.809524536132813,20,0,0,0,0,5.2224040031433105,8589934592,2147483648,5851185152,366018560
203,1772016394986,3204,3204,3204,3204,3204,3204,3204,3204,33.333335876464844,33.333335876464844,33.333335876464844,28.571430206298828,0,0,0,0,5.2224040031433105,8589934592,2147483648,5851250688,366018560
207,1772016395190,3204,3204,3204,3204,3204,3204,3204,3204,33.333335876464844,33.333335876464844,25,25,0,0,0,0,5.2224040031433105,8589934592,2147483648,5851250688,366018560
204,1772016395398,3204,3204,3204,3204,3204,3204,3204,3204,20,20,23.809524536132813,19.047618865966797,9.523809432983398,4.761904716491699,4.761904716491699,4.761904716491699,5.121533393859863,8589934592,2147483648,5851250688,366018560
203,1772016395602,3204,3204,3204,3204,3204,3204,3204,3204,38.095237731933594,30.000001907348633,25,31.57894515991211,4.761904716491699,5,0,0,5.121533393859863,8589934592,2147483648,5851250688,366018560
200,1772016395806,3204,3204,3204,3204,3204,3204,3204,3204,26.3157901763916,33.333335876464844,25,33.333335876464844,4.761904716491699,0,0,0,5.121533393859863,8589934592,2147483648,5851250688,366018560
204,1772016396007,3204,3204,3204,3204,3204,3204,3204,3204,35,35,33.333335876464844,30.000001907348633,0,0,4.761904716491699,0,5.121533393859863,8589934592,2147483648,5851496448,366018560
209,1772016396212,3204,3204,3204,3204,3204,3204,3204,3204,28.571430206298828,25,26.3157901763916,23.809524536132813,5,0,0,0,5.121533393859863,8589934592,2147483648,5862014976,366018560
204,1772016396422,3204,3204,3204,3204,3204,3204,3204,3204,28.571430206298828,28.571430206298828,36.3636360168457,20,0,0,0,0,4.944662094116211,8589934592,2147483648,5851414528,366018560
203,1772016396627,3204,3204,3204,3204,3204,3204,3204,3204,35,33.333335876464844,31.57894515991211,31.81818199157715,4.761904716491699,0,0,4.761904716491699,4.944662094116211,8589934592,2147483648,5851414528,366018560
209,1772016396831,3204,3204,3204,3204,3204,3204,3204,3204,40,30.000001907348633,36.3636360168457,25,10.526315689086914,23.809524536132813,4.761904716491699,0,4.944662094116211,8589934592,2147483648,5851414528,366018560
205,1772016397041,3204,3204,3204,3204,3204,3204,3204,3204,33.333335876464844,30.000001907348633,30.000001907348633,23.809524536132813,0,0,0,0,4.944662094116211,8589934592,2147483648,5851447296,366018560
204,1772016397247,3204,3204,3204,3204,3204,3204,3204,3204,35,30.000001907348633,30.000001907348633,30.000001907348633,4.761904716491699,0,0,4.761904716491699,4.944662094116211,8589934592,2147483648,5851578368,366018560
209,1772016397452,3204,3204,3204,3204,3204,3204,3204,3204,33.333335876464844,31.81818199157715,27.272727966308594,30.000001907348633,0,0,4.545454502105713,0,5.06109619140625,8589934592,2147483648,5851660288,366018560
206,1772016397662,3204,3204,3204,3204,3204,3204,3204,3204,28.571430206298828,30.000001907348633,25,28.571430206298828,0,4.761904716491699,0,0,5.06109619140625,8589934592,2147483648,5851660288,366018560
209,1772016397869,3204,3204,3204,3204,3204,3204,3204,3204,38.095237731933594,35,30.000001907348633,38.095237731933594,0,0,0,0,5.06109619140625,8589934592,2147483648,5851660288,366018560
201,1772016398079,3204,3204,3204,3204,3204,3204,3204,3204,30.000001907348633,31.81818199157715,23.809524536132813,30.000001907348633,9.090909004211426,0,0,0,5.06109619140625,8589934592,2147483648,5851709440,366018560
206,1772016398282,3204,3204,3204,3204,3204,3204,3204,3204,36.842105865478516,31.57894515991211,42.85714340209961,38.095237731933594,0,0,0,0,5.06109619140625,8589934592,2147483648,5851217920,366018560
207,1772016398490,3204,3204,3204,3204,3204,3204,3204,3204,28.571430206298828,28.571430206298828,21.052631378173828,23.809524536132813,5,0,4.761904716491699,0,5.077113628387451,8589934592,2147483648,5851217920,366018560
202,1772016398698,3204,3204,3204,3204,3204,3204,3204,3204,33.333335876464844,25,27.272727966308594,30.000001907348633,0,4.545454502105713,0,0,5.077113628387451,8589934592,2147483648,5851217920,366018560
205,1772016398900,3204,3204,3204,3204,3204,3204,3204,3204,20,23.809524536132813,15.789472579956055,21.052631378173828,0,0,0,0,5.077113628387451,8589934592,2147483648,5851217920,366018560
202,1772016399107,3204,3204,3204,3204,3204,3204,3204,3204,30.000001907348633,33.333335876464844,27.272727966308594,27.272727966308594,0,0,0,0,5.077113628387451,8589934592,2147483648,5849612288,366018560
208,1772016399310,3204,3204,3204,3204,3204,3204,3204,3204,45.45454788208008,42.105262756347656,36.842105865478516,35,9.523809432983398,0,5,4.761904716491699,4.988949298858643,8589934592,2147483648,5849628672,366018560
209,1772016399520,3204,3204,3204,3204,3204,3204,3204,3204,25,28.571430206298828,23.809524536132813,15.000000953674316,0,0,0,0,4.988949298858643,8589934592,2147483648,5849497600,366018560
205,1772016399729,3204,3204,3204,3204,3204,3204,3204,3204,30.000001907348633,28.571430206298828,23.809524536132813,19.047618865966797,0,0,0,0,4.988949298858643,8589934592,2147483648,5849677824,366018560
207,1772016399936,3204,3204,3204,3204,3204,3204,3204,3204,25,25,19.047618865966797,14.285715103149414,0,4.761904716491699,0,0,4.988949298858643,8589934592,2147483648,5849677824,366018560
207,1772016400144,3204,3204,3204,3204,3204,3204,3204,3204,38.095237731933594,42.85714340209961,35,30.000001907348633,4.761904716491699,4.761904716491699,4.761904716491699,4.761904716491699,4.988949298858643,8589934592,2147483648,5849907200,366018560
209,1772016400352,3204,3204,3204,3204,3204,3204,3204,3204,38.095237731933594,35,38.095237731933594,33.333335876464844,4.761904716491699,4.761904716491699,0,4.545454502105713,5.3871750831604,8589934592,2147483648,5850087424,366018560
209,1772016400563,3204,3204,3204,3204,3204,3204,3204,3204,38.095237731933594,31.81818199157715,28.571430206298828,23.809524536132813,13.636363983154297,0,0,0,5.3871750831604,8589934592,2147483648,5858885632,366018560
209,1772016400773,3204,3204,3204,3204,3204,3204,3204,3204,33.333335876464844,25,38.095237731933594,28.571430206298828,0,0,0,0,5.3871750831604,8589934592,2147483648,5858885632,366018560
206,1772016400983,3204,3204,3204,3204,3204,3204,3204,3204,25,33.333335876464844,28.571430206298828,23.809524536132813,0,4.761904716491699,0,0,5.3871750831604,8589934592,2147483648,5858885632,366018560
200,1772016401190,3204,3204,3204,3204,3204,3204,3204,3204,42.85714340209961,35,35,28.571430206298828,4.761904716491699,0,4.761904716491699,0,5.3871750831604,8589934592,2147483648,5850054656,366018560
209,1772016401391,3204,3204,3204,3204,3204,3204,3204,3204,33.333335876464844,33.333335876464844,23.809524536132813,20,0,0,0,4.761904716491699,5.0911359786987305,8589934592,2147483648,5850087424,366018560
205,1772016401601,3204,3204,3204,3204,3204,3204,3204,3204,40,35,26.3157901763916,30.000001907348633,4.545454502105713,4.545454502105713,0,0,5.0911359786987305,8589934592,2147483648,5850169344,366018560
209,1772016401806,3204,3204,3204,3204,3204,3204,3204,3204,35,33.333335876464844,23.809524536132813,23.809524536132813,0,25,0,0,5.0911359786987305,8589934592,2147483648,5850103808,366018560
202,1772016402017,3204,3204,3204,3204,3204,3204,3204,3204,30.000001907348633,25,28.571430206298828,20,4.761904716491699,4.545454502105713,0,0,5.0911359786987305,8589934592,2147483648,5850464256,366018560
209,1772016402220,3204,3204,3204,3204,3204,3204,3204,3204,33.333335876464844,33.333335876464844,23.809524536132813,23.809524536132813,4.761904716491699,0,0,0,5.0911359786987305,8589934592,2147483648,5850447872,366018560
205,1772016402430,3204,3204,3204,3204,3204,3204,3204,3204,38.095237731933594,33.333335876464844,30.000001907348633,25,0,0,0,0,5.0921783447265625,8589934592,2147483648,5851168768,366018560
209,1772016402636,3204,3204,3204,3204,3204,3204,3204,3204,30.000001907348633,25,28.571430206298828,23.809524536132813,5.263157844543457,4.761904716491699,9.090909004211426,0,5.0921783447265625,8589934592,2147483648,5860933632,366018560
206,1772016402846,3204,3204,3204,3204,3204,3204,3204,3204,33.333335876464844,25,23.809524536132813,19.047618865966797,0,0,0,0,5.0921783447265625,8589934592,2147483648,5860933632,366018560
199,1772016403053,3204,3204,3204,3204,3204,3204,3204,3204,38.095237731933594,28.571430206298828,20,23.809524536132813,4.761904716491699,0,0,4.545454502105713,5.0921783447265625,8589934592,2147483648,5860933632,366018560
207,1772016403254,3204,3204,3204,3204,3204,3204,3204,3204,47.36842346191406,40,40,31.57894515991211,4.761904716491699,4.761904716491699,0,0,5.0921783447265625,8589934592,2147483648,5850480640,366018560
209,1772016403462,3204,3204,3204,3204,3204,3204,3204,3204,33.333335876464844,33.333335876464844,35,31.81818199157715,0,0,0,0,5.066916465759277,8589934592,2147483648,5850464256,366018560
209,1772016403672,3204,3204,3204,3204,3204,3204,3204,3204,33.333335876464844,31.81818199157715,33.333335876464844,23.809524536132813,4.545454502105713,0,4.761904716491699,0,5.066916465759277,8589934592,2147483648,5850431488,366018560
207,1772016403882,3204,3204,3204,3204,3204,3204,3204,3204,35,35,28.571430206298828,25,0,0,0,0,5.066916465759277,8589934592,2147483648,5850398720,366018560
207,1772016404090,3204,3204,3204,3204,3204,3204,3204,3204,28.571430206298828,20,28.571430206298828,19.047618865966797,0,4.761904716491699,0,0,5.066916465759277,8589934592,2147483648,5850398720,366018560
204,1772016404298,3204,3204,3204,3204,3204,3204,3204,3204,28.571430206298828,33.333335876464844,25,25,0,0,0,4.545454502105713,5.130837917327881,8589934592,2147483648,5850382336,366018560
207,1772016404503,3204,3204,3204,3204,3204,3204,3204,3204,30.000001907348633,25,33.333335876464844,23.809524536132813,0,0,0,0,5.130837917327881,8589934592,2147483648,5850398720,366018560
201,1772016404711,3204,3204,3204,3204,3204,3204,3204,3204,28.571430206298828,28.571430206298828,30.000001907348633,25,4.761904716491699,4.761904716491699,4.761904716491699,0,5.130837917327881,8589934592,2147483648,5850447872,366018560
205,1772016404913,3204,3204,3204,3204,3204,3204,3204,3204,35,30.000001907348633,33.333335876464844,23.809524536132813,5,0,0,0,5.130837917327881,8589934592,2147483648,5850284032,366018560
202,1772016405119,3204,3204,3204,3204,3204,3204,3204,3204,33.333335876464844,33.333335876464844,20,20,9.090909004211426,4.545454502105713,0,0,5.130837917327881,8589934592,2147483648,5850284032,366018560
204,1772016405321,3204,3204,3204,3204,3204,3204,3204,3204,31.57894515991211,35,30.000001907348633,25,0,0,0,0,5.14298152923584,8589934592,2147483648,5850529792,366018560
209,1772016405527,3204,3204,3204,3204,3204,3204,3204,3204,33.333335876464844,30.000001907348633,28.571430206298828,33.333335876464844,0,0,0,0,5.14298152923584,8589934592,2147483648,5854494720,366018560
202,1772016405737,3204,3204,3204,3204,3204,3204,3204,3204,28.571430206298828,25,20,23.809524536132813,0,0,0,0,5.14298152923584,8589934592,2147483648,5855019008,366018560
205,1772016405940,3204,3204,3204,3204,3204,3204,3204,3204,35,33.333335876464844,30.000001907348633,20,0,0,0,0,5.14298152923584,8589934592,2147483648,5855019008,366018560
204,1772016406146,3204,3204,3204,3204,3204,3204,3204,3204,31.57894515991211,30.000001907348633,27.272727966308594,25,4.761904716491699,0,4.545454502105713,0,5.14298152923584,8589934592,2147483648,5855019008,366018560
209,1772016406351,3204,3204,3204,3204,3204,3204,3204,3204,38.095237731933594,33.333335876464844,25,28.571430206298828,0,0,0,0,5.020066261291504,8589934592,2147483648,5854625792,366018560
207,1772016406561,3204,3204,3204,3204,3204,3204,3204,3204,28.571430206298828,28.571430206298828,25,19.047618865966797,0,0,0,0,5.020066261291504,8589934592,2147483648,5854560256,366018560
209,1772016406769,3204,3204,3204,3204,3204,3204,3204,3204,33.333335876464844,28.571430206298828,20,23.809524536132813,0,25,0,9.090909004211426,5.020066261291504,8589934592,2147483648,5854953472,366018560
200,1772016406980,3204,3204,3204,3204,3204,3204,3204,3204,38.095237731933594,30.000001907348633,23.809524536132813,19.047618865966797,13.043478012084961,9.090909004211426,0,0,5.020066261291504,8589934592,2147483648,5864816640,366018560
209,1772016407180,3204,3204,3204,3204,3204,3204,3204,3204,35,33.333335876464844,33.333335876464844,26.3157901763916,0,5,0,0,5.020066261291504,8589934592,2147483648,5864816640,366018560
203,1772016407390,3204,3204,3204,3204,3204,3204,3204,3204,47.619049072265625,42.105262756347656,40,38.095237731933594,0,0,0,0,5.087457180023193,8589934592,2147483648,5856280576,366018560
207,1772016407594,3204,3204,3204,3204,3204,3204,3204,3204,35,38.095237731933594,33.333335876464844,30.000001907348633,5,0,5,4.761904716491699,5.087457180023193,8589934592,2147483648,5856116736,366018560
207,1772016407801,3204,3204,3204,3204,3204,3204,3204,3204,35,38.095237731933594,28.571430206298828,28.571430206298828,0,4.761904716491699,0,0,5.087457180023193,8589934592,2147483648,5856116736,366018560
209,1772016408010,3204,3204,3204,3204,3204,3204,3204,3204,31.81818199157715,30.000001907348633,25,20,4.545454502105713,0,8.69565200805664,0,5.087457180023193,8589934592,2147483648,5856116736,366018560
207,1772016408219,3204,3204,3204,3204,3204,3204,3204,3204,31.57894515991211,33.333335876464844,33.333335876464844,31.81818199157715,0,0,0,0,5.087457180023193,8589934592,2147483648,5856116736,366018560
200,1772016408427,3204,3204,3204,3204,3204,3204,3204,3204,42.85714340209961,30.000001907348633,25,25,4.545454502105713,0,0,0,5.179418563842773,8589934592,2147483648,5858361344,366018560
207,1772016408628,3204,3204,3204,3204,3204,3204,3204,3204,35,30.000001907348633,33.333335876464844,30.000001907348633,0,4.761904716491699,0,4.761904716491699,5.179418563842773,8589934592,2147483648,5858312192,366018560
201,1772016408836,3204,3204,3204,3204,3204,3204,3204,3204,33.333335876464844,36.3636360168457,25,23.809524536132813,4.761904716491699,0,0,0,5.179418563842773,8589934592,2147483648,5858312192,366018560
209,1772016409037,3204,3204,3204,3204,3204,3204,3204,3204,35,30.000001907348633,30.000001907348633,21.052631378173828,5.263157844543457,4.761904716491699,0,0,5.179418563842773,8589934592,2147483648,5858312192,366018560
208,1772016409248,3204,3204,3204,3204,3204,3204,3204,3204,35,30.000001907348633,28.571430206298828,27.272727966308594,4.545454502105713,4.761904716491699,4.545454502105713,0,5.179418563842773,8589934592,2147483648,5858312192,366018560
209,1772016409457,3204,3204,3204,3204,3204,3204,3204,3204,33.333335876464844,30.000001907348633,20,23.809524536132813,0,0,0,0,5.2146100997924805,8589934592,2147483648,5857017856,366018560
203,1772016409667,3204,3204,3204,3204,3204,3204,3204,3204,36.3636360168457,31.81818199157715,31.81818199157715,23.809524536132813,0,0,0,0,5.2146100997924805,8589934592,2147483648,5856657408,366018560
205,1772016409872,3204,3204,3204,3204,3204,3204,3204,3204,25,25,30.000001907348633,20,0,0,0,0,5.2146100997924805,8589934592,2147483648,5856641024,366018560
204,1772016410077,3204,3204,3204,3204,3204,3204,3204,3204,25,28.571430206298828,25,20,0,0,0,4.761904716491699,5.2146100997924805,8589934592,2147483648,5856608256,366018560
207,1772016410282,3204,3204,3204,3204,3204,3204,3204,3204,33.333335876464844,26.3157901763916,30.000001907348633,25,0,0,0,0,5.2146100997924805,8589934592,2147483648,5857574912,366018560
207,1772016410490,3204,3204,3204,3204,3204,3204,3204,3204,35,31.81818199157715,33.333335876464844,28.571430206298828,0,0,0,0,5.209857940673828,8589934592,2147483648,5858279424,366018560
201,1772016410698,3204,3204,3204,3204,3204,3204,3204,3204,30.000001907348633,25,33.333335876464844,23.809524536132813,4.761904716491699,4.545454502105713,0,0,5.209857940673828,8589934592,2147483648,5857624064,366018560
206,1772016410900,3204,3204,3204,3204,3204,3204,3204,3204,28.571430206298828,30.000001907348633,30.000001907348633,20,0,0,0,0,5.209857940673828,8589934592,2147483648,5857542144,366018560
208,1772016411107,3204,3204,3204,3204,3204,3204,3204,3204,35,25,28.571430206298828,20,4.545454502105713,0,0,0,5.209857940673828,8589934592,2147483648,5857525760,366018560
206,1772016411316,3204,3204,3204,3204,3204,3204,3204,3204,25,28.571430206298828,25,19.047618865966797,5,0,4.545454502105713,0,4.933101177215576,8589934592,2147483648,5857509376,366018560
200,1772016411523,3204,3204,3204,3204,3204,3204,3204,3204,33.333335876464844,25,33.333335876464844,23.809524536132813,4.761904716491699,4.545454502105713,0,0,4.933101177215576,8589934592,2147483648,5857460224,366018560
209,1772016411724,3204,3204,3204,3204,3204,3204,3204,3204,35,33.333335876464844,35,26.3157901763916,5,10,5,5,4.933101177215576,8589934592,2147483648,5859229696,366018560
209,1772016411935,3204,3204,3204,3204,3204,3204,3204,3204,31.81818199157715,15.789472579956055,20,18.18181800842285,9.523809432983398,0,0,0,4.933101177215576,8589934592,2147483648,5857624064,366018560
209,1772016412145,3204,3204,3204,3204,3204,3204,3204,3204,31.57894515991211,31.81818199157715,36.3636360168457,25,4.761904716491699,0,0,0,4.933101177215576,8589934592,2147483648,5856903168,366018560
205,1772016412355,3204,3204,3204,3204,3204,3204,3204,3204,31.81818199157715,28.571430206298828,25,23.809524536132813,0,0,0,0,4.9908857345581055,8589934592,2147483648,5856919552,366018560
207,1772016412561,3204,3204,3204,3204,3204,3204,3204,3204,30.000001907348633,33.333335876464844,28.571430206298828,23.809524536132813,4.545454502105713,0,0,0,4.9908857345581055,8589934592,2147483648,5858754560,366018560
203,1772016412769,3204,3204,3204,3204,3204,3204,3204,3204,25,19.047618865966797,20,28.571430206298828,0,0,0,0,4.9908857345581055,8589934592,2147483648,5857951744,366018560
208,1772016412973,3204,3204,3204,3204,3204,3204,3204,3204,28.571430206298828,30.000001907348633,25,25,0,0,0,0,4.9908857345581055,8589934592,2147483648,5857902592,366018560
206,1772016413183,3204,3204,3204,3204,3204,3204,3204,3204,33.333335876464844,35,27.272727966308594,31.81818199157715,0,0,4.545454502105713,0,4.9908857345581055,8589934592,2147483648,5858377728,366018560
209,1772016413390,3204,3204,3204,3204,3204,3204,3204,3204,30.000001907348633,28.571430206298828,25,30.000001907348633,5,0,0,0,5.027867794036865,8589934592,2147483648,5868126208,366018560
202,1772016413600,3204,3204,3204,3204,3204,3204,3204,3204,36.3636360168457,35,33.333335876464844,30.000001907348633,9.090909004211426,9.090909004211426,4.761904716491699,4.545454502105713,5.027867794036865,8589934592,2147483648,5858033664,366018560
200,1772016413803,3204,3204,3204,3204,3204,3204,3204,3204,35,33.333335876464844,38.095237731933594,30.000001907348633,5,0,0,0,5.027867794036865,8589934592,2147483648,5858131968,366018560
205,1772016414004,3204,3204,3204,3204,3204,3204,3204,3204,27.77777862548828,30.000001907348633,31.57894515991211,23.809524536132813,0,0,0,0,5.027867794036865,8589934592,2147483648,5858115584,366018560
208,1772016414211,3204,3204,3204,3204,3204,3204,3204,3204,31.81818199157715,33.333335876464844,28.571430206298828,25,5,4.761904716491699,0,0,5.027867794036865,8589934592,2147483648,5858574336,366018560
205,1772016414420,3204,3204,3204,3204,3204,3204,3204,3204,35,25,33.333335876464844,25,0,0,0,0,4.906583786010742,8589934592,2147483648,5857771520,366018560
200,1772016414627,3204,3204,3204,3204,3204,3204,3204,3204,38.095237731933594,40,30.000001907348633,33.333335876464844,0,0,0,0,4.906583786010742,8589934592,2147483648,5857787904,366018560
207,1772016414828,3204,3204,3204,3204,3204,3204,3204,3204,30.000001907348633,35,25,23.809524536132813,0,0,9.090909004211426,5,4.906583786010742,8589934592,2147483648,5857755136,366018560
207,1772016415036,3204,3204,3204,3204,3204,3204,3204,3204,28.571430206298828,30.000001907348633,28.571430206298828,20,0,0,0,0,4.906583786010742,8589934592,2147483648,5857755136,366018560
209,1772016415244,3204,3204,3204,3204,3204,3204,3204,3204,35,31.81818199157715,20,20,0,4.545454502105713,0,0,4.906583786010742,8589934592,2147483648,5857640448,366018560
209,1772016415454,3204,3204,3204,3204,3204,3204,3204,3204,35,25,28.571430206298828,28.571430206298828,4.761904716491699,5,0,0,5.253693580627441,8589934592,2147483648,5857640448,366018560
208,1772016415664,3204,3204,3204,3204,3204,3204,3204,3204,27.272727966308594,27.272727966308594,20,22.72727394104004,4.545454502105713,4.545454502105713,4.545454502105713,4.545454502105713,5.253693580627441,8589934592,2147483648,5855657984,366018560
200,1772016415873,3204,3204,3204,3204,3204,3204,3204,3204,35,35,31.81818199157715,33.333335876464844,4.761904716491699,4.761904716491699,0,0,5.253693580627441,8589934592,2147483648,5855952896,366018560
209,1772016416074,3204,3204,3204,3204,3204,3204,3204,3204,33.333335876464844,35,30.000001907348633,27.77777862548828,0,0,0,0,5.253693580627441,8589934592,2147483648,5855608832,366018560
209,1772016416284,3204,3204,3204,3204,3204,3204,3204,3204,25,28.571430206298828,23.809524536132813,22.72727394104004,0,0,0,0,5.040122032165527,8589934592,2147483648,5855674368,366018560
208,1772016416494,3204,3204,3204,3204,3204,3204,3204,3204,33.333335876464844,38.095237731933594,28.571430206298828,23.809524536132813,0,0,0,0,5.040122032165527,8589934592,2147483648,5855707136,366018560
209,1772016416703,3204,3204,3204,3204,3204,3204,3204,3204,30.000001907348633,30.000001907348633,25,20,4.761904716491699,0,0,0,5.040122032165527,8589934592,2147483648,5855936512,366018560
209,1772016416913,3204,3204,3204,3204,3204,3204,3204,3204,28.571430206298828,28.571430206298828,23.809524536132813,18.18181800842285,9.523809432983398,23.809524536132813,4.761904716491699,4.545454502105713,5.040122032165527,8589934592,2147483648,5854085120,366018560
204,1772016417123,3204,3204,3204,3204,3204,3204,3204,3204,36.3636360168457,33.333335876464844,30.000001907348633,30.000001907348633,0,0,0,0,5.040122032165527,8589934592,2147483648,5855182848,366018560
207,1772016417328,3204,3204,3204,3204,3204,3204,3204,3204,26.3157901763916,23.809524536132813,28.571430206298828,19.047618865966797,0,0,0,0,5.059238910675049,8589934592,2147483648,5855215616,366018560
203,1772016417536,3204,3204,3204,3204,3204,3204,3204,3204,30.000001907348633,25,23.809524536132813,20,0,4.761904716491699,0,0,5.059238910675049,8589934592,2147483648,5855444992,366018560
209,1772016417740,3204,3204,3204,3204,3204,3204,3204,3204,38.095237731933594,35,30.000001907348633,28.571430206298828,5,5,0,4.545454502105713,5.059238910675049,8589934592,2147483648,5855199232,366018560
205,1772016417950,3204,3204,3204,3204,3204,3204,3204,3204,35,31.81818199157715,28.571430206298828,25,4.545454502105713,4.545454502105713,0,0,5.059238910675049,8589934592,2147483648,5857083392,366018560
209,1772016418156,3204,3204,3204,3204,3204,3204,3204,3204,38.095237731933594,31.57894515991211,25,28.571430206298828,0,0,0,0,5.059238910675049,8589934592,2147483648,5856591872,366018560
205,1772016418367,3204,3204,3204,3204,3204,3204,3204,3204,31.81818199157715,28.571430206298828,23.809524536132813,19.047618865966797,0,0,0,0,5.0933122634887695,8589934592,2147483648,5856411648,366018560
208,1772016418573,3204,3204,3204,3204,3204,3204,3204,3204,31.57894515991211,28.571430206298828,28.571430206298828,23.809524536132813,0,4.761904716491699,0,0,5.0933122634887695,8589934592,2147483648,5856395264,366018560
200,1772016418783,3204,3204,3204,3204,3204,3204,3204,3204,31.81818199157715,33.333335876464844,23.809524536132813,23.809524536132813,4.761904716491699,0,4.761904716491699,0,5.0933122634887695,8589934592,2147483648,5856395264,366018560
203,1772016418984,3204,3204,3204,3204,3204,3204,3204,3204,35,35,35,26.3157901763916,0,0,0,0,5.0933122634887695,8589934592,2147483648,5856837632,366018560
201,1772016419188,3204,3204,3204,3204,3204,3204,3204,3204,30.000001907348633,31.57894515991211,25,25,0,0,0,0,5.0933122634887695,8589934592,2147483648,5856903168,366018560
209,1772016419390,3204,3204,3204,3204,3204,3204,3204,3204,33.333335876464844,30.000001907348633,26.3157901763916,30.000001907348633,0,0,0,0,4.965869426727295,8589934592,2147483648,5856968704,366018560
205,1772016419600,3204,3204,3204,3204,3204,3204,3204,3204,31.57894515991211,33.333335876464844,28.571430206298828,28.571430206298828,0,0,0,0,4.965869426727295,8589934592,2147483648,5856346112,366018560
209,1772016419806,3204,3204,3204,3204,3204,3204,3204,3204,33.333335876464844,31.81818199157715,23.809524536132813,28.571430206298828,14.285715103149414,4.761904716491699,0,4.545454502105713,4.965869426727295,8589934592,2147483648,5866242048,366018560
202,1772016420016,3204,3204,3204,3204,3204,3204,3204,3204,38.095237731933594,31.57894515991211,33.333335876464844,23.809524536132813,0,0,4.545454502105713,0,4.965869426727295,8589934592,2147483648,5855985664,366018560
207,1772016420219,3204,3204,3204,3204,3204,3204,3204,3204,33.333335876464844,38.095237731933594,35,35,0,0,0,0,4.965869426727295,8589934592,2147483648,5863686144,366018560
209,1772016420427,3204,3204,3204,3204,3204,3204,3204,3204,40,40,33.333335876464844,35,0,0,0,0,5.149675369262695,8589934592,2147483648,5863948288,366018560
206,1772016420637,3204,3204,3204,3204,3204,3204,3204,3204,47.619049072265625,45.45454788208008,38.095237731933594,38.095237731933594,4.761904716491699,4.545454502105713,0,0,5.149675369262695,8589934592,2147483648,5867913216,366018560
202,1772016420844,3204,3204,3204,3204,3204,3204,3204,3204,40,35,40,33.333335876464844,5,0,9.090909004211426,4.545454502105713,5.149675369262695,8589934592,2147483648,5868240896,366018560
208,1772016421047,3204,3204,3204,3204,3204,3204,3204,3204,36.842105865478516,40,35,35,0,0,0,0,5.149675369262695,8589934592,2147483648,5868453888,366018560
209,1772016421255,3204,3204,3204,3204,3204,3204,3204,3204,38.095237731933594,33.333335876464844,38.095237731933594,28.571430206298828,0,4.761904716491699,0,0,5.149675369262695,8589934592,2147483648,5869240320,366018560
206,1772016421466,3204,3204,3204,3204,3204,3204,3204,3204,36.3636360168457,30.000001907348633,30.000001907348633,28.571430206298828,0,0,0,0,5.008696556091309,8589934592,2147483648,5868224512,366018560
204,1772016421672,3204,3204,3204,3204,3204,3204,3204,3204,42.105262756347656,40.90909194946289,36.3636360168457,38.095237731933594,4.761904716491699,4.545454502105713,0,0,5.008696556091309,8589934592,2147483648,5868240896,366018560
209,1772016421877,3204,3204,3204,3204,3204,3204,3204,3204,38.095237731933594,36.842105865478516,30.000001907348633,25,10,25,4.761904716491699,0,5.008696556091309,8589934592,2147483648,5869862912,366018560
209,1772016422087,3204,3204,3204,3204,3204,3204,3204,3204,36.3636360168457,36.3636360168457,28.571430206298828,28.571430206298828,9.090909004211426,0,0,4.545454502105713,5.008696556091309,8589934592,2147483648,5866831872,366018560
207,1772016422297,3204,3204,3204,3204,3204,3204,3204,3204,35,35,28.571430206298828,30.000001907348633,4.761904716491699,0,0,0,5.224606513977051,8589934592,2147483648,5864603648,366018560
199,1772016422506,3204,3204,3204,3204,3204,3204,3204,3204,33.333335876464844,38.095237731933594,30.000001907348633,36.3636360168457,0,0,0,0,5.224606513977051,8589934592,2147483648,5864062976,366018560
204,1772016422705,3204,3204,3204,3204,3204,3204,3204,3204,31.57894515991211,35,28.571430206298828,21.052631378173828,0,0,0,0,5.224606513977051,8589934592,2147483648,5862572032,366018560
208,1772016422910,3204,3204,3204,3204,3204,3204,3204,3204,33.333335876464844,25,26.3157901763916,23.809524536132813,0,4.761904716491699,0,0,5.224606513977051,8589934592,2147483648,5863653376,366018560
207,1772016423119,3204,3204,3204,3204,3204,3204,3204,3204,38.095237731933594,35,28.571430206298828,33.333335876464844,0,0,0,0,5.224606513977051,8589934592,2147483648,5861015552,366018560
208,1772016423327,3204,3204,3204,3204,3204,3204,3204,3204,30.000001907348633,33.333335876464844,30.000001907348633,25,4.761904716491699,0,0,0,5.119760036468506,8589934592,2147483648,5861801984,366018560
206,1772016423536,3204,3204,3204,3204,3204,3204,3204,3204,38.095237731933594,28.571430206298828,31.81818199157715,23.809524536132813,0,4.545454502105713,0,0,5.119760036468506,8589934592,2147483648,5861883904,366018560
204,1772016423743,3204,3204,3204,3204,3204,3204,3204,3204,33.333335876464844,35,28.571430206298828,25,0,0,0,0,5.119760036468506,8589934592,2147483648,5861883904,366018560
204,1772016423948,3204,3204,3204,3204,3204,3204,3204,3204,40,33.333335876464844,30.000001907348633,28.571430206298828,4.761904716491699,4.761904716491699,4.761904716491699,4.761904716491699,5.119760036468506,8589934592,2147483648,5861130240,366018560
203,1772016424153,3204,3204,3204,3204,3204,3204,3204,3204,31.57894515991211,30.000001907348633,30.000001907348633,25,10,0,0,0,5.119760036468506,8589934592,2147483648,5861031936,366018560
204,1772016424357,3204,3204,3204,3204,3204,3204,3204,3204,36.3636360168457,30.000001907348633,35,25,0,0,0,0,5.083957672119141,8589934592,2147483648,5861801984,366018560
209,1772016424561,3204,3204,3204,3204,3204,3204,3204,3204,35,33.333335876464844,33.333335876464844,28.571430206298828,4.761904716491699,0,0,0,5.083957672119141,8589934592,2147483648,5861146624,366018560
209,1772016424771,3204,3204,3204,3204,3204,3204,3204,3204,30.000001907348633,31.81818199157715,25,23.809524536132813,0,0,0,0,5.083957672119141,8589934592,2147483648,5861146624,366018560
206,1772016424981,3204,3204,3204,3204,3204,3204,3204,3204,23.809524536132813,21.052631378173828,27.272727966308594,20,0,0,0,0,5.083957672119141,8589934592,2147483648,5860982784,366018560
209,1772016425188,3204,3204,3204,3204,3204,3204,3204,3204,35,33.333335876464844,30.000001907348633,27.272727966308594,0,4.545454502105713,4.761904716491699,4.545454502105713,5.083957672119141,8589934592,2147483648,5861015552,366018560
203,1772016425398,3204,3204,3204,3204,3204,3204,3204,3204,38.095237731933594,38.095237731933594,30.000001907348633,33.333335876464844,4.545454502105713,0,0,0,5.002351760864258,8589934592,2147483648,5862817792,366018560
207,1772016425602,3204,3204,3204,3204,3204,3204,3204,3204,38.095237731933594,40,35,21.052631378173828,0,0,0,0,5.002351760864258,8589934592,2147483648,5851758592,366018560
209,1772016425810,3204,3204,3204,3204,3204,3204,3204,3204,33.333335876464844,33.333335876464844,31.81818199157715,28.571430206298828,0,0,0,0,5.002351760864258,8589934592,2147483648,5850611712,366018560
209,1772016426020,3204,3204,3204,3204,3204,3204,3204,3204,35,42.85714340209961,40,30.000001907348633,0,0,0,0,5.002351760864258,8589934592,2147483648,5850873856,366018560
209,1772016426230,3204,3204,3204,3204,3204,3204,3204,3204,33.333335876464844,35,28.571430206298828,28.571430206298828,13.636363983154297,4.761904716491699,0,0,5.002351760864258,8589934592,2147483648,5861163008,366018560
203,1772016426440,3204,3204,3204,3204,3204,3204,3204,3204,28.571430206298828,23.809524536132813,28.571430206298828,19.047618865966797,0,0,4.761904716491699,0,4.9402265548706055,8589934592,2147483648,5850824704,366018560
202,1772016426644,3204,3204,3204,3204,3204,3204,3204,3204,31.57894515991211,30.000001907348633,30.000001907348633,25,0,4.761904716491699,0,0,4.9402265548706055,8589934592,2147483648,5851021312,366018560
209,1772016426846,3204,3204,3204,3204,3204,3204,3204,3204,28.571430206298828,33.333335876464844,31.57894515991211,28.571430206298828,25,5,0,0,4.9402265548706055,8589934592,2147483648,5851348992,366018560
205,1772016427057,3204,3204,3204,3204,3204,3204,3204,3204,30.000001907348633,28.571430206298828,27.272727966308594,15.000000953674316,4.545454502105713,0,0,0,4.9402265548706055,8589934592,2147483648,5851398144,366018560
202,1772016427263,3204,3204,3204,3204,3204,3204,3204,3204,28.571430206298828,26.3157901763916,33.333335876464844,23.809524536132813,0,0,0,0,4.9402265548706055,8589934592,2147483648,5852037120,366018560
207,1772016427465,3204,3204,3204,3204,3204,3204,3204,3204,30.000001907348633,30.000001907348633,26.3157901763916,21.052631378173828,0,0,0,0,5.14143705368042,8589934592,2147483648,5852020736,366018560
208,1772016427673,3204,3204,3204,3204,3204,3204,3204,3204,28.571430206298828,33.333335876464844,28.571430206298828,30.434782028198242,4.761904716491699,4.761904716491699,0,0,5.14143705368042,8589934592,2147483648,5852037120,366018560
209,1772016427882,3204,3204,3204,3204,3204,3204,3204,3204,23.809524536132813,28.571430206298828,23.809524536132813,15.000000953674316,0,0,0,0,5.14143705368042,8589934592,2147483648,5852020736,366018560
204,1772016428092,3204,3204,3204,3204,3204,3204,3204,3204,28.571430206298828,28.571430206298828,28.571430206298828,20,0,0,0,0,5.14143705368042,8589934592,2147483648,5853593600,366018560
204,1772016428297,3204,3204,3204,3204,3204,3204,3204,3204,47.36842346191406,52.38095474243164,45,50,0,0,4.761904716491699,4.761904716491699,5.235379695892334,8589934592,2147483648,5865291776,366018560
201,1772016428502,3204,3204,3204,3204,3204,3204,3204,3204,71.42857360839844,73.68421173095703,65,68.42105102539063,9.523809432983398,9.090909004211426,0,4.761904716491699,5.235379695892334,8589934592,2147483648,5906300928,366018560
201,1772016428703,3204,3204,3204,3204,3204,3204,3204,3204,94.73684692382813,90.47618865966797,95.23809814453125,90,0,0,0,0,5.235379695892334,8589934592,2147483648,5837619200,366018560
204,1772016428905,3204,3204,3204,3204,3204,3204,3204,3204,95.45454406738281,100,100,100,42.85714340209961,31.57894515991211,23.809524536132813,20,5.235379695892334,8589934592,2147483648,5906579456,366018560
204,1772016429110,3204,3204,3204,3204,3204,3204,3204,3204,100,100,100,100,65,63.6363639831543,55,40,5.235379695892334,8589934592,2147483648,6016843776,366018560
204,1772016429315,3204,3204,3204,3204,3204,3204,3204,3204,95,95,90.47618865966797,90,50,42.105262756347656,40,28.571430206298828,5.040719032287598,8589934592,2147483648,6066208768,366018560
204,1772016429520,3204,3204,3204,3204,3204,3204,3204,3204,80,90.47618865966797,80,80,42.85714340209961,25,19.047618865966797,25,5.040719032287598,8589934592,2147483648,6066208768,366018560
201,1772016429725,3204,3204,3204,3204,3204,3204,3204,3204,81.81818389892578,85.71428680419922,76.19047546386719,76.19047546386719,5,22.72727394104004,0,14.285715103149414,5.040719032287598,8589934592,2147483648,6066208768,366018560
204,1772016429927,3204,3204,3204,3204,3204,3204,3204,3204,75,80,70,75,30.000001907348633,10.526315689086914,14.285715103149414,0,5.040719032287598,8589934592,2147483648,6066208768,366018560
204,1772016430132,3204,3204,3204,3204,3204,3204,3204,3204,44.4444465637207,55,45,38.095237731933594,10,9.523809432983398,0,0,5.040719032287598,8589934592,2147483648,6049644544,366018560
201,1772016430337,3204,3204,3204,3204,3204,3204,3204,3204,47.619049072265625,45,45,38.095237731933594,23.809524536132813,10,0,9.090909004211426,11.047844886779785,8589934592,2147483648,6097633280,366018560
204,1772016430539,3204,3204,3204,3204,3204,3204,3204,3204,40,40,30.000001907348633,31.57894515991211,50,28.571430206298828,14.285715103149414,5.263157844543457,11.047844886779785,8589934592,2147483648,6080086016,366018560
199,1772016430745,3204,3204,3204,3204,3204,3204,3204,3204,76.19047546386719,85.71428680419922,80.95238494873047,77.2727279663086,15.000000953674316,5,5,0,11.047844886779785,8589934592,2147483648,6063931392,366018560
201,1772016430945,3204,3204,3204,3204,3204,3204,3204,3204,71.42857360839844,65,60.000003814697266,55.55555725097656,19.047618865966797,5.263157844543457,0,4.761904716491699,11.047844886779785,8589934592,2147483648,6064783360,366018560
204,1772016431147,3204,3204,3204,3204,3204,3204,3204,3204,52.6315803527832,55,47.36842346191406,45,40,14.285715103149414,5,0,11.047844886779785,8589934592,2147483648,6080069632,366018560
203,1772016431352,3204,3204,3204,3204,3204,3204,3204,3204,60.000003814697266,45,50,52.38095474243164,19.047618865966797,5,4.761904716491699,0,8.109609603881836,8589934592,2147483648,6088753152,366018560
201,1772016431555,3204,3204,3204,3204,3204,3204,3204,3204,47.619049072265625,55,42.85714340209961,35,15.789472579956055,0,0,0,8.109609603881836,8589934592,2147483648,6128779264,366018560
204,1772016431757,3204,3204,3204,3204,3204,3204,3204,3204,55,50,45,35,45,14.285715103149414,4.761904716491699,0,8.109609603881836,8589934592,2147483648,6128779264,366018560
204,1772016431963,3204,3204,3204,3204,3204,3204,3204,3204,70,66.66667175292969,66.66667175292969,71.42857360839844,30.000001907348633,9.523809432983398,4.761904716491699,4.761904716491699,8.109609603881836,8589934592,2147483648,6128779264,366018560
204,1772016432168,3204,3204,3204,3204,3204,3204,3204,3204,35,33.333335876464844,20,23.809524536132813,19.047618865966797,5,0,0,8.109609603881836,8589934592,2147483648,6149111808,366018560
203,1772016432373,3204,3204,3204,3204,3204,3204,3204,3204,50,57.894737243652344,50,60.000003814697266,19.047618865966797,10,0,4.761904716491699,6.751986026763916,8589934592,2147483648,6133989376,366018560
204,1772016432577,3204,3204,3204,3204,3204,3204,3204,3204,90.47618865966797,85.71428680419922,90.47618865966797,89.47368621826172,40,25,5,5,6.751986026763916,8589934592,2147483648,6342033408,366018560
203,1772016432782,3204,3204,3204,3204,3204,3204,3204,3204,80,80,76.19047546386719,76.19047546386719,40,14.285715103149414,19.047618865966797,5,6.751986026763916,8589934592,2147483648,6342033408,366018560
199,1772016432986,3204,3204,3204,3204,3204,3204,3204,3204,61.904762268066406,60.000003814697266,55,52.38095474243164,57.142860412597656,10,45,5,6.751986026763916,8589934592,2147483648,6342033408,366018560
202,1772016433186,3204,3204,3204,3204,3204,3204,3204,3204,65,76.19047546386719,65,68.42105102539063,80,0,5,9.523809432983398,6.751986026763916,8589934592,2147483648,6018662400,366018560
202,1772016433389,3204,3204,3204,3204,3204,3204,3204,3204,52.6315803527832,55,35,42.85714340209961,100,0,0,0,6.53436803817749,8589934592,2147483648,6037651456,366018560
203,1772016433591,3204,3204,3204,3204,3204,3204,3204,3204,40,45,50,45,0,100,0,0,6.53436803817749,8589934592,2147483648,6035750912,366018560
204,1772016433794,3204,3204,3204,3204,3204,3204,3204,3204,60.000003814697266,50,50,50,9.523809432983398,54.54545593261719,14.285715103149414,45,6.53436803817749,8589934592,2147483648,6062915584,366018560
204,1772016433999,3204,3204,3204,3204,3204,3204,3204,3204,47.619049072265625,40,35,28.571430206298828,42.85714340209961,60.000003814697266,0,4.761904716491699,6.53436803817749,8589934592,2147483648,6067109888,366018560
204,1772016434204,3204,3204,3204,3204,3204,3204,3204,3204,61.904762268066406,55,52.38095474243164,60.000003814697266,60.000003814697266,45,19.047618865966797,14.285715103149414,6.53436803817749,8589934592,2147483648,6084526080,366018560
203,1772016434409,3204,3204,3204,3204,3204,3204,3204,3204,65,60.000003814697266,55,55,52.38095474243164,25,35,20,13.302146911621094,8589934592,2147483648,6170509312,366018560
204,1772016434613,3204,3204,3204,3204,3204,3204,3204,3204,55,52.38095474243164,52.38095474243164,57.142860412597656,50,60.000003814697266,10,10,13.302146911621094,8589934592,2147483648,6181371904,366018560
204,1772016434818,3204,3204,3204,3204,3204,3204,3204,3204,80,70,78.94737243652344,65,30.000001907348633,66.66667175292969,23.809524536132813,19.047618865966797,13.302146911621094,8589934592,2147483648,5934792704,366018560
204,1772016435023,3204,3204,3204,3204,3204,3204,3204,3204,61.904762268066406,52.38095474243164,52.38095474243164,40,35,25,52.38095474243164,30.000001907348633,13.302146911621094,8589934592,2147483648,5930090496,366018560
202,1772016435228,3204,3204,3204,3204,3204,3204,3204,3204,61.904762268066406,60.000003814697266,71.42857360839844,40,38.095237731933594,23.809524536132813,0,47.619049072265625,13.302146911621094,8589934592,2147483648,5953339392,366018560
199,1772016435430,3204,3204,3204,3204,3204,3204,3204,3204,75,70,63.15789031982422,57.142860412597656,50,28.571430206298828,0,0,12.411813735961914,8589934592,2147483648,5953765376,366018560
199,1772016435630,3204,3204,3204,3204,3204,3204,3204,3204,63.15789031982422,76.19047546386719,61.904762268066406,65,50,63.15789031982422,0,0,12.411813735961914,8589934592,2147483648,5962563584,366018560
202,1772016435831,3204,3204,3204,3204,3204,3204,3204,3204,70,68.42105102539063,57.894737243652344,40,100,0,0,0,12.411813735961914,8589934592,2147483648,5915688960,366018560
204,1772016436033,3204,3204,3204,3204,3204,3204,3204,3204,52.38095474243164,50,57.142860412597656,45,65,0,4.761904716491699,0,12.411813735961914,8589934592,2147483648,5915688960,366018560
200,1772016436238,3204,3204,3204,3204,3204,3204,3204,3204,75,80.95238494873047,80,76.19047546386719,100,4.761904716491699,0,0,12.411813735961914,8589934592,2147483648,5926141952,366018560
202,1772016436439,3204,3204,3204,3204,3204,3204,3204,3204,70,65,60.000003814697266,47.36842346191406,65,40,0,0,12.938360214233398,8589934592,2147483648,5941133312,366018560
204,1772016436641,3204,3204,3204,3204,3204,3204,3204,3204,73.68421173095703,70,70,57.142860412597656,65,0,0,0,12.938360214233398,8589934592,2147483648,5942951936,366018560
204,1772016436846,3204,3204,3204,3204,3204,3204,3204,3204,68.18181610107422,60.000003814697266,70,57.894737243652344,55,20,30.000001907348633,10,12.938360214233398,8589934592,2147483648,5957304320,366018560
204,1772016437051,3204,3204,3204,3204,3204,3204,3204,3204,70,66.66667175292969,57.142860412597656,52.38095474243164,20,57.142860412597656,0,9.523809432983398,12.938360214233398,8589934592,2147483648,5942394880,366018560
201,1772016437255,3204,3204,3204,3204,3204,3204,3204,3204,73.68421173095703,68.42105102539063,61.904762268066406,57.142860412597656,100,0,0,0,12.938360214233398,8589934592,2147483648,5943656448,366018560
203,1772016437457,3204,3204,3204,3204,3204,3204,3204,3204,71.42857360839844,68.18181610107422,63.15789031982422,52.6315803527832,95,0,0,5,10.981695175170898,8589934592,2147483648,5944672256,366018560
202,1772016437660,3204,3204,3204,3204,3204,3204,3204,3204,70,65,61.904762268066406,65,65,0,0,0,10.981695175170898,8589934592,2147483648,5959319552,366018560
204,1772016437863,3204,3204,3204,3204,3204,3204,3204,3204,65,65,65,57.142860412597656,95.23809814453125,0,0,0,10.981695175170898,8589934592,2147483648,5974753280,366018560
203,1772016438068,3204,3204,3204,3204,3204,3204,3204,3204,66.66667175292969,65,65,55,90,0,0,0,10.981695175170898,8589934592,2147483648,5973016576,366018560
204,1772016438272,3204,3204,3204,3204,3204,3204,3204,3204,57.142860412597656,65,65,65,40,5,0,0,10.981695175170898,8589934592,2147483648,5997789184,366018560
200,1772016438477,3204,3204,3204,3204,3204,3204,3204,3204,60.000003814697266,50,61.904762268066406,42.85714340209961,61.904762268066406,0,4.545454502105713,0,11.10151481628418,8589934592,2147483648,6005784576,366018560
204,1772016438677,3204,3204,3204,3204,3204,3204,3204,3204,52.6315803527832,57.142860412597656,57.894737243652344,60.000003814697266,33.333335876464844,0,4.761904716491699,0,11.10151481628418,8589934592,2147483648,6015025152,366018560
204,1772016438882,3204,3204,3204,3204,3204,3204,3204,3204,50,45,57.142860412597656,45,55.55555725097656,4.761904716491699,0,0,11.10151481628418,8589934592,2147483648,6036586496,366018560
204,1772016439087,3204,3204,3204,3204,3204,3204,3204,3204,71.42857360839844,65,71.42857360839844,57.142860412597656,28.571430206298828,0,0,0,11.10151481628418,8589934592,2147483648,6039257088,366018560
201,1772016439292,3204,3204,3204,3204,3204,3204,3204,3204,40,50,47.36842346191406,30.000001907348633,75,0,0,0,10.34747314453125,8589934592,2147483648,6056509440,366018560
204,1772016439494,3204,3204,3204,3204,3204,3204,3204,3204,55,45,57.142860412597656,55,61.904762268066406,0,0,0,10.34747314453125,8589934592,2147483648,6027689984,366018560
202,1772016439700,3204,3204,3204,3204,3204,3204,3204,3204,61.904762268066406,66.66667175292969,50,47.36842346191406,40,9.523809432983398,4.761904716491699,5,10.34747314453125,8589934592,2147483648,6027689984,366018560
202,1772016439902,3204,3204,3204,3204,3204,3204,3204,3204,47.36842346191406,50,55,57.142860412597656,100,0,0,0,10.34747314453125,8589934592,2147483648,6027689984,366018560
204,1772016440105,3204,3204,3204,3204,3204,3204,3204,3204,57.142860412597656,50,60.000003814697266,57.142860412597656,31.57894515991211,0,0,0,10.34747314453125,8589934592,2147483648,6027689984,366018560
203,1772016440310,3204,3204,3204,3204,3204,3204,3204,3204,90,90,90.47618865966797,94.73684692382813,71.42857360839844,10,15.789472579956055,0,8.880492210388184,8589934592,2147483648,6092161024,366018560
204,1772016440514,3204,3204,3204,3204,3204,3204,3204,3204,85,90,90,90.47618865966797,71.42857360839844,0,0,0,8.880492210388184,8589934592,2147483648,6077841408,366018560
204,1772016440719,3204,3204,3204,3204,3204,3204,3204,3204,85,80.95238494873047,85,85,55,9.523809432983398,0,0,8.880492210388184,8589934592,2147483648,6121684992,366018560
204,1772016440924,3204,3204,3204,3204,3204,3204,3204,3204,85,90,85,86.36363983154297,10,0,9.523809432983398,0,8.880492210388184,8589934592,2147483648,6120734720,366018560
204,1772016441129,3204,3204,3204,3204,3204,3204,3204,3204,57.142860412597656,66.66667175292969,66.66667175292969,63.15789031982422,15.000000953674316,4.761904716491699,35,0,8.880492210388184,8589934592,2147483648,6128812032,366018560
200,1772016441334,3204,3204,3204,3204,3204,3204,3204,3204,55,55,40,33.333335876464844,9.523809432983398,4.761904716491699,0,4.545454502105713,9.78491497039795,8589934592,2147483648,6131286016,366018560
201,1772016441535,3204,3204,3204,3204,3204,3204,3204,3204,71.42857360839844,63.15789031982422,80,75,15.000000953674316,5,4.761904716491699,35,9.78491497039795,8589934592,2147483648,6142246912,366018560
204,1772016441737,3204,3204,3204,3204,3204,3204,3204,3204,90,90.47618865966797,95,90,10,5.263157844543457,5,5,9.78491497039795,8589934592,2147483648,6172180480,366018560
204,1772016441942,3204,3204,3204,3204,3204,3204,3204,3204,95,95,90.90909576416016,95.23809814453125,95.23809814453125,90.90909576416016,100,95,9.78491497039795,8589934592,2147483648,6132449280,366018560
204,1772016442147,3204,3204,3204,3204,3204,3204,3204,3204,65,61.904762268066406,55.55555725097656,55,52.38095474243164,42.105262756347656,14.285715103149414,85,9.78491497039795,8589934592,2147483648,6105972736,366018560
199,1772016442352,3204,3204,3204,3204,3204,3204,3204,3204,70,50,54.54545593261719,45,45,42.85714340209961,55,13.636363983154297,9.026508331298828,8589934592,2147483648,6104481792,366018560
204,1772016442552,3204,3204,3204,3204,3204,3204,3204,3204,35,38.095237731933594,36.842105865478516,25,30.000001907348633,10.526315689086914,5,0,9.026508331298828,8589934592,2147483648,6106120192,366018560
203,1772016442757,3204,3204,3204,3204,3204,3204,3204,3204,90.90909576416016,94.73684692382813,90.47618865966797,90.47618865966797,70,63.6363639831543,47.619049072265625,50,9.026508331298828,8589934592,2147483648,6072008704,366018560
204,1772016442961,3204,3204,3204,3204,3204,3204,3204,3204,57.894737243652344,57.142860412597656,66.66667175292969,52.6315803527832,65,65,55,71.42857360839844,9.026508331298828,8589934592,2147483648,6059491328,366018560
200,1772016443166,3204,3204,3204,3204,3204,3204,3204,3204,65,60.000003814697266,55,63.6363639831543,76.19047546386719,75,70,55,9.026508331298828,8589934592,2147483648,6032654336,366018560
204,1772016443368,3204,3204,3204,3204,3204,3204,3204,3204,35,40,40,33.333335876464844,70,50,30.000001907348633,9.523809432983398,7.642869472503662,8589934592,2147483648,6010503168,366018560
201,1772016443573,3204,3204,3204,3204,3204,3204,3204,3204,28.571430206298828,25,25,27.272727966308594,80.95238494873047,15.000000953674316,0,0,7.642869472503662,8589934592,2147483648,6000001024,366018560
204,1772016443775,3204,3204,3204,3204,3204,3204,3204,3204,31.57894515991211,38.095237731933594,33.333335876464844,31.57894515991211,40,66.66667175292969,0,0,7.642869472503662,8589934592,2147483648,5991694336,366018560
204,1772016443979,3204,3204,3204,3204,3204,3204,3204,3204,47.619049072265625,35,42.105262756347656,50,0,9.523809432983398,0,0,7.642869472503662,8589934592,2147483648,5992644608,366018560
204,1772016444184,3204,3204,3204,3204,3204,3204,3204,3204,65,50,45,45,0,0,0,0,7.642869472503662,8589934592,2147483648,5991137280,366018560
200,1772016444389,3204,3204,3204,3204,3204,3204,3204,3204,57.142860412597656,50,45,40,0,0,0,0,7.341615676879883,8589934592,2147483648,5993775104,366018560
204,1772016444590,3204,3204,3204,3204,3204,3204,3204,3204,45,50,40.90909194946289,35,0,0,0,0,7.341615676879883,8589934592,2147483648,5991923712,366018560
204,1772016444795,3204,3204,3204,3204,3204,3204,3204,3204,65,52.38095474243164,57.894737243652344,52.38095474243164,0,0,0,0,7.341615676879883,8589934592,2147483648,5993742336,366018560
204,1772016445000,3204,3204,3204,3204,3204,3204,3204,3204,47.619049072265625,50,47.619049072265625,45,0,4.761904716491699,4.761904716491699,0,7.341615676879883,8589934592,2147483648,5991055360,366018560
204,1772016445205,3204,3204,3204,3204,3204,3204,3204,3204,50,50,38.095237731933594,36.842105865478516,0,0,0,0,7.341615676879883,8589934592,2147483648,5991055360,366018560
204,1772016445410,3204,3204,3204,3204,3204,3204,3204,3204,57.142860412597656,52.38095474243164,40,36.3636360168457,5,0,0,0,5.386031627655029,8589934592,2147483648,6002147328,366018560
201,1772016445615,3204,3204,3204,3204,3204,3204,3204,3204,55,35,42.85714340209961,40,0,0,0,0,5.386031627655029,8589934592,2147483648,5996118016,366018560
204,1772016445817,3204,3204,3204,3204,3204,3204,3204,3204,55,45,42.105262756347656,50,0,0,0,0,5.386031627655029,8589934592,2147483648,5996118016,366018560
203,1772016446023,3204,3204,3204,3204,3204,3204,3204,3204,60.000003814697266,52.38095474243164,60.000003814697266,50,0,0,0,4.761904716491699,5.386031627655029,8589934592,2147483648,5996118016,366018560
203,1772016446227,3204,3204,3204,3204,3204,3204,3204,3204,47.619049072265625,45,57.142860412597656,55,0,0,0,0,5.386031627655029,8589934592,2147483648,5996118016,366018560
203,1772016446431,3204,3204,3204,3204,3204,3204,3204,3204,50,57.142860412597656,52.38095474243164,45.45454788208008,4.761904716491699,4.761904716491699,0,0,5.054178237915039,8589934592,2147483648,5990776832,366018560
204,1772016446636,3204,3204,3204,3204,3204,3204,3204,3204,52.38095474243164,50,38.095237731933594,40,0,0,0,0,5.054178237915039,8589934592,2147483648,5989220352,366018560
204,1772016446841,3204,3204,3204,3204,3204,3204,3204,3204,55,50,47.36842346191406,52.38095474243164,20,4.761904716491699,13.636363983154297,0,5.054178237915039,8589934592,2147483648,5996347392,366018560
204,1772016447046,3204,3204,3204,3204,3204,3204,3204,3204,45,57.142860412597656,40,40,0,0,0,0,5.054178237915039,8589934592,2147483648,5998624768,366018560
202,1772016447251,3204,3204,3204,3204,3204,3204,3204,3204,42.85714340209961,42.85714340209961,57.142860412597656,42.85714340209961,0,4.761904716491699,4.761904716491699,4.761904716491699,5.054178237915039,8589934592,2147483648,5991579648,366018560
203,1772016447455,3204,3204,3204,3204,3204,3204,3204,3204,31.57894515991211,36.842105865478516,38.095237731933594,31.57894515991211,9.523809432983398,0,0,0,5.222641944885254,8589934592,2147483648,5981962240,366018560
203,1772016447658,3204,3204,3204,3204,3204,3204,3204,3204,52.38095474243164,50,50,45,10,0,0,0,5.222641944885254,8589934592,2147483648,5970149376,366018560
204,1772016447862,3204,3204,3204,3204,3204,3204,3204,3204,61.904762268066406,61.904762268066406,55,60.000003814697266,0,4.761904716491699,0,0,5.222641944885254,8589934592,2147483648,5957107712,366018560
200,1772016448067,3204,3204,3204,3204,3204,3204,3204,3204,55,47.619049072265625,45,38.095237731933594,0,0,0,0,5.222641944885254,8589934592,2147483648,5955764224,366018560
201,1772016448268,3204,3204,3204,3204,3204,3204,3204,3204,70,68.42105102539063,66.66667175292969,71.42857360839844,0,0,0,0,5.222641944885254,8589934592,2147483648,5940363264,366018560
201,1772016448470,3204,3204,3204,3204,3204,3204,3204,3204,60.000003814697266,50,42.105262756347656,36.842105865478516,0,0,0,0,5.103305339813232,8589934592,2147483648,5941018624,366018560
204,1772016448671,3204,3204,3204,3204,3204,3204,3204,3204,55,52.38095474243164,30.000001907348633,30.000001907348633,0,0,0,0,5.103305339813232,8589934592,2147483648,5935185920,366018560
201,1772016448876,3204,3204,3204,3204,3204,3204,3204,3204,52.6315803527832,52.6315803527832,38.095237731933594,45,0,0,0,0,5.103305339813232,8589934592,2147483648,5941133312,366018560
201,1772016449078,3204,3204,3204,3204,3204,3204,3204,3204,55,52.38095474243164,35,33.333335876464844,0,0,0,0,5.103305339813232,8589934592,2147483648,5939986432,366018560
201,1772016449279,3204,3204,3204,3204,3204,3204,3204,3204,57.142860412597656,50,50,45,0,0,0,0,5.103305339813232,8589934592,2147483648,5930385408,366018560
199,1772016449481,3204,3204,3204,3204,3204,3204,3204,3204,50,45,40,35,0,0,0,0,5.32975959777832,8589934592,2147483648,5923946496,366018560
204,1772016449681,3204,3204,3204,3204,3204,3204,3204,3204,57.142860412597656,50,40,35,10,0,0,4.761904716491699,5.32975959777832,8589934592,2147483648,5931974656,366018560
204,1772016449886,3204,3204,3204,3204,3204,3204,3204,3204,57.894737243652344,50,45,38.095237731933594,0,0,0,0,5.32975959777832,8589934592,2147483648,5923241984,366018560
203,1772016450091,3204,3204,3204,3204,3204,3204,3204,3204,52.38095474243164,47.619049072265625,38.095237731933594,40,0,0,0,0,5.32975959777832,8589934592,2147483648,5922865152,366018560
203,1772016450295,3204,3204,3204,3204,3204,3204,3204,3204,55,63.15789031982422,40,35,0,0,0,0,5.144554138183594,8589934592,2147483648,5921996800,366018560
201,1772016450499,3204,3204,3204,3204,3204,3204,3204,3204,60.000003814697266,47.619049072265625,45,42.85714340209961,4.761904716491699,0,4.761904716491699,0,5.144554138183594,8589934592,2147483648,5919227904,366018560
201,1772016450701,3204,3204,3204,3204,3204,3204,3204,3204,55,45,35,36.842105865478516,0,0,0,0,5.144554138183594,8589934592,2147483648,5918523392,366018560
199,1772016450902,3204,3204,3204,3204,3204,3204,3204,3204,65,65,63.15789031982422,50,0,0,0,0,5.144554138183594,8589934592,2147483648,5924667392,366018560
202,1772016451103,3204,3204,3204,3204,3204,3204,3204,3204,57.142860412597656,50,47.619049072265625,40,0,0,0,0,5.144554138183594,8589934592,2147483648,5923307520,366018560
201,1772016451305,3204,3204,3204,3204,3204,3204,3204,3204,45,38.095237731933594,30.000001907348633,33.333335876464844,0,0,0,0,5.004637241363525,8589934592,2147483648,5926305792,366018560
6,1772016451507,3204,3204,3204,3204,3204,3204,3204,3204,50,42.105262756347656,38.095237731933594,36.842105865478516,0,0,0,0,5.004637241363525,8589934592,2147483648,5926141952,366018560
