Delta,Time,CPU_FREQUENCY_0,CPU_FREQUENCY_1,CPU_FREQUENCY_2,CPU_FREQUENCY_3,CPU_FREQUENCY_4,CPU_FREQUENCY_5,CPU_FREQUENCY_6,CPU_FREQUENCY_7,CPU_USAGE_0,CPU_USAGE_1,CPU_USAGE_2,CPU_USAGE_3,CPU_USAGE_4,CPU_USAGE_5,CPU_USAGE_6,CPU_USAGE_7,SYSTEM_POWER (Watts),TOTAL_MEMORY,TOTAL_SWAP,USED_MEMORY,USED_SWAP
0,1772004312996,3204,3204,3204,3204,3204,3204,3204,3204,0,0,0,0,0,0,0,0,5.151106834411621,8589934592,2147483648,5918375936,407961600
209,1772004312996,3204,3204,3204,3204,3204,3204,3204,3204,NaN,NaN,100,NaN,0,NaN,0,NaN,5.151106834411621,8589934592,2147483648,5917753344,407961600
209,1772004313206,3204,3204,3204,3204,3204,3204,3204,3204,28.571430206298828,27.272727966308594,19.047618865966797,19.047618865966797,5,4.761904716491699,4.761904716491699,0,5.151106834411621,8589934592,2147483648,5916786688,407961600
202,1772004313416,3204,3204,3204,3204,3204,3204,3204,3204,70,70,60.000003814697266,61.904762268066406,0,0,0,4.761904716491699,5.151106834411621,8589934592,2147483648,5916786688,407961600
199,1772004313619,3204,3204,3204,3204,3204,3204,3204,3204,47.619049072265625,52.38095474243164,42.85714340209961,30.000001907348633,14.285715103149414,14.285715103149414,5,0,5.151106834411621,8589934592,2147483648,5934563328,407961600
209,1772004313819,3204,3204,3204,3204,3204,3204,3204,3204,60.000003814697266,50,45,42.85714340209961,20,25,4.761904716491699,0,5.783102035522461,8589934592,2147483648,5941510144,407961600
209,1772004314029,3204,3204,3204,3204,3204,3204,3204,3204,40,35,33.333335876464844,25,0,0,0,0,5.783102035522461,8589934592,2147483648,5947834368,407961600
208,1772004314239,3204,3204,3204,3204,3204,3204,3204,3204,52.38095474243164,55,50,52.38095474243164,9.523809432983398,9.523809432983398,4.761904716491699,4.545454502105713,5.783102035522461,8589934592,2147483648,5980520448,407961600
207,1772004314448,3204,3204,3204,3204,3204,3204,3204,3204,35,28.571430206298828,23.809524536132813,20,0,4.761904716491699,0,0,5.783102035522461,8589934592,2147483648,5996036096,407961600
206,1772004314655,3204,3204,3204,3204,3204,3204,3204,3204,50,47.619049072265625,35,38.095237731933594,28.571430206298828,9.523809432983398,0,0,5.783102035522461,8589934592,2147483648,6011142144,407961600
207,1772004314862,3204,3204,3204,3204,3204,3204,3204,3204,40,66.66667175292969,38.095237731933594,30.000001907348633,19.047618865966797,20,10,9.523809432983398,6.425308704376221,8589934592,2147483648,5990973440,407961600
202,1772004315071,3204,3204,3204,3204,3204,3204,3204,3204,52.38095474243164,35,35,33.333335876464844,0,0,0,0,6.425308704376221,8589934592,2147483648,5998837760,407961600
207,1772004315273,3204,3204,3204,3204,3204,3204,3204,3204,50,52.38095474243164,47.619049072265625,38.095237731933594,25,28.571430206298828,31.81818199157715,23.809524536132813,6.425308704376221,8589934592,2147483648,5995331584,407961600
209,1772004315481,3204,3204,3204,3204,3204,3204,3204,3204,75,70,71.42857360839844,60.000003814697266,15.000000953674316,14.285715103149414,19.047618865966797,5,6.425308704376221,8589934592,2147483648,5985910784,407961600
206,1772004315691,3204,3204,3204,3204,3204,3204,3204,3204,68.18181610107422,68.18181610107422,71.42857360839844,65,0,0,0,0,6.425308704376221,8589934592,2147483648,5985484800,407961600
208,1772004315898,3204,3204,3204,3204,3204,3204,3204,3204,65,65,80,68.18181610107422,9.090909004211426,0,0,0,6.576845645904541,8589934592,2147483648,5989007360,407961600
200,1772004316106,3204,3204,3204,3204,3204,3204,3204,3204,57.142860412597656,75,54.54545593261719,57.142860412597656,0,4.761904716491699,4.545454502105713,4.761904716491699,6.576845645904541,8589934592,2147483648,5988941824,407961600
209,1772004316308,3204,3204,3204,3204,3204,3204,3204,3204,70,50,63.15789031982422,50,0,0,0,0,6.576845645904541,8589934592,2147483648,5990842368,407961600
204,1772004316517,3204,3204,3204,3204,3204,3204,3204,3204,65,57.142860412597656,38.095237731933594,38.095237731933594,0,0,0,0,6.576845645904541,8589934592,2147483648,5982404608,407961600
209,1772004316722,3204,3204,3204,3204,3204,3204,3204,3204,52.38095474243164,55,50,60.000003814697266,10,4.761904716491699,0,4.761904716491699,6.576845645904541,8589934592,2147483648,5989384192,407961600
208,1772004316932,3204,3204,3204,3204,3204,3204,3204,3204,66.66667175292969,45.45454788208008,52.38095474243164,40,59.09090805053711,52.6315803527832,9.090909004211426,0,7.290566921234131,8589934592,2147483648,5974736896,407961600
204,1772004317141,3204,3204,3204,3204,3204,3204,3204,3204,61.904762268066406,73.68421173095703,66.66667175292969,77.2727279663086,4.761904716491699,40.90909194946289,0,4.761904716491699,7.290566921234131,8589934592,2147483648,5974736896,407961600
201,1772004317345,3204,3204,3204,3204,3204,3204,3204,3204,45,45.45454788208008,61.904762268066406,38.095237731933594,5,5,0,0,7.290566921234131,8589934592,2147483648,5974736896,407961600
200,1772004317547,3204,3204,3204,3204,3204,3204,3204,3204,57.142860412597656,68.42105102539063,55,63.15789031982422,0,4.761904716491699,4.761904716491699,0,7.290566921234131,8589934592,2147483648,5974736896,407961600
200,1772004317748,3204,3204,3204,3204,3204,3204,3204,3204,42.105262756347656,42.85714340209961,65,28.571430206298828,47.619049072265625,5,0,0,7.290566921234131,8589934592,2147483648,5966266368,407961600
209,1772004317948,3204,3204,3204,3204,3204,3204,3204,3204,45,47.36842346191406,55,55,35,5,0,4.761904716491699,6.311949729919434,8589934592,2147483648,5956993024,407961600
205,1772004318158,3204,3204,3204,3204,3204,3204,3204,3204,47.619049072265625,33.333335876464844,45,36.842105865478516,22.72727394104004,9.523809432983398,4.545454502105713,0,6.311949729919434,8589934592,2147483648,5942280192,407961600
208,1772004318364,3204,3204,3204,3204,3204,3204,3204,3204,57.142860412597656,61.904762268066406,57.142860412597656,54.54545593261719,0,0,0,0,6.311949729919434,8589934592,2147483648,5942132736,407961600
200,1772004318573,3204,3204,3204,3204,3204,3204,3204,3204,60.000003814697266,35,47.619049072265625,52.38095474243164,15.000000953674316,14.285715103149414,13.636363983154297,5,6.311949729919434,8589934592,2147483648,5941526528,407961600
201,1772004318773,3204,3204,3204,3204,3204,3204,3204,3204,55,42.85714340209961,31.57894515991211,50,14.285715103149414,25,0,0,6.311949729919434,8589934592,2147483648,5938462720,407961600
209,1772004318975,3204,3204,3204,3204,3204,3204,3204,3204,60.000003814697266,55,55,42.105262756347656,21.052631378173828,9.523809432983398,0,4.761904716491699,7.637149333953857,8589934592,2147483648,5922570240,407961600
208,1772004319185,3204,3204,3204,3204,3204,3204,3204,3204,59.09090805053711,47.619049072265625,38.095237731933594,33.333335876464844,9.523809432983398,4.761904716491699,0,0,7.637149333953857,8589934592,2147483648,5924274176,407961600
200,1772004319395,3204,3204,3204,3204,3204,3204,3204,3204,57.142860412597656,40,45.45454788208008,38.095237731933594,42.85714340209961,0,0,0,7.637149333953857,8589934592,2147483648,5923192832,407961600
201,1772004319595,3204,3204,3204,3204,3204,3204,3204,3204,40,33.333335876464844,60.000003814697266,30.000001907348633,4.761904716491699,0,0,0,7.637149333953857,8589934592,2147483648,5922340864,407961600
208,1772004319797,3204,3204,3204,3204,3204,3204,3204,3204,42.105262756347656,45,52.6315803527832,35,0,5,5,0,7.637149333953857,8589934592,2147483648,5923946496,407961600
203,1772004320006,3204,3204,3204,3204,3204,3204,3204,3204,42.85714340209961,47.619049072265625,57.142860412597656,47.619049072265625,0,0,0,0,7.182649612426758,8589934592,2147483648,5920964608,407961600
202,1772004320209,3204,3204,3204,3204,3204,3204,3204,3204,50,57.894737243652344,35,40,9.523809432983398,0,0,4.545454502105713,7.182649612426758,8589934592,2147483648,5918556160,407961600
201,1772004320412,3204,3204,3204,3204,3204,3204,3204,3204,47.619049072265625,52.38095474243164,47.619049072265625,45,0,0,0,0,7.182649612426758,8589934592,2147483648,5919752192,407961600
207,1772004320614,3204,3204,3204,3204,3204,3204,3204,3204,63.15789031982422,45,45,47.619049072265625,0,0,0,0,7.182649612426758,8589934592,2147483648,5919752192,407961600
200,1772004320823,3204,3204,3204,3204,3204,3204,3204,3204,76.19047546386719,76.19047546386719,71.42857360839844,80,0,0,0,0,6.466222286224365,8589934592,2147483648,5921538048,407961600
200,1772004321023,3204,3204,3204,3204,3204,3204,3204,3204,55,50,45,50,19.047618865966797,5,0,5,6.466222286224365,8589934592,2147483648,5931270144,407961600
205,1772004321225,3204,3204,3204,3204,3204,3204,3204,3204,52.6315803527832,68.42105102539063,50,42.85714340209961,20,15.000000953674316,5,4.761904716491699,6.466222286224365,8589934592,2147483648,5921456128,407961600
209,1772004321431,3204,3204,3204,3204,3204,3204,3204,3204,59.09090805053711,54.54545593261719,60.000003814697266,45,0,9.090909004211426,4.761904716491699,0,6.466222286224365,8589934592,2147483648,5921767424,407961600
204,1772004321640,3204,3204,3204,3204,3204,3204,3204,3204,35,55,59.09090805053711,40,28.571430206298828,5,0,4.761904716491699,6.466222286224365,8589934592,2147483648,5921767424,407961600
209,1772004321845,3204,3204,3204,3204,3204,3204,3204,3204,47.619049072265625,35,40,52.38095474243164,5,14.285715103149414,5,4.761904716491699,6.238759517669678,8589934592,2147483648,5922488320,407961600
208,1772004322055,3204,3204,3204,3204,3204,3204,3204,3204,52.38095474243164,38.095237731933594,61.904762268066406,38.095237731933594,0,0,0,0,6.238759517669678,8589934592,2147483648,5922897920,407961600
209,1772004322264,3204,3204,3204,3204,3204,3204,3204,3204,47.619049072265625,52.38095474243164,40,42.85714340209961,33.333335876464844,0,14.285715103149414,0,6.238759517669678,8589934592,2147483648,5924438016,407961600
209,1772004322474,3204,3204,3204,3204,3204,3204,3204,3204,57.142860412597656,38.095237731933594,42.85714340209961,36.3636360168457,4.761904716491699,9.523809432983398,4.545454502105713,0,6.238759517669678,8589934592,2147483648,5924683776,407961600
204,1772004322684,3204,3204,3204,3204,3204,3204,3204,3204,55,52.38095474243164,47.619049072265625,30.000001907348633,0,0,0,0,6.238759517669678,8589934592,2147483648,5926010880,407961600
201,1772004322889,3204,3204,3204,3204,3204,3204,3204,3204,57.142860412597656,45,57.142860412597656,45,4.761904716491699,0,0,4.761904716491699,6.557306289672852,8589934592,2147483648,5926469632,407961600
209,1772004323091,3204,3204,3204,3204,3204,3204,3204,3204,55,57.142860412597656,40,42.85714340209961,4.761904716491699,4.761904716491699,0,0,6.557306289672852,8589934592,2147483648,5923323904,407961600
207,1772004323301,3204,3204,3204,3204,3204,3204,3204,3204,57.142860412597656,60.000003814697266,61.904762268066406,47.619049072265625,55,28.571430206298828,9.523809432983398,4.761904716491699,6.557306289672852,8589934592,2147483648,5921341440,407961600
209,1772004323508,3204,3204,3204,3204,3204,3204,3204,3204,42.85714340209961,50,38.095237731933594,40,0,0,0,0,6.557306289672852,8589934592,2147483648,5922226176,407961600
209,1772004323718,3204,3204,3204,3204,3204,3204,3204,3204,42.85714340209961,45,47.619049072265625,45,0,0,0,0,6.557306289672852,8589934592,2147483648,5924585472,407961600
209,1772004323928,3204,3204,3204,3204,3204,3204,3204,3204,50,47.619049072265625,28.571430206298828,36.3636360168457,27.272727966308594,4.761904716491699,4.545454502105713,0,6.551415920257568,8589934592,2147483648,5924831232,407961600
202,1772004324138,3204,3204,3204,3204,3204,3204,3204,3204,50,38.095237731933594,50,33.333335876464844,0,0,0,0,6.551415920257568,8589934592,2147483648,5921292288,407961600
208,1772004324341,3204,3204,3204,3204,3204,3204,3204,3204,50,45,40,45,0,0,0,0,6.551415920257568,8589934592,2147483648,5923209216,407961600
207,1772004324550,3204,3204,3204,3204,3204,3204,3204,3204,52.38095474243164,61.904762268066406,38.095237731933594,38.095237731933594,4.761904716491699,0,4.545454502105713,0,6.551415920257568,8589934592,2147483648,5925027840,407961600
209,1772004324757,3204,3204,3204,3204,3204,3204,3204,3204,45,38.095237731933594,38.095237731933594,38.095237731933594,0,4.545454502105713,0,0,6.551415920257568,8589934592,2147483648,5924028416,407961600
206,1772004324967,3204,3204,3204,3204,3204,3204,3204,3204,52.38095474243164,42.85714340209961,57.142860412597656,33.333335876464844,0,0,0,0,6.632993221282959,8589934592,2147483648,5922242560,407961600
206,1772004325174,3204,3204,3204,3204,3204,3204,3204,3204,65,33.333335876464844,35,42.85714340209961,4.545454502105713,0,0,4.545454502105713,6.632993221282959,8589934592,2147483648,5923897344,407961600
209,1772004325381,3204,3204,3204,3204,3204,3204,3204,3204,61.904762268066406,45,42.85714340209961,40,30.000001907348633,19.047618865966797,5,0,6.632993221282959,8589934592,2147483648,5933514752,407961600
201,1772004325591,3204,3204,3204,3204,3204,3204,3204,3204,47.619049072265625,35,52.38095474243164,50,4.761904716491699,13.636363983154297,0,0,6.632993221282959,8589934592,2147483648,5933514752,407961600
203,1772004325793,3204,3204,3204,3204,3204,3204,3204,3204,42.85714340209961,38.095237731933594,35,60.000003814697266,4.761904716491699,0,0,0,6.632993221282959,8589934592,2147483648,5933514752,407961600
203,1772004325998,3204,3204,3204,3204,3204,3204,3204,3204,42.105262756347656,36.842105865478516,35,52.38095474243164,0,0,4.761904716491699,5,6.147422790527344,8589934592,2147483648,5923160064,407961600
207,1772004326202,3204,3204,3204,3204,3204,3204,3204,3204,35,57.142860412597656,57.142860412597656,35,0,4.761904716491699,0,0,6.147422790527344,8589934592,2147483648,5924716544,407961600
204,1772004326409,3204,3204,3204,3204,3204,3204,3204,3204,35,38.095237731933594,47.619049072265625,47.619049072265625,9.090909004211426,4.761904716491699,4.761904716491699,4.761904716491699,6.147422790527344,8589934592,2147483648,5924634624,407961600
207,1772004326615,3204,3204,3204,3204,3204,3204,3204,3204,57.142860412597656,30.000001907348633,47.619049072265625,38.095237731933594,0,0,0,0,6.147422790527344,8589934592,2147483648,5924225024,407961600
202,1772004326823,3204,3204,3204,3204,3204,3204,3204,3204,33.333335876464844,33.333335876464844,26.3157901763916,20,4.761904716491699,0,0,0,6.315061092376709,8589934592,2147483648,5925634048,407961600
209,1772004327026,3204,3204,3204,3204,3204,3204,3204,3204,42.85714340209961,35,28.571430206298828,23.809524536132813,0,4.761904716491699,4.761904716491699,0,6.315061092376709,8589934592,2147483648,5927337984,407961600
204,1772004327236,3204,3204,3204,3204,3204,3204,3204,3204,30.000001907348633,28.571430206298828,20,23.809524536132813,0,0,0,0,6.315061092376709,8589934592,2147483648,5925994496,407961600
209,1772004327441,3204,3204,3204,3204,3204,3204,3204,3204,33.333335876464844,30.000001907348633,33.333335876464844,25,20,10,5,5,6.315061092376709,8589934592,2147483648,5936496640,407961600
204,1772004327651,3204,3204,3204,3204,3204,3204,3204,3204,30.000001907348633,19.047618865966797,10,19.047618865966797,19.047618865966797,22.72727394104004,0,0,6.315061092376709,8589934592,2147483648,5926043648,407961600
205,1772004327856,3204,3204,3204,3204,3204,3204,3204,3204,23.809524536132813,28.571430206298828,22.72727394104004,23.809524536132813,4.761904716491699,4.761904716491699,4.761904716491699,4.761904716491699,6.049802303314209,8589934592,2147483648,5926043648,407961600
209,1772004328063,3204,3204,3204,3204,3204,3204,3204,3204,28.571430206298828,23.809524536132813,20,10.526315689086914,4.761904716491699,5,4.761904716491699,4.761904716491699,6.049802303314209,8589934592,2147483648,5925928960,407961600
208,1772004328273,3204,3204,3204,3204,3204,3204,3204,3204,30.000001907348633,25,20,18.18181800842285,0,0,0,0,6.049802303314209,8589934592,2147483648,5925978112,407961600
208,1772004328482,3204,3204,3204,3204,3204,3204,3204,3204,23.809524536132813,28.571430206298828,19.047618865966797,23.809524536132813,9.090909004211426,4.761904716491699,4.761904716491699,4.761904716491699,6.049802303314209,8589934592,2147483648,5925322752,407961600
200,1772004328691,3204,3204,3204,3204,3204,3204,3204,3204,25,20,23.809524536132813,15.000000953674316,4.761904716491699,0,4.761904716491699,0,6.049802303314209,8589934592,2147483648,5925945344,407961600
209,1772004328891,3204,3204,3204,3204,3204,3204,3204,3204,25,23.809524536132813,15.000000953674316,20,35,19.047618865966797,5,5,5.861135005950928,8589934592,2147483648,5920735232,407961600
205,1772004329101,3204,3204,3204,3204,3204,3204,3204,3204,38.095237731933594,33.333335876464844,33.333335876464844,33.333335876464844,25,25,23.809524536132813,22.72727394104004,5.861135005950928,8589934592,2147483648,5909135360,407961600
206,1772004329308,3204,3204,3204,3204,3204,3204,3204,3204,23.809524536132813,15.000000953674316,10,14.285715103149414,4.761904716491699,4.761904716491699,0,4.761904716491699,5.861135005950928,8589934592,2147483648,5911134208,407961600
206,1772004329515,3204,3204,3204,3204,3204,3204,3204,3204,28.571430206298828,23.809524536132813,22.72727394104004,20,4.761904716491699,4.761904716491699,4.761904716491699,0,5.861135005950928,8589934592,2147483648,5909217280,407961600
208,1772004329722,3204,3204,3204,3204,3204,3204,3204,3204,45,42.85714340209961,40,38.095237731933594,45,30.000001907348633,19.047618865966797,25,5.861135005950928,8589934592,2147483648,5909151744,407961600
209,1772004329931,3204,3204,3204,3204,3204,3204,3204,3204,23.809524536132813,20,14.285715103149414,15.000000953674316,9.523809432983398,4.761904716491699,5,9.523809432983398,5.254228115081787,8589934592,2147483648,5909118976,407961600
208,1772004330141,3204,3204,3204,3204,3204,3204,3204,3204,42.85714340209961,30.000001907348633,25,27.272727966308594,4.545454502105713,0,0,0,5.254228115081787,8589934592,2147483648,5910233088,407961600
208,1772004330350,3204,3204,3204,3204,3204,3204,3204,3204,55,61.904762268066406,68.18181610107422,55,4.761904716491699,5,4.761904716491699,4.761904716491699,5.254228115081787,8589934592,2147483648,5916688384,407961600
199,1772004330560,3204,3204,3204,3204,3204,3204,3204,3204,47.619049072265625,38.095237731933594,50,42.85714340209961,0,0,0,0,5.254228115081787,8589934592,2147483648,5920325632,407961600
206,1772004330760,3204,3204,3204,3204,3204,3204,3204,3204,38.095237731933594,35,30.000001907348633,33.333335876464844,5,4.761904716491699,4.761904716491699,5,5.254228115081787,8589934592,2147483648,5922537472,407961600
207,1772004330967,3204,3204,3204,3204,3204,3204,3204,3204,36.842105865478516,30.000001907348633,38.095237731933594,15.000000953674316,0,4.761904716491699,0,0,6.2808756828308105,8589934592,2147483648,5922537472,407961600
203,1772004331175,3204,3204,3204,3204,3204,3204,3204,3204,45.45454788208008,38.095237731933594,30.000001907348633,38.095237731933594,4.545454502105713,4.761904716491699,4.761904716491699,4.761904716491699,6.2808756828308105,8589934592,2147483648,5907742720,407961600
208,1772004331378,3204,3204,3204,3204,3204,3204,3204,3204,30.000001907348633,28.571430206298828,25,20,5,5,0,26.3157901763916,6.2808756828308105,8589934592,2147483648,5909970944,407961600
205,1772004331588,3204,3204,3204,3204,3204,3204,3204,3204,28.571430206298828,23.809524536132813,27.272727966308594,19.047618865966797,0,0,0,4.761904716491699,6.2808756828308105,8589934592,2147483648,5909970944,407961600
201,1772004331794,3204,3204,3204,3204,3204,3204,3204,3204,42.105262756347656,38.095237731933594,26.3157901763916,30.000001907348633,22.72727394104004,14.285715103149414,4.761904716491699,8.69565200805664,6.2808756828308105,8589934592,2147483648,5909970944,407961600
208,1772004331995,3204,3204,3204,3204,3204,3204,3204,3204,31.81818199157715,26.3157901763916,30.000001907348633,20,42.105262756347656,15.789472579956055,9.523809432983398,0,5.9522271156311035,8589934592,2147483648,5909970944,407961600
209,1772004332204,3204,3204,3204,3204,3204,3204,3204,3204,25,30.000001907348633,23.809524536132813,22.72727394104004,0,0,0,0,5.9522271156311035,8589934592,2147483648,5908938752,407961600
208,1772004332414,3204,3204,3204,3204,3204,3204,3204,3204,40,45.45454788208008,33.333335876464844,30.000001907348633,4.761904716491699,4.761904716491699,4.545454502105713,0,5.9522271156311035,8589934592,2147483648,5915066368,407961600
209,1772004332623,3204,3204,3204,3204,3204,3204,3204,3204,36.3636360168457,30.000001907348633,23.809524536132813,28.571430206298828,0,0,0,0,5.9522271156311035,8589934592,2147483648,5915066368,407961600
209,1772004332833,3204,3204,3204,3204,3204,3204,3204,3204,33.333335876464844,28.571430206298828,31.81818199157715,25,0,4.761904716491699,0,4.761904716491699,5.701234340667725,8589934592,2147483648,5915066368,407961600
209,1772004333043,3204,3204,3204,3204,3204,3204,3204,3204,30.000001907348633,28.571430206298828,19.047618865966797,14.285715103149414,28.571430206298828,23.809524536132813,4.761904716491699,4.761904716491699,5.701234340667725,8589934592,2147483648,5915066368,407961600
208,1772004333253,3204,3204,3204,3204,3204,3204,3204,3204,25,31.81818199157715,20,18.18181800842285,4.545454502105713,4.761904716491699,0,0,5.701234340667725,8589934592,2147483648,5915607040,407961600
201,1772004333462,3204,3204,3204,3204,3204,3204,3204,3204,31.81818199157715,25,19.047618865966797,15.000000953674316,5,9.090909004211426,4.761904716491699,4.761904716491699,5.701234340667725,8589934592,2147483648,5915623424,407961600
204,1772004333663,3204,3204,3204,3204,3204,3204,3204,3204,21.052631378173828,25,20,20,0,0,0,0,5.701234340667725,8589934592,2147483648,5915623424,407961600
209,1772004333868,3204,3204,3204,3204,3204,3204,3204,3204,28.571430206298828,38.095237731933594,36.842105865478516,25,15.000000953674316,26.3157901763916,5,5,5.842138290405273,8589934592,2147483648,5915623424,407961600
202,1772004334078,3204,3204,3204,3204,3204,3204,3204,3204,35,40,34.78260803222656,33.333335876464844,23.809524536132813,19.047618865966797,9.090909004211426,4.545454502105713,5.842138290405273,8589934592,2147483648,5915623424,407961600
205,1772004334281,3204,3204,3204,3204,3204,3204,3204,3204,35,30.000001907348633,21.052631378173828,28.571430206298828,14.285715103149414,9.523809432983398,0,0,5.842138290405273,8589934592,2147483648,5920964608,407961600
204,1772004334486,3204,3204,3204,3204,3204,3204,3204,3204,36.3636360168457,33.333335876464844,30.000001907348633,23.809524536132813,10,10,9.523809432983398,4.761904716491699,5.842138290405273,8589934592,2147483648,5920407552,407961600
206,1772004334691,3204,3204,3204,3204,3204,3204,3204,3204,25,20,19.047618865966797,20,0,4.761904716491699,0,4.761904716491699,5.842138290405273,8589934592,2147483648,5920391168,407961600
201,1772004334898,3204,3204,3204,3204,3204,3204,3204,3204,33.333335876464844,25,28.571430206298828,25,4.761904716491699,0,0,0,5.504221439361572,8589934592,2147483648,5920456704,407961600
201,1772004335100,3204,3204,3204,3204,3204,3204,3204,3204,26.3157901763916,20,15.789472579956055,15.000000953674316,9.523809432983398,5,5,0,5.504221439361572,8589934592,2147483648,5920538624,407961600
206,1772004335302,3204,3204,3204,3204,3204,3204,3204,3204,25,20,20,15.000000953674316,5,9.523809432983398,4.761904716491699,4.761904716491699,5.504221439361572,8589934592,2147483648,5920276480,407961600
205,1772004335508,3204,3204,3204,3204,3204,3204,3204,3204,33.333335876464844,23.809524536132813,23.809524536132813,23.809524536132813,0,0,0,0,5.504221439361572,8589934592,2147483648,5920342016,407961600
209,1772004335714,3204,3204,3204,3204,3204,3204,3204,3204,20,28.571430206298828,23.809524536132813,15.000000953674316,9.523809432983398,5,4.761904716491699,4.761904716491699,5.504221439361572,8589934592,2147483648,5919965184,407961600
208,1772004335924,3204,3204,3204,3204,3204,3204,3204,3204,23.809524536132813,28.571430206298828,19.047618865966797,14.285715103149414,0,0,0,0,5.926761150360107,8589934592,2147483648,5919997952,407961600
206,1772004336133,3204,3204,3204,3204,3204,3204,3204,3204,35,30.000001907348633,25,23.809524536132813,28.571430206298828,18.18181800842285,0,9.523809432983398,5.926761150360107,8589934592,2147483648,5922045952,407961600
201,1772004336339,3204,3204,3204,3204,3204,3204,3204,3204,25,28.571430206298828,20,19.047618865966797,0,5,4.761904716491699,0,5.926761150360107,8589934592,2147483648,5921521664,407961600
206,1772004336541,3204,3204,3204,3204,3204,3204,3204,3204,33.333335876464844,25,25,20,4.761904716491699,0,4.761904716491699,0,5.926761150360107,8589934592,2147483648,5921423360,407961600
209,1772004336748,3204,3204,3204,3204,3204,3204,3204,3204,25,25,19.047618865966797,19.047618865966797,0,4.545454502105713,0,0,5.926761150360107,8589934592,2147483648,5921439744,407961600
209,1772004336958,3204,3204,3204,3204,3204,3204,3204,3204,23.809524536132813,20,14.285715103149414,14.285715103149414,0,0,0,0,5.149455547332764,8589934592,2147483648,5921472512,407961600
205,1772004337168,3204,3204,3204,3204,3204,3204,3204,3204,38.095237731933594,28.571430206298828,23.809524536132813,15.789472579956055,4.761904716491699,4.761904716491699,0,4.761904716491699,5.149455547332764,8589934592,2147483648,5920129024,407961600
208,1772004337374,3204,3204,3204,3204,3204,3204,3204,3204,23.809524536132813,27.272727966308594,23.809524536132813,23.809524536132813,0,0,4.761904716491699,0,5.149455547332764,8589934592,2147483648,5920309248,407961600
209,1772004337583,3204,3204,3204,3204,3204,3204,3204,3204,40,35,33.333335876464844,27.272727966308594,0,0,0,0,5.149455547332764,8589934592,2147483648,5921800192,407961600
203,1772004337793,3204,3204,3204,3204,3204,3204,3204,3204,23.809524536132813,28.571430206298828,19.047618865966797,15.000000953674316,4.761904716491699,4.545454502105713,0,0,5.149455547332764,8589934592,2147483648,5920047104,407961600
209,1772004337998,3204,3204,3204,3204,3204,3204,3204,3204,33.333335876464844,25,25,14.285715103149414,4.761904716491699,0,4.761904716491699,4.761904716491699,5.369503974914551,8589934592,2147483648,5919850496,407961600
204,1772004338207,3204,3204,3204,3204,3204,3204,3204,3204,30.000001907348633,33.333335876464844,25,20,15.000000953674316,13.636363983154297,0,0,5.369503974914551,8589934592,2147483648,5931352064,407961600
205,1772004338412,3204,3204,3204,3204,3204,3204,3204,3204,25,25,19.047618865966797,23.809524536132813,18.18181800842285,10,0,0,5.369503974914551,8589934592,2147483648,5919965184,407961600
206,1772004338618,3204,3204,3204,3204,3204,3204,3204,3204,28.571430206298828,25,20,19.047618865966797,0,0,0,0,5.369503974914551,8589934592,2147483648,5920014336,407961600
209,1772004338824,3204,3204,3204,3204,3204,3204,3204,3204,28.571430206298828,38.095237731933594,47.619049072265625,35,9.523809432983398,25,5,4.545454502105713,5.652734756469727,8589934592,2147483648,5919522816,407961600
206,1772004339034,3204,3204,3204,3204,3204,3204,3204,3204,25,28.571430206298828,19.047618865966797,19.047618865966797,0,4.545454502105713,0,0,5.652734756469727,8589934592,2147483648,5919539200,407961600
209,1772004339241,3204,3204,3204,3204,3204,3204,3204,3204,23.809524536132813,19.047618865966797,20,10,0,0,0,0,5.652734756469727,8589934592,2147483648,5919555584,407961600
209,1772004339450,3204,3204,3204,3204,3204,3204,3204,3204,23.809524536132813,28.571430206298828,23.809524536132813,19.047618865966797,9.523809432983398,4.761904716491699,4.761904716491699,4.761904716491699,5.652734756469727,8589934592,2147483648,5919342592,407961600
200,1772004339660,3204,3204,3204,3204,3204,3204,3204,3204,35,42.85714340209961,33.333335876464844,36.3636360168457,19.047618865966797,19.047618865966797,19.047618865966797,15.000000953674316,5.652734756469727,8589934592,2147483648,5919014912,407961600
207,1772004339861,3204,3204,3204,3204,3204,3204,3204,3204,30.000001907348633,21.052631378173828,25,20,0,0,0,4.761904716491699,5.489922523498535,8589934592,2147483648,5919014912,407961600
208,1772004340070,3204,3204,3204,3204,3204,3204,3204,3204,31.81818199157715,28.571430206298828,33.333335876464844,20,4.761904716491699,4.761904716491699,0,0,5.489922523498535,8589934592,2147483648,5919014912,407961600
209,1772004340279,3204,3204,3204,3204,3204,3204,3204,3204,35,28.571430206298828,20,23.809524536132813,9.090909004211426,0,4.545454502105713,0,5.489922523498535,8589934592,2147483648,5919014912,407961600
201,1772004340489,3204,3204,3204,3204,3204,3204,3204,3204,28.571430206298828,28.571430206298828,28.571430206298828,28.571430206298828,25,23.809524536132813,4.761904716491699,9.090909004211426,5.489922523498535,8589934592,2147483648,5911461888,407961600
209,1772004340691,3204,3204,3204,3204,3204,3204,3204,3204,31.57894515991211,30.000001907348633,25,20,5,0,0,4.761904716491699,5.489922523498535,8589934592,2147483648,5911576576,407961600
209,1772004340901,3204,3204,3204,3204,3204,3204,3204,3204,31.81818199157715,23.809524536132813,27.272727966308594,19.047618865966797,0,4.761904716491699,0,0,5.536567211151123,8589934592,2147483648,5911576576,407961600
207,1772004341111,3204,3204,3204,3204,3204,3204,3204,3204,20,21.052631378173828,33.333335876464844,19.047618865966797,0,0,0,0,5.536567211151123,8589934592,2147483648,5911576576,407961600
205,1772004341319,3204,3204,3204,3204,3204,3204,3204,3204,28.571430206298828,31.81818199157715,25,19.047618865966797,4.545454502105713,4.545454502105713,0,0,5.536567211151123,8589934592,2147483648,5911576576,407961600
209,1772004341524,3204,3204,3204,3204,3204,3204,3204,3204,28.571430206298828,19.047618865966797,25,20,4.761904716491699,0,4.761904716491699,4.761904716491699,5.536567211151123,8589934592,2147483648,5903450112,407961600
202,1772004341734,3204,3204,3204,3204,3204,3204,3204,3204,25,23.809524536132813,23.809524536132813,19.047618865966797,0,0,0,0,5.536567211151123,8589934592,2147483648,5903450112,407961600
207,1772004341938,3204,3204,3204,3204,3204,3204,3204,3204,30.000001907348633,25,28.571430206298828,20,5,9.523809432983398,9.523809432983398,5,5.551796913146973,8589934592,2147483648,5903515648,407961600
201,1772004342145,3204,3204,3204,3204,3204,3204,3204,3204,31.81818199157715,20,15.000000953674316,19.047618865966797,4.761904716491699,0,0,0,5.551796913146973,8589934592,2147483648,5901991936,407961600
209,1772004342348,3204,3204,3204,3204,3204,3204,3204,3204,26.3157901763916,28.571430206298828,25,10.526315689086914,0,0,0,0,5.551796913146973,8589934592,2147483648,5902073856,407961600
206,1772004342558,3204,3204,3204,3204,3204,3204,3204,3204,33.333335876464844,42.85714340209961,36.3636360168457,31.81818199157715,25,19.047618865966797,4.761904716491699,0,5.551796913146973,8589934592,2147483648,5902942208,407961600
209,1772004342764,3204,3204,3204,3204,3204,3204,3204,3204,47.619049072265625,40,40,33.333335876464844,13.636363983154297,0,0,4.761904716491699,5.551796913146973,8589934592,2147483648,5904859136,407961600
206,1772004342974,3204,3204,3204,3204,3204,3204,3204,3204,23.809524536132813,23.809524536132813,19.047618865966797,15.000000953674316,5,9.523809432983398,4.761904716491699,4.761904716491699,5.062583923339844,8589934592,2147483648,5904859136,407961600
207,1772004343181,3204,3204,3204,3204,3204,3204,3204,3204,25,30.000001907348633,20,27.272727966308594,4.545454502105713,0,0,0,5.062583923339844,8589934592,2147483648,5904859136,407961600
206,1772004343389,3204,3204,3204,3204,3204,3204,3204,3204,28.571430206298828,20,23.809524536132813,15.000000953674316,0,0,0,0,5.062583923339844,8589934592,2147483648,5904859136,407961600
200,1772004343596,3204,3204,3204,3204,3204,3204,3204,3204,30.000001907348633,31.81818199157715,20,20,4.761904716491699,9.090909004211426,4.545454502105713,0,5.062583923339844,8589934592,2147483648,5906415616,407961600
209,1772004343797,3204,3204,3204,3204,3204,3204,3204,3204,20,25,19.047618865966797,15.000000953674316,0,15.789472579956055,0,0,5.062583923339844,8589934592,2147483648,5909037056,407961600
206,1772004344007,3204,3204,3204,3204,3204,3204,3204,3204,23.809524536132813,25,15.000000953674316,18.18181800842285,4.545454502105713,4.545454502105713,0,0,5.672109603881836,8589934592,2147483648,5906268160,407961600
202,1772004344215,3204,3204,3204,3204,3204,3204,3204,3204,20,23.809524536132813,19.047618865966797,10.526315689086914,0,4.761904716491699,0,4.545454502105713,5.672109603881836,8589934592,2147483648,5906317312,407961600
206,1772004344418,3204,3204,3204,3204,3204,3204,3204,3204,28.571430206298828,30.000001907348633,20,20,4.761904716491699,0,0,0,5.672109603881836,8589934592,2147483648,5906497536,407961600
209,1772004344625,3204,3204,3204,3204,3204,3204,3204,3204,28.571430206298828,25,28.571430206298828,23.809524536132813,9.523809432983398,10,9.090909004211426,0,5.672109603881836,8589934592,2147483648,5917491200,407961600
209,1772004344835,3204,3204,3204,3204,3204,3204,3204,3204,28.571430206298828,27.272727966308594,20,18.18181800842285,0,13.636363983154297,0,0,5.767222881317139,8589934592,2147483648,5905776640,407961600
201,1772004345045,3204,3204,3204,3204,3204,3204,3204,3204,30.000001907348633,25,28.571430206298828,25,0,0,0,0,5.767222881317139,8589934592,2147483648,5905874944,407961600
209,1772004345246,3204,3204,3204,3204,3204,3204,3204,3204,35,20,20,15.000000953674316,10,0,4.761904716491699,4.761904716491699,5.767222881317139,8589934592,2147483648,5905874944,407961600
208,1772004345457,3204,3204,3204,3204,3204,3204,3204,3204,22.72727394104004,19.047618865966797,19.047618865966797,14.285715103149414,9.523809432983398,9.090909004211426,0,0,5.767222881317139,8589934592,2147483648,5906022400,407961600
207,1772004345665,3204,3204,3204,3204,3204,3204,3204,3204,30.000001907348633,33.333335876464844,23.809524536132813,19.047618865966797,4.761904716491699,0,4.545454502105713,0,5.767222881317139,8589934592,2147483648,5905907712,407961600
200,1772004345873,3204,3204,3204,3204,3204,3204,3204,3204,25,23.809524536132813,23.809524536132813,15.000000953674316,0,0,0,0,5.6038126945495605,8589934592,2147483648,5903040512,407961600
209,1772004346074,3204,3204,3204,3204,3204,3204,3204,3204,30.000001907348633,26.3157901763916,20,19.047618865966797,10,5.263157844543457,4.761904716491699,5,5.6038126945495605,8589934592,2147483648,5903564800,407961600
208,1772004346284,3204,3204,3204,3204,3204,3204,3204,3204,33.333335876464844,27.272727966308594,23.809524536132813,23.809524536132813,4.761904716491699,13.043478012084961,0,0,5.6038126945495605,8589934592,2147483648,5907415040,407961600
209,1772004346493,3204,3204,3204,3204,3204,3204,3204,3204,30.000001907348633,28.571430206298828,19.047618865966797,15.000000953674316,4.761904716491699,4.761904716491699,4.761904716491699,4.761904716491699,5.6038126945495605,8589934592,2147483648,5907972096,407961600
209,1772004346703,3204,3204,3204,3204,3204,3204,3204,3204,33.333335876464844,25,28.571430206298828,27.272727966308594,4.761904716491699,0,0,4.761904716491699,5.6038126945495605,8589934592,2147483648,5907709952,407961600
202,1772004346913,3204,3204,3204,3204,3204,3204,3204,3204,40.90909194946289,30.000001907348633,25,28.571430206298828,25,36.3636360168457,9.523809432983398,9.523809432983398,5.603805065155029,8589934592,2147483648,5907709952,407961600
208,1772004347116,3204,3204,3204,3204,3204,3204,3204,3204,25,28.571430206298828,25,20,4.761904716491699,5.263157844543457,4.761904716491699,4.761904716491699,5.603805065155029,8589934592,2147483648,5906235392,407961600
207,1772004347324,3204,3204,3204,3204,3204,3204,3204,3204,23.809524536132813,25,19.047618865966797,19.047618865966797,0,0,0,0,5.603805065155029,8589934592,2147483648,5906923520,407961600
207,1772004347532,3204,3204,3204,3204,3204,3204,3204,3204,25,28.571430206298828,19.047618865966797,15.000000953674316,4.545454502105713,4.761904716491699,0,0,5.603805065155029,8589934592,2147483648,5906743296,407961600
207,1772004347739,3204,3204,3204,3204,3204,3204,3204,3204,28.571430206298828,23.809524536132813,30.000001907348633,15.000000953674316,5,4.761904716491699,5,4.761904716491699,5.603805065155029,8589934592,2147483648,5906661376,407961600
209,1772004347948,3204,3204,3204,3204,3204,3204,3204,3204,28.571430206298828,23.809524536132813,27.272727966308594,14.285715103149414,0,0,0,0,5.939365386962891,8589934592,2147483648,5906726912,407961600
209,1772004348158,3204,3204,3204,3204,3204,3204,3204,3204,25,23.809524536132813,23.809524536132813,19.047618865966797,0,0,0,0,5.939365386962891,8589934592,2147483648,5906546688,407961600
199,1772004348368,3204,3204,3204,3204,3204,3204,3204,3204,23.809524536132813,25,20,19.047618865966797,4.761904716491699,4.761904716491699,4.761904716491699,4.761904716491699,5.939365386962891,8589934592,2147483648,5906726912,407961600
205,1772004348568,3204,3204,3204,3204,3204,3204,3204,3204,25,25,25,20,0,0,0,0,5.939365386962891,8589934592,2147483648,5906726912,407961600
209,1772004348773,3204,3204,3204,3204,3204,3204,3204,3204,25,28.571430206298828,23.809524536132813,20,4.761904716491699,0,0,0,5.939365386962891,8589934592,2147483648,5906956288,407961600
209,1772004348983,3204,3204,3204,3204,3204,3204,3204,3204,33.333335876464844,28.571430206298828,25,27.272727966308594,33.333335876464844,33.333335876464844,14.285715103149414,4.761904716491699,5.576806545257568,8589934592,2147483648,5907005440,407961600
209,1772004349194,3204,3204,3204,3204,3204,3204,3204,3204,31.81818199157715,25,23.809524536132813,19.047618865966797,5,9.090909004211426,0,0,5.576806545257568,8589934592,2147483648,5908496384,407961600
207,1772004349404,3204,3204,3204,3204,3204,3204,3204,3204,30.000001907348633,28.571430206298828,28.571430206298828,20,4.761904716491699,4.761904716491699,4.761904716491699,0,5.576806545257568,8589934592,2147483648,5907742720,407961600
204,1772004349612,3204,3204,3204,3204,3204,3204,3204,3204,20,20,23.809524536132813,23.809524536132813,4.761904716491699,4.761904716491699,0,4.761904716491699,5.576806545257568,8589934592,2147483648,5907775488,407961600
206,1772004349817,3204,3204,3204,3204,3204,3204,3204,3204,33.333335876464844,33.333335876464844,20,20,4.761904716491699,0,4.761904716491699,0,5.295947074890137,8589934592,2147483648,5907791872,407961600
201,1772004350024,3204,3204,3204,3204,3204,3204,3204,3204,30.000001907348633,23.809524536132813,19.047618865966797,19.047618865966797,9.523809432983398,4.761904716491699,4.761904716491699,4.761904716491699,5.295947074890137,8589934592,2147483648,5907759104,407961600
204,1772004350226,3204,3204,3204,3204,3204,3204,3204,3204,42.85714340209961,30.000001907348633,26.3157901763916,30.000001907348633,0,5,0,0,5.295947074890137,8589934592,2147483648,5908709376,407961600
209,1772004350431,3204,3204,3204,3204,3204,3204,3204,3204,60.000003814697266,66.66667175292969,57.142860412597656,75,30.000001907348633,25,20,20,5.295947074890137,8589934592,2147483648,5919096832,407961600
209,1772004350641,3204,3204,3204,3204,3204,3204,3204,3204,33.333335876464844,30.000001907348633,31.81818199157715,31.81818199157715,4.545454502105713,4.761904716491699,4.545454502105713,4.545454502105713,5.295947074890137,8589934592,2147483648,5922029568,407961600
199,1772004350851,3204,3204,3204,3204,3204,3204,3204,3204,52.38095474243164,47.619049072265625,40,40,0,4.761904716491699,4.761904716491699,0,5.80453634262085,8589934592,2147483648,5922701312,407961600
209,1772004351051,3204,3204,3204,3204,3204,3204,3204,3204,73.68421173095703,70,55,52.38095474243164,20,14.285715103149414,10,5,5.80453634262085,8589934592,2147483648,5934825472,407961600
205,1772004351262,3204,3204,3204,3204,3204,3204,3204,3204,50,47.619049072265625,52.38095474243164,45,14.285715103149414,5,0,4.545454502105713,5.80453634262085,8589934592,2147483648,5923880960,407961600
206,1772004351468,3204,3204,3204,3204,3204,3204,3204,3204,47.619049072265625,42.85714340209961,40,42.85714340209961,4.761904716491699,4.761904716491699,0,0,5.80453634262085,8589934592,2147483648,5922455552,407961600
205,1772004351676,3204,3204,3204,3204,3204,3204,3204,3204,45,55,42.85714340209961,42.105262756347656,0,4.761904716491699,4.761904716491699,4.761904716491699,5.80453634262085,8589934592,2147483648,5924683776,407961600
209,1772004351881,3204,3204,3204,3204,3204,3204,3204,3204,55,55,50,50,0,0,0,0,6.246646404266357,8589934592,2147483648,5924896768,407961600
207,1772004352092,3204,3204,3204,3204,3204,3204,3204,3204,57.142860412597656,52.38095474243164,57.142860412597656,54.54545593261719,4.761904716491699,0,4.545454502105713,0,6.246646404266357,8589934592,2147483648,5923536896,407961600
206,1772004352300,3204,3204,3204,3204,3204,3204,3204,3204,47.619049072265625,52.38095474243164,52.38095474243164,45,0,0,0,0,6.246646404266357,8589934592,2147483648,5923536896,407961600
208,1772004352508,3204,3204,3204,3204,3204,3204,3204,3204,47.619049072265625,40,42.85714340209961,35,0,4.761904716491699,0,4.545454502105713,6.246646404266357,8589934592,2147483648,5923536896,407961600
206,1772004352718,3204,3204,3204,3204,3204,3204,3204,3204,45,42.85714340209961,40,35,4.545454502105713,0,0,0,6.246646404266357,8589934592,2147483648,5923536896,407961600
206,1772004352925,3204,3204,3204,3204,3204,3204,3204,3204,47.619049072265625,47.619049072265625,54.54545593261719,45.45454788208008,0,0,0,0,6.259181976318359,8589934592,2147483648,5921701888,407961600
209,1772004353133,3204,3204,3204,3204,3204,3204,3204,3204,57.142860412597656,52.38095474243164,50,45,0,4.761904716491699,9.090909004211426,0,6.259181976318359,8589934592,2147483648,5925421056,407961600
204,1772004353343,3204,3204,3204,3204,3204,3204,3204,3204,50,45,52.38095474243164,40.90909194946289,18.18181800842285,18.18181800842285,0,4.761904716491699,6.259181976318359,8589934592,2147483648,5922570240,407961600
208,1772004353548,3204,3204,3204,3204,3204,3204,3204,3204,52.38095474243164,40.90909194946289,40,36.842105865478516,5,10,0,0,6.259181976318359,8589934592,2147483648,5922865152,407961600
209,1772004353758,3204,3204,3204,3204,3204,3204,3204,3204,52.38095474243164,52.38095474243164,42.85714340209961,42.85714340209961,0,0,0,0,6.259181976318359,8589934592,2147483648,5922865152,407961600
206,1772004353968,3204,3204,3204,3204,3204,3204,3204,3204,47.619049072265625,55,52.38095474243164,42.85714340209961,9.090909004211426,23.809524536132813,4.761904716491699,4.545454502105713,5.834082126617432,8589934592,2147483648,5921914880,407961600
204,1772004354175,3204,3204,3204,3204,3204,3204,3204,3204,60.000003814697266,52.38095474243164,55,47.619049072265625,4.761904716491699,0,0,4.761904716491699,5.834082126617432,8589934592,2147483648,5922340864,407961600
204,1772004354380,3204,3204,3204,3204,3204,3204,3204,3204,50,40,38.095237731933594,40,0,4.761904716491699,0,0,5.834082126617432,8589934592,2147483648,5922750464,407961600
200,1772004354586,3204,3204,3204,3204,3204,3204,3204,3204,42.85714340209961,42.85714340209961,47.619049072265625,38.095237731933594,0,0,4.761904716491699,4.761904716491699,5.834082126617432,8589934592,2147483648,5925306368,407961600
209,1772004354787,3204,3204,3204,3204,3204,3204,3204,3204,57.894737243652344,55,52.6315803527832,52.6315803527832,4.761904716491699,0,0,0,5.834082126617432,8589934592,2147483648,5925306368,407961600
209,1772004354997,3204,3204,3204,3204,3204,3204,3204,3204,45.45454788208008,45,40.90909194946289,54.54545593261719,4.761904716491699,4.761904716491699,4.761904716491699,4.761904716491699,6.066100120544434,8589934592,2147483648,5924896768,407961600
208,1772004355207,3204,3204,3204,3204,3204,3204,3204,3204,57.142860412597656,50,42.85714340209961,47.619049072265625,0,4.545454502105713,0,0,6.066100120544434,8589934592,2147483648,5925306368,407961600
206,1772004355417,3204,3204,3204,3204,3204,3204,3204,3204,52.38095474243164,52.38095474243164,47.619049072265625,42.85714340209961,15.000000953674316,14.285715103149414,18.18181800842285,4.761904716491699,6.066100120544434,8589934592,2147483648,5917130752,407961600
201,1772004355625,3204,3204,3204,3204,3204,3204,3204,3204,45,36.842105865478516,38.095237731933594,42.85714340209961,26.086956024169922,9.523809432983398,0,0,6.066100120544434,8589934592,2147483648,5917130752,407961600
202,1772004355827,3204,3204,3204,3204,3204,3204,3204,3204,65,61.904762268066406,57.894737243652344,55,0,0,0,0,5.8579182624816895,8589934592,2147483648,5917130752,407961600
207,1772004356031,3204,3204,3204,3204,3204,3204,3204,3204,52.38095474243164,55,60.000003814697266,55,5,5,5,4.761904716491699,5.8579182624816895,8589934592,2147483648,5916868608,407961600
207,1772004356240,3204,3204,3204,3204,3204,3204,3204,3204,52.38095474243164,47.619049072265625,45.45454788208008,47.619049072265625,0,0,0,0,5.8579182624816895,8589934592,2147483648,5912281088,407961600
207,1772004356448,3204,3204,3204,3204,3204,3204,3204,3204,45,47.619049072265625,40,42.85714340209961,4.761904716491699,4.761904716491699,4.545454502105713,0,5.8579182624816895,8589934592,2147483648,5914705920,407961600
200,1772004356657,3204,3204,3204,3204,3204,3204,3204,3204,47.619049072265625,40,38.095237731933594,40,0,0,0,0,5.8579182624816895,8589934592,2147483648,5914968064,407961600
207,1772004356858,3204,3204,3204,3204,3204,3204,3204,3204,50,50,50,45,0,0,0,0,6.19935941696167,8589934592,2147483648,5915066368,407961600
206,1772004357066,3204,3204,3204,3204,3204,3204,3204,3204,66.66667175292969,66.66667175292969,47.619049072265625,57.142860412597656,0,0,0,0,6.19935941696167,8589934592,2147483648,5908381696,407961600
207,1772004357273,3204,3204,3204,3204,3204,3204,3204,3204,31.57894515991211,28.571430206298828,25,23.809524536132813,0,0,0,4.761904716491699,6.19935941696167,8589934592,2147483648,5907300352,407961600
209,1772004357481,3204,3204,3204,3204,3204,3204,3204,3204,40.90909194946289,40,30.000001907348633,30.000001907348633,19.047618865966797,4.761904716491699,0,0,6.19935941696167,8589934592,2147483648,5918867456,407961600
206,1772004357691,3204,3204,3204,3204,3204,3204,3204,3204,23.809524536132813,31.81818199157715,27.272727966308594,22.72727394104004,19.047618865966797,10,0,0,6.19935941696167,8589934592,2147483648,5907054592,407961600
204,1772004357898,3204,3204,3204,3204,3204,3204,3204,3204,30.000001907348633,36.842105865478516,25,25,0,0,0,0,6.081514835357666,8589934592,2147483648,5907218432,407961600
207,1772004358103,3204,3204,3204,3204,3204,3204,3204,3204,45,31.81818199157715,35,23.809524536132813,5,4.761904716491699,0,0,6.081514835357666,8589934592,2147483648,5906726912,407961600
207,1772004358310,3204,3204,3204,3204,3204,3204,3204,3204,23.809524536132813,25,23.809524536132813,10.526315689086914,0,0,0,0,6.081514835357666,8589934592,2147483648,5906530304,407961600
205,1772004358519,3204,3204,3204,3204,3204,3204,3204,3204,33.333335876464844,20,19.047618865966797,19.047618865966797,4.761904716491699,4.761904716491699,0,0,6.081514835357666,8589934592,2147483648,5906644992,407961600
209,1772004358724,3204,3204,3204,3204,3204,3204,3204,3204,28.571430206298828,33.333335876464844,28.571430206298828,27.272727966308594,4.761904716491699,4.761904716491699,4.761904716491699,4.761904716491699,6.081514835357666,8589934592,2147483648,5907513344,407961600
209,1772004358934,3204,3204,3204,3204,3204,3204,3204,3204,25,33.333335876464844,25,20,9.523809432983398,20,0,0,5.662578105926514,8589934592,2147483648,5906972672,407961600
206,1772004359144,3204,3204,3204,3204,3204,3204,3204,3204,28.571430206298828,20,28.571430206298828,14.285715103149414,66.66667175292969,42.85714340209961,0,0,5.662578105926514,8589934592,2147483648,5907365888,407961600
205,1772004359350,3204,3204,3204,3204,3204,3204,3204,3204,20,23.809524536132813,20,15.000000953674316,71.42857360839844,0,0,0,5.662578105926514,8589934592,2147483648,5910200320,407961600
207,1772004359556,3204,3204,3204,3204,3204,3204,3204,3204,23.809524536132813,23.809524536132813,19.047618865966797,14.285715103149414,50,19.047618865966797,0,0,5.662578105926514,8589934592,2147483648,5911101440,407961600
209,1772004359764,3204,3204,3204,3204,3204,3204,3204,3204,35,25,25,20,65,23.809524536132813,14.285715103149414,9.523809432983398,5.662578105926514,8589934592,2147483648,5911347200,407961600
209,1772004359974,3204,3204,3204,3204,3204,3204,3204,3204,19.047618865966797,20,23.809524536132813,23.809524536132813,80.95238494873047,0,0,9.090909004211426,5.543389797210693,8589934592,2147483648,5911625728,407961600
208,1772004360184,3204,3204,3204,3204,3204,3204,3204,3204,25,33.333335876464844,28.571430206298828,19.047618865966797,14.285715103149414,28.571430206298828,0,0,5.543389797210693,8589934592,2147483648,5921734656,407961600
200,1772004360393,3204,3204,3204,3204,3204,3204,3204,3204,28.571430206298828,36.3636360168457,25,23.809524536132813,76.19047546386719,0,0,0,5.543389797210693,8589934592,2147483648,5922897920,407961600
207,1772004360593,3204,3204,3204,3204,3204,3204,3204,3204,30.000001907348633,22.22222328186035,30.000001907348633,21.052631378173828,85,0,0,0,5.543389797210693,8589934592,2147483648,5923815424,407961600
208,1772004360801,3204,3204,3204,3204,3204,3204,3204,3204,33.333335876464844,28.571430206298828,31.81818199157715,23.809524536132813,76.19047546386719,0,0,0,5.543389797210693,8589934592,2147483648,5928124416,407961600
207,1772004361009,3204,3204,3204,3204,3204,3204,3204,3204,30.000001907348633,31.81818199157715,25,19.047618865966797,71.42857360839844,4.545454502105713,0,0,9.720590591430664,8589934592,2147483648,5928124416,407961600
206,1772004361218,3204,3204,3204,3204,3204,3204,3204,3204,57.142860412597656,47.36842346191406,47.619049072265625,45.45454788208008,61.904762268066406,9.523809432983398,4.761904716491699,0,9.720590591430664,8589934592,2147483648,5930729472,407961600
208,1772004361425,3204,3204,3204,3204,3204,3204,3204,3204,30.000001907348633,31.81818199157715,25,20,80,10,0,0,9.720590591430664,8589934592,2147483648,5932974080,407961600
209,1772004361633,3204,3204,3204,3204,3204,3204,3204,3204,28.571430206298828,21.052631378173828,23.809524536132813,23.809524536132813,76.19047546386719,5,0,0,9.720590591430664,8589934592,2147483648,5933350912,407961600
205,1772004361843,3204,3204,3204,3204,3204,3204,3204,3204,40.90909194946289,33.333335876464844,33.333335876464844,30.000001907348633,57.142860412597656,19.047618865966797,14.285715103149414,4.761904716491699,9.94735336303711,8589934592,2147483648,5921701888,407961600
203,1772004362049,3204,3204,3204,3204,3204,3204,3204,3204,36.842105865478516,38.095237731933594,30.000001907348633,30.000001907348633,80,4.545454502105713,4.761904716491699,0,9.94735336303711,8589934592,2147483648,5920718848,407961600
201,1772004362253,3204,3204,3204,3204,3204,3204,3204,3204,31.57894515991211,45,33.333335876464844,28.571430206298828,80,10.526315689086914,10,9.523809432983398,9.94735336303711,8589934592,2147483648,5920129024,407961600
203,1772004362456,3204,3204,3204,3204,3204,3204,3204,3204,22.72727394104004,15.000000953674316,15.789472579956055,14.285715103149414,80.95238494873047,23.809524536132813,4.761904716491699,5,9.94735336303711,8589934592,2147483648,5921374208,407961600
206,1772004362660,3204,3204,3204,3204,3204,3204,3204,3204,21.052631378173828,28.571430206298828,25,20,70,5,0,0,9.94735336303711,8589934592,2147483648,5923504128,407961600
205,1772004362867,3204,3204,3204,3204,3204,3204,3204,3204,35,25,31.81818199157715,36.842105865478516,28.571430206298828,0,0,0,10.477005958557129,8589934592,2147483648,5923733504,407961600
200,1772004363072,3204,3204,3204,3204,3204,3204,3204,3204,42.85714340209961,57.142860412597656,45,38.095237731933594,60.000003814697266,0,0,0,10.477005958557129,8589934592,2147483648,5923733504,407961600
201,1772004363273,3204,3204,3204,3204,3204,3204,3204,3204,45,57.894737243652344,40,30.000001907348633,65,0,0,5,10.477005958557129,8589934592,2147483648,5909774336,407961600
200,1772004363475,3204,3204,3204,3204,3204,3204,3204,3204,20,20,15.789472579956055,20,40,0,0,0,10.477005958557129,8589934592,2147483648,5911265280,407961600
207,1772004363676,3204,3204,3204,3204,3204,3204,3204,3204,25,23.809524536132813,23.809524536132813,20,60.000003814697266,5,9.523809432983398,0,10.477005958557129,8589934592,2147483648,5912920064,407961600
209,1772004363884,3204,3204,3204,3204,3204,3204,3204,3204,33.333335876464844,30.000001907348633,30.000001907348633,28.571430206298828,71.42857360839844,19.047618865966797,4.761904716491699,0,10.777382850646973,8589934592,2147483648,5898633216,407961600
203,1772004364094,3204,3204,3204,3204,3204,3204,3204,3204,23.809524536132813,23.809524536132813,20,19.047618865966797,50,14.285715103149414,0,0,10.777382850646973,8589934592,2147483648,5889802240,407961600
204,1772004364298,3204,3204,3204,3204,3204,3204,3204,3204,25,25,23.809524536132813,20,80.95238494873047,4.761904716491699,0,4.545454502105713,10.777382850646973,8589934592,2147483648,5894733824,407961600
204,1772004364503,3204,3204,3204,3204,3204,3204,3204,3204,25,28.571430206298828,25,20,61.904762268066406,0,0,15.000000953674316,10.777382850646973,8589934592,2147483648,5896208384,407961600
209,1772004364708,3204,3204,3204,3204,3204,3204,3204,3204,15.000000953674316,20,19.047618865966797,14.285715103149414,35,4.761904716491699,4.761904716491699,0,10.777382850646973,8589934592,2147483648,5897502720,407961600
206,1772004364917,3204,3204,3204,3204,3204,3204,3204,3204,38.095237731933594,45,35,30.000001907348633,68.18181610107422,0,0,0,8.841185569763184,8589934592,2147483648,5898878976,407961600
209,1772004365124,3204,3204,3204,3204,3204,3204,3204,3204,33.333335876464844,40.90909194946289,27.272727966308594,28.571430206298828,52.6315803527832,14.285715103149414,0,0,8.841185569763184,8589934592,2147483648,5901516800,407961600
199,1772004365335,3204,3204,3204,3204,3204,3204,3204,3204,20,20,23.809524536132813,9.523809432983398,42.85714340209961,0,0,0,8.841185569763184,8589934592,2147483648,5890916352,407961600
205,1772004365535,3204,3204,3204,3204,3204,3204,3204,3204,23.809524536132813,25,20,15.000000953674316,66.66667175292969,5,14.285715103149414,10,8.841185569763184,8589934592,2147483648,5892096000,407961600
205,1772004365741,3204,3204,3204,3204,3204,3204,3204,3204,25,20,21.052631378173828,14.285715103149414,75,0,0,0,8.841185569763184,8589934592,2147483648,5892571136,407961600
208,1772004365947,3204,3204,3204,3204,3204,3204,3204,3204,23.809524536132813,23.809524536132813,23.809524536132813,20,57.142860412597656,4.761904716491699,0,4.761904716491699,9.257551193237305,8589934592,2147483648,5892571136,407961600
209,1772004366156,3204,3204,3204,3204,3204,3204,3204,3204,30.000001907348633,28.571430206298828,25,15.000000953674316,76.19047546386719,14.285715103149414,4.761904716491699,5,9.257551193237305,8589934592,2147483648,5892571136,407961600
208,1772004366365,3204,3204,3204,3204,3204,3204,3204,3204,20,25,27.272727966308594,18.18181800842285,15.000000953674316,76.19047546386719,0,0,9.257551193237305,8589934592,2147483648,5877612544,407961600
207,1772004366574,3204,3204,3204,3204,3204,3204,3204,3204,28.571430206298828,27.272727966308594,25,20,18.18181800842285,33.333335876464844,0,0,9.257551193237305,8589934592,2147483648,5892407296,407961600
204,1772004366783,3204,3204,3204,3204,3204,3204,3204,3204,25,25,22.72727394104004,23.809524536132813,35,0,0,0,9.257551193237305,8589934592,2147483648,5876301824,407961600
207,1772004366989,3204,3204,3204,3204,3204,3204,3204,3204,33.333335876464844,28.571430206298828,26.3157901763916,19.047618865966797,10,0,0,0,8.918291091918945,8589934592,2147483648,5867732992,407961600
208,1772004367197,3204,3204,3204,3204,3204,3204,3204,3204,35,31.57894515991211,28.571430206298828,23.809524536132813,57.142860412597656,9.523809432983398,9.090909004211426,4.545454502105713,8.918291091918945,8589934592,2147483648,5872140288,407961600
209,1772004367406,3204,3204,3204,3204,3204,3204,3204,3204,40.90909194946289,33.333335876464844,25,23.809524536132813,38.095237731933594,0,0,0,8.918291091918945,8589934592,2147483648,5872467968,407961600
209,1772004367616,3204,3204,3204,3204,3204,3204,3204,3204,20,28.571430206298828,27.272727966308594,15.000000953674316,30.000001907348633,4.761904716491699,0,0,8.918291091918945,8589934592,2147483648,5875417088,407961600
209,1772004367826,3204,3204,3204,3204,3204,3204,3204,3204,23.809524536132813,25,15.000000953674316,15.000000953674316,63.6363639831543,0,0,0,9.26007080078125,8589934592,2147483648,5875236864,407961600
206,1772004368036,3204,3204,3204,3204,3204,3204,3204,3204,30.000001907348633,28.571430206298828,23.809524536132813,27.272727966308594,5,0,0,0,9.26007080078125,8589934592,2147483648,5872615424,407961600
207,1772004368243,3204,3204,3204,3204,3204,3204,3204,3204,30.000001907348633,33.333335876464844,30.000001907348633,20,61.904762268066406,23.809524536132813,5,0,9.26007080078125,8589934592,2147483648,5883265024,407961600
209,1772004368451,3204,3204,3204,3204,3204,3204,3204,3204,36.3636360168457,23.809524536132813,28.571430206298828,23.809524536132813,70,0,0,0,9.26007080078125,8589934592,2147483648,5877612544,407961600
207,1772004368660,3204,3204,3204,3204,3204,3204,3204,3204,45,30.000001907348633,28.571430206298828,20,20,4.545454502105713,4.761904716491699,4.761904716491699,9.26007080078125,8589934592,2147483648,5882052608,407961600
209,1772004368868,3204,3204,3204,3204,3204,3204,3204,3204,38.095237731933594,38.095237731933594,42.85714340209961,47.619049072265625,33.333335876464844,5,0,0,8.82682991027832,8589934592,2147483648,5902745600,407961600
209,1772004369078,3204,3204,3204,3204,3204,3204,3204,3204,42.85714340209961,35,40,25,4.761904716491699,0,0,0,8.82682991027832,8589934592,2147483648,5911003136,407961600
206,1772004369288,3204,3204,3204,3204,3204,3204,3204,3204,30.000001907348633,38.095237731933594,30.000001907348633,27.272727966308594,10,4.761904716491699,0,0,8.82682991027832,8589934592,2147483648,5906055168,407961600
209,1772004369495,3204,3204,3204,3204,3204,3204,3204,3204,20,23.809524536132813,19.047618865966797,19.047618865966797,61.904762268066406,0,0,0,8.82682991027832,8589934592,2147483648,5909905408,407961600
209,1772004369705,3204,3204,3204,3204,3204,3204,3204,3204,33.333335876464844,19.047618865966797,18.18181800842285,14.285715103149414,95.23809814453125,0,0,0,8.82682991027832,8589934592,2147483648,5907431424,407961600
208,1772004369915,3204,3204,3204,3204,3204,3204,3204,3204,28.571430206298828,35,25,20,9.523809432983398,0,0,4.545454502105713,8.358865737915039,8589934592,2147483648,5907906560,407961600
201,1772004370123,3204,3204,3204,3204,3204,3204,3204,3204,25,23.809524536132813,22.72727394104004,14.285715103149414,85,0,0,0,8.358865737915039,8589934592,2147483648,5914263552,407961600
199,1772004370325,3204,3204,3204,3204,3204,3204,3204,3204,47.619049072265625,45,42.105262756347656,42.105262756347656,75,9.523809432983398,10,0,8.358865737915039,8589934592,2147483648,5916868608,407961600
202,1772004370525,3204,3204,3204,3204,3204,3204,3204,3204,26.3157901763916,20,21.052631378173828,15.000000953674316,47.619049072265625,10.526315689086914,0,4.761904716491699,8.358865737915039,8589934592,2147483648,5908545536,407961600
200,1772004370728,3204,3204,3204,3204,3204,3204,3204,3204,47.619049072265625,50,42.85714340209961,52.38095474243164,35,4.761904716491699,4.545454502105713,0,8.358865737915039,8589934592,2147483648,5903548416,407961600
201,1772004370928,3204,3204,3204,3204,3204,3204,3204,3204,31.57894515991211,35,35,25,35,0,0,0,7.765387058258057,8589934592,2147483648,5905154048,407961600
208,1772004371130,3204,3204,3204,3204,3204,3204,3204,3204,35,21.052631378173828,40,25,10.526315689086914,5,0,0,7.765387058258057,8589934592,2147483648,5905416192,407961600
208,1772004371339,3204,3204,3204,3204,3204,3204,3204,3204,33.333335876464844,27.272727966308594,28.571430206298828,23.809524536132813,4.761904716491699,4.761904716491699,4.761904716491699,0,7.765387058258057,8589934592,2147483648,5905416192,407961600
207,1772004371548,3204,3204,3204,3204,3204,3204,3204,3204,28.571430206298828,15.789472579956055,25,15.000000953674316,0,0,0,0,7.765387058258057,8589934592,2147483648,5905448960,407961600
199,1772004371756,3204,3204,3204,3204,3204,3204,3204,3204,30.000001907348633,27.272727966308594,19.047618865966797,19.047618865966797,0,0,0,0,7.765387058258057,8589934592,2147483648,5905874944,407961600
204,1772004371956,3204,3204,3204,3204,3204,3204,3204,3204,30.000001907348633,33.333335876464844,21.052631378173828,20,9.523809432983398,9.090909004211426,0,0,9.274921417236328,8589934592,2147483648,5906350080,407961600
202,1772004372161,3204,3204,3204,3204,3204,3204,3204,3204,30.000001907348633,26.3157901763916,27.272727966308594,23.809524536132813,5,5,5,4.761904716491699,9.274921417236328,8589934592,2147483648,5895585792,407961600
204,1772004372369,3204,3204,3204,3204,3204,3204,3204,3204,38.095237731933594,40,30.000001907348633,28.571430206298828,0,0,0,0,9.274921417236328,8589934592,2147483648,5895946240,407961600
206,1772004372574,3204,3204,3204,3204,3204,3204,3204,3204,47.619049072265625,38.095237731933594,35,30.000001907348633,28.571430206298828,25,0,0,9.274921417236328,8589934592,2147483648,5899321344,407961600
209,1772004372781,3204,3204,3204,3204,3204,3204,3204,3204,20,19.047618865966797,19.047618865966797,20,0,0,4.545454502105713,0,9.274921417236328,8589934592,2147483648,5899337728,407961600
207,1772004372991,3204,3204,3204,3204,3204,3204,3204,3204,25,28.571430206298828,19.047618865966797,23.809524536132813,0,4.761904716491699,0,0,5.438474655151367,8589934592,2147483648,5899894784,407961600
207,1772004373199,3204,3204,3204,3204,3204,3204,3204,3204,28.571430206298828,23.809524536132813,20,28.571430206298828,0,0,0,0,5.438474655151367,8589934592,2147483648,5899321344,407961600
209,1772004373408,3204,3204,3204,3204,3204,3204,3204,3204,19.047618865966797,20,15.000000953674316,23.809524536132813,0,0,0,0,5.438474655151367,8589934592,2147483648,5899321344,407961600
205,1772004373617,3204,3204,3204,3204,3204,3204,3204,3204,23.809524536132813,23.809524536132813,18.18181800842285,23.809524536132813,4.761904716491699,0,0,0,5.438474655151367,8589934592,2147483648,5899386880,407961600
209,1772004373823,3204,3204,3204,3204,3204,3204,3204,3204,20,25,23.809524536132813,15.000000953674316,14.285715103149414,10,0,0,5.8972063064575195,8589934592,2147483648,5901959168,407961600
209,1772004374034,3204,3204,3204,3204,3204,3204,3204,3204,27.272727966308594,28.571430206298828,15.000000953674316,14.285715103149414,9.523809432983398,4.545454502105713,4.761904716491699,9.090909004211426,5.8972063064575195,8589934592,2147483648,5901959168,407961600
209,1772004374244,3204,3204,3204,3204,3204,3204,3204,3204,25,23.809524536132813,19.047618865966797,19.047618865966797,0,0,0,0,5.8972063064575195,8589934592,2147483648,5901959168,407961600
205,1772004374454,3204,3204,3204,3204,3204,3204,3204,3204,28.571430206298828,23.809524536132813,31.81818199157715,19.047618865966797,0,0,0,0,5.8972063064575195,8589934592,2147483648,5901959168,407961600
206,1772004374660,3204,3204,3204,3204,3204,3204,3204,3204,30.000001907348633,20,25,19.047618865966797,23.809524536132813,20,5,4.761904716491699,5.8972063064575195,8589934592,2147483648,5898715136,407961600
209,1772004374867,3204,3204,3204,3204,3204,3204,3204,3204,25,25,25,15.000000953674316,0,9.090909004211426,0,0,5.073666095733643,8589934592,2147483648,5898911744,407961600
208,1772004375076,3204,3204,3204,3204,3204,3204,3204,3204,22.72727394104004,19.047618865966797,27.272727966308594,14.285715103149414,4.545454502105713,0,0,0,5.073666095733643,8589934592,2147483648,5898911744,407961600
203,1772004375285,3204,3204,3204,3204,3204,3204,3204,3204,28.571430206298828,19.047618865966797,20,14.285715103149414,0,0,0,0,5.073666095733643,8589934592,2147483648,5898911744,407961600
200,1772004375489,3204,3204,3204,3204,3204,3204,3204,3204,35,33.333335876464844,40,30.000001907348633,15.000000953674316,20,14.285715103149414,15.000000953674316,5.073666095733643,8589934592,2147483648,5899288576,407961600
205,1772004375689,3204,3204,3204,3204,3204,3204,3204,3204,21.052631378173828,20,15.000000953674316,10.526315689086914,14.285715103149414,14.285715103149414,10,5.263157844543457,5.073666095733643,8589934592,2147483648,5899911168,407961600
209,1772004375895,3204,3204,3204,3204,3204,3204,3204,3204,25,20,19.047618865966797,18.18181800842285,0,4.761904716491699,0,0,5.453000068664551,8589934592,2147483648,5899370496,407961600
202,1772004376105,3204,3204,3204,3204,3204,3204,3204,3204,31.81818199157715,20,20,15.000000953674316,0,0,4.545454502105713,0,5.453000068664551,8589934592,2147483648,5900713984,407961600
206,1772004376307,3204,3204,3204,3204,3204,3204,3204,3204,25,28.571430206298828,19.047618865966797,15.000000953674316,0,0,0,0,5.453000068664551,8589934592,2147483648,5900091392,407961600
209,1772004376514,3204,3204,3204,3204,3204,3204,3204,3204,25,28.571430206298828,25,19.047618865966797,4.761904716491699,0,0,4.761904716491699,5.453000068664551,8589934592,2147483648,5899714560,407961600
209,1772004376724,3204,3204,3204,3204,3204,3204,3204,3204,31.81818199157715,26.3157901763916,28.571430206298828,28.571430206298828,10,14.285715103149414,9.090909004211426,0,5.453000068664551,8589934592,2147483648,5909676032,407961600
205,1772004376934,3204,3204,3204,3204,3204,3204,3204,3204,30.000001907348633,31.81818199157715,23.809524536132813,23.809524536132813,13.636363983154297,19.047618865966797,0,0,5.470790863037109,8589934592,2147483648,5899911168,407961600
200,1772004377140,3204,3204,3204,3204,3204,3204,3204,3204,38.095237731933594,33.333335876464844,30.000001907348633,25,0,0,0,0,5.470790863037109,8589934592,2147483648,5900517376,407961600
209,1772004377341,3204,3204,3204,3204,3204,3204,3204,3204,31.57894515991211,21.052631378173828,19.047618865966797,20,0,4.761904716491699,0,4.761904716491699,5.470790863037109,8589934592,2147483648,5900517376,407961600
206,1772004377551,3204,3204,3204,3204,3204,3204,3204,3204,27.272727966308594,27.272727966308594,20,23.809524536132813,0,0,0,0,5.470790863037109,8589934592,2147483648,5900517376,407961600
208,1772004377758,3204,3204,3204,3204,3204,3204,3204,3204,21.052631378173828,25,19.047618865966797,23.809524536132813,5,5,4.761904716491699,0,5.470790863037109,8589934592,2147483648,5898534912,407961600
209,1772004377967,3204,3204,3204,3204,3204,3204,3204,3204,23.809524536132813,23.809524536132813,20,15.000000953674316,0,4.545454502105713,0,0,5.233783721923828,8589934592,2147483648,5898518528,407961600
209,1772004378177,3204,3204,3204,3204,3204,3204,3204,3204,23.809524536132813,25,19.047618865966797,19.047618865966797,0,0,0,0,5.233783721923828,8589934592,2147483648,5898518528,407961600
209,1772004378387,3204,3204,3204,3204,3204,3204,3204,3204,28.571430206298828,23.809524536132813,22.72727394104004,19.047618865966797,8.69565200805664,4.761904716491699,0,4.761904716491699,5.233783721923828,8589934592,2147483648,5898518528,407961600
204,1772004378597,3204,3204,3204,3204,3204,3204,3204,3204,28.571430206298828,28.571430206298828,20,19.047618865966797,0,0,0,0,5.233783721923828,8589934592,2147483648,5898518528,407961600
209,1772004378802,3204,3204,3204,3204,3204,3204,3204,3204,30.000001907348633,28.571430206298828,19.047618865966797,20,5,5,4.761904716491699,0,5.233783721923828,8589934592,2147483648,5898731520,407961600
209,1772004379012,3204,3204,3204,3204,3204,3204,3204,3204,27.272727966308594,30.000001907348633,23.809524536132813,23.809524536132813,35,19.047618865966797,4.761904716491699,9.090909004211426,5.51580286026001,8589934592,2147483648,5895307264,407961600
209,1772004379222,3204,3204,3204,3204,3204,3204,3204,3204,20,27.272727966308594,23.809524536132813,18.18181800842285,0,0,0,0,5.51580286026001,8589934592,2147483648,5896044544,407961600
202,1772004379432,3204,3204,3204,3204,3204,3204,3204,3204,28.571430206298828,20,20,15.000000953674316,4.761904716491699,4.761904716491699,0,0,5.51580286026001,8589934592,2147483648,5896044544,407961600
207,1772004379635,3204,3204,3204,3204,3204,3204,3204,3204,21.052631378173828,21.052631378173828,20,15.000000953674316,0,0,0,0,5.51580286026001,8589934592,2147483648,5896060928,407961600
204,1772004379842,3204,3204,3204,3204,3204,3204,3204,3204,27.272727966308594,23.809524536132813,23.809524536132813,19.047618865966797,4.761904716491699,0,0,0,5.095116138458252,8589934592,2147483648,5897142272,407961600
202,1772004380048,3204,3204,3204,3204,3204,3204,3204,3204,20,28.571430206298828,20,14.285715103149414,4.761904716491699,5,4.761904716491699,5,5.095116138458252,8589934592,2147483648,5896421376,407961600
208,1772004380251,3204,3204,3204,3204,3204,3204,3204,3204,25,25,28.571430206298828,25,0,0,0,0,5.095116138458252,8589934592,2147483648,5896421376,407961600
209,1772004380459,3204,3204,3204,3204,3204,3204,3204,3204,27.272727966308594,23.809524536132813,20,15.000000953674316,0,4.545454502105713,4.545454502105713,0,5.095116138458252,8589934592,2147483648,5896421376,407961600
205,1772004380669,3204,3204,3204,3204,3204,3204,3204,3204,25,19.047618865966797,19.047618865966797,13.636363983154297,9.523809432983398,5,4.761904716491699,0,5.095116138458252,8589934592,2147483648,5896617984,407961600
209,1772004380875,3204,3204,3204,3204,3204,3204,3204,3204,33.333335876464844,25,23.809524536132813,20,4.761904716491699,4.761904716491699,0,4.761904716491699,5.412856101989746,8589934592,2147483648,5896634368,407961600
202,1772004381084,3204,3204,3204,3204,3204,3204,3204,3204,40,40.90909194946289,40,33.333335876464844,20,23.809524536132813,9.090909004211426,0,5.412856101989746,8589934592,2147483648,5897732096,407961600
204,1772004381287,3204,3204,3204,3204,3204,3204,3204,3204,36.842105865478516,36.842105865478516,28.571430206298828,20,9.523809432983398,9.523809432983398,0,0,5.412856101989746,8589934592,2147483648,5899763712,407961600
209,1772004381492,3204,3204,3204,3204,3204,3204,3204,3204,33.333335876464844,28.571430206298828,21.052631378173828,20,0,0,0,4.545454502105713,5.412856101989746,8589934592,2147483648,5899911168,407961600
204,1772004381702,3204,3204,3204,3204,3204,3204,3204,3204,28.571430206298828,19.047618865966797,18.18181800842285,14.285715103149414,0,0,4.761904716491699,0,5.412856101989746,8589934592,2147483648,5899943936,407961600
205,1772004381908,3204,3204,3204,3204,3204,3204,3204,3204,28.571430206298828,25,20,23.809524536132813,0,0,0,0,5.279338359832764,8589934592,2147483648,5900009472,407961600
201,1772004382114,3204,3204,3204,3204,3204,3204,3204,3204,35,35,33.333335876464844,25,9.523809432983398,9.523809432983398,5,4.761904716491699,5.279338359832764,8589934592,2147483648,5901860864,407961600
205,1772004382316,3204,3204,3204,3204,3204,3204,3204,3204,35,33.333335876464844,31.57894515991211,30.000001907348633,25,21.052631378173828,15.000000953674316,15.789472579956055,5.279338359832764,8589934592,2147483648,5901860864,407961600
208,1772004382522,3204,3204,3204,3204,3204,3204,3204,3204,25,20,22.72727394104004,19.047618865966797,9.523809432983398,4.761904716491699,4.761904716491699,4.761904716491699,5.279338359832764,8589934592,2147483648,5901860864,407961600
209,1772004382731,3204,3204,3204,3204,3204,3204,3204,3204,27.272727966308594,28.571430206298828,15.000000953674316,15.000000953674316,0,0,0,0,5.279338359832764,8589934592,2147483648,5901860864,407961600
200,1772004382941,3204,3204,3204,3204,3204,3204,3204,3204,20,28.571430206298828,19.047618865966797,19.047618865966797,4.761904716491699,9.090909004211426,4.761904716491699,4.761904716491699,5.53902530670166,8589934592,2147483648,5902761984,407961600
209,1772004383142,3204,3204,3204,3204,3204,3204,3204,3204,42.85714340209961,30.000001907348633,30.000001907348633,25,10,10,0,0,5.53902530670166,8589934592,2147483648,5913165824,407961600
205,1772004383352,3204,3204,3204,3204,3204,3204,3204,3204,26.3157901763916,25,19.047618865966797,19.047618865966797,23.809524536132813,15.000000953674316,4.545454502105713,0,5.53902530670166,8589934592,2147483648,5902811136,407961600
207,1772004383557,3204,3204,3204,3204,3204,3204,3204,3204,31.81818199157715,25,20,23.809524536132813,0,4.761904716491699,0,0,5.53902530670166,8589934592,2147483648,5902811136,407961600
205,1772004383765,3204,3204,3204,3204,3204,3204,3204,3204,25,23.809524536132813,20,14.285715103149414,0,0,0,0,5.53902530670166,8589934592,2147483648,5902827520,407961600
209,1772004383970,3204,3204,3204,3204,3204,3204,3204,3204,30.000001907348633,28.571430206298828,23.809524536132813,25,9.523809432983398,20,5,4.761904716491699,5.917582988739014,8589934592,2147483648,5902843904,407961600
204,1772004384181,3204,3204,3204,3204,3204,3204,3204,3204,31.81818199157715,19.047618865966797,19.047618865966797,10,0,4.761904716491699,4.545454502105713,0,5.917582988739014,8589934592,2147483648,5902827520,407961600
203,1772004384386,3204,3204,3204,3204,3204,3204,3204,3204,21.052631378173828,20,20,22.72727394104004,0,0,0,0,5.917582988739014,8589934592,2147483648,5902843904,407961600
201,1772004384589,3204,3204,3204,3204,3204,3204,3204,3204,28.571430206298828,20,25,20,4.761904716491699,0,0,0,5.917582988739014,8589934592,2147483648,5902843904,407961600
208,1772004384792,3204,3204,3204,3204,3204,3204,3204,3204,26.3157901763916,20,28.571430206298828,15.789472579956055,0,5,0,0,5.917582988739014,8589934592,2147483648,5902172160,407961600
206,1772004385001,3204,3204,3204,3204,3204,3204,3204,3204,28.571430206298828,28.571430206298828,25,19.047618865966797,0,0,0,0,5.404811382293701,8589934592,2147483648,5902123008,407961600
201,1772004385208,3204,3204,3204,3204,3204,3204,3204,3204,28.571430206298828,19.047618865966797,18.18181800842285,23.809524536132813,0,0,4.761904716491699,0,5.404811382293701,8589934592,2147483648,5903417344,407961600
207,1772004385410,3204,3204,3204,3204,3204,3204,3204,3204,35,31.57894515991211,26.3157901763916,30.000001907348633,25,23.809524536132813,5.263157844543457,14.285715103149414,5.404811382293701,8589934592,2147483648,5902123008,407961600
208,1772004385617,3204,3204,3204,3204,3204,3204,3204,3204,23.809524536132813,23.809524536132813,19.047618865966797,19.047618865966797,9.523809432983398,4.761904716491699,5,0,5.404811382293701,8589934592,2147483648,5902270464,407961600
204,1772004385826,3204,3204,3204,3204,3204,3204,3204,3204,30.000001907348633,28.571430206298828,28.571430206298828,28.571430206298828,4.761904716491699,4.761904716491699,4.761904716491699,4.761904716491699,5.189399719238281,8589934592,2147483648,5902270464,407961600
209,1772004386031,3204,3204,3204,3204,3204,3204,3204,3204,28.571430206298828,30.000001907348633,20,20,5,4.761904716491699,0,0,5.189399719238281,8589934592,2147483648,5901107200,407961600
205,1772004386242,3204,3204,3204,3204,3204,3204,3204,3204,23.809524536132813,23.809524536132813,23.809524536132813,28.571430206298828,4.545454502105713,0,0,0,5.189399719238281,8589934592,2147483648,5903024128,407961600
202,1772004386448,3204,3204,3204,3204,3204,3204,3204,3204,20,25,20,25,0,0,4.761904716491699,0,5.189399719238281,8589934592,2147483648,5903024128,407961600
206,1772004386651,3204,3204,3204,3204,3204,3204,3204,3204,57.142860412597656,47.619049072265625,45.45454788208008,35,5,4.761904716491699,5,5,5.189399719238281,8589934592,2147483648,5903024128,407961600
204,1772004386858,3204,3204,3204,3204,3204,3204,3204,3204,26.3157901763916,25,26.3157901763916,23.809524536132813,4.761904716491699,0,0,0,5.585217475891113,8589934592,2147483648,5903024128,407961600
209,1772004387062,3204,3204,3204,3204,3204,3204,3204,3204,23.809524536132813,25,19.047618865966797,25,0,4.761904716491699,0,4.761904716491699,5.585217475891113,8589934592,2147483648,5906268160,407961600
205,1772004387272,3204,3204,3204,3204,3204,3204,3204,3204,23.809524536132813,27.272727966308594,19.047618865966797,22.72727394104004,0,0,0,0,5.585217475891113,8589934592,2147483648,5906284544,407961600
204,1772004387479,3204,3204,3204,3204,3204,3204,3204,3204,40,33.333335876464844,35,35,23.809524536132813,5.263157844543457,9.090909004211426,10,5.585217475891113,8589934592,2147483648,5921079296,407961600
206,1772004387684,3204,3204,3204,3204,3204,3204,3204,3204,57.142860412597656,55,57.142860412597656,52.38095474243164,15.789472579956055,19.047618865966797,5,5,5.585217475891113,8589934592,2147483648,5903433728,407961600
203,1772004387891,3204,3204,3204,3204,3204,3204,3204,3204,30.000001907348633,25,20,23.809524536132813,4.545454502105713,4.761904716491699,0,0,5.597304821014404,8589934592,2147483648,5903433728,407961600
209,1772004388095,3204,3204,3204,3204,3204,3204,3204,3204,30.000001907348633,28.571430206298828,20,21.052631378173828,4.761904716491699,4.761904716491699,4.545454502105713,0,5.597304821014404,8589934592,2147483648,5903269888,407961600
208,1772004388306,3204,3204,3204,3204,3204,3204,3204,3204,27.272727966308594,19.047618865966797,22.72727394104004,19.047618865966797,0,0,0,0,5.597304821014404,8589934592,2147483648,5903286272,407961600
209,1772004388515,3204,3204,3204,3204,3204,3204,3204,3204,28.571430206298828,20,19.047618865966797,18.18181800842285,0,4.761904716491699,0,4.545454502105713,5.597304821014404,8589934592,2147483648,5903286272,407961600
208,1772004388724,3204,3204,3204,3204,3204,3204,3204,3204,25,33.333335876464844,20,15.000000953674316,0,0,0,0,5.597304821014404,8589934592,2147483648,5903286272,407961600
209,1772004388934,3204,3204,3204,3204,3204,3204,3204,3204,38.095237731933594,28.571430206298828,19.047618865966797,19.047618865966797,13.636363983154297,25,4.761904716491699,0,5.89058256149292,8589934592,2147483648,5903286272,407961600
205,1772004389144,3204,3204,3204,3204,3204,3204,3204,3204,30.000001907348633,33.333335876464844,33.333335876464844,28.571430206298828,0,0,0,0,5.89058256149292,8589934592,2147483648,5896339456,407961600
200,1772004389350,3204,3204,3204,3204,3204,3204,3204,3204,40.90909194946289,30.000001907348633,25,23.809524536132813,4.761904716491699,4.761904716491699,4.545454502105713,0,5.89058256149292,8589934592,2147483648,5895847936,407961600
209,1772004389551,3204,3204,3204,3204,3204,3204,3204,3204,26.3157901763916,28.571430206298828,28.571430206298828,26.3157901763916,15.000000953674316,5,5,4.761904716491699,5.89058256149292,8589934592,2147483648,5905039360,407961600
199,1772004389761,3204,3204,3204,3204,3204,3204,3204,3204,36.3636360168457,40,35,23.809524536132813,14.285715103149414,20,0,0,5.89058256149292,8589934592,2147483648,5877596160,407961600
209,1772004389961,3204,3204,3204,3204,3204,3204,3204,3204,31.57894515991211,30.000001907348633,25,23.809524536132813,0,9.523809432983398,0,0,5.10338020324707,8589934592,2147483648,5878005760,407961600
208,1772004390172,3204,3204,3204,3204,3204,3204,3204,3204,61.904762268066406,60.000003814697266,55,50,0,0,0,0,5.10338020324707,8589934592,2147483648,5888376832,407961600
201,1772004390381,3204,3204,3204,3204,3204,3204,3204,3204,45,38.095237731933594,28.571430206298828,23.809524536132813,4.545454502105713,0,0,0,5.10338020324707,8589934592,2147483648,5891080192,407961600
205,1772004390584,3204,3204,3204,3204,3204,3204,3204,3204,52.38095474243164,50,42.85714340209961,35,9.523809432983398,10,0,4.761904716491699,5.10338020324707,8589934592,2147483648,5901926400,407961600
209,1772004390790,3204,3204,3204,3204,3204,3204,3204,3204,42.85714340209961,40.90909194946289,33.333335876464844,28.571430206298828,0,0,4.545454502105713,0,5.10338020324707,8589934592,2147483648,5902548992,407961600
208,1772004391000,3204,3204,3204,3204,3204,3204,3204,3204,35,40,31.57894515991211,40,4.761904716491699,4.761904716491699,0,0,6.023930549621582,8589934592,2147483648,5904334848,407961600
206,1772004391210,3204,3204,3204,3204,3204,3204,3204,3204,30.000001907348633,33.333335876464844,40.90909194946289,27.272727966308594,0,0,0,0,6.023930549621582,8589934592,2147483648,5902204928,407961600
206,1772004391417,3204,3204,3204,3204,3204,3204,3204,3204,33.333335876464844,30.000001907348633,25,20,20,4.761904716491699,4.761904716491699,4.761904716491699,6.023930549621582,8589934592,2147483648,5902024704,407961600
205,1772004391625,3204,3204,3204,3204,3204,3204,3204,3204,23.809524536132813,23.809524536132813,28.571430206298828,15.000000953674316,47.619049072265625,5,55,4.761904716491699,6.023930549621582,8589934592,2147483648,5902090240,407961600
202,1772004391831,3204,3204,3204,3204,3204,3204,3204,3204,38.095237731933594,28.571430206298828,33.333335876464844,28.571430206298828,61.904762268066406,19.047618865966797,38.095237731933594,0,6.23330545425415,8589934592,2147483648,5895143424,407961600
208,1772004392034,3204,3204,3204,3204,3204,3204,3204,3204,21.052631378173828,25,20,14.285715103149414,0,25,33.333335876464844,0,6.23330545425415,8589934592,2147483648,5896749056,407961600
208,1772004392242,3204,3204,3204,3204,3204,3204,3204,3204,23.809524536132813,25,20,20,95.23809814453125,19.047618865966797,5,0,6.23330545425415,8589934592,2147483648,5896994816,407961600
205,1772004392452,3204,3204,3204,3204,3204,3204,3204,3204,28.571430206298828,23.809524536132813,22.72727394104004,14.285715103149414,25,0,0,75,6.23330545425415,8589934592,2147483648,5898698752,407961600
204,1772004392658,3204,3204,3204,3204,3204,3204,3204,3204,23.809524536132813,25,20,19.047618865966797,9.523809432983398,5,0,38.095237731933594,6.23330545425415,8589934592,2147483648,5899567104,407961600
209,1772004392862,3204,3204,3204,3204,3204,3204,3204,3204,25,28.571430206298828,20,15.000000953674316,4.761904716491699,4.761904716491699,0,90.47618865966797,7.769637107849121,8589934592,2147483648,5899567104,407961600
208,1772004393072,3204,3204,3204,3204,3204,3204,3204,3204,15.000000953674316,28.571430206298828,18.18181800842285,19.047618865966797,100,0,0,0,7.769637107849121,8589934592,2147483648,5899567104,407961600
209,1772004393281,3204,3204,3204,3204,3204,3204,3204,3204,31.81818199157715,23.809524536132813,15.000000953674316,14.285715103149414,33.333335876464844,50,4.761904716491699,4.761904716491699,7.769637107849121,8589934592,2147483648,5897650176,407961600
205,1772004393491,3204,3204,3204,3204,3204,3204,3204,3204,19.047618865966797,28.571430206298828,19.047618865966797,19.047618865966797,40.90909194946289,72.7272720336914,0,0,7.769637107849121,8589934592,2147483648,5897666560,407961600
209,1772004393698,3204,3204,3204,3204,3204,3204,3204,3204,25,25,15.000000953674316,19.047618865966797,75,35,0,0,7.769637107849121,8589934592,2147483648,5900566528,407961600
209,1772004393907,3204,3204,3204,3204,3204,3204,3204,3204,30.000001907348633,33.333335876464844,28.571430206298828,25,35,23.809524536132813,28.571430206298828,15.000000953674316,9.399697303771973,8589934592,2147483648,5895667712,407961600
208,1772004394118,3204,3204,3204,3204,3204,3204,3204,3204,31.81818199157715,23.809524536132813,19.047618865966797,14.285715103149414,13.636363983154297,95,0,0,9.399697303771973,8589934592,2147483648,5885411328,407961600
205,1772004394327,3204,3204,3204,3204,3204,3204,3204,3204,23.809524536132813,20,18.18181800842285,22.72727394104004,47.619049072265625,31.81818199157715,28.571430206298828,4.545454502105713,9.399697303771973,8589934592,2147483648,5885509632,407961600
207,1772004394533,3204,3204,3204,3204,3204,3204,3204,3204,21.052631378173828,23.809524536132813,15.789472579956055,15.789472579956055,20,40,4.761904716491699,5,9.399697303771973,8589934592,2147483648,5885607936,407961600
201,1772004394741,3204,3204,3204,3204,3204,3204,3204,3204,23.809524536132813,20,19.047618865966797,22.72727394104004,0,100,0,0,9.399697303771973,8589934592,2147483648,5885624320,407961600
209,1772004394943,3204,3204,3204,3204,3204,3204,3204,3204,30.000001907348633,23.809524536132813,23.809524536132813,11.111111640930176,4.761904716491699,90,0,0,10.184391975402832,8589934592,2147483648,5884936192,407961600
205,1772004395153,3204,3204,3204,3204,3204,3204,3204,3204,27.272727966308594,23.809524536132813,10,18.18181800842285,0,47.619049072265625,0,0,10.184391975402832,8589934592,2147483648,5884952576,407961600
209,1772004395359,3204,3204,3204,3204,3204,3204,3204,3204,25,25,23.809524536132813,19.047618865966797,5,95.23809814453125,0,0,10.184391975402832,8589934592,2147483648,5885526016,407961600
204,1772004395569,3204,3204,3204,3204,3204,3204,3204,3204,28.571430206298828,25,23.809524536132813,20,59.09090805053711,55,13.636363983154297,9.090909004211426,10.184391975402832,8589934592,2147483648,5885100032,407961600
201,1772004395775,3204,3204,3204,3204,3204,3204,3204,3204,15.789472579956055,23.809524536132813,10,19.047618865966797,10,59.09090805053711,9.523809432983398,5,10.184391975402832,8589934592,2147483648,5885116416,407961600
209,1772004395976,3204,3204,3204,3204,3204,3204,3204,3204,33.333335876464844,35,30.000001907348633,25,14.285715103149414,73.68421173095703,0,30.000001907348633,10.68704605102539,8589934592,2147483648,5896814592,407961600
204,1772004396187,3204,3204,3204,3204,3204,3204,3204,3204,38.095237731933594,36.3636360168457,25,31.81818199157715,23.809524536132813,22.72727394104004,52.38095474243164,0,10.68704605102539,8589934592,2147483648,5888180224,407961600
209,1772004396392,3204,3204,3204,3204,3204,3204,3204,3204,30.000001907348633,26.3157901763916,27.272727966308594,20,10.526315689086914,38.095237731933594,0,4.761904716491699,10.68704605102539,8589934592,2147483648,5890539520,407961600
209,1772004396601,3204,3204,3204,3204,3204,3204,3204,3204,19.047618865966797,23.809524536132813,15.000000953674316,14.285715103149414,66.66667175292969,0,31.81818199157715,0,10.68704605102539,8589934592,2147483648,5880070144,407961600
209,1772004396811,3204,3204,3204,3204,3204,3204,3204,3204,19.047618865966797,23.809524536132813,19.047618865966797,15.000000953674316,76.19047546386719,0,14.285715103149414,0,9.72889518737793,8589934592,2147483648,5878546432,407961600
206,1772004397021,3204,3204,3204,3204,3204,3204,3204,3204,28.571430206298828,23.809524536132813,25,19.047618865966797,50,4.761904716491699,0,0,9.72889518737793,8589934592,2147483648,5878874112,407961600
199,1772004397228,3204,3204,3204,3204,3204,3204,3204,3204,20,23.809524536132813,23.809524536132813,14.285715103149414,100,0,0,0,9.72889518737793,8589934592,2147483648,5879136256,407961600
202,1772004397428,3204,3204,3204,3204,3204,3204,3204,3204,20,25,25,10.526315689086914,38.095237731933594,0,0,0,9.72889518737793,8589934592,2147483648,5879169024,407961600
202,1772004397631,3204,3204,3204,3204,3204,3204,3204,3204,25,21.052631378173828,25,20,55,0,0,0,9.72889518737793,8589934592,2147483648,5888360448,407961600
209,1772004397834,3204,3204,3204,3204,3204,3204,3204,3204,30.000001907348633,23.809524536132813,23.809524536132813,19.047618865966797,52.6315803527832,0,0,0,10.810236930847168,8589934592,2147483648,5893455872,407961600
209,1772004398044,3204,3204,3204,3204,3204,3204,3204,3204,30.000001907348633,30.000001907348633,23.809524536132813,19.047618865966797,36.3636360168457,14.285715103149414,9.090909004211426,4.545454502105713,10.810236930847168,8589934592,2147483648,5898076160,407961600
207,1772004398254,3204,3204,3204,3204,3204,3204,3204,3204,36.3636360168457,38.095237731933594,30.000001907348633,25,52.38095474243164,14.285715103149414,4.761904716491699,0,10.810236930847168,8589934592,2147483648,5894848512,407961600
209,1772004398462,3204,3204,3204,3204,3204,3204,3204,3204,35,35,25,23.809524536132813,35,0,4.761904716491699,0,10.810236930847168,8589934592,2147483648,5892259840,407961600
206,1772004398672,3204,3204,3204,3204,3204,3204,3204,3204,23.809524536132813,23.809524536132813,19.047618865966797,15.000000953674316,70,9.523809432983398,0,4.545454502105713,10.810236930847168,8589934592,2147483648,5892210688,407961600
209,1772004398879,3204,3204,3204,3204,3204,3204,3204,3204,30.000001907348633,33.333335876464844,33.333335876464844,33.333335876464844,57.142860412597656,5,10,4.761904716491699,8.399922370910645,8589934592,2147483648,5892210688,407961600
201,1772004399089,3204,3204,3204,3204,3204,3204,3204,3204,28.571430206298828,15.000000953674316,15.000000953674316,19.047618865966797,42.85714340209961,9.090909004211426,4.545454502105713,0,8.399922370910645,8589934592,2147483648,5892210688,407961600
199,1772004399291,3204,3204,3204,3204,3204,3204,3204,3204,33.333335876464844,20,19.047618865966797,19.047618865966797,95.23809814453125,0,0,5,8.399922370910645,8589934592,2147483648,5892210688,407961600
203,1772004399491,3204,3204,3204,3204,3204,3204,3204,3204,31.57894515991211,33.333335876464844,25,21.052631378173828,31.57894515991211,0,0,0,8.399922370910645,8589934592,2147483648,5865144320,407961600
204,1772004399695,3204,3204,3204,3204,3204,3204,3204,3204,40,30.000001907348633,33.333335876464844,23.809524536132813,52.38095474243164,0,4.761904716491699,0,8.399922370910645,8589934592,2147483648,5886607360,407961600
207,1772004399900,3204,3204,3204,3204,3204,3204,3204,3204,38.095237731933594,30.000001907348633,31.57894515991211,25,30.000001907348633,4.761904716491699,0,0,9.611016273498535,8589934592,2147483648,5886607360,407961600
208,1772004400108,3204,3204,3204,3204,3204,3204,3204,3204,36.842105865478516,35,33.333335876464844,20,14.285715103149414,0,4.761904716491699,4.761904716491699,9.611016273498535,8589934592,2147483648,5886607360,407961600
206,1772004400317,3204,3204,3204,3204,3204,3204,3204,3204,23.809524536132813,28.571430206298828,28.571430206298828,27.272727966308594,75,9.523809432983398,25,0,9.611016273498535,8589934592,2147483648,5886607360,407961600
202,1772004400525,3204,3204,3204,3204,3204,3204,3204,3204,33.333335876464844,30.000001907348633,25,19.047618865966797,60.000003814697266,4.761904716491699,4.761904716491699,0,9.611016273498535,8589934592,2147483648,5908692992,407961600
206,1772004400728,3204,3204,3204,3204,3204,3204,3204,3204,25,28.571430206298828,23.809524536132813,15.000000953674316,45,28.571430206298828,5,4.761904716491699,9.611016273498535,8589934592,2147483648,5907529728,407961600
206,1772004400934,3204,3204,3204,3204,3204,3204,3204,3204,35,33.333335876464844,25,20,14.285715103149414,5,0,0,8.63652515411377,8589934592,2147483648,5907529728,407961600
209,1772004401141,3204,3204,3204,3204,3204,3204,3204,3204,35,40,35,20,5,0,4.545454502105713,9.523809432983398,8.63652515411377,8589934592,2147483648,5907529728,407961600
205,1772004401351,3204,3204,3204,3204,3204,3204,3204,3204,28.571430206298828,19.047618865966797,19.047618865966797,14.285715103149414,42.85714340209961,0,0,30.000001907348633,8.63652515411377,8589934592,2147483648,5907529728,407961600
201,1772004401558,3204,3204,3204,3204,3204,3204,3204,3204,28.571430206298828,19.047618865966797,23.809524536132813,19.047618865966797,4.761904716491699,4.761904716491699,0,4.761904716491699,8.63652515411377,8589934592,2147483648,5907972096,407961600
203,1772004401760,3204,3204,3204,3204,3204,3204,3204,3204,25,25,20,20,4.761904716491699,0,4.761904716491699,0,8.63652515411377,8589934592,2147483648,5907103744,407961600
207,1772004401964,3204,3204,3204,3204,3204,3204,3204,3204,30.000001907348633,30.000001907348633,15.789472579956055,15.000000953674316,0,0,0,0,9.275400161743164,8589934592,2147483648,5907038208,407961600
199,1772004402172,3204,3204,3204,3204,3204,3204,3204,3204,27.272727966308594,28.571430206298828,18.18181800842285,14.285715103149414,4.761904716491699,9.090909004211426,4.545454502105713,0,9.275400161743164,8589934592,2147483648,5907185664,407961600
209,1772004402372,3204,3204,3204,3204,3204,3204,3204,3204,36.842105865478516,42.105262756347656,35,35,5.263157844543457,0,0,0,9.275400161743164,8589934592,2147483648,5917474816,407961600
206,1772004402582,3204,3204,3204,3204,3204,3204,3204,3204,27.272727966308594,25,19.047618865966797,20,27.272727966308594,18.18181800842285,0,0,9.275400161743164,8589934592,2147483648,5907103744,407961600
209,1772004402790,3204,3204,3204,3204,3204,3204,3204,3204,25,23.809524536132813,20,22.72727394104004,5,0,4.761904716491699,4.761904716491699,9.275400161743164,8589934592,2147483648,5908955136,407961600
205,1772004403000,3204,3204,3204,3204,3204,3204,3204,3204,25,23.809524536132813,19.047618865966797,28.571430206298828,4.545454502105713,4.761904716491699,0,0,5.956789016723633,8589934592,2147483648,5908299776,407961600
209,1772004403206,3204,3204,3204,3204,3204,3204,3204,3204,25,33.333335876464844,20,20,0,0,4.761904716491699,4.761904716491699,5.956789016723633,8589934592,2147483648,5908561920,407961600
208,1772004403416,3204,3204,3204,3204,3204,3204,3204,3204,28.571430206298828,38.095237731933594,23.809524536132813,19.047618865966797,4.761904716491699,4.545454502105713,0,0,5.956789016723633,8589934592,2147483648,5908561920,407961600
204,1772004403624,3204,3204,3204,3204,3204,3204,3204,3204,19.047618865966797,25,19.047618865966797,9.523809432983398,0,0,0,0,5.956789016723633,8589934592,2147483648,5908643840,407961600
209,1772004403829,3204,3204,3204,3204,3204,3204,3204,3204,28.571430206298828,23.809524536132813,28.571430206298828,15.000000953674316,10,9.090909004211426,4.761904716491699,0,5.40648078918457,8589934592,2147483648,5909839872,407961600
209,1772004404039,3204,3204,3204,3204,3204,3204,3204,3204,23.809524536132813,23.809524536132813,23.809524536132813,19.047618865966797,19.047618865966797,0,0,4.761904716491699,5.40648078918457,8589934592,2147483648,5909381120,407961600
208,1772004404249,3204,3204,3204,3204,3204,3204,3204,3204,25,15.000000953674316,28.571430206298828,14.285715103149414,0,4.761904716491699,4.545454502105713,4.545454502105713,5.40648078918457,8589934592,2147483648,5909413888,407961600
205,1772004404458,3204,3204,3204,3204,3204,3204,3204,3204,33.333335876464844,28.571430206298828,25,18.18181800842285,14.285715103149414,9.523809432983398,5,4.761904716491699,5.40648078918457,8589934592,2147483648,5909413888,407961600
209,1772004404665,3204,3204,3204,3204,3204,3204,3204,3204,35,35,33.333335876464844,25,42.85714340209961,45,20,20,5.40648078918457,8589934592,2147483648,5911003136,407961600
209,1772004404875,3204,3204,3204,3204,3204,3204,3204,3204,31.81818199157715,27.272727966308594,23.809524536132813,20,0,0,0,0,5.202669143676758,8589934592,2147483648,5909626880,407961600
208,1772004405085,3204,3204,3204,3204,3204,3204,3204,3204,25,20,25,19.047618865966797,4.761904716491699,4.761904716491699,9.090909004211426,4.761904716491699,5.202669143676758,8589934592,2147483648,5910806528,407961600
206,1772004405294,3204,3204,3204,3204,3204,3204,3204,3204,30.000001907348633,23.809524536132813,28.571430206298828,15.000000953674316,0,0,0,0,5.202669143676758,8589934592,2147483648,5910806528,407961600
205,1772004405501,3204,3204,3204,3204,3204,3204,3204,3204,31.81818199157715,28.571430206298828,28.571430206298828,19.047618865966797,4.761904716491699,0,4.761904716491699,0,5.202669143676758,8589934592,2147483648,5911199744,407961600
206,1772004405708,3204,3204,3204,3204,3204,3204,3204,3204,25,19.047618865966797,15.000000953674316,14.285715103149414,14.285715103149414,13.636363983154297,5,5,5.202669143676758,8589934592,2147483648,5911298048,407961600
209,1772004405914,3204,3204,3204,3204,3204,3204,3204,3204,25,25,23.809524536132813,23.809524536132813,4.761904716491699,0,0,0,6.530631065368652,8589934592,2147483648,5910085632,407961600
206,1772004406125,3204,3204,3204,3204,3204,3204,3204,3204,22.72727394104004,28.571430206298828,19.047618865966797,23.809524536132813,0,0,4.761904716491699,0,6.530631065368652,8589934592,2147483648,5911298048,407961600
201,1772004406331,3204,3204,3204,3204,3204,3204,3204,3204,25,28.571430206298828,23.809524536132813,15.000000953674316,5,4.761904716491699,4.761904716491699,4.761904716491699,6.530631065368652,8589934592,2147483648,5911281664,407961600
206,1772004406534,3204,3204,3204,3204,3204,3204,3204,3204,26.3157901763916,21.052631378173828,20,19.047618865966797,5,5,0,4.761904716491699,6.530631065368652,8589934592,2147483648,5909168128,407961600
209,1772004406741,3204,3204,3204,3204,3204,3204,3204,3204,33.333335876464844,36.3636360168457,25,35,19.047618865966797,9.523809432983398,4.545454502105713,0,6.530631065368652,8589934592,2147483648,5921832960,407961600
206,1772004406951,3204,3204,3204,3204,3204,3204,3204,3204,33.333335876464844,21.052631378173828,28.571430206298828,19.047618865966797,14.285715103149414,5,0,0,5.241128921508789,8589934592,2147483648,5910069248,407961600
208,1772004407158,3204,3204,3204,3204,3204,3204,3204,3204,23.809524536132813,27.272727966308594,25,19.047618865966797,4.761904716491699,4.761904716491699,0,0,5.241128921508789,8589934592,2147483648,5910102016,407961600
206,1772004407367,3204,3204,3204,3204,3204,3204,3204,3204,19.047618865966797,20,28.571430206298828,15.000000953674316,0,4.545454502105713,4.545454502105713,0,5.241128921508789,8589934592,2147483648,5910134784,407961600
205,1772004407575,3204,3204,3204,3204,3204,3204,3204,3204,25,19.047618865966797,28.571430206298828,19.047618865966797,4.545454502105713,0,0,0,5.241128921508789,8589934592,2147483648,5910757376,407961600
208,1772004407781,3204,3204,3204,3204,3204,3204,3204,3204,23.809524536132813,20,23.809524536132813,19.047618865966797,0,4.761904716491699,0,4.545454502105713,5.241128921508789,8589934592,2147483648,5910052864,407961600
209,1772004407990,3204,3204,3204,3204,3204,3204,3204,3204,25,23.809524536132813,20,19.047618865966797,0,0,0,0,5.423748970031738,8589934592,2147483648,5909987328,407961600
206,1772004408200,3204,3204,3204,3204,3204,3204,3204,3204,25,19.047618865966797,23.809524536132813,19.047618865966797,4.761904716491699,0,0,0,5.423748970031738,8589934592,2147483648,5904400384,407961600
209,1772004408408,3204,3204,3204,3204,3204,3204,3204,3204,30.434782028198242,25,23.809524536132813,15.789472579956055,0,4.761904716491699,4.761904716491699,0,5.423748970031738,8589934592,2147483648,5904629760,407961600
206,1772004408618,3204,3204,3204,3204,3204,3204,3204,3204,25,23.809524536132813,28.571430206298828,18.18181800842285,0,0,0,0,5.423748970031738,8589934592,2147483648,5904629760,407961600
209,1772004408825,3204,3204,3204,3204,3204,3204,3204,3204,33.333335876464844,33.333335876464844,30.000001907348633,23.809524536132813,14.285715103149414,5,4.761904716491699,4.761904716491699,5.291674613952637,8589934592,2147483648,5914869760,407961600
204,1772004409036,3204,3204,3204,3204,3204,3204,3204,3204,19.047618865966797,20,19.047618865966797,19.047618865966797,31.81818199157715,19.047618865966797,9.523809432983398,0,5.291674613952637,8589934592,2147483648,5903908864,407961600
205,1772004409242,3204,3204,3204,3204,3204,3204,3204,3204,15.789472579956055,31.81818199157715,19.047618865966797,20,0,0,0,0,5.291674613952637,8589934592,2147483648,5903581184,407961600
207,1772004409448,3204,3204,3204,3204,3204,3204,3204,3204,31.81818199157715,30.000001907348633,20,19.047618865966797,4.761904716491699,0,4.761904716491699,0,5.291674613952637,8589934592,2147483648,5903351808,407961600
207,1772004409656,3204,3204,3204,3204,3204,3204,3204,3204,25,25,23.809524536132813,15.000000953674316,0,0,0,0,5.291674613952637,8589934592,2147483648,5903433728,407961600
209,1772004409863,3204,3204,3204,3204,3204,3204,3204,3204,25,18.18181800842285,20,14.285715103149414,0,8.69565200805664,0,0,5.099241733551025,8589934592,2147483648,5903204352,407961600
200,1772004410074,3204,3204,3204,3204,3204,3204,3204,3204,23.809524536132813,25,23.809524536132813,19.047618865966797,4.761904716491699,0,4.761904716491699,4.761904716491699,5.099241733551025,8589934592,2147483648,5904744448,407961600
205,1772004410275,3204,3204,3204,3204,3204,3204,3204,3204,30.000001907348633,20,28.571430206298828,15.000000953674316,0,4.761904716491699,0,0,5.099241733551025,8589934592,2147483648,5905776640,407961600
208,1772004410481,3204,3204,3204,3204,3204,3204,3204,3204,28.571430206298828,20,25,20,0,0,0,0,5.099241733551025,8589934592,2147483648,5904547840,407961600
206,1772004410691,3204,3204,3204,3204,3204,3204,3204,3204,25,23.809524536132813,31.81818199157715,14.285715103149414,5,0,5,0,5.099241733551025,8589934592,2147483648,5905465344,407961600
207,1772004410897,3204,3204,3204,3204,3204,3204,3204,3204,28.571430206298828,20,21.052631378173828,19.047618865966797,9.090909004211426,4.761904716491699,0,0,5.495881080627441,8589934592,2147483648,5907234816,407961600
201,1772004411106,3204,3204,3204,3204,3204,3204,3204,3204,28.571430206298828,36.3636360168457,28.571430206298828,23.809524536132813,20,19.047618865966797,9.090909004211426,4.545454502105713,5.495881080627441,8589934592,2147483648,5905399808,407961600
208,1772004411308,3204,3204,3204,3204,3204,3204,3204,3204,25,21.052631378173828,23.809524536132813,20,5,10,0,5,5.495881080627441,8589934592,2147483648,5905498112,407961600
204,1772004411517,3204,3204,3204,3204,3204,3204,3204,3204,25,27.272727966308594,20,14.285715103149414,0,4.545454502105713,4.545454502105713,0,5.495881080627441,8589934592,2147483648,5905678336,407961600
203,1772004411722,3204,3204,3204,3204,3204,3204,3204,3204,28.571430206298828,25,15.000000953674316,20,0,0,0,0,5.495881080627441,8589934592,2147483648,5905678336,407961600
199,1772004411927,3204,3204,3204,3204,3204,3204,3204,3204,25,25,20,19.047618865966797,4.761904716491699,0,0,0,5.333334922790527,8589934592,2147483648,5905629184,407961600
205,1772004412127,3204,3204,3204,3204,3204,3204,3204,3204,25,20,20,21.052631378173828,0,0,0,0,5.333334922790527,8589934592,2147483648,5905645568,407961600
209,1772004412332,3204,3204,3204,3204,3204,3204,3204,3204,28.571430206298828,15.000000953674316,18.18181800842285,23.809524536132813,0,0,0,4.761904716491699,5.333334922790527,8589934592,2147483648,5905645568,407961600
204,1772004412542,3204,3204,3204,3204,3204,3204,3204,3204,23.809524536132813,27.272727966308594,20,19.047618865966797,9.090909004211426,5,0,0,5.333334922790527,8589934592,2147483648,5906038784,407961600
202,1772004412748,3204,3204,3204,3204,3204,3204,3204,3204,30.000001907348633,35,28.571430206298828,30.000001907348633,19.047618865966797,19.047618865966797,19.047618865966797,15.000000953674316,5.333334922790527,8589934592,2147483648,5903138816,407961600
203,1772004412951,3204,3204,3204,3204,3204,3204,3204,3204,20,23.809524536132813,19.047618865966797,25,0,5,0,0,5.410030841827393,8589934592,2147483648,5904187392,407961600
202,1772004413155,3204,3204,3204,3204,3204,3204,3204,3204,30.000001907348633,26.3157901763916,20,35,22.72727394104004,4.761904716491699,4.761904716491699,4.761904716491699,5.410030841827393,8589934592,2147483648,5913755648,407961600
208,1772004413359,3204,3204,3204,3204,3204,3204,3204,3204,30.000001907348633,30.000001907348633,30.000001907348633,38.095237731933594,35,35,19.047618865966797,15.000000953674316,5.410030841827393,8589934592,2147483648,5913755648,407961600
207,1772004413568,3204,3204,3204,3204,3204,3204,3204,3204,23.809524536132813,18.18181800842285,15.000000953674316,19.047618865966797,5,9.090909004211426,4.761904716491699,4.761904716491699,5.410030841827393,8589934592,2147483648,5913755648,407961600
209,1772004413777,3204,3204,3204,3204,3204,3204,3204,3204,23.809524536132813,20,19.047618865966797,25,0,0,4.761904716491699,0,5.410030841827393,8589934592,2147483648,5913755648,407961600
209,1772004413986,3204,3204,3204,3204,3204,3204,3204,3204,25,23.809524536132813,19.047618865966797,23.809524536132813,9.523809432983398,23.809524536132813,0,4.545454502105713,5.503592014312744,8589934592,2147483648,5903155200,407961600
205,1772004414196,3204,3204,3204,3204,3204,3204,3204,3204,33.333335876464844,33.333335876464844,25,23.809524536132813,5,4.761904716491699,4.761904716491699,4.761904716491699,5.503592014312744,8589934592,2147483648,5904924672,407961600
206,1772004414402,3204,3204,3204,3204,3204,3204,3204,3204,23.809524536132813,20,22.72727394104004,14.285715103149414,0,0,0,0,5.503592014312744,8589934592,2147483648,5900320768,407961600
204,1772004414609,3204,3204,3204,3204,3204,3204,3204,3204,25,33.333335876464844,15.789472579956055,14.285715103149414,4.761904716491699,0,0,0,5.503592014312744,8589934592,2147483648,5900255232,407961600
209,1772004414814,3204,3204,3204,3204,3204,3204,3204,3204,28.571430206298828,25,19.047618865966797,15.000000953674316,0,0,0,0,5.874829292297363,8589934592,2147483648,5900255232,407961600
208,1772004415024,3204,3204,3204,3204,3204,3204,3204,3204,23.809524536132813,19.047618865966797,19.047618865966797,19.047618865966797,0,4.545454502105713,0,0,5.874829292297363,8589934592,2147483648,5900255232,407961600
209,1772004415233,3204,3204,3204,3204,3204,3204,3204,3204,28.571430206298828,23.809524536132813,20,19.047618865966797,0,0,4.545454502105713,0,5.874829292297363,8589934592,2147483648,5901664256,407961600
209,1772004415444,3204,3204,3204,3204,3204,3204,3204,3204,30.000001907348633,30.000001907348633,31.81818199157715,30.000001907348633,27.272727966308594,25,0,0,5.874829292297363,8589934592,2147483648,5899436032,407961600
203,1772004415653,3204,3204,3204,3204,3204,3204,3204,3204,28.571430206298828,23.809524536132813,28.571430206298828,19.047618865966797,9.523809432983398,9.090909004211426,4.545454502105713,4.761904716491699,5.874829292297363,8589934592,2147483648,5900894208,407961600
208,1772004415858,3204,3204,3204,3204,3204,3204,3204,3204,19.047618865966797,19.047618865966797,15.000000953674316,14.285715103149414,5,0,0,0,5.19235372543335,8589934592,2147483648,5900599296,407961600
209,1772004416067,3204,3204,3204,3204,3204,3204,3204,3204,30.000001907348633,23.809524536132813,28.571430206298828,19.047618865966797,0,0,0,0,5.19235372543335,8589934592,2147483648,5900402688,407961600
203,1772004416276,3204,3204,3204,3204,3204,3204,3204,3204,28.571430206298828,19.047618865966797,10,10,0,4.761904716491699,4.545454502105713,4.545454502105713,5.19235372543335,8589934592,2147483648,5900419072,407961600
208,1772004416480,3204,3204,3204,3204,3204,3204,3204,3204,30.000001907348633,20,22.72727394104004,15.000000953674316,0,0,0,0,5.19235372543335,8589934592,2147483648,5900419072,407961600
208,1772004416689,3204,3204,3204,3204,3204,3204,3204,3204,33.333335876464844,20,10.526315689086914,18.18181800842285,4.761904716491699,0,0,0,5.19235372543335,8589934592,2147483648,5900419072,407961600
202,1772004416898,3204,3204,3204,3204,3204,3204,3204,3204,23.809524536132813,23.809524536132813,28.571430206298828,10,0,0,0,0,5.393564701080322,8589934592,2147483648,5900419072,407961600
206,1772004417101,3204,3204,3204,3204,3204,3204,3204,3204,35,30.000001907348633,28.571430206298828,25,9.090909004211426,4.761904716491699,0,0,5.393564701080322,8589934592,2147483648,5900632064,407961600
203,1772004417308,3204,3204,3204,3204,3204,3204,3204,3204,28.571430206298828,28.571430206298828,20,18.18181800842285,0,0,0,0,5.393564701080322,8589934592,2147483648,5900566528,407961600
202,1772004417512,3204,3204,3204,3204,3204,3204,3204,3204,31.57894515991211,30.000001907348633,35,31.57894515991211,25,14.285715103149414,4.761904716491699,4.761904716491699,5.393564701080322,8589934592,2147483648,5912412160,407961600
200,1772004417715,3204,3204,3204,3204,3204,3204,3204,3204,30.000001907348633,30.000001907348633,20,19.047618865966797,5,5,0,4.761904716491699,5.393564701080322,8589934592,2147483648,5900681216,407961600
207,1772004417916,3204,3204,3204,3204,3204,3204,3204,3204,28.571430206298828,20,15.000000953674316,10.526315689086914,0,0,0,0,5.024348735809326,8589934592,2147483648,5900681216,407961600
206,1772004418124,3204,3204,3204,3204,3204,3204,3204,3204,33.333335876464844,28.571430206298828,23.809524536132813,19.047618865966797,4.761904716491699,4.761904716491699,0,4.761904716491699,5.024348735809326,8589934592,2147483648,5901238272,407961600
209,1772004418331,3204,3204,3204,3204,3204,3204,3204,3204,21.052631378173828,28.571430206298828,19.047618865966797,19.047618865966797,9.090909004211426,4.761904716491699,4.761904716491699,0,5.024348735809326,8589934592,2147483648,5901336576,407961600
205,1772004418541,3204,3204,3204,3204,3204,3204,3204,3204,27.272727966308594,19.047618865966797,19.047618865966797,19.047618865966797,0,0,0,0,5.024348735809326,8589934592,2147483648,5901434880,407961600
207,1772004418748,3204,3204,3204,3204,3204,3204,3204,3204,23.809524536132813,20,19.047618865966797,20,0,4.761904716491699,9.090909004211426,4.761904716491699,5.024348735809326,8589934592,2147483648,5901500416,407961600
209,1772004418955,3204,3204,3204,3204,3204,3204,3204,3204,25,25,25,20,5,23.809524536132813,0,0,5.665094375610352,8589934592,2147483648,5901238272,407961600
203,1772004419166,3204,3204,3204,3204,3204,3204,3204,3204,33.333335876464844,42.85714340209961,38.095237731933594,31.81818199157715,0,0,0,0,5.665094375610352,8589934592,2147483648,5904711680,407961600
203,1772004419370,3204,3204,3204,3204,3204,3204,3204,3204,30.000001907348633,28.571430206298828,25,20,9.523809432983398,4.761904716491699,0,0,5.665094375610352,8589934592,2147483648,5904744448,407961600
209,1772004419574,3204,3204,3204,3204,3204,3204,3204,3204,38.095237731933594,35,33.333335876464844,30.000001907348633,10,5,4.761904716491699,9.523809432983398,5.665094375610352,8589934592,2147483648,5913378816,407961600
204,1772004419784,3204,3204,3204,3204,3204,3204,3204,3204,35,25,25,22.72727394104004,4.761904716491699,4.761904716491699,0,0,5.665094375610352,8589934592,2147483648,5901352960,407961600
199,1772004419989,3204,3204,3204,3204,3204,3204,3204,3204,35,31.81818199157715,25,25,4.761904716491699,0,0,0,5.246519088745117,8589934592,2147483648,5901352960,407961600
208,1772004420189,3204,3204,3204,3204,3204,3204,3204,3204,42.85714340209961,33.333335876464844,42.85714340209961,31.57894515991211,5,4.761904716491699,4.761904716491699,4.761904716491699,5.246519088745117,8589934592,2147483648,5917032448,407961600
209,1772004420398,3204,3204,3204,3204,3204,3204,3204,3204,30.000001907348633,36.3636360168457,28.571430206298828,28.571430206298828,4.761904716491699,0,0,0,5.246519088745117,8589934592,2147483648,5918179328,407961600
209,1772004420608,3204,3204,3204,3204,3204,3204,3204,3204,42.85714340209961,35,38.095237731933594,31.81818199157715,0,0,0,0,5.246519088745117,8589934592,2147483648,5918720000,407961600
206,1772004420818,3204,3204,3204,3204,3204,3204,3204,3204,33.333335876464844,31.81818199157715,25,23.809524536132813,9.523809432983398,14.285715103149414,9.090909004211426,9.090909004211426,5.751756191253662,8589934592,2147483648,5919211520,407961600
209,1772004421025,3204,3204,3204,3204,3204,3204,3204,3204,33.333335876464844,30.000001907348633,33.333335876464844,25,0,4.761904716491699,0,0,5.751756191253662,8589934592,2147483648,5919211520,407961600
205,1772004421235,3204,3204,3204,3204,3204,3204,3204,3204,25,31.81818199157715,25,28.571430206298828,0,0,0,0,5.751756191253662,8589934592,2147483648,5917540352,407961600
202,1772004421443,3204,3204,3204,3204,3204,3204,3204,3204,38.095237731933594,26.3157901763916,27.272727966308594,25,0,0,0,0,5.751756191253662,8589934592,2147483648,5916393472,407961600
209,1772004421646,3204,3204,3204,3204,3204,3204,3204,3204,30.000001907348633,28.571430206298828,21.052631378173828,23.809524536132813,0,0,0,0,5.751756191253662,8589934592,2147483648,5916573696,407961600
204,1772004421856,3204,3204,3204,3204,3204,3204,3204,3204,42.85714340209961,35,40,38.095237731933594,27.272727966308594,19.047618865966797,0,5,5.88724422454834,8589934592,2147483648,5916065792,407961600
205,1772004422060,3204,3204,3204,3204,3204,3204,3204,3204,30.000001907348633,42.85714340209961,31.81818199157715,25,0,4.761904716491699,4.761904716491699,0,5.88724422454834,8589934592,2147483648,5916033024,407961600
209,1772004422266,3204,3204,3204,3204,3204,3204,3204,3204,28.571430206298828,23.809524536132813,15.000000953674316,14.285715103149414,0,0,0,0,5.88724422454834,8589934592,2147483648,5914525696,407961600
207,1772004422476,3204,3204,3204,3204,3204,3204,3204,3204,28.571430206298828,25,23.809524536132813,15.000000953674316,0,4.545454502105713,0,0,5.88724422454834,8589934592,2147483648,5913395200,407961600
206,1772004422685,3204,3204,3204,3204,3204,3204,3204,3204,25,33.333335876464844,19.047618865966797,14.285715103149414,4.761904716491699,0,0,0,5.88724422454834,8589934592,2147483648,5911101440,407961600
205,1772004422892,3204,3204,3204,3204,3204,3204,3204,3204,23.809524536132813,25,25,19.047618865966797,0,0,0,0,5.699167728424072,8589934592,2147483648,5910953984,407961600
209,1772004423098,3204,3204,3204,3204,3204,3204,3204,3204,28.571430206298828,28.571430206298828,23.809524536132813,19.047618865966797,0,4.761904716491699,0,4.761904716491699,5.699167728424072,8589934592,2147483648,5910953984,407961600
204,1772004423308,3204,3204,3204,3204,3204,3204,3204,3204,21.052631378173828,15.000000953674316,14.285715103149414,15.000000953674316,4.761904716491699,0,4.761904716491699,0,5.699167728424072,8589934592,2147483648,5909397504,407961600
207,1772004423512,3204,3204,3204,3204,3204,3204,3204,3204,27.272727966308594,28.571430206298828,20,25,0,0,0,0,5.699167728424072,8589934592,2147483648,5909364736,407961600
209,1772004423720,3204,3204,3204,3204,3204,3204,3204,3204,25,23.809524536132813,19.047618865966797,23.809524536132813,9.090909004211426,4.761904716491699,4.761904716491699,4.761904716491699,5.699167728424072,8589934592,2147483648,5909315584,407961600
209,1772004423930,3204,3204,3204,3204,3204,3204,3204,3204,33.333335876464844,25,30.000001907348633,28.571430206298828,10,9.523809432983398,19.047618865966797,0,5.516567230224609,8589934592,2147483648,5916803072,407961600
199,1772004424140,3204,3204,3204,3204,3204,3204,3204,3204,33.333335876464844,33.333335876464844,31.81818199157715,27.272727966308594,4.545454502105713,9.090909004211426,4.761904716491699,0,5.516567230224609,8589934592,2147483648,5878956032,407961600
206,1772004424341,3204,3204,3204,3204,3204,3204,3204,3204,30.000001907348633,30.000001907348633,26.3157901763916,26.3157901763916,10.526315689086914,15.000000953674316,0,0,5.516567230224609,8589934592,2147483648,5878923264,407961600
201,1772004424548,3204,3204,3204,3204,3204,3204,3204,3204,25,19.047618865966797,23.809524536132813,10,0,0,0,0,5.516567230224609,8589934592,2147483648,5878906880,407961600
200,1772004424750,3204,3204,3204,3204,3204,3204,3204,3204,30.000001907348633,25,19.047618865966797,19.047618865966797,4.761904716491699,0,4.761904716491699,0,5.516567230224609,8589934592,2147483648,5880545280,407961600
209,1772004424952,3204,3204,3204,3204,3204,3204,3204,3204,30.000001907348633,30.000001907348633,15.789472579956055,20,0,0,0,0,5.499891757965088,8589934592,2147483648,5879971840,407961600
204,1772004425162,3204,3204,3204,3204,3204,3204,3204,3204,28.571430206298828,23.809524536132813,19.047618865966797,14.285715103149414,0,0,0,0,5.499891757965088,8589934592,2147483648,5879873536,407961600
207,1772004425367,3204,3204,3204,3204,3204,3204,3204,3204,47.619049072265625,45,50,40,0,4.545454502105713,0,0,5.499891757965088,8589934592,2147483648,5887115264,407961600
199,1772004425575,3204,3204,3204,3204,3204,3204,3204,3204,20,33.333335876464844,25,25,4.761904716491699,0,0,4.761904716491699,5.499891757965088,8589934592,2147483648,5887983616,407961600
200,1772004425775,3204,3204,3204,3204,3204,3204,3204,3204,28.571430206298828,20,14.285715103149414,15.000000953674316,5.263157844543457,5,0,0,5.499891757965088,8589934592,2147483648,5887344640,407961600
209,1772004425976,3204,3204,3204,3204,3204,3204,3204,3204,31.57894515991211,30.000001907348633,26.3157901763916,20,9.523809432983398,0,4.761904716491699,0,5.7177324295043945,8589934592,2147483648,5890441216,407961600
202,1772004426186,3204,3204,3204,3204,3204,3204,3204,3204,33.333335876464844,33.333335876464844,23.809524536132813,23.809524536132813,9.523809432983398,0,0,4.761904716491699,5.7177324295043945,8589934592,2147483648,5886738432,407961600
208,1772004426389,3204,3204,3204,3204,3204,3204,3204,3204,25,20,19.047618865966797,23.809524536132813,15.000000953674316,10,0,4.761904716491699,5.7177324295043945,8589934592,2147483648,5886509056,407961600
209,1772004426598,3204,3204,3204,3204,3204,3204,3204,3204,28.571430206298828,25,23.809524536132813,23.809524536132813,4.761904716491699,4.545454502105713,0,4.761904716491699,5.7177324295043945,8589934592,2147483648,5886443520,407961600
209,1772004426808,3204,3204,3204,3204,3204,3204,3204,3204,28.571430206298828,27.272727966308594,23.809524536132813,19.047618865966797,4.761904716491699,9.090909004211426,4.761904716491699,0,5.615085124969482,8589934592,2147483648,5886525440,407961600
207,1772004427018,3204,3204,3204,3204,3204,3204,3204,3204,33.333335876464844,25,28.571430206298828,19.047618865966797,0,0,0,0,5.615085124969482,8589934592,2147483648,5886689280,407961600
206,1772004427226,3204,3204,3204,3204,3204,3204,3204,3204,25,27.272727966308594,20,15.789472579956055,5,4.761904716491699,4.761904716491699,4.761904716491699,5.615085124969482,8589934592,2147483648,5887541248,407961600
207,1772004427434,3204,3204,3204,3204,3204,3204,3204,3204,28.571430206298828,25,20,23.809524536132813,9.090909004211426,4.761904716491699,4.761904716491699,0,5.615085124969482,8589934592,2147483648,5887754240,407961600
208,1772004427641,3204,3204,3204,3204,3204,3204,3204,3204,30.000001907348633,25,28.571430206298828,22.72727394104004,0,0,0,0,5.615085124969482,8589934592,2147483648,5887213568,407961600
209,1772004427850,3204,3204,3204,3204,3204,3204,3204,3204,28.571430206298828,28.571430206298828,27.272727966308594,20,4.761904716491699,0,0,4.761904716491699,5.665722370147705,8589934592,2147483648,5887213568,407961600
209,1772004428060,3204,3204,3204,3204,3204,3204,3204,3204,30.000001907348633,15.000000953674316,20,15.000000953674316,4.761904716491699,4.761904716491699,4.761904716491699,4.761904716491699,5.665722370147705,8589934592,2147483648,5887213568,407961600
204,1772004428270,3204,3204,3204,3204,3204,3204,3204,3204,38.095237731933594,36.3636360168457,33.333335876464844,34.78260803222656,10.526315689086914,9.523809432983398,9.523809432983398,0,5.665722370147705,8589934592,2147483648,5887213568,407961600
205,1772004428475,3204,3204,3204,3204,3204,3204,3204,3204,36.3636360168457,25,30.000001907348633,20,18.18181800842285,5,0,0,5.665722370147705,8589934592,2147483648,5886984192,407961600
204,1772004428681,3204,3204,3204,3204,3204,3204,3204,3204,26.3157901763916,21.052631378173828,25,15.000000953674316,5,5,5,4.761904716491699,5.665722370147705,8589934592,2147483648,5886820352,407961600
209,1772004428886,3204,3204,3204,3204,3204,3204,3204,3204,38.095237731933594,40.90909194946289,33.333335876464844,25,5,22.72727394104004,8.69565200805664,0,5.625529766082764,8589934592,2147483648,5889490944,407961600
209,1772004429097,3204,3204,3204,3204,3204,3204,3204,3204,28.571430206298828,25,28.571430206298828,23.809524536132813,4.761904716491699,4.761904716491699,0,0,5.625529766082764,8589934592,2147483648,5886705664,407961600
200,1772004429307,3204,3204,3204,3204,3204,3204,3204,3204,23.809524536132813,23.809524536132813,23.809524536132813,19.047618865966797,4.545454502105713,4.761904716491699,0,4.545454502105713,5.625529766082764,8589934592,2147483648,5886443520,407961600
199,1772004429508,3204,3204,3204,3204,3204,3204,3204,3204,31.57894515991211,33.333335876464844,25,23.809524536132813,5,5,5,0,5.625529766082764,8589934592,2147483648,5886459904,407961600
209,1772004429708,3204,3204,3204,3204,3204,3204,3204,3204,28.571430206298828,21.052631378173828,20,15.789472579956055,0,0,0,0,5.625529766082764,8589934592,2147483648,5886820352,407961600
205,1772004429918,3204,3204,3204,3204,3204,3204,3204,3204,19.047618865966797,23.809524536132813,19.047618865966797,22.72727394104004,5,0,4.545454502105713,0,5.750619888305664,8589934592,2147483648,5888475136,407961600
199,1772004430124,3204,3204,3204,3204,3204,3204,3204,3204,25,28.571430206298828,20,20,4.761904716491699,4.545454502105713,0,4.761904716491699,5.750619888305664,8589934592,2147483648,5888966656,407961600
201,1772004430324,3204,3204,3204,3204,3204,3204,3204,3204,30.000001907348633,31.57894515991211,28.571430206298828,25,10,5.263157844543457,0,0,5.750619888305664,8589934592,2147483648,5898764288,407961600
204,1772004430526,3204,3204,3204,3204,3204,3204,3204,3204,30.000001907348633,28.571430206298828,26.3157901763916,25,15.000000953674316,15.000000953674316,0,0,5.750619888305664,8589934592,2147483648,5888229376,407961600
209,1772004430731,3204,3204,3204,3204,3204,3204,3204,3204,25,25,28.571430206298828,20,5,4.761904716491699,4.761904716491699,0,5.750619888305664,8589934592,2147483648,5889409024,407961600
203,1772004430941,3204,3204,3204,3204,3204,3204,3204,3204,28.571430206298828,30.000001907348633,28.571430206298828,23.809524536132813,22.72727394104004,23.809524536132813,23.809524536132813,22.72727394104004,5.452113628387451,8589934592,2147483648,5889409024,407961600
209,1772004431144,3204,3204,3204,3204,3204,3204,3204,3204,26.3157901763916,28.571430206298828,15.789472579956055,23.809524536132813,0,4.761904716491699,0,0,5.452113628387451,8589934592,2147483648,5889409024,407961600
202,1772004431355,3204,3204,3204,3204,3204,3204,3204,3204,27.272727966308594,27.272727966308594,19.047618865966797,10.526315689086914,0,0,0,0,5.452113628387451,8589934592,2147483648,5889409024,407961600
206,1772004431558,3204,3204,3204,3204,3204,3204,3204,3204,25,21.052631378173828,19.047618865966797,19.047618865966797,4.545454502105713,0,0,0,5.452113628387451,8589934592,2147483648,5889867776,407961600
209,1772004431765,3204,3204,3204,3204,3204,3204,3204,3204,23.809524536132813,25,23.809524536132813,18.18181800842285,0,5,4.761904716491699,0,5.452113628387451,8589934592,2147483648,5889851392,407961600
205,1772004431975,3204,3204,3204,3204,3204,3204,3204,3204,28.571430206298828,23.809524536132813,28.571430206298828,19.047618865966797,0,0,0,0,5.849234104156494,8589934592,2147483648,5889851392,407961600
201,1772004432181,3204,3204,3204,3204,3204,3204,3204,3204,25,38.095237731933594,20,15.000000953674316,4.545454502105713,4.761904716491699,0,4.761904716491699,5.849234104156494,8589934592,2147483648,5888262144,407961600
207,1772004432383,3204,3204,3204,3204,3204,3204,3204,3204,25,20,20,20,5,0,5,0,5.849234104156494,8589934592,2147483648,5889130496,407961600
209,1772004432591,3204,3204,3204,3204,3204,3204,3204,3204,30.000001907348633,38.095237731933594,28.571430206298828,30.000001907348633,30.000001907348633,19.047618865966797,0,0,5.849234104156494,8589934592,2147483648,5888376832,407961600
208,1772004432801,3204,3204,3204,3204,3204,3204,3204,3204,27.272727966308594,28.571430206298828,19.047618865966797,19.047618865966797,4.545454502105713,0,0,0,5.849234104156494,8589934592,2147483648,5888475136,407961600
203,1772004433009,3204,3204,3204,3204,3204,3204,3204,3204,30.000001907348633,20,20,23.809524536132813,0,0,0,0,5.217526435852051,8589934592,2147483648,5888638976,407961600
209,1772004433213,3204,3204,3204,3204,3204,3204,3204,3204,35,28.571430206298828,23.809524536132813,25,0,0,0,0,5.217526435852051,8589934592,2147483648,5888606208,407961600
208,1772004433422,3204,3204,3204,3204,3204,3204,3204,3204,28.571430206298828,23.809524536132813,23.809524536132813,19.047618865966797,4.545454502105713,0,0,0,5.217526435852051,8589934592,2147483648,5888638976,407961600
208,1772004433631,3204,3204,3204,3204,3204,3204,3204,3204,23.809524536132813,23.809524536132813,20,14.285715103149414,4.761904716491699,4.761904716491699,4.761904716491699,4.545454502105713,5.217526435852051,8589934592,2147483648,5888638976,407961600
207,1772004433840,3204,3204,3204,3204,3204,3204,3204,3204,25,20,23.809524536132813,25,0,0,0,0,5.429566860198975,8589934592,2147483648,5889425408,407961600
209,1772004434048,3204,3204,3204,3204,3204,3204,3204,3204,28.571430206298828,23.809524536132813,23.809524536132813,22.72727394104004,4.761904716491699,23.809524536132813,4.761904716491699,0,5.429566860198975,8589934592,2147483648,5888753664,407961600
207,1772004434258,3204,3204,3204,3204,3204,3204,3204,3204,23.809524536132813,23.809524536132813,19.047618865966797,15.000000953674316,4.761904716491699,4.761904716491699,0,0,5.429566860198975,8589934592,2147483648,5888753664,407961600
206,1772004434466,3204,3204,3204,3204,3204,3204,3204,3204,28.571430206298828,23.809524536132813,20,19.047618865966797,0,4.545454502105713,4.761904716491699,0,5.429566860198975,8589934592,2147483648,5888753664,407961600
208,1772004434672,3204,3204,3204,3204,3204,3204,3204,3204,35,26.3157901763916,25,20,19.047618865966797,15.000000953674316,0,14.285715103149414,5.429566860198975,8589934592,2147483648,5897994240,407961600
209,1772004434882,3204,3204,3204,3204,3204,3204,3204,3204,27.272727966308594,28.571430206298828,27.272727966308594,22.72727394104004,9.523809432983398,9.523809432983398,0,0,5.410176753997803,8589934592,2147483648,5889671168,407961600
209,1772004435091,3204,3204,3204,3204,3204,3204,3204,3204,25,27.272727966308594,20,25,0,0,4.545454502105713,0,5.410176753997803,8589934592,2147483648,5889507328,407961600
206,1772004435301,3204,3204,3204,3204,3204,3204,3204,3204,28.571430206298828,25,22.72727394104004,23.809524536132813,4.545454502105713,0,0,9.090909004211426,5.410176753997803,8589934592,2147483648,5889556480,407961600
206,1772004435508,3204,3204,3204,3204,3204,3204,3204,3204,30.000001907348633,28.571430206298828,25,19.047618865966797,0,4.761904716491699,0,0,5.410176753997803,8589934592,2147483648,5891620864,407961600
208,1772004435715,3204,3204,3204,3204,3204,3204,3204,3204,28.571430206298828,20,20,15.000000953674316,4.761904716491699,0,4.761904716491699,0,5.410176753997803,8589934592,2147483648,5891096576,407961600
206,1772004435925,3204,3204,3204,3204,3204,3204,3204,3204,28.571430206298828,19.047618865966797,18.18181800842285,19.047618865966797,4.761904716491699,9.523809432983398,0,0,5.614382743835449,8589934592,2147483648,5891031040,407961600
208,1772004436131,3204,3204,3204,3204,3204,3204,3204,3204,28.571430206298828,25,15.789472579956055,22.72727394104004,4.761904716491699,4.761904716491699,0,4.761904716491699,5.614382743835449,8589934592,2147483648,5890686976,407961600
200,1772004436340,3204,3204,3204,3204,3204,3204,3204,3204,25,27.272727966308594,23.809524536132813,25,4.761904716491699,0,4.761904716491699,0,5.614382743835449,8589934592,2147483648,5890211840,407961600
201,1772004436541,3204,3204,3204,3204,3204,3204,3204,3204,20,25,25,15.789472579956055,0,9.523809432983398,0,0,5.614382743835449,8589934592,2147483648,5890228224,407961600
205,1772004436743,3204,3204,3204,3204,3204,3204,3204,3204,35,26.3157901763916,30.000001907348633,25,10.526315689086914,10,0,5,5.614382743835449,8589934592,2147483648,5900500992,407961600
209,1772004436949,3204,3204,3204,3204,3204,3204,3204,3204,28.571430206298828,20,23.809524536132813,23.809524536132813,22.72727394104004,14.285715103149414,0,0,5.307386875152588,8589934592,2147483648,5890146304,407961600
209,1772004437159,3204,3204,3204,3204,3204,3204,3204,3204,23.809524536132813,27.272727966308594,19.047618865966797,19.047618865966797,9.523809432983398,5,9.090909004211426,4.761904716491699,5.307386875152588,8589934592,2147483648,5890342912,407961600
204,1772004437369,3204,3204,3204,3204,3204,3204,3204,3204,25,23.809524536132813,15.000000953674316,19.047618865966797,0,0,0,0,5.307386875152588,8589934592,2147483648,5890375680,407961600
209,1772004437575,3204,3204,3204,3204,3204,3204,3204,3204,33.333335876464844,25,23.809524536132813,23.809524536132813,4.761904716491699,9.523809432983398,5,5,5.307386875152588,8589934592,2147483648,5890375680,407961600
204,1772004437784,3204,3204,3204,3204,3204,3204,3204,3204,20,28.571430206298828,23.809524536132813,20,0,0,0,0,5.307386875152588,8589934592,2147483648,5890392064,407961600
207,1772004437990,3204,3204,3204,3204,3204,3204,3204,3204,23.809524536132813,20,20,20,4.761904716491699,4.761904716491699,4.761904716491699,4.761904716491699,5.355591773986816,8589934592,2147483648,5890326528,407961600
209,1772004438198,3204,3204,3204,3204,3204,3204,3204,3204,55,52.38095474243164,47.619049072265625,50,4.761904716491699,0,0,0,5.355591773986816,8589934592,2147483648,5890326528,407961600
204,1772004438408,3204,3204,3204,3204,3204,3204,3204,3204,28.571430206298828,28.571430206298828,20,25,0,0,0,0,5.355591773986816,8589934592,2147483648,5890326528,407961600
209,1772004438613,3204,3204,3204,3204,3204,3204,3204,3204,20,20,18.18181800842285,19.047618865966797,0,4.761904716491699,4.761904716491699,0,5.355591773986816,8589934592,2147483648,5890326528,407961600
202,1772004438823,3204,3204,3204,3204,3204,3204,3204,3204,27.272727966308594,14.285715103149414,20,14.285715103149414,0,0,0,0,5.460282802581787,8589934592,2147483648,5892472832,407961600
206,1772004439026,3204,3204,3204,3204,3204,3204,3204,3204,31.57894515991211,20,20,20,33.333335876464844,28.571430206298828,28.571430206298828,10,5.460282802581787,8589934592,2147483648,5892489216,407961600
206,1772004439234,3204,3204,3204,3204,3204,3204,3204,3204,33.333335876464844,38.095237731933594,33.333335876464844,30.000001907348633,5,0,0,0,5.460282802581787,8589934592,2147483648,5890670592,407961600
205,1772004439441,3204,3204,3204,3204,3204,3204,3204,3204,25,19.047618865966797,23.809524536132813,19.047618865966797,0,0,0,0,5.460282802581787,8589934592,2147483648,5890670592,407961600
208,1772004439647,3204,3204,3204,3204,3204,3204,3204,3204,27.272727966308594,20,20,19.047618865966797,0,0,0,0,5.460282802581787,8589934592,2147483648,5890670592,407961600
200,1772004439856,3204,3204,3204,3204,3204,3204,3204,3204,23.809524536132813,25,20,19.047618865966797,0,0,0,0,5.294190406799316,8589934592,2147483648,5892063232,407961600
209,1772004440057,3204,3204,3204,3204,3204,3204,3204,3204,26.3157901763916,25,19.047618865966797,15.000000953674316,0,0,0,0,5.294190406799316,8589934592,2147483648,5891784704,407961600
201,1772004440267,3204,3204,3204,3204,3204,3204,3204,3204,27.272727966308594,22.72727394104004,23.809524536132813,19.047618865966797,4.545454502105713,4.545454502105713,0,0,5.294190406799316,8589934592,2147483648,5891948544,407961600
209,1772004440468,3204,3204,3204,3204,3204,3204,3204,3204,30.000001907348633,30.000001907348633,30.000001907348633,15.789472579956055,10,10,5.263157844543457,9.523809432983398,5.294190406799316,8589934592,2147483648,5891866624,407961600
200,1772004440679,3204,3204,3204,3204,3204,3204,3204,3204,35,35,30.000001907348633,28.571430206298828,4.545454502105713,0,4.545454502105713,0,5.294190406799316,8589934592,2147483648,5902204928,407961600
208,1772004440880,3204,3204,3204,3204,3204,3204,3204,3204,30.000001907348633,28.571430206298828,23.809524536132813,20,10.526315689086914,10,5,5,5.710805892944336,8589934592,2147483648,5902614528,407961600
207,1772004441090,3204,3204,3204,3204,3204,3204,3204,3204,42.85714340209961,35,40,33.333335876464844,19.047618865966797,14.285715103149414,0,0,5.710805892944336,8589934592,2147483648,5911789568,407961600
209,1772004441298,3204,3204,3204,3204,3204,3204,3204,3204,30.000001907348633,25,28.571430206298828,20,10,10,4.545454502105713,0,5.710805892944336,8589934592,2147483648,5902303232,407961600
206,1772004441508,3204,3204,3204,3204,3204,3204,3204,3204,23.809524536132813,22.72727394104004,27.272727966308594,18.18181800842285,9.090909004211426,4.761904716491699,0,4.761904716491699,5.710805892944336,8589934592,2147483648,5902303232,407961600
209,1772004441715,3204,3204,3204,3204,3204,3204,3204,3204,33.333335876464844,25,20,23.809524536132813,0,4.545454502105713,4.761904716491699,4.761904716491699,5.710805892944336,8589934592,2147483648,5902303232,407961600
205,1772004441925,3204,3204,3204,3204,3204,3204,3204,3204,28.571430206298828,23.809524536132813,22.72727394104004,19.047618865966797,9.523809432983398,5,4.761904716491699,4.761904716491699,5.339457035064697,8589934592,2147483648,5902516224,407961600
209,1772004442131,3204,3204,3204,3204,3204,3204,3204,3204,26.3157901763916,25,26.3157901763916,10.526315689086914,0,0,0,0,5.339457035064697,8589934592,2147483648,5902548992,407961600
201,1772004442341,3204,3204,3204,3204,3204,3204,3204,3204,36.3636360168457,33.333335876464844,28.571430206298828,27.272727966308594,4.761904716491699,9.090909004211426,0,0,5.339457035064697,8589934592,2147483648,5904629760,407961600
199,1772004442543,3204,3204,3204,3204,3204,3204,3204,3204,35,40,28.571430206298828,30.000001907348633,0,0,4.761904716491699,0,5.339457035064697,8589934592,2147483648,5915820032,407961600
202,1772004442743,3204,3204,3204,3204,3204,3204,3204,3204,21.052631378173828,25,21.052631378173828,15.789472579956055,5,0,0,4.761904716491699,5.339457035064697,8589934592,2147483648,5915852800,407961600
201,1772004442945,3204,3204,3204,3204,3204,3204,3204,3204,28.571430206298828,28.571430206298828,20,19.047618865966797,0,4.761904716491699,0,0,5.71153450012207,8589934592,2147483648,5915918336,407961600
209,1772004443148,3204,3204,3204,3204,3204,3204,3204,3204,30.000001907348633,35,25,25,9.523809432983398,0,4.761904716491699,0,5.71153450012207,8589934592,2147483648,5926518784,407961600
209,1772004443358,3204,3204,3204,3204,3204,3204,3204,3204,25,20,23.809524536132813,19.047618865966797,14.285715103149414,23.809524536132813,0,0,5.71153450012207,8589934592,2147483648,5916786688,407961600
208,1772004443568,3204,3204,3204,3204,3204,3204,3204,3204,31.81818199157715,27.272727966308594,23.809524536132813,14.285715103149414,4.761904716491699,4.545454502105713,0,0,5.71153450012207,8589934592,2147483648,5916639232,407961600
203,1772004443777,3204,3204,3204,3204,3204,3204,3204,3204,30.000001907348633,25,28.571430206298828,23.809524536132813,5,5,9.090909004211426,4.761904716491699,5.71153450012207,8589934592,2147483648,5916819456,407961600
209,1772004443981,3204,3204,3204,3204,3204,3204,3204,3204,35,33.333335876464844,25,30.000001907348633,28.571430206298828,31.81818199157715,30.000001907348633,33.333335876464844,5.322169303894043,8589934592,2147483648,5916131328,407961600
209,1772004444191,3204,3204,3204,3204,3204,3204,3204,3204,22.72727394104004,20,14.285715103149414,19.047618865966797,0,0,0,0,5.322169303894043,8589934592,2147483648,5915918336,407961600
206,1772004444402,3204,3204,3204,3204,3204,3204,3204,3204,28.571430206298828,19.047618865966797,19.047618865966797,19.047618865966797,0,0,0,0,5.322169303894043,8589934592,2147483648,5915951104,407961600
204,1772004444609,3204,3204,3204,3204,3204,3204,3204,3204,25,25,19.047618865966797,15.000000953674316,0,0,4.761904716491699,0,5.322169303894043,8589934592,2147483648,5917999104,407961600
200,1772004444814,3204,3204,3204,3204,3204,3204,3204,3204,25,20,15.000000953674316,19.047618865966797,0,0,0,0,5.566848278045654,8589934592,2147483648,5918490624,407961600
209,1772004445014,3204,3204,3204,3204,3204,3204,3204,3204,40,28.571430206298828,25,30.000001907348633,0,0,0,0,5.566848278045654,8589934592,2147483648,5918523392,407961600
208,1772004445225,3204,3204,3204,3204,3204,3204,3204,3204,28.571430206298828,20,19.047618865966797,14.285715103149414,9.090909004211426,4.761904716491699,0,0,5.566848278045654,8589934592,2147483648,5918539776,407961600
206,1772004445434,3204,3204,3204,3204,3204,3204,3204,3204,31.81818199157715,31.81818199157715,33.333335876464844,23.809524536132813,25,9.523809432983398,13.636363983154297,4.545454502105713,5.566848278045654,8589934592,2147483648,5916409856,407961600
199,1772004445641,3204,3204,3204,3204,3204,3204,3204,3204,25,25,15.000000953674316,19.047618865966797,4.761904716491699,9.523809432983398,0,0,5.566848278045654,8589934592,2147483648,5918490624,407961600
199,1772004445841,3204,3204,3204,3204,3204,3204,3204,3204,26.3157901763916,20,25,11.111111640930176,5,5.263157844543457,0,0,5.656799793243408,8589934592,2147483648,5918244864,407961600
209,1772004446041,3204,3204,3204,3204,3204,3204,3204,3204,30.000001907348633,25,28.571430206298828,23.809524536132813,4.761904716491699,0,0,0,5.656799793243408,8589934592,2147483648,5918326784,407961600
203,1772004446251,3204,3204,3204,3204,3204,3204,3204,3204,23.809524536132813,28.571430206298828,20,19.047618865966797,0,4.545454502105713,0,0,5.656799793243408,8589934592,2147483648,5917622272,407961600
200,1772004446456,3204,3204,3204,3204,3204,3204,3204,3204,25,20,20,19.047618865966797,4.761904716491699,0,4.761904716491699,4.761904716491699,5.656799793243408,8589934592,2147483648,5917622272,407961600
206,1772004446657,3204,3204,3204,3204,3204,3204,3204,3204,28.571430206298828,25,23.809524536132813,20,0,9.523809432983398,0,0,5.656799793243408,8589934592,2147483648,5917622272,407961600
207,1772004446864,3204,3204,3204,3204,3204,3204,3204,3204,20,19.047618865966797,20,15.000000953674316,0,0,0,0,5.419488430023193,8589934592,2147483648,5917622272,407961600
200,1772004447073,3204,3204,3204,3204,3204,3204,3204,3204,25,20,25,19.047618865966797,0,0,0,0,5.419488430023193,8589934592,2147483648,5917687808,407961600
199,1772004447275,3204,3204,3204,3204,3204,3204,3204,3204,33.333335876464844,23.809524536132813,28.571430206298828,15.789472579956055,4.761904716491699,0,0,0,5.419488430023193,8589934592,2147483648,5917818880,407961600
209,1772004447475,3204,3204,3204,3204,3204,3204,3204,3204,30.000001907348633,26.3157901763916,30.000001907348633,23.809524536132813,10.526315689086914,10,9.523809432983398,5,5.419488430023193,8589934592,2147483648,5927895040,407961600
203,1772004447685,3204,3204,3204,3204,3204,3204,3204,3204,30.000001907348633,23.809524536132813,28.571430206298828,15.000000953674316,22.72727394104004,14.285715103149414,0,0,5.419488430023193,8589934592,2147483648,5917245440,407961600
200,1772004447889,3204,3204,3204,3204,3204,3204,3204,3204,28.571430206298828,30.000001907348633,20,19.047618865966797,10,10,9.523809432983398,5,5.201297760009766,8589934592,2147483648,5917999104,407961600
208,1772004448091,3204,3204,3204,3204,3204,3204,3204,3204,26.3157901763916,20,25,20,10,5,5,4.761904716491699,5.201297760009766,8589934592,2147483648,5917982720,407961600
205,1772004448300,3204,3204,3204,3204,3204,3204,3204,3204,31.81818199157715,27.272727966308594,19.047618865966797,19.047618865966797,9.523809432983398,9.523809432983398,4.761904716491699,4.761904716491699,5.201297760009766,8589934592,2147483648,5918015488,407961600
209,1772004448506,3204,3204,3204,3204,3204,3204,3204,3204,25,25,25,23.809524536132813,4.761904716491699,4.761904716491699,0,4.761904716491699,5.201297760009766,8589934592,2147483648,5918081024,407961600
206,1772004448716,3204,3204,3204,3204,3204,3204,3204,3204,25,23.809524536132813,19.047618865966797,10,0,0,0,0,5.201297760009766,8589934592,2147483648,5918081024,407961600
209,1772004448922,3204,3204,3204,3204,3204,3204,3204,3204,28.571430206298828,30.000001907348633,20,20,10,28.571430206298828,4.761904716491699,0,5.386473655700684,8589934592,2147483648,5917114368,407961600
206,1772004449133,3204,3204,3204,3204,3204,3204,3204,3204,28.571430206298828,23.809524536132813,22.72727394104004,22.72727394104004,0,0,0,0,5.386473655700684,8589934592,2147483648,5917179904,407961600
209,1772004449340,3204,3204,3204,3204,3204,3204,3204,3204,28.571430206298828,23.809524536132813,20,15.000000953674316,4.761904716491699,0,0,4.761904716491699,5.386473655700684,8589934592,2147483648,5917179904,407961600
205,1772004449550,3204,3204,3204,3204,3204,3204,3204,3204,25,28.571430206298828,23.809524536132813,19.047618865966797,4.761904716491699,4.545454502105713,4.761904716491699,4.545454502105713,5.386473655700684,8589934592,2147483648,5917179904,407961600
207,1772004449756,3204,3204,3204,3204,3204,3204,3204,3204,33.333335876464844,35,28.571430206298828,23.809524536132813,20,15.000000953674316,0,10,5.386473655700684,8589934592,2147483648,5917179904,407961600
207,1772004449964,3204,3204,3204,3204,3204,3204,3204,3204,28.571430206298828,28.571430206298828,25,19.047618865966797,0,0,0,0,5.49788236618042,8589934592,2147483648,5917179904,407961600
208,1772004450173,3204,3204,3204,3204,3204,3204,3204,3204,25,23.809524536132813,19.047618865966797,15.000000953674316,0,0,0,0,5.49788236618042,8589934592,2147483648,5916753920,407961600
206,1772004450381,3204,3204,3204,3204,3204,3204,3204,3204,27.272727966308594,20,22.72727394104004,14.285715103149414,9.090909004211426,4.761904716491699,0,0,5.49788236618042,8589934592,2147483648,5918867456,407961600
201,1772004450588,3204,3204,3204,3204,3204,3204,3204,3204,21.052631378173828,28.571430206298828,20,23.809524536132813,0,0,0,0,5.49788236618042,8589934592,2147483648,5918949376,407961600
206,1772004450790,3204,3204,3204,3204,3204,3204,3204,3204,25,26.3157901763916,20,25,0,0,0,0,5.49788236618042,8589934592,2147483648,5919113216,407961600
207,1772004450998,3204,3204,3204,3204,3204,3204,3204,3204,31.81818199157715,19.047618865966797,10.526315689086914,15.000000953674316,9.523809432983398,14.285715103149414,5,4.761904716491699,5.539257526397705,8589934592,2147483648,5919113216,407961600
208,1772004451206,3204,3204,3204,3204,3204,3204,3204,3204,20,27.272727966308594,19.047618865966797,19.047618865966797,0,0,4.545454502105713,0,5.539257526397705,8589934592,2147483648,5918162944,407961600
207,1772004451415,3204,3204,3204,3204,3204,3204,3204,3204,42.85714340209961,47.36842346191406,45.45454788208008,38.095237731933594,0,0,0,0,5.539257526397705,8589934592,2147483648,5919047680,407961600
208,1772004451622,3204,3204,3204,3204,3204,3204,3204,3204,25,27.272727966308594,20,10,0,4.761904716491699,4.761904716491699,0,5.539257526397705,8589934592,2147483648,5919047680,407961600
209,1772004451831,3204,3204,3204,3204,3204,3204,3204,3204,31.81818199157715,20,28.571430206298828,23.809524536132813,19.047618865966797,18.18181800842285,10,4.761904716491699,5.121402263641357,8589934592,2147483648,5919047680,407961600
204,1772004452041,3204,3204,3204,3204,3204,3204,3204,3204,35,28.571430206298828,28.571430206298828,23.809524536132813,4.761904716491699,10,0,0,5.121402263641357,8589934592,2147483648,5919047680,407961600
207,1772004452247,3204,3204,3204,3204,3204,3204,3204,3204,55,55,47.619049072265625,42.85714340209961,4.761904716491699,4.761904716491699,4.761904716491699,0,5.121402263641357,8589934592,2147483648,5936152576,407961600
209,1772004452455,3204,3204,3204,3204,3204,3204,3204,3204,38.095237731933594,38.095237731933594,40,28.571430206298828,0,0,0,0,5.121402263641357,8589934592,2147483648,5936267264,407961600
207,1772004452665,3204,3204,3204,3204,3204,3204,3204,3204,28.571430206298828,28.571430206298828,19.047618865966797,15.000000953674316,4.761904716491699,0,0,0,5.121402263641357,8589934592,2147483648,5936545792,407961600
203,1772004452872,3204,3204,3204,3204,3204,3204,3204,3204,33.333335876464844,33.333335876464844,19.047618865966797,20,0,0,0,0,5.395646095275879,8589934592,2147483648,5936644096,407961600
204,1772004453076,3204,3204,3204,3204,3204,3204,3204,3204,30.000001907348633,25,21.052631378173828,19.047618865966797,0,0,0,0,5.395646095275879,8589934592,2147483648,5936709632,407961600
207,1772004453281,3204,3204,3204,3204,3204,3204,3204,3204,30.000001907348633,25,19.047618865966797,19.047618865966797,0,4.761904716491699,0,4.761904716491699,5.395646095275879,8589934592,2147483648,5936742400,407961600
207,1772004453489,3204,3204,3204,3204,3204,3204,3204,3204,25,25,28.571430206298828,20,0,0,0,0,5.395646095275879,8589934592,2147483648,5937037312,407961600
200,1772004453698,3204,3204,3204,3204,3204,3204,3204,3204,33.333335876464844,27.272727966308594,23.809524536132813,28.571430206298828,5,4.761904716491699,0,0,5.395646095275879,8589934592,2147483648,5937037312,407961600
209,1772004453899,3204,3204,3204,3204,3204,3204,3204,3204,38.095237731933594,36.842105865478516,35,35,22.72727394104004,10.526315689086914,9.523809432983398,5,5.456185340881348,8589934592,2147483648,5937037312,407961600
209,1772004454109,3204,3204,3204,3204,3204,3204,3204,3204,25,31.81818199157715,19.047618865966797,20,30.000001907348633,22.72727394104004,4.761904716491699,0,5.456185340881348,8589934592,2147483648,5937037312,407961600
205,1772004454319,3204,3204,3204,3204,3204,3204,3204,3204,22.72727394104004,25,23.809524536132813,22.72727394104004,0,4.761904716491699,4.761904716491699,0,5.456185340881348,8589934592,2147483648,5923618816,407961600
206,1772004454525,3204,3204,3204,3204,3204,3204,3204,3204,26.3157901763916,23.809524536132813,25,19.047618865966797,5,0,0,4.761904716491699,5.456185340881348,8589934592,2147483648,5923618816,407961600
209,1772004454731,3204,3204,3204,3204,3204,3204,3204,3204,30.000001907348633,28.571430206298828,25,21.052631378173828,4.761904716491699,4.761904716491699,0,0,5.456185340881348,8589934592,2147483648,5923930112,407961600
209,1772004454941,3204,3204,3204,3204,3204,3204,3204,3204,31.81818199157715,25,19.047618865966797,18.18181800842285,4.545454502105713,0,4.545454502105713,0,5.465480327606201,8589934592,2147483648,5923733504,407961600
204,1772004455151,3204,3204,3204,3204,3204,3204,3204,3204,23.809524536132813,23.809524536132813,23.809524536132813,23.809524536132813,4.761904716491699,4.761904716491699,0,4.761904716491699,5.465480327606201,8589934592,2147483648,5925814272,407961600
208,1772004455356,3204,3204,3204,3204,3204,3204,3204,3204,25,20,19.047618865966797,10,0,0,0,0,5.465480327606201,8589934592,2147483648,5924880384,407961600
209,1772004455565,3204,3204,3204,3204,3204,3204,3204,3204,23.809524536132813,23.809524536132813,20,23.809524536132813,0,0,4.545454502105713,0,5.465480327606201,8589934592,2147483648,5924913152,407961600
209,1772004455775,3204,3204,3204,3204,3204,3204,3204,3204,25,22.72727394104004,19.047618865966797,14.285715103149414,4.761904716491699,9.090909004211426,0,0,5.465480327606201,8589934592,2147483648,5924765696,407961600
204,1772004455985,3204,3204,3204,3204,3204,3204,3204,3204,27.272727966308594,20,23.809524536132813,19.047618865966797,0,5,0,4.761904716491699,5.613796234130859,8589934592,2147483648,5924454400,407961600
207,1772004456190,3204,3204,3204,3204,3204,3204,3204,3204,35,25,28.571430206298828,25,33.333335876464844,20,14.285715103149414,4.761904716491699,5.613796234130859,8589934592,2147483648,5924454400,407961600
207,1772004456398,3204,3204,3204,3204,3204,3204,3204,3204,28.571430206298828,23.809524536132813,20,19.047618865966797,4.545454502105713,4.761904716491699,0,0,5.613796234130859,8589934592,2147483648,5923209216,407961600
206,1772004456606,3204,3204,3204,3204,3204,3204,3204,3204,25,19.047618865966797,19.047618865966797,14.285715103149414,0,0,0,0,5.613796234130859,8589934592,2147483648,5923258368,407961600
205,1772004456813,3204,3204,3204,3204,3204,3204,3204,3204,28.571430206298828,33.333335876464844,20,25,0,4.761904716491699,0,4.761904716491699,5.07450532913208,8589934592,2147483648,5923373056,407961600
209,1772004457019,3204,3204,3204,3204,3204,3204,3204,3204,25,20,23.809524536132813,19.047618865966797,0,0,0,0,5.07450532913208,8589934592,2147483648,5923373056,407961600
209,1772004457229,3204,3204,3204,3204,3204,3204,3204,3204,23.809524536132813,23.809524536132813,14.285715103149414,14.285715103149414,0,0,0,0,5.07450532913208,8589934592,2147483648,5923373056,407961600
201,1772004457439,3204,3204,3204,3204,3204,3204,3204,3204,28.571430206298828,23.809524536132813,25,19.047618865966797,4.761904716491699,0,0,0,5.07450532913208,8589934592,2147483648,5923897344,407961600
206,1772004457641,3204,3204,3204,3204,3204,3204,3204,3204,28.571430206298828,25,20,15.000000953674316,0,0,0,0,5.07450532913208,8589934592,2147483648,5922963456,407961600
209,1772004457848,3204,3204,3204,3204,3204,3204,3204,3204,31.57894515991211,26.3157901763916,23.809524536132813,19.047618865966797,0,9.090909004211426,0,0,5.419332504272461,8589934592,2147483648,5923160064,407961600
199,1772004458058,3204,3204,3204,3204,3204,3204,3204,3204,28.571430206298828,27.272727966308594,23.809524536132813,23.809524536132813,4.761904716491699,0,4.761904716491699,0,5.419332504272461,8589934592,2147483648,5923356672,407961600
206,1772004458258,3204,3204,3204,3204,3204,3204,3204,3204,35,30.000001907348633,30.000001907348633,21.052631378173828,19.047618865966797,10,5,5,5.419332504272461,8589934592,2147483648,5933793280,407961600
208,1772004458465,3204,3204,3204,3204,3204,3204,3204,3204,23.809524536132813,23.809524536132813,23.809524536132813,18.18181800842285,14.285715103149414,9.523809432983398,4.545454502105713,0,5.419332504272461,8589934592,2147483648,5923340288,407961600
206,1772004458675,3204,3204,3204,3204,3204,3204,3204,3204,23.809524536132813,20,25,10.526315689086914,4.761904716491699,4.761904716491699,0,0,5.419332504272461,8589934592,2147483648,5923553280,407961600
209,1772004458881,3204,3204,3204,3204,3204,3204,3204,3204,40,40,35,31.81818199157715,0,0,0,0,5.050778865814209,8589934592,2147483648,5923340288,407961600
205,1772004459091,3204,3204,3204,3204,3204,3204,3204,3204,31.81818199157715,27.272727966308594,22.72727394104004,20,9.523809432983398,25,4.761904716491699,4.761904716491699,5.050778865814209,8589934592,2147483648,5923143680,407961600
206,1772004459298,3204,3204,3204,3204,3204,3204,3204,3204,25,30.000001907348633,23.809524536132813,15.000000953674316,0,0,0,0,5.050778865814209,8589934592,2147483648,5923078144,407961600
208,1772004459505,3204,3204,3204,3204,3204,3204,3204,3204,25,19.047618865966797,25,19.047618865966797,4.761904716491699,0,0,0,5.050778865814209,8589934592,2147483648,5924732928,407961600
201,1772004459713,3204,3204,3204,3204,3204,3204,3204,3204,25,20,23.809524536132813,23.809524536132813,0,4.761904716491699,0,0,5.050778865814209,8589934592,2147483648,5924159488,407961600
205,1772004459915,3204,3204,3204,3204,3204,3204,3204,3204,31.81818199157715,23.809524536132813,21.052631378173828,19.047618865966797,0,0,4.761904716491699,4.545454502105713,5.622806072235107,8589934592,2147483648,5924028416,407961600
201,1772004460120,3204,3204,3204,3204,3204,3204,3204,3204,35,21.052631378173828,27.272727966308594,21.052631378173828,5,4.545454502105713,0,0,5.622806072235107,8589934592,2147483648,5926584320,407961600
202,1772004460322,3204,3204,3204,3204,3204,3204,3204,3204,30.000001907348633,33.333335876464844,26.3157901763916,25,10.526315689086914,5.263157844543457,5,5,5.622806072235107,8589934592,2147483648,5936332800,407961600
205,1772004460525,3204,3204,3204,3204,3204,3204,3204,3204,26.3157901763916,20,19.047618865966797,23.809524536132813,22.72727394104004,28.571430206298828,0,0,5.622806072235107,8589934592,2147483648,5926649856,407961600
202,1772004460731,3204,3204,3204,3204,3204,3204,3204,3204,31.81818199157715,28.571430206298828,20,20,0,0,0,0,5.622806072235107,8589934592,2147483648,5926846464,407961600
208,1772004460934,3204,3204,3204,3204,3204,3204,3204,3204,31.57894515991211,30.000001907348633,30.000001907348633,30.000001907348633,23.809524536132813,21.052631378173828,19.047618865966797,15.000000953674316,5.268575668334961,8589934592,2147483648,5926453248,407961600
209,1772004461142,3204,3204,3204,3204,3204,3204,3204,3204,19.047618865966797,19.047618865966797,18.18181800842285,18.18181800842285,0,4.761904716491699,0,4.545454502105713,5.268575668334961,8589934592,2147483648,5926617088,407961600
209,1772004461352,3204,3204,3204,3204,3204,3204,3204,3204,20,20,20,15.000000953674316,4.761904716491699,0,4.545454502105713,0,5.268575668334961,8589934592,2147483648,5926699008,407961600
202,1772004461562,3204,3204,3204,3204,3204,3204,3204,3204,22.72727394104004,23.809524536132813,19.047618865966797,23.809524536132813,0,0,0,0,5.268575668334961,8589934592,2147483648,5927108608,407961600
208,1772004461766,3204,3204,3204,3204,3204,3204,3204,3204,21.052631378173828,25,15.789472579956055,25,0,5,0,0,5.268575668334961,8589934592,2147483648,5927157760,407961600
206,1772004461975,3204,3204,3204,3204,3204,3204,3204,3204,28.571430206298828,23.809524536132813,27.272727966308594,19.047618865966797,4.761904716491699,0,0,0,5.525145053863525,8589934592,2147483648,5927124992,407961600
208,1772004462181,3204,3204,3204,3204,3204,3204,3204,3204,28.571430206298828,25,23.809524536132813,28.571430206298828,0,4.761904716491699,0,0,5.525145053863525,8589934592,2147483648,5927895040,407961600
207,1772004462390,3204,3204,3204,3204,3204,3204,3204,3204,25,23.809524536132813,15.000000953674316,20,0,4.545454502105713,0,4.545454502105713,5.525145053863525,8589934592,2147483648,5927141376,407961600
207,1772004462598,3204,3204,3204,3204,3204,3204,3204,3204,36.3636360168457,30.000001907348633,33.333335876464844,27.272727966308594,33.333335876464844,10,9.523809432983398,0,5.525145053863525,8589934592,2147483648,5927174144,407961600
208,1772004462806,3204,3204,3204,3204,3204,3204,3204,3204,25,27.272727966308594,20,25,4.761904716491699,9.523809432983398,4.545454502105713,9.090909004211426,5.433845520019531,8589934592,2147483648,5927174144,407961600
209,1772004463014,3204,3204,3204,3204,3204,3204,3204,3204,23.809524536132813,23.809524536132813,19.047618865966797,23.809524536132813,0,0,0,0,5.433845520019531,8589934592,2147483648,5927124992,407961600
208,1772004463225,3204,3204,3204,3204,3204,3204,3204,3204,28.571430206298828,25,23.809524536132813,19.047618865966797,0,4.761904716491699,0,0,5.433845520019531,8589934592,2147483648,5927124992,407961600
207,1772004463434,3204,3204,3204,3204,3204,3204,3204,3204,25,27.272727966308594,19.047618865966797,19.047618865966797,4.545454502105713,0,4.545454502105713,0,5.433845520019531,8589934592,2147483648,5927157760,407961600
200,1772004463641,3204,3204,3204,3204,3204,3204,3204,3204,28.571430206298828,25,25,20,4.761904716491699,4.761904716491699,0,4.761904716491699,5.433845520019531,8589934592,2147483648,5927157760,407961600
209,1772004463842,3204,3204,3204,3204,3204,3204,3204,3204,25,26.3157901763916,20,23.809524536132813,5,0,0,0,5.353261947631836,8589934592,2147483648,5926666240,407961600
206,1772004464052,3204,3204,3204,3204,3204,3204,3204,3204,23.809524536132813,27.272727966308594,23.809524536132813,20,0,23.809524536132813,0,0,5.353261947631836,8589934592,2147483648,5926666240,407961600
206,1772004464259,3204,3204,3204,3204,3204,3204,3204,3204,30.000001907348633,25,19.047618865966797,19.047618865966797,4.761904716491699,4.761904716491699,4.761904716491699,5,5.353261947631836,8589934592,2147483648,5926666240,407961600
209,1772004464466,3204,3204,3204,3204,3204,3204,3204,3204,28.571430206298828,23.809524536132813,23.809524536132813,15.000000953674316,9.090909004211426,0,0,0,5.353261947631836,8589934592,2147483648,5926666240,407961600
204,1772004464676,3204,3204,3204,3204,3204,3204,3204,3204,33.333335876464844,28.571430206298828,33.333335876464844,25,15.000000953674316,13.636363983154297,14.285715103149414,0,5.353261947631836,8589934592,2147483648,5938085888,407961600
209,1772004464881,3204,3204,3204,3204,3204,3204,3204,3204,30.000001907348633,25,20,19.047618865966797,15.000000953674316,9.523809432983398,0,4.761904716491699,5.1208815574646,8589934592,2147483648,5928517632,407961600
206,1772004465091,3204,3204,3204,3204,3204,3204,3204,3204,23.809524536132813,23.809524536132813,23.809524536132813,22.72727394104004,0,0,0,0,5.1208815574646,8589934592,2147483648,5927845888,407961600
208,1772004465298,3204,3204,3204,3204,3204,3204,3204,3204,20,20,19.047618865966797,15.000000953674316,0,0,0,0,5.1208815574646,8589934592,2147483648,5927911424,407961600
207,1772004465507,3204,3204,3204,3204,3204,3204,3204,3204,23.809524536132813,28.571430206298828,20,15.000000953674316,9.090909004211426,4.761904716491699,4.761904716491699,0,5.1208815574646,8589934592,2147483648,5927747584,407961600
207,1772004465715,3204,3204,3204,3204,3204,3204,3204,3204,23.809524536132813,23.809524536132813,23.809524536132813,19.047618865966797,0,0,0,0,5.1208815574646,8589934592,2147483648,5927960576,407961600
208,1772004465923,3204,3204,3204,3204,3204,3204,3204,3204,20,20,20,19.047618865966797,4.761904716491699,4.761904716491699,5,0,5.417842864990234,8589934592,2147483648,5927485440,407961600
207,1772004466131,3204,3204,3204,3204,3204,3204,3204,3204,23.809524536132813,23.809524536132813,19.047618865966797,14.285715103149414,0,0,0,0,5.417842864990234,8589934592,2147483648,5927419904,407961600
201,1772004466339,3204,3204,3204,3204,3204,3204,3204,3204,28.571430206298828,28.571430206298828,15.000000953674316,19.047618865966797,0,0,0,0,5.417842864990234,8589934592,2147483648,5927419904,407961600
202,1772004466541,3204,3204,3204,3204,3204,3204,3204,3204,30.000001907348633,23.809524536132813,25,25,4.761904716491699,5,0,4.761904716491699,5.417842864990234,8589934592,2147483648,5927370752,407961600
209,1772004466744,3204,3204,3204,3204,3204,3204,3204,3204,20,26.3157901763916,27.272727966308594,15.000000953674316,0,0,0,0,5.417842864990234,8589934592,2147483648,5927534592,407961600
203,1772004466954,3204,3204,3204,3204,3204,3204,3204,3204,33.333335876464844,33.333335876464844,25,23.809524536132813,33.333335876464844,20,4.761904716491699,0,5.110373497009277,8589934592,2147483648,5928452096,407961600
205,1772004467158,3204,3204,3204,3204,3204,3204,3204,3204,28.571430206298828,19.047618865966797,23.809524536132813,19.047618865966797,0,0,0,0,5.110373497009277,8589934592,2147483648,5927845888,407961600
208,1772004467364,3204,3204,3204,3204,3204,3204,3204,3204,21.052631378173828,20,25,10,0,0,0,0,5.110373497009277,8589934592,2147483648,5922177024,407961600
209,1772004467573,3204,3204,3204,3204,3204,3204,3204,3204,22.72727394104004,23.809524536132813,20,19.047618865966797,0,4.761904716491699,0,0,5.110373497009277,8589934592,2147483648,5922177024,407961600
206,1772004467783,3204,3204,3204,3204,3204,3204,3204,3204,25,20,27.272727966308594,19.047618865966797,0,0,0,0,5.110373497009277,8589934592,2147483648,5922226176,407961600
206,1772004467991,3204,3204,3204,3204,3204,3204,3204,3204,28.571430206298828,28.571430206298828,25,20,4.761904716491699,0,4.761904716491699,0,5.1041717529296875,8589934592,2147483648,5922160640,407961600
204,1772004468197,3204,3204,3204,3204,3204,3204,3204,3204,19.047618865966797,19.047618865966797,19.047618865966797,19.047618865966797,0,0,0,0,5.1041717529296875,8589934592,2147483648,5922258944,407961600
203,1772004468402,3204,3204,3204,3204,3204,3204,3204,3204,55,50,45,45,0,0,0,0,5.1041717529296875,8589934592,2147483648,5925306368,407961600
207,1772004468606,3204,3204,3204,3204,3204,3204,3204,3204,55,50,47.619049072265625,40,0,4.761904716491699,0,0,5.1041717529296875,8589934592,2147483648,5930041344,407961600
207,1772004468815,3204,3204,3204,3204,3204,3204,3204,3204,45,47.619049072265625,42.85714340209961,38.095237731933594,19.047618865966797,9.523809432983398,0,0,5.273545742034912,8589934592,2147483648,5933006848,407961600
209,1772004469022,3204,3204,3204,3204,3204,3204,3204,3204,57.142860412597656,42.85714340209961,47.36842346191406,40.90909194946289,23.809524536132813,31.57894515991211,14.285715103149414,4.761904716491699,5.273545742034912,8589934592,2147483648,5906169856,407961600
207,1772004469233,3204,3204,3204,3204,3204,3204,3204,3204,66.66667175292969,70,59.09090805053711,70,9.523809432983398,13.043478012084961,0,4.545454502105713,5.273545742034912,8589934592,2147483648,5906169856,407961600
208,1772004469441,3204,3204,3204,3204,3204,3204,3204,3204,52.38095474243164,50,52.38095474243164,50,0,0,0,0,5.273545742034912,8589934592,2147483648,5906169856,407961600
209,1772004469651,3204,3204,3204,3204,3204,3204,3204,3204,50,50,45,38.095237731933594,4.761904716491699,5,4.761904716491699,4.761904716491699,5.273545742034912,8589934592,2147483648,5906169856,407961600
208,1772004469862,3204,3204,3204,3204,3204,3204,3204,3204,45.45454788208008,47.619049072265625,40.90909194946289,45.45454788208008,4.761904716491699,0,4.545454502105713,0,5.697906494140625,8589934592,2147483648,5907152896,407961600
208,1772004470071,3204,3204,3204,3204,3204,3204,3204,3204,55,52.38095474243164,66.66667175292969,60.000003814697266,0,4.545454502105713,0,0,5.697906494140625,8589934592,2147483648,5909528576,407961600
204,1772004470281,3204,3204,3204,3204,3204,3204,3204,3204,45.45454788208008,52.38095474243164,50,42.85714340209961,0,0,0,4.545454502105713,5.697906494140625,8589934592,2147483648,5909610496,407961600
208,1772004470488,3204,3204,3204,3204,3204,3204,3204,3204,45,35,42.85714340209961,38.095237731933594,4.761904716491699,4.761904716491699,4.761904716491699,0,5.697906494140625,8589934592,2147483648,5910052864,407961600
203,1772004470697,3204,3204,3204,3204,3204,3204,3204,3204,52.38095474243164,52.38095474243164,55,42.85714340209961,4.761904716491699,0,0,9.090909004211426,5.697906494140625,8589934592,2147483648,5909741568,407961600
206,1772004470901,3204,3204,3204,3204,3204,3204,3204,3204,55,50,38.095237731933594,42.85714340209961,0,0,0,0,6.347097396850586,8589934592,2147483648,5910134784,407961600
209,1772004471109,3204,3204,3204,3204,3204,3204,3204,3204,61.904762268066406,57.142860412597656,55,60.000003814697266,10,15.000000953674316,13.636363983154297,5.263157844543457,6.347097396850586,8589934592,2147483648,5903974400,407961600
199,1772004471319,3204,3204,3204,3204,3204,3204,3204,3204,47.619049072265625,47.619049072265625,42.85714340209961,42.85714340209961,22.72727394104004,13.636363983154297,0,0,6.347097396850586,8589934592,2147483648,5896716288,407961600
202,1772004471521,3204,3204,3204,3204,3204,3204,3204,3204,50,42.85714340209961,42.85714340209961,40,5,0,4.761904716491699,4.761904716491699,6.347097396850586,8589934592,2147483648,5897060352,407961600
209,1772004471724,3204,3204,3204,3204,3204,3204,3204,3204,57.142860412597656,45,50,45,0,0,0,0,6.347097396850586,8589934592,2147483648,5898649600,407961600
206,1772004471934,3204,3204,3204,3204,3204,3204,3204,3204,50,52.38095474243164,42.85714340209961,42.85714340209961,0,4.545454502105713,0,0,5.727382183074951,8589934592,2147483648,5902532608,407961600
209,1772004472141,3204,3204,3204,3204,3204,3204,3204,3204,45,38.095237731933594,42.105262756347656,30.000001907348633,0,0,0,0,5.727382183074951,8589934592,2147483648,5902581760,407961600
206,1772004472351,3204,3204,3204,3204,3204,3204,3204,3204,31.81818199157715,25,30.434782028198242,22.72727394104004,4.761904716491699,0,0,0,5.727382183074951,8589934592,2147483648,5902630912,407961600
208,1772004472558,3204,3204,3204,3204,3204,3204,3204,3204,26.3157901763916,25,20,15.000000953674316,0,0,0,0,5.727382183074951,8589934592,2147483648,5902778368,407961600
205,1772004472767,3204,3204,3204,3204,3204,3204,3204,3204,27.272727966308594,33.333335876464844,23.809524536132813,19.047618865966797,0,4.545454502105713,0,4.545454502105713,5.727382183074951,8589934592,2147483648,5902794752,407961600
207,1772004472973,3204,3204,3204,3204,3204,3204,3204,3204,30.000001907348633,33.333335876464844,25,25,4.761904716491699,9.090909004211426,4.761904716491699,0,6.0223212242126465,8589934592,2147483648,5902876672,407961600
207,1772004473181,3204,3204,3204,3204,3204,3204,3204,3204,33.333335876464844,30.000001907348633,25,33.333335876464844,45.45454788208008,45,0,0,6.0223212242126465,8589934592,2147483648,5903089664,407961600
208,1772004473389,3204,3204,3204,3204,3204,3204,3204,3204,23.809524536132813,33.333335876464844,27.272727966308594,20,50,40,23.809524536132813,5,6.0223212242126465,8589934592,2147483648,5903679488,407961600
209,1772004473598,3204,3204,3204,3204,3204,3204,3204,3204,20,19.047618865966797,15.000000953674316,23.809524536132813,80.95238494873047,0,0,0,6.0223212242126465,8589934592,2147483648,5903695872,407961600
209,1772004473808,3204,3204,3204,3204,3204,3204,3204,3204,14.285715103149414,20,14.285715103149414,14.285715103149414,55,4.545454502105713,0,0,5.291375637054443,8589934592,2147483648,5903695872,407961600
209,1772004474018,3204,3204,3204,3204,3204,3204,3204,3204,23.809524536132813,22.72727394104004,19.047618865966797,14.285715103149414,36.3636360168457,75,0,0,5.291375637054443,8589934592,2147483648,5903761408,407961600
209,1772004474228,3204,3204,3204,3204,3204,3204,3204,3204,28.571430206298828,25,19.047618865966797,19.047618865966797,85,0,0,0,5.291375637054443,8589934592,2147483648,5904007168,407961600
201,1772004474438,3204,3204,3204,3204,3204,3204,3204,3204,45,42.85714340209961,40,33.333335876464844,52.38095474243164,4.545454502105713,0,0,5.291375637054443,8589934592,2147483648,5907234816,407961600
201,1772004474640,3204,3204,3204,3204,3204,3204,3204,3204,42.85714340209961,52.6315803527832,35,40,100,0,0,0,5.291375637054443,8589934592,2147483648,5907218432,407961600
206,1772004474841,3204,3204,3204,3204,3204,3204,3204,3204,35,33.333335876464844,38.095237731933594,30.000001907348633,45,50,0,0,8.547569274902344,8589934592,2147483648,5906628608,407961600
208,1772004475048,3204,3204,3204,3204,3204,3204,3204,3204,20,19.047618865966797,20,19.047618865966797,10,85,4.545454502105713,0,8.547569274902344,8589934592,2147483648,5907431424,407961600
201,1772004475256,3204,3204,3204,3204,3204,3204,3204,3204,23.809524536132813,20,23.809524536132813,23.809524536132813,81.81818389892578,38.095237731933594,0,4.545454502105713,8.547569274902344,8589934592,2147483648,5907496960,407961600
200,1772004475458,3204,3204,3204,3204,3204,3204,3204,3204,28.571430206298828,33.333335876464844,33.333335876464844,20,70,30.000001907348633,15.000000953674316,5.263157844543457,8.547569274902344,8589934592,2147483648,5905776640,407961600
204,1772004475658,3204,3204,3204,3204,3204,3204,3204,3204,15.789472579956055,20,10.526315689086914,10.526315689086914,0,0,100,0,8.547569274902344,8589934592,2147483648,5905678336,407961600
208,1772004475863,3204,3204,3204,3204,3204,3204,3204,3204,20,21.052631378173828,20,23.809524536132813,38.095237731933594,42.85714340209961,38.095237731933594,0,10.470502853393555,8589934592,2147483648,5905186816,407961600
209,1772004476072,3204,3204,3204,3204,3204,3204,3204,3204,19.047618865966797,14.285715103149414,19.047618865966797,19.047618865966797,23.809524536132813,38.095237731933594,0,19.047618865966797,10.470502853393555,8589934592,2147483648,5905776640,407961600
202,1772004476282,3204,3204,3204,3204,3204,3204,3204,3204,28.571430206298828,23.809524536132813,22.72727394104004,15.000000953674316,14.285715103149414,85.71428680419922,4.761904716491699,0,10.470502853393555,8589934592,2147483648,5907415040,407961600
205,1772004476485,3204,3204,3204,3204,3204,3204,3204,3204,25,23.809524536132813,15.000000953674316,14.285715103149414,95.23809814453125,0,0,0,10.470502853393555,8589934592,2147483648,5907415040,407961600
200,1772004476691,3204,3204,3204,3204,3204,3204,3204,3204,20,20,15.000000953674316,15.000000953674316,84.21052551269531,0,0,0,10.470502853393555,8589934592,2147483648,5907447808,407961600
207,1772004476892,3204,3204,3204,3204,3204,3204,3204,3204,28.571430206298828,35,20,19.047618865966797,71.42857360839844,30.000001907348633,0,10,11.46437931060791,8589934592,2147483648,5908283392,407961600
205,1772004477100,3204,3204,3204,3204,3204,3204,3204,3204,25,23.809524536132813,15.789472579956055,20,65,0,0,0,11.46437931060791,8589934592,2147483648,5908496384,407961600
200,1772004477306,3204,3204,3204,3204,3204,3204,3204,3204,20,20,22.72727394104004,15.000000953674316,4.545454502105713,84.21052551269531,0,0,11.46437931060791,8589934592,2147483648,5908496384,407961600
208,1772004477507,3204,3204,3204,3204,3204,3204,3204,3204,30.000001907348633,31.57894515991211,20,25,5,85.71428680419922,19.047618865966797,4.761904716491699,11.46437931060791,8589934592,2147483648,5905285120,407961600
207,1772004477716,3204,3204,3204,3204,3204,3204,3204,3204,28.571430206298828,28.571430206298828,28.571430206298828,19.047618865966797,55,15.000000953674316,0,4.545454502105713,11.46437931060791,8589934592,2147483648,5895602176,407961600
208,1772004477923,3204,3204,3204,3204,3204,3204,3204,3204,23.809524536132813,14.285715103149414,15.000000953674316,19.047618865966797,95,0,0,0,10.24293041229248,8589934592,2147483648,5895602176,407961600
206,1772004478132,3204,3204,3204,3204,3204,3204,3204,3204,25,23.809524536132813,19.047618865966797,22.72727394104004,47.619049072265625,4.761904716491699,4.761904716491699,47.619049072265625,10.24293041229248,8589934592,2147483648,5895536640,407961600
200,1772004478339,3204,3204,3204,3204,3204,3204,3204,3204,23.809524536132813,23.809524536132813,15.000000953674316,20,50,0,0,0,10.24293041229248,8589934592,2147483648,5895536640,407961600
209,1772004478540,3204,3204,3204,3204,3204,3204,3204,3204,25,25,25,15.000000953674316,85,0,0,0,10.24293041229248,8589934592,2147483648,5895536640,407961600
207,1772004478750,3204,3204,3204,3204,3204,3204,3204,3204,20,23.809524536132813,19.047618865966797,15.000000953674316,23.809524536132813,25,14.285715103149414,0,10.24293041229248,8589934592,2147483648,5895012352,407961600
209,1772004478957,3204,3204,3204,3204,3204,3204,3204,3204,23.809524536132813,25,19.047618865966797,18.18181800842285,45,19.047618865966797,4.761904716491699,0,9.818166732788086,8589934592,2147483648,5895012352,407961600
209,1772004479168,3204,3204,3204,3204,3204,3204,3204,3204,28.571430206298828,23.809524536132813,22.72727394104004,15.000000953674316,52.38095474243164,4.545454502105713,0,0,9.818166732788086,8589934592,2147483648,5892489216,407961600
205,1772004479378,3204,3204,3204,3204,3204,3204,3204,3204,28.571430206298828,28.571430206298828,20,19.047618865966797,20,0,0,0,9.818166732788086,8589934592,2147483648,5895356416,407961600
208,1772004479583,3204,3204,3204,3204,3204,3204,3204,3204,30.000001907348633,28.571430206298828,25,23.809524536132813,57.142860412597656,4.761904716491699,4.761904716491699,0,9.818166732788086,8589934592,2147483648,5902581760,407961600
210,1772004479792,3204,3204,3204,3204,3204,3204,3204,3204,38.095237731933594,40,33.333335876464844,28.571430206298828,42.85714340209961,14.285715103149414,0,0,9.818166732788086,8589934592,2147483648,5869912064,407961600
201,1772004480002,3204,3204,3204,3204,3204,3204,3204,3204,30.000001907348633,30.000001907348633,23.809524536132813,15.789472579956055,65,4.761904716491699,4.761904716491699,4.545454502105713,9.323385238647461,8589934592,2147483648,5869912064,407961600
201,1772004480206,3204,3204,3204,3204,3204,3204,3204,3204,38.095237731933594,35,31.57894515991211,33.333335876464844,66.66667175292969,0,0,0,9.323385238647461,8589934592,2147483648,5880414208,407961600
204,1772004480408,3204,3204,3204,3204,3204,3204,3204,3204,31.57894515991211,35,33.333335876464844,35,10,0,0,0,9.323385238647461,8589934592,2147483648,5869699072,407961600
201,1772004480613,3204,3204,3204,3204,3204,3204,3204,3204,38.095237731933594,30.000001907348633,30.000001907348633,23.809524536132813,95,9.090909004211426,0,0,9.323385238647461,8589934592,2147483648,5878792192,407961600
201,1772004480816,3204,3204,3204,3204,3204,3204,3204,3204,36.842105865478516,33.333335876464844,30.000001907348633,30.000001907348633,68.42105102539063,0,4.545454502105713,0,8.773658752441406,8589934592,2147483648,5871894528,407961600
206,1772004481017,3204,3204,3204,3204,3204,3204,3204,3204,42.85714340209961,36.842105865478516,40,26.3157901763916,14.285715103149414,10.526315689086914,5,10,8.773658752441406,8589934592,2147483648,5888376832,407961600
207,1772004481224,3204,3204,3204,3204,3204,3204,3204,3204,38.095237731933594,33.333335876464844,28.571430206298828,22.72727394104004,23.809524536132813,0,4.761904716491699,9.523809432983398,8.773658752441406,8589934592,2147483648,5921062912,407961600
204,1772004481433,3204,3204,3204,3204,3204,3204,3204,3204,40,38.095237731933594,35,25,45,0,0,4.761904716491699,8.773658752441406,8589934592,2147483648,5921275904,407961600
201,1772004481638,3204,3204,3204,3204,3204,3204,3204,3204,25,25,23.809524536132813,20,80.95238494873047,0,0,0,8.773658752441406,8589934592,2147483648,5927714816,407961600
202,1772004481841,3204,3204,3204,3204,3204,3204,3204,3204,36.842105865478516,33.333335876464844,35,30.000001907348633,75,13.636363983154297,4.761904716491699,5.263157844543457,9.655623435974121,8589934592,2147483648,5912297472,407961600
205,1772004482044,3204,3204,3204,3204,3204,3204,3204,3204,38.095237731933594,31.57894515991211,25,20,55,5.263157844543457,0,4.761904716491699,9.655623435974121,8589934592,2147483648,5912297472,407961600
203,1772004482251,3204,3204,3204,3204,3204,3204,3204,3204,30.000001907348633,25,28.571430206298828,31.81818199157715,10,0,0,0,9.655623435974121,8589934592,2147483648,5900369920,407961600
202,1772004482455,3204,3204,3204,3204,3204,3204,3204,3204,28.571430206298828,28.571430206298828,30.000001907348633,21.052631378173828,4.761904716491699,5,0,0,9.655623435974121,8589934592,2147483648,5900435456,407961600
204,1772004482658,3204,3204,3204,3204,3204,3204,3204,3204,35,26.3157901763916,25,28.571430206298828,45,5,0,0,9.655623435974121,8589934592,2147483648,5901123584,407961600
201,1772004482862,3204,3204,3204,3204,3204,3204,3204,3204,30.000001907348633,33.333335876464844,38.095237731933594,26.3157901763916,5,4.761904716491699,4.761904716491699,0,8.94225788116455,8589934592,2147483648,5902172160,407961600
199,1772004483065,3204,3204,3204,3204,3204,3204,3204,3204,25,23.809524536132813,20,19.047618865966797,0,0,0,0,8.94225788116455,8589934592,2147483648,5899550720,407961600
206,1772004483265,3204,3204,3204,3204,3204,3204,3204,3204,25,20,25,23.809524536132813,0,0,0,0,8.94225788116455,8589934592,2147483648,5899206656,407961600
202,1772004483473,3204,3204,3204,3204,3204,3204,3204,3204,28.571430206298828,25,25,20,9.090909004211426,4.761904716491699,0,4.545454502105713,8.94225788116455,8589934592,2147483648,5900107776,407961600
207,1772004483676,3204,3204,3204,3204,3204,3204,3204,3204,25,25,20,15.789472579956055,0,0,4.545454502105713,0,8.94225788116455,8589934592,2147483648,5899796480,407961600
209,1772004483884,3204,3204,3204,3204,3204,3204,3204,3204,28.571430206298828,30.000001907348633,28.571430206298828,31.81818199157715,4.761904716491699,13.636363983154297,9.523809432983398,4.545454502105713,7.242373943328857,8589934592,2147483648,5909561344,407961600
203,1772004484094,3204,3204,3204,3204,3204,3204,3204,3204,25,31.81818199157715,22.72727394104004,20,35,15.000000953674316,5,4.761904716491699,7.242373943328857,8589934592,2147483648,5909561344,407961600
206,1772004484298,3204,3204,3204,3204,3204,3204,3204,3204,28.571430206298828,19.047618865966797,20,19.047618865966797,0,0,0,0,7.242373943328857,8589934592,2147483648,5901271040,407961600
207,1772004484506,3204,3204,3204,3204,3204,3204,3204,3204,25,36.842105865478516,25,23.809524536132813,0,4.761904716491699,4.761904716491699,0,7.242373943328857,8589934592,2147483648,5901287424,407961600
209,1772004484714,3204,3204,3204,3204,3204,3204,3204,3204,25,23.809524536132813,15.000000953674316,15.000000953674316,4.761904716491699,0,0,4.761904716491699,7.242373943328857,8589934592,2147483648,5901287424,407961600
201,1772004484924,3204,3204,3204,3204,3204,3204,3204,3204,27.272727966308594,28.571430206298828,28.571430206298828,23.809524536132813,4.545454502105713,0,0,0,5.167247772216797,8589934592,2147483648,5900353536,407961600
200,1772004485125,3204,3204,3204,3204,3204,3204,3204,3204,31.57894515991211,35,28.571430206298828,25,0,0,5,0,5.167247772216797,8589934592,2147483648,5911937024,407961600
209,1772004485327,3204,3204,3204,3204,3204,3204,3204,3204,25,25,21.052631378173828,20,5,9.523809432983398,5,5,5.167247772216797,8589934592,2147483648,5912084480,407961600
209,1772004485537,3204,3204,3204,3204,3204,3204,3204,3204,27.272727966308594,27.272727966308594,23.809524536132813,22.72727394104004,0,0,0,0,5.167247772216797,8589934592,2147483648,5912182784,407961600
209,1772004485747,3204,3204,3204,3204,3204,3204,3204,3204,23.809524536132813,20,14.285715103149414,15.000000953674316,4.545454502105713,0,0,0,5.167247772216797,8589934592,2147483648,5912084480,407961600
207,1772004485957,3204,3204,3204,3204,3204,3204,3204,3204,28.571430206298828,19.047618865966797,19.047618865966797,22.72727394104004,0,4.761904716491699,0,0,5.5670318603515625,8589934592,2147483648,5911887872,407961600
209,1772004486165,3204,3204,3204,3204,3204,3204,3204,3204,26.3157901763916,28.571430206298828,23.809524536132813,25,30.000001907348633,19.047618865966797,18.18181800842285,9.523809432983398,5.5670318603515625,8589934592,2147483648,5912395776,407961600
209,1772004486375,3204,3204,3204,3204,3204,3204,3204,3204,27.272727966308594,20,20,19.047618865966797,4.761904716491699,0,0,0,5.5670318603515625,8589934592,2147483648,5912231936,407961600
209,1772004486585,3204,3204,3204,3204,3204,3204,3204,3204,23.809524536132813,23.809524536132813,23.809524536132813,20,0,0,0,0,5.5670318603515625,8589934592,2147483648,5911183360,407961600
209,1772004486796,3204,3204,3204,3204,3204,3204,3204,3204,28.571430206298828,27.272727966308594,23.809524536132813,19.047618865966797,9.090909004211426,4.761904716491699,4.545454502105713,4.545454502105713,5.5670318603515625,8589934592,2147483648,5911642112,407961600
208,1772004487006,3204,3204,3204,3204,3204,3204,3204,3204,33.333335876464844,20,23.809524536132813,18.18181800842285,0,4.545454502105713,0,0,5.270220756530762,8589934592,2147483648,5911134208,407961600
199,1772004487215,3204,3204,3204,3204,3204,3204,3204,3204,23.809524536132813,23.809524536132813,23.809524536132813,23.809524536132813,9.523809432983398,5,5,5,5.270220756530762,8589934592,2147483648,5911166976,407961600
207,1772004487415,3204,3204,3204,3204,3204,3204,3204,3204,21.052631378173828,30.000001907348633,23.809524536132813,10.526315689086914,0,4.761904716491699,0,0,5.270220756530762,8589934592,2147483648,5911216128,407961600
208,1772004487622,3204,3204,3204,3204,3204,3204,3204,3204,20,23.809524536132813,25,19.047618865966797,5,9.523809432983398,4.761904716491699,4.761904716491699,5.270220756530762,8589934592,2147483648,5911134208,407961600
209,1772004487832,3204,3204,3204,3204,3204,3204,3204,3204,19.047618865966797,19.047618865966797,23.809524536132813,14.285715103149414,0,0,0,0,5.520029067993164,8589934592,2147483648,5911085056,407961600
203,1772004488041,3204,3204,3204,3204,3204,3204,3204,3204,33.333335876464844,25,28.571430206298828,20,0,0,0,0,5.520029067993164,8589934592,2147483648,5910544384,407961600
204,1772004488246,3204,3204,3204,3204,3204,3204,3204,3204,35,30.000001907348633,30.000001907348633,28.571430206298828,23.809524536132813,15.000000953674316,4.761904716491699,9.523809432983398,5.520029067993164,8589934592,2147483648,5921144832,407961600
208,1772004488451,3204,3204,3204,3204,3204,3204,3204,3204,28.571430206298828,28.571430206298828,20,15.000000953674316,14.285715103149414,10,0,4.761904716491699,5.520029067993164,8589934592,2147483648,5910183936,407961600
209,1772004488660,3204,3204,3204,3204,3204,3204,3204,3204,20,33.333335876464844,19.047618865966797,19.047618865966797,0,0,0,0,5.520029067993164,8589934592,2147483648,5910315008,407961600
203,1772004488870,3204,3204,3204,3204,3204,3204,3204,3204,36.3636360168457,40,28.571430206298828,38.095237731933594,0,0,4.545454502105713,0,5.137457370758057,8589934592,2147483648,5909905408,407961600
209,1772004489074,3204,3204,3204,3204,3204,3204,3204,3204,35,28.571430206298828,25,20,5,25,0,0,5.137457370758057,8589934592,2147483648,5909905408,407961600
209,1772004489285,3204,3204,3204,3204,3204,3204,3204,3204,28.571430206298828,33.333335876464844,28.571430206298828,19.047618865966797,4.545454502105713,0,0,0,5.137457370758057,8589934592,2147483648,5909905408,407961600
209,1772004489495,3204,3204,3204,3204,3204,3204,3204,3204,33.333335876464844,28.571430206298828,19.047618865966797,19.047618865966797,0,4.545454502105713,0,0,5.137457370758057,8589934592,2147483648,5913280512,407961600
202,1772004489705,3204,3204,3204,3204,3204,3204,3204,3204,20,25,20,18.18181800842285,4.545454502105713,0,0,4.545454502105713,5.137457370758057,8589934592,2147483648,5913362432,407961600
204,1772004489908,3204,3204,3204,3204,3204,3204,3204,3204,25,25,23.809524536132813,20,0,5,0,0,5.429383754730225,8589934592,2147483648,5913362432,407961600
209,1772004490113,3204,3204,3204,3204,3204,3204,3204,3204,33.333335876464844,33.333335876464844,28.571430206298828,20,0,0,0,0,5.429383754730225,8589934592,2147483648,5913362432,407961600
209,1772004490323,3204,3204,3204,3204,3204,3204,3204,3204,33.333335876464844,25,30.000001907348633,23.809524536132813,9.523809432983398,0,10,0,5.429383754730225,8589934592,2147483648,5913362432,407961600
205,1772004490533,3204,3204,3204,3204,3204,3204,3204,3204,28.571430206298828,31.81818199157715,22.72727394104004,20,23.809524536132813,14.285715103149414,0,0,5.429383754730225,8589934592,2147483648,5908971520,407961600
209,1772004490740,3204,3204,3204,3204,3204,3204,3204,3204,30.000001907348633,15.000000953674316,21.052631378173828,22.72727394104004,0,0,0,0,5.429383754730225,8589934592,2147483648,5909233664,407961600
205,1772004490950,3204,3204,3204,3204,3204,3204,3204,3204,28.571430206298828,23.809524536132813,18.18181800842285,15.000000953674316,4.761904716491699,4.761904716491699,4.761904716491699,0,5.418882846832275,8589934592,2147483648,5909217280,407961600
201,1772004491156,3204,3204,3204,3204,3204,3204,3204,3204,20,20,25,14.285715103149414,5,5,0,4.761904716491699,5.418882846832275,8589934592,2147483648,5909495808,407961600
208,1772004491358,3204,3204,3204,3204,3204,3204,3204,3204,28.571430206298828,30.000001907348633,25,15.789472579956055,0,0,4.761904716491699,0,5.418882846832275,8589934592,2147483648,5909495808,407961600
209,1772004491567,3204,3204,3204,3204,3204,3204,3204,3204,20,28.571430206298828,20,19.047618865966797,4.761904716491699,4.545454502105713,0,0,5.418882846832275,8589934592,2147483648,5910003712,407961600
201,1772004491777,3204,3204,3204,3204,3204,3204,3204,3204,23.809524536132813,23.809524536132813,27.272727966308594,22.72727394104004,0,0,0,0,5.418882846832275,8589934592,2147483648,5909430272,407961600
203,1772004491978,3204,3204,3204,3204,3204,3204,3204,3204,26.3157901763916,25,20,15.000000953674316,5,4.761904716491699,5,5,5.3455328941345215,8589934592,2147483648,5909381120,407961600
207,1772004492182,3204,3204,3204,3204,3204,3204,3204,3204,33.333335876464844,20,20,23.809524536132813,0,5,0,0,5.3455328941345215,8589934592,2147483648,5909250048,407961600
207,1772004492390,3204,3204,3204,3204,3204,3204,3204,3204,30.000001907348633,20,14.285715103149414,15.000000953674316,4.761904716491699,4.545454502105713,0,4.545454502105713,5.3455328941345215,8589934592,2147483648,5907808256,407961600
206,1772004492598,3204,3204,3204,3204,3204,3204,3204,3204,36.3636360168457,31.81818199157715,30.000001907348633,30.000001907348633,33.333335876464844,20,4.761904716491699,0,5.3455328941345215,8589934592,2147483648,5907333120,407961600
209,1772004492805,3204,3204,3204,3204,3204,3204,3204,3204,26.3157901763916,25,19.047618865966797,19.047618865966797,0,4.761904716491699,4.761904716491699,0,5.121103286743164,8589934592,2147483648,5907431424,407961600
5,1772004493015,3204,3204,3204,3204,3204,3204,3204,3204,27.272727966308594,27.272727966308594,28.571430206298828,19.047618865966797,4.545454502105713,0,0,4.545454502105713,5.121103286743164,8589934592,2147483648,5907431424,407961600
