Delta,Time,CPU_FREQUENCY_0,CPU_FREQUENCY_1,CPU_FREQUENCY_2,CPU_FREQUENCY_3,CPU_FREQUENCY_4,CPU_FREQUENCY_5,CPU_FREQUENCY_6,CPU_FREQUENCY_7,CPU_USAGE_0,CPU_USAGE_1,CPU_USAGE_2,CPU_USAGE_3,CPU_USAGE_4,CPU_USAGE_5,CPU_USAGE_6,CPU_USAGE_7,SYSTEM_POWER (Watts),TOTAL_MEMORY,TOTAL_SWAP,USED_MEMORY,USED_SWAP
0,1772006216017,3204,3204,3204,3204,3204,3204,3204,3204,NaN,50,0,NaN,0,0,0,0,5.222157001495361,8589934592,2147483648,6092947456,407961600
206,1772006216017,3204,3204,3204,3204,3204,3204,3204,3204,0,NaN,NaN,0,NaN,NaN,NaN,0,5.222157001495361,8589934592,2147483648,6093750272,407961600
201,1772006216224,3204,3204,3204,3204,3204,3204,3204,3204,30.000001907348633,21.052631378173828,23.809524536132813,23.809524536132813,13.636363983154297,4.761904716491699,4.761904716491699,0,5.222157001495361,8589934592,2147483648,6092816384,407961600
208,1772006216426,3204,3204,3204,3204,3204,3204,3204,3204,65,63.6363639831543,57.894737243652344,65,0,0,0,0,5.222157001495361,8589934592,2147483648,6092816384,407961600
209,1772006216635,3204,3204,3204,3204,3204,3204,3204,3204,42.85714340209961,45,40.90909194946289,38.095237731933594,5,10.526315689086914,0,0,5.222157001495361,8589934592,2147483648,6121848832,407961600
209,1772006216845,3204,3204,3204,3204,3204,3204,3204,3204,65,52.38095474243164,47.619049072265625,45.45454788208008,9.523809432983398,9.090909004211426,9.090909004211426,5,5.597833156585693,8589934592,2147483648,6130368512,407961600
209,1772006217055,3204,3204,3204,3204,3204,3204,3204,3204,45.45454788208008,42.85714340209961,35,30.000001907348633,9.523809432983398,9.090909004211426,0,0,5.597833156585693,8589934592,2147483648,6154174464,407961600
200,1772006217265,3204,3204,3204,3204,3204,3204,3204,3204,35,28.571430206298828,23.809524536132813,15.000000953674316,9.090909004211426,0,4.545454502105713,0,5.597833156585693,8589934592,2147483648,6172721152,407961600
199,1772006217466,3204,3204,3204,3204,3204,3204,3204,3204,38.095237731933594,30.000001907348633,33.333335876464844,23.809524536132813,0,4.761904716491699,0,4.761904716491699,5.597833156585693,8589934592,2147483648,6186745856,407961600
209,1772006217666,3204,3204,3204,3204,3204,3204,3204,3204,52.6315803527832,36.842105865478516,40,45,0,0,0,0,5.597833156585693,8589934592,2147483648,6186909696,407961600
207,1772006217876,3204,3204,3204,3204,3204,3204,3204,3204,55,47.619049072265625,47.36842346191406,45,40.90909194946289,18.18181800842285,4.761904716491699,0,6.151636600494385,8589934592,2147483648,6180831232,407961600
209,1772006218085,3204,3204,3204,3204,3204,3204,3204,3204,54.54545593261719,52.38095474243164,47.619049072265625,45.45454788208008,5,5,4.761904716491699,4.761904716491699,6.151636600494385,8589934592,2147483648,6195855360,407961600
205,1772006218295,3204,3204,3204,3204,3204,3204,3204,3204,45,35,31.81818199157715,25,4.761904716491699,4.761904716491699,0,0,6.151636600494385,8589934592,2147483648,6197673984,407961600
204,1772006218501,3204,3204,3204,3204,3204,3204,3204,3204,80.95238494873047,81.81818389892578,85,80,14.285715103149414,0,0,4.545454502105713,6.151636600494385,8589934592,2147483648,6208290816,407961600
206,1772006218706,3204,3204,3204,3204,3204,3204,3204,3204,75,75,70,66.66667175292969,25,0,4.761904716491699,0,6.151636600494385,8589934592,2147483648,6216990720,407961600
203,1772006218914,3204,3204,3204,3204,3204,3204,3204,3204,80.95238494873047,75,85.71428680419922,80.95238494873047,4.761904716491699,4.761904716491699,0,4.545454502105713,6.463332176208496,8589934592,2147483648,6223200256,407961600
206,1772006219117,3204,3204,3204,3204,3204,3204,3204,3204,65,71.42857360839844,70,60.000003814697266,0,0,0,0,6.463332176208496,8589934592,2147483648,6216810496,407961600
207,1772006219324,3204,3204,3204,3204,3204,3204,3204,3204,71.42857360839844,65,72.7272720336914,71.42857360839844,4.761904716491699,0,0,0,6.463332176208496,8589934592,2147483648,6216810496,407961600
201,1772006219532,3204,3204,3204,3204,3204,3204,3204,3204,66.66667175292969,60.000003814697266,57.142860412597656,50,4.761904716491699,13.043478012084961,4.761904716491699,0,6.463332176208496,8589934592,2147483648,6216810496,407961600
204,1772006219734,3204,3204,3204,3204,3204,3204,3204,3204,80,61.904762268066406,57.894737243652344,70,4.761904716491699,0,0,4.761904716491699,7.379108905792236,8589934592,2147483648,6213238784,407961600
199,1772006219939,3204,3204,3204,3204,3204,3204,3204,3204,85,70,85,77.2727279663086,26.3157901763916,25,5,5,7.379108905792236,8589934592,2147483648,6214287360,407961600
209,1772006220140,3204,3204,3204,3204,3204,3204,3204,3204,75,76.19047546386719,85,78.94737243652344,14.285715103149414,10,5,31.57894515991211,7.379108905792236,8589934592,2147483648,6240665600,407961600
205,1772006220349,3204,3204,3204,3204,3204,3204,3204,3204,52.38095474243164,61.904762268066406,52.38095474243164,52.38095474243164,4.761904716491699,4.761904716491699,4.761904716491699,4.761904716491699,7.379108905792236,8589934592,2147483648,6240665600,407961600
208,1772006220555,3204,3204,3204,3204,3204,3204,3204,3204,47.619049072265625,55,42.85714340209961,47.619049072265625,15.000000953674316,18.18181800842285,4.761904716491699,4.761904716491699,7.379108905792236,8589934592,2147483648,6240665600,407961600
205,1772006220764,3204,3204,3204,3204,3204,3204,3204,3204,73.68421173095703,61.904762268066406,80.95238494873047,60.000003814697266,0,0,0,0,6.6926751136779785,8589934592,2147483648,6248103936,407961600
209,1772006220970,3204,3204,3204,3204,3204,3204,3204,3204,59.09090805053711,60.000003814697266,55,47.619049072265625,30.000001907348633,14.285715103149414,9.523809432983398,4.761904716491699,6.6926751136779785,8589934592,2147483648,6243958784,407961600
208,1772006221180,3204,3204,3204,3204,3204,3204,3204,3204,61.904762268066406,57.142860412597656,71.42857360839844,66.66667175292969,19.047618865966797,19.047618865966797,0,0,6.6926751136779785,8589934592,2147483648,6255689728,407961600
203,1772006221389,3204,3204,3204,3204,3204,3204,3204,3204,42.85714340209961,66.66667175292969,38.095237731933594,45,31.81818199157715,30.000001907348633,0,0,6.6926751136779785,8589934592,2147483648,6261866496,407961600
200,1772006221593,3204,3204,3204,3204,3204,3204,3204,3204,65,76.19047546386719,61.904762268066406,57.142860412597656,0,4.761904716491699,5,0,6.6926751136779785,8589934592,2147483648,6261866496,407961600
209,1772006221794,3204,3204,3204,3204,3204,3204,3204,3204,40,55,52.6315803527832,45,4.761904716491699,0,0,0,7.151756763458252,8589934592,2147483648,6257344512,407961600
209,1772006222003,3204,3204,3204,3204,3204,3204,3204,3204,52.38095474243164,60.000003814697266,60.000003814697266,52.38095474243164,5,10,4.761904716491699,9.090909004211426,7.151756763458252,8589934592,2147483648,6269845504,407961600
209,1772006222213,3204,3204,3204,3204,3204,3204,3204,3204,50,57.142860412597656,50,47.619049072265625,54.54545593261719,22.72727394104004,4.761904716491699,5,7.151756763458252,8589934592,2147483648,6267060224,407961600
206,1772006222423,3204,3204,3204,3204,3204,3204,3204,3204,45.45454788208008,47.619049072265625,52.38095474243164,33.333335876464844,23.809524536132813,4.761904716491699,0,0,7.151756763458252,8589934592,2147483648,6263996416,407961600
207,1772006222631,3204,3204,3204,3204,3204,3204,3204,3204,55,55,38.095237731933594,40,5,5,4.761904716491699,0,7.151756763458252,8589934592,2147483648,6266454016,407961600
207,1772006222839,3204,3204,3204,3204,3204,3204,3204,3204,45,38.095237731933594,47.619049072265625,38.095237731933594,0,0,0,0,7.035744667053223,8589934592,2147483648,6264832000,407961600
206,1772006223048,3204,3204,3204,3204,3204,3204,3204,3204,57.142860412597656,52.38095474243164,55,65,9.523809432983398,9.523809432983398,4.761904716491699,9.090909004211426,7.035744667053223,8589934592,2147483648,6262341632,407961600
209,1772006223255,3204,3204,3204,3204,3204,3204,3204,3204,66.66667175292969,52.38095474243164,42.85714340209961,38.095237731933594,0,4.761904716491699,4.761904716491699,0,7.035744667053223,8589934592,2147483648,6261948416,407961600
209,1772006223464,3204,3204,3204,3204,3204,3204,3204,3204,47.619049072265625,52.38095474243164,30.000001907348633,52.38095474243164,4.545454502105713,0,4.545454502105713,0,7.035744667053223,8589934592,2147483648,6265012224,407961600
206,1772006223674,3204,3204,3204,3204,3204,3204,3204,3204,50,50,54.54545593261719,28.571430206298828,35,4.761904716491699,0,0,7.035744667053223,8589934592,2147483648,6263357440,407961600
209,1772006223881,3204,3204,3204,3204,3204,3204,3204,3204,59.09090805053711,61.904762268066406,50,42.85714340209961,14.285715103149414,9.523809432983398,5,9.090909004211426,6.942662715911865,8589934592,2147483648,6267912192,407961600
203,1772006224091,3204,3204,3204,3204,3204,3204,3204,3204,80,76.19047546386719,76.19047546386719,66.66667175292969,4.761904716491699,4.761904716491699,4.761904716491699,4.761904716491699,6.942662715911865,8589934592,2147483648,6269042688,407961600
201,1772006224294,3204,3204,3204,3204,3204,3204,3204,3204,71.42857360839844,71.42857360839844,60.000003814697266,80,25,21.052631378173828,10,0,6.942662715911865,8589934592,2147483648,6241452032,407961600
201,1772006224496,3204,3204,3204,3204,3204,3204,3204,3204,75,57.894737243652344,60.000003814697266,65,4.761904716491699,0,0,5,6.942662715911865,8589934592,2147483648,6241452032,407961600
209,1772006224698,3204,3204,3204,3204,3204,3204,3204,3204,55,50,60.000003814697266,45,0,4.761904716491699,4.761904716491699,0,6.942662715911865,8589934592,2147483648,6241452032,407961600
201,1772006224908,3204,3204,3204,3204,3204,3204,3204,3204,76.19047546386719,66.66667175292969,66.66667175292969,71.42857360839844,0,0,0,0,6.2453107833862305,8589934592,2147483648,6247481344,407961600
209,1772006225110,3204,3204,3204,3204,3204,3204,3204,3204,78.94737243652344,75,75,75,5,5,5,0,6.2453107833862305,8589934592,2147483648,6229196800,407961600
205,1772006225320,3204,3204,3204,3204,3204,3204,3204,3204,71.42857360839844,71.42857360839844,80.95238494873047,71.42857360839844,9.523809432983398,9.090909004211426,0,4.545454502105713,6.2453107833862305,8589934592,2147483648,6229196800,407961600
206,1772006225526,3204,3204,3204,3204,3204,3204,3204,3204,57.142860412597656,71.42857360839844,47.619049072265625,45,0,0,0,0,6.2453107833862305,8589934592,2147483648,6229196800,407961600
207,1772006225732,3204,3204,3204,3204,3204,3204,3204,3204,42.85714340209961,65,40,40,0,0,0,0,7.468539237976074,8589934592,2147483648,6229196800,407961600
209,1772006225941,3204,3204,3204,3204,3204,3204,3204,3204,70,71.42857360839844,50,61.904762268066406,28.571430206298828,5,30.000001907348633,0,7.468539237976074,8589934592,2147483648,6226935808,407961600
208,1772006226151,3204,3204,3204,3204,3204,3204,3204,3204,57.142860412597656,38.095237731933594,40.90909194946289,50,9.523809432983398,4.545454502105713,0,0,7.468539237976074,8589934592,2147483648,6223446016,407961600
206,1772006226359,3204,3204,3204,3204,3204,3204,3204,3204,50,40,57.142860412597656,45,20,10,13.636363983154297,5,7.468539237976074,8589934592,2147483648,6223446016,407961600
209,1772006226566,3204,3204,3204,3204,3204,3204,3204,3204,45.45454788208008,61.904762268066406,50,42.85714340209961,45.45454788208008,9.523809432983398,4.761904716491699,0,7.468539237976074,8589934592,2147483648,6223446016,407961600
204,1772006226776,3204,3204,3204,3204,3204,3204,3204,3204,47.619049072265625,42.85714340209961,42.85714340209961,50,15.000000953674316,4.761904716491699,0,4.545454502105713,6.72393274307251,8589934592,2147483648,6223446016,407961600
209,1772006226981,3204,3204,3204,3204,3204,3204,3204,3204,45,50,57.142860412597656,45,5,5,4.761904716491699,0,6.72393274307251,8589934592,2147483648,6214008832,407961600
209,1772006227191,3204,3204,3204,3204,3204,3204,3204,3204,57.142860412597656,47.619049072265625,38.095237731933594,50,4.761904716491699,4.761904716491699,4.761904716491699,4.761904716491699,6.72393274307251,8589934592,2147483648,6210011136,407961600
208,1772006227401,3204,3204,3204,3204,3204,3204,3204,3204,47.619049072265625,59.09090805053711,52.38095474243164,54.54545593261719,0,0,0,0,6.72393274307251,8589934592,2147483648,6214975488,407961600
203,1772006227609,3204,3204,3204,3204,3204,3204,3204,3204,45,60.000003814697266,42.85714340209961,38.095237731933594,22.72727394104004,0,0,0,6.72393274307251,8589934592,2147483648,6216646656,407961600
201,1772006227814,3204,3204,3204,3204,3204,3204,3204,3204,47.619049072265625,45,35,47.36842346191406,28.571430206298828,4.761904716491699,0,0,7.194995880126953,8589934592,2147483648,6214926336,407961600
208,1772006228016,3204,3204,3204,3204,3204,3204,3204,3204,47.36842346191406,40,45,30.000001907348633,0,0,4.761904716491699,0,7.194995880126953,8589934592,2147483648,6213795840,407961600
207,1772006228224,3204,3204,3204,3204,3204,3204,3204,3204,42.85714340209961,47.619049072265625,47.619049072265625,38.095237731933594,0,4.545454502105713,0,4.545454502105713,7.194995880126953,8589934592,2147483648,6215450624,407961600
209,1772006228431,3204,3204,3204,3204,3204,3204,3204,3204,57.142860412597656,47.619049072265625,55,47.619049072265625,10,5,5,5,7.194995880126953,8589934592,2147483648,6208159744,407961600
209,1772006228642,3204,3204,3204,3204,3204,3204,3204,3204,47.619049072265625,52.38095474243164,52.38095474243164,50,18.18181800842285,19.047618865966797,0,0,7.194995880126953,8589934592,2147483648,6208159744,407961600
205,1772006228852,3204,3204,3204,3204,3204,3204,3204,3204,47.619049072265625,71.42857360839844,52.38095474243164,40,0,4.761904716491699,4.761904716491699,4.545454502105713,6.49363374710083,8589934592,2147483648,6208159744,407961600
207,1772006229057,3204,3204,3204,3204,3204,3204,3204,3204,47.619049072265625,60.000003814697266,52.38095474243164,38.095237731933594,9.090909004211426,4.761904716491699,0,0,6.49363374710083,8589934592,2147483648,6198689792,407961600
207,1772006229265,3204,3204,3204,3204,3204,3204,3204,3204,52.38095474243164,47.619049072265625,25,47.619049072265625,0,0,4.545454502105713,4.761904716491699,6.49363374710083,8589934592,2147483648,6200295424,407961600
207,1772006229474,3204,3204,3204,3204,3204,3204,3204,3204,47.36842346191406,40,38.095237731933594,40,4.545454502105713,4.545454502105713,0,0,6.49363374710083,8589934592,2147483648,6204358656,407961600
206,1772006229682,3204,3204,3204,3204,3204,3204,3204,3204,40.90909194946289,42.85714340209961,33.333335876464844,40,0,0,0,0,6.49363374710083,8589934592,2147483648,6202179584,407961600
199,1772006229889,3204,3204,3204,3204,3204,3204,3204,3204,25,28.571430206298828,23.809524536132813,19.047618865966797,0,0,0,0,6.39281702041626,8589934592,2147483648,6202785792,407961600
209,1772006230089,3204,3204,3204,3204,3204,3204,3204,3204,33.333335876464844,20,20,23.809524536132813,0,0,0,0,6.39281702041626,8589934592,2147483648,6204522496,407961600
204,1772006230299,3204,3204,3204,3204,3204,3204,3204,3204,30.000001907348633,28.571430206298828,25,25,28.571430206298828,22.72727394104004,20,19.047618865966797,6.39281702041626,8589934592,2147483648,6201360384,407961600
203,1772006230504,3204,3204,3204,3204,3204,3204,3204,3204,25,20,20,19.047618865966797,4.761904716491699,5,4.761904716491699,4.761904716491699,6.39281702041626,8589934592,2147483648,6201802752,407961600
207,1772006230708,3204,3204,3204,3204,3204,3204,3204,3204,33.333335876464844,25,28.571430206298828,30.000001907348633,30.000001907348633,28.571430206298828,4.761904716491699,0,6.39281702041626,8589934592,2147483648,6199394304,407961600
209,1772006230916,3204,3204,3204,3204,3204,3204,3204,3204,25,28.571430206298828,19.047618865966797,15.000000953674316,4.761904716491699,0,0,0,5.865581035614014,8589934592,2147483648,6199410688,407961600
205,1772006231126,3204,3204,3204,3204,3204,3204,3204,3204,25,23.809524536132813,25,22.72727394104004,9.523809432983398,22.72727394104004,4.761904716491699,4.761904716491699,5.865581035614014,8589934592,2147483648,6199361536,407961600
203,1772006231332,3204,3204,3204,3204,3204,3204,3204,3204,33.333335876464844,20,23.809524536132813,25,0,0,0,0,5.865581035614014,8589934592,2147483648,6199459840,407961600
204,1772006231536,3204,3204,3204,3204,3204,3204,3204,3204,28.571430206298828,28.571430206298828,25,15.000000953674316,5,4.761904716491699,4.761904716491699,0,5.865581035614014,8589934592,2147483648,6199574528,407961600
207,1772006231741,3204,3204,3204,3204,3204,3204,3204,3204,25,28.571430206298828,25,25,4.761904716491699,5,0,5,5.889764308929443,8589934592,2147483648,6199787520,407961600
205,1772006231949,3204,3204,3204,3204,3204,3204,3204,3204,33.333335876464844,31.57894515991211,28.571430206298828,23.809524536132813,9.523809432983398,4.761904716491699,4.761904716491699,0,5.889764308929443,8589934592,2147483648,6199787520,407961600
208,1772006232155,3204,3204,3204,3204,3204,3204,3204,3204,28.571430206298828,33.333335876464844,28.571430206298828,23.809524536132813,9.523809432983398,5,0,4.761904716491699,5.889764308929443,8589934592,2147483648,6196690944,407961600
208,1772006232364,3204,3204,3204,3204,3204,3204,3204,3204,25,25,19.047618865966797,14.285715103149414,0,0,4.545454502105713,0,5.889764308929443,8589934592,2147483648,6196822016,407961600
209,1772006232573,3204,3204,3204,3204,3204,3204,3204,3204,28.571430206298828,28.571430206298828,25,19.047618865966797,0,0,0,0,5.889764308929443,8589934592,2147483648,6197018624,407961600
201,1772006232782,3204,3204,3204,3204,3204,3204,3204,3204,30.000001907348633,38.095237731933594,30.000001907348633,25,31.81818199157715,22.72727394104004,5,4.761904716491699,5.379036903381348,8589934592,2147483648,6197018624,407961600
206,1772006232984,3204,3204,3204,3204,3204,3204,3204,3204,30.000001907348633,30.000001907348633,23.809524536132813,23.809524536132813,10.526315689086914,0,5,0,5.379036903381348,8589934592,2147483648,6197018624,407961600
207,1772006233190,3204,3204,3204,3204,3204,3204,3204,3204,33.333335876464844,27.272727966308594,20,15.000000953674316,0,4.761904716491699,0,0,5.379036903381348,8589934592,2147483648,6199984128,407961600
208,1772006233399,3204,3204,3204,3204,3204,3204,3204,3204,25,20,23.809524536132813,20,5,4.761904716491699,4.761904716491699,4.761904716491699,5.379036903381348,8589934592,2147483648,6199410688,407961600
203,1772006233607,3204,3204,3204,3204,3204,3204,3204,3204,27.272727966308594,23.809524536132813,19.047618865966797,22.72727394104004,4.545454502105713,0,0,0,5.379036903381348,8589934592,2147483648,6199410688,407961600
205,1772006233811,3204,3204,3204,3204,3204,3204,3204,3204,30.000001907348633,25,25,21.052631378173828,5,5,5,4.761904716491699,5.724490642547607,8589934592,2147483648,6199410688,407961600
200,1772006234018,3204,3204,3204,3204,3204,3204,3204,3204,20,19.047618865966797,22.72727394104004,14.285715103149414,19.047618865966797,9.523809432983398,9.523809432983398,9.523809432983398,5.724490642547607,8589934592,2147483648,6199410688,407961600
204,1772006234219,3204,3204,3204,3204,3204,3204,3204,3204,30.000001907348633,26.3157901763916,25,20,5,5,5,5,5.724490642547607,8589934592,2147483648,6201081856,407961600
205,1772006234425,3204,3204,3204,3204,3204,3204,3204,3204,23.809524536132813,27.272727966308594,15.789472579956055,23.809524536132813,0,9.523809432983398,0,0,5.724490642547607,8589934592,2147483648,6201704448,407961600
208,1772006234631,3204,3204,3204,3204,3204,3204,3204,3204,30.000001907348633,26.3157901763916,28.571430206298828,25,4.761904716491699,4.761904716491699,4.545454502105713,4.761904716491699,5.724490642547607,8589934592,2147483648,6201458688,407961600
209,1772006234839,3204,3204,3204,3204,3204,3204,3204,3204,75,66.66667175292969,61.904762268066406,65,10,5,5,0,5.430285930633545,8589934592,2147483648,6190071808,407961600
205,1772006235049,3204,3204,3204,3204,3204,3204,3204,3204,63.6363639831543,61.904762268066406,45,54.54545593261719,22.72727394104004,14.285715103149414,0,0,5.430285930633545,8589934592,2147483648,6182076416,407961600
208,1772006235255,3204,3204,3204,3204,3204,3204,3204,3204,33.333335876464844,23.809524536132813,23.809524536132813,19.047618865966797,5,9.523809432983398,10,4.761904716491699,5.430285930633545,8589934592,2147483648,6182305792,407961600
209,1772006235464,3204,3204,3204,3204,3204,3204,3204,3204,30.000001907348633,30.000001907348633,28.571430206298828,20,4.545454502105713,0,0,0,5.430285930633545,8589934592,2147483648,6182551552,407961600
206,1772006235674,3204,3204,3204,3204,3204,3204,3204,3204,33.333335876464844,28.571430206298828,23.809524536132813,23.809524536132813,0,4.545454502105713,0,0,5.430285930633545,8589934592,2147483648,6181945344,407961600
209,1772006235881,3204,3204,3204,3204,3204,3204,3204,3204,30.000001907348633,42.85714340209961,33.333335876464844,35,42.85714340209961,0,0,0,5.590549468994141,8589934592,2147483648,6182010880,407961600
206,1772006236091,3204,3204,3204,3204,3204,3204,3204,3204,38.095237731933594,45,30.000001907348633,27.272727966308594,28.571430206298828,9.523809432983398,8.69565200805664,4.545454502105713,5.590549468994141,8589934592,2147483648,6183157760,407961600
208,1772006236298,3204,3204,3204,3204,3204,3204,3204,3204,33.333335876464844,31.81818199157715,25,33.333335876464844,23.809524536132813,5,0,0,5.590549468994141,8589934592,2147483648,6183501824,407961600
209,1772006236507,3204,3204,3204,3204,3204,3204,3204,3204,20,25,22.72727394104004,19.047618865966797,30.000001907348633,4.761904716491699,4.545454502105713,4.761904716491699,5.590549468994141,8589934592,2147483648,6184566784,407961600
208,1772006236717,3204,3204,3204,3204,3204,3204,3204,3204,33.333335876464844,30.000001907348633,23.809524536132813,28.571430206298828,4.761904716491699,9.090909004211426,0,0,5.590549468994141,8589934592,2147483648,6184566784,407961600
204,1772006236926,3204,3204,3204,3204,3204,3204,3204,3204,33.333335876464844,36.3636360168457,26.3157901763916,30.000001907348633,4.761904716491699,0,4.545454502105713,0,5.888670921325684,8589934592,2147483648,6184566784,407961600
207,1772006237131,3204,3204,3204,3204,3204,3204,3204,3204,47.619049072265625,40,45.45454788208008,30.000001907348633,20,25,5,5,5.888670921325684,8589934592,2147483648,6184566784,407961600
209,1772006237339,3204,3204,3204,3204,3204,3204,3204,3204,30.000001907348633,33.333335876464844,23.809524536132813,23.809524536132813,9.090909004211426,4.761904716491699,0,4.545454502105713,5.888670921325684,8589934592,2147483648,6171344896,407961600
208,1772006237549,3204,3204,3204,3204,3204,3204,3204,3204,31.81818199157715,28.571430206298828,25,20,42.85714340209961,0,0,0,5.888670921325684,8589934592,2147483648,6174097408,407961600
203,1772006237757,3204,3204,3204,3204,3204,3204,3204,3204,30.000001907348633,28.571430206298828,25,23.809524536132813,0,4.545454502105713,0,0,6.39381217956543,8589934592,2147483648,6174392320,407961600
203,1772006237961,3204,3204,3204,3204,3204,3204,3204,3204,26.3157901763916,20,25,19.047618865966797,0,0,4.761904716491699,0,6.39381217956543,8589934592,2147483648,6174441472,407961600
201,1772006238164,3204,3204,3204,3204,3204,3204,3204,3204,33.333335876464844,21.052631378173828,23.809524536132813,25,5,5,0,5,6.39381217956543,8589934592,2147483648,6174212096,407961600
209,1772006238365,3204,3204,3204,3204,3204,3204,3204,3204,40,38.095237731933594,38.095237731933594,35,28.571430206298828,25,30.000001907348633,25,6.39381217956543,8589934592,2147483648,6172622848,407961600
208,1772006238575,3204,3204,3204,3204,3204,3204,3204,3204,18.18181800842285,19.047618865966797,10,14.285715103149414,9.523809432983398,5,9.090909004211426,4.761904716491699,6.39381217956543,8589934592,2147483648,6150045696,407961600
205,1772006238784,3204,3204,3204,3204,3204,3204,3204,3204,26.3157901763916,20,20,15.000000953674316,4.761904716491699,8.69565200805664,0,0,6.144303798675537,8589934592,2147483648,6150209536,407961600
209,1772006238990,3204,3204,3204,3204,3204,3204,3204,3204,33.333335876464844,38.095237731933594,33.333335876464844,31.81818199157715,10,14.285715103149414,14.285715103149414,13.636363983154297,6.144303798675537,8589934592,2147483648,6150209536,407961600
207,1772006239200,3204,3204,3204,3204,3204,3204,3204,3204,33.333335876464844,33.333335876464844,23.809524536132813,28.571430206298828,33.333335876464844,20,15.000000953674316,14.285715103149414,6.144303798675537,8589934592,2147483648,6150209536,407961600
203,1772006239408,3204,3204,3204,3204,3204,3204,3204,3204,33.333335876464844,23.809524536132813,23.809524536132813,10.526315689086914,19.047618865966797,14.285715103149414,4.761904716491699,4.761904716491699,6.144303798675537,8589934592,2147483648,6150930432,407961600
208,1772006239612,3204,3204,3204,3204,3204,3204,3204,3204,25,26.3157901763916,28.571430206298828,22.72727394104004,4.761904716491699,0,0,0,6.144303798675537,8589934592,2147483648,6153027584,407961600
209,1772006239821,3204,3204,3204,3204,3204,3204,3204,3204,23.809524536132813,28.571430206298828,23.809524536132813,19.047618865966797,9.523809432983398,9.090909004211426,4.761904716491699,4.761904716491699,5.799217224121094,8589934592,2147483648,6153125888,407961600
203,1772006240031,3204,3204,3204,3204,3204,3204,3204,3204,28.571430206298828,23.809524536132813,21.052631378173828,19.047618865966797,4.761904716491699,4.761904716491699,4.761904716491699,4.761904716491699,5.799217224121094,8589934592,2147483648,6153224192,407961600
204,1772006240235,3204,3204,3204,3204,3204,3204,3204,3204,31.57894515991211,25,28.571430206298828,21.052631378173828,5.263157844543457,5,4.761904716491699,5,5.799217224121094,8589934592,2147483648,6153715712,407961600
200,1772006240440,3204,3204,3204,3204,3204,3204,3204,3204,22.72727394104004,23.809524536132813,20,15.000000953674316,0,4.761904716491699,0,0,5.799217224121094,8589934592,2147483648,6153699328,407961600
204,1772006240641,3204,3204,3204,3204,3204,3204,3204,3204,26.3157901763916,30.000001907348633,28.571430206298828,25,5,0,4.761904716491699,5,5.799217224121094,8589934592,2147483648,6153486336,407961600
207,1772006240846,3204,3204,3204,3204,3204,3204,3204,3204,25,25,25,19.047618865966797,4.761904716491699,5,0,0,5.931480407714844,8589934592,2147483648,6154371072,407961600
209,1772006241053,3204,3204,3204,3204,3204,3204,3204,3204,42.85714340209961,33.333335876464844,33.333335876464844,28.571430206298828,23.809524536132813,14.285715103149414,9.523809432983398,5,5.931480407714844,8589934592,2147483648,6155763712,407961600
209,1772006241263,3204,3204,3204,3204,3204,3204,3204,3204,33.333335876464844,38.095237731933594,28.571430206298828,25,10,4.761904716491699,0,4.545454502105713,5.931480407714844,8589934592,2147483648,6159024128,407961600
209,1772006241473,3204,3204,3204,3204,3204,3204,3204,3204,28.571430206298828,30.000001907348633,23.809524536132813,19.047618865966797,14.285715103149414,15.000000953674316,4.761904716491699,10,5.931480407714844,8589934592,2147483648,6155386880,407961600
205,1772006241683,3204,3204,3204,3204,3204,3204,3204,3204,30.000001907348633,33.333335876464844,23.809524536132813,36.3636360168457,4.545454502105713,0,0,0,5.931480407714844,8589934592,2147483648,6155468800,407961600
200,1772006241890,3204,3204,3204,3204,3204,3204,3204,3204,23.809524536132813,28.571430206298828,20,15.000000953674316,5,9.090909004211426,0,4.545454502105713,5.52040958404541,8589934592,2147483648,6155681792,407961600
206,1772006242091,3204,3204,3204,3204,3204,3204,3204,3204,35,40,35,21.052631378173828,0,0,0,0,5.52040958404541,8589934592,2147483648,6158221312,407961600
206,1772006242298,3204,3204,3204,3204,3204,3204,3204,3204,28.571430206298828,14.285715103149414,19.047618865966797,14.285715103149414,0,0,0,0,5.52040958404541,8589934592,2147483648,6158155776,407961600
209,1772006242505,3204,3204,3204,3204,3204,3204,3204,3204,23.809524536132813,20,20,22.72727394104004,4.761904716491699,4.761904716491699,4.761904716491699,4.761904716491699,5.52040958404541,8589934592,2147483648,6158204928,407961600
208,1772006242716,3204,3204,3204,3204,3204,3204,3204,3204,25,14.285715103149414,19.047618865966797,19.047618865966797,0,0,0,0,5.52040958404541,8589934592,2147483648,6157582336,407961600
204,1772006242924,3204,3204,3204,3204,3204,3204,3204,3204,28.571430206298828,20,22.72727394104004,10.526315689086914,9.090909004211426,4.761904716491699,0,0,5.943620204925537,8589934592,2147483648,6157582336,407961600
201,1772006243129,3204,3204,3204,3204,3204,3204,3204,3204,28.571430206298828,28.571430206298828,25,23.809524536132813,0,0,0,0,5.943620204925537,8589934592,2147483648,6157631488,407961600
207,1772006243331,3204,3204,3204,3204,3204,3204,3204,3204,26.3157901763916,20,21.052631378173828,23.809524536132813,5,4.761904716491699,5,9.090909004211426,5.943620204925537,8589934592,2147483648,6156894208,407961600
206,1772006243539,3204,3204,3204,3204,3204,3204,3204,3204,38.095237731933594,28.571430206298828,28.571430206298828,25,25,15.000000953674316,4.761904716491699,0,5.943620204925537,8589934592,2147483648,6157008896,407961600
209,1772006243745,3204,3204,3204,3204,3204,3204,3204,3204,28.571430206298828,21.052631378173828,19.047618865966797,19.047618865966797,9.523809432983398,4.761904716491699,0,0,5.155289173126221,8589934592,2147483648,6156992512,407961600
208,1772006243955,3204,3204,3204,3204,3204,3204,3204,3204,25,18.18181800842285,20,23.809524536132813,4.545454502105713,0,4.545454502105713,0,5.155289173126221,8589934592,2147483648,6156910592,407961600
209,1772006244164,3204,3204,3204,3204,3204,3204,3204,3204,25,20,23.809524536132813,20,0,4.761904716491699,0,4.545454502105713,5.155289173126221,8589934592,2147483648,6156976128,407961600
207,1772006244374,3204,3204,3204,3204,3204,3204,3204,3204,30.434782028198242,23.809524536132813,20,22.72727394104004,0,0,0,0,5.155289173126221,8589934592,2147483648,6156910592,407961600
207,1772006244582,3204,3204,3204,3204,3204,3204,3204,3204,26.3157901763916,23.809524536132813,23.809524536132813,19.047618865966797,4.761904716491699,0,0,0,5.155289173126221,8589934592,2147483648,6158516224,407961600
201,1772006244790,3204,3204,3204,3204,3204,3204,3204,3204,50,38.095237731933594,38.095237731933594,35,9.523809432983398,9.523809432983398,9.090909004211426,0,5.373310565948486,8589934592,2147483648,6160809984,407961600
208,1772006244991,3204,3204,3204,3204,3204,3204,3204,3204,21.052631378173828,30.000001907348633,20,15.000000953674316,0,5,0,0,5.373310565948486,8589934592,2147483648,6170984448,407961600
207,1772006245200,3204,3204,3204,3204,3204,3204,3204,3204,23.809524536132813,28.571430206298828,20,25,0,4.761904716491699,0,4.761904716491699,5.373310565948486,8589934592,2147483648,6170984448,407961600
200,1772006245407,3204,3204,3204,3204,3204,3204,3204,3204,25,23.809524536132813,26.086956024169922,19.047618865966797,18.18181800842285,9.523809432983398,9.090909004211426,4.761904716491699,5.373310565948486,8589934592,2147483648,6170984448,407961600
206,1772006245608,3204,3204,3204,3204,3204,3204,3204,3204,35,31.57894515991211,31.57894515991211,25,15.789472579956055,5.263157844543457,5,5,5.373310565948486,8589934592,2147483648,6182060032,407961600
206,1772006245815,3204,3204,3204,3204,3204,3204,3204,3204,25,28.571430206298828,19.047618865966797,15.000000953674316,19.047618865966797,9.523809432983398,0,0,5.425981044769287,8589934592,2147483648,6170591232,407961600
209,1772006246022,3204,3204,3204,3204,3204,3204,3204,3204,47.619049072265625,50,40,36.3636360168457,10,14.285715103149414,10,14.285715103149414,5.425981044769287,8589934592,2147483648,6179717120,407961600
207,1772006246232,3204,3204,3204,3204,3204,3204,3204,3204,31.81818199157715,28.571430206298828,31.81818199157715,23.809524536132813,4.545454502105713,0,0,0,5.425981044769287,8589934592,2147483648,6163709952,407961600
206,1772006246440,3204,3204,3204,3204,3204,3204,3204,3204,35,28.571430206298828,30.000001907348633,20,0,0,0,0,5.425981044769287,8589934592,2147483648,6164807680,407961600
201,1772006246647,3204,3204,3204,3204,3204,3204,3204,3204,38.095237731933594,40,33.333335876464844,30.000001907348633,4.761904716491699,4.761904716491699,4.761904716491699,4.761904716491699,5.425981044769287,8589934592,2147483648,6164135936,407961600
207,1772006246849,3204,3204,3204,3204,3204,3204,3204,3204,31.57894515991211,35,26.3157901763916,28.571430206298828,9.523809432983398,5,0,0,5.526943206787109,8589934592,2147483648,6165463040,407961600
201,1772006247058,3204,3204,3204,3204,3204,3204,3204,3204,28.571430206298828,23.809524536132813,31.81818199157715,19.047618865966797,0,0,0,0,5.526943206787109,8589934592,2147483648,6164594688,407961600
206,1772006247260,3204,3204,3204,3204,3204,3204,3204,3204,28.571430206298828,26.3157901763916,26.3157901763916,21.052631378173828,0,0,0,0,5.526943206787109,8589934592,2147483648,6164692992,407961600
204,1772006247467,3204,3204,3204,3204,3204,3204,3204,3204,25,28.571430206298828,25,19.047618865966797,4.761904716491699,4.761904716491699,4.761904716491699,4.761904716491699,5.526943206787109,8589934592,2147483648,6164643840,407961600
207,1772006247672,3204,3204,3204,3204,3204,3204,3204,3204,23.809524536132813,22.72727394104004,28.571430206298828,19.047618865966797,4.761904716491699,0,0,0,5.526943206787109,8589934592,2147483648,6164676608,407961600
209,1772006247880,3204,3204,3204,3204,3204,3204,3204,3204,45,50,40.90909194946289,40,35,22.72727394104004,9.090909004211426,4.761904716491699,5.807623386383057,8589934592,2147483648,6166888448,407961600
202,1772006248090,3204,3204,3204,3204,3204,3204,3204,3204,23.809524536132813,28.571430206298828,25,22.72727394104004,4.761904716491699,0,0,0,5.807623386383057,8589934592,2147483648,6166888448,407961600
207,1772006248293,3204,3204,3204,3204,3204,3204,3204,3204,21.052631378173828,30.000001907348633,28.571430206298828,20,9.523809432983398,10,5,5,5.807623386383057,8589934592,2147483648,6166888448,407961600
200,1772006248501,3204,3204,3204,3204,3204,3204,3204,3204,27.272727966308594,15.000000953674316,20,20,0,0,0,0,5.807623386383057,8589934592,2147483648,6166888448,407961600
206,1772006248701,3204,3204,3204,3204,3204,3204,3204,3204,21.052631378173828,28.571430206298828,20,20,5.263157844543457,5.263157844543457,4.761904716491699,4.761904716491699,5.807623386383057,8589934592,2147483648,6166003712,407961600
205,1772006248908,3204,3204,3204,3204,3204,3204,3204,3204,23.809524536132813,20,20,19.047618865966797,4.761904716491699,4.545454502105713,0,0,5.691951751708984,8589934592,2147483648,6157959168,407961600
209,1772006249114,3204,3204,3204,3204,3204,3204,3204,3204,20,25,19.047618865966797,20,0,0,0,0,5.691951751708984,8589934592,2147483648,6157680640,407961600
201,1772006249325,3204,3204,3204,3204,3204,3204,3204,3204,22.72727394104004,14.285715103149414,23.809524536132813,14.285715103149414,0,4.761904716491699,4.545454502105713,0,5.691951751708984,8589934592,2147483648,6157729792,407961600
206,1772006249527,3204,3204,3204,3204,3204,3204,3204,3204,30.000001907348633,25,20,15.000000953674316,0,0,0,0,5.691951751708984,8589934592,2147483648,6157697024,407961600
206,1772006249734,3204,3204,3204,3204,3204,3204,3204,3204,25,23.809524536132813,23.809524536132813,19.047618865966797,4.545454502105713,0,0,0,5.481908321380615,8589934592,2147483648,6159712256,407961600
205,1772006249940,3204,3204,3204,3204,3204,3204,3204,3204,33.333335876464844,38.095237731933594,30.000001907348633,25,19.047618865966797,19.047618865966797,0,4.761904716491699,5.481908321380615,8589934592,2147483648,6176669696,407961600
209,1772006250146,3204,3204,3204,3204,3204,3204,3204,3204,20,28.571430206298828,25,23.809524536132813,5.263157844543457,9.523809432983398,0,4.761904716491699,5.481908321380615,8589934592,2147483648,6166495232,407961600
209,1772006250356,3204,3204,3204,3204,3204,3204,3204,3204,33.333335876464844,30.000001907348633,36.3636360168457,25,23.809524536132813,25,18.18181800842285,14.285715103149414,5.481908321380615,8589934592,2147483648,6166724608,407961600
207,1772006250566,3204,3204,3204,3204,3204,3204,3204,3204,23.809524536132813,19.047618865966797,19.047618865966797,14.285715103149414,4.761904716491699,4.761904716491699,4.761904716491699,4.761904716491699,5.481908321380615,8589934592,2147483648,6166724608,407961600
209,1772006250774,3204,3204,3204,3204,3204,3204,3204,3204,19.047618865966797,23.809524536132813,15.789472579956055,23.809524536132813,0,0,0,0,5.151027679443359,8589934592,2147483648,6165561344,407961600
209,1772006250983,3204,3204,3204,3204,3204,3204,3204,3204,30.000001907348633,33.333335876464844,27.272727966308594,23.809524536132813,19.047618865966797,19.047618865966797,0,0,5.151027679443359,8589934592,2147483648,6165168128,407961600
209,1772006251194,3204,3204,3204,3204,3204,3204,3204,3204,33.333335876464844,33.333335876464844,25,19.047618865966797,4.761904716491699,4.761904716491699,4.761904716491699,0,5.151027679443359,8589934592,2147483648,6164758528,407961600
202,1772006251403,3204,3204,3204,3204,3204,3204,3204,3204,28.571430206298828,26.3157901763916,27.272727966308594,23.809524536132813,0,0,0,4.545454502105713,5.151027679443359,8589934592,2147483648,6164791296,407961600
209,1772006251606,3204,3204,3204,3204,3204,3204,3204,3204,25,25,21.052631378173828,19.047618865966797,9.523809432983398,5,0,0,5.151027679443359,8589934592,2147483648,6164955136,407961600
206,1772006251816,3204,3204,3204,3204,3204,3204,3204,3204,28.571430206298828,36.3636360168457,23.809524536132813,15.000000953674316,0,4.761904716491699,4.761904716491699,0,5.873030662536621,8589934592,2147483648,6165266432,407961600
200,1772006252023,3204,3204,3204,3204,3204,3204,3204,3204,33.333335876464844,30.000001907348633,28.571430206298828,27.272727966308594,20,9.523809432983398,4.761904716491699,4.761904716491699,5.873030662536621,8589934592,2147483648,6174441472,407961600
206,1772006252224,3204,3204,3204,3204,3204,3204,3204,3204,30.000001907348633,33.333335876464844,28.571430206298828,21.052631378173828,27.272727966308594,15.000000953674316,4.761904716491699,4.761904716491699,5.873030662536621,8589934592,2147483648,6160318464,407961600
207,1772006252431,3204,3204,3204,3204,3204,3204,3204,3204,21.052631378173828,20,20,15.000000953674316,0,4.761904716491699,0,4.761904716491699,5.873030662536621,8589934592,2147483648,6160252928,407961600
201,1772006252639,3204,3204,3204,3204,3204,3204,3204,3204,33.333335876464844,30.000001907348633,23.809524536132813,31.81818199157715,4.761904716491699,0,0,0,5.873030662536621,8589934592,2147483648,6150029312,407961600
208,1772006252841,3204,3204,3204,3204,3204,3204,3204,3204,25,28.571430206298828,25,15.789472579956055,0,0,0,0,5.632146835327148,8589934592,2147483648,6148653056,407961600
209,1772006253050,3204,3204,3204,3204,3204,3204,3204,3204,33.333335876464844,23.809524536132813,30.000001907348633,19.047618865966797,5,9.090909004211426,4.761904716491699,4.761904716491699,5.632146835327148,8589934592,2147483648,6146244608,407961600
204,1772006253260,3204,3204,3204,3204,3204,3204,3204,3204,23.809524536132813,20,14.285715103149414,19.047618865966797,4.545454502105713,0,0,0,5.632146835327148,8589934592,2147483648,6145867776,407961600
207,1772006253465,3204,3204,3204,3204,3204,3204,3204,3204,28.571430206298828,28.571430206298828,23.809524536132813,25,0,0,0,0,5.632146835327148,8589934592,2147483648,6146703360,407961600
200,1772006253673,3204,3204,3204,3204,3204,3204,3204,3204,30.000001907348633,28.571430206298828,28.571430206298828,22.72727394104004,0,4.761904716491699,4.761904716491699,0,5.632146835327148,8589934592,2147483648,6146703360,407961600
205,1772006253875,3204,3204,3204,3204,3204,3204,3204,3204,30.000001907348633,21.052631378173828,25,25,14.285715103149414,5,0,0,5.494656085968018,8589934592,2147483648,6147817472,407961600
206,1772006254081,3204,3204,3204,3204,3204,3204,3204,3204,60.000003814697266,71.42857360839844,55,68.42105102539063,0,0,0,0,5.494656085968018,8589934592,2147483648,6156877824,407961600
202,1772006254289,3204,3204,3204,3204,3204,3204,3204,3204,47.619049072265625,47.619049072265625,45,42.85714340209961,23.809524536132813,25,5,5,5.494656085968018,8589934592,2147483648,6155468800,407961600
209,1772006254492,3204,3204,3204,3204,3204,3204,3204,3204,50,45,57.142860412597656,50,0,4.761904716491699,4.761904716491699,0,5.494656085968018,8589934592,2147483648,6156189696,407961600
207,1772006254702,3204,3204,3204,3204,3204,3204,3204,3204,38.095237731933594,35,33.333335876464844,31.81818199157715,4.545454502105713,0,0,0,5.494656085968018,8589934592,2147483648,6157484032,407961600
203,1772006254910,3204,3204,3204,3204,3204,3204,3204,3204,45.45454788208008,40.90909194946289,52.38095474243164,30.000001907348633,0,0,0,4.545454502105713,5.308348178863525,8589934592,2147483648,6158270464,407961600
209,1772006255114,3204,3204,3204,3204,3204,3204,3204,3204,45,40,40,40,36.3636360168457,4.761904716491699,45,0,5.308348178863525,8589934592,2147483648,6158647296,407961600
209,1772006255324,3204,3204,3204,3204,3204,3204,3204,3204,30.000001907348633,31.81818199157715,28.571430206298828,23.809524536132813,80,33.333335876464844,0,0,5.308348178863525,8589934592,2147483648,6161514496,407961600
204,1772006255534,3204,3204,3204,3204,3204,3204,3204,3204,23.809524536132813,25,23.809524536132813,23.809524536132813,0,50,4.761904716491699,5,5.308348178863525,8589934592,2147483648,6161514496,407961600
201,1772006255739,3204,3204,3204,3204,3204,3204,3204,3204,20,20,20,14.285715103149414,5,61.904762268066406,38.095237731933594,4.761904716491699,6.094273567199707,8589934592,2147483648,6161514496,407961600
209,1772006255940,3204,3204,3204,3204,3204,3204,3204,3204,25,20,28.571430206298828,20,5,5,26.3157901763916,63.15789031982422,6.094273567199707,8589934592,2147483648,6163202048,407961600
208,1772006256151,3204,3204,3204,3204,3204,3204,3204,3204,31.81818199157715,23.809524536132813,20,19.047618865966797,63.6363639831543,28.571430206298828,4.545454502105713,4.545454502105713,6.094273567199707,8589934592,2147483648,6161334272,407961600
204,1772006256359,3204,3204,3204,3204,3204,3204,3204,3204,40,30.000001907348633,33.333335876464844,30.000001907348633,60.000003814697266,19.047618865966797,9.523809432983398,0,6.094273567199707,8589934592,2147483648,6174539776,407961600
204,1772006256565,3204,3204,3204,3204,3204,3204,3204,3204,33.333335876464844,38.095237731933594,26.3157901763916,25,52.38095474243164,14.285715103149414,5,4.545454502105713,6.094273567199707,8589934592,2147483648,6162513920,407961600
203,1772006256769,3204,3204,3204,3204,3204,3204,3204,3204,47.36842346191406,42.85714340209961,52.38095474243164,40.90909194946289,30.000001907348633,5,0,5,9.673321723937988,8589934592,2147483648,6164021248,407961600
207,1772006256973,3204,3204,3204,3204,3204,3204,3204,3204,33.333335876464844,21.052631378173828,25,21.052631378173828,65,0,0,0,9.673321723937988,8589934592,2147483648,6164627456,407961600
207,1772006257181,3204,3204,3204,3204,3204,3204,3204,3204,25,33.333335876464844,23.809524536132813,19.047618865966797,57.142860412597656,4.545454502105713,0,0,9.673321723937988,8589934592,2147483648,6165315584,407961600
201,1772006257389,3204,3204,3204,3204,3204,3204,3204,3204,28.571430206298828,23.809524536132813,22.72727394104004,22.72727394104004,28.571430206298828,5,4.545454502105713,4.761904716491699,9.673321723937988,8589934592,2147483648,6165495808,407961600
209,1772006257591,3204,3204,3204,3204,3204,3204,3204,3204,25,25,21.052631378173828,15.789472579956055,65,0,0,0,9.673321723937988,8589934592,2147483648,6166347776,407961600
206,1772006257800,3204,3204,3204,3204,3204,3204,3204,3204,33.333335876464844,28.571430206298828,23.809524536132813,23.809524536132813,50,9.090909004211426,0,0,10.387192726135254,8589934592,2147483648,6166347776,407961600
205,1772006258008,3204,3204,3204,3204,3204,3204,3204,3204,25,20,20,19.047618865966797,19.047618865966797,4.761904716491699,0,0,10.387192726135254,8589934592,2147483648,6166282240,407961600
206,1772006258214,3204,3204,3204,3204,3204,3204,3204,3204,23.809524536132813,21.052631378173828,20,15.000000953674316,70,15.000000953674316,0,0,10.387192726135254,8589934592,2147483648,6168854528,407961600
209,1772006258420,3204,3204,3204,3204,3204,3204,3204,3204,30.000001907348633,31.81818199157715,28.571430206298828,20,66.66667175292969,9.523809432983398,0,0,10.387192726135254,8589934592,2147483648,6152306688,407961600
207,1772006258630,3204,3204,3204,3204,3204,3204,3204,3204,42.85714340209961,23.809524536132813,28.571430206298828,28.571430206298828,42.85714340209961,14.285715103149414,4.545454502105713,0,10.387192726135254,8589934592,2147483648,6145343488,407961600
208,1772006258839,3204,3204,3204,3204,3204,3204,3204,3204,33.333335876464844,33.333335876464844,25,33.333335876464844,61.904762268066406,0,0,0,9.06307315826416,8589934592,2147483648,6146162688,407961600
209,1772006259048,3204,3204,3204,3204,3204,3204,3204,3204,25,25,27.272727966308594,23.809524536132813,80,4.761904716491699,0,0,9.06307315826416,8589934592,2147483648,6146359296,407961600
205,1772006259258,3204,3204,3204,3204,3204,3204,3204,3204,31.81818199157715,23.809524536132813,23.809524536132813,20,30.434782028198242,9.090909004211426,0,4.761904716491699,9.06307315826416,8589934592,2147483648,6146457600,407961600
207,1772006259464,3204,3204,3204,3204,3204,3204,3204,3204,26.3157901763916,25,21.052631378173828,18.18181800842285,68.42105102539063,5,0,0,9.06307315826416,8589934592,2147483648,6146457600,407961600
200,1772006259672,3204,3204,3204,3204,3204,3204,3204,3204,23.809524536132813,25,27.272727966308594,20,61.904762268066406,15.000000953674316,0,0,9.06307315826416,8589934592,2147483648,6146457600,407961600
200,1772006259873,3204,3204,3204,3204,3204,3204,3204,3204,25,20,25,20,50,9.523809432983398,5,0,8.479828834533691,8589934592,2147483648,6146457600,407961600
206,1772006260074,3204,3204,3204,3204,3204,3204,3204,3204,30.000001907348633,25,25,15.789472579956055,60.000003814697266,0,0,0,8.479828834533691,8589934592,2147483648,6140805120,407961600
209,1772006260282,3204,3204,3204,3204,3204,3204,3204,3204,28.571430206298828,31.81818199157715,20,22.72727394104004,60.000003814697266,0,0,4.545454502105713,8.479828834533691,8589934592,2147483648,6141657088,407961600
209,1772006260491,3204,3204,3204,3204,3204,3204,3204,3204,31.57894515991211,30.000001907348633,36.3636360168457,28.571430206298828,72.7272720336914,23.809524536132813,22.72727394104004,19.047618865966797,8.479828834533691,8589934592,2147483648,6142935040,407961600
207,1772006260701,3204,3204,3204,3204,3204,3204,3204,3204,40.90909194946289,38.095237731933594,31.57894515991211,31.57894515991211,80,15.000000953674316,4.761904716491699,0,8.479828834533691,8589934592,2147483648,6142115840,407961600
209,1772006260909,3204,3204,3204,3204,3204,3204,3204,3204,23.809524536132813,25,18.18181800842285,18.18181800842285,57.142860412597656,0,0,0,9.256710052490234,8589934592,2147483648,6144278528,407961600
204,1772006261119,3204,3204,3204,3204,3204,3204,3204,3204,25,27.272727966308594,19.047618865966797,15.000000953674316,66.66667175292969,13.636363983154297,14.285715103149414,4.545454502105713,9.256710052490234,8589934592,2147483648,6145032192,407961600
208,1772006261324,3204,3204,3204,3204,3204,3204,3204,3204,28.571430206298828,21.052631378173828,20,23.809524536132813,85,4.761904716491699,4.761904716491699,0,9.256710052490234,8589934592,2147483648,6149668864,407961600
207,1772006261533,3204,3204,3204,3204,3204,3204,3204,3204,23.809524536132813,23.809524536132813,20,15.000000953674316,68.18181610107422,0,0,0,9.256710052490234,8589934592,2147483648,6150651904,407961600
207,1772006261741,3204,3204,3204,3204,3204,3204,3204,3204,25,19.047618865966797,23.809524536132813,22.72727394104004,90,0,0,0,10.115682601928711,8589934592,2147483648,6150651904,407961600
206,1772006261949,3204,3204,3204,3204,3204,3204,3204,3204,19.047618865966797,23.809524536132813,19.047618865966797,15.000000953674316,90.47618865966797,0,0,0,10.115682601928711,8589934592,2147483648,6150651904,407961600
208,1772006262156,3204,3204,3204,3204,3204,3204,3204,3204,23.809524536132813,21.052631378173828,15.000000953674316,15.000000953674316,38.095237731933594,0,0,0,10.115682601928711,8589934592,2147483648,6150635520,407961600
202,1772006262364,3204,3204,3204,3204,3204,3204,3204,3204,23.809524536132813,22.72727394104004,19.047618865966797,27.272727966308594,75,0,0,0,10.115682601928711,8589934592,2147483648,6151045120,407961600
207,1772006262567,3204,3204,3204,3204,3204,3204,3204,3204,21.052631378173828,20,19.047618865966797,15.789472579956055,65,4.761904716491699,0,0,10.115682601928711,8589934592,2147483648,6151782400,407961600
209,1772006262775,3204,3204,3204,3204,3204,3204,3204,3204,33.333335876464844,30.000001907348633,28.571430206298828,27.272727966308594,52.38095474243164,15.000000953674316,4.761904716491699,4.545454502105713,10.1331205368042,8589934592,2147483648,6151782400,407961600
204,1772006262985,3204,3204,3204,3204,3204,3204,3204,3204,25,23.809524536132813,25,19.047618865966797,45.45454788208008,0,0,0,10.1331205368042,8589934592,2147483648,6151782400,407961600
202,1772006263191,3204,3204,3204,3204,3204,3204,3204,3204,28.571430206298828,25,25,15.000000953674316,45,4.761904716491699,0,4.761904716491699,10.1331205368042,8589934592,2147483648,6137659392,407961600
201,1772006263393,3204,3204,3204,3204,3204,3204,3204,3204,35,30.000001907348633,20,15.789472579956055,50,0,0,0,10.1331205368042,8589934592,2147483648,6139936768,407961600
206,1772006263595,3204,3204,3204,3204,3204,3204,3204,3204,20,28.571430206298828,20,20,52.6315803527832,0,0,0,10.1331205368042,8589934592,2147483648,6140575744,407961600
209,1772006263802,3204,3204,3204,3204,3204,3204,3204,3204,20,30.000001907348633,23.809524536132813,22.72727394104004,50,0,0,0,9.208479881286621,8589934592,2147483648,6142574592,407961600
201,1772006264012,3204,3204,3204,3204,3204,3204,3204,3204,30.000001907348633,23.809524536132813,15.000000953674316,10,10,0,0,0,9.208479881286621,8589934592,2147483648,6142443520,407961600
201,1772006264214,3204,3204,3204,3204,3204,3204,3204,3204,28.571430206298828,28.571430206298828,19.047618865966797,19.047618865966797,40,0,0,0,9.208479881286621,8589934592,2147483648,6136578048,407961600
207,1772006264416,3204,3204,3204,3204,3204,3204,3204,3204,30.000001907348633,26.3157901763916,25,21.052631378173828,15.000000953674316,0,0,0,9.208479881286621,8589934592,2147483648,6128156672,407961600
200,1772006264624,3204,3204,3204,3204,3204,3204,3204,3204,30.000001907348633,25,20,19.047618865966797,30.000001907348633,14.285715103149414,13.636363983154297,0,9.208479881286621,8589934592,2147483648,6117736448,407961600
209,1772006264824,3204,3204,3204,3204,3204,3204,3204,3204,35,33.333335876464844,33.333335876464844,25,52.38095474243164,5,5,5,9.017144203186035,8589934592,2147483648,6106284032,407961600
208,1772006265034,3204,3204,3204,3204,3204,3204,3204,3204,47.619049072265625,35,26.3157901763916,28.571430206298828,15.789472579956055,4.761904716491699,0,0,9.017144203186035,8589934592,2147483648,6081429504,407961600
204,1772006265243,3204,3204,3204,3204,3204,3204,3204,3204,28.571430206298828,20,22.72727394104004,14.285715103149414,50,0,0,0,9.017144203186035,8589934592,2147483648,6088572928,407961600
208,1772006265447,3204,3204,3204,3204,3204,3204,3204,3204,35,25,25,15.789472579956055,45,5,0,5,9.017144203186035,8589934592,2147483648,6068011008,407961600
202,1772006265656,3204,3204,3204,3204,3204,3204,3204,3204,25,28.571430206298828,23.809524536132813,23.809524536132813,19.047618865966797,9.090909004211426,0,0,9.017144203186035,8589934592,2147483648,6068486144,407961600
209,1772006265858,3204,3204,3204,3204,3204,3204,3204,3204,25,25,15.000000953674316,15.000000953674316,68.42105102539063,0,0,0,7.928732872009277,8589934592,2147483648,6075924480,407961600
204,1772006266068,3204,3204,3204,3204,3204,3204,3204,3204,42.85714340209961,33.333335876464844,33.333335876464844,27.272727966308594,52.38095474243164,14.285715103149414,0,4.761904716491699,7.928732872009277,8589934592,2147483648,6055329792,407961600
207,1772006266273,3204,3204,3204,3204,3204,3204,3204,3204,38.095237731933594,33.333335876464844,20,20,15.000000953674316,0,0,0,7.928732872009277,8589934592,2147483648,6066143232,407961600
207,1772006266481,3204,3204,3204,3204,3204,3204,3204,3204,45,45,38.095237731933594,33.333335876464844,13.636363983154297,0,0,0,7.928732872009277,8589934592,2147483648,6067142656,407961600
208,1772006266688,3204,3204,3204,3204,3204,3204,3204,3204,40,30.000001907348633,21.052631378173828,20,55,4.761904716491699,4.761904716491699,0,7.928732872009277,8589934592,2147483648,6064324608,407961600
207,1772006266897,3204,3204,3204,3204,3204,3204,3204,3204,28.571430206298828,19.047618865966797,22.72727394104004,15.000000953674316,95.23809814453125,0,0,0,8.596877098083496,8589934592,2147483648,6059556864,407961600
200,1772006267106,3204,3204,3204,3204,3204,3204,3204,3204,35,35,38.095237731933594,28.571430206298828,36.842105865478516,5,4.761904716491699,9.090909004211426,8.596877098083496,8589934592,2147483648,6018580480,407961600
208,1772006267307,3204,3204,3204,3204,3204,3204,3204,3204,25,23.809524536132813,25,20,66.66667175292969,14.285715103149414,0,0,8.596877098083496,8589934592,2147483648,6022840320,407961600
202,1772006267517,3204,3204,3204,3204,3204,3204,3204,3204,22.72727394104004,19.047618865966797,19.047618865966797,15.000000953674316,95.23809814453125,0,4.761904716491699,0,8.596877098083496,8589934592,2147483648,6020202496,407961600
200,1772006267720,3204,3204,3204,3204,3204,3204,3204,3204,30.000001907348633,30.000001907348633,26.3157901763916,23.809524536132813,10,0,0,0,8.596877098083496,8589934592,2147483648,6020202496,407961600
203,1772006267920,3204,3204,3204,3204,3204,3204,3204,3204,26.3157901763916,21.052631378173828,25,19.047618865966797,65,0,0,0,8.743793487548828,8589934592,2147483648,6020202496,407961600
206,1772006268124,3204,3204,3204,3204,3204,3204,3204,3204,30.000001907348633,28.571430206298828,23.809524536132813,15.000000953674316,9.523809432983398,10,4.761904716491699,0,8.743793487548828,8589934592,2147483648,6020202496,407961600
208,1772006268331,3204,3204,3204,3204,3204,3204,3204,3204,30.000001907348633,30.000001907348633,25,20,10,33.333335876464844,0,0,8.743793487548828,8589934592,2147483648,6012993536,407961600
207,1772006268539,3204,3204,3204,3204,3204,3204,3204,3204,23.809524536132813,28.571430206298828,23.809524536132813,14.285715103149414,9.090909004211426,0,0,0,8.743793487548828,8589934592,2147483648,6012403712,407961600
209,1772006268747,3204,3204,3204,3204,3204,3204,3204,3204,28.571430206298828,25,28.571430206298828,15.000000953674316,42.105262756347656,4.545454502105713,4.761904716491699,0,9.934985160827637,8589934592,2147483648,6012387328,407961600
200,1772006268957,3204,3204,3204,3204,3204,3204,3204,3204,33.333335876464844,28.571430206298828,20,22.72727394104004,4.545454502105713,0,0,0,9.934985160827637,8589934592,2147483648,6012387328,407961600
208,1772006269157,3204,3204,3204,3204,3204,3204,3204,3204,31.57894515991211,30.000001907348633,30.000001907348633,26.3157901763916,20,14.285715103149414,19.047618865966797,5,9.934985160827637,8589934592,2147483648,6012387328,407961600
209,1772006269367,3204,3204,3204,3204,3204,3204,3204,3204,36.3636360168457,33.333335876464844,23.809524536132813,23.809524536132813,14.285715103149414,10,0,0,9.934985160827637,8589934592,2147483648,6012485632,407961600
205,1772006269576,3204,3204,3204,3204,3204,3204,3204,3204,23.809524536132813,25,28.571430206298828,22.72727394104004,0,4.545454502105713,0,0,9.934985160827637,8589934592,2147483648,6014517248,407961600
205,1772006269782,3204,3204,3204,3204,3204,3204,3204,3204,26.3157901763916,28.571430206298828,20,21.052631378173828,0,0,0,0,7.033872604370117,8589934592,2147483648,6014517248,407961600
200,1772006269989,3204,3204,3204,3204,3204,3204,3204,3204,28.571430206298828,30.000001907348633,23.809524536132813,22.72727394104004,5,4.761904716491699,4.761904716491699,4.761904716491699,7.033872604370117,8589934592,2147483648,6014517248,407961600
206,1772006270190,3204,3204,3204,3204,3204,3204,3204,3204,30.000001907348633,28.571430206298828,26.3157901763916,25,4.761904716491699,0,0,0,7.033872604370117,8589934592,2147483648,6014517248,407961600
207,1772006270396,3204,3204,3204,3204,3204,3204,3204,3204,28.571430206298828,30.000001907348633,23.809524536132813,15.789472579956055,4.761904716491699,9.090909004211426,0,4.761904716491699,7.033872604370117,8589934592,2147483648,6012682240,407961600
202,1772006270604,3204,3204,3204,3204,3204,3204,3204,3204,30.000001907348633,28.571430206298828,23.809524536132813,22.72727394104004,0,0,4.761904716491699,0,7.033872604370117,8589934592,2147483648,6012698624,407961600
206,1772006270807,3204,3204,3204,3204,3204,3204,3204,3204,25,25,23.809524536132813,20,5,5,5,4.761904716491699,5.805304050445557,8589934592,2147483648,6013222912,407961600
199,1772006271014,3204,3204,3204,3204,3204,3204,3204,3204,28.571430206298828,19.047618865966797,21.052631378173828,20,9.523809432983398,23.809524536132813,0,0,5.805304050445557,8589934592,2147483648,6011961344,407961600
209,1772006271214,3204,3204,3204,3204,3204,3204,3204,3204,40,35,30.000001907348633,30.000001907348633,10,5,5,0,5.805304050445557,8589934592,2147483648,6017417216,407961600
205,1772006271424,3204,3204,3204,3204,3204,3204,3204,3204,30.000001907348633,20,27.272727966308594,22.72727394104004,19.047618865966797,23.809524536132813,0,0,5.805304050445557,8589934592,2147483648,6012321792,407961600
206,1772006271631,3204,3204,3204,3204,3204,3204,3204,3204,28.571430206298828,33.333335876464844,25,15.789472579956055,4.761904716491699,0,0,4.761904716491699,5.805304050445557,8589934592,2147483648,6012321792,407961600
202,1772006271838,3204,3204,3204,3204,3204,3204,3204,3204,28.571430206298828,25,25,19.047618865966797,5,9.090909004211426,4.761904716491699,0,5.372689723968506,8589934592,2147483648,6012321792,407961600
209,1772006272041,3204,3204,3204,3204,3204,3204,3204,3204,30.000001907348633,25,23.809524536132813,23.809524536132813,4.761904716491699,5,0,4.761904716491699,5.372689723968506,8589934592,2147483648,6012321792,407961600
204,1772006272251,3204,3204,3204,3204,3204,3204,3204,3204,42.85714340209961,42.85714340209961,38.095237731933594,30.000001907348633,23.809524536132813,15.000000953674316,22.72727394104004,14.285715103149414,5.372689723968506,8589934592,2147483648,6012321792,407961600
209,1772006272456,3204,3204,3204,3204,3204,3204,3204,3204,30.000001907348633,23.809524536132813,25,19.047618865966797,5,5,0,4.761904716491699,5.372689723968506,8589934592,2147483648,6016385024,407961600
200,1772006272666,3204,3204,3204,3204,3204,3204,3204,3204,19.047618865966797,28.571430206298828,23.809524536132813,14.285715103149414,0,4.545454502105713,0,0,5.372689723968506,8589934592,2147483648,6016368640,407961600
207,1772006272866,3204,3204,3204,3204,3204,3204,3204,3204,35,40,30.000001907348633,26.3157901763916,5,4.761904716491699,0,0,5.735696792602539,8589934592,2147483648,6017499136,407961600
206,1772006273074,3204,3204,3204,3204,3204,3204,3204,3204,33.333335876464844,30.000001907348633,25,27.272727966308594,0,0,0,0,5.735696792602539,8589934592,2147483648,6017826816,407961600
206,1772006273281,3204,3204,3204,3204,3204,3204,3204,3204,25,23.809524536132813,19.047618865966797,15.000000953674316,4.761904716491699,0,0,0,5.735696792602539,8589934592,2147483648,6017794048,407961600
209,1772006273487,3204,3204,3204,3204,3204,3204,3204,3204,33.333335876464844,25,28.571430206298828,30.000001907348633,19.047618865966797,23.809524536132813,9.523809432983398,4.761904716491699,5.735696792602539,8589934592,2147483648,6016974848,407961600
199,1772006273698,3204,3204,3204,3204,3204,3204,3204,3204,28.571430206298828,28.571430206298828,20,23.809524536132813,5,4.761904716491699,0,0,5.735696792602539,8589934592,2147483648,6017089536,407961600
207,1772006273898,3204,3204,3204,3204,3204,3204,3204,3204,31.57894515991211,30.000001907348633,42.85714340209961,30.000001907348633,4.761904716491699,5,0,0,6.088129997253418,8589934592,2147483648,6017843200,407961600
208,1772006274105,3204,3204,3204,3204,3204,3204,3204,3204,52.38095474243164,55,55,47.619049072265625,0,0,4.761904716491699,0,6.088129997253418,8589934592,2147483648,6021791744,407961600
209,1772006274314,3204,3204,3204,3204,3204,3204,3204,3204,25,28.571430206298828,20,19.047618865966797,4.545454502105713,0,0,4.545454502105713,6.088129997253418,8589934592,2147483648,6022070272,407961600
209,1772006274524,3204,3204,3204,3204,3204,3204,3204,3204,45.45454788208008,38.095237731933594,36.3636360168457,38.095237731933594,0,4.761904716491699,0,0,6.088129997253418,8589934592,2147483648,6026543104,407961600
206,1772006274734,3204,3204,3204,3204,3204,3204,3204,3204,28.571430206298828,28.571430206298828,25,28.571430206298828,9.090909004211426,0,0,0,5.585064888000488,8589934592,2147483648,6027706368,407961600
209,1772006274941,3204,3204,3204,3204,3204,3204,3204,3204,26.3157901763916,23.809524536132813,19.047618865966797,20,0,9.090909004211426,0,0,5.585064888000488,8589934592,2147483648,6027673600,407961600
207,1772006275151,3204,3204,3204,3204,3204,3204,3204,3204,36.3636360168457,30.000001907348633,28.571430206298828,27.272727966308594,0,0,4.545454502105713,4.545454502105713,5.585064888000488,8589934592,2147483648,6026952704,407961600
205,1772006275358,3204,3204,3204,3204,3204,3204,3204,3204,25,23.809524536132813,15.000000953674316,15.000000953674316,4.761904716491699,4.545454502105713,0,0,5.585064888000488,8589934592,2147483648,6026952704,407961600
209,1772006275564,3204,3204,3204,3204,3204,3204,3204,3204,33.333335876464844,25,28.571430206298828,20,19.047618865966797,15.000000953674316,4.761904716491699,0,5.585064888000488,8589934592,2147483648,6037487616,407961600
206,1772006275774,3204,3204,3204,3204,3204,3204,3204,3204,25,28.571430206298828,23.809524536132813,19.047618865966797,19.047618865966797,10,0,0,5.798771858215332,8589934592,2147483648,6027116544,407961600
209,1772006275981,3204,3204,3204,3204,3204,3204,3204,3204,31.81818199157715,28.571430206298828,23.809524536132813,19.047618865966797,15.000000953674316,4.761904716491699,4.761904716491699,0,5.798771858215332,8589934592,2147483648,6029656064,407961600
201,1772006276191,3204,3204,3204,3204,3204,3204,3204,3204,25,20,15.000000953674316,19.047618865966797,9.523809432983398,4.545454502105713,0,0,5.798771858215332,8589934592,2147483648,6027001856,407961600
200,1772006276393,3204,3204,3204,3204,3204,3204,3204,3204,30.000001907348633,25,20,10.526315689086914,0,0,0,0,5.798771858215332,8589934592,2147483648,6027034624,407961600
209,1772006276594,3204,3204,3204,3204,3204,3204,3204,3204,25,20,19.047618865966797,28.571430206298828,0,0,0,4.761904716491699,5.798771858215332,8589934592,2147483648,6027034624,407961600
205,1772006276804,3204,3204,3204,3204,3204,3204,3204,3204,33.333335876464844,27.272727966308594,23.809524536132813,23.809524536132813,4.761904716491699,4.761904716491699,4.545454502105713,0,5.419595241546631,8589934592,2147483648,6026903552,407961600
209,1772006277010,3204,3204,3204,3204,3204,3204,3204,3204,25,25,20,15.000000953674316,0,0,0,0,5.419595241546631,8589934592,2147483648,6026821632,407961600
208,1772006277220,3204,3204,3204,3204,3204,3204,3204,3204,31.81818199157715,23.809524536132813,19.047618865966797,19.047618865966797,9.090909004211426,4.761904716491699,0,0,5.419595241546631,8589934592,2147483648,6026870784,407961600
200,1772006277428,3204,3204,3204,3204,3204,3204,3204,3204,25,23.809524536132813,25,14.285715103149414,0,0,0,0,5.419595241546631,8589934592,2147483648,6026985472,407961600
209,1772006277629,3204,3204,3204,3204,3204,3204,3204,3204,40,31.57894515991211,30.000001907348633,30.000001907348633,0,0,0,0,5.419595241546631,8589934592,2147483648,6028820480,407961600
200,1772006277839,3204,3204,3204,3204,3204,3204,3204,3204,40,36.3636360168457,28.571430206298828,28.571430206298828,30.000001907348633,19.047618865966797,4.761904716491699,4.761904716491699,5.293018341064453,8589934592,2147483648,6027542528,407961600
202,1772006278039,3204,3204,3204,3204,3204,3204,3204,3204,25,20,20,15.789472579956055,9.523809432983398,4.761904716491699,5,0,5.293018341064453,8589934592,2147483648,6027591680,407961600
209,1772006278243,3204,3204,3204,3204,3204,3204,3204,3204,28.571430206298828,21.052631378173828,20,22.72727394104004,4.761904716491699,0,0,0,5.293018341064453,8589934592,2147483648,6027460608,407961600
202,1772006278453,3204,3204,3204,3204,3204,3204,3204,3204,28.571430206298828,28.571430206298828,27.272727966308594,20,0,0,0,0,5.293018341064453,8589934592,2147483648,6027804672,407961600
205,1772006278655,3204,3204,3204,3204,3204,3204,3204,3204,30.000001907348633,23.809524536132813,20,15.000000953674316,4.761904716491699,0,0,0,5.293018341064453,8589934592,2147483648,6029557760,407961600
201,1772006278862,3204,3204,3204,3204,3204,3204,3204,3204,30.000001907348633,25,15.000000953674316,14.285715103149414,0,0,0,0,5.5174031257629395,8589934592,2147483648,6028640256,407961600
209,1772006279064,3204,3204,3204,3204,3204,3204,3204,3204,30.000001907348633,25,21.052631378173828,20,0,4.761904716491699,0,0,5.5174031257629395,8589934592,2147483648,6028640256,407961600
206,1772006279274,3204,3204,3204,3204,3204,3204,3204,3204,28.571430206298828,20,22.72727394104004,15.000000953674316,5,4.761904716491699,0,0,5.5174031257629395,8589934592,2147483648,6028640256,407961600
207,1772006279481,3204,3204,3204,3204,3204,3204,3204,3204,28.571430206298828,31.81818199157715,15.000000953674316,19.047618865966797,0,0,0,0,5.5174031257629395,8589934592,2147483648,6028640256,407961600
209,1772006279689,3204,3204,3204,3204,3204,3204,3204,3204,20,20,19.047618865966797,10,0,0,0,0,5.5174031257629395,8589934592,2147483648,6024790016,407961600
208,1772006279899,3204,3204,3204,3204,3204,3204,3204,3204,28.571430206298828,30.000001907348633,25,22.72727394104004,22.72727394104004,19.047618865966797,4.761904716491699,14.285715103149414,5.319398403167725,8589934592,2147483648,6035423232,407961600
204,1772006280108,3204,3204,3204,3204,3204,3204,3204,3204,38.095237731933594,36.3636360168457,33.333335876464844,25,4.761904716491699,9.523809432983398,0,0,5.319398403167725,8589934592,2147483648,6032408576,407961600
209,1772006280313,3204,3204,3204,3204,3204,3204,3204,3204,50,50,50,42.85714340209961,4.761904716491699,4.761904716491699,4.761904716491699,0,5.319398403167725,8589934592,2147483648,6016794624,407961600
207,1772006280523,3204,3204,3204,3204,3204,3204,3204,3204,61.904762268066406,65,50,52.38095474243164,15.000000953674316,20,14.285715103149414,15.000000953674316,5.319398403167725,8589934592,2147483648,6003343360,407961600
209,1772006280731,3204,3204,3204,3204,3204,3204,3204,3204,59.09090805053711,59.09090805053711,55,57.142860412597656,4.761904716491699,4.761904716491699,4.761904716491699,4.545454502105713,5.281087398529053,8589934592,2147483648,6001442816,407961600
209,1772006280941,3204,3204,3204,3204,3204,3204,3204,3204,30.000001907348633,28.571430206298828,31.81818199157715,28.571430206298828,0,0,0,0,5.281087398529053,8589934592,2147483648,6002327552,407961600
203,1772006281151,3204,3204,3204,3204,3204,3204,3204,3204,28.571430206298828,30.000001907348633,33.333335876464844,20,22.72727394104004,10,0,0,5.281087398529053,8589934592,2147483648,6001278976,407961600
208,1772006281356,3204,3204,3204,3204,3204,3204,3204,3204,30.000001907348633,28.571430206298828,21.052631378173828,23.809524536132813,4.761904716491699,4.761904716491699,0,0,5.281087398529053,8589934592,2147483648,6000492544,407961600
208,1772006281565,3204,3204,3204,3204,3204,3204,3204,3204,30.000001907348633,30.000001907348633,27.272727966308594,23.809524536132813,0,0,0,0,5.281087398529053,8589934592,2147483648,6000476160,407961600
200,1772006281773,3204,3204,3204,3204,3204,3204,3204,3204,38.095237731933594,38.095237731933594,35,25,4.761904716491699,9.523809432983398,4.761904716491699,4.761904716491699,6.20563268661499,8589934592,2147483648,6000984064,407961600
209,1772006281974,3204,3204,3204,3204,3204,3204,3204,3204,45,47.619049072265625,42.85714340209961,40,15.000000953674316,20,0,0,6.20563268661499,8589934592,2147483648,5978406912,407961600
203,1772006282184,3204,3204,3204,3204,3204,3204,3204,3204,31.81818199157715,20,23.809524536132813,19.047618865966797,19.047618865966797,14.285715103149414,4.545454502105713,4.545454502105713,6.20563268661499,8589934592,2147483648,5967986688,407961600
209,1772006282389,3204,3204,3204,3204,3204,3204,3204,3204,26.3157901763916,30.000001907348633,21.052631378173828,25,0,0,0,0,6.20563268661499,8589934592,2147483648,5966970880,407961600
208,1772006282599,3204,3204,3204,3204,3204,3204,3204,3204,28.571430206298828,28.571430206298828,19.047618865966797,18.18181800842285,0,0,0,0,6.20563268661499,8589934592,2147483648,5966299136,407961600
208,1772006282807,3204,3204,3204,3204,3204,3204,3204,3204,28.571430206298828,23.809524536132813,19.047618865966797,15.000000953674316,4.761904716491699,4.545454502105713,0,0,5.361695766448975,8589934592,2147483648,5966217216,407961600
209,1772006283017,3204,3204,3204,3204,3204,3204,3204,3204,23.809524536132813,23.809524536132813,23.809524536132813,22.72727394104004,4.761904716491699,0,0,9.090909004211426,5.361695766448975,8589934592,2147483648,5966151680,407961600
203,1772006283226,3204,3204,3204,3204,3204,3204,3204,3204,23.809524536132813,28.571430206298828,19.047618865966797,15.000000953674316,4.545454502105713,4.761904716491699,0,0,5.361695766448975,8589934592,2147483648,5961940992,407961600
206,1772006283431,3204,3204,3204,3204,3204,3204,3204,3204,30.000001907348633,20,20,28.571430206298828,0,0,4.545454502105713,0,5.361695766448975,8589934592,2147483648,5957697536,407961600
208,1772006283638,3204,3204,3204,3204,3204,3204,3204,3204,28.571430206298828,25,25,20,0,5,0,4.761904716491699,5.361695766448975,8589934592,2147483648,5957779456,407961600
208,1772006283846,3204,3204,3204,3204,3204,3204,3204,3204,20,23.809524536132813,23.809524536132813,19.047618865966797,4.761904716491699,0,0,0,5.728128433227539,8589934592,2147483648,5957795840,407961600
209,1772006284056,3204,3204,3204,3204,3204,3204,3204,3204,31.81818199157715,25,27.272727966308594,28.571430206298828,4.761904716491699,4.761904716491699,4.545454502105713,0,5.728128433227539,8589934592,2147483648,5959434240,407961600
209,1772006284265,3204,3204,3204,3204,3204,3204,3204,3204,31.57894515991211,31.81818199157715,30.000001907348633,25,28.571430206298828,23.809524536132813,9.523809432983398,0,5.728128433227539,8589934592,2147483648,5960941568,407961600
204,1772006284475,3204,3204,3204,3204,3204,3204,3204,3204,27.272727966308594,23.809524536132813,15.000000953674316,18.18181800842285,0,0,0,0,5.728128433227539,8589934592,2147483648,5960941568,407961600
205,1772006284681,3204,3204,3204,3204,3204,3204,3204,3204,25,20,22.72727394104004,15.000000953674316,5,9.523809432983398,4.761904716491699,4.761904716491699,5.728128433227539,8589934592,2147483648,5960941568,407961600
203,1772006284887,3204,3204,3204,3204,3204,3204,3204,3204,25,25,20,20,0,0,0,0,5.144822120666504,8589934592,2147483648,5960826880,407961600
200,1772006285091,3204,3204,3204,3204,3204,3204,3204,3204,38.095237731933594,33.333335876464844,28.571430206298828,23.809524536132813,5,0,0,0,5.144822120666504,8589934592,2147483648,5975605248,407961600
209,1772006285291,3204,3204,3204,3204,3204,3204,3204,3204,26.3157901763916,26.3157901763916,21.052631378173828,20,5,0,0,0,5.144822120666504,8589934592,2147483648,5975621632,407961600
203,1772006285501,3204,3204,3204,3204,3204,3204,3204,3204,28.571430206298828,28.571430206298828,18.18181800842285,10,9.523809432983398,4.761904716491699,4.761904716491699,4.761904716491699,5.144822120666504,8589934592,2147483648,5975769088,407961600
208,1772006285705,3204,3204,3204,3204,3204,3204,3204,3204,25,23.809524536132813,10.526315689086914,25,4.761904716491699,9.523809432983398,0,4.761904716491699,5.144822120666504,8589934592,2147483648,5976604672,407961600
207,1772006285914,3204,3204,3204,3204,3204,3204,3204,3204,27.272727966308594,23.809524536132813,23.809524536132813,28.571430206298828,0,0,0,0,5.665035724639893,8589934592,2147483648,5976588288,407961600
208,1772006286122,3204,3204,3204,3204,3204,3204,3204,3204,28.571430206298828,20,19.047618865966797,18.18181800842285,5,25,4.545454502105713,0,5.665035724639893,8589934592,2147483648,5976457216,407961600
208,1772006286330,3204,3204,3204,3204,3204,3204,3204,3204,35,36.3636360168457,33.333335876464844,25,23.809524536132813,14.285715103149414,5,0,5.665035724639893,8589934592,2147483648,5985861632,407961600
208,1772006286539,3204,3204,3204,3204,3204,3204,3204,3204,20,25,20,23.809524536132813,9.523809432983398,5,0,0,5.665035724639893,8589934592,2147483648,5976096768,407961600
209,1772006286748,3204,3204,3204,3204,3204,3204,3204,3204,23.809524536132813,33.333335876464844,22.72727394104004,19.047618865966797,9.523809432983398,9.090909004211426,4.761904716491699,4.761904716491699,5.262672424316406,8589934592,2147483648,5975932928,407961600
206,1772006286958,3204,3204,3204,3204,3204,3204,3204,3204,23.809524536132813,23.809524536132813,20,15.000000953674316,0,0,0,0,5.262672424316406,8589934592,2147483648,5975982080,407961600
207,1772006287164,3204,3204,3204,3204,3204,3204,3204,3204,28.571430206298828,23.809524536132813,25,19.047618865966797,4.761904716491699,4.761904716491699,0,0,5.262672424316406,8589934592,2147483648,5975982080,407961600
201,1772006287372,3204,3204,3204,3204,3204,3204,3204,3204,20,20,31.81818199157715,23.809524536132813,0,0,4.545454502105713,0,5.262672424316406,8589934592,2147483648,5976014848,407961600
202,1772006287574,3204,3204,3204,3204,3204,3204,3204,3204,25,20,21.052631378173828,15.789472579956055,0,4.761904716491699,0,0,5.262672424316406,8589934592,2147483648,5975752704,407961600
203,1772006287777,3204,3204,3204,3204,3204,3204,3204,3204,28.571430206298828,25,25,19.047618865966797,4.761904716491699,5,0,0,5.518282890319824,8589934592,2147483648,5975752704,407961600
207,1772006287981,3204,3204,3204,3204,3204,3204,3204,3204,21.052631378173828,21.052631378173828,23.809524536132813,23.809524536132813,5,5,4.761904716491699,4.761904716491699,5.518282890319824,8589934592,2147483648,5975834624,407961600
201,1772006288189,3204,3204,3204,3204,3204,3204,3204,3204,36.3636360168457,31.81818199157715,33.333335876464844,25,4.761904716491699,4.761904716491699,0,0,5.518282890319824,8589934592,2147483648,5975998464,407961600
209,1772006288391,3204,3204,3204,3204,3204,3204,3204,3204,40,35,30.000001907348633,33.333335876464844,20,15.000000953674316,13.636363983154297,9.523809432983398,5.518282890319824,8589934592,2147483648,5973917696,407961600
206,1772006288601,3204,3204,3204,3204,3204,3204,3204,3204,25,30.000001907348633,20,20,23.809524536132813,18.18181800842285,0,0,5.518282890319824,8589934592,2147483648,5964103680,407961600
206,1772006288808,3204,3204,3204,3204,3204,3204,3204,3204,38.095237731933594,38.095237731933594,47.619049072265625,25,4.761904716491699,0,4.545454502105713,0,5.13247013092041,8589934592,2147483648,5965021184,407961600
202,1772006289015,3204,3204,3204,3204,3204,3204,3204,3204,28.571430206298828,20,23.809524536132813,18.18181800842285,0,0,0,0,5.13247013092041,8589934592,2147483648,5964054528,407961600
201,1772006289218,3204,3204,3204,3204,3204,3204,3204,3204,31.57894515991211,31.81818199157715,21.052631378173828,25,5,4.761904716491699,0,4.761904716491699,5.13247013092041,8589934592,2147483648,5963907072,407961600
203,1772006289420,3204,3204,3204,3204,3204,3204,3204,3204,33.333335876464844,21.052631378173828,27.272727966308594,15.789472579956055,0,0,4.761904716491699,0,5.13247013092041,8589934592,2147483648,5976850432,407961600
200,1772006289624,3204,3204,3204,3204,3204,3204,3204,3204,25,25,15.789472579956055,22.72727394104004,0,5,0,0,5.13247013092041,8589934592,2147483648,5976850432,407961600
205,1772006289825,3204,3204,3204,3204,3204,3204,3204,3204,35,30.000001907348633,30.000001907348633,25,20,15.000000953674316,15.789472579956055,15.789472579956055,5.953803062438965,8589934592,2147483648,5977030656,407961600
209,1772006290031,3204,3204,3204,3204,3204,3204,3204,3204,20,25,23.809524536132813,15.000000953674316,4.761904716491699,4.761904716491699,0,0,5.953803062438965,8589934592,2147483648,5976571904,407961600
209,1772006290241,3204,3204,3204,3204,3204,3204,3204,3204,28.571430206298828,27.272727966308594,23.809524536132813,15.000000953674316,0,0,4.761904716491699,4.761904716491699,5.953803062438965,8589934592,2147483648,5976391680,407961600
209,1772006290451,3204,3204,3204,3204,3204,3204,3204,3204,38.095237731933594,28.571430206298828,23.809524536132813,28.571430206298828,9.090909004211426,4.545454502105713,4.761904716491699,0,5.953803062438965,8589934592,2147483648,5976391680,407961600
201,1772006290661,3204,3204,3204,3204,3204,3204,3204,3204,36.3636360168457,30.000001907348633,35,31.81818199157715,35,19.047618865966797,5,4.761904716491699,5.953803062438965,8589934592,2147483648,5976391680,407961600
201,1772006290863,3204,3204,3204,3204,3204,3204,3204,3204,21.052631378173828,23.809524536132813,19.047618865966797,15.000000953674316,5,0,0,0,5.639176368713379,8589934592,2147483648,5976391680,407961600
209,1772006291064,3204,3204,3204,3204,3204,3204,3204,3204,35,26.3157901763916,26.3157901763916,21.052631378173828,23.809524536132813,15.000000953674316,5,4.761904716491699,5.639176368713379,8589934592,2147483648,5964414976,407961600
205,1772006291275,3204,3204,3204,3204,3204,3204,3204,3204,47.619049072265625,42.85714340209961,42.85714340209961,36.3636360168457,5,4.761904716491699,0,4.761904716491699,5.639176368713379,8589934592,2147483648,5965496320,407961600
207,1772006291481,3204,3204,3204,3204,3204,3204,3204,3204,55,57.142860412597656,70,40,9.090909004211426,4.761904716491699,4.761904716491699,0,5.639176368713379,8589934592,2147483648,5959925760,407961600
207,1772006291690,3204,3204,3204,3204,3204,3204,3204,3204,38.095237731933594,47.619049072265625,45.45454788208008,38.095237731933594,0,0,0,0,5.639176368713379,8589934592,2147483648,5960679424,407961600
209,1772006291898,3204,3204,3204,3204,3204,3204,3204,3204,57.142860412597656,55,52.38095474243164,61.904762268066406,4.761904716491699,4.761904716491699,4.761904716491699,5,5.572253704071045,8589934592,2147483648,5960679424,407961600
204,1772006292108,3204,3204,3204,3204,3204,3204,3204,3204,47.619049072265625,45.45454788208008,50,47.619049072265625,0,0,0,4.545454502105713,5.572253704071045,8589934592,2147483648,5961842688,407961600
200,1772006292313,3204,3204,3204,3204,3204,3204,3204,3204,50,45,45,45,0,0,0,0,5.572253704071045,8589934592,2147483648,5960351744,407961600
202,1772006292514,3204,3204,3204,3204,3204,3204,3204,3204,45,45,47.619049072265625,47.619049072265625,4.761904716491699,0,0,0,5.572253704071045,8589934592,2147483648,5961039872,407961600
205,1772006292718,3204,3204,3204,3204,3204,3204,3204,3204,50,50,45,36.842105865478516,21.052631378173828,10,9.523809432983398,0,5.572253704071045,8589934592,2147483648,5972164608,407961600
208,1772006292925,3204,3204,3204,3204,3204,3204,3204,3204,57.142860412597656,60.000003814697266,60.000003814697266,61.904762268066406,9.523809432983398,14.285715103149414,0,0,5.944929599761963,8589934592,2147483648,5972164608,407961600
203,1772006293135,3204,3204,3204,3204,3204,3204,3204,3204,60.000003814697266,57.142860412597656,54.54545593261719,52.38095474243164,9.523809432983398,4.761904716491699,4.761904716491699,4.761904716491699,5.944929599761963,8589934592,2147483648,5963120640,407961600
202,1772006293340,3204,3204,3204,3204,3204,3204,3204,3204,57.142860412597656,61.904762268066406,52.38095474243164,55,0,0,0,0,5.944929599761963,8589934592,2147483648,5963448320,407961600
208,1772006293543,3204,3204,3204,3204,3204,3204,3204,3204,52.38095474243164,42.85714340209961,42.105262756347656,40,4.761904716491699,0,0,0,5.944929599761963,8589934592,2147483648,5966184448,407961600
204,1772006293753,3204,3204,3204,3204,3204,3204,3204,3204,45,40,40.90909194946289,33.333335876464844,0,9.090909004211426,0,0,5.9597859382629395,8589934592,2147483648,5966184448,407961600
204,1772006293958,3204,3204,3204,3204,3204,3204,3204,3204,75,55,52.6315803527832,57.142860412597656,0,0,0,0,5.9597859382629395,8589934592,2147483648,5966184448,407961600
200,1772006294163,3204,3204,3204,3204,3204,3204,3204,3204,47.619049072265625,42.85714340209961,45.45454788208008,47.619049072265625,5,5,5,4.761904716491699,5.9597859382629395,8589934592,2147483648,5971787776,407961600
202,1772006294365,3204,3204,3204,3204,3204,3204,3204,3204,47.619049072265625,50,42.105262756347656,45,0,0,0,0,5.9597859382629395,8589934592,2147483648,5972082688,407961600
205,1772006294568,3204,3204,3204,3204,3204,3204,3204,3204,40,42.85714340209961,38.095237731933594,42.105262756347656,4.761904716491699,0,0,0,5.9597859382629395,8589934592,2147483648,5972492288,407961600
205,1772006294775,3204,3204,3204,3204,3204,3204,3204,3204,55,45,47.619049072265625,42.85714340209961,0,4.761904716491699,0,0,6.308396339416504,8589934592,2147483648,5971902464,407961600
208,1772006294981,3204,3204,3204,3204,3204,3204,3204,3204,70,71.42857360839844,60.000003814697266,60.000003814697266,27.272727966308594,23.809524536132813,9.523809432983398,4.761904716491699,6.308396339416504,8589934592,2147483648,5971902464,407961600
204,1772006295192,3204,3204,3204,3204,3204,3204,3204,3204,40.90909194946289,40,45,38.095237731933594,0,0,0,0,6.308396339416504,8589934592,2147483648,5972721664,407961600
209,1772006295397,3204,3204,3204,3204,3204,3204,3204,3204,55,52.38095474243164,54.54545593261719,42.85714340209961,0,4.761904716491699,0,0,6.308396339416504,8589934592,2147483648,5972934656,407961600
200,1772006295607,3204,3204,3204,3204,3204,3204,3204,3204,50,35,40,42.85714340209961,9.523809432983398,14.285715103149414,4.761904716491699,4.761904716491699,6.308396339416504,8589934592,2147483648,5974310912,407961600
205,1772006295809,3204,3204,3204,3204,3204,3204,3204,3204,57.142860412597656,50,50,45,0,0,0,0,5.686718463897705,8589934592,2147483648,5974294528,407961600
209,1772006296014,3204,3204,3204,3204,3204,3204,3204,3204,60.000003814697266,47.619049072265625,60.000003814697266,55,27.272727966308594,9.090909004211426,4.761904716491699,0,5.686718463897705,8589934592,2147483648,5974802432,407961600
208,1772006296225,3204,3204,3204,3204,3204,3204,3204,3204,45.45454788208008,38.095237731933594,38.095237731933594,38.095237731933594,4.761904716491699,4.761904716491699,4.545454502105713,4.545454502105713,5.686718463897705,8589934592,2147483648,5975064576,407961600
200,1772006296436,3204,3204,3204,3204,3204,3204,3204,3204,45,52.38095474243164,42.85714340209961,40.90909194946289,0,0,0,0,5.686718463897705,8589934592,2147483648,5975375872,407961600
199,1772006296637,3204,3204,3204,3204,3204,3204,3204,3204,55,40,45,45,4.761904716491699,0,4.761904716491699,0,5.686718463897705,8589934592,2147483648,5975883776,407961600
203,1772006296837,3204,3204,3204,3204,3204,3204,3204,3204,65,50,45,50,0,4.761904716491699,0,0,6.317244529724121,8589934592,2147483648,5975883776,407961600
207,1772006297041,3204,3204,3204,3204,3204,3204,3204,3204,70,60.000003814697266,57.142860412597656,55,23.809524536132813,15.000000953674316,5,4.761904716491699,6.317244529724121,8589934592,2147483648,5975883776,407961600
207,1772006297250,3204,3204,3204,3204,3204,3204,3204,3204,50,45,45,35,9.523809432983398,9.090909004211426,0,0,6.317244529724121,8589934592,2147483648,5975605248,407961600
209,1772006297458,3204,3204,3204,3204,3204,3204,3204,3204,52.6315803527832,47.619049072265625,47.619049072265625,42.85714340209961,0,0,0,4.761904716491699,6.317244529724121,8589934592,2147483648,5976113152,407961600
208,1772006297669,3204,3204,3204,3204,3204,3204,3204,3204,45.45454788208008,40.90909194946289,38.095237731933594,40.90909194946289,0,4.545454502105713,0,0,6.317244529724121,8589934592,2147483648,5976457216,407961600
202,1772006297878,3204,3204,3204,3204,3204,3204,3204,3204,60.000003814697266,65,61.904762268066406,70,23.809524536132813,20,23.809524536132813,20,5.969018936157227,8589934592,2147483648,5974900736,407961600
206,1772006298081,3204,3204,3204,3204,3204,3204,3204,3204,50,42.85714340209961,40,38.095237731933594,0,4.761904716491699,0,4.761904716491699,5.969018936157227,8589934592,2147483648,5975277568,407961600
201,1772006298288,3204,3204,3204,3204,3204,3204,3204,3204,57.142860412597656,50,40,38.095237731933594,4.761904716491699,0,0,0,5.969018936157227,8589934592,2147483648,5975261184,407961600
203,1772006298495,3204,3204,3204,3204,3204,3204,3204,3204,57.142860412597656,65,54.54545593261719,57.894737243652344,10,14.285715103149414,14.285715103149414,10,5.969018936157227,8589934592,2147483648,5975752704,407961600
208,1772006298699,3204,3204,3204,3204,3204,3204,3204,3204,42.105262756347656,38.095237731933594,31.57894515991211,30.000001907348633,10,5,5,9.523809432983398,5.969018936157227,8589934592,2147483648,5975965696,407961600
199,1772006298908,3204,3204,3204,3204,3204,3204,3204,3204,40.90909194946289,33.333335876464844,42.85714340209961,36.3636360168457,4.545454502105713,4.761904716491699,0,4.761904716491699,6.0722808837890625,8589934592,2147483648,5975916544,407961600
209,1772006299108,3204,3204,3204,3204,3204,3204,3204,3204,42.105262756347656,45,40,35,15.789472579956055,5,5,0,6.0722808837890625,8589934592,2147483648,5976702976,407961600
205,1772006299318,3204,3204,3204,3204,3204,3204,3204,3204,27.272727966308594,28.571430206298828,23.809524536132813,19.047618865966797,14.285715103149414,20,4.761904716491699,4.761904716491699,6.0722808837890625,8589934592,2147483648,5968068608,407961600
209,1772006299524,3204,3204,3204,3204,3204,3204,3204,3204,30.000001907348633,30.000001907348633,23.809524536132813,25,13.636363983154297,9.523809432983398,0,4.761904716491699,6.0722808837890625,8589934592,2147483648,5968003072,407961600
208,1772006299734,3204,3204,3204,3204,3204,3204,3204,3204,27.272727966308594,28.571430206298828,25,23.809524536132813,0,0,0,0,6.573331356048584,8589934592,2147483648,5968134144,407961600
207,1772006299943,3204,3204,3204,3204,3204,3204,3204,3204,20,28.571430206298828,23.809524536132813,28.571430206298828,4.761904716491699,4.761904716491699,4.761904716491699,4.761904716491699,6.573331356048584,8589934592,2147483648,5968183296,407961600
209,1772006300151,3204,3204,3204,3204,3204,3204,3204,3204,30.000001907348633,25,23.809524536132813,20,10,14.285715103149414,14.285715103149414,4.761904716491699,6.573331356048584,8589934592,2147483648,5969985536,407961600
200,1772006300361,3204,3204,3204,3204,3204,3204,3204,3204,33.333335876464844,28.571430206298828,28.571430206298828,19.047618865966797,5,0,4.545454502105713,0,6.573331356048584,8589934592,2147483648,5969936384,407961600
208,1772006300562,3204,3204,3204,3204,3204,3204,3204,3204,30.000001907348633,21.052631378173828,21.052631378173828,15.000000953674316,14.285715103149414,10,0,5,6.573331356048584,8589934592,2147483648,5967872000,407961600
209,1772006300770,3204,3204,3204,3204,3204,3204,3204,3204,35,23.809524536132813,38.095237731933594,30.000001907348633,28.571430206298828,28.571430206298828,4.545454502105713,0,5.697416305541992,8589934592,2147483648,5967970304,407961600
209,1772006300980,3204,3204,3204,3204,3204,3204,3204,3204,28.571430206298828,28.571430206298828,19.047618865966797,18.18181800842285,76.19047546386719,27.272727966308594,0,0,5.697416305541992,8589934592,2147483648,5974523904,407961600
209,1772006301190,3204,3204,3204,3204,3204,3204,3204,3204,28.571430206298828,23.809524536132813,19.047618865966797,20,60.000003814697266,5,0,4.545454502105713,5.697416305541992,8589934592,2147483648,5971804160,407961600
206,1772006301400,3204,3204,3204,3204,3204,3204,3204,3204,38.095237731933594,42.85714340209961,33.333335876464844,31.81818199157715,28.571430206298828,42.85714340209961,0,0,5.697416305541992,8589934592,2147483648,5959598080,407961600
208,1772006301608,3204,3204,3204,3204,3204,3204,3204,3204,25,28.571430206298828,23.809524536132813,15.000000953674316,60.000003814697266,4.545454502105713,0,0,5.697416305541992,8589934592,2147483648,5958975488,407961600
205,1772006301816,3204,3204,3204,3204,3204,3204,3204,3204,28.571430206298828,20,15.000000953674316,19.047618865966797,38.095237731933594,0,0,0,5.7451887130737305,8589934592,2147483648,5958975488,407961600
208,1772006302022,3204,3204,3204,3204,3204,3204,3204,3204,35,23.809524536132813,23.809524536132813,19.047618865966797,45.45454788208008,0,4.761904716491699,4.761904716491699,5.7451887130737305,8589934592,2147483648,5959106560,407961600
207,1772006302231,3204,3204,3204,3204,3204,3204,3204,3204,31.81818199157715,28.571430206298828,20,20,55,0,0,0,5.7451887130737305,8589934592,2147483648,5958647808,407961600
208,1772006302439,3204,3204,3204,3204,3204,3204,3204,3204,30.000001907348633,25,20,14.285715103149414,30.000001907348633,0,0,0,5.7451887130737305,8589934592,2147483648,5958156288,407961600
200,1772006302648,3204,3204,3204,3204,3204,3204,3204,3204,28.571430206298828,33.333335876464844,23.809524536132813,19.047618865966797,47.619049072265625,0,0,0,5.7451887130737305,8589934592,2147483648,5958205440,407961600
208,1772006302849,3204,3204,3204,3204,3204,3204,3204,3204,26.3157901763916,25,19.047618865966797,20,57.142860412597656,4.761904716491699,0,0,9.706490516662598,8589934592,2147483648,5958238208,407961600
207,1772006303057,3204,3204,3204,3204,3204,3204,3204,3204,23.809524536132813,20,23.809524536132813,30.000001907348633,33.333335876464844,4.761904716491699,0,13.636363983154297,9.706490516662598,8589934592,2147483648,5958303744,407961600
208,1772006303265,3204,3204,3204,3204,3204,3204,3204,3204,25,25,19.047618865966797,25,35,0,0,10,9.706490516662598,8589934592,2147483648,5958336512,407961600
206,1772006303474,3204,3204,3204,3204,3204,3204,3204,3204,28.571430206298828,27.272727966308594,20,23.809524536132813,70,20,9.523809432983398,13.636363983154297,9.706490516662598,8589934592,2147483648,5967429632,407961600
209,1772006303681,3204,3204,3204,3204,3204,3204,3204,3204,28.571430206298828,28.571430206298828,25,23.809524536132813,54.54545593261719,19.047618865966797,13.636363983154297,0,9.706490516662598,8589934592,2147483648,5957910528,407961600
208,1772006303890,3204,3204,3204,3204,3204,3204,3204,3204,22.72727394104004,20,19.047618865966797,19.047618865966797,55,5,5,4.545454502105713,7.8061652183532715,8589934592,2147483648,5958844416,407961600
207,1772006304099,3204,3204,3204,3204,3204,3204,3204,3204,26.3157901763916,23.809524536132813,20,19.047618865966797,38.095237731933594,54.54545593261719,23.809524536132813,4.761904716491699,7.8061652183532715,8589934592,2147483648,5959565312,407961600
201,1772006304307,3204,3204,3204,3204,3204,3204,3204,3204,23.809524536132813,25,19.047618865966797,23.809524536132813,57.142860412597656,30.000001907348633,9.090909004211426,0,7.8061652183532715,8589934592,2147483648,5959729152,407961600
207,1772006304509,3204,3204,3204,3204,3204,3204,3204,3204,20,20,20,15.000000953674316,15.000000953674316,5,45,0,7.8061652183532715,8589934592,2147483648,5959467008,407961600
206,1772006304717,3204,3204,3204,3204,3204,3204,3204,3204,25,23.809524536132813,22.72727394104004,19.047618865966797,85,19.047618865966797,0,0,7.8061652183532715,8589934592,2147483648,5959450624,407961600
209,1772006304924,3204,3204,3204,3204,3204,3204,3204,3204,23.809524536132813,20,25,15.000000953674316,47.619049072265625,42.85714340209961,0,0,9.092229843139648,8589934592,2147483648,5959417856,407961600
207,1772006305134,3204,3204,3204,3204,3204,3204,3204,3204,31.81818199157715,22.72727394104004,19.047618865966797,23.809524536132813,14.285715103149414,30.000001907348633,14.285715103149414,4.545454502105713,9.092229843139648,8589934592,2147483648,5959417856,407961600
209,1772006305342,3204,3204,3204,3204,3204,3204,3204,3204,25,25,23.809524536132813,19.047618865966797,71.42857360839844,33.333335876464844,0,0,9.092229843139648,8589934592,2147483648,5958811648,407961600
209,1772006305552,3204,3204,3204,3204,3204,3204,3204,3204,38.095237731933594,33.333335876464844,30.000001907348633,33.333335876464844,65,23.809524536132813,50,19.047618865966797,9.092229843139648,8589934592,2147483648,5965692928,407961600
205,1772006305762,3204,3204,3204,3204,3204,3204,3204,3204,19.047618865966797,23.809524536132813,19.047618865966797,15.000000953674316,9.523809432983398,76.19047546386719,9.523809432983398,9.090909004211426,10.317609786987305,8589934592,2147483648,5956124672,407961600
207,1772006305968,3204,3204,3204,3204,3204,3204,3204,3204,20,23.809524536132813,19.047618865966797,18.18181800842285,4.761904716491699,80.95238494873047,0,15.000000953674316,10.317609786987305,8589934592,2147483648,5956075520,407961600
202,1772006306176,3204,3204,3204,3204,3204,3204,3204,3204,25,20,33.333335876464844,20,30.000001907348633,33.333335876464844,33.333335876464844,14.285715103149414,10.317609786987305,8589934592,2147483648,5956075520,407961600
207,1772006306379,3204,3204,3204,3204,3204,3204,3204,3204,20,15.000000953674316,20,10,0,0,100,0,10.317609786987305,8589934592,2147483648,5956124672,407961600
209,1772006306587,3204,3204,3204,3204,3204,3204,3204,3204,23.809524536132813,14.285715103149414,20,14.285715103149414,0,0,100,0,10.317609786987305,8589934592,2147483648,5956124672,407961600
206,1772006306797,3204,3204,3204,3204,3204,3204,3204,3204,31.81818199157715,28.571430206298828,28.571430206298828,19.047618865966797,4.545454502105713,19.047618865966797,19.047618865966797,0,10.482309341430664,8589934592,2147483648,5956403200,407961600
203,1772006307004,3204,3204,3204,3204,3204,3204,3204,3204,25,23.809524536132813,19.047618865966797,10,4.545454502105713,0,30.000001907348633,66.66667175292969,10.482309341430664,8589934592,2147483648,5956943872,407961600
203,1772006307207,3204,3204,3204,3204,3204,3204,3204,3204,26.3157901763916,28.571430206298828,28.571430206298828,19.047618865966797,21.052631378173828,0,76.19047546386719,0,10.482309341430664,8589934592,2147483648,5956698112,407961600
204,1772006307411,3204,3204,3204,3204,3204,3204,3204,3204,33.333335876464844,26.3157901763916,21.052631378173828,30.000001907348633,33.333335876464844,0,0,0,10.482309341430664,8589934592,2147483648,5956698112,407961600
207,1772006307616,3204,3204,3204,3204,3204,3204,3204,3204,20,25,23.809524536132813,10.526315689086914,95,9.523809432983398,0,0,10.482309341430664,8589934592,2147483648,5956894720,407961600
206,1772006307824,3204,3204,3204,3204,3204,3204,3204,3204,28.571430206298828,28.571430206298828,25,23.809524536132813,71.42857360839844,9.523809432983398,19.047618865966797,22.72727394104004,10.624226570129395,8589934592,2147483648,5954863104,407961600
202,1772006308031,3204,3204,3204,3204,3204,3204,3204,3204,28.571430206298828,28.571430206298828,20,22.72727394104004,35,5,4.761904716491699,0,10.624226570129395,8589934592,2147483648,5959303168,407961600
207,1772006308233,3204,3204,3204,3204,3204,3204,3204,3204,25,26.3157901763916,23.809524536132813,15.000000953674316,57.142860412597656,0,0,0,10.624226570129395,8589934592,2147483648,5965070336,407961600
206,1772006308441,3204,3204,3204,3204,3204,3204,3204,3204,25,23.809524536132813,25,20,25,0,0,0,10.624226570129395,8589934592,2147483648,5953191936,407961600
209,1772006308647,3204,3204,3204,3204,3204,3204,3204,3204,33.333335876464844,28.571430206298828,28.571430206298828,19.047618865966797,57.142860412597656,10,4.761904716491699,4.761904716491699,10.624226570129395,8589934592,2147483648,5961252864,407961600
206,1772006308857,3204,3204,3204,3204,3204,3204,3204,3204,25,30.000001907348633,27.272727966308594,18.18181800842285,35,0,4.545454502105713,0,10.077259063720703,8589934592,2147483648,5943296000,407961600
209,1772006309064,3204,3204,3204,3204,3204,3204,3204,3204,25,25,26.3157901763916,15.789472579956055,23.809524536132813,13.636363983154297,5,0,10.077259063720703,8589934592,2147483648,5944115200,407961600
207,1772006309275,3204,3204,3204,3204,3204,3204,3204,3204,31.81818199157715,27.272727966308594,22.72727394104004,14.285715103149414,76.19047546386719,0,0,0,10.077259063720703,8589934592,2147483648,5943525376,407961600
205,1772006309482,3204,3204,3204,3204,3204,3204,3204,3204,33.333335876464844,35,25,23.809524536132813,45,0,0,0,10.077259063720703,8589934592,2147483648,5939806208,407961600
208,1772006309689,3204,3204,3204,3204,3204,3204,3204,3204,25,23.809524536132813,15.000000953674316,20,33.333335876464844,5,0,0,10.077259063720703,8589934592,2147483648,5927993344,407961600
206,1772006309897,3204,3204,3204,3204,3204,3204,3204,3204,33.333335876464844,30.000001907348633,28.571430206298828,23.809524536132813,80,15.000000953674316,19.047618865966797,0,8.982701301574707,8589934592,2147483648,5936873472,407961600
209,1772006310104,3204,3204,3204,3204,3204,3204,3204,3204,40,42.85714340209961,30.000001907348633,28.571430206298828,38.095237731933594,0,0,0,8.982701301574707,8589934592,2147483648,5939445760,407961600
209,1772006310314,3204,3204,3204,3204,3204,3204,3204,3204,30.000001907348633,30.000001907348633,22.72727394104004,20,35,13.636363983154297,4.545454502105713,4.761904716491699,8.982701301574707,8589934592,2147483648,5961793536,407961600
206,1772006310524,3204,3204,3204,3204,3204,3204,3204,3204,47.619049072265625,42.85714340209961,35,33.333335876464844,47.619049072265625,0,0,4.761904716491699,8.982701301574707,8589934592,2147483648,5970509824,407961600
207,1772006310731,3204,3204,3204,3204,3204,3204,3204,3204,33.333335876464844,28.571430206298828,23.809524536132813,15.000000953674316,52.38095474243164,14.285715103149414,0,0,8.28243350982666,8589934592,2147483648,5975719936,407961600
200,1772006310939,3204,3204,3204,3204,3204,3204,3204,3204,25,20,25,19.047618865966797,86.36363983154297,10,4.545454502105713,0,8.28243350982666,8589934592,2147483648,5980012544,407961600
209,1772006311141,3204,3204,3204,3204,3204,3204,3204,3204,25,30.000001907348633,28.571430206298828,20,26.3157901763916,9.523809432983398,4.761904716491699,0,8.28243350982666,8589934592,2147483648,5971329024,407961600
207,1772006311351,3204,3204,3204,3204,3204,3204,3204,3204,30.000001907348633,28.571430206298828,25,20,52.38095474243164,0,5,9.090909004211426,8.28243350982666,8589934592,2147483648,5971329024,407961600
209,1772006311558,3204,3204,3204,3204,3204,3204,3204,3204,36.3636360168457,33.333335876464844,30.000001907348633,31.81818199157715,10,0,14.285715103149414,0,8.28243350982666,8589934592,2147483648,5971329024,407961600
205,1772006311768,3204,3204,3204,3204,3204,3204,3204,3204,25,28.571430206298828,23.809524536132813,23.809524536132813,14.285715103149414,9.523809432983398,30.000001907348633,4.761904716491699,9.71147346496582,8589934592,2147483648,5970460672,407961600
209,1772006311974,3204,3204,3204,3204,3204,3204,3204,3204,38.095237731933594,40,33.333335876464844,30.000001907348633,19.047618865966797,9.523809432983398,4.761904716491699,0,9.71147346496582,8589934592,2147483648,5979144192,407961600
206,1772006312184,3204,3204,3204,3204,3204,3204,3204,3204,25,30.000001907348633,19.047618865966797,14.285715103149414,13.636363983154297,13.636363983154297,0,9.090909004211426,9.71147346496582,8589934592,2147483648,5968052224,407961600
206,1772006312391,3204,3204,3204,3204,3204,3204,3204,3204,23.809524536132813,28.571430206298828,23.809524536132813,23.809524536132813,5,5,4.761904716491699,0,9.71147346496582,8589934592,2147483648,5968101376,407961600
201,1772006312598,3204,3204,3204,3204,3204,3204,3204,3204,28.571430206298828,28.571430206298828,20,28.571430206298828,0,0,0,0,9.71147346496582,8589934592,2147483648,5968084992,407961600
207,1772006312800,3204,3204,3204,3204,3204,3204,3204,3204,25,30.000001907348633,25,15.789472579956055,0,0,0,0,8.712356567382813,8589934592,2147483648,5968199680,407961600
206,1772006313007,3204,3204,3204,3204,3204,3204,3204,3204,20,28.571430206298828,27.272727966308594,19.047618865966797,4.761904716491699,4.545454502105713,0,0,8.712356567382813,8589934592,2147483648,5968216064,407961600
207,1772006313214,3204,3204,3204,3204,3204,3204,3204,3204,33.333335876464844,40,26.3157901763916,35,0,0,0,0,8.712356567382813,8589934592,2147483648,5972328448,407961600
209,1772006313422,3204,3204,3204,3204,3204,3204,3204,3204,38.095237731933594,28.571430206298828,23.809524536132813,28.571430206298828,0,0,4.761904716491699,4.545454502105713,8.712356567382813,8589934592,2147483648,5972328448,407961600
207,1772006313632,3204,3204,3204,3204,3204,3204,3204,3204,28.571430206298828,28.571430206298828,20,31.81818199157715,9.523809432983398,4.761904716491699,4.545454502105713,0,8.712356567382813,8589934592,2147483648,5972328448,407961600
200,1772006313841,3204,3204,3204,3204,3204,3204,3204,3204,20,15.000000953674316,26.086956024169922,19.047618865966797,0,0,0,0,5.628805637359619,8589934592,2147483648,5972344832,407961600
201,1772006314042,3204,3204,3204,3204,3204,3204,3204,3204,30.000001907348633,30.000001907348633,26.3157901763916,26.3157901763916,9.523809432983398,4.761904716491699,4.761904716491699,0,5.628805637359619,8589934592,2147483648,5973540864,407961600
209,1772006314244,3204,3204,3204,3204,3204,3204,3204,3204,30.000001907348633,33.333335876464844,30.000001907348633,25,21.052631378173828,21.052631378173828,0,4.761904716491699,5.628805637359619,8589934592,2147483648,5972901888,407961600
202,1772006314454,3204,3204,3204,3204,3204,3204,3204,3204,28.571430206298828,20,19.047618865966797,23.809524536132813,9.090909004211426,9.090909004211426,4.545454502105713,0,5.628805637359619,8589934592,2147483648,5972983808,407961600
206,1772006314658,3204,3204,3204,3204,3204,3204,3204,3204,25,25,20,23.809524536132813,0,0,0,0,5.628805637359619,8589934592,2147483648,5972983808,407961600
209,1772006314864,3204,3204,3204,3204,3204,3204,3204,3204,28.571430206298828,23.809524536132813,19.047618865966797,20,0,4.545454502105713,0,0,5.426517963409424,8589934592,2147483648,5971869696,407961600
209,1772006315074,3204,3204,3204,3204,3204,3204,3204,3204,25,23.809524536132813,23.809524536132813,19.047618865966797,4.761904716491699,0,0,0,5.426517963409424,8589934592,2147483648,5971935232,407961600
207,1772006315284,3204,3204,3204,3204,3204,3204,3204,3204,28.571430206298828,23.809524536132813,19.047618865966797,19.047618865966797,0,0,0,0,5.426517963409424,8589934592,2147483648,5971918848,407961600
206,1772006315492,3204,3204,3204,3204,3204,3204,3204,3204,27.272727966308594,19.047618865966797,20,19.047618865966797,9.090909004211426,9.523809432983398,4.761904716491699,4.761904716491699,5.426517963409424,8589934592,2147483648,5973540864,407961600
208,1772006315699,3204,3204,3204,3204,3204,3204,3204,3204,40,35,25,23.809524536132813,25,23.809524536132813,15.000000953674316,15.000000953674316,5.426517963409424,8589934592,2147483648,5974343680,407961600
209,1772006315908,3204,3204,3204,3204,3204,3204,3204,3204,20,19.047618865966797,19.047618865966797,23.809524536132813,0,0,0,0,5.734048843383789,8589934592,2147483648,5974196224,407961600
206,1772006316117,3204,3204,3204,3204,3204,3204,3204,3204,27.272727966308594,20,27.272727966308594,15.000000953674316,13.636363983154297,9.523809432983398,23.809524536132813,4.761904716491699,5.734048843383789,8589934592,2147483648,5972639744,407961600
209,1772006316324,3204,3204,3204,3204,3204,3204,3204,3204,31.57894515991211,28.571430206298828,25,23.809524536132813,25,14.285715103149414,0,0,5.734048843383789,8589934592,2147483648,5981437952,407961600
204,1772006316534,3204,3204,3204,3204,3204,3204,3204,3204,22.72727394104004,28.571430206298828,19.047618865966797,14.285715103149414,9.523809432983398,10,0,0,5.734048843383789,8589934592,2147483648,5973983232,407961600
204,1772006316739,3204,3204,3204,3204,3204,3204,3204,3204,25,30.000001907348633,23.809524536132813,15.789472579956055,4.761904716491699,4.761904716491699,5,4.761904716491699,5.634509563446045,8589934592,2147483648,5970345984,407961600
208,1772006316944,3204,3204,3204,3204,3204,3204,3204,3204,25,23.809524536132813,20,19.047618865966797,0,0,0,0,5.634509563446045,8589934592,2147483648,5970395136,407961600
209,1772006317153,3204,3204,3204,3204,3204,3204,3204,3204,28.571430206298828,20,25,14.285715103149414,0,9.090909004211426,0,0,5.634509563446045,8589934592,2147483648,5970280448,407961600
208,1772006317363,3204,3204,3204,3204,3204,3204,3204,3204,25,31.81818199157715,23.809524536132813,19.047618865966797,4.761904716491699,0,4.545454502105713,0,5.634509563446045,8589934592,2147483648,5970280448,407961600
207,1772006317573,3204,3204,3204,3204,3204,3204,3204,3204,27.272727966308594,28.571430206298828,19.047618865966797,19.047618865966797,0,0,0,0,5.634509563446045,8589934592,2147483648,5970280448,407961600
204,1772006317781,3204,3204,3204,3204,3204,3204,3204,3204,20,15.000000953674316,19.047618865966797,10,4.761904716491699,0,0,4.545454502105713,5.733366966247559,8589934592,2147483648,5970280448,407961600
209,1772006317986,3204,3204,3204,3204,3204,3204,3204,3204,25,20,20,19.047618865966797,5,4.761904716491699,0,4.761904716491699,5.733366966247559,8589934592,2147483648,5972000768,407961600
207,1772006318195,3204,3204,3204,3204,3204,3204,3204,3204,28.571430206298828,36.3636360168457,27.272727966308594,27.272727966308594,4.545454502105713,0,0,0,5.733366966247559,8589934592,2147483648,5977243648,407961600
207,1772006318404,3204,3204,3204,3204,3204,3204,3204,3204,31.81818199157715,26.3157901763916,25,20,15.000000953674316,4.761904716491699,8.69565200805664,0,5.733366966247559,8589934592,2147483648,5986287616,407961600
202,1772006318612,3204,3204,3204,3204,3204,3204,3204,3204,26.3157901763916,28.571430206298828,25,20,19.047618865966797,19.047618865966797,0,0,5.733366966247559,8589934592,2147483648,5976801280,407961600
203,1772006318815,3204,3204,3204,3204,3204,3204,3204,3204,40,47.619049072265625,33.333335876464844,30.000001907348633,5,5,4.761904716491699,4.761904716491699,5.223345756530762,8589934592,2147483648,5976801280,407961600
203,1772006319018,3204,3204,3204,3204,3204,3204,3204,3204,27.272727966308594,21.052631378173828,25,23.809524536132813,4.761904716491699,0,0,0,5.223345756530762,8589934592,2147483648,5973360640,407961600
204,1772006319223,3204,3204,3204,3204,3204,3204,3204,3204,25,22.72727394104004,25,19.047618865966797,0,9.090909004211426,0,0,5.223345756530762,8589934592,2147483648,5973458944,407961600
208,1772006319428,3204,3204,3204,3204,3204,3204,3204,3204,26.3157901763916,25,28.571430206298828,20,4.761904716491699,0,4.761904716491699,0,5.223345756530762,8589934592,2147483648,5973622784,407961600
203,1772006319637,3204,3204,3204,3204,3204,3204,3204,3204,27.272727966308594,20,19.047618865966797,20,4.761904716491699,4.761904716491699,0,4.545454502105713,5.223345756530762,8589934592,2147483648,5973622784,407961600
206,1772006319841,3204,3204,3204,3204,3204,3204,3204,3204,30.000001907348633,25,21.052631378173828,19.047618865966797,0,0,0,0,5.516277313232422,8589934592,2147483648,5973622784,407961600
201,1772006320048,3204,3204,3204,3204,3204,3204,3204,3204,33.333335876464844,33.333335876464844,22.72727394104004,20,0,0,0,0,5.516277313232422,8589934592,2147483648,5973606400,407961600
207,1772006320250,3204,3204,3204,3204,3204,3204,3204,3204,26.3157901763916,20,21.052631378173828,20,0,0,4.761904716491699,4.761904716491699,5.516277313232422,8589934592,2147483648,5973622784,407961600
206,1772006320458,3204,3204,3204,3204,3204,3204,3204,3204,30.000001907348633,28.571430206298828,23.809524536132813,19.047618865966797,4.761904716491699,4.761904716491699,0,0,5.516277313232422,8589934592,2147483648,5973016576,407961600
209,1772006320664,3204,3204,3204,3204,3204,3204,3204,3204,28.571430206298828,25,20,20,14.285715103149414,9.523809432983398,5,14.285715103149414,5.516277313232422,8589934592,2147483648,5972918272,407961600
203,1772006320874,3204,3204,3204,3204,3204,3204,3204,3204,36.3636360168457,38.095237731933594,28.571430206298828,23.809524536132813,9.523809432983398,0,0,0,5.206715106964111,8589934592,2147483648,5972918272,407961600
209,1772006321078,3204,3204,3204,3204,3204,3204,3204,3204,30.000001907348633,28.571430206298828,25,22.72727394104004,5,28.571430206298828,0,4.761904716491699,5.206715106964111,8589934592,2147483648,5972180992,407961600
209,1772006321289,3204,3204,3204,3204,3204,3204,3204,3204,23.809524536132813,30.000001907348633,22.72727394104004,19.047618865966797,4.761904716491699,0,0,0,5.206715106964111,8589934592,2147483648,5972787200,407961600
206,1772006321498,3204,3204,3204,3204,3204,3204,3204,3204,23.809524536132813,23.809524536132813,23.809524536132813,15.000000953674316,4.545454502105713,4.761904716491699,4.545454502105713,0,5.206715106964111,8589934592,2147483648,5972770816,407961600
208,1772006321705,3204,3204,3204,3204,3204,3204,3204,3204,26.3157901763916,23.809524536132813,25,23.809524536132813,0,0,0,0,5.206715106964111,8589934592,2147483648,5972819968,407961600
209,1772006321914,3204,3204,3204,3204,3204,3204,3204,3204,28.571430206298828,25,20,15.000000953674316,4.545454502105713,0,0,0,5.8578200340271,8589934592,2147483648,5973573632,407961600
204,1772006322125,3204,3204,3204,3204,3204,3204,3204,3204,38.095237731933594,36.3636360168457,31.81818199157715,27.272727966308594,0,0,0,0,5.8578200340271,8589934592,2147483648,5973327872,407961600
204,1772006322330,3204,3204,3204,3204,3204,3204,3204,3204,28.571430206298828,30.000001907348633,25,20,0,4.761904716491699,0,0,5.8578200340271,8589934592,2147483648,5972967424,407961600
208,1772006322535,3204,3204,3204,3204,3204,3204,3204,3204,23.809524536132813,20,28.571430206298828,20,4.761904716491699,4.761904716491699,0,0,5.8578200340271,8589934592,2147483648,5972983808,407961600
200,1772006322744,3204,3204,3204,3204,3204,3204,3204,3204,25,23.809524536132813,25,14.285715103149414,19.047618865966797,15.000000953674316,4.761904716491699,4.761904716491699,5.81334924697876,8589934592,2147483648,5983256576,407961600
201,1772006322945,3204,3204,3204,3204,3204,3204,3204,3204,26.3157901763916,20,23.809524536132813,23.809524536132813,5.263157844543457,9.523809432983398,9.090909004211426,0,5.81334924697876,8589934592,2147483648,5971836928,407961600
209,1772006323147,3204,3204,3204,3204,3204,3204,3204,3204,33.333335876464844,25,15.000000953674316,10.526315689086914,4.761904716491699,0,0,0,5.81334924697876,8589934592,2147483648,5972787200,407961600
209,1772006323357,3204,3204,3204,3204,3204,3204,3204,3204,23.809524536132813,25,20,23.809524536132813,0,0,0,0,5.81334924697876,8589934592,2147483648,5972393984,407961600
209,1772006323568,3204,3204,3204,3204,3204,3204,3204,3204,28.571430206298828,23.809524536132813,25,15.000000953674316,4.761904716491699,4.761904716491699,0,0,5.81334924697876,8589934592,2147483648,5973966848,407961600
205,1772006323777,3204,3204,3204,3204,3204,3204,3204,3204,30.000001907348633,23.809524536132813,22.72727394104004,19.047618865966797,4.761904716491699,9.090909004211426,4.761904716491699,4.761904716491699,5.772100925445557,8589934592,2147483648,5973540864,407961600
209,1772006323983,3204,3204,3204,3204,3204,3204,3204,3204,28.571430206298828,20,20,18.18181800842285,4.761904716491699,0,0,0,5.772100925445557,8589934592,2147483648,5973622784,407961600
209,1772006324193,3204,3204,3204,3204,3204,3204,3204,3204,33.333335876464844,27.272727966308594,31.81818199157715,15.000000953674316,5,9.090909004211426,0,4.761904716491699,5.772100925445557,8589934592,2147483648,5973917696,407961600
203,1772006324403,3204,3204,3204,3204,3204,3204,3204,3204,33.333335876464844,33.333335876464844,25,19.047618865966797,4.545454502105713,0,4.761904716491699,0,5.772100925445557,8589934592,2147483648,5973704704,407961600
206,1772006324608,3204,3204,3204,3204,3204,3204,3204,3204,25,23.809524536132813,25,15.789472579956055,0,4.761904716491699,0,0,5.772100925445557,8589934592,2147483648,5973835776,407961600
209,1772006324814,3204,3204,3204,3204,3204,3204,3204,3204,30.000001907348633,31.57894515991211,31.81818199157715,28.571430206298828,14.285715103149414,10,5,9.090909004211426,5.359152317047119,8589934592,2147483648,5982896128,407961600
207,1772006325025,3204,3204,3204,3204,3204,3204,3204,3204,28.571430206298828,31.81818199157715,28.571430206298828,22.72727394104004,14.285715103149414,19.047618865966797,0,4.545454502105713,5.359152317047119,8589934592,2147483648,5972115456,407961600
209,1772006325233,3204,3204,3204,3204,3204,3204,3204,3204,27.272727966308594,25,20,19.047618865966797,4.761904716491699,9.090909004211426,4.545454502105713,0,5.359152317047119,8589934592,2147483648,5971869696,407961600
207,1772006325443,3204,3204,3204,3204,3204,3204,3204,3204,20,23.809524536132813,19.047618865966797,15.000000953674316,0,0,0,0,5.359152317047119,8589934592,2147483648,5971443712,407961600
205,1772006325651,3204,3204,3204,3204,3204,3204,3204,3204,20,19.047618865966797,20,19.047618865966797,9.523809432983398,9.523809432983398,4.761904716491699,4.761904716491699,5.359152317047119,8589934592,2147483648,5971492864,407961600
209,1772006325858,3204,3204,3204,3204,3204,3204,3204,3204,28.571430206298828,20,27.272727966308594,23.809524536132813,4.761904716491699,0,9.090909004211426,0,5.500149250030518,8589934592,2147483648,5971312640,407961600
209,1772006326067,3204,3204,3204,3204,3204,3204,3204,3204,28.571430206298828,28.571430206298828,20,25,4.761904716491699,23.809524536132813,0,0,5.500149250030518,8589934592,2147483648,5971509248,407961600
201,1772006326277,3204,3204,3204,3204,3204,3204,3204,3204,28.571430206298828,28.571430206298828,25,19.047618865966797,5,4.761904716491699,4.545454502105713,4.545454502105713,5.500149250030518,8589934592,2147483648,5972869120,407961600
209,1772006326479,3204,3204,3204,3204,3204,3204,3204,3204,28.571430206298828,25,23.809524536132813,20,0,0,0,0,5.500149250030518,8589934592,2147483648,5972803584,407961600
200,1772006326689,3204,3204,3204,3204,3204,3204,3204,3204,30.000001907348633,20,23.809524536132813,19.047618865966797,4.545454502105713,0,0,0,5.500149250030518,8589934592,2147483648,5973753856,407961600
209,1772006326891,3204,3204,3204,3204,3204,3204,3204,3204,21.052631378173828,28.571430206298828,20,15.000000953674316,0,4.761904716491699,0,0,5.603612422943115,8589934592,2147483648,5971968000,407961600
203,1772006327101,3204,3204,3204,3204,3204,3204,3204,3204,36.3636360168457,33.333335876464844,33.333335876464844,27.272727966308594,28.571430206298828,20,5,0,5.603612422943115,8589934592,2147483648,5971968000,407961600
208,1772006327305,3204,3204,3204,3204,3204,3204,3204,3204,30.000001907348633,20,20,15.000000953674316,5,9.090909004211426,0,0,5.603612422943115,8589934592,2147483648,5972082688,407961600
207,1772006327514,3204,3204,3204,3204,3204,3204,3204,3204,23.809524536132813,19.047618865966797,19.047618865966797,19.047618865966797,0,0,0,0,5.603612422943115,8589934592,2147483648,5972033536,407961600
205,1772006327722,3204,3204,3204,3204,3204,3204,3204,3204,28.571430206298828,23.809524536132813,25,19.047618865966797,0,0,0,0,5.603612422943115,8589934592,2147483648,5972066304,407961600
209,1772006327928,3204,3204,3204,3204,3204,3204,3204,3204,26.3157901763916,28.571430206298828,23.809524536132813,10.526315689086914,4.761904716491699,0,4.761904716491699,0,5.350120544433594,8589934592,2147483648,5970591744,407961600
202,1772006328138,3204,3204,3204,3204,3204,3204,3204,3204,36.3636360168457,20,28.571430206298828,23.809524536132813,0,4.545454502105713,0,4.545454502105713,5.350120544433594,8589934592,2147483648,5971017728,407961600
209,1772006328341,3204,3204,3204,3204,3204,3204,3204,3204,30.000001907348633,20,25,19.047618865966797,4.761904716491699,5,0,0,5.350120544433594,8589934592,2147483648,5971853312,407961600
209,1772006328551,3204,3204,3204,3204,3204,3204,3204,3204,23.809524536132813,20,19.047618865966797,19.047618865966797,4.761904716491699,0,4.761904716491699,0,5.350120544433594,8589934592,2147483648,5972656128,407961600
203,1772006328761,3204,3204,3204,3204,3204,3204,3204,3204,28.571430206298828,19.047618865966797,23.809524536132813,19.047618865966797,4.761904716491699,4.545454502105713,0,0,5.411160469055176,8589934592,2147483648,5972705280,407961600
209,1772006328964,3204,3204,3204,3204,3204,3204,3204,3204,30.000001907348633,23.809524536132813,25,10.526315689086914,0,0,0,0,5.411160469055176,8589934592,2147483648,5973737472,407961600
203,1772006329174,3204,3204,3204,3204,3204,3204,3204,3204,28.571430206298828,23.809524536132813,23.809524536132813,27.272727966308594,28.571430206298828,19.047618865966797,9.523809432983398,9.090909004211426,5.411160469055176,8589934592,2147483648,5984043008,407961600
207,1772006329378,3204,3204,3204,3204,3204,3204,3204,3204,25,23.809524536132813,25,20,9.523809432983398,14.285715103149414,4.761904716491699,0,5.411160469055176,8589934592,2147483648,5972279296,407961600
203,1772006329586,3204,3204,3204,3204,3204,3204,3204,3204,30.000001907348633,21.052631378173828,15.000000953674316,20,0,0,0,0,5.411160469055176,8589934592,2147483648,5972344832,407961600
206,1772006329791,3204,3204,3204,3204,3204,3204,3204,3204,28.571430206298828,23.809524536132813,23.809524536132813,19.047618865966797,0,0,0,0,5.354681015014648,8589934592,2147483648,5972230144,407961600
204,1772006329998,3204,3204,3204,3204,3204,3204,3204,3204,25,23.809524536132813,28.571430206298828,14.285715103149414,0,0,0,0,5.354681015014648,8589934592,2147483648,5972688896,407961600
206,1772006330203,3204,3204,3204,3204,3204,3204,3204,3204,28.571430206298828,20,25,19.047618865966797,0,0,0,0,5.354681015014648,8589934592,2147483648,5972688896,407961600
204,1772006330409,3204,3204,3204,3204,3204,3204,3204,3204,30.000001907348633,28.571430206298828,23.809524536132813,15.000000953674316,4.761904716491699,4.761904716491699,4.761904716491699,4.545454502105713,5.354681015014648,8589934592,2147483648,5972672512,407961600
208,1772006330615,3204,3204,3204,3204,3204,3204,3204,3204,25,15.000000953674316,19.047618865966797,20,5,5,0,0,5.354681015014648,8589934592,2147483648,5972869120,407961600
203,1772006330824,3204,3204,3204,3204,3204,3204,3204,3204,27.272727966308594,20,20,18.18181800842285,0,4.545454502105713,4.545454502105713,0,5.546905994415283,8589934592,2147483648,5972869120,407961600
202,1772006331028,3204,3204,3204,3204,3204,3204,3204,3204,20,23.809524536132813,30.000001907348633,20,14.285715103149414,5,0,0,5.546905994415283,8589934592,2147483648,5974147072,407961600
209,1772006331231,3204,3204,3204,3204,3204,3204,3204,3204,21.052631378173828,21.052631378173828,30.000001907348633,15.000000953674316,25,20,4.761904716491699,0,5.546905994415283,8589934592,2147483648,5983567872,407961600
209,1772006331441,3204,3204,3204,3204,3204,3204,3204,3204,31.81818199157715,27.272727966308594,27.272727966308594,14.285715103149414,14.285715103149414,14.285715103149414,4.761904716491699,4.761904716491699,5.546905994415283,8589934592,2147483648,5972885504,407961600
205,1772006331651,3204,3204,3204,3204,3204,3204,3204,3204,35,42.85714340209961,42.85714340209961,30.000001907348633,4.761904716491699,0,0,0,5.546905994415283,8589934592,2147483648,5973786624,407961600
201,1772006331857,3204,3204,3204,3204,3204,3204,3204,3204,33.333335876464844,25,28.571430206298828,23.809524536132813,0,0,4.761904716491699,0,5.129184722900391,8589934592,2147483648,5973573632,407961600
209,1772006332059,3204,3204,3204,3204,3204,3204,3204,3204,25,33.333335876464844,21.052631378173828,20,0,4.761904716491699,0,0,5.129184722900391,8589934592,2147483648,5973426176,407961600
202,1772006332269,3204,3204,3204,3204,3204,3204,3204,3204,35,30.000001907348633,31.81818199157715,28.571430206298828,23.809524536132813,23.809524536132813,19.047618865966797,22.72727394104004,5.129184722900391,8589934592,2147483648,5974360064,407961600
199,1772006332472,3204,3204,3204,3204,3204,3204,3204,3204,36.3636360168457,25,21.052631378173828,20,4.761904716491699,0,0,4.761904716491699,5.129184722900391,8589934592,2147483648,5974114304,407961600
205,1772006332672,3204,3204,3204,3204,3204,3204,3204,3204,26.3157901763916,25,25,19.047618865966797,5,5,5,0,5.129184722900391,8589934592,2147483648,5974097920,407961600
208,1772006332878,3204,3204,3204,3204,3204,3204,3204,3204,28.571430206298828,28.571430206298828,25,25,4.761904716491699,4.761904716491699,0,0,5.638269901275635,8589934592,2147483648,5974147072,407961600
205,1772006333086,3204,3204,3204,3204,3204,3204,3204,3204,25,23.809524536132813,23.809524536132813,20,5,4.761904716491699,4.761904716491699,4.761904716491699,5.638269901275635,8589934592,2147483648,5975048192,407961600
204,1772006333293,3204,3204,3204,3204,3204,3204,3204,3204,23.809524536132813,30.000001907348633,25,19.047618865966797,0,4.761904716491699,0,0,5.638269901275635,8589934592,2147483648,5974278144,407961600
209,1772006333497,3204,3204,3204,3204,3204,3204,3204,3204,35,35,33.333335876464844,25,25,15.789472579956055,9.523809432983398,4.761904716491699,5.638269901275635,8589934592,2147483648,5973180416,407961600
209,1772006333708,3204,3204,3204,3204,3204,3204,3204,3204,28.571430206298828,33.333335876464844,19.047618865966797,23.809524536132813,5,9.090909004211426,4.761904716491699,0,5.638269901275635,8589934592,2147483648,5974671360,407961600
206,1772006333918,3204,3204,3204,3204,3204,3204,3204,3204,20,23.809524536132813,23.809524536132813,18.18181800842285,4.545454502105713,0,0,4.545454502105713,6.196852207183838,8589934592,2147483648,5974491136,407961600
206,1772006334124,3204,3204,3204,3204,3204,3204,3204,3204,23.809524536132813,28.571430206298828,25,15.000000953674316,9.090909004211426,4.761904716491699,0,0,6.196852207183838,8589934592,2147483648,5974441984,407961600
209,1772006334331,3204,3204,3204,3204,3204,3204,3204,3204,23.809524536132813,28.571430206298828,19.047618865966797,25,0,5,4.761904716491699,4.761904716491699,6.196852207183838,8589934592,2147483648,5974654976,407961600
209,1772006334541,3204,3204,3204,3204,3204,3204,3204,3204,28.571430206298828,25,23.809524536132813,19.047618865966797,0,0,0,0,6.196852207183838,8589934592,2147483648,5974409216,407961600
200,1772006334751,3204,3204,3204,3204,3204,3204,3204,3204,25,28.571430206298828,25,19.047618865966797,9.090909004211426,9.090909004211426,0,0,5.822996139526367,8589934592,2147483648,5974392832,407961600
209,1772006334952,3204,3204,3204,3204,3204,3204,3204,3204,30.000001907348633,35,20,25,0,4.761904716491699,5,5,5.822996139526367,8589934592,2147483648,5974392832,407961600
204,1772006335162,3204,3204,3204,3204,3204,3204,3204,3204,36.3636360168457,25,27.272727966308594,33.333335876464844,4.545454502105713,0,0,0,5.822996139526367,8589934592,2147483648,5974392832,407961600
207,1772006335366,3204,3204,3204,3204,3204,3204,3204,3204,25,22.72727394104004,15.789472579956055,23.809524536132813,5,0,0,0,5.822996139526367,8589934592,2147483648,5974392832,407961600
209,1772006335574,3204,3204,3204,3204,3204,3204,3204,3204,35,30.000001907348633,28.571430206298828,26.3157901763916,10,9.523809432983398,4.545454502105713,0,5.822996139526367,8589934592,2147483648,5955780608,407961600
204,1772006335784,3204,3204,3204,3204,3204,3204,3204,3204,23.809524536132813,23.809524536132813,23.809524536132813,18.18181800842285,23.809524536132813,23.809524536132813,5,4.761904716491699,5.379569053649902,8589934592,2147483648,5946556416,407961600
209,1772006335989,3204,3204,3204,3204,3204,3204,3204,3204,35,26.3157901763916,23.809524536132813,19.047618865966797,0,0,0,0,5.379569053649902,8589934592,2147483648,5948112896,407961600
209,1772006336198,3204,3204,3204,3204,3204,3204,3204,3204,38.095237731933594,40.90909194946289,38.095237731933594,30.000001907348633,22.72727394104004,9.090909004211426,0,0,5.379569053649902,8589934592,2147483648,5946818560,407961600
201,1772006336409,3204,3204,3204,3204,3204,3204,3204,3204,38.095237731933594,30.000001907348633,33.333335876464844,23.809524536132813,0,0,0,0,5.379569053649902,8589934592,2147483648,5950865408,407961600
209,1772006336611,3204,3204,3204,3204,3204,3204,3204,3204,25,28.571430206298828,21.052631378173828,19.047618865966797,0,0,0,0,5.379569053649902,8589934592,2147483648,5950865408,407961600
202,1772006336821,3204,3204,3204,3204,3204,3204,3204,3204,28.571430206298828,28.571430206298828,23.809524536132813,25,4.761904716491699,4.545454502105713,4.761904716491699,0,5.652590274810791,8589934592,2147483648,5951569920,407961600
203,1772006337024,3204,3204,3204,3204,3204,3204,3204,3204,25,21.052631378173828,25,20,0,0,4.545454502105713,0,5.652590274810791,8589934592,2147483648,5950832640,407961600
209,1772006337228,3204,3204,3204,3204,3204,3204,3204,3204,30.000001907348633,36.3636360168457,27.272727966308594,28.571430206298828,4.761904716491699,0,0,0,5.652590274810791,8589934592,2147483648,5950554112,407961600
208,1772006337438,3204,3204,3204,3204,3204,3204,3204,3204,22.72727394104004,20,19.047618865966797,23.809524536132813,0,9.090909004211426,0,0,5.652590274810791,8589934592,2147483648,5950603264,407961600
209,1772006337647,3204,3204,3204,3204,3204,3204,3204,3204,30.000001907348633,33.333335876464844,25,33.333335876464844,13.636363983154297,0,4.761904716491699,4.761904716491699,5.652590274810791,8589934592,2147483648,5955305472,407961600
209,1772006337858,3204,3204,3204,3204,3204,3204,3204,3204,33.333335876464844,30.000001907348633,23.809524536132813,25,9.523809432983398,15.000000953674316,0,0,5.753081798553467,8589934592,2147483648,5950619648,407961600
205,1772006338068,3204,3204,3204,3204,3204,3204,3204,3204,23.809524536132813,23.809524536132813,23.809524536132813,18.18181800842285,5,9.090909004211426,5,0,5.753081798553467,8589934592,2147483648,5951176704,407961600
204,1772006338274,3204,3204,3204,3204,3204,3204,3204,3204,25,20,25,15.000000953674316,4.545454502105713,0,0,0,5.753081798553467,8589934592,2147483648,5951012864,407961600
209,1772006338479,3204,3204,3204,3204,3204,3204,3204,3204,28.571430206298828,33.333335876464844,33.333335876464844,20,0,5,0,0,5.753081798553467,8589934592,2147483648,5953093632,407961600
202,1772006338689,3204,3204,3204,3204,3204,3204,3204,3204,28.571430206298828,19.047618865966797,23.809524536132813,19.047618865966797,0,0,0,0,5.753081798553467,8589934592,2147483648,5952372736,407961600
209,1772006338892,3204,3204,3204,3204,3204,3204,3204,3204,30.000001907348633,25,20,19.047618865966797,4.761904716491699,0,4.761904716491699,0,5.423752784729004,8589934592,2147483648,5952323584,407961600
206,1772006339102,3204,3204,3204,3204,3204,3204,3204,3204,25,25,23.809524536132813,19.047618865966797,9.090909004211426,9.090909004211426,0,4.545454502105713,5.423752784729004,8589934592,2147483648,5952372736,407961600
204,1772006339309,3204,3204,3204,3204,3204,3204,3204,3204,23.809524536132813,27.272727966308594,20,10.526315689086914,0,0,0,0,5.423752784729004,8589934592,2147483648,5952372736,407961600
207,1772006339514,3204,3204,3204,3204,3204,3204,3204,3204,25,25,20,22.72727394104004,4.761904716491699,0,0,0,5.423752784729004,8589934592,2147483648,5952471040,407961600
209,1772006339722,3204,3204,3204,3204,3204,3204,3204,3204,27.272727966308594,23.809524536132813,23.809524536132813,15.000000953674316,0,0,0,0,5.423752784729004,8589934592,2147483648,5952405504,407961600
206,1772006339932,3204,3204,3204,3204,3204,3204,3204,3204,26.3157901763916,33.333335876464844,28.571430206298828,28.571430206298828,31.81818199157715,27.272727966308594,9.090909004211426,13.636363983154297,5.5468645095825195,8589934592,2147483648,5952389120,407961600
209,1772006340139,3204,3204,3204,3204,3204,3204,3204,3204,33.333335876464844,25,23.809524536132813,25,5,4.761904716491699,0,0,5.5468645095825195,8589934592,2147483648,5952389120,407961600
209,1772006340349,3204,3204,3204,3204,3204,3204,3204,3204,25,33.333335876464844,30.000001907348633,28.571430206298828,0,0,0,0,5.5468645095825195,8589934592,2147483648,5952389120,407961600
209,1772006340559,3204,3204,3204,3204,3204,3204,3204,3204,38.095237731933594,28.571430206298828,28.571430206298828,27.272727966308594,4.761904716491699,0,0,0,5.5468645095825195,8589934592,2147483648,5952389120,407961600
206,1772006340769,3204,3204,3204,3204,3204,3204,3204,3204,39.130435943603516,28.571430206298828,25,23.809524536132813,4.761904716491699,4.761904716491699,4.761904716491699,5,5.265822410583496,8589934592,2147483648,5960368128,407961600
200,1772006340976,3204,3204,3204,3204,3204,3204,3204,3204,31.57894515991211,25,27.272727966308594,25,0,0,0,0,5.265822410583496,8589934592,2147483648,5960302592,407961600
209,1772006341177,3204,3204,3204,3204,3204,3204,3204,3204,35,33.333335876464844,33.333335876464844,21.052631378173828,15.000000953674316,13.636363983154297,20,4.761904716491699,5.265822410583496,8589934592,2147483648,5955518464,407961600
209,1772006341388,3204,3204,3204,3204,3204,3204,3204,3204,36.3636360168457,30.000001907348633,20,23.809524536132813,4.545454502105713,0,4.545454502105713,0,5.265822410583496,8589934592,2147483648,5955534848,407961600
201,1772006341598,3204,3204,3204,3204,3204,3204,3204,3204,31.57894515991211,30.000001907348633,33.333335876464844,27.272727966308594,4.761904716491699,0,0,0,5.265822410583496,8589934592,2147483648,5955534848,407961600
199,1772006341800,3204,3204,3204,3204,3204,3204,3204,3204,36.3636360168457,31.81818199157715,26.3157901763916,21.052631378173828,5,4.761904716491699,0,0,5.672077178955078,8589934592,2147483648,5954797568,407961600
207,1772006342000,3204,3204,3204,3204,3204,3204,3204,3204,36.842105865478516,36.842105865478516,38.095237731933594,28.571430206298828,10,15.789472579956055,4.761904716491699,10,5.672077178955078,8589934592,2147483648,5964972032,407961600
207,1772006342208,3204,3204,3204,3204,3204,3204,3204,3204,33.333335876464844,23.809524536132813,19.047618865966797,23.809524536132813,10,14.285715103149414,0,0,5.672077178955078,8589934592,2147483648,5964972032,407961600
208,1772006342416,3204,3204,3204,3204,3204,3204,3204,3204,23.809524536132813,28.571430206298828,23.809524536132813,14.285715103149414,0,0,0,0,5.672077178955078,8589934592,2147483648,5964972032,407961600
207,1772006342625,3204,3204,3204,3204,3204,3204,3204,3204,25,30.000001907348633,15.789472579956055,15.000000953674316,4.761904716491699,4.761904716491699,4.761904716491699,0,5.672077178955078,8589934592,2147483648,5964972032,407961600
200,1772006342833,3204,3204,3204,3204,3204,3204,3204,3204,28.571430206298828,30.000001907348633,27.272727966308594,19.047618865966797,9.523809432983398,9.090909004211426,4.761904716491699,4.761904716491699,5.420934200286865,8589934592,2147483648,5954519040,407961600
208,1772006343035,3204,3204,3204,3204,3204,3204,3204,3204,25,19.047618865966797,10.526315689086914,26.3157901763916,4.761904716491699,0,0,0,5.420934200286865,8589934592,2147483648,5954404352,407961600
208,1772006343244,3204,3204,3204,3204,3204,3204,3204,3204,28.571430206298828,28.571430206298828,19.047618865966797,31.81818199157715,0,4.761904716491699,0,0,5.420934200286865,8589934592,2147483648,5952897024,407961600
200,1772006343453,3204,3204,3204,3204,3204,3204,3204,3204,25,20,23.809524536132813,15.000000953674316,4.761904716491699,4.761904716491699,0,4.761904716491699,5.420934200286865,8589934592,2147483648,5952110592,407961600
204,1772006343655,3204,3204,3204,3204,3204,3204,3204,3204,30.000001907348633,23.809524536132813,25,19.047618865966797,0,5,4.761904716491699,0,5.420934200286865,8589934592,2147483648,5951995904,407961600
207,1772006343859,3204,3204,3204,3204,3204,3204,3204,3204,33.333335876464844,20,23.809524536132813,19.047618865966797,4.761904716491699,4.761904716491699,0,0,5.580892562866211,8589934592,2147483648,5952634880,407961600
209,1772006344067,3204,3204,3204,3204,3204,3204,3204,3204,30.000001907348633,35,20,21.052631378173828,5,0,0,0,5.580892562866211,8589934592,2147483648,5956337664,407961600
206,1772006344277,3204,3204,3204,3204,3204,3204,3204,3204,28.571430206298828,23.809524536132813,20,18.18181800842285,23.809524536132813,20,4.761904716491699,0,5.580892562866211,8589934592,2147483648,5956337664,407961600
205,1772006344484,3204,3204,3204,3204,3204,3204,3204,3204,28.571430206298828,28.571430206298828,27.272727966308594,15.789472579956055,4.761904716491699,0,0,0,5.580892562866211,8589934592,2147483648,5956337664,407961600
204,1772006344691,3204,3204,3204,3204,3204,3204,3204,3204,30.000001907348633,25,20,27.272727966308594,0,0,0,0,5.580892562866211,8589934592,2147483648,5956337664,407961600
200,1772006344896,3204,3204,3204,3204,3204,3204,3204,3204,23.809524536132813,33.333335876464844,20,20,4.761904716491699,5,4.545454502105713,0,5.313979625701904,8589934592,2147483648,5950685184,407961600
207,1772006345097,3204,3204,3204,3204,3204,3204,3204,3204,26.3157901763916,26.3157901763916,20,20,0,0,0,0,5.313979625701904,8589934592,2147483648,5950898176,407961600
208,1772006345305,3204,3204,3204,3204,3204,3204,3204,3204,27.272727966308594,33.333335876464844,19.047618865966797,10,0,0,0,0,5.313979625701904,8589934592,2147483648,5950898176,407961600
203,1772006345514,3204,3204,3204,3204,3204,3204,3204,3204,20,31.81818199157715,14.285715103149414,22.72727394104004,0,0,0,0,5.313979625701904,8589934592,2147483648,5950898176,407961600
205,1772006345718,3204,3204,3204,3204,3204,3204,3204,3204,35,30.000001907348633,35,30.000001907348633,28.571430206298828,25,23.809524536132813,23.809524536132813,5.313979625701904,8589934592,2147483648,5950898176,407961600
204,1772006345924,3204,3204,3204,3204,3204,3204,3204,3204,19.047618865966797,20,14.285715103149414,5,14.285715103149414,13.636363983154297,5,5,5.773286819458008,8589934592,2147483648,5950914560,407961600
209,1772006346129,3204,3204,3204,3204,3204,3204,3204,3204,30.000001907348633,25,23.809524536132813,20,0,21.052631378173828,0,0,5.773286819458008,8589934592,2147483648,5950799872,407961600
208,1772006346339,3204,3204,3204,3204,3204,3204,3204,3204,28.571430206298828,33.333335876464844,28.571430206298828,28.571430206298828,33.333335876464844,18.18181800842285,4.761904716491699,4.761904716491699,5.773286819458008,8589934592,2147483648,5950619648,407961600
209,1772006346548,3204,3204,3204,3204,3204,3204,3204,3204,28.571430206298828,23.809524536132813,21.052631378173828,23.809524536132813,9.523809432983398,4.761904716491699,0,0,5.773286819458008,8589934592,2147483648,5952012288,407961600
209,1772006346758,3204,3204,3204,3204,3204,3204,3204,3204,23.809524536132813,25,22.72727394104004,22.72727394104004,5,4.761904716491699,4.761904716491699,4.761904716491699,5.737375259399414,8589934592,2147483648,5951881216,407961600
209,1772006346967,3204,3204,3204,3204,3204,3204,3204,3204,23.809524536132813,27.272727966308594,23.809524536132813,28.571430206298828,4.545454502105713,4.761904716491699,0,0,5.737375259399414,8589934592,2147483648,5951864832,407961600
203,1772006347177,3204,3204,3204,3204,3204,3204,3204,3204,25,30.000001907348633,23.809524536132813,25,5,4.761904716491699,4.761904716491699,4.761904716491699,5.737375259399414,8589934592,2147483648,5951864832,407961600
209,1772006347381,3204,3204,3204,3204,3204,3204,3204,3204,28.571430206298828,23.809524536132813,20,20,0,0,0,0,5.737375259399414,8589934592,2147483648,5951864832,407961600
208,1772006347591,3204,3204,3204,3204,3204,3204,3204,3204,25,23.809524536132813,23.809524536132813,23.809524536132813,9.090909004211426,4.545454502105713,0,0,5.737375259399414,8589934592,2147483648,5951864832,407961600
205,1772006347801,3204,3204,3204,3204,3204,3204,3204,3204,23.809524536132813,28.571430206298828,19.047618865966797,18.18181800842285,4.761904716491699,0,4.761904716491699,4.545454502105713,5.774768352508545,8589934592,2147483648,5951864832,407961600
202,1772006348007,3204,3204,3204,3204,3204,3204,3204,3204,28.571430206298828,25,20,20,0,4.761904716491699,0,0,5.774768352508545,8589934592,2147483648,5950472192,407961600
209,1772006348210,3204,3204,3204,3204,3204,3204,3204,3204,21.052631378173828,30.000001907348633,20,20,5,5,0,0,5.774768352508545,8589934592,2147483648,5950783488,407961600
203,1772006348420,3204,3204,3204,3204,3204,3204,3204,3204,31.81818199157715,31.81818199157715,28.571430206298828,23.809524536132813,19.047618865966797,4.761904716491699,8.69565200805664,9.523809432983398,5.774768352508545,8589934592,2147483648,5961498624,407961600
202,1772006348624,3204,3204,3204,3204,3204,3204,3204,3204,30.000001907348633,26.3157901763916,30.000001907348633,25,14.285715103149414,15.000000953674316,0,0,5.774768352508545,8589934592,2147483648,5952602112,407961600
206,1772006348827,3204,3204,3204,3204,3204,3204,3204,3204,40,40,38.095237731933594,25,5.263157844543457,0,0,0,5.307129859924316,8589934592,2147483648,5951619072,407961600
208,1772006349033,3204,3204,3204,3204,3204,3204,3204,3204,20,27.272727966308594,30.000001907348633,19.047618865966797,4.761904716491699,4.761904716491699,4.761904716491699,0,5.307129859924316,8589934592,2147483648,5951635456,407961600
201,1772006349243,3204,3204,3204,3204,3204,3204,3204,3204,28.571430206298828,25,23.809524536132813,19.047618865966797,0,4.761904716491699,0,0,5.307129859924316,8589934592,2147483648,5951635456,407961600
207,1772006349445,3204,3204,3204,3204,3204,3204,3204,3204,25,23.809524536132813,20,25,5,5,0,4.761904716491699,5.307129859924316,8589934592,2147483648,5951635456,407961600
207,1772006349652,3204,3204,3204,3204,3204,3204,3204,3204,20,20,15.000000953674316,23.809524536132813,0,4.761904716491699,4.545454502105713,0,5.307129859924316,8589934592,2147483648,5951635456,407961600
200,1772006349860,3204,3204,3204,3204,3204,3204,3204,3204,31.81818199157715,20,19.047618865966797,23.809524536132813,4.545454502105713,0,0,0,5.585596561431885,8589934592,2147483648,5951635456,407961600
209,1772006350061,3204,3204,3204,3204,3204,3204,3204,3204,35,35,35,35,0,0,0,0,5.585596561431885,8589934592,2147483648,5951324160,407961600
213,1772006350271,3204,3204,3204,3204,3204,3204,3204,3204,35,33.333335876464844,23.809524536132813,30.000001907348633,4.761904716491699,0,0,0,5.585596561431885,8589934592,2147483648,5952323584,407961600
208,1772006350486,3204,3204,3204,3204,3204,3204,3204,3204,23.809524536132813,31.81818199157715,31.81818199157715,23.809524536132813,0,4.545454502105713,0,4.545454502105713,5.585596561431885,8589934592,2147483648,5951766528,407961600
202,1772006350695,3204,3204,3204,3204,3204,3204,3204,3204,33.333335876464844,33.333335876464844,23.809524536132813,28.571430206298828,28.571430206298828,25,5,0,5.585596561431885,8589934592,2147483648,5951750144,407961600
209,1772006350898,3204,3204,3204,3204,3204,3204,3204,3204,20,15.789472579956055,10.526315689086914,15.000000953674316,5,5,0,0,5.412989616394043,8589934592,2147483648,5951782912,407961600
209,1772006351107,3204,3204,3204,3204,3204,3204,3204,3204,38.095237731933594,33.333335876464844,28.571430206298828,27.272727966308594,9.523809432983398,22.72727394104004,4.761904716491699,4.545454502105713,5.412989616394043,8589934592,2147483648,5952012288,407961600
203,1772006351317,3204,3204,3204,3204,3204,3204,3204,3204,33.333335876464844,27.272727966308594,22.72727394104004,20,4.761904716491699,0,0,0,5.412989616394043,8589934592,2147483648,5951979520,407961600
209,1772006351521,3204,3204,3204,3204,3204,3204,3204,3204,25,25,20,19.047618865966797,0,0,0,0,5.412989616394043,8589934592,2147483648,5951995904,407961600
207,1772006351731,3204,3204,3204,3204,3204,3204,3204,3204,33.333335876464844,23.809524536132813,19.047618865966797,19.047618865966797,0,0,0,0,5.731429100036621,8589934592,2147483648,5951995904,407961600
199,1772006351940,3204,3204,3204,3204,3204,3204,3204,3204,23.809524536132813,25,15.000000953674316,19.047618865966797,9.090909004211426,4.761904716491699,0,0,5.731429100036621,8589934592,2147483648,5951930368,407961600
200,1772006352140,3204,3204,3204,3204,3204,3204,3204,3204,23.809524536132813,26.3157901763916,30.000001907348633,15.789472579956055,0,0,0,0,5.731429100036621,8589934592,2147483648,5951668224,407961600
209,1772006352341,3204,3204,3204,3204,3204,3204,3204,3204,26.3157901763916,20,25,15.000000953674316,4.761904716491699,9.523809432983398,0,0,5.731429100036621,8589934592,2147483648,5949898752,407961600
206,1772006352551,3204,3204,3204,3204,3204,3204,3204,3204,20,27.272727966308594,23.809524536132813,19.047618865966797,4.545454502105713,0,0,0,5.731429100036621,8589934592,2147483648,5949915136,407961600
201,1772006352758,3204,3204,3204,3204,3204,3204,3204,3204,27.272727966308594,25,38.095237731933594,19.047618865966797,15.789472579956055,14.285715103149414,4.761904716491699,9.090909004211426,5.327634811401367,8589934592,2147483648,5948637184,407961600
201,1772006352960,3204,3204,3204,3204,3204,3204,3204,3204,40,35,30.000001907348633,25,9.523809432983398,10,5,5,5.327634811401367,8589934592,2147483648,5949652992,407961600
202,1772006353162,3204,3204,3204,3204,3204,3204,3204,3204,31.57894515991211,23.809524536132813,26.3157901763916,15.000000953674316,5.263157844543457,5,5,4.761904716491699,5.327634811401367,8589934592,2147483648,5949145088,407961600
200,1772006353364,3204,3204,3204,3204,3204,3204,3204,3204,25,21.052631378173828,33.333335876464844,20,9.090909004211426,0,0,0,5.327634811401367,8589934592,2147483648,5951242240,407961600
203,1772006353565,3204,3204,3204,3204,3204,3204,3204,3204,23.809524536132813,20,30.000001907348633,19.047618865966797,5.263157844543457,5.263157844543457,9.523809432983398,5,5.327634811401367,8589934592,2147483648,5950455808,407961600
209,1772006353769,3204,3204,3204,3204,3204,3204,3204,3204,25,28.571430206298828,30.000001907348633,15.000000953674316,4.761904716491699,4.761904716491699,0,0,5.236244201660156,8589934592,2147483648,5950455808,407961600
208,1772006353978,3204,3204,3204,3204,3204,3204,3204,3204,30.000001907348633,19.047618865966797,23.809524536132813,20,4.761904716491699,0,4.761904716491699,0,5.236244201660156,8589934592,2147483648,5950455808,407961600
209,1772006354188,3204,3204,3204,3204,3204,3204,3204,3204,33.333335876464844,20,19.047618865966797,22.72727394104004,4.761904716491699,4.545454502105713,0,4.761904716491699,5.236244201660156,8589934592,2147483648,5950586880,407961600
200,1772006354398,3204,3204,3204,3204,3204,3204,3204,3204,22.72727394104004,28.571430206298828,19.047618865966797,25,0,0,0,0,5.236244201660156,8589934592,2147483648,5950619648,407961600
206,1772006354599,3204,3204,3204,3204,3204,3204,3204,3204,21.052631378173828,20,20,20,0,5,0,0,5.236244201660156,8589934592,2147483648,5950619648,407961600
209,1772006354806,3204,3204,3204,3204,3204,3204,3204,3204,42.85714340209961,28.571430206298828,28.571430206298828,28.571430206298828,18.18181800842285,4.761904716491699,4.761904716491699,0,5.642235279083252,8589934592,2147483648,5950619648,407961600
209,1772006355017,3204,3204,3204,3204,3204,3204,3204,3204,28.571430206298828,33.333335876464844,23.809524536132813,20,25,19.047618865966797,0,4.761904716491699,5.642235279083252,8589934592,2147483648,5950619648,407961600
206,1772006355226,3204,3204,3204,3204,3204,3204,3204,3204,50,33.333335876464844,42.85714340209961,40.90909194946289,14.285715103149414,5,4.545454502105713,4.545454502105713,5.642235279083252,8589934592,2147483648,5967593472,407961600
209,1772006355433,3204,3204,3204,3204,3204,3204,3204,3204,40,40,30.000001907348633,35,4.761904716491699,4.545454502105713,0,0,5.642235279083252,8589934592,2147483648,5978996736,407961600
201,1772006355643,3204,3204,3204,3204,3204,3204,3204,3204,36.3636360168457,33.333335876464844,23.809524536132813,25,4.761904716491699,4.761904716491699,0,0,5.642235279083252,8589934592,2147483648,5979947008,407961600
206,1772006355845,3204,3204,3204,3204,3204,3204,3204,3204,35,31.57894515991211,25,33.333335876464844,5,5,0,0,5.256600379943848,8589934592,2147483648,5980225536,407961600
209,1772006356051,3204,3204,3204,3204,3204,3204,3204,3204,35,38.095237731933594,33.333335876464844,28.571430206298828,0,0,0,0,5.256600379943848,8589934592,2147483648,5979553792,407961600
202,1772006356262,3204,3204,3204,3204,3204,3204,3204,3204,38.095237731933594,38.095237731933594,26.3157901763916,33.333335876464844,13.636363983154297,23.809524536132813,4.761904716491699,4.761904716491699,5.256600379943848,8589934592,2147483648,5978357760,407961600
209,1772006356464,3204,3204,3204,3204,3204,3204,3204,3204,40,35,38.095237731933594,26.3157901763916,0,0,0,0,5.256600379943848,8589934592,2147483648,5978423296,407961600
201,1772006356674,3204,3204,3204,3204,3204,3204,3204,3204,33.333335876464844,38.095237731933594,25,28.571430206298828,0,4.545454502105713,0,0,5.256600379943848,8589934592,2147483648,5978423296,407961600
208,1772006356876,3204,3204,3204,3204,3204,3204,3204,3204,40,35,36.3636360168457,30.000001907348633,4.761904716491699,0,0,0,5.952281475067139,8589934592,2147483648,5978423296,407961600
209,1772006357086,3204,3204,3204,3204,3204,3204,3204,3204,38.095237731933594,38.095237731933594,42.85714340209961,38.095237731933594,26.3157901763916,15.000000953674316,8.69565200805664,0,5.952281475067139,8589934592,2147483648,5978423296,407961600
208,1772006357296,3204,3204,3204,3204,3204,3204,3204,3204,38.095237731933594,33.333335876464844,26.3157901763916,28.571430206298828,0,4.761904716491699,0,4.761904716491699,5.952281475067139,8589934592,2147483648,5981601792,407961600
202,1772006357505,3204,3204,3204,3204,3204,3204,3204,3204,20,33.333335876464844,19.047618865966797,19.047618865966797,4.761904716491699,0,0,0,5.952281475067139,8589934592,2147483648,5981454336,407961600
209,1772006357708,3204,3204,3204,3204,3204,3204,3204,3204,25,25,19.047618865966797,19.047618865966797,9.090909004211426,9.523809432983398,0,0,5.952281475067139,8589934592,2147483648,5982748672,407961600
202,1772006357918,3204,3204,3204,3204,3204,3204,3204,3204,31.81818199157715,20,19.047618865966797,5,0,0,0,0,5.785833835601807,8589934592,2147483648,5981962240,407961600
200,1772006358121,3204,3204,3204,3204,3204,3204,3204,3204,25,28.571430206298828,20,28.571430206298828,0,0,0,0,5.785833835601807,8589934592,2147483648,5981863936,407961600
203,1772006358322,3204,3204,3204,3204,3204,3204,3204,3204,20,20,19.047618865966797,21.052631378173828,5.263157844543457,4.761904716491699,5,0,5.785833835601807,8589934592,2147483648,5981831168,407961600
207,1772006358526,3204,3204,3204,3204,3204,3204,3204,3204,21.052631378173828,20,15.789472579956055,20,0,0,0,0,5.785833835601807,8589934592,2147483648,5981831168,407961600
206,1772006358734,3204,3204,3204,3204,3204,3204,3204,3204,27.272727966308594,28.571430206298828,23.809524536132813,23.809524536132813,4.761904716491699,0,0,0,5.6698102951049805,8589934592,2147483648,5983748096,407961600
200,1772006358941,3204,3204,3204,3204,3204,3204,3204,3204,20,20,19.047618865966797,19.047618865966797,0,4.761904716491699,0,0,5.6698102951049805,8589934592,2147483648,5982978048,407961600
208,1772006359142,3204,3204,3204,3204,3204,3204,3204,3204,36.842105865478516,30.000001907348633,30.000001907348633,30.000001907348633,10,10,10,14.285715103149414,5.6698102951049805,8589934592,2147483648,5992169472,407961600
200,1772006359351,3204,3204,3204,3204,3204,3204,3204,3204,36.3636360168457,25,23.809524536132813,19.047618865966797,23.809524536132813,14.285715103149414,5,4.761904716491699,5.6698102951049805,8589934592,2147483648,5981765632,407961600
203,1772006359552,3204,3204,3204,3204,3204,3204,3204,3204,30.000001907348633,28.571430206298828,26.3157901763916,15.000000953674316,0,0,0,4.761904716491699,5.6698102951049805,8589934592,2147483648,5981913088,407961600
205,1772006359756,3204,3204,3204,3204,3204,3204,3204,3204,25,25,23.809524536132813,23.809524536132813,4.761904716491699,0,0,0,5.051222801208496,8589934592,2147483648,5981896704,407961600
209,1772006359962,3204,3204,3204,3204,3204,3204,3204,3204,25,23.809524536132813,23.809524536132813,30.000001907348633,0,13.043478012084961,4.761904716491699,0,5.051222801208496,8589934592,2147483648,5981880320,407961600
208,1772006360172,3204,3204,3204,3204,3204,3204,3204,3204,23.809524536132813,19.047618865966797,15.789472579956055,23.809524536132813,4.761904716491699,4.761904716491699,4.545454502105713,4.761904716491699,5.051222801208496,8589934592,2147483648,5982109696,407961600
203,1772006360381,3204,3204,3204,3204,3204,3204,3204,3204,33.333335876464844,20,22.72727394104004,20,4.761904716491699,0,4.761904716491699,0,5.051222801208496,8589934592,2147483648,5982633984,407961600
201,1772006360585,3204,3204,3204,3204,3204,3204,3204,3204,23.809524536132813,20,15.000000953674316,25,0,4.761904716491699,4.761904716491699,0,5.051222801208496,8589934592,2147483648,5981929472,407961600
204,1772006360787,3204,3204,3204,3204,3204,3204,3204,3204,25,23.809524536132813,20,28.571430206298828,5,10,0,4.761904716491699,5.551641464233398,8589934592,2147483648,5982027776,407961600
206,1772006360992,3204,3204,3204,3204,3204,3204,3204,3204,25,20,19.047618865966797,19.047618865966797,9.090909004211426,0,0,0,5.551641464233398,8589934592,2147483648,5982109696,407961600
201,1772006361198,3204,3204,3204,3204,3204,3204,3204,3204,30.000001907348633,23.809524536132813,28.571430206298828,20,5,25,0,0,5.551641464233398,8589934592,2147483648,5982175232,407961600
208,1772006361400,3204,3204,3204,3204,3204,3204,3204,3204,35,30.000001907348633,26.3157901763916,33.333335876464844,35,30.000001907348633,5,0,5.551641464233398,8589934592,2147483648,5981962240,407961600
209,1772006361609,3204,3204,3204,3204,3204,3204,3204,3204,28.571430206298828,23.809524536132813,22.72727394104004,5.263157844543457,0,0,0,0,5.551641464233398,8589934592,2147483648,5981978624,407961600
204,1772006361819,3204,3204,3204,3204,3204,3204,3204,3204,28.571430206298828,23.809524536132813,20,19.047618865966797,0,4.545454502105713,0,0,5.213735580444336,8589934592,2147483648,5981978624,407961600
201,1772006362024,3204,3204,3204,3204,3204,3204,3204,3204,30.000001907348633,21.052631378173828,15.000000953674316,19.047618865966797,4.761904716491699,0,4.761904716491699,4.545454502105713,5.213735580444336,8589934592,2147483648,5981306880,407961600
199,1772006362227,3204,3204,3204,3204,3204,3204,3204,3204,30.000001907348633,28.571430206298828,25,20,0,5,0,0,5.213735580444336,8589934592,2147483648,5981224960,407961600
209,1772006362427,3204,3204,3204,3204,3204,3204,3204,3204,28.571430206298828,21.052631378173828,20,15.000000953674316,0,0,0,0,5.213735580444336,8589934592,2147483648,5981044736,407961600
205,1772006362637,3204,3204,3204,3204,3204,3204,3204,3204,23.809524536132813,31.81818199157715,19.047618865966797,14.285715103149414,4.761904716491699,0,0,0,5.213735580444336,8589934592,2147483648,5981585408,407961600
208,1772006362843,3204,3204,3204,3204,3204,3204,3204,3204,26.3157901763916,23.809524536132813,19.047618865966797,19.047618865966797,0,0,0,0,5.557285785675049,8589934592,2147483648,5981585408,407961600
202,1772006363052,3204,3204,3204,3204,3204,3204,3204,3204,23.809524536132813,20,20,23.809524536132813,4.761904716491699,0,0,0,5.557285785675049,8589934592,2147483648,5981585408,407961600
209,1772006363255,3204,3204,3204,3204,3204,3204,3204,3204,25,25,28.571430206298828,15.789472579956055,0,0,0,0,5.557285785675049,8589934592,2147483648,5981585408,407961600
208,1772006363464,3204,3204,3204,3204,3204,3204,3204,3204,28.571430206298828,25,28.571430206298828,28.571430206298828,27.272727966308594,18.18181800842285,9.523809432983398,4.761904716491699,5.557285785675049,8589934592,2147483648,5993234432,407961600
208,1772006363673,3204,3204,3204,3204,3204,3204,3204,3204,23.809524536132813,22.72727394104004,20,22.72727394104004,14.285715103149414,10,9.523809432983398,0,5.557285785675049,8589934592,2147483648,5983256576,407961600
206,1772006363882,3204,3204,3204,3204,3204,3204,3204,3204,30.000001907348633,25,23.809524536132813,15.000000953674316,9.090909004211426,4.545454502105713,4.761904716491699,4.545454502105713,5.145785808563232,8589934592,2147483648,5983354880,407961600
209,1772006364090,3204,3204,3204,3204,3204,3204,3204,3204,31.81818199157715,19.047618865966797,20,23.809524536132813,0,0,0,0,5.145785808563232,8589934592,2147483648,5983223808,407961600
204,1772006364300,3204,3204,3204,3204,3204,3204,3204,3204,33.333335876464844,33.333335876464844,27.272727966308594,23.809524536132813,4.761904716491699,4.545454502105713,0,0,5.145785808563232,8589934592,2147483648,5995266048,407961600
209,1772006364505,3204,3204,3204,3204,3204,3204,3204,3204,50,50,42.105262756347656,40,0,0,0,0,5.145785808563232,8589934592,2147483648,5996445696,407961600
202,1772006364715,3204,3204,3204,3204,3204,3204,3204,3204,28.571430206298828,23.809524536132813,26.086956024169922,19.047618865966797,0,4.761904716491699,4.545454502105713,0,5.145785808563232,8589934592,2147483648,5989089280,407961600
206,1772006364919,3204,3204,3204,3204,3204,3204,3204,3204,28.571430206298828,20,16.666667938232422,20,5,5,4.761904716491699,0,5.444090366363525,8589934592,2147483648,5989072896,407961600
202,1772006365126,3204,3204,3204,3204,3204,3204,3204,3204,20,23.809524536132813,23.809524536132813,19.047618865966797,4.761904716491699,0,0,0,5.444090366363525,8589934592,2147483648,5989072896,407961600
203,1772006365329,3204,3204,3204,3204,3204,3204,3204,3204,21.052631378173828,25,23.809524536132813,25,0,0,0,4.545454502105713,5.444090366363525,8589934592,2147483648,5989138432,407961600
209,1772006365532,3204,3204,3204,3204,3204,3204,3204,3204,38.095237731933594,30.000001907348633,30.000001907348633,30.000001907348633,19.047618865966797,5,0,0,5.444090366363525,8589934592,2147483648,5998575616,407961600
208,1772006365743,3204,3204,3204,3204,3204,3204,3204,3204,33.333335876464844,28.571430206298828,23.809524536132813,31.81818199157715,33.333335876464844,33.333335876464844,19.047618865966797,15.000000953674316,5.38122034072876,8589934592,2147483648,5989482496,407961600
203,1772006365952,3204,3204,3204,3204,3204,3204,3204,3204,20,20,23.809524536132813,15.000000953674316,5,4.545454502105713,9.090909004211426,9.090909004211426,5.38122034072876,8589934592,2147483648,5989154816,407961600
209,1772006366156,3204,3204,3204,3204,3204,3204,3204,3204,70,61.904762268066406,65,61.904762268066406,9.523809432983398,20,0,0,5.38122034072876,8589934592,2147483648,5989154816,407961600
202,1772006366366,3204,3204,3204,3204,3204,3204,3204,3204,59.09090805053711,47.619049072265625,47.619049072265625,33.333335876464844,4.761904716491699,10,0,0,5.38122034072876,8589934592,2147483648,5989154816,407961600
205,1772006366568,3204,3204,3204,3204,3204,3204,3204,3204,50,45,38.095237731933594,35,10,14.285715103149414,0,0,5.38122034072876,8589934592,2147483648,6001180672,407961600
206,1772006366774,3204,3204,3204,3204,3204,3204,3204,3204,55,38.095237731933594,65,30.000001907348633,4.761904716491699,0,0,0,5.806628704071045,8589934592,2147483648,5982633984,407961600
209,1772006366981,3204,3204,3204,3204,3204,3204,3204,3204,66.66667175292969,70,80,70,0,0,0,0,5.806628704071045,8589934592,2147483648,5981257728,407961600
200,1772006367191,3204,3204,3204,3204,3204,3204,3204,3204,25,31.81818199157715,19.047618865966797,19.047618865966797,0,4.545454502105713,0,0,5.806628704071045,8589934592,2147483648,5981274112,407961600
209,1772006367392,3204,3204,3204,3204,3204,3204,3204,3204,42.85714340209961,30.000001907348633,38.095237731933594,28.571430206298828,5,0,0,4.761904716491699,5.806628704071045,8589934592,2147483648,5980651520,407961600
203,1772006367602,3204,3204,3204,3204,3204,3204,3204,3204,30.000001907348633,25,20,19.047618865966797,0,4.545454502105713,4.761904716491699,0,5.806628704071045,8589934592,2147483648,5980635136,407961600
207,1772006367806,3204,3204,3204,3204,3204,3204,3204,3204,52.38095474243164,42.85714340209961,42.85714340209961,40,30.000001907348633,5,5,15.000000953674316,6.201855659484863,8589934592,2147483648,5955338240,407961600
207,1772006368014,3204,3204,3204,3204,3204,3204,3204,3204,25,35,30.000001907348633,33.333335876464844,95.45454406738281,0,0,0,6.201855659484863,8589934592,2147483648,5957140480,407961600
208,1772006368222,3204,3204,3204,3204,3204,3204,3204,3204,23.809524536132813,23.809524536132813,23.809524536132813,15.000000953674316,85,19.047618865966797,0,0,6.201855659484863,8589934592,2147483648,5957124096,407961600
209,1772006368431,3204,3204,3204,3204,3204,3204,3204,3204,28.571430206298828,25,19.047618865966797,23.809524536132813,50,19.047618865966797,14.285715103149414,4.761904716491699,6.201855659484863,8589934592,2147483648,5968756736,407961600
209,1772006368641,3204,3204,3204,3204,3204,3204,3204,3204,30.000001907348633,23.809524536132813,15.000000953674316,14.285715103149414,33.333335876464844,14.285715103149414,28.571430206298828,60.000003814697266,6.201855659484863,8589934592,2147483648,5918326784,407961600
209,1772006368851,3204,3204,3204,3204,3204,3204,3204,3204,31.81818199157715,20,19.047618865966797,19.047618865966797,0,20,76.19047546386719,4.761904716491699,5.67460823059082,8589934592,2147483648,5885755392,407961600
209,1772006369061,3204,3204,3204,3204,3204,3204,3204,3204,25,27.272727966308594,27.272727966308594,19.047618865966797,4.545454502105713,38.095237731933594,0,0,5.67460823059082,8589934592,2147483648,5885853696,407961600
206,1772006369271,3204,3204,3204,3204,3204,3204,3204,3204,23.809524536132813,28.571430206298828,15.000000953674316,14.285715103149414,0,36.3636360168457,0,68.18181610107422,5.67460823059082,8589934592,2147483648,5885853696,407961600
200,1772006369477,3204,3204,3204,3204,3204,3204,3204,3204,23.809524536132813,23.809524536132813,19.047618865966797,19.047618865966797,5,5,5,84.21052551269531,5.67460823059082,8589934592,2147483648,5886066688,407961600
202,1772006369678,3204,3204,3204,3204,3204,3204,3204,3204,25,25,20,10.526315689086914,30.000001907348633,9.523809432983398,0,0,5.67460823059082,8589934592,2147483648,5869879296,407961600
209,1772006369881,3204,3204,3204,3204,3204,3204,3204,3204,30.000001907348633,30.000001907348633,31.57894515991211,23.809524536132813,45,36.842105865478516,33.333335876464844,4.761904716491699,10.135761260986328,8589934592,2147483648,5880020992,407961600
206,1772006370091,3204,3204,3204,3204,3204,3204,3204,3204,30.000001907348633,20,27.272727966308594,15.000000953674316,61.904762268066406,52.38095474243164,14.285715103149414,4.761904716491699,10.135761260986328,8589934592,2147483648,5869764608,407961600
209,1772006370298,3204,3204,3204,3204,3204,3204,3204,3204,19.047618865966797,23.809524536132813,19.047618865966797,10,15.000000953674316,0,33.333335876464844,0,10.135761260986328,8589934592,2147483648,5870534656,407961600
201,1772006370507,3204,3204,3204,3204,3204,3204,3204,3204,23.809524536132813,20,15.000000953674316,13.636363983154297,27.272727966308594,66.66667175292969,0,0,10.135761260986328,8589934592,2147483648,5872828416,407961600
207,1772006370710,3204,3204,3204,3204,3204,3204,3204,3204,20,25,20,20,100,5,0,0,10.135761260986328,8589934592,2147483648,5873074176,407961600
205,1772006370918,3204,3204,3204,3204,3204,3204,3204,3204,23.809524536132813,27.272727966308594,14.285715103149414,14.285715103149414,33.333335876464844,28.571430206298828,9.523809432983398,4.761904716491699,9.105813980102539,8589934592,2147483648,5873352704,407961600
209,1772006371124,3204,3204,3204,3204,3204,3204,3204,3204,20,20,14.285715103149414,15.000000953674316,45,45,14.285715103149414,0,9.105813980102539,8589934592,2147483648,5872189440,407961600
206,1772006371334,3204,3204,3204,3204,3204,3204,3204,3204,19.047618865966797,19.047618865966797,19.047618865966797,19.047618865966797,100,4.545454502105713,0,0,9.105813980102539,8589934592,2147483648,5872484352,407961600
200,1772006371541,3204,3204,3204,3204,3204,3204,3204,3204,25,20,15.000000953674316,19.047618865966797,66.66667175292969,0,0,4.545454502105713,9.105813980102539,8589934592,2147483648,5872435200,407961600
208,1772006371741,3204,3204,3204,3204,3204,3204,3204,3204,20,19.047618865966797,15.000000953674316,10.526315689086914,0,20,80,0,10.698247909545898,8589934592,2147483648,5872435200,407961600
205,1772006371950,3204,3204,3204,3204,3204,3204,3204,3204,33.333335876464844,26.3157901763916,25,27.272727966308594,25,61.904762268066406,25,0,10.698247909545898,8589934592,2147483648,5882462208,407961600
205,1772006372155,3204,3204,3204,3204,3204,3204,3204,3204,25,27.272727966308594,14.285715103149414,15.000000953674316,23.809524536132813,20,57.142860412597656,0,10.698247909545898,8589934592,2147483648,5872091136,407961600
200,1772006372361,3204,3204,3204,3204,3204,3204,3204,3204,25,20,19.047618865966797,23.809524536132813,50,4.761904716491699,50,0,10.698247909545898,8589934592,2147483648,5871845376,407961600
209,1772006372562,3204,3204,3204,3204,3204,3204,3204,3204,19.047618865966797,20,15.000000953674316,10.526315689086914,76.19047546386719,0,23.809524536132813,0,10.698247909545898,8589934592,2147483648,5871550464,407961600
203,1772006372772,3204,3204,3204,3204,3204,3204,3204,3204,23.809524536132813,19.047618865966797,10,22.72727394104004,42.85714340209961,0,0,0,9.796455383300781,8589934592,2147483648,5873188864,407961600
199,1772006372976,3204,3204,3204,3204,3204,3204,3204,3204,15.000000953674316,10,10,20,100,0,0,0,9.796455383300781,8589934592,2147483648,5872287744,407961600
209,1772006373176,3204,3204,3204,3204,3204,3204,3204,3204,20,15.000000953674316,15.000000953674316,21.052631378173828,100,0,0,0,9.796455383300781,8589934592,2147483648,5872287744,407961600
200,1772006373386,3204,3204,3204,3204,3204,3204,3204,3204,20,19.047618865966797,18.18181800842285,22.72727394104004,19.047618865966797,4.761904716491699,4.545454502105713,23.809524536132813,9.796455383300781,8589934592,2147483648,5872287744,407961600
205,1772006373587,3204,3204,3204,3204,3204,3204,3204,3204,20,15.789472579956055,15.000000953674316,15.789472579956055,0,0,0,100,9.796455383300781,8589934592,2147483648,5872287744,407961600
207,1772006373793,3204,3204,3204,3204,3204,3204,3204,3204,30.000001907348633,28.571430206298828,21.052631378173828,33.333335876464844,23.809524536132813,15.000000953674316,15.000000953674316,55,10.378981590270996,8589934592,2147483648,5874417664,407961600
206,1772006374001,3204,3204,3204,3204,3204,3204,3204,3204,23.809524536132813,20,19.047618865966797,15.000000953674316,52.38095474243164,4.545454502105713,0,0,10.378981590270996,8589934592,2147483648,5888245760,407961600
202,1772006374207,3204,3204,3204,3204,3204,3204,3204,3204,33.333335876464844,30.000001907348633,23.809524536132813,23.809524536132813,50,19.047618865966797,4.761904716491699,0,10.378981590270996,8589934592,2147483648,5887033344,407961600
209,1772006374410,3204,3204,3204,3204,3204,3204,3204,3204,35,38.095237731933594,30.000001907348633,30.000001907348633,63.15789031982422,20,15.000000953674316,19.047618865966797,10.378981590270996,8589934592,2147483648,5899681792,407961600
203,1772006374620,3204,3204,3204,3204,3204,3204,3204,3204,28.571430206298828,28.571430206298828,19.047618865966797,19.047618865966797,42.85714340209961,0,4.761904716491699,0,10.378981590270996,8589934592,2147483648,5907857408,407961600
201,1772006374824,3204,3204,3204,3204,3204,3204,3204,3204,35,25,25,23.809524536132813,19.047618865966797,10,5,13.636363983154297,9.635988235473633,8589934592,2147483648,5909774336,407961600
207,1772006375026,3204,3204,3204,3204,3204,3204,3204,3204,20,25,20,15.789472579956055,65,14.285715103149414,0,0,9.635988235473633,8589934592,2147483648,5924519936,407961600
206,1772006375234,3204,3204,3204,3204,3204,3204,3204,3204,31.57894515991211,26.3157901763916,20,23.809524536132813,52.38095474243164,4.761904716491699,0,0,9.635988235473633,8589934592,2147483648,5916655616,407961600
207,1772006375441,3204,3204,3204,3204,3204,3204,3204,3204,36.3636360168457,27.272727966308594,27.272727966308594,19.047618865966797,50,0,0,0,9.635988235473633,8589934592,2147483648,5921619968,407961600
209,1772006375649,3204,3204,3204,3204,3204,3204,3204,3204,28.571430206298828,19.047618865966797,15.000000953674316,10,90.47618865966797,4.545454502105713,4.545454502105713,0,9.635988235473633,8589934592,2147483648,5946966016,407961600
205,1772006375859,3204,3204,3204,3204,3204,3204,3204,3204,35,26.3157901763916,20,19.047618865966797,20,5,0,0,9.784071922302246,8589934592,2147483648,5918310400,407961600
202,1772006376065,3204,3204,3204,3204,3204,3204,3204,3204,38.095237731933594,33.333335876464844,28.571430206298828,28.571430206298828,23.809524536132813,10,14.285715103149414,4.761904716491699,9.784071922302246,8589934592,2147483648,5939249152,407961600
206,1772006376267,3204,3204,3204,3204,3204,3204,3204,3204,45,36.842105865478516,35,25,42.105262756347656,14.285715103149414,20,5,9.784071922302246,8589934592,2147483648,5962399744,407961600
205,1772006376474,3204,3204,3204,3204,3204,3204,3204,3204,33.333335876464844,34.78260803222656,25,25,66.66667175292969,15.000000953674316,0,0,9.784071922302246,8589934592,2147483648,5961236480,407961600
199,1772006376680,3204,3204,3204,3204,3204,3204,3204,3204,26.3157901763916,21.052631378173828,23.809524536132813,19.047618865966797,90.47618865966797,4.545454502105713,4.761904716491699,0,9.784071922302246,8589934592,2147483648,5954945024,407961600
204,1772006376880,3204,3204,3204,3204,3204,3204,3204,3204,30.000001907348633,25,26.3157901763916,20,30.000001907348633,5.263157844543457,0,0,9.229395866394043,8589934592,2147483648,5956075520,407961600
209,1772006377085,3204,3204,3204,3204,3204,3204,3204,3204,45,35,38.095237731933594,25,30.000001907348633,4.761904716491699,9.090909004211426,0,9.229395866394043,8589934592,2147483648,5957664768,407961600
205,1772006377295,3204,3204,3204,3204,3204,3204,3204,3204,28.571430206298828,23.809524536132813,23.809524536132813,15.000000953674316,9.523809432983398,42.85714340209961,0,0,9.229395866394043,8589934592,2147483648,5957730304,407961600
206,1772006377501,3204,3204,3204,3204,3204,3204,3204,3204,21.052631378173828,25,28.571430206298828,19.047618865966797,10,5,0,0,9.229395866394043,8589934592,2147483648,5958041600,407961600
205,1772006377707,3204,3204,3204,3204,3204,3204,3204,3204,40.90909194946289,28.571430206298828,30.000001907348633,20,19.047618865966797,0,0,4.761904716491699,9.229395866394043,8589934592,2147483648,5958680576,407961600
208,1772006377914,3204,3204,3204,3204,3204,3204,3204,3204,20,20,20,14.285715103149414,23.809524536132813,0,0,0,9.522530555725098,8589934592,2147483648,5958713344,407961600
208,1772006378123,3204,3204,3204,3204,3204,3204,3204,3204,30.000001907348633,27.272727966308594,19.047618865966797,14.285715103149414,0,4.545454502105713,0,0,9.522530555725098,8589934592,2147483648,5960810496,407961600
209,1772006378332,3204,3204,3204,3204,3204,3204,3204,3204,36.3636360168457,35,28.571430206298828,28.571430206298828,9.523809432983398,0,0,0,9.522530555725098,8589934592,2147483648,5972803584,407961600
209,1772006378542,3204,3204,3204,3204,3204,3204,3204,3204,25,23.809524536132813,23.809524536132813,19.047618865966797,22.72727394104004,23.809524536132813,4.545454502105713,0,9.522530555725098,8589934592,2147483648,5960908800,407961600
204,1772006378752,3204,3204,3204,3204,3204,3204,3204,3204,52.38095474243164,28.571430206298828,28.571430206298828,38.095237731933594,0,4.545454502105713,0,0,7.127039909362793,8589934592,2147483648,5960777728,407961600
202,1772006378958,3204,3204,3204,3204,3204,3204,3204,3204,28.571430206298828,25,23.809524536132813,15.000000953674316,0,0,4.761904716491699,4.761904716491699,7.127039909362793,8589934592,2147483648,5960843264,407961600
207,1772006379160,3204,3204,3204,3204,3204,3204,3204,3204,35,20,21.052631378173828,25,4.761904716491699,0,0,0,7.127039909362793,8589934592,2147483648,5958795264,407961600
208,1772006379368,3204,3204,3204,3204,3204,3204,3204,3204,25,22.72727394104004,25,14.285715103149414,0,0,0,0,7.127039909362793,8589934592,2147483648,5958680576,407961600
205,1772006379577,3204,3204,3204,3204,3204,3204,3204,3204,27.272727966308594,15.789472579956055,27.272727966308594,14.285715103149414,0,4.761904716491699,0,0,7.127039909362793,8589934592,2147483648,5958828032,407961600
208,1772006379783,3204,3204,3204,3204,3204,3204,3204,3204,21.052631378173828,23.809524536132813,25,23.809524536132813,0,0,0,0,5.5426344871521,8589934592,2147483648,5959073792,407961600
204,1772006379992,3204,3204,3204,3204,3204,3204,3204,3204,27.272727966308594,28.571430206298828,19.047618865966797,14.285715103149414,0,0,0,0,5.5426344871521,8589934592,2147483648,5959139328,407961600
208,1772006380198,3204,3204,3204,3204,3204,3204,3204,3204,26.3157901763916,30.000001907348633,20,10.526315689086914,4.761904716491699,0,4.761904716491699,0,5.5426344871521,8589934592,2147483648,5959270400,407961600
208,1772006380408,3204,3204,3204,3204,3204,3204,3204,3204,27.272727966308594,23.809524536132813,19.047618865966797,14.285715103149414,0,0,0,0,5.5426344871521,8589934592,2147483648,5959335936,407961600
206,1772006380617,3204,3204,3204,3204,3204,3204,3204,3204,33.333335876464844,33.333335876464844,23.809524536132813,28.571430206298828,25,20,0,4.545454502105713,5.5426344871521,8589934592,2147483648,5959565312,407961600
200,1772006380825,3204,3204,3204,3204,3204,3204,3204,3204,20,25,19.047618865966797,22.72727394104004,4.761904716491699,4.761904716491699,0,0,5.082488536834717,8589934592,2147483648,5959565312,407961600
200,1772006381026,3204,3204,3204,3204,3204,3204,3204,3204,20,23.809524536132813,15.000000953674316,10.526315689086914,4.761904716491699,0,5.263157844543457,0,5.082488536834717,8589934592,2147483648,5959581696,407961600
209,1772006381226,3204,3204,3204,3204,3204,3204,3204,3204,30.000001907348633,30.000001907348633,26.3157901763916,15.789472579956055,10,25,9.523809432983398,0,5.082488536834717,8589934592,2147483648,5959614464,407961600
205,1772006381437,3204,3204,3204,3204,3204,3204,3204,3204,23.809524536132813,25,22.72727394104004,18.18181800842285,0,0,0,4.545454502105713,5.082488536834717,8589934592,2147483648,5959516160,407961600
207,1772006381643,3204,3204,3204,3204,3204,3204,3204,3204,15.000000953674316,23.809524536132813,28.571430206298828,19.047618865966797,4.761904716491699,9.523809432983398,4.761904716491699,5,5.082488536834717,8589934592,2147483648,5961056256,407961600
205,1772006381851,3204,3204,3204,3204,3204,3204,3204,3204,23.809524536132813,23.809524536132813,20,19.047618865966797,4.761904716491699,4.761904716491699,0,0,5.294741630554199,8589934592,2147483648,5961056256,407961600
207,1772006382058,3204,3204,3204,3204,3204,3204,3204,3204,28.571430206298828,20,19.047618865966797,21.052631378173828,0,0,0,0,5.294741630554199,8589934592,2147483648,5962039296,407961600
209,1772006382266,3204,3204,3204,3204,3204,3204,3204,3204,25,28.571430206298828,25,18.18181800842285,0,0,0,0,5.294741630554199,8589934592,2147483648,5961105408,407961600
209,1772006382476,3204,3204,3204,3204,3204,3204,3204,3204,31.81818199157715,28.571430206298828,19.047618865966797,19.047618865966797,0,0,0,0,5.294741630554199,8589934592,2147483648,5960728576,407961600
209,1772006382686,3204,3204,3204,3204,3204,3204,3204,3204,25,20,30.000001907348633,23.809524536132813,23.809524536132813,9.090909004211426,9.090909004211426,9.090909004211426,5.294741630554199,8589934592,2147483648,5972361216,407961600
208,1772006382896,3204,3204,3204,3204,3204,3204,3204,3204,30.000001907348633,27.272727966308594,19.047618865966797,19.047618865966797,9.523809432983398,14.285715103149414,0,0,5.292484283447266,8589934592,2147483648,5962858496,407961600
201,1772006383105,3204,3204,3204,3204,3204,3204,3204,3204,27.272727966308594,19.047618865966797,22.72727394104004,23.809524536132813,4.761904716491699,0,0,0,5.292484283447266,8589934592,2147483648,5962858496,407961600
206,1772006383308,3204,3204,3204,3204,3204,3204,3204,3204,21.052631378173828,21.052631378173828,21.052631378173828,15.789472579956055,0,0,0,0,5.292484283447266,8589934592,2147483648,5962645504,407961600
207,1772006383514,3204,3204,3204,3204,3204,3204,3204,3204,28.571430206298828,28.571430206298828,23.809524536132813,15.000000953674316,0,4.761904716491699,0,0,5.292484283447266,8589934592,2147483648,5962645504,407961600
207,1772006383722,3204,3204,3204,3204,3204,3204,3204,3204,28.571430206298828,23.809524536132813,19.047618865966797,18.18181800842285,4.545454502105713,0,4.761904716491699,4.761904716491699,5.292484283447266,8589934592,2147483648,5962743808,407961600
209,1772006383930,3204,3204,3204,3204,3204,3204,3204,3204,23.809524536132813,20,28.571430206298828,19.047618865966797,4.761904716491699,0,0,0,5.186303615570068,8589934592,2147483648,5960499200,407961600
206,1772006384140,3204,3204,3204,3204,3204,3204,3204,3204,20,19.047618865966797,23.809524536132813,14.285715103149414,4.761904716491699,9.090909004211426,0,0,5.186303615570068,8589934592,2147483648,5960515584,407961600
209,1772006384348,3204,3204,3204,3204,3204,3204,3204,3204,28.571430206298828,20,25,15.000000953674316,0,0,0,0,5.186303615570068,8589934592,2147483648,5960679424,407961600
200,1772006384558,3204,3204,3204,3204,3204,3204,3204,3204,25,23.809524536132813,19.047618865966797,14.285715103149414,0,0,0,0,5.186303615570068,8589934592,2147483648,5959696384,407961600
205,1772006384758,3204,3204,3204,3204,3204,3204,3204,3204,38.095237731933594,40,28.571430206298828,25,9.523809432983398,0,4.761904716491699,0,5.249781608581543,8589934592,2147483648,5958041600,407961600
209,1772006384964,3204,3204,3204,3204,3204,3204,3204,3204,20,28.571430206298828,21.052631378173828,23.809524536132813,25,25,0,4.761904716491699,5.249781608581543,8589934592,2147483648,5950570496,407961600
208,1772006385174,3204,3204,3204,3204,3204,3204,3204,3204,23.809524536132813,23.809524536132813,19.047618865966797,15.000000953674316,0,0,0,0,5.249781608581543,8589934592,2147483648,5950636032,407961600
207,1772006385383,3204,3204,3204,3204,3204,3204,3204,3204,28.571430206298828,33.333335876464844,23.809524536132813,15.000000953674316,4.761904716491699,5,5,5,5.249781608581543,8589934592,2147483648,5950734336,407961600
198,1772006385591,3204,3204,3204,3204,3204,3204,3204,3204,28.571430206298828,28.571430206298828,15.000000953674316,19.047618865966797,4.761904716491699,4.545454502105713,0,0,5.249781608581543,8589934592,2147483648,5950685184,407961600
209,1772006385791,3204,3204,3204,3204,3204,3204,3204,3204,26.3157901763916,25,20,19.047618865966797,0,0,0,0,5.0707221031188965,8589934592,2147483648,5950685184,407961600
208,1772006386001,3204,3204,3204,3204,3204,3204,3204,3204,20,20,19.047618865966797,10,9.523809432983398,9.523809432983398,9.090909004211426,4.761904716491699,5.0707221031188965,8589934592,2147483648,5950685184,407961600
200,1772006386209,3204,3204,3204,3204,3204,3204,3204,3204,28.571430206298828,23.809524536132813,19.047618865966797,14.285715103149414,5,28.571430206298828,0,0,5.0707221031188965,8589934592,2147483648,5951471616,407961600
209,1772006386410,3204,3204,3204,3204,3204,3204,3204,3204,25,26.3157901763916,25,20,5,0,0,0,5.0707221031188965,8589934592,2147483648,5951504384,407961600
203,1772006386620,3204,3204,3204,3204,3204,3204,3204,3204,22.72727394104004,22.72727394104004,25,9.523809432983398,0,0,0,0,5.0707221031188965,8589934592,2147483648,5951520768,407961600
204,1772006386824,3204,3204,3204,3204,3204,3204,3204,3204,30.000001907348633,30.000001907348633,31.81818199157715,25,4.761904716491699,4.761904716491699,4.761904716491699,4.761904716491699,5.422508239746094,8589934592,2147483648,5953110016,407961600
204,1772006387030,3204,3204,3204,3204,3204,3204,3204,3204,35,38.095237731933594,26.3157901763916,25,33.333335876464844,10.526315689086914,4.761904716491699,0,5.422508239746094,8589934592,2147483648,5953896448,407961600
205,1772006387234,3204,3204,3204,3204,3204,3204,3204,3204,33.333335876464844,25,19.047618865966797,22.72727394104004,5,9.523809432983398,0,0,5.422508239746094,8589934592,2147483648,5954699264,407961600
209,1772006387441,3204,3204,3204,3204,3204,3204,3204,3204,20,20,25,20,0,0,4.761904716491699,4.761904716491699,5.422508239746094,8589934592,2147483648,5954748416,407961600
206,1772006387651,3204,3204,3204,3204,3204,3204,3204,3204,25,20,22.72727394104004,23.809524536132813,4.545454502105713,4.761904716491699,0,0,5.422508239746094,8589934592,2147483648,5954764800,407961600
207,1772006387857,3204,3204,3204,3204,3204,3204,3204,3204,33.333335876464844,23.809524536132813,20,20,0,0,0,0,5.23850154876709,8589934592,2147483648,5954732032,407961600
205,1772006388066,3204,3204,3204,3204,3204,3204,3204,3204,23.809524536132813,22.72727394104004,23.809524536132813,28.571430206298828,4.761904716491699,4.761904716491699,4.761904716491699,0,5.23850154876709,8589934592,2147483648,5954748416,407961600
204,1772006388272,3204,3204,3204,3204,3204,3204,3204,3204,20,21.052631378173828,19.047618865966797,19.047618865966797,0,4.761904716491699,0,4.545454502105713,5.23850154876709,8589934592,2147483648,5954748416,407961600
209,1772006388478,3204,3204,3204,3204,3204,3204,3204,3204,28.571430206298828,23.809524536132813,25,23.809524536132813,0,0,0,0,5.23850154876709,8589934592,2147483648,5954764800,407961600
209,1772006388688,3204,3204,3204,3204,3204,3204,3204,3204,25,19.047618865966797,23.809524536132813,10.526315689086914,0,0,0,0,5.23850154876709,8589934592,2147483648,5954764800,407961600
199,1772006388898,3204,3204,3204,3204,3204,3204,3204,3204,31.81818199157715,19.047618865966797,14.285715103149414,18.18181800842285,0,0,0,0,5.511242866516113,8589934592,2147483648,5954764800,407961600
209,1772006389098,3204,3204,3204,3204,3204,3204,3204,3204,31.57894515991211,26.3157901763916,20,21.052631378173828,14.285715103149414,10,10,0,5.511242866516113,8589934592,2147483648,5954764800,407961600
207,1772006389308,3204,3204,3204,3204,3204,3204,3204,3204,27.272727966308594,28.571430206298828,20,19.047618865966797,14.285715103149414,9.523809432983398,9.523809432983398,4.761904716491699,5.511242866516113,8589934592,2147483648,5954125824,407961600
207,1772006389516,3204,3204,3204,3204,3204,3204,3204,3204,25,19.047618865966797,19.047618865966797,14.285715103149414,0,0,0,0,5.511242866516113,8589934592,2147483648,5954043904,407961600
200,1772006389724,3204,3204,3204,3204,3204,3204,3204,3204,28.571430206298828,25,23.809524536132813,19.047618865966797,4.761904716491699,0,0,0,5.511242866516113,8589934592,2147483648,5954043904,407961600
206,1772006389925,3204,3204,3204,3204,3204,3204,3204,3204,26.3157901763916,23.809524536132813,20,15.000000953674316,0,4.761904716491699,0,4.761904716491699,5.076650142669678,8589934592,2147483648,5954027520,407961600
208,1772006390132,3204,3204,3204,3204,3204,3204,3204,3204,33.333335876464844,23.809524536132813,19.047618865966797,19.047618865966797,0,0,4.545454502105713,0,5.076650142669678,8589934592,2147483648,5954813952,407961600
209,1772006390341,3204,3204,3204,3204,3204,3204,3204,3204,28.571430206298828,20,15.000000953674316,15.000000953674316,8.69565200805664,0,0,0,5.076650142669678,8589934592,2147483648,5955043328,407961600
204,1772006390551,3204,3204,3204,3204,3204,3204,3204,3204,33.333335876464844,23.809524536132813,23.809524536132813,14.285715103149414,0,0,0,0,5.076650142669678,8589934592,2147483648,5954846720,407961600
202,1772006390756,3204,3204,3204,3204,3204,3204,3204,3204,30.000001907348633,30.000001907348633,23.809524536132813,20,0,4.761904716491699,0,4.761904716491699,5.356906890869141,8589934592,2147483648,5955125248,407961600
209,1772006390959,3204,3204,3204,3204,3204,3204,3204,3204,20,25,15.000000953674316,19.047618865966797,10,9.090909004211426,4.761904716491699,0,5.356906890869141,8589934592,2147483648,5955125248,407961600
209,1772006391169,3204,3204,3204,3204,3204,3204,3204,3204,28.571430206298828,28.571430206298828,23.809524536132813,14.285715103149414,0,20,0,0,5.356906890869141,8589934592,2147483648,5955207168,407961600
209,1772006391379,3204,3204,3204,3204,3204,3204,3204,3204,28.571430206298828,33.333335876464844,28.571430206298828,23.809524536132813,31.81818199157715,23.809524536132813,4.545454502105713,0,5.356906890869141,8589934592,2147483648,5955158016,407961600
207,1772006391589,3204,3204,3204,3204,3204,3204,3204,3204,25,23.809524536132813,15.000000953674316,19.047618865966797,0,0,0,0,5.356906890869141,8589934592,2147483648,5955141632,407961600
207,1772006391798,3204,3204,3204,3204,3204,3204,3204,3204,28.571430206298828,25,22.72727394104004,10,0,0,4.761904716491699,4.761904716491699,5.182537078857422,8589934592,2147483648,5955026944,407961600
202,1772006392006,3204,3204,3204,3204,3204,3204,3204,3204,22.72727394104004,23.809524536132813,20,25,4.761904716491699,4.545454502105713,0,4.545454502105713,5.182537078857422,8589934592,2147483648,5953355776,407961600
207,1772006392209,3204,3204,3204,3204,3204,3204,3204,3204,20,25,15.000000953674316,23.809524536132813,9.090909004211426,5,5,4.761904716491699,5.182537078857422,8589934592,2147483648,5953355776,407961600
207,1772006392417,3204,3204,3204,3204,3204,3204,3204,3204,21.052631378173828,27.272727966308594,15.000000953674316,20,0,0,0,0,5.182537078857422,8589934592,2147483648,5954142208,407961600
204,1772006392625,3204,3204,3204,3204,3204,3204,3204,3204,27.272727966308594,20,19.047618865966797,23.809524536132813,5,4.761904716491699,4.761904716491699,4.761904716491699,5.182537078857422,8589934592,2147483648,5954093056,407961600
207,1772006392830,3204,3204,3204,3204,3204,3204,3204,3204,25,23.809524536132813,23.809524536132813,19.047618865966797,0,0,0,0,5.496922492980957,8589934592,2147483648,5954142208,407961600
201,1772006393039,3204,3204,3204,3204,3204,3204,3204,3204,33.333335876464844,20,23.809524536132813,19.047618865966797,4.761904716491699,9.523809432983398,4.545454502105713,0,5.496922492980957,8589934592,2147483648,5956272128,407961600
206,1772006393241,3204,3204,3204,3204,3204,3204,3204,3204,26.3157901763916,25,25,20,0,0,0,0,5.496922492980957,8589934592,2147483648,5956714496,407961600
207,1772006393447,3204,3204,3204,3204,3204,3204,3204,3204,33.333335876464844,33.333335876464844,35,23.809524536132813,28.571430206298828,14.285715103149414,0,4.761904716491699,5.496922492980957,8589934592,2147483648,5956747264,407961600
201,1772006393655,3204,3204,3204,3204,3204,3204,3204,3204,28.571430206298828,25,23.809524536132813,19.047618865966797,10,9.523809432983398,4.761904716491699,4.761904716491699,5.496922492980957,8589934592,2147483648,5956861952,407961600
206,1772006393857,3204,3204,3204,3204,3204,3204,3204,3204,30.000001907348633,30.000001907348633,25,20,0,0,0,0,5.140452861785889,8589934592,2147483648,5953044480,407961600
204,1772006394064,3204,3204,3204,3204,3204,3204,3204,3204,19.047618865966797,23.809524536132813,15.000000953674316,25,4.545454502105713,0,0,0,5.140452861785889,8589934592,2147483648,5953060864,407961600
206,1772006394270,3204,3204,3204,3204,3204,3204,3204,3204,25,23.809524536132813,19.047618865966797,20,0,0,0,0,5.140452861785889,8589934592,2147483648,5953093632,407961600
200,1772006394477,3204,3204,3204,3204,3204,3204,3204,3204,23.809524536132813,15.789472579956055,19.047618865966797,28.571430206298828,0,0,0,0,5.140452861785889,8589934592,2147483648,5953159168,407961600
209,1772006394678,3204,3204,3204,3204,3204,3204,3204,3204,21.052631378173828,20,15.000000953674316,25,0,0,0,0,5.140452861785889,8589934592,2147483648,5952471040,407961600
200,1772006394888,3204,3204,3204,3204,3204,3204,3204,3204,23.809524536132813,27.272727966308594,19.047618865966797,10,0,4.761904716491699,4.761904716491699,4.545454502105713,5.420670509338379,8589934592,2147483648,5952471040,407961600
207,1772006395089,3204,3204,3204,3204,3204,3204,3204,3204,30.000001907348633,25,25,19.047618865966797,4.761904716491699,0,0,0,5.420670509338379,8589934592,2147483648,5952700416,407961600
208,1772006395298,3204,3204,3204,3204,3204,3204,3204,3204,30.000001907348633,25,20,19.047618865966797,0,0,0,0,5.420670509338379,8589934592,2147483648,5952700416,407961600
209,1772006395507,3204,3204,3204,3204,3204,3204,3204,3204,36.3636360168457,31.81818199157715,28.571430206298828,28.571430206298828,18.18181800842285,0,0,0,5.420670509338379,8589934592,2147483648,5964185600,407961600
199,1772006395717,3204,3204,3204,3204,3204,3204,3204,3204,25,15.000000953674316,23.809524536132813,14.285715103149414,20,14.285715103149414,0,0,5.420670509338379,8589934592,2147483648,5952667648,407961600
209,1772006395918,3204,3204,3204,3204,3204,3204,3204,3204,30.000001907348633,25,20,10.526315689086914,4.761904716491699,5,0,0,5.155661106109619,8589934592,2147483648,5952700416,407961600
5,1772006396127,3204,3204,3204,3204,3204,3204,3204,3204,23.809524536132813,20,20,14.285715103149414,9.523809432983398,14.285715103149414,4.761904716491699,4.545454502105713,5.155661106109619,8589934592,2147483648,5955076096,407961600
