Delta,Time,CPU_FREQUENCY_0,CPU_FREQUENCY_1,CPU_FREQUENCY_2,CPU_FREQUENCY_3,CPU_FREQUENCY_4,CPU_FREQUENCY_5,CPU_FREQUENCY_6,CPU_FREQUENCY_7,CPU_USAGE_0,CPU_USAGE_1,CPU_USAGE_2,CPU_USAGE_3,CPU_USAGE_4,CPU_USAGE_5,CPU_USAGE_6,CPU_USAGE_7,SYSTEM_POWER (Watts),TOTAL_MEMORY,TOTAL_SWAP,USED_MEMORY,USED_SWAP
0,1772012740907,3204,3204,3204,3204,3204,3204,3204,3204,0,0,50,0,0,0,0,0,5.398926734924316,8589934592,2147483648,6394511360,391184384
209,1772012740907,3204,3204,3204,3204,3204,3204,3204,3204,100,100,NaN,100,100,0,NaN,0,5.398926734924316,8589934592,2147483648,6394806272,391184384
209,1772012741118,3204,3204,3204,3204,3204,3204,3204,3204,33.333335876464844,33.333335876464844,27.272727966308594,15.000000953674316,4.761904716491699,9.523809432983398,0,4.761904716491699,5.398926734924316,8589934592,2147483648,6391824384,391184384
204,1772012741328,3204,3204,3204,3204,3204,3204,3204,3204,57.142860412597656,52.38095474243164,55,42.85714340209961,4.761904716491699,4.545454502105713,4.545454502105713,9.090909004211426,5.398926734924316,8589934592,2147483648,6424215552,391184384
201,1772012741532,3204,3204,3204,3204,3204,3204,3204,3204,70,66.66667175292969,65,57.142860412597656,20,15.000000953674316,10,5,5.528244972229004,8589934592,2147483648,6429818880,391184384
210,1772012741734,3204,3204,3204,3204,3204,3204,3204,3204,63.15789031982422,63.15789031982422,60.000003814697266,57.894737243652344,25,25,10,10,5.528244972229004,8589934592,2147483648,6374162432,391184384
209,1772012741945,3204,3204,3204,3204,3204,3204,3204,3204,54.54545593261719,47.619049072265625,40.90909194946289,36.3636360168457,19.047618865966797,19.047618865966797,9.523809432983398,0,5.528244972229004,8589934592,2147483648,6366887936,391184384
200,1772012742154,3204,3204,3204,3204,3204,3204,3204,3204,55,57.142860412597656,50,47.619049072265625,9.523809432983398,4.761904716491699,4.761904716491699,4.761904716491699,5.528244972229004,8589934592,2147483648,6333677568,391184384
204,1772012742355,3204,3204,3204,3204,3204,3204,3204,3204,60.000003814697266,65,61.904762268066406,50,0,0,0,0,5.528244972229004,8589934592,2147483648,6316490752,391184384
203,1772012742560,3204,3204,3204,3204,3204,3204,3204,3204,61.904762268066406,60.000003814697266,52.6315803527832,55,23.809524536132813,15.000000953674316,9.523809432983398,5,7.0390191078186035,8589934592,2147483648,6283427840,391184384
203,1772012742765,3204,3204,3204,3204,3204,3204,3204,3204,45,40,40,28.571430206298828,15.000000953674316,19.047618865966797,4.761904716491699,4.761904716491699,7.0390191078186035,8589934592,2147483648,6273990656,391184384
201,1772012742969,3204,3204,3204,3204,3204,3204,3204,3204,50,38.095237731933594,47.619049072265625,35,9.523809432983398,5,0,4.761904716491699,7.0390191078186035,8589934592,2147483648,6245056512,391184384
200,1772012743171,3204,3204,3204,3204,3204,3204,3204,3204,57.142860412597656,42.85714340209961,55,36.842105865478516,0,0,4.761904716491699,0,7.0390191078186035,8589934592,2147483648,6240108544,391184384
201,1772012743372,3204,3204,3204,3204,3204,3204,3204,3204,50,50,36.842105865478516,33.333335876464844,4.761904716491699,5,0,0,7.0390191078186035,8589934592,2147483648,6233604096,391184384
209,1772012743574,3204,3204,3204,3204,3204,3204,3204,3204,36.842105865478516,36.842105865478516,25,25,20,23.809524536132813,5,4.761904716491699,7.4670610427856445,8589934592,2147483648,6214533120,391184384
209,1772012743784,3204,3204,3204,3204,3204,3204,3204,3204,85,66.66667175292969,68.18181610107422,61.904762268066406,5,5,9.523809432983398,9.523809432983398,7.4670610427856445,8589934592,2147483648,6203965440,391184384
209,1772012743994,3204,3204,3204,3204,3204,3204,3204,3204,68.18181610107422,76.19047546386719,76.19047546386719,60.000003814697266,27.272727966308594,4.761904716491699,19.047618865966797,0,7.4670610427856445,8589934592,2147483648,6198378496,391184384
199,1772012744204,3204,3204,3204,3204,3204,3204,3204,3204,66.66667175292969,75,68.18181610107422,59.09090805053711,5,0,4.545454502105713,4.545454502105713,7.4670610427856445,8589934592,2147483648,6200721408,391184384
206,1772012744404,3204,3204,3204,3204,3204,3204,3204,3204,65,60.000003814697266,55.55555725097656,70,5,36.842105865478516,0,0,7.4670610427856445,8589934592,2147483648,6164594688,391184384
209,1772012744611,3204,3204,3204,3204,3204,3204,3204,3204,55,63.6363639831543,59.09090805053711,45,9.523809432983398,22.72727394104004,5,5,6.692216396331787,8589934592,2147483648,6179766272,391184384
209,1772012744821,3204,3204,3204,3204,3204,3204,3204,3204,76.19047546386719,66.66667175292969,47.619049072265625,47.619049072265625,22.72727394104004,27.272727966308594,9.090909004211426,13.636363983154297,6.692216396331787,8589934592,2147483648,6149390336,391184384
205,1772012745031,3204,3204,3204,3204,3204,3204,3204,3204,40.90909194946289,63.15789031982422,47.619049072265625,28.571430206298828,20,19.047618865966797,4.761904716491699,0,6.692216396331787,8589934592,2147483648,6149390336,391184384
199,1772012745237,3204,3204,3204,3204,3204,3204,3204,3204,50,52.38095474243164,40,55,28.571430206298828,15.789472579956055,5,5,6.692216396331787,8589934592,2147483648,6149390336,391184384
200,1772012745437,3204,3204,3204,3204,3204,3204,3204,3204,40,35,42.105262756347656,47.619049072265625,42.105262756347656,47.619049072265625,5,5,6.692216396331787,8589934592,2147483648,6149390336,391184384
201,1772012745638,3204,3204,3204,3204,3204,3204,3204,3204,65,76.19047546386719,52.38095474243164,52.6315803527832,25,21.052631378173828,5,5,7.198065280914307,8589934592,2147483648,6155337728,391184384
209,1772012745840,3204,3204,3204,3204,3204,3204,3204,3204,50,50,55,45,14.285715103149414,5,0,0,7.198065280914307,8589934592,2147483648,6150569984,391184384
203,1772012746050,3204,3204,3204,3204,3204,3204,3204,3204,57.142860412597656,55,52.38095474243164,68.18181610107422,4.761904716491699,4.545454502105713,9.090909004211426,0,7.198065280914307,8589934592,2147483648,6150569984,391184384
209,1772012746255,3204,3204,3204,3204,3204,3204,3204,3204,55,55,45,60.000003814697266,5,5,4.761904716491699,9.090909004211426,7.198065280914307,8589934592,2147483648,6150569984,391184384
208,1772012746464,3204,3204,3204,3204,3204,3204,3204,3204,60.000003814697266,52.38095474243164,47.619049072265625,61.904762268066406,19.047618865966797,19.047618865966797,10,4.761904716491699,7.791268825531006,8589934592,2147483648,6150569984,391184384
204,1772012746672,3204,3204,3204,3204,3204,3204,3204,3204,66.66667175292969,76.19047546386719,57.142860412597656,71.42857360839844,14.285715103149414,10,14.285715103149414,0,7.791268825531006,8589934592,2147483648,6127828992,391184384
203,1772012746877,3204,3204,3204,3204,3204,3204,3204,3204,85,80.95238494873047,80.95238494873047,85,30.000001907348633,36.3636360168457,10,15.000000953674316,7.791268825531006,8589934592,2147483648,6108315648,391184384
206,1772012747080,3204,3204,3204,3204,3204,3204,3204,3204,70,65,57.894737243652344,45,15.000000953674316,10.526315689086914,9.523809432983398,5,7.791268825531006,8589934592,2147483648,6106365952,391184384
209,1772012747287,3204,3204,3204,3204,3204,3204,3204,3204,75,65,60.000003814697266,52.38095474243164,5,4.761904716491699,0,4.761904716491699,7.791268825531006,8589934592,2147483648,6106218496,391184384
206,1772012747497,3204,3204,3204,3204,3204,3204,3204,3204,71.42857360839844,55,47.619049072265625,57.142860412597656,4.545454502105713,0,4.545454502105713,0,7.255328178405762,8589934592,2147483648,6105874432,391184384
201,1772012747704,3204,3204,3204,3204,3204,3204,3204,3204,70,71.42857360839844,57.142860412597656,50,0,4.761904716491699,0,0,7.255328178405762,8589934592,2147483648,6111756288,391184384
209,1772012747906,3204,3204,3204,3204,3204,3204,3204,3204,76.19047546386719,52.6315803527832,63.15789031982422,55,0,0,0,0,7.255328178405762,8589934592,2147483648,6107512832,391184384
209,1772012748116,3204,3204,3204,3204,3204,3204,3204,3204,75,61.904762268066406,61.904762268066406,50,4.761904716491699,4.761904716491699,0,4.761904716491699,7.255328178405762,8589934592,2147483648,6112837632,391184384
209,1772012748326,3204,3204,3204,3204,3204,3204,3204,3204,70,61.904762268066406,60.000003814697266,47.619049072265625,0,0,0,0,7.255328178405762,8589934592,2147483648,6110380032,391184384
209,1772012748536,3204,3204,3204,3204,3204,3204,3204,3204,76.19047546386719,61.904762268066406,61.904762268066406,59.09090805053711,13.636363983154297,23.809524536132813,4.761904716491699,0,7.95437479019165,8589934592,2147483648,6105792512,391184384
200,1772012748746,3204,3204,3204,3204,3204,3204,3204,3204,57.142860412597656,50,59.09090805053711,60.000003814697266,4.761904716491699,0,0,4.761904716491699,7.95437479019165,8589934592,2147483648,6108626944,391184384
206,1772012748947,3204,3204,3204,3204,3204,3204,3204,3204,57.142860412597656,60.000003814697266,63.15789031982422,50,10,5,10,0,7.95437479019165,8589934592,2147483648,6112247808,391184384
205,1772012749154,3204,3204,3204,3204,3204,3204,3204,3204,57.894737243652344,61.904762268066406,50,40,10,22.72727394104004,0,0,7.95437479019165,8589934592,2147483648,6105120768,391184384
209,1772012749360,3204,3204,3204,3204,3204,3204,3204,3204,55,55,52.6315803527832,45.45454788208008,9.523809432983398,0,4.761904716491699,0,7.95437479019165,8589934592,2147483648,6101696512,391184384
206,1772012749570,3204,3204,3204,3204,3204,3204,3204,3204,50,42.85714340209961,57.142860412597656,30.000001907348633,5,4.761904716491699,0,9.090909004211426,6.92343282699585,8589934592,2147483648,6101975040,391184384
206,1772012749777,3204,3204,3204,3204,3204,3204,3204,3204,57.142860412597656,61.904762268066406,61.904762268066406,70,38.095237731933594,33.333335876464844,38.095237731933594,25,6.92343282699585,8589934592,2147483648,6108610560,391184384
203,1772012749984,3204,3204,3204,3204,3204,3204,3204,3204,65,65,57.142860412597656,61.904762268066406,4.761904716491699,4.761904716491699,4.761904716491699,4.761904716491699,6.92343282699585,8589934592,2147483648,6107250688,391184384
208,1772012750188,3204,3204,3204,3204,3204,3204,3204,3204,45,50,55,45,5,5,4.761904716491699,5,6.92343282699585,8589934592,2147483648,6110724096,391184384
209,1772012750397,3204,3204,3204,3204,3204,3204,3204,3204,42.85714340209961,72.7272720336914,42.85714340209961,33.333335876464844,4.761904716491699,4.761904716491699,5,4.761904716491699,6.92343282699585,8589934592,2147483648,6108856320,391184384
201,1772012750607,3204,3204,3204,3204,3204,3204,3204,3204,61.904762268066406,60.000003814697266,55,47.619049072265625,14.285715103149414,4.761904716491699,0,0,7.72205114364624,8589934592,2147483648,6108528640,391184384
209,1772012750809,3204,3204,3204,3204,3204,3204,3204,3204,65,76.19047546386719,65,61.904762268066406,5,35,5,5,7.72205114364624,8589934592,2147483648,6107070464,391184384
202,1772012751019,3204,3204,3204,3204,3204,3204,3204,3204,60.000003814697266,55,45.45454788208008,38.095237731933594,28.571430206298828,9.523809432983398,0,0,7.72205114364624,8589934592,2147483648,6104956928,391184384
202,1772012751222,3204,3204,3204,3204,3204,3204,3204,3204,61.904762268066406,57.142860412597656,55,52.6315803527832,35,25,5,4.761904716491699,7.72205114364624,8589934592,2147483648,6092963840,391184384
202,1772012751425,3204,3204,3204,3204,3204,3204,3204,3204,55,55,45,61.904762268066406,9.523809432983398,10,4.761904716491699,0,7.72205114364624,8589934592,2147483648,6088015872,391184384
209,1772012751627,3204,3204,3204,3204,3204,3204,3204,3204,66.66667175292969,40,40,55,21.052631378173828,4.761904716491699,0,4.761904716491699,6.984010696411133,8589934592,2147483648,6088572928,391184384
205,1772012751837,3204,3204,3204,3204,3204,3204,3204,3204,55,47.619049072265625,50,52.38095474243164,9.090909004211426,0,0,0,6.984010696411133,8589934592,2147483648,6092423168,391184384
205,1772012752043,3204,3204,3204,3204,3204,3204,3204,3204,38.095237731933594,55,45,40,4.761904716491699,4.761904716491699,4.545454502105713,4.761904716491699,6.984010696411133,8589934592,2147483648,6089965568,391184384
205,1772012752248,3204,3204,3204,3204,3204,3204,3204,3204,50,52.38095474243164,35,52.38095474243164,5,4.761904716491699,0,0,6.984010696411133,8589934592,2147483648,6093881344,391184384
206,1772012752454,3204,3204,3204,3204,3204,3204,3204,3204,47.619049072265625,52.38095474243164,40,45,0,0,4.545454502105713,4.761904716491699,7.223464012145996,8589934592,2147483648,6090276864,391184384
205,1772012752661,3204,3204,3204,3204,3204,3204,3204,3204,40,40,52.38095474243164,47.619049072265625,4.761904716491699,4.761904716491699,0,0,7.223464012145996,8589934592,2147483648,6088310784,391184384
209,1772012752867,3204,3204,3204,3204,3204,3204,3204,3204,66.66667175292969,42.85714340209961,40.90909194946289,50,4.761904716491699,4.761904716491699,4.761904716491699,0,7.223464012145996,8589934592,2147483648,6092177408,391184384
201,1772012753077,3204,3204,3204,3204,3204,3204,3204,3204,38.095237731933594,45,47.36842346191406,45.45454788208008,0,0,0,0,7.223464012145996,8589934592,2147483648,6093225984,391184384
208,1772012753279,3204,3204,3204,3204,3204,3204,3204,3204,47.36842346191406,52.38095474243164,47.619049072265625,57.894737243652344,5.263157844543457,25,9.523809432983398,4.761904716491699,7.223464012145996,8589934592,2147483648,6096142336,391184384
209,1772012753487,3204,3204,3204,3204,3204,3204,3204,3204,47.619049072265625,50,40,45.45454788208008,18.18181800842285,30.000001907348633,0,0,6.074978351593018,8589934592,2147483648,6096142336,391184384
206,1772012753697,3204,3204,3204,3204,3204,3204,3204,3204,47.619049072265625,57.142860412597656,40.90909194946289,50,0,4.545454502105713,0,0,6.074978351593018,8589934592,2147483648,6096142336,391184384
203,1772012753904,3204,3204,3204,3204,3204,3204,3204,3204,60.000003814697266,47.619049072265625,47.619049072265625,42.85714340209961,4.761904716491699,0,0,0,6.074978351593018,8589934592,2147483648,6088753152,391184384
201,1772012754108,3204,3204,3204,3204,3204,3204,3204,3204,47.619049072265625,55,42.105262756347656,35,4.761904716491699,0,4.761904716491699,9.090909004211426,6.074978351593018,8589934592,2147483648,6090719232,391184384
209,1772012754310,3204,3204,3204,3204,3204,3204,3204,3204,55,55,40,35,0,0,0,0,6.074978351593018,8589934592,2147483648,6096093184,391184384
200,1772012754520,3204,3204,3204,3204,3204,3204,3204,3204,47.619049072265625,47.619049072265625,50,40.90909194946289,4.761904716491699,4.761904716491699,0,0,6.165541172027588,8589934592,2147483648,6096093184,391184384
204,1772012754721,3204,3204,3204,3204,3204,3204,3204,3204,70,30.000001907348633,30.000001907348633,31.57894515991211,10,10,10,4.761904716491699,6.165541172027588,8589934592,2147483648,6096093184,391184384
206,1772012754925,3204,3204,3204,3204,3204,3204,3204,3204,38.095237731933594,42.85714340209961,40,40,5,9.523809432983398,5,5,6.165541172027588,8589934592,2147483648,6099369984,391184384
206,1772012755132,3204,3204,3204,3204,3204,3204,3204,3204,33.333335876464844,30.000001907348633,35,38.095237731933594,5,9.090909004211426,4.761904716491699,4.761904716491699,6.165541172027588,8589934592,2147483648,6093848576,391184384
206,1772012755339,3204,3204,3204,3204,3204,3204,3204,3204,35,33.333335876464844,25,20,13.636363983154297,5,9.523809432983398,0,6.165541172027588,8589934592,2147483648,6104678400,391184384
207,1772012755546,3204,3204,3204,3204,3204,3204,3204,3204,30.000001907348633,30.000001907348633,27.272727966308594,19.047618865966797,28.571430206298828,25,15.000000953674316,9.523809432983398,6.743925094604492,8589934592,2147483648,6095699968,391184384
203,1772012755755,3204,3204,3204,3204,3204,3204,3204,3204,33.333335876464844,33.333335876464844,25,28.571430206298828,9.523809432983398,4.761904716491699,4.545454502105713,0,6.743925094604492,8589934592,2147483648,6095699968,391184384
199,1772012755958,3204,3204,3204,3204,3204,3204,3204,3204,20,20,19.047618865966797,19.047618865966797,0,4.761904716491699,0,0,6.743925094604492,8589934592,2147483648,6093570048,391184384
209,1772012756159,3204,3204,3204,3204,3204,3204,3204,3204,25,21.052631378173828,20,25,0,0,0,0,6.743925094604492,8589934592,2147483648,6092111872,391184384
208,1772012756369,3204,3204,3204,3204,3204,3204,3204,3204,30.000001907348633,27.272727966308594,25,15.000000953674316,18.18181800842285,10,5,9.523809432983398,6.743925094604492,8589934592,2147483648,6093963264,391184384
205,1772012756578,3204,3204,3204,3204,3204,3204,3204,3204,14.285715103149414,9.523809432983398,28.571430206298828,9.523809432983398,5,4.761904716491699,4.761904716491699,4.761904716491699,6.873392581939697,8589934592,2147483648,6093946880,391184384
203,1772012756783,3204,3204,3204,3204,3204,3204,3204,3204,33.333335876464844,35,33.333335876464844,23.809524536132813,4.761904716491699,9.090909004211426,4.761904716491699,0,6.873392581939697,8589934592,2147483648,6099271680,391184384
209,1772012756987,3204,3204,3204,3204,3204,3204,3204,3204,35,30.000001907348633,25,20,10,5,4.761904716491699,4.761904716491699,6.873392581939697,8589934592,2147483648,6079234048,391184384
205,1772012757198,3204,3204,3204,3204,3204,3204,3204,3204,35,23.809524536132813,28.571430206298828,23.809524536132813,9.523809432983398,5,9.523809432983398,9.523809432983398,6.873392581939697,8589934592,2147483648,6084362240,391184384
200,1772012757404,3204,3204,3204,3204,3204,3204,3204,3204,71.42857360839844,45,42.85714340209961,50,14.285715103149414,14.285715103149414,5,4.761904716491699,6.873392581939697,8589934592,2147483648,6036307968,391184384
209,1772012757605,3204,3204,3204,3204,3204,3204,3204,3204,35,35,26.3157901763916,30.000001907348633,47.36842346191406,25,20,15.789472579956055,6.443912029266357,8589934592,2147483648,6036307968,391184384
205,1772012757815,3204,3204,3204,3204,3204,3204,3204,3204,18.18181800842285,23.809524536132813,14.285715103149414,9.523809432983398,18.18181800842285,10,9.523809432983398,9.090909004211426,6.443912029266357,8589934592,2147483648,6036307968,391184384
207,1772012758021,3204,3204,3204,3204,3204,3204,3204,3204,36.842105865478516,42.85714340209961,42.85714340209961,38.095237731933594,35,33.333335876464844,30.000001907348633,40,6.443912029266357,8589934592,2147483648,5769363456,391184384
208,1772012758229,3204,3204,3204,3204,3204,3204,3204,3204,57.142860412597656,33.333335876464844,47.619049072265625,33.333335876464844,0,4.761904716491699,4.545454502105713,0,6.443912029266357,8589934592,2147483648,5771804672,391184384
209,1772012758437,3204,3204,3204,3204,3204,3204,3204,3204,22.72727394104004,28.571430206298828,20,15.000000953674316,9.090909004211426,4.761904716491699,0,0,6.443912029266357,8589934592,2147483648,5772214272,391184384
206,1772012758647,3204,3204,3204,3204,3204,3204,3204,3204,35,33.333335876464844,31.81818199157715,23.809524536132813,35,33.333335876464844,23.809524536132813,31.81818199157715,5.740220546722412,8589934592,2147483648,5766709248,391184384
209,1772012758854,3204,3204,3204,3204,3204,3204,3204,3204,25,30.000001907348633,21.052631378173828,27.272727966308594,13.636363983154297,5,4.761904716491699,5,5.740220546722412,8589934592,2147483648,5767184384,391184384
204,1772012759064,3204,3204,3204,3204,3204,3204,3204,3204,52.38095474243164,55,63.6363639831543,45,0,0,0,0,5.740220546722412,8589934592,2147483648,5769396224,391184384
202,1772012759269,3204,3204,3204,3204,3204,3204,3204,3204,45,38.095237731933594,35,30.000001907348633,4.761904716491699,5,5,4.761904716491699,5.740220546722412,8589934592,2147483648,5790334976,391184384
207,1772012759472,3204,3204,3204,3204,3204,3204,3204,3204,47.619049072265625,38.095237731933594,33.333335876464844,25,5.263157844543457,5,4.761904716491699,4.761904716491699,6.686050891876221,8589934592,2147483648,5807472640,391184384
206,1772012759681,3204,3204,3204,3204,3204,3204,3204,3204,80.95238494873047,80,75,80,23.809524536132813,18.18181800842285,10,0,6.686050891876221,8589934592,2147483648,5823774720,391184384
200,1772012759888,3204,3204,3204,3204,3204,3204,3204,3204,47.36842346191406,45,38.095237731933594,40.90909194946289,28.571430206298828,28.571430206298828,14.285715103149414,23.809524536132813,6.686050891876221,8589934592,2147483648,5902450688,391184384
206,1772012760089,3204,3204,3204,3204,3204,3204,3204,3204,54.54545593261719,57.142860412597656,55,45,5,5,5,0,6.686050891876221,8589934592,2147483648,5905891328,391184384
207,1772012760296,3204,3204,3204,3204,3204,3204,3204,3204,45,55,42.85714340209961,38.095237731933594,4.761904716491699,0,4.545454502105713,4.545454502105713,6.686050891876221,8589934592,2147483648,5909774336,391184384
205,1772012760505,3204,3204,3204,3204,3204,3204,3204,3204,47.619049072265625,52.38095474243164,45,42.85714340209961,0,0,0,0,6.466320514678955,8589934592,2147483648,5910544384,391184384
200,1772012760711,3204,3204,3204,3204,3204,3204,3204,3204,65,71.42857360839844,57.142860412597656,55,0,0,0,0,6.466320514678955,8589934592,2147483648,5910544384,391184384
208,1772012760912,3204,3204,3204,3204,3204,3204,3204,3204,50,50,45,42.105262756347656,0,5,0,0,6.466320514678955,8589934592,2147483648,5910544384,391184384
203,1772012761121,3204,3204,3204,3204,3204,3204,3204,3204,66.66667175292969,60.000003814697266,50,50,0,0,0,0,6.466320514678955,8589934592,2147483648,5914394624,391184384
209,1772012761326,3204,3204,3204,3204,3204,3204,3204,3204,45,47.619049072265625,42.85714340209961,40,4.761904716491699,4.761904716491699,5,5,6.466320514678955,8589934592,2147483648,5914312704,391184384
200,1772012761536,3204,3204,3204,3204,3204,3204,3204,3204,57.142860412597656,47.619049072265625,40,47.619049072265625,4.545454502105713,0,0,0,6.658880710601807,8589934592,2147483648,5913837568,391184384
204,1772012761738,3204,3204,3204,3204,3204,3204,3204,3204,65,60.000003814697266,60.000003814697266,60.000003814697266,5.263157844543457,5,5,4.761904716491699,6.658880710601807,8589934592,2147483648,5914247168,391184384
209,1772012761944,3204,3204,3204,3204,3204,3204,3204,3204,47.619049072265625,47.619049072265625,54.54545593261719,45,33.333335876464844,31.81818199157715,4.761904716491699,5,6.658880710601807,8589934592,2147483648,5914247168,391184384
205,1772012762154,3204,3204,3204,3204,3204,3204,3204,3204,57.142860412597656,47.619049072265625,50,54.54545593261719,4.761904716491699,0,4.761904716491699,0,6.658880710601807,8589934592,2147483648,5914673152,391184384
209,1772012762361,3204,3204,3204,3204,3204,3204,3204,3204,61.904762268066406,60.000003814697266,52.38095474243164,45,5,9.523809432983398,4.761904716491699,13.043478012084961,6.658880710601807,8589934592,2147483648,5922488320,391184384
209,1772012762571,3204,3204,3204,3204,3204,3204,3204,3204,55,52.38095474243164,52.38095474243164,57.142860412597656,4.545454502105713,0,0,0,5.763696670532227,8589934592,2147483648,5922488320,391184384
205,1772012762781,3204,3204,3204,3204,3204,3204,3204,3204,61.904762268066406,55,50,57.142860412597656,9.523809432983398,4.761904716491699,4.761904716491699,4.761904716491699,5.763696670532227,8589934592,2147483648,5922488320,391184384
209,1772012762988,3204,3204,3204,3204,3204,3204,3204,3204,42.85714340209961,40,38.095237731933594,50,5,13.636363983154297,9.523809432983398,4.761904716491699,5.763696670532227,8589934592,2147483648,5922488320,391184384
206,1772012763198,3204,3204,3204,3204,3204,3204,3204,3204,42.85714340209961,36.3636360168457,40.90909194946289,28.571430206298828,4.761904716491699,4.761904716491699,0,4.761904716491699,5.763696670532227,8589934592,2147483648,5926518784,391184384
201,1772012763405,3204,3204,3204,3204,3204,3204,3204,3204,33.333335876464844,30.000001907348633,21.052631378173828,27.272727966308594,13.636363983154297,5,9.090909004211426,4.761904716491699,5.763696670532227,8589934592,2147483648,5927387136,391184384
209,1772012763607,3204,3204,3204,3204,3204,3204,3204,3204,47.36842346191406,38.095237731933594,33.333335876464844,26.3157901763916,11.111111640930176,15.000000953674316,0,10,6.306728363037109,8589934592,2147483648,5927780352,391184384
202,1772012763817,3204,3204,3204,3204,3204,3204,3204,3204,45.45454788208008,20,33.333335876464844,31.81818199157715,9.090909004211426,4.761904716491699,4.761904716491699,0,6.306728363037109,8589934592,2147483648,5928058880,391184384
207,1772012764019,3204,3204,3204,3204,3204,3204,3204,3204,36.842105865478516,42.85714340209961,35,31.57894515991211,45,25,27.272727966308594,35,6.306728363037109,8589934592,2147483648,5941395456,391184384
207,1772012764227,3204,3204,3204,3204,3204,3204,3204,3204,33.333335876464844,25,23.809524536132813,19.047618865966797,50,9.090909004211426,5,4.761904716491699,6.306728363037109,8589934592,2147483648,5935661056,391184384
201,1772012764435,3204,3204,3204,3204,3204,3204,3204,3204,25,33.333335876464844,25,20,45.45454788208008,0,0,0,6.306728363037109,8589934592,2147483648,5936185344,391184384
201,1772012764638,3204,3204,3204,3204,3204,3204,3204,3204,30.000001907348633,30.000001907348633,25,23.809524536132813,55,5,0,4.761904716491699,5.81376314163208,8589934592,2147483648,5939888128,391184384
206,1772012764840,3204,3204,3204,3204,3204,3204,3204,3204,20,23.809524536132813,20,15.000000953674316,40,10,21.052631378173828,15.000000953674316,5.81376314163208,8589934592,2147483648,5929058304,391184384
205,1772012765047,3204,3204,3204,3204,3204,3204,3204,3204,23.809524536132813,20,23.809524536132813,19.047618865966797,52.38095474243164,4.761904716491699,0,0,5.81376314163208,8589934592,2147483648,5929058304,391184384
208,1772012765253,3204,3204,3204,3204,3204,3204,3204,3204,20,25,23.809524536132813,15.000000953674316,55,0,13.636363983154297,0,5.81376314163208,8589934592,2147483648,5944508416,391184384
208,1772012765462,3204,3204,3204,3204,3204,3204,3204,3204,33.333335876464844,30.000001907348633,20,19.047618865966797,57.142860412597656,0,4.761904716491699,0,7.733788013458252,8589934592,2147483648,5944770560,391184384
213,1772012765671,3204,3204,3204,3204,3204,3204,3204,3204,25,27.272727966308594,22.72727394104004,19.047618865966797,30.000001907348633,18.18181800842285,0,0,7.733788013458252,8589934592,2147483648,5944770560,391184384
206,1772012765885,3204,3204,3204,3204,3204,3204,3204,3204,40.90909194946289,42.85714340209961,40,35,47.619049072265625,20,13.636363983154297,13.636363983154297,7.733788013458252,8589934592,2147483648,5944770560,391184384
209,1772012766092,3204,3204,3204,3204,3204,3204,3204,3204,33.333335876464844,25,28.571430206298828,19.047618865966797,38.095237731933594,23.809524536132813,15.000000953674316,19.047618865966797,7.733788013458252,8589934592,2147483648,5944770560,391184384
207,1772012766302,3204,3204,3204,3204,3204,3204,3204,3204,30.000001907348633,20,19.047618865966797,22.72727394104004,42.85714340209961,22.72727394104004,9.090909004211426,0,7.733788013458252,8589934592,2147483648,5945966592,391184384
208,1772012766510,3204,3204,3204,3204,3204,3204,3204,3204,23.809524536132813,23.809524536132813,23.809524536132813,21.052631378173828,85.71428680419922,0,0,0,9.410493850708008,8589934592,2147483648,5946720256,391184384
200,1772012766720,3204,3204,3204,3204,3204,3204,3204,3204,28.571430206298828,27.272727966308594,20,27.272727966308594,61.904762268066406,0,0,0,9.410493850708008,8589934592,2147483648,5946720256,391184384
203,1772012766921,3204,3204,3204,3204,3204,3204,3204,3204,15.789472579956055,21.052631378173828,15.789472579956055,25,20,4.761904716491699,0,4.761904716491699,9.410493850708008,8589934592,2147483648,5946720256,391184384
208,1772012767125,3204,3204,3204,3204,3204,3204,3204,3204,25,25,19.047618865966797,20,60.000003814697266,5,0,0,9.410493850708008,8589934592,2147483648,5946720256,391184384
202,1772012767334,3204,3204,3204,3204,3204,3204,3204,3204,36.3636360168457,27.272727966308594,20,19.047618865966797,57.142860412597656,4.761904716491699,0,0,9.410493850708008,8589934592,2147483648,5949407232,391184384
201,1772012767537,3204,3204,3204,3204,3204,3204,3204,3204,20,21.052631378173828,19.047618865966797,28.571430206298828,30.000001907348633,0,0,0,9.680719375610352,8589934592,2147483648,5949947904,391184384
208,1772012767739,3204,3204,3204,3204,3204,3204,3204,3204,21.052631378173828,23.809524536132813,15.000000953674316,21.052631378173828,76.19047546386719,25,0,0,9.680719375610352,8589934592,2147483648,5955272704,391184384
209,1772012767947,3204,3204,3204,3204,3204,3204,3204,3204,25,23.809524536132813,20,25,80,4.761904716491699,0,0,9.680719375610352,8589934592,2147483648,5959073792,391184384
209,1772012768157,3204,3204,3204,3204,3204,3204,3204,3204,27.272727966308594,15.000000953674316,18.18181800842285,19.047618865966797,33.333335876464844,0,0,0,9.680719375610352,8589934592,2147483648,5960974336,391184384
208,1772012768367,3204,3204,3204,3204,3204,3204,3204,3204,33.333335876464844,33.333335876464844,33.333335876464844,36.3636360168457,77.2727279663086,22.72727394104004,19.047618865966797,10,9.680719375610352,8589934592,2147483648,5962891264,391184384
209,1772012768577,3204,3204,3204,3204,3204,3204,3204,3204,30.000001907348633,25,33.333335876464844,20,80,10,5,0,8.406109809875488,8589934592,2147483648,5963644928,391184384
200,1772012768787,3204,3204,3204,3204,3204,3204,3204,3204,27.272727966308594,27.272727966308594,14.285715103149414,13.636363983154297,42.85714340209961,9.523809432983398,0,0,8.406109809875488,8589934592,2147483648,5964185600,391184384
205,1772012768988,3204,3204,3204,3204,3204,3204,3204,3204,26.3157901763916,31.57894515991211,25,21.052631378173828,90,15.789472579956055,9.090909004211426,0,8.406109809875488,8589934592,2147483648,5965381632,391184384
207,1772012769194,3204,3204,3204,3204,3204,3204,3204,3204,28.571430206298828,33.333335876464844,20,28.571430206298828,55,4.545454502105713,0,0,8.406109809875488,8589934592,2147483648,5965381632,391184384
208,1772012769402,3204,3204,3204,3204,3204,3204,3204,3204,30.000001907348633,25,23.809524536132813,28.571430206298828,23.809524536132813,0,0,0,8.406109809875488,8589934592,2147483648,5970575360,391184384
201,1772012769611,3204,3204,3204,3204,3204,3204,3204,3204,33.333335876464844,28.571430206298828,28.571430206298828,23.809524536132813,61.904762268066406,9.090909004211426,5,4.761904716491699,9.319950103759766,8589934592,2147483648,5966954496,391184384
207,1772012769813,3204,3204,3204,3204,3204,3204,3204,3204,25,30.000001907348633,21.052631378173828,21.052631378173828,70,5,0,4.761904716491699,9.319950103759766,8589934592,2147483648,5967757312,391184384
208,1772012770021,3204,3204,3204,3204,3204,3204,3204,3204,23.809524536132813,23.809524536132813,22.72727394104004,22.72727394104004,25,4.761904716491699,0,4.761904716491699,9.319950103759766,8589934592,2147483648,5968658432,391184384
207,1772012770230,3204,3204,3204,3204,3204,3204,3204,3204,26.3157901763916,25,20,20,66.66667175292969,0,4.761904716491699,0,9.319950103759766,8589934592,2147483648,5968560128,391184384
201,1772012770438,3204,3204,3204,3204,3204,3204,3204,3204,40.90909194946289,33.333335876464844,33.333335876464844,30.000001907348633,66.66667175292969,10,4.761904716491699,4.761904716491699,9.319950103759766,8589934592,2147483648,5968904192,391184384
209,1772012770640,3204,3204,3204,3204,3204,3204,3204,3204,21.052631378173828,25,15.789472579956055,20,35,4.761904716491699,0,0,8.697314262390137,8589934592,2147483648,5969264640,391184384
202,1772012770849,3204,3204,3204,3204,3204,3204,3204,3204,31.81818199157715,33.333335876464844,25,26.086956024169922,71.42857360839844,9.523809432983398,4.761904716491699,0,8.697314262390137,8589934592,2147483648,5972049920,391184384
205,1772012771052,3204,3204,3204,3204,3204,3204,3204,3204,30.000001907348633,30.000001907348633,27.272727966308594,11.111111640930176,76.19047546386719,4.761904716491699,0,0,8.697314262390137,8589934592,2147483648,5981945856,391184384
200,1772012771258,3204,3204,3204,3204,3204,3204,3204,3204,30.000001907348633,23.809524536132813,20,14.285715103149414,61.904762268066406,0,0,4.545454502105713,8.697314262390137,8589934592,2147483648,5976555520,391184384
209,1772012771459,3204,3204,3204,3204,3204,3204,3204,3204,25,25,20,20,78.94737243652344,0,0,0,9.343748092651367,8589934592,2147483648,5977866240,391184384
203,1772012771669,3204,3204,3204,3204,3204,3204,3204,3204,28.571430206298828,23.809524536132813,23.809524536132813,28.571430206298828,71.42857360839844,4.761904716491699,4.545454502105713,0,9.343748092651367,8589934592,2147483648,5979258880,391184384
203,1772012771873,3204,3204,3204,3204,3204,3204,3204,3204,19.047618865966797,15.789472579956055,15.789472579956055,30.000001907348633,40,4.761904716491699,5,4.761904716491699,9.343748092651367,8589934592,2147483648,5978914816,391184384
208,1772012772076,3204,3204,3204,3204,3204,3204,3204,3204,25,23.809524536132813,19.047618865966797,28.571430206298828,80.95238494873047,0,0,0,9.343748092651367,8589934592,2147483648,5979553792,391184384
208,1772012772286,3204,3204,3204,3204,3204,3204,3204,3204,19.047618865966797,19.047618865966797,19.047618865966797,19.047618865966797,71.42857360839844,0,0,0,9.343748092651367,8589934592,2147483648,5980143616,391184384
206,1772012772494,3204,3204,3204,3204,3204,3204,3204,3204,35,35,33.333335876464844,25,47.36842346191406,14.285715103149414,9.523809432983398,5,9.04257583618164,8589934592,2147483648,5994643456,391184384
200,1772012772701,3204,3204,3204,3204,3204,3204,3204,3204,20,28.571430206298828,20,14.285715103149414,72.7272720336914,4.761904716491699,9.523809432983398,0,9.04257583618164,8589934592,2147483648,5983682560,391184384
198,1772012772904,3204,3204,3204,3204,3204,3204,3204,3204,28.571430206298828,15.789472579956055,15.000000953674316,15.789472579956055,75,0,0,0,9.04257583618164,8589934592,2147483648,5984370688,391184384
209,1772012773103,3204,3204,3204,3204,3204,3204,3204,3204,15.789472579956055,33.333335876464844,20,15.000000953674316,30.000001907348633,0,0,0,9.04257583618164,8589934592,2147483648,5984567296,391184384
208,1772012773312,3204,3204,3204,3204,3204,3204,3204,3204,23.809524536132813,23.809524536132813,23.809524536132813,19.047618865966797,66.66667175292969,0,0,0,9.04257583618164,8589934592,2147483648,5984731136,391184384
209,1772012773521,3204,3204,3204,3204,3204,3204,3204,3204,30.000001907348633,33.333335876464844,23.809524536132813,19.047618865966797,33.333335876464844,15.000000953674316,9.090909004211426,4.761904716491699,8.964020729064941,8589934592,2147483648,5996740608,391184384
208,1772012773731,3204,3204,3204,3204,3204,3204,3204,3204,28.571430206298828,30.000001907348633,20,15.000000953674316,45,0,0,0,8.964020729064941,8589934592,2147483648,6006996992,391184384
209,1772012773940,3204,3204,3204,3204,3204,3204,3204,3204,33.333335876464844,33.333335876464844,27.272727966308594,27.272727966308594,23.809524536132813,4.761904716491699,0,0,8.964020729064941,8589934592,2147483648,6016057344,391184384
207,1772012774150,3204,3204,3204,3204,3204,3204,3204,3204,28.571430206298828,20,20,25,42.85714340209961,0,0,0,8.964020729064941,8589934592,2147483648,6021201920,391184384
210,1772012774358,3204,3204,3204,3204,3204,3204,3204,3204,30.000001907348633,28.571430206298828,23.809524536132813,22.72727394104004,19.047618865966797,5,0,0,8.964020729064941,8589934592,2147483648,6022037504,391184384
209,1772012774568,3204,3204,3204,3204,3204,3204,3204,3204,40,38.095237731933594,33.333335876464844,28.571430206298828,50,9.090909004211426,4.545454502105713,4.761904716491699,8.470447540283203,8589934592,2147483648,6033227776,391184384
200,1772012774778,3204,3204,3204,3204,3204,3204,3204,3204,36.3636360168457,30.000001907348633,25,20,40,14.285715103149414,4.761904716491699,0,8.470447540283203,8589934592,2147483648,6030606336,391184384
205,1772012774979,3204,3204,3204,3204,3204,3204,3204,3204,20,15.000000953674316,20,14.285715103149414,47.619049072265625,5.263157844543457,10,5,8.470447540283203,8589934592,2147483648,6030606336,391184384
202,1772012775185,3204,3204,3204,3204,3204,3204,3204,3204,35,28.571430206298828,25,20,42.85714340209961,0,0,0,8.470447540283203,8589934592,2147483648,6030606336,391184384
203,1772012775388,3204,3204,3204,3204,3204,3204,3204,3204,35,31.57894515991211,23.809524536132813,25,25,9.523809432983398,4.761904716491699,5,8.470447540283203,8589934592,2147483648,6030606336,391184384
209,1772012775591,3204,3204,3204,3204,3204,3204,3204,3204,52.38095474243164,52.38095474243164,45,45,70,25,25,23.809524536132813,7.320683002471924,8589934592,2147483648,6034391040,391184384
201,1772012775802,3204,3204,3204,3204,3204,3204,3204,3204,23.809524536132813,19.047618865966797,23.809524536132813,23.809524536132813,45,4.761904716491699,4.761904716491699,4.761904716491699,7.320683002471924,8589934592,2147483648,6019678208,391184384
200,1772012776005,3204,3204,3204,3204,3204,3204,3204,3204,35,25,25,10.526315689086914,65,5,0,0,7.320683002471924,8589934592,2147483648,6029295616,391184384
199,1772012776206,3204,3204,3204,3204,3204,3204,3204,3204,26.3157901763916,25,19.047618865966797,19.047618865966797,85,0,0,0,7.320683002471924,8589934592,2147483648,6015352832,391184384
209,1772012776406,3204,3204,3204,3204,3204,3204,3204,3204,26.3157901763916,25,21.052631378173828,26.3157901763916,35,10,4.761904716491699,0,7.320683002471924,8589934592,2147483648,6015352832,391184384
202,1772012776616,3204,3204,3204,3204,3204,3204,3204,3204,27.272727966308594,20,20,31.81818199157715,90.90909576416016,4.761904716491699,0,0,8.314102172851563,8589934592,2147483648,6026297344,391184384
204,1772012776819,3204,3204,3204,3204,3204,3204,3204,3204,35,33.333335876464844,23.809524536132813,25,52.6315803527832,15.000000953674316,5.263157844543457,4.761904716491699,8.314102172851563,8589934592,2147483648,6029099008,391184384
203,1772012777023,3204,3204,3204,3204,3204,3204,3204,3204,25,25,25,21.052631378173828,85.71428680419922,15.000000953674316,4.761904716491699,0,8.314102172851563,8589934592,2147483648,6024118272,391184384
209,1772012777227,3204,3204,3204,3204,3204,3204,3204,3204,65,55,50,42.85714340209961,25,4.761904716491699,0,0,8.314102172851563,8589934592,2147483648,6019612672,391184384
209,1772012777438,3204,3204,3204,3204,3204,3204,3204,3204,57.142860412597656,45.45454788208008,57.142860412597656,45.45454788208008,19.047618865966797,4.761904716491699,0,0,8.314102172851563,8589934592,2147483648,6019612672,391184384
202,1772012777647,3204,3204,3204,3204,3204,3204,3204,3204,47.619049072265625,45,54.54545593261719,40,0,4.545454502105713,4.545454502105713,0,9.737491607666016,8589934592,2147483648,6017286144,391184384
203,1772012777850,3204,3204,3204,3204,3204,3204,3204,3204,50,60.000003814697266,55,38.095237731933594,5,0,0,4.761904716491699,9.737491607666016,8589934592,2147483648,6020530176,391184384
206,1772012778054,3204,3204,3204,3204,3204,3204,3204,3204,52.38095474243164,42.85714340209961,42.105262756347656,45,5,5,9.090909004211426,0,9.737491607666016,8589934592,2147483648,6028492800,391184384
207,1772012778261,3204,3204,3204,3204,3204,3204,3204,3204,75,65,66.66667175292969,75,0,4.761904716491699,0,4.545454502105713,9.737491607666016,8589934592,2147483648,6035439616,391184384
209,1772012778469,3204,3204,3204,3204,3204,3204,3204,3204,45,47.619049072265625,42.85714340209961,38.095237731933594,23.809524536132813,42.85714340209961,10,0,9.88576602935791,8589934592,2147483648,6038355968,391184384
208,1772012778679,3204,3204,3204,3204,3204,3204,3204,3204,54.54545593261719,45,42.85714340209961,42.85714340209961,10,9.523809432983398,13.636363983154297,4.761904716491699,9.88576602935791,8589934592,2147483648,6047055872,391184384
209,1772012778888,3204,3204,3204,3204,3204,3204,3204,3204,52.38095474243164,52.38095474243164,42.85714340209961,45,19.047618865966797,9.523809432983398,9.523809432983398,5,9.88576602935791,8589934592,2147483648,6071386112,391184384
199,1772012779099,3204,3204,3204,3204,3204,3204,3204,3204,71.42857360839844,71.42857360839844,60.000003814697266,63.6363639831543,28.571430206298828,20,14.285715103149414,9.523809432983398,9.88576602935791,8589934592,2147483648,6061998080,391184384
208,1772012779299,3204,3204,3204,3204,3204,3204,3204,3204,36.842105865478516,50,42.85714340209961,36.842105865478516,5,0,0,4.761904716491699,9.88576602935791,8589934592,2147483648,6061998080,391184384
206,1772012779508,3204,3204,3204,3204,3204,3204,3204,3204,33.333335876464844,23.809524536132813,30.000001907348633,19.047618865966797,9.090909004211426,9.523809432983398,5,9.090909004211426,6.5612874031066895,8589934592,2147483648,6061998080,391184384
209,1772012779715,3204,3204,3204,3204,3204,3204,3204,3204,33.333335876464844,42.85714340209961,45,47.619049072265625,5,4.761904716491699,4.761904716491699,5,6.5612874031066895,8589934592,2147483648,6062817280,391184384
209,1772012779925,3204,3204,3204,3204,3204,3204,3204,3204,15.000000953674316,28.571430206298828,13.636363983154297,14.285715103149414,19.047618865966797,14.285715103149414,9.523809432983398,4.761904716491699,6.5612874031066895,8589934592,2147483648,6053003264,391184384
209,1772012780135,3204,3204,3204,3204,3204,3204,3204,3204,23.809524536132813,20,14.285715103149414,14.285715103149414,18.18181800842285,14.285715103149414,9.523809432983398,4.761904716491699,6.5612874031066895,8589934592,2147483648,6060048384,391184384
208,1772012780345,3204,3204,3204,3204,3204,3204,3204,3204,28.571430206298828,33.333335876464844,30.000001907348633,23.809524536132813,15.000000953674316,0,33.333335876464844,0,6.5612874031066895,8589934592,2147483648,6059474944,391184384
206,1772012780554,3204,3204,3204,3204,3204,3204,3204,3204,19.047618865966797,19.047618865966797,23.809524536132813,19.047618865966797,38.095237731933594,42.85714340209961,23.809524536132813,4.545454502105713,6.8602776527404785,8589934592,2147483648,6060621824,391184384
209,1772012780761,3204,3204,3204,3204,3204,3204,3204,3204,30.000001907348633,33.333335876464844,35,20,80,0,0,0,6.8602776527404785,8589934592,2147483648,6057279488,391184384
201,1772012780971,3204,3204,3204,3204,3204,3204,3204,3204,28.571430206298828,25,27.272727966308594,19.047618865966797,38.095237731933594,42.85714340209961,9.523809432983398,10,6.8602776527404785,8589934592,2147483648,6051938304,391184384
200,1772012781173,3204,3204,3204,3204,3204,3204,3204,3204,35,33.333335876464844,21.052631378173828,25,57.142860412597656,19.047618865966797,42.85714340209961,5,6.8602776527404785,8589934592,2147483648,6036602880,391184384
203,1772012781373,3204,3204,3204,3204,3204,3204,3204,3204,20,21.052631378173828,19.047618865966797,20,0,26.3157901763916,68.42105102539063,0,6.8602776527404785,8589934592,2147483648,6036111360,391184384
205,1772012781577,3204,3204,3204,3204,3204,3204,3204,3204,20,30.000001907348633,20,19.047618865966797,0,23.809524536132813,19.047618865966797,0,6.45377254486084,8589934592,2147483648,6034391040,391184384
204,1772012781783,3204,3204,3204,3204,3204,3204,3204,3204,19.047618865966797,23.809524536132813,14.285715103149414,5.263157844543457,0,0,100,0,6.45377254486084,8589934592,2147483648,6033752064,391184384
205,1772012781988,3204,3204,3204,3204,3204,3204,3204,3204,20,25,20,18.18181800842285,0,0,100,0,6.45377254486084,8589934592,2147483648,6032359424,391184384
209,1772012782194,3204,3204,3204,3204,3204,3204,3204,3204,20,20,25,15.789472579956055,38.095237731933594,0,0,0,6.45377254486084,8589934592,2147483648,6035259392,391184384
206,1772012782404,3204,3204,3204,3204,3204,3204,3204,3204,28.571430206298828,23.809524536132813,19.047618865966797,22.72727394104004,90,15.000000953674316,0,0,6.45377254486084,8589934592,2147483648,6034620416,391184384
209,1772012782611,3204,3204,3204,3204,3204,3204,3204,3204,33.333335876464844,23.809524536132813,19.047618865966797,20,65,52.38095474243164,0,0,10.189209938049316,8589934592,2147483648,6034292736,391184384
207,1772012782821,3204,3204,3204,3204,3204,3204,3204,3204,23.809524536132813,15.000000953674316,14.285715103149414,19.047618865966797,40.90909194946289,9.523809432983398,4.545454502105713,4.761904716491699,10.189209938049316,8589934592,2147483648,6034112512,391184384
200,1772012783029,3204,3204,3204,3204,3204,3204,3204,3204,25,22.72727394104004,23.809524536132813,23.809524536132813,23.809524536132813,80.95238494873047,0,0,10.189209938049316,8589934592,2147483648,6034145280,391184384
202,1772012783230,3204,3204,3204,3204,3204,3204,3204,3204,30.000001907348633,30.000001907348633,31.57894515991211,25,35,65,19.047618865966797,5.263157844543457,10.189209938049316,8589934592,2147483648,6028787712,391184384
203,1772012783434,3204,3204,3204,3204,3204,3204,3204,3204,28.571430206298828,20,28.571430206298828,15.000000953674316,40,47.36842346191406,5,4.761904716491699,10.189209938049316,8589934592,2147483648,6028820480,391184384
202,1772012783637,3204,3204,3204,3204,3204,3204,3204,3204,15.789472579956055,30.000001907348633,25,15.000000953674316,20,27.272727966308594,30.000001907348633,47.619049072265625,9.612027168273926,8589934592,2147483648,6032441344,391184384
204,1772012783840,3204,3204,3204,3204,3204,3204,3204,3204,23.809524536132813,25,15.000000953674316,19.047618865966797,80.95238494873047,0,0,20,9.612027168273926,8589934592,2147483648,6031900672,391184384
208,1772012784046,3204,3204,3204,3204,3204,3204,3204,3204,25,23.809524536132813,19.047618865966797,15.789472579956055,60.000003814697266,0,9.523809432983398,4.761904716491699,9.612027168273926,8589934592,2147483648,6024495104,391184384
199,1772012784254,3204,3204,3204,3204,3204,3204,3204,3204,33.333335876464844,23.809524536132813,19.047618865966797,18.18181800842285,9.523809432983398,4.761904716491699,85.71428680419922,0,9.612027168273926,8589934592,2147483648,6027673600,391184384
206,1772012784454,3204,3204,3204,3204,3204,3204,3204,3204,20,26.3157901763916,20,20,10,80,5,5,10.266544342041016,8589934592,2147483648,6019432448,391184384
209,1772012784661,3204,3204,3204,3204,3204,3204,3204,3204,28.571430206298828,28.571430206298828,20,14.285715103149414,4.761904716491699,52.38095474243164,50,0,10.266544342041016,8589934592,2147483648,6022152192,391184384
206,1772012784871,3204,3204,3204,3204,3204,3204,3204,3204,25,25,19.047618865966797,15.000000953674316,45,33.333335876464844,13.636363983154297,19.047618865966797,10.266544342041016,8589934592,2147483648,6021087232,391184384
208,1772012785078,3204,3204,3204,3204,3204,3204,3204,3204,20,14.285715103149414,10,14.285715103149414,18.18181800842285,4.761904716491699,4.761904716491699,40,10.266544342041016,8589934592,2147483648,6025478144,391184384
205,1772012785287,3204,3204,3204,3204,3204,3204,3204,3204,33.333335876464844,28.571430206298828,20,25,10,14.285715103149414,5.263157844543457,66.66667175292969,10.266544342041016,8589934592,2147483648,6033948672,391184384
205,1772012785493,3204,3204,3204,3204,3204,3204,3204,3204,23.809524536132813,19.047618865966797,28.571430206298828,14.285715103149414,47.619049072265625,15.000000953674316,47.619049072265625,4.761904716491699,10.638130187988281,8589934592,2147483648,6020382720,391184384
206,1772012785699,3204,3204,3204,3204,3204,3204,3204,3204,28.571430206298828,23.809524536132813,19.047618865966797,19.047618865966797,50,0,0,0,10.638130187988281,8589934592,2147483648,6023790592,391184384
209,1772012785906,3204,3204,3204,3204,3204,3204,3204,3204,20,20,23.809524536132813,25,85.71428680419922,0,0,0,10.638130187988281,8589934592,2147483648,6023233536,391184384
203,1772012786117,3204,3204,3204,3204,3204,3204,3204,3204,28.571430206298828,28.571430206298828,20,19.047618865966797,63.6363639831543,13.636363983154297,28.571430206298828,0,10.638130187988281,8589934592,2147483648,6021578752,391184384
203,1772012786321,3204,3204,3204,3204,3204,3204,3204,3204,52.38095474243164,55,45,42.85714340209961,40,10,9.523809432983398,0,10.638130187988281,8589934592,2147483648,6028034048,391184384
209,1772012786525,3204,3204,3204,3204,3204,3204,3204,3204,25,15.789472579956055,25,15.000000953674316,60.000003814697266,0,0,0,10.687844276428223,8589934592,2147483648,6038470656,391184384
201,1772012786735,3204,3204,3204,3204,3204,3204,3204,3204,35,33.333335876464844,27.272727966308594,28.571430206298828,38.095237731933594,0,0,0,10.687844276428223,8589934592,2147483648,6043992064,391184384
209,1772012786938,3204,3204,3204,3204,3204,3204,3204,3204,33.333335876464844,25,25,20,55,4.761904716491699,0,0,10.687844276428223,8589934592,2147483648,6027411456,391184384
209,1772012787147,3204,3204,3204,3204,3204,3204,3204,3204,35,33.333335876464844,28.571430206298828,25,36.842105865478516,0,0,0,10.687844276428223,8589934592,2147483648,6023086080,391184384
209,1772012787357,3204,3204,3204,3204,3204,3204,3204,3204,25,33.333335876464844,33.333335876464844,27.272727966308594,77.2727279663086,27.272727966308594,22.72727394104004,19.047618865966797,10.687844276428223,8589934592,2147483648,6036340736,391184384
202,1772012787567,3204,3204,3204,3204,3204,3204,3204,3204,45.45454788208008,40,30.000001907348633,30.000001907348633,33.333335876464844,10,10,4.761904716491699,9.708971977233887,8589934592,2147483648,6003851264,391184384
203,1772012787771,3204,3204,3204,3204,3204,3204,3204,3204,21.052631378173828,27.272727966308594,23.809524536132813,15.000000953674316,63.15789031982422,0,0,0,9.708971977233887,8589934592,2147483648,6014615552,391184384
205,1772012787975,3204,3204,3204,3204,3204,3204,3204,3204,23.809524536132813,21.052631378173828,25,28.571430206298828,90.90909576416016,0,0,0,9.708971977233887,8589934592,2147483648,6010421248,391184384
205,1772012788181,3204,3204,3204,3204,3204,3204,3204,3204,35,30.000001907348633,28.571430206298828,25,5,0,0,0,9.708971977233887,8589934592,2147483648,6012354560,391184384
208,1772012788387,3204,3204,3204,3204,3204,3204,3204,3204,40,35,26.3157901763916,33.333335876464844,42.85714340209961,4.761904716491699,0,0,9.708971977233887,8589934592,2147483648,6020988928,391184384
209,1772012788596,3204,3204,3204,3204,3204,3204,3204,3204,42.85714340209961,36.3636360168457,27.272727966308594,14.285715103149414,50,15.000000953674316,0,0,10.63461971282959,8589934592,2147483648,6030262272,391184384
206,1772012788806,3204,3204,3204,3204,3204,3204,3204,3204,30.000001907348633,35,25,20,36.3636360168457,4.545454502105713,0,0,10.63461971282959,8589934592,2147483648,6040666112,391184384
208,1772012789013,3204,3204,3204,3204,3204,3204,3204,3204,28.571430206298828,20,19.047618865966797,19.047618865966797,94.73684692382813,0,0,5,10.63461971282959,8589934592,2147483648,6043140096,391184384
201,1772012789221,3204,3204,3204,3204,3204,3204,3204,3204,33.333335876464844,40.90909194946289,33.333335876464844,20,38.095237731933594,0,0,0,10.63461971282959,8589934592,2147483648,6042042368,391184384
209,1772012789423,3204,3204,3204,3204,3204,3204,3204,3204,20,21.052631378173828,21.052631378173828,23.809524536132813,52.38095474243164,0,0,0,10.63461971282959,8589934592,2147483648,6045171712,391184384
203,1772012789633,3204,3204,3204,3204,3204,3204,3204,3204,50,38.095237731933594,38.095237731933594,33.333335876464844,23.809524536132813,38.095237731933594,13.636363983154297,0,8.527241706848145,8589934592,2147483648,6034997248,391184384
206,1772012789837,3204,3204,3204,3204,3204,3204,3204,3204,28.571430206298828,20,25,30.000001907348633,10,9.523809432983398,5,0,8.527241706848145,8589934592,2147483648,6040109056,391184384
209,1772012790044,3204,3204,3204,3204,3204,3204,3204,3204,20,14.285715103149414,22.72727394104004,9.523809432983398,15.789472579956055,15.789472579956055,4.761904716491699,9.090909004211426,8.527241706848145,8589934592,2147483648,6043369472,391184384
199,1772012790254,3204,3204,3204,3204,3204,3204,3204,3204,33.333335876464844,28.571430206298828,30.000001907348633,15.000000953674316,13.636363983154297,9.090909004211426,5,4.761904716491699,8.527241706848145,8589934592,2147483648,6047367168,391184384
201,1772012790454,3204,3204,3204,3204,3204,3204,3204,3204,25,30.000001907348633,21.052631378173828,25,5.263157844543457,5.263157844543457,0,5,8.982483863830566,8589934592,2147483648,6047039488,391184384
199,1772012790657,3204,3204,3204,3204,3204,3204,3204,3204,25,15.789472579956055,28.571430206298828,30.000001907348633,0,0,0,0,8.982483863830566,8589934592,2147483648,6048038912,391184384
203,1772012790856,3204,3204,3204,3204,3204,3204,3204,3204,21.052631378173828,23.809524536132813,25,25,0,5,5,0,8.982483863830566,8589934592,2147483648,6052282368,391184384
209,1772012791060,3204,3204,3204,3204,3204,3204,3204,3204,23.809524536132813,15.789472579956055,20,35,0,0,0,0,8.982483863830566,8589934592,2147483648,6051266560,391184384
199,1772012791271,3204,3204,3204,3204,3204,3204,3204,3204,28.571430206298828,27.272727966308594,28.571430206298828,18.18181800842285,0,0,0,0,8.982483863830566,8589934592,2147483648,6049447936,391184384
207,1772012791471,3204,3204,3204,3204,3204,3204,3204,3204,25,25,35,20,9.523809432983398,0,5,4.761904716491699,6.8023362159729,8589934592,2147483648,6048235520,391184384
209,1772012791679,3204,3204,3204,3204,3204,3204,3204,3204,28.571430206298828,30.000001907348633,33.333335876464844,20,5,4.761904716491699,4.761904716491699,0,6.8023362159729,8589934592,2147483648,6055034880,391184384
204,1772012791889,3204,3204,3204,3204,3204,3204,3204,3204,30.000001907348633,36.3636360168457,23.809524536132813,33.333335876464844,15.000000953674316,19.047618865966797,4.545454502105713,0,6.8023362159729,8589934592,2147483648,6039797760,391184384
207,1772012792094,3204,3204,3204,3204,3204,3204,3204,3204,23.809524536132813,15.000000953674316,23.809524536132813,14.285715103149414,9.523809432983398,9.523809432983398,0,9.523809432983398,6.8023362159729,8589934592,2147483648,6038503424,391184384
204,1772012792302,3204,3204,3204,3204,3204,3204,3204,3204,23.809524536132813,15.000000953674316,25,14.285715103149414,9.090909004211426,5,4.761904716491699,5,6.8023362159729,8589934592,2147483648,6080774144,391184384
209,1772012792507,3204,3204,3204,3204,3204,3204,3204,3204,30.000001907348633,20,15.000000953674316,15.789472579956055,0,4.761904716491699,4.761904716491699,4.761904716491699,5.310801982879639,8589934592,2147483648,6080036864,391184384
206,1772012792717,3204,3204,3204,3204,3204,3204,3204,3204,28.571430206298828,27.272727966308594,23.809524536132813,38.095237731933594,4.545454502105713,0,0,0,5.310801982879639,8589934592,2147483648,6081036288,391184384
206,1772012792923,3204,3204,3204,3204,3204,3204,3204,3204,25,15.000000953674316,20,14.285715103149414,5,5,5,4.761904716491699,5.310801982879639,8589934592,2147483648,6080413696,391184384
204,1772012793130,3204,3204,3204,3204,3204,3204,3204,3204,23.809524536132813,19.047618865966797,33.333335876464844,14.285715103149414,0,0,0,0,5.310801982879639,8589934592,2147483648,6079758336,391184384
200,1772012793335,3204,3204,3204,3204,3204,3204,3204,3204,20,25,30.000001907348633,15.789472579956055,0,0,0,0,5.310801982879639,8589934592,2147483648,6078103552,391184384
202,1772012793536,3204,3204,3204,3204,3204,3204,3204,3204,30.000001907348633,30.000001907348633,20,23.809524536132813,23.809524536132813,30.000001907348633,10,5,5.641067981719971,8589934592,2147483648,6078103552,391184384
205,1772012793738,3204,3204,3204,3204,3204,3204,3204,3204,25,25,23.809524536132813,28.571430206298828,15.000000953674316,9.523809432983398,4.761904716491699,5,5.641067981719971,8589934592,2147483648,6078103552,391184384
202,1772012793944,3204,3204,3204,3204,3204,3204,3204,3204,30.000001907348633,28.571430206298828,30.000001907348633,20,20,33.333335876464844,5,4.761904716491699,5.641067981719971,8589934592,2147483648,6078103552,391184384
209,1772012794146,3204,3204,3204,3204,3204,3204,3204,3204,23.809524536132813,30.000001907348633,19.047618865966797,10.526315689086914,5,0,4.761904716491699,5,5.641067981719971,8589934592,2147483648,6054182912,391184384
203,1772012794356,3204,3204,3204,3204,3204,3204,3204,3204,33.333335876464844,20,20,19.047618865966797,9.090909004211426,4.761904716491699,0,0,5.641067981719971,8589934592,2147483648,6056378368,391184384
208,1772012794560,3204,3204,3204,3204,3204,3204,3204,3204,30.000001907348633,23.809524536132813,20,20,0,0,0,4.761904716491699,5.254131317138672,8589934592,2147483648,6056230912,391184384
201,1772012794769,3204,3204,3204,3204,3204,3204,3204,3204,33.333335876464844,25,27.272727966308594,18.18181800842285,4.761904716491699,4.761904716491699,4.761904716491699,4.761904716491699,5.254131317138672,8589934592,2147483648,6056951808,391184384
209,1772012794971,3204,3204,3204,3204,3204,3204,3204,3204,21.052631378173828,23.809524536132813,15.000000953674316,15.000000953674316,10,14.285715103149414,4.761904716491699,4.761904716491699,5.254131317138672,8589934592,2147483648,6056263680,391184384
206,1772012795181,3204,3204,3204,3204,3204,3204,3204,3204,23.809524536132813,19.047618865966797,5,4.761904716491699,14.285715103149414,9.523809432983398,5,5,5.254131317138672,8589934592,2147483648,6059098112,391184384
204,1772012795387,3204,3204,3204,3204,3204,3204,3204,3204,30.000001907348633,30.000001907348633,28.571430206298828,20,5,4.761904716491699,4.761904716491699,4.761904716491699,5.254131317138672,8589934592,2147483648,6048415744,391184384
209,1772012795593,3204,3204,3204,3204,3204,3204,3204,3204,27.272727966308594,30.000001907348633,20,15.000000953674316,0,0,0,0,5.853000164031982,8589934592,2147483648,6048333824,391184384
201,1772012795803,3204,3204,3204,3204,3204,3204,3204,3204,20,38.095237731933594,18.18181800842285,18.18181800842285,0,0,0,0,5.853000164031982,8589934592,2147483648,6048382976,391184384
203,1772012796005,3204,3204,3204,3204,3204,3204,3204,3204,33.333335876464844,40,27.77777862548828,25,20,10,10,0,5.853000164031982,8589934592,2147483648,6057934848,391184384
207,1772012796208,3204,3204,3204,3204,3204,3204,3204,3204,30.000001907348633,30.000001907348633,19.047618865966797,25,10,15.000000953674316,0,0,5.853000164031982,8589934592,2147483648,6085001216,391184384
206,1772012796416,3204,3204,3204,3204,3204,3204,3204,3204,25,22.72727394104004,15.000000953674316,25,4.761904716491699,0,0,4.545454502105713,5.853000164031982,8589934592,2147483648,6080479232,391184384
200,1772012796623,3204,3204,3204,3204,3204,3204,3204,3204,20,15.789472579956055,18.18181800842285,33.333335876464844,4.761904716491699,5,9.090909004211426,0,5.342056751251221,8589934592,2147483648,6080151552,391184384
209,1772012796823,3204,3204,3204,3204,3204,3204,3204,3204,28.571430206298828,28.571430206298828,25,20,10,9.523809432983398,0,5,5.342056751251221,8589934592,2147483648,6080020480,391184384
203,1772012797033,3204,3204,3204,3204,3204,3204,3204,3204,25,19.047618865966797,20,18.18181800842285,0,4.761904716491699,4.761904716491699,0,5.342056751251221,8589934592,2147483648,6080184320,391184384
201,1772012797237,3204,3204,3204,3204,3204,3204,3204,3204,47.619049072265625,50,45,30.000001907348633,4.761904716491699,0,0,0,5.342056751251221,8589934592,2147483648,6061490176,391184384
204,1772012797439,3204,3204,3204,3204,3204,3204,3204,3204,28.571430206298828,21.052631378173828,20,10.526315689086914,0,0,0,0,5.342056751251221,8589934592,2147483648,6059720704,391184384
209,1772012797644,3204,3204,3204,3204,3204,3204,3204,3204,26.3157901763916,23.809524536132813,19.047618865966797,18.18181800842285,4.761904716491699,4.761904716491699,4.761904716491699,0,5.498356342315674,8589934592,2147483648,6059425792,391184384
200,1772012797854,3204,3204,3204,3204,3204,3204,3204,3204,25,31.81818199157715,28.571430206298828,15.000000953674316,4.761904716491699,0,0,4.761904716491699,5.498356342315674,8589934592,2147483648,6052626432,391184384
203,1772012798054,3204,3204,3204,3204,3204,3204,3204,3204,33.333335876464844,26.3157901763916,20,20,5,5,5.263157844543457,0,5.498356342315674,8589934592,2147483648,6052413440,391184384
205,1772012798258,3204,3204,3204,3204,3204,3204,3204,3204,50,45,42.85714340209961,40,36.842105865478516,45,25,35,5.498356342315674,8589934592,2147483648,6050529280,391184384
206,1772012798464,3204,3204,3204,3204,3204,3204,3204,3204,33.333335876464844,35,21.052631378173828,19.047618865966797,13.636363983154297,0,0,9.090909004211426,5.438141822814941,8589934592,2147483648,6048710656,391184384
203,1772012798671,3204,3204,3204,3204,3204,3204,3204,3204,21.052631378173828,31.81818199157715,19.047618865966797,10,4.761904716491699,27.272727966308594,4.545454502105713,0,5.438141822814941,8589934592,2147483648,6048825344,391184384
207,1772012798875,3204,3204,3204,3204,3204,3204,3204,3204,27.272727966308594,30.000001907348633,28.571430206298828,25,0,4.761904716491699,0,0,5.438141822814941,8589934592,2147483648,6052233216,391184384
201,1772012799084,3204,3204,3204,3204,3204,3204,3204,3204,33.333335876464844,19.047618865966797,20,14.285715103149414,0,0,0,0,5.438141822814941,8589934592,2147483648,6052052992,391184384
208,1772012799286,3204,3204,3204,3204,3204,3204,3204,3204,31.57894515991211,25,15.000000953674316,20,0,0,0,0,5.438141822814941,8589934592,2147483648,6041763840,391184384
209,1772012799494,3204,3204,3204,3204,3204,3204,3204,3204,33.333335876464844,20,27.272727966308594,18.18181800842285,0,0,0,0,5.986644744873047,8589934592,2147483648,6041174016,391184384
202,1772012799704,3204,3204,3204,3204,3204,3204,3204,3204,33.333335876464844,23.809524536132813,10,15.000000953674316,4.761904716491699,0,0,0,5.986644744873047,8589934592,2147483648,6040567808,391184384
209,1772012799907,3204,3204,3204,3204,3204,3204,3204,3204,35,30.000001907348633,38.095237731933594,23.809524536132813,0,0,0,0,5.986644744873047,8589934592,2147483648,6039797760,391184384
204,1772012800117,3204,3204,3204,3204,3204,3204,3204,3204,15.000000953674316,25,10,14.285715103149414,19.047618865966797,31.81818199157715,9.090909004211426,4.761904716491699,5.986644744873047,8589934592,2147483648,6039797760,391184384
199,1772012800322,3204,3204,3204,3204,3204,3204,3204,3204,28.571430206298828,33.333335876464844,28.571430206298828,21.052631378173828,28.571430206298828,26.3157901763916,20,9.523809432983398,5.986644744873047,8589934592,2147483648,6055346176,391184384
202,1772012800522,3204,3204,3204,3204,3204,3204,3204,3204,21.052631378173828,23.809524536132813,21.052631378173828,19.047618865966797,10,10,0,0,5.162892818450928,8589934592,2147483648,6044663808,391184384
207,1772012800725,3204,3204,3204,3204,3204,3204,3204,3204,47.619049072265625,31.57894515991211,38.095237731933594,30.000001907348633,0,0,0,0,5.162892818450928,8589934592,2147483648,6044942336,391184384
207,1772012800933,3204,3204,3204,3204,3204,3204,3204,3204,20,23.809524536132813,19.047618865966797,20,4.761904716491699,0,4.545454502105713,0,5.162892818450928,8589934592,2147483648,6044942336,391184384
209,1772012801141,3204,3204,3204,3204,3204,3204,3204,3204,40.90909194946289,23.809524536132813,25,23.809524536132813,4.545454502105713,4.761904716491699,0,0,5.162892818450928,8589934592,2147483648,6044942336,391184384
206,1772012801351,3204,3204,3204,3204,3204,3204,3204,3204,30.000001907348633,28.571430206298828,28.571430206298828,23.809524536132813,0,4.545454502105713,0,0,5.162892818450928,8589934592,2147483648,6040961024,391184384
204,1772012801557,3204,3204,3204,3204,3204,3204,3204,3204,42.85714340209961,28.571430206298828,23.809524536132813,23.809524536132813,0,0,0,4.761904716491699,5.918342590332031,8589934592,2147483648,6041108480,391184384
206,1772012801762,3204,3204,3204,3204,3204,3204,3204,3204,60.000003814697266,50,30.000001907348633,36.842105865478516,0,0,0,0,5.918342590332031,8589934592,2147483648,6046564352,391184384
208,1772012801969,3204,3204,3204,3204,3204,3204,3204,3204,38.095237731933594,33.333335876464844,30.000001907348633,31.81818199157715,0,0,0,0,5.918342590332031,8589934592,2147483648,6047825920,391184384
207,1772012802178,3204,3204,3204,3204,3204,3204,3204,3204,28.571430206298828,20,23.809524536132813,19.047618865966797,0,0,0,0,5.918342590332031,8589934592,2147483648,6046482432,391184384
209,1772012802385,3204,3204,3204,3204,3204,3204,3204,3204,47.619049072265625,38.095237731933594,28.571430206298828,25,4.761904716491699,0,0,4.761904716491699,5.918342590332031,8589934592,2147483648,6044532736,391184384
208,1772012802595,3204,3204,3204,3204,3204,3204,3204,3204,21.052631378173828,23.809524536132813,28.571430206298828,19.047618865966797,19.047618865966797,19.047618865966797,4.545454502105713,0,5.484612464904785,8589934592,2147483648,6035816448,391184384
206,1772012802804,3204,3204,3204,3204,3204,3204,3204,3204,28.571430206298828,15.789472579956055,28.571430206298828,15.000000953674316,4.761904716491699,4.761904716491699,4.761904716491699,4.761904716491699,5.484612464904785,8589934592,2147483648,6034227200,391184384
203,1772012803011,3204,3204,3204,3204,3204,3204,3204,3204,33.333335876464844,31.81818199157715,20,22.72727394104004,9.090909004211426,0,0,0,5.484612464904785,8589934592,2147483648,6036324352,391184384
205,1772012803214,3204,3204,3204,3204,3204,3204,3204,3204,23.809524536132813,20,15.000000953674316,21.052631378173828,0,0,0,0,5.484612464904785,8589934592,2147483648,6034767872,391184384
205,1772012803421,3204,3204,3204,3204,3204,3204,3204,3204,25,28.571430206298828,28.571430206298828,14.285715103149414,0,4.761904716491699,4.761904716491699,0,5.484612464904785,8589934592,2147483648,6035668992,391184384
209,1772012803626,3204,3204,3204,3204,3204,3204,3204,3204,28.571430206298828,20,28.571430206298828,19.047618865966797,14.285715103149414,14.285715103149414,0,0,5.616121768951416,8589934592,2147483648,6031278080,391184384
200,1772012803836,3204,3204,3204,3204,3204,3204,3204,3204,20,19.047618865966797,20,5,0,0,0,0,5.616121768951416,8589934592,2147483648,6031278080,391184384
207,1772012804038,3204,3204,3204,3204,3204,3204,3204,3204,30.000001907348633,25,25,20,0,0,0,0,5.616121768951416,8589934592,2147483648,6031278080,391184384
208,1772012804245,3204,3204,3204,3204,3204,3204,3204,3204,19.047618865966797,19.047618865966797,19.047618865966797,23.809524536132813,0,0,0,0,5.616121768951416,8589934592,2147483648,6031278080,391184384
206,1772012804454,3204,3204,3204,3204,3204,3204,3204,3204,25,23.809524536132813,28.571430206298828,19.047618865966797,0,0,0,0,5.577576160430908,8589934592,2147483648,6033768448,391184384
209,1772012804661,3204,3204,3204,3204,3204,3204,3204,3204,28.571430206298828,31.57894515991211,23.809524536132813,20,30.000001907348633,23.809524536132813,5,15.000000953674316,5.577576160430908,8589934592,2147483648,6031114240,391184384
209,1772012804871,3204,3204,3204,3204,3204,3204,3204,3204,19.047618865966797,31.81818199157715,10,14.285715103149414,9.090909004211426,4.761904716491699,4.545454502105713,4.545454502105713,5.577576160430908,8589934592,2147483648,6031114240,391184384
208,1772012805081,3204,3204,3204,3204,3204,3204,3204,3204,19.047618865966797,15.000000953674316,19.047618865966797,22.72727394104004,14.285715103149414,9.523809432983398,0,0,5.577576160430908,8589934592,2147483648,6031114240,391184384
201,1772012805289,3204,3204,3204,3204,3204,3204,3204,3204,19.047618865966797,27.272727966308594,5,10,19.047618865966797,14.285715103149414,9.523809432983398,4.761904716491699,5.577576160430908,8589934592,2147483648,6031114240,391184384
209,1772012805491,3204,3204,3204,3204,3204,3204,3204,3204,31.57894515991211,40,28.571430206298828,28.571430206298828,15.789472579956055,15.000000953674316,15.000000953674316,19.047618865966797,5.096104621887207,8589934592,2147483648,6037929984,391184384
209,1772012805701,3204,3204,3204,3204,3204,3204,3204,3204,27.272727966308594,33.333335876464844,15.000000953674316,15.000000953674316,4.761904716491699,4.761904716491699,9.090909004211426,0,5.096104621887207,8589934592,2147483648,6037323776,391184384
202,1772012805911,3204,3204,3204,3204,3204,3204,3204,3204,20,35,22.72727394104004,27.272727966308594,0,0,0,4.545454502105713,5.096104621887207,8589934592,2147483648,6037782528,391184384
209,1772012806114,3204,3204,3204,3204,3204,3204,3204,3204,19.047618865966797,25,15.789472579956055,10.526315689086914,4.761904716491699,4.761904716491699,0,0,5.096104621887207,8589934592,2147483648,6035750912,391184384
212,1772012806324,3204,3204,3204,3204,3204,3204,3204,3204,28.571430206298828,28.571430206298828,18.18181800842285,14.285715103149414,10,9.523809432983398,4.761904716491699,4.761904716491699,5.096104621887207,8589934592,2147483648,6032343040,391184384
202,1772012806537,3204,3204,3204,3204,3204,3204,3204,3204,30.000001907348633,27.272727966308594,23.809524536132813,31.81818199157715,13.636363983154297,9.523809432983398,4.761904716491699,4.761904716491699,5.98554801940918,8589934592,2147483648,6034997248,391184384
199,1772012806740,3204,3204,3204,3204,3204,3204,3204,3204,42.85714340209961,36.842105865478516,35,26.3157901763916,40,36.842105865478516,26.3157901763916,20,5.98554801940918,8589934592,2147483648,6036946944,391184384
205,1772012806940,3204,3204,3204,3204,3204,3204,3204,3204,21.052631378173828,38.095237731933594,23.809524536132813,28.571430206298828,15.000000953674316,10,4.761904716491699,5,5.98554801940918,8589934592,2147483648,6029557760,391184384
209,1772012807146,3204,3204,3204,3204,3204,3204,3204,3204,27.272727966308594,35,20,15.000000953674316,0,4.761904716491699,4.761904716491699,4.545454502105713,5.98554801940918,8589934592,2147483648,6029066240,391184384
209,1772012807356,3204,3204,3204,3204,3204,3204,3204,3204,21.052631378173828,19.047618865966797,15.000000953674316,9.523809432983398,8.69565200805664,0,0,0,5.98554801940918,8589934592,2147483648,6026985472,391184384
209,1772012807566,3204,3204,3204,3204,3204,3204,3204,3204,27.272727966308594,23.809524536132813,19.047618865966797,28.571430206298828,0,0,0,0,5.497136116027832,8589934592,2147483648,6029230080,391184384
204,1772012807776,3204,3204,3204,3204,3204,3204,3204,3204,23.809524536132813,25,19.047618865966797,28.571430206298828,0,0,0,0,5.497136116027832,8589934592,2147483648,6028296192,391184384
204,1772012807981,3204,3204,3204,3204,3204,3204,3204,3204,25,20,20,25,4.761904716491699,9.090909004211426,0,4.761904716491699,5.497136116027832,8589934592,2147483648,6030770176,391184384
199,1772012808185,3204,3204,3204,3204,3204,3204,3204,3204,25,23.809524536132813,19.047618865966797,14.285715103149414,0,0,0,0,5.497136116027832,8589934592,2147483648,6030475264,391184384
208,1772012808387,3204,3204,3204,3204,3204,3204,3204,3204,33.333335876464844,25,30.000001907348633,15.000000953674316,0,0,4.761904716491699,0,5.497136116027832,8589934592,2147483648,6030688256,391184384
209,1772012808595,3204,3204,3204,3204,3204,3204,3204,3204,23.809524536132813,19.047618865966797,15.000000953674316,33.333335876464844,15.000000953674316,4.761904716491699,0,4.761904716491699,5.989415168762207,8589934592,2147483648,6028328960,391184384
203,1772012808805,3204,3204,3204,3204,3204,3204,3204,3204,25,28.571430206298828,22.72727394104004,30.000001907348633,4.761904716491699,0,9.090909004211426,4.761904716491699,5.989415168762207,8589934592,2147483648,6031998976,391184384
209,1772012809009,3204,3204,3204,3204,3204,3204,3204,3204,42.85714340209961,35,42.85714340209961,25,31.81818199157715,28.571430206298828,5,5,5.989415168762207,8589934592,2147483648,6030753792,391184384
201,1772012809219,3204,3204,3204,3204,3204,3204,3204,3204,35,40,35,28.571430206298828,0,4.761904716491699,0,0,5.989415168762207,8589934592,2147483648,6027526144,391184384
209,1772012809421,3204,3204,3204,3204,3204,3204,3204,3204,38.095237731933594,28.571430206298828,20,20,4.761904716491699,0,0,4.761904716491699,5.989415168762207,8589934592,2147483648,6030393344,391184384
208,1772012809631,3204,3204,3204,3204,3204,3204,3204,3204,25,30.000001907348633,15.000000953674316,18.18181800842285,5,9.523809432983398,4.761904716491699,0,5.104373931884766,8589934592,2147483648,6028050432,391184384
209,1772012809839,3204,3204,3204,3204,3204,3204,3204,3204,28.571430206298828,27.272727966308594,22.72727394104004,10,4.761904716491699,0,4.761904716491699,4.761904716491699,5.104373931884766,8589934592,2147483648,6027460608,391184384
200,1772012810049,3204,3204,3204,3204,3204,3204,3204,3204,23.809524536132813,20,14.285715103149414,22.72727394104004,5,9.523809432983398,4.761904716491699,0,5.104373931884766,8589934592,2147483648,6028328960,391184384
206,1772012810251,3204,3204,3204,3204,3204,3204,3204,3204,25,25,15.789472579956055,20,19.047618865966797,14.285715103149414,0,5,5.104373931884766,8589934592,2147483648,6015385600,391184384
208,1772012810458,3204,3204,3204,3204,3204,3204,3204,3204,19.047618865966797,23.809524536132813,19.047618865966797,15.000000953674316,4.761904716491699,5,4.761904716491699,0,5.791496276855469,8589934592,2147483648,6034358272,391184384
204,1772012810666,3204,3204,3204,3204,3204,3204,3204,3204,30.000001907348633,25,23.809524536132813,14.285715103149414,14.285715103149414,9.523809432983398,9.090909004211426,9.090909004211426,5.791496276855469,8589934592,2147483648,6073794560,391184384
200,1772012810871,3204,3204,3204,3204,3204,3204,3204,3204,25,28.571430206298828,21.052631378173828,20,0,0,0,0,5.791496276855469,8589934592,2147483648,6073008128,391184384
204,1772012811072,3204,3204,3204,3204,3204,3204,3204,3204,35,28.571430206298828,35,31.57894515991211,20,23.809524536132813,5,14.285715103149414,5.791496276855469,8589934592,2147483648,6059950080,391184384
204,1772012811277,3204,3204,3204,3204,3204,3204,3204,3204,19.047618865966797,21.052631378173828,27.272727966308594,22.72727394104004,5,9.523809432983398,4.761904716491699,0,5.791496276855469,8589934592,2147483648,6059950080,391184384
208,1772012811482,3204,3204,3204,3204,3204,3204,3204,3204,35,33.333335876464844,25,31.57894515991211,4.761904716491699,5,0,4.761904716491699,5.321654319763184,8589934592,2147483648,6059950080,391184384
202,1772012811691,3204,3204,3204,3204,3204,3204,3204,3204,28.571430206298828,20,23.809524536132813,22.72727394104004,0,0,0,0,5.321654319763184,8589934592,2147483648,6063947776,391184384
207,1772012811894,3204,3204,3204,3204,3204,3204,3204,3204,31.57894515991211,33.333335876464844,25,15.000000953674316,9.090909004211426,0,4.761904716491699,5,5.321654319763184,8589934592,2147483648,6063456256,391184384
202,1772012812102,3204,3204,3204,3204,3204,3204,3204,3204,23.809524536132813,20,23.809524536132813,30.000001907348633,0,4.761904716491699,4.761904716491699,0,5.321654319763184,8589934592,2147483648,6053478400,391184384
202,1772012812305,3204,3204,3204,3204,3204,3204,3204,3204,23.809524536132813,15.000000953674316,19.047618865966797,28.571430206298828,5,5,0,5,5.321654319763184,8589934592,2147483648,6053478400,391184384
206,1772012812508,3204,3204,3204,3204,3204,3204,3204,3204,20,28.571430206298828,25,20,4.761904716491699,0,4.761904716491699,0,6.007362365722656,8589934592,2147483648,6053478400,391184384
208,1772012812714,3204,3204,3204,3204,3204,3204,3204,3204,20,19.047618865966797,15.000000953674316,20,0,0,0,0,6.007362365722656,8589934592,2147483648,6048595968,391184384
206,1772012812923,3204,3204,3204,3204,3204,3204,3204,3204,23.809524536132813,19.047618865966797,15.000000953674316,28.571430206298828,4.761904716491699,4.761904716491699,0,4.761904716491699,6.007362365722656,8589934592,2147483648,6048038912,391184384
207,1772012813130,3204,3204,3204,3204,3204,3204,3204,3204,30.000001907348633,30.000001907348633,27.272727966308594,33.333335876464844,5,22.72727394104004,4.761904716491699,0,6.007362365722656,8589934592,2147483648,6031753216,391184384
203,1772012813337,3204,3204,3204,3204,3204,3204,3204,3204,28.571430206298828,25,21.052631378173828,20,19.047618865966797,15.000000953674316,0,0,6.007362365722656,8589934592,2147483648,6021791744,391184384
209,1772012813541,3204,3204,3204,3204,3204,3204,3204,3204,20,33.333335876464844,28.571430206298828,19.047618865966797,5,14.285715103149414,0,9.523809432983398,5.167507648468018,8589934592,2147483648,6013894656,391184384
202,1772012813751,3204,3204,3204,3204,3204,3204,3204,3204,23.809524536132813,20,23.809524536132813,14.285715103149414,4.761904716491699,5,9.090909004211426,0,5.167507648468018,8589934592,2147483648,6010683392,391184384
206,1772012813954,3204,3204,3204,3204,3204,3204,3204,3204,38.095237731933594,28.571430206298828,21.052631378173828,20,9.523809432983398,0,4.761904716491699,4.761904716491699,5.167507648468018,8589934592,2147483648,6011355136,391184384
208,1772012814161,3204,3204,3204,3204,3204,3204,3204,3204,70,60.000003814697266,66.66667175292969,50,0,4.761904716491699,0,0,5.167507648468018,8589934592,2147483648,6004752384,391184384
202,1772012814370,3204,3204,3204,3204,3204,3204,3204,3204,85.71428680419922,80.95238494873047,77.2727279663086,80.95238494873047,4.761904716491699,4.761904716491699,0,0,5.167507648468018,8589934592,2147483648,5985763328,391184384
203,1772012814573,3204,3204,3204,3204,3204,3204,3204,3204,60.000003814697266,66.66667175292969,65,66.66667175292969,10.526315689086914,5,0,0,5.356452465057373,8589934592,2147483648,5994151936,391184384
206,1772012814777,3204,3204,3204,3204,3204,3204,3204,3204,55,65,60.000003814697266,45,9.523809432983398,5,5,5,5.356452465057373,8589934592,2147483648,5997117440,391184384
209,1772012814984,3204,3204,3204,3204,3204,3204,3204,3204,66.66667175292969,50,57.142860412597656,47.619049072265625,0,0,0,0,5.356452465057373,8589934592,2147483648,5999165440,391184384
209,1772012815194,3204,3204,3204,3204,3204,3204,3204,3204,55,52.38095474243164,45,50,4.761904716491699,9.090909004211426,4.761904716491699,4.545454502105713,5.356452465057373,8589934592,2147483648,5996232704,391184384
202,1772012815403,3204,3204,3204,3204,3204,3204,3204,3204,45.45454788208008,42.85714340209961,40.90909194946289,38.095237731933594,25,33.333335876464844,23.809524536132813,19.047618865966797,5.356452465057373,8589934592,2147483648,6043566080,391184384
203,1772012815606,3204,3204,3204,3204,3204,3204,3204,3204,38.095237731933594,35,35,28.571430206298828,5,0,0,0,5.923027038574219,8589934592,2147483648,6045876224,391184384
201,1772012815810,3204,3204,3204,3204,3204,3204,3204,3204,47.36842346191406,35,31.57894515991211,36.842105865478516,0,0,0,0,5.923027038574219,8589934592,2147483648,6045138944,391184384
208,1772012816012,3204,3204,3204,3204,3204,3204,3204,3204,42.105262756347656,40,30.000001907348633,28.571430206298828,5,4.761904716491699,4.761904716491699,0,5.923027038574219,8589934592,2147483648,6046711808,391184384
209,1772012816221,3204,3204,3204,3204,3204,3204,3204,3204,40.90909194946289,38.095237731933594,36.3636360168457,28.571430206298828,4.545454502105713,0,0,0,5.923027038574219,8589934592,2147483648,6045679616,391184384
208,1772012816431,3204,3204,3204,3204,3204,3204,3204,3204,35,33.333335876464844,25,19.047618865966797,0,4.545454502105713,0,4.761904716491699,5.923027038574219,8589934592,2147483648,6032769024,391184384
204,1772012816640,3204,3204,3204,3204,3204,3204,3204,3204,33.333335876464844,30.000001907348633,22.72727394104004,19.047618865966797,4.761904716491699,5,4.545454502105713,0,6.746175765991211,8589934592,2147483648,6022529024,391184384
209,1772012816845,3204,3204,3204,3204,3204,3204,3204,3204,35,40,26.3157901763916,26.3157901763916,4.761904716491699,0,0,4.761904716491699,6.746175765991211,8589934592,2147483648,6018940928,391184384
209,1772012817054,3204,3204,3204,3204,3204,3204,3204,3204,36.3636360168457,36.3636360168457,36.3636360168457,28.571430206298828,0,0,0,0,6.746175765991211,8589934592,2147483648,6022053888,391184384
205,1772012817264,3204,3204,3204,3204,3204,3204,3204,3204,28.571430206298828,25,20,22.72727394104004,4.761904716491699,4.761904716491699,4.761904716491699,0,6.746175765991211,8589934592,2147483648,6021038080,391184384
204,1772012817471,3204,3204,3204,3204,3204,3204,3204,3204,66.66667175292969,71.42857360839844,66.66667175292969,65,15.000000953674316,10,10,4.761904716491699,5.7720770835876465,8589934592,2147483648,6050594816,391184384
200,1772012817676,3204,3204,3204,3204,3204,3204,3204,3204,50,45,40,42.85714340209961,31.81818199157715,31.81818199157715,23.809524536132813,19.047618865966797,5.7720770835876465,8589934592,2147483648,6061506560,391184384
201,1772012817877,3204,3204,3204,3204,3204,3204,3204,3204,47.36842346191406,45,35,25,26.3157901763916,21.052631378173828,14.285715103149414,10.526315689086914,5.7720770835876465,8589934592,2147483648,6075105280,391184384
208,1772012818079,3204,3204,3204,3204,3204,3204,3204,3204,85.71428680419922,80.95238494873047,80.95238494873047,84.21052551269531,10,14.285715103149414,5,4.761904716491699,5.7720770835876465,8589934592,2147483648,6077874176,391184384
207,1772012818288,3204,3204,3204,3204,3204,3204,3204,3204,55,50,50,47.619049072265625,0,0,0,0,5.7720770835876465,8589934592,2147483648,6079610880,391184384
209,1772012818496,3204,3204,3204,3204,3204,3204,3204,3204,57.142860412597656,52.38095474243164,55,47.619049072265625,9.090909004211426,0,0,0,5.777729511260986,8589934592,2147483648,6078496768,391184384
200,1772012818706,3204,3204,3204,3204,3204,3204,3204,3204,71.42857360839844,68.18181610107422,68.18181610107422,65,19.047618865966797,9.523809432983398,0,0,5.777729511260986,8589934592,2147483648,6049939456,391184384
208,1772012818908,3204,3204,3204,3204,3204,3204,3204,3204,70,63.15789031982422,60.000003814697266,52.38095474243164,21.052631378173828,0,0,0,5.777729511260986,8589934592,2147483648,6051987456,391184384
206,1772012819117,3204,3204,3204,3204,3204,3204,3204,3204,50,40,38.095237731933594,36.3636360168457,52.38095474243164,50,0,0,5.777729511260986,8589934592,2147483648,6059474944,391184384
206,1772012819324,3204,3204,3204,3204,3204,3204,3204,3204,42.85714340209961,40.90909194946289,35,50,28.571430206298828,0,71.42857360839844,0,5.777729511260986,8589934592,2147483648,6047367168,391184384
205,1772012819531,3204,3204,3204,3204,3204,3204,3204,3204,40,40,38.095237731933594,47.36842346191406,14.285715103149414,52.38095474243164,4.545454502105713,9.090909004211426,7.303071975708008,8589934592,2147483648,6058573824,391184384
206,1772012819737,3204,3204,3204,3204,3204,3204,3204,3204,52.38095474243164,45,40,45.45454788208008,42.85714340209961,15.000000953674316,45,9.523809432983398,7.303071975708008,8589934592,2147483648,6039420928,391184384
204,1772012819944,3204,3204,3204,3204,3204,3204,3204,3204,57.142860412597656,50,38.095237731933594,40,0,65,25,0,7.303071975708008,8589934592,2147483648,6027853824,391184384
208,1772012820149,3204,3204,3204,3204,3204,3204,3204,3204,55,50,40,50,20,28.571430206298828,35,40,7.303071975708008,8589934592,2147483648,6051872768,391184384
206,1772012820358,3204,3204,3204,3204,3204,3204,3204,3204,42.85714340209961,45,54.54545593261719,36.842105865478516,61.904762268066406,33.333335876464844,9.090909004211426,9.523809432983398,7.303071975708008,8589934592,2147483648,6051872768,391184384
209,1772012820565,3204,3204,3204,3204,3204,3204,3204,3204,60.000003814697266,52.38095474243164,45,36.3636360168457,36.3636360168457,0,14.285715103149414,20,8.745060920715332,8589934592,2147483648,6051872768,391184384
209,1772012820775,3204,3204,3204,3204,3204,3204,3204,3204,54.54545593261719,42.85714340209961,42.85714340209961,38.095237731933594,65,5,0,0,8.745060920715332,8589934592,2147483648,6051872768,391184384
208,1772012820985,3204,3204,3204,3204,3204,3204,3204,3204,50,42.85714340209961,50,42.85714340209961,70,50,0,0,8.745060920715332,8589934592,2147483648,6045351936,391184384
204,1772012821194,3204,3204,3204,3204,3204,3204,3204,3204,50,52.38095474243164,57.142860412597656,40,22.72727394104004,35,0,31.81818199157715,8.745060920715332,8589934592,2147483648,6041075712,391184384
205,1772012821398,3204,3204,3204,3204,3204,3204,3204,3204,36.842105865478516,30.000001907348633,28.571430206298828,28.571430206298828,30.000001907348633,31.81818199157715,0,0,8.745060920715332,8589934592,2147483648,6041075712,391184384
201,1772012821604,3204,3204,3204,3204,3204,3204,3204,3204,27.272727966308594,19.047618865966797,19.047618865966797,21.052631378173828,76.19047546386719,5,19.047618865966797,0,12.116897583007813,8589934592,2147483648,6041075712,391184384
204,1772012821806,3204,3204,3204,3204,3204,3204,3204,3204,57.894737243652344,47.36842346191406,63.15789031982422,45,36.842105865478516,55,38.095237731933594,5,12.116897583007813,8589934592,2147483648,6041075712,391184384
202,1772012822011,3204,3204,3204,3204,3204,3204,3204,3204,55,50,38.095237731933594,38.095237731933594,20,76.19047546386719,0,0,12.116897583007813,8589934592,2147483648,6030884864,391184384
206,1772012822214,3204,3204,3204,3204,3204,3204,3204,3204,57.142860412597656,52.6315803527832,45,38.095237731933594,14.285715103149414,89.47368621826172,0,0,12.116897583007813,8589934592,2147483648,6030721024,391184384
208,1772012822420,3204,3204,3204,3204,3204,3204,3204,3204,45,50,45,38.095237731933594,4.761904716491699,55,0,0,12.116897583007813,8589934592,2147483648,6029066240,391184384
208,1772012822629,3204,3204,3204,3204,3204,3204,3204,3204,57.142860412597656,52.38095474243164,28.571430206298828,31.57894515991211,0,100,0,0,10.041265487670898,8589934592,2147483648,6032097280,391184384
201,1772012822838,3204,3204,3204,3204,3204,3204,3204,3204,61.904762268066406,57.142860412597656,33.333335876464844,31.81818199157715,28.571430206298828,76.19047546386719,4.761904716491699,0,10.041265487670898,8589934592,2147483648,6032097280,391184384
204,1772012823040,3204,3204,3204,3204,3204,3204,3204,3204,55,52.38095474243164,30.000001907348633,40,47.619049072265625,5,0,4.761904716491699,10.041265487670898,8589934592,2147483648,6031622144,391184384
201,1772012823245,3204,3204,3204,3204,3204,3204,3204,3204,57.894737243652344,52.6315803527832,33.333335876464844,25,0,100,0,0,10.041265487670898,8589934592,2147483648,6033735680,391184384
204,1772012823447,3204,3204,3204,3204,3204,3204,3204,3204,60.000003814697266,52.38095474243164,35,35,0,47.619049072265625,52.38095474243164,0,10.041265487670898,8589934592,2147483648,6034178048,391184384
200,1772012823652,3204,3204,3204,3204,3204,3204,3204,3204,54.54545593261719,47.619049072265625,45,40,15.000000953674316,0,42.85714340209961,0,11.449196815490723,8589934592,2147483648,6023151616,391184384
209,1772012823853,3204,3204,3204,3204,3204,3204,3204,3204,35,31.57894515991211,31.57894515991211,33.333335876464844,10,55,26.3157901763916,20,11.449196815490723,8589934592,2147483648,6017286144,391184384
207,1772012824063,3204,3204,3204,3204,3204,3204,3204,3204,30.000001907348633,38.095237731933594,31.81818199157715,28.571430206298828,14.285715103149414,86.36363983154297,4.761904716491699,0,11.449196815490723,8589934592,2147483648,6009602048,391184384
200,1772012824271,3204,3204,3204,3204,3204,3204,3204,3204,28.571430206298828,23.809524536132813,25,21.052631378173828,50,0,4.761904716491699,0,11.449196815490723,8589934592,2147483648,6011928576,391184384
200,1772012824471,3204,3204,3204,3204,3204,3204,3204,3204,30.000001907348633,30.000001907348633,33.333335876464844,23.809524536132813,84.21052551269531,0,0,0,11.19223690032959,8589934592,2147483648,6011191296,391184384
208,1772012824673,3204,3204,3204,3204,3204,3204,3204,3204,21.052631378173828,26.3157901763916,30.000001907348633,20,95,0,0,0,11.19223690032959,8589934592,2147483648,6013779968,391184384
208,1772012824882,3204,3204,3204,3204,3204,3204,3204,3204,36.3636360168457,28.571430206298828,28.571430206298828,31.81818199157715,42.85714340209961,13.636363983154297,4.761904716491699,4.761904716491699,11.19223690032959,8589934592,2147483648,6022037504,391184384
203,1772012825091,3204,3204,3204,3204,3204,3204,3204,3204,50,57.142860412597656,40,40,65,15.000000953674316,15.000000953674316,19.047618865966797,11.19223690032959,8589934592,2147483648,6015385600,391184384
207,1772012825295,3204,3204,3204,3204,3204,3204,3204,3204,30.000001907348633,30.000001907348633,30.000001907348633,30.000001907348633,42.85714340209961,14.285715103149414,9.090909004211426,5,11.19223690032959,8589934592,2147483648,6012141568,391184384
200,1772012825502,3204,3204,3204,3204,3204,3204,3204,3204,33.333335876464844,23.809524536132813,28.571430206298828,15.000000953674316,52.38095474243164,4.761904716491699,4.761904716491699,0,9.820494651794434,8589934592,2147483648,6032048128,391184384
204,1772012825704,3204,3204,3204,3204,3204,3204,3204,3204,78.94737243652344,70,70,66.66667175292969,26.3157901763916,0,0,0,9.820494651794434,8589934592,2147483648,6032293888,391184384
209,1772012825908,3204,3204,3204,3204,3204,3204,3204,3204,65,52.38095474243164,50,42.105262756347656,70,0,0,0,9.820494651794434,8589934592,2147483648,6046367744,391184384
200,1772012826119,3204,3204,3204,3204,3204,3204,3204,3204,50,47.36842346191406,38.095237731933594,38.095237731933594,61.904762268066406,19.047618865966797,4.761904716491699,4.545454502105713,9.820494651794434,8589934592,2147483648,6038077440,391184384
206,1772012826321,3204,3204,3204,3204,3204,3204,3204,3204,65,65,60.000003814697266,57.142860412597656,15.000000953674316,5,0,0,9.820494651794434,8589934592,2147483648,6046203904,391184384
206,1772012826528,3204,3204,3204,3204,3204,3204,3204,3204,61.904762268066406,59.09090805053711,50,50,95.45454406738281,0,4.761904716491699,0,10.630745887756348,8589934592,2147483648,6039601152,391184384
208,1772012826736,3204,3204,3204,3204,3204,3204,3204,3204,55,45,47.619049072265625,50,55,0,0,0,10.630745887756348,8589934592,2147483648,6044614656,391184384
201,1772012826944,3204,3204,3204,3204,3204,3204,3204,3204,65,65,65,66.66667175292969,35,9.523809432983398,0,0,10.630745887756348,8589934592,2147483648,6044614656,391184384
203,1772012827145,3204,3204,3204,3204,3204,3204,3204,3204,57.142860412597656,52.38095474243164,57.142860412597656,47.619049072265625,25,5,5,4.761904716491699,10.630745887756348,8589934592,2147483648,6067994624,391184384
209,1772012827349,3204,3204,3204,3204,3204,3204,3204,3204,100,100,100,100,40,4.761904716491699,4.761904716491699,5,10.630745887756348,8589934592,2147483648,6089261056,391184384
202,1772012827558,3204,3204,3204,3204,3204,3204,3204,3204,100,100,100,100,71.42857360839844,0,5,0,9.975415229797363,8589934592,2147483648,6096519168,391184384
200,1772012827761,3204,3204,3204,3204,3204,3204,3204,3204,100,100,100,100,60.000003814697266,5,4.761904716491699,0,9.975415229797363,8589934592,2147483648,6102777856,391184384
207,1772012827962,3204,3204,3204,3204,3204,3204,3204,3204,94.73684692382813,94.73684692382813,85,89.47368621826172,55,0,0,0,9.975415229797363,8589934592,2147483648,6106611712,391184384
209,1772012828170,3204,3204,3204,3204,3204,3204,3204,3204,95.23809814453125,90.90909576416016,90.47618865966797,85.71428680419922,28.571430206298828,38.095237731933594,9.523809432983398,8.69565200805664,9.975415229797363,8589934592,2147483648,6093766656,391184384
207,1772012828381,3204,3204,3204,3204,3204,3204,3204,3204,68.18181610107422,75,66.66667175292969,60.000003814697266,61.904762268066406,33.333335876464844,40,57.894737243652344,9.975415229797363,8589934592,2147483648,6094962688,391184384
209,1772012828589,3204,3204,3204,3204,3204,3204,3204,3204,30.000001907348633,40.90909194946289,30.000001907348633,31.81818199157715,35,40.90909194946289,13.043478012084961,4.761904716491699,10.08326530456543,8589934592,2147483648,6100992000,391184384
204,1772012828799,3204,3204,3204,3204,3204,3204,3204,3204,33.333335876464844,33.333335876464844,23.809524536132813,23.809524536132813,63.6363639831543,42.85714340209961,25,13.636363983154297,10.08326530456543,8589934592,2147483648,6108381184,391184384
206,1772012829004,3204,3204,3204,3204,3204,3204,3204,3204,30.000001907348633,31.57894515991211,31.81818199157715,23.809524536132813,20,36.842105865478516,47.619049072265625,26.3157901763916,10.08326530456543,8589934592,2147483648,6111232000,391184384
209,1772012829211,3204,3204,3204,3204,3204,3204,3204,3204,71.42857360839844,76.19047546386719,68.42105102539063,68.42105102539063,71.42857360839844,68.18181610107422,70,45.45454788208008,10.08326530456543,8589934592,2147483648,6114672640,391184384
206,1772012829421,3204,3204,3204,3204,3204,3204,3204,3204,85.71428680419922,80.95238494873047,81.81818389892578,90.90909576416016,15.000000953674316,14.285715103149414,9.523809432983398,4.761904716491699,10.08326530456543,8589934592,2147483648,6118998016,391184384
209,1772012829627,3204,3204,3204,3204,3204,3204,3204,3204,65,57.142860412597656,63.15789031982422,52.38095474243164,4.761904716491699,0,4.761904716491699,0,10.875326156616211,8589934592,2147483648,6113509376,391184384
203,1772012829837,3204,3204,3204,3204,3204,3204,3204,3204,68.18181610107422,76.19047546386719,68.18181610107422,70,4.761904716491699,4.761904716491699,0,4.761904716491699,10.875326156616211,8589934592,2147483648,6118391808,391184384
209,1772012830041,3204,3204,3204,3204,3204,3204,3204,3204,55,47.619049072265625,50,50,0,0,0,0,10.875326156616211,8589934592,2147483648,6147178496,391184384
202,1772012830251,3204,3204,3204,3204,3204,3204,3204,3204,55,52.6315803527832,61.904762268066406,40.90909194946289,22.72727394104004,13.636363983154297,9.090909004211426,4.761904716491699,10.875326156616211,8589934592,2147483648,6194823168,391184384
200,1772012830454,3204,3204,3204,3204,3204,3204,3204,3204,57.142860412597656,33.333335876464844,55,42.105262756347656,20,26.3157901763916,5,10,7.735363483428955,8589934592,2147483648,6177325056,391184384
209,1772012830655,3204,3204,3204,3204,3204,3204,3204,3204,47.619049072265625,50,45,47.619049072265625,0,4.761904716491699,0,0,7.735363483428955,8589934592,2147483648,6176407552,391184384
204,1772012830865,3204,3204,3204,3204,3204,3204,3204,3204,70,66.66667175292969,70,66.66667175292969,0,0,0,0,7.735363483428955,8589934592,2147483648,6180585472,391184384
203,1772012831070,3204,3204,3204,3204,3204,3204,3204,3204,57.142860412597656,52.38095474243164,38.095237731933594,36.842105865478516,4.761904716491699,0,4.761904716491699,0,7.735363483428955,8589934592,2147483648,6157139968,391184384
205,1772012831274,3204,3204,3204,3204,3204,3204,3204,3204,55,55,47.619049072265625,47.619049072265625,0,0,0,0,7.735363483428955,8589934592,2147483648,6158237696,391184384
206,1772012831480,3204,3204,3204,3204,3204,3204,3204,3204,55,55,35,33.333335876464844,0,0,0,0,6.280233383178711,8589934592,2147483648,6158188544,391184384
205,1772012831687,3204,3204,3204,3204,3204,3204,3204,3204,55,55,40,35,4.761904716491699,4.761904716491699,0,4.761904716491699,6.280233383178711,8589934592,2147483648,6158319616,391184384
206,1772012831893,3204,3204,3204,3204,3204,3204,3204,3204,57.142860412597656,52.38095474243164,42.85714340209961,38.095237731933594,0,0,4.545454502105713,0,6.280233383178711,8589934592,2147483648,6158319616,391184384
206,1772012832100,3204,3204,3204,3204,3204,3204,3204,3204,57.142860412597656,52.38095474243164,47.619049072265625,33.333335876464844,0,4.761904716491699,0,0,6.280233383178711,8589934592,2147483648,6158319616,391184384
204,1772012832306,3204,3204,3204,3204,3204,3204,3204,3204,50,55,40,42.105262756347656,0,0,0,0,6.280233383178711,8589934592,2147483648,6151864320,391184384
209,1772012832511,3204,3204,3204,3204,3204,3204,3204,3204,66.66667175292969,47.619049072265625,52.38095474243164,54.54545593261719,28.571430206298828,15.000000953674316,0,9.090909004211426,6.134893417358398,8589934592,2147483648,6138380288,391184384
209,1772012832721,3204,3204,3204,3204,3204,3204,3204,3204,55,52.38095474243164,42.85714340209961,35,4.761904716491699,9.090909004211426,4.545454502105713,0,6.134893417358398,8589934592,2147483648,6138380288,391184384
199,1772012832931,3204,3204,3204,3204,3204,3204,3204,3204,63.6363639831543,55,47.619049072265625,47.619049072265625,0,0,0,0,6.134893417358398,8589934592,2147483648,6138380288,391184384
208,1772012833131,3204,3204,3204,3204,3204,3204,3204,3204,55,47.619049072265625,50,42.85714340209961,0,0,0,5,6.134893417358398,8589934592,2147483648,6138380288,391184384
206,1772012833340,3204,3204,3204,3204,3204,3204,3204,3204,60.000003814697266,50,57.142860412597656,60.000003814697266,30.000001907348633,30.000001907348633,25,25,6.134893417358398,8589934592,2147483648,6148718592,391184384
208,1772012833547,3204,3204,3204,3204,3204,3204,3204,3204,40,52.38095474243164,45,50,9.523809432983398,14.285715103149414,0,0,5.965735912322998,8589934592,2147483648,6154420224,391184384
207,1772012833756,3204,3204,3204,3204,3204,3204,3204,3204,66.66667175292969,50,47.619049072265625,38.095237731933594,9.523809432983398,10,8.69565200805664,4.761904716491699,5.965735912322998,8589934592,2147483648,6154420224,391184384
209,1772012833964,3204,3204,3204,3204,3204,3204,3204,3204,61.904762268066406,61.904762268066406,61.904762268066406,61.904762268066406,30.000001907348633,28.571430206298828,25,23.809524536132813,5.965735912322998,8589934592,2147483648,6154420224,391184384
201,1772012834174,3204,3204,3204,3204,3204,3204,3204,3204,23.809524536132813,19.047618865966797,19.047618865966797,19.047618865966797,19.047618865966797,14.285715103149414,9.523809432983398,4.761904716491699,5.965735912322998,8589934592,2147483648,6154420224,391184384
205,1772012834376,3204,3204,3204,3204,3204,3204,3204,3204,55,50,40,40,0,0,0,0,5.965735912322998,8589934592,2147483648,6138478592,391184384
206,1772012834581,3204,3204,3204,3204,3204,3204,3204,3204,66.66667175292969,57.142860412597656,55,50,25,14.285715103149414,5,5,6.747599124908447,8589934592,2147483648,6121963520,391184384
208,1772012834789,3204,3204,3204,3204,3204,3204,3204,3204,65,70,65,61.904762268066406,15.000000953674316,10,0,0,6.747599124908447,8589934592,2147483648,6109200384,391184384
201,1772012834998,3204,3204,3204,3204,3204,3204,3204,3204,66.66667175292969,57.142860412597656,52.38095474243164,52.38095474243164,9.523809432983398,13.636363983154297,4.761904716491699,9.523809432983398,6.747599124908447,8589934592,2147483648,6113361920,391184384
209,1772012835199,3204,3204,3204,3204,3204,3204,3204,3204,55,50,45,35,14.285715103149414,10,10,5,6.747599124908447,8589934592,2147483648,6113476608,391184384
208,1772012835409,3204,3204,3204,3204,3204,3204,3204,3204,57.142860412597656,52.38095474243164,40.90909194946289,38.095237731933594,0,4.545454502105713,0,0,6.747599124908447,8589934592,2147483648,6104776704,391184384
201,1772012835619,3204,3204,3204,3204,3204,3204,3204,3204,55,47.619049072265625,35,35,9.523809432983398,10,9.523809432983398,14.285715103149414,6.987481117248535,8589934592,2147483648,6130417664,391184384
209,1772012835821,3204,3204,3204,3204,3204,3204,3204,3204,57.142860412597656,45,50,40,0,0,0,0,6.987481117248535,8589934592,2147483648,6133628928,391184384
205,1772012836031,3204,3204,3204,3204,3204,3204,3204,3204,60.000003814697266,52.38095474243164,47.619049072265625,38.095237731933594,0,0,0,4.545454502105713,6.987481117248535,8589934592,2147483648,6134202368,391184384
206,1772012836237,3204,3204,3204,3204,3204,3204,3204,3204,52.38095474243164,45,42.85714340209961,47.619049072265625,4.545454502105713,0,0,0,6.987481117248535,8589934592,2147483648,6133055488,391184384
208,1772012836444,3204,3204,3204,3204,3204,3204,3204,3204,66.66667175292969,66.66667175292969,60.000003814697266,55,0,0,0,0,6.987481117248535,8589934592,2147483648,6136643584,391184384
209,1772012836652,3204,3204,3204,3204,3204,3204,3204,3204,57.142860412597656,60.000003814697266,52.38095474243164,52.38095474243164,5,9.523809432983398,9.523809432983398,0,6.746204376220703,8589934592,2147483648,6141001728,391184384
208,1772012836862,3204,3204,3204,3204,3204,3204,3204,3204,55,61.904762268066406,47.619049072265625,42.85714340209961,23.809524536132813,19.047618865966797,4.545454502105713,0,6.746204376220703,8589934592,2147483648,6105661440,391184384
200,1772012837071,3204,3204,3204,3204,3204,3204,3204,3204,61.904762268066406,50,40,33.333335876464844,0,0,0,0,6.746204376220703,8589934592,2147483648,6104891392,391184384
206,1772012837272,3204,3204,3204,3204,3204,3204,3204,3204,61.904762268066406,54.54545593261719,45,36.842105865478516,5,5,0,4.761904716491699,6.746204376220703,8589934592,2147483648,6103941120,391184384
207,1772012837479,3204,3204,3204,3204,3204,3204,3204,3204,60.000003814697266,60.000003814697266,52.38095474243164,47.619049072265625,0,0,0,0,5.874716281890869,8589934592,2147483648,6103138304,391184384
206,1772012837687,3204,3204,3204,3204,3204,3204,3204,3204,52.6315803527832,50,42.85714340209961,33.333335876464844,0,0,0,0,5.874716281890869,8589934592,2147483648,6103138304,391184384
207,1772012837894,3204,3204,3204,3204,3204,3204,3204,3204,57.142860412597656,61.904762268066406,50,47.619049072265625,0,0,4.761904716491699,0,5.874716281890869,8589934592,2147483648,6096404480,391184384
205,1772012838102,3204,3204,3204,3204,3204,3204,3204,3204,38.095237731933594,25,19.047618865966797,15.000000953674316,0,0,0,0,5.874716281890869,8589934592,2147483648,6095650816,391184384
205,1772012838308,3204,3204,3204,3204,3204,3204,3204,3204,35,45,33.333335876464844,36.3636360168457,10,10,5,9.523809432983398,5.874716281890869,8589934592,2147483648,6094225408,391184384
209,1772012838515,3204,3204,3204,3204,3204,3204,3204,3204,27.272727966308594,38.095237731933594,26.3157901763916,25,0,9.090909004211426,0,0,6.121622562408447,8589934592,2147483648,6093881344,391184384
207,1772012838725,3204,3204,3204,3204,3204,3204,3204,3204,50,52.38095474243164,36.3636360168457,35,21.7391300201416,5,0,0,6.121622562408447,8589934592,2147483648,6091915264,391184384
209,1772012838933,3204,3204,3204,3204,3204,3204,3204,3204,57.142860412597656,66.66667175292969,55,45.45454788208008,25,22.72727394104004,18.18181800842285,4.761904716491699,6.121622562408447,8589934592,2147483648,6080495616,391184384
199,1772012839143,3204,3204,3204,3204,3204,3204,3204,3204,52.38095474243164,35,33.333335876464844,35,4.761904716491699,0,0,0,6.121622562408447,8589934592,2147483648,6080495616,391184384
208,1772012839343,3204,3204,3204,3204,3204,3204,3204,3204,57.894737243652344,50,50,42.105262756347656,5,0,0,0,6.121622562408447,8589934592,2147483648,6080495616,391184384
205,1772012839552,3204,3204,3204,3204,3204,3204,3204,3204,57.142860412597656,38.095237731933594,38.095237731933594,31.81818199157715,0,4.761904716491699,4.761904716491699,0,5.706104755401611,8589934592,2147483648,6077988864,391184384
206,1772012839758,3204,3204,3204,3204,3204,3204,3204,3204,60.000003814697266,47.619049072265625,35,35,9.090909004211426,0,0,0,5.706104755401611,8589934592,2147483648,6077644800,391184384
209,1772012839965,3204,3204,3204,3204,3204,3204,3204,3204,50,60.000003814697266,42.85714340209961,45,0,0,0,0,5.706104755401611,8589934592,2147483648,6079430656,391184384
209,1772012840175,3204,3204,3204,3204,3204,3204,3204,3204,54.54545593261719,50,47.619049072265625,40.90909194946289,4.761904716491699,9.523809432983398,4.761904716491699,4.545454502105713,5.706104755401611,8589934592,2147483648,6076661760,391184384
201,1772012840386,3204,3204,3204,3204,3204,3204,3204,3204,65,42.85714340209961,33.333335876464844,40,35,31.81818199157715,23.809524536132813,25,5.706104755401611,8589934592,2147483648,6082822144,391184384
202,1772012840588,3204,3204,3204,3204,3204,3204,3204,3204,60.000003814697266,38.095237731933594,35,38.095237731933594,19.047618865966797,5.263157844543457,0,14.285715103149414,6.216094017028809,8589934592,2147483648,6065029120,391184384
209,1772012840791,3204,3204,3204,3204,3204,3204,3204,3204,50,42.105262756347656,45,36.842105865478516,0,0,0,0,6.216094017028809,8589934592,2147483648,6064357376,391184384
209,1772012841001,3204,3204,3204,3204,3204,3204,3204,3204,61.904762268066406,59.09090805053711,55,52.38095474243164,19.047618865966797,14.285715103149414,4.545454502105713,0,6.216094017028809,8589934592,2147483648,6064357376,391184384
207,1772012841211,3204,3204,3204,3204,3204,3204,3204,3204,30.000001907348633,33.333335876464844,27.272727966308594,22.72727394104004,9.523809432983398,14.285715103149414,0,0,6.216094017028809,8589934592,2147483648,6064357376,391184384
209,1772012841419,3204,3204,3204,3204,3204,3204,3204,3204,31.81818199157715,30.000001907348633,25,20,0,0,0,0,6.216094017028809,8589934592,2147483648,6064357376,391184384
199,1772012841629,3204,3204,3204,3204,3204,3204,3204,3204,28.571430206298828,19.047618865966797,19.047618865966797,14.285715103149414,0,0,4.545454502105713,4.761904716491699,6.754765510559082,8589934592,2147483648,6025969664,391184384
209,1772012841829,3204,3204,3204,3204,3204,3204,3204,3204,26.3157901763916,20,10.526315689086914,15.000000953674316,4.761904716491699,4.761904716491699,4.761904716491699,0,6.754765510559082,8589934592,2147483648,6020202496,391184384
208,1772012842039,3204,3204,3204,3204,3204,3204,3204,3204,28.571430206298828,28.571430206298828,22.72727394104004,19.047618865966797,0,0,0,0,6.754765510559082,8589934592,2147483648,6020202496,391184384
204,1772012842249,3204,3204,3204,3204,3204,3204,3204,3204,23.809524536132813,28.571430206298828,19.047618865966797,14.285715103149414,4.761904716491699,4.545454502105713,0,4.545454502105713,6.754765510559082,8589934592,2147483648,6020202496,391184384
203,1772012842454,3204,3204,3204,3204,3204,3204,3204,3204,25,31.57894515991211,20,25,4.761904716491699,0,4.761904716491699,0,6.013981819152832,8589934592,2147483648,6020202496,391184384
205,1772012842658,3204,3204,3204,3204,3204,3204,3204,3204,23.809524536132813,31.81818199157715,19.047618865966797,14.285715103149414,4.761904716491699,4.761904716491699,0,4.761904716491699,6.013981819152832,8589934592,2147483648,6020808704,391184384
206,1772012842864,3204,3204,3204,3204,3204,3204,3204,3204,23.809524536132813,31.57894515991211,20,10.526315689086914,4.761904716491699,0,4.761904716491699,0,6.013981819152832,8589934592,2147483648,6025822208,391184384
209,1772012843071,3204,3204,3204,3204,3204,3204,3204,3204,25,40.90909194946289,30.000001907348633,22.72727394104004,5,4.761904716491699,0,0,6.013981819152832,8589934592,2147483648,6025822208,391184384
205,1772012843281,3204,3204,3204,3204,3204,3204,3204,3204,28.571430206298828,20,22.72727394104004,23.809524536132813,23.809524536132813,22.72727394104004,4.761904716491699,4.761904716491699,6.013981819152832,8589934592,2147483648,6025822208,391184384
209,1772012843488,3204,3204,3204,3204,3204,3204,3204,3204,30.000001907348633,27.272727966308594,15.789472579956055,20,0,0,0,0,5.21755838394165,8589934592,2147483648,6025822208,391184384
207,1772012843697,3204,3204,3204,3204,3204,3204,3204,3204,20,26.3157901763916,18.18181800842285,19.047618865966797,4.761904716491699,15.000000953674316,9.523809432983398,0,5.21755838394165,8589934592,2147483648,6022316032,391184384
205,1772012843905,3204,3204,3204,3204,3204,3204,3204,3204,31.81818199157715,27.272727966308594,20,23.809524536132813,4.761904716491699,4.545454502105713,0,0,5.21755838394165,8589934592,2147483648,6024790016,391184384
208,1772012844110,3204,3204,3204,3204,3204,3204,3204,3204,21.052631378173828,23.809524536132813,20,20,0,0,0,0,5.21755838394165,8589934592,2147483648,6024544256,391184384
200,1772012844320,3204,3204,3204,3204,3204,3204,3204,3204,22.72727394104004,20,18.18181800842285,23.809524536132813,0,0,0,0,5.21755838394165,8589934592,2147483648,6024134656,391184384
209,1772012844521,3204,3204,3204,3204,3204,3204,3204,3204,30.000001907348633,20,20,25,5,5,5,5,5.420139312744141,8589934592,2147483648,6023790592,391184384
207,1772012844731,3204,3204,3204,3204,3204,3204,3204,3204,23.809524536132813,19.047618865966797,14.285715103149414,31.81818199157715,0,0,0,0,5.420139312744141,8589934592,2147483648,6023397376,391184384
201,1772012844939,3204,3204,3204,3204,3204,3204,3204,3204,33.333335876464844,28.571430206298828,28.571430206298828,25,0,0,0,0,5.420139312744141,8589934592,2147483648,6025461760,391184384
202,1772012845141,3204,3204,3204,3204,3204,3204,3204,3204,31.57894515991211,21.052631378173828,20,15.000000953674316,0,9.523809432983398,0,0,5.420139312744141,8589934592,2147483648,6024953856,391184384
200,1772012845344,3204,3204,3204,3204,3204,3204,3204,3204,38.095237731933594,33.333335876464844,30.000001907348633,33.333335876464844,36.3636360168457,15.000000953674316,4.761904716491699,5,5.420139312744141,8589934592,2147483648,6022725632,391184384
208,1772012845545,3204,3204,3204,3204,3204,3204,3204,3204,35,21.052631378173828,40,21.052631378173828,10,10.526315689086914,10.526315689086914,0,5.185519218444824,8589934592,2147483648,6022725632,391184384
203,1772012845754,3204,3204,3204,3204,3204,3204,3204,3204,20,28.571430206298828,15.000000953674316,14.285715103149414,9.523809432983398,9.090909004211426,13.043478012084961,4.761904716491699,5.185519218444824,8589934592,2147483648,5974441984,391184384
200,1772012845959,3204,3204,3204,3204,3204,3204,3204,3204,28.571430206298828,23.809524536132813,19.047618865966797,20,0,0,0,0,5.185519218444824,8589934592,2147483648,5979389952,391184384
209,1772012846159,3204,3204,3204,3204,3204,3204,3204,3204,26.3157901763916,21.052631378173828,20,15.000000953674316,5,5,0,4.761904716491699,5.185519218444824,8589934592,2147483648,5983928320,391184384
200,1772012846369,3204,3204,3204,3204,3204,3204,3204,3204,23.809524536132813,28.571430206298828,23.809524536132813,27.272727966308594,0,0,0,0,5.185519218444824,8589934592,2147483648,5986648064,391184384
209,1772012846571,3204,3204,3204,3204,3204,3204,3204,3204,28.571430206298828,15.000000953674316,25,11.111111640930176,5,5,5,0,5.509117603302002,8589934592,2147483648,5990203392,391184384
205,1772012846781,3204,3204,3204,3204,3204,3204,3204,3204,23.809524536132813,23.809524536132813,19.047618865966797,18.18181800842285,0,0,0,0,5.509117603302002,8589934592,2147483648,5984272384,391184384
205,1772012846987,3204,3204,3204,3204,3204,3204,3204,3204,21.052631378173828,25,19.047618865966797,14.285715103149414,4.761904716491699,4.761904716491699,4.761904716491699,4.761904716491699,5.509117603302002,8589934592,2147483648,5984681984,391184384
208,1772012847194,3204,3204,3204,3204,3204,3204,3204,3204,33.333335876464844,31.81818199157715,25,20,0,0,0,0,5.509117603302002,8589934592,2147483648,5983191040,391184384
209,1772012847402,3204,3204,3204,3204,3204,3204,3204,3204,36.3636360168457,30.000001907348633,30.000001907348633,23.809524536132813,14.285715103149414,10,0,4.545454502105713,5.509117603302002,8589934592,2147483648,5995003904,391184384
204,1772012847614,3204,3204,3204,3204,3204,3204,3204,3204,25,31.81818199157715,28.571430206298828,23.809524536132813,23.809524536132813,14.285715103149414,13.636363983154297,0,5.423728942871094,8589934592,2147483648,5984681984,391184384
201,1772012847819,3204,3204,3204,3204,3204,3204,3204,3204,20,20,25,10,0,4.761904716491699,0,4.761904716491699,5.423728942871094,8589934592,2147483648,5984698368,391184384
208,1772012848021,3204,3204,3204,3204,3204,3204,3204,3204,28.571430206298828,30.000001907348633,28.571430206298828,25,0,0,0,0,5.423728942871094,8589934592,2147483648,5987172352,391184384
208,1772012848230,3204,3204,3204,3204,3204,3204,3204,3204,25,20,19.047618865966797,23.809524536132813,4.761904716491699,4.761904716491699,0,0,5.423728942871094,8589934592,2147483648,5986582528,391184384
205,1772012848438,3204,3204,3204,3204,3204,3204,3204,3204,28.571430206298828,28.571430206298828,23.809524536132813,31.81818199157715,9.523809432983398,4.761904716491699,9.090909004211426,4.761904716491699,5.423728942871094,8589934592,2147483648,5988024320,391184384
202,1772012848644,3204,3204,3204,3204,3204,3204,3204,3204,30.000001907348633,28.571430206298828,10.526315689086914,20,14.285715103149414,9.523809432983398,4.761904716491699,15.000000953674316,5.187805652618408,8589934592,2147483648,5998755840,391184384
206,1772012848846,3204,3204,3204,3204,3204,3204,3204,3204,20,31.57894515991211,19.047618865966797,15.000000953674316,0,0,0,0,5.187805652618408,8589934592,2147483648,6025576448,391184384
206,1772012849054,3204,3204,3204,3204,3204,3204,3204,3204,28.571430206298828,36.3636360168457,19.047618865966797,15.000000953674316,9.090909004211426,0,0,0,5.187805652618408,8589934592,2147483648,6027083776,391184384
204,1772012849260,3204,3204,3204,3204,3204,3204,3204,3204,23.809524536132813,25,25,18.18181800842285,0,4.761904716491699,4.545454502105713,4.761904716491699,5.187805652618408,8589934592,2147483648,6026641408,391184384
200,1772012849465,3204,3204,3204,3204,3204,3204,3204,3204,20,20,33.333335876464844,21.052631378173828,5,4.761904716491699,0,0,5.66827917098999,8589934592,2147483648,6028443648,391184384
203,1772012849667,3204,3204,3204,3204,3204,3204,3204,3204,30.000001907348633,30.000001907348633,25,25,40,15.789472579956055,10,5,5.66827917098999,8589934592,2147483648,6024527872,391184384
209,1772012849871,3204,3204,3204,3204,3204,3204,3204,3204,25,19.047618865966797,20,23.809524536132813,9.523809432983398,9.523809432983398,4.761904716491699,9.523809432983398,5.66827917098999,8589934592,2147483648,6025510912,391184384
206,1772012850081,3204,3204,3204,3204,3204,3204,3204,3204,28.571430206298828,25,23.809524536132813,33.333335876464844,0,4.545454502105713,0,0,5.66827917098999,8589934592,2147483648,6014500864,391184384
205,1772012850288,3204,3204,3204,3204,3204,3204,3204,3204,23.809524536132813,22.72727394104004,14.285715103149414,28.571430206298828,10,0,4.761904716491699,0,5.66827917098999,8589934592,2147483648,6013616128,391184384
208,1772012850493,3204,3204,3204,3204,3204,3204,3204,3204,30.000001907348633,20,19.047618865966797,15.000000953674316,0,0,0,0,5.359148025512695,8589934592,2147483648,6002900992,391184384
201,1772012850702,3204,3204,3204,3204,3204,3204,3204,3204,22.72727394104004,19.047618865966797,14.285715103149414,14.285715103149414,10,9.523809432983398,0,4.761904716491699,5.359148025512695,8589934592,2147483648,6004703232,391184384
209,1772012850904,3204,3204,3204,3204,3204,3204,3204,3204,25,15.789472579956055,26.3157901763916,15.789472579956055,4.761904716491699,5,4.761904716491699,0,5.359148025512695,8589934592,2147483648,6006194176,391184384
208,1772012851114,3204,3204,3204,3204,3204,3204,3204,3204,20,23.809524536132813,22.72727394104004,28.571430206298828,0,0,0,0,5.359148025512695,8589934592,2147483648,6008389632,391184384
207,1772012851323,3204,3204,3204,3204,3204,3204,3204,3204,20,25,20,31.81818199157715,0,0,0,0,5.359148025512695,8589934592,2147483648,6007898112,391184384
206,1772012851531,3204,3204,3204,3204,3204,3204,3204,3204,33.333335876464844,36.3636360168457,28.571430206298828,33.333335876464844,0,0,0,0,5.537630558013916,8589934592,2147483648,6006964224,391184384
207,1772012851738,3204,3204,3204,3204,3204,3204,3204,3204,38.095237731933594,38.095237731933594,25,30.000001907348633,23.809524536132813,5,5,9.523809432983398,5.537630558013916,8589934592,2147483648,6015647744,391184384
207,1772012851946,3204,3204,3204,3204,3204,3204,3204,3204,28.571430206298828,28.571430206298828,20,15.000000953674316,5,9.523809432983398,0,0,5.537630558013916,8589934592,2147483648,5999165440,391184384
199,1772012852154,3204,3204,3204,3204,3204,3204,3204,3204,25,20,28.571430206298828,19.047618865966797,9.523809432983398,9.523809432983398,4.761904716491699,5,5.537630558013916,8589934592,2147483648,5990334464,391184384
209,1772012852354,3204,3204,3204,3204,3204,3204,3204,3204,25,15.789472579956055,15.000000953674316,9.523809432983398,9.523809432983398,20,9.523809432983398,0,5.537630558013916,8589934592,2147483648,5987926016,391184384
204,1772012852564,3204,3204,3204,3204,3204,3204,3204,3204,33.333335876464844,28.571430206298828,33.333335876464844,20,4.761904716491699,0,0,4.761904716491699,5.112181186676025,8589934592,2147483648,5988417536,391184384
200,1772012852769,3204,3204,3204,3204,3204,3204,3204,3204,30.000001907348633,23.809524536132813,33.333335876464844,23.809524536132813,0,4.545454502105713,4.761904716491699,0,5.112181186676025,8589934592,2147483648,5992349696,391184384
200,1772012852970,3204,3204,3204,3204,3204,3204,3204,3204,36.842105865478516,26.3157901763916,30.000001907348633,25,0,0,0,0,5.112181186676025,8589934592,2147483648,5994004480,391184384
204,1772012853171,3204,3204,3204,3204,3204,3204,3204,3204,28.571430206298828,25,31.57894515991211,15.000000953674316,0,0,0,0,5.112181186676025,8589934592,2147483648,5995692032,391184384
209,1772012853376,3204,3204,3204,3204,3204,3204,3204,3204,23.809524536132813,19.047618865966797,27.272727966308594,15.000000953674316,0,0,0,0,5.112181186676025,8589934592,2147483648,5994512384,391184384
201,1772012853585,3204,3204,3204,3204,3204,3204,3204,3204,33.333335876464844,23.809524536132813,25,15.000000953674316,14.285715103149414,4.761904716491699,0,9.523809432983398,5.733280181884766,8589934592,2147483648,5993512960,391184384
209,1772012853787,3204,3204,3204,3204,3204,3204,3204,3204,40,30.000001907348633,30.000001907348633,23.809524536132813,15.000000953674316,5,0,0,5.733280181884766,8589934592,2147483648,5993512960,391184384
209,1772012853997,3204,3204,3204,3204,3204,3204,3204,3204,35,28.571430206298828,23.809524536132813,20,23.809524536132813,19.047618865966797,0,0,5.733280181884766,8589934592,2147483648,5992562688,391184384
209,1772012854208,3204,3204,3204,3204,3204,3204,3204,3204,31.81818199157715,28.571430206298828,19.047618865966797,23.809524536132813,0,0,0,0,5.733280181884766,8589934592,2147483648,5994446848,391184384
202,1772012854417,3204,3204,3204,3204,3204,3204,3204,3204,25,19.047618865966797,30.000001907348633,18.18181800842285,0,4.761904716491699,4.761904716491699,0,5.733280181884766,8589934592,2147483648,5993857024,391184384
205,1772012854621,3204,3204,3204,3204,3204,3204,3204,3204,25,15.789472579956055,25,15.000000953674316,4.761904716491699,0,0,0,5.164391040802002,8589934592,2147483648,5994971136,391184384
205,1772012854826,3204,3204,3204,3204,3204,3204,3204,3204,28.571430206298828,19.047618865966797,33.333335876464844,20,0,0,0,4.761904716491699,5.164391040802002,8589934592,2147483648,5994348544,391184384
207,1772012855033,3204,3204,3204,3204,3204,3204,3204,3204,25,23.809524536132813,38.095237731933594,18.18181800842285,0,0,0,4.545454502105713,5.164391040802002,8589934592,2147483648,5995364352,391184384
202,1772012855240,3204,3204,3204,3204,3204,3204,3204,3204,30.000001907348633,33.333335876464844,28.571430206298828,20,4.761904716491699,4.761904716491699,0,0,5.164391040802002,8589934592,2147483648,5998657536,391184384
209,1772012855443,3204,3204,3204,3204,3204,3204,3204,3204,27.272727966308594,25,10.526315689086914,15.000000953674316,10.526315689086914,15.000000953674316,10,5,5.164391040802002,8589934592,2147483648,6011305984,391184384
209,1772012855653,3204,3204,3204,3204,3204,3204,3204,3204,40,42.85714340209961,38.095237731933594,42.85714340209961,30.434782028198242,27.272727966308594,28.571430206298828,20,5.700801849365234,8589934592,2147483648,6013566976,391184384
207,1772012855863,3204,3204,3204,3204,3204,3204,3204,3204,23.809524536132813,19.047618865966797,9.523809432983398,4.761904716491699,10,9.523809432983398,9.523809432983398,4.761904716491699,5.700801849365234,8589934592,2147483648,6019563520,391184384
208,1772012856071,3204,3204,3204,3204,3204,3204,3204,3204,33.333335876464844,35,30.000001907348633,23.809524536132813,28.571430206298828,15.000000953674316,18.18181800842285,4.761904716491699,5.700801849365234,8589934592,2147483648,6021857280,391184384
207,1772012856279,3204,3204,3204,3204,3204,3204,3204,3204,25,25,19.047618865966797,15.000000953674316,5,13.636363983154297,4.761904716491699,4.761904716491699,5.700801849365234,8589934592,2147483648,6020923392,391184384
207,1772012856487,3204,3204,3204,3204,3204,3204,3204,3204,31.81818199157715,22.72727394104004,19.047618865966797,14.285715103149414,4.545454502105713,0,0,0,5.596512317657471,8589934592,2147483648,6020923392,391184384
200,1772012856695,3204,3204,3204,3204,3204,3204,3204,3204,31.57894515991211,30.000001907348633,23.809524536132813,20,5,4.761904716491699,4.761904716491699,4.761904716491699,5.596512317657471,8589934592,2147483648,6020923392,391184384
207,1772012856896,3204,3204,3204,3204,3204,3204,3204,3204,20,35,19.047618865966797,23.809524536132813,0,5,0,0,5.596512317657471,8589934592,2147483648,6020923392,391184384
205,1772012857105,3204,3204,3204,3204,3204,3204,3204,3204,23.809524536132813,33.333335876464844,20,20,14.285715103149414,4.761904716491699,4.761904716491699,4.761904716491699,5.596512317657471,8589934592,2147483648,6014992384,391184384
209,1772012857310,3204,3204,3204,3204,3204,3204,3204,3204,25,25,20,19.047618865966797,9.523809432983398,5,4.761904716491699,5,5.596512317657471,8589934592,2147483648,6015057920,391184384
208,1772012857520,3204,3204,3204,3204,3204,3204,3204,3204,22.72727394104004,22.72727394104004,27.272727966308594,19.047618865966797,4.761904716491699,4.761904716491699,0,4.545454502105713,6.272326469421387,8589934592,2147483648,6015041536,391184384
209,1772012857729,3204,3204,3204,3204,3204,3204,3204,3204,21.052631378173828,20,15.789472579956055,28.571430206298828,0,0,4.545454502105713,0,6.272326469421387,8589934592,2147483648,6015221760,391184384
201,1772012857939,3204,3204,3204,3204,3204,3204,3204,3204,27.272727966308594,19.047618865966797,18.18181800842285,21.052631378173828,4.761904716491699,4.761904716491699,0,4.545454502105713,6.272326469421387,8589934592,2147483648,6014418944,391184384
209,1772012858141,3204,3204,3204,3204,3204,3204,3204,3204,33.333335876464844,25,20,28.571430206298828,14.285715103149414,20,10,5.263157844543457,6.272326469421387,8589934592,2147483648,6022873088,391184384
200,1772012858351,3204,3204,3204,3204,3204,3204,3204,3204,26.3157901763916,28.571430206298828,23.809524536132813,23.809524536132813,14.285715103149414,14.285715103149414,4.761904716491699,4.761904716491699,6.272326469421387,8589934592,2147483648,6015713280,391184384
209,1772012858552,3204,3204,3204,3204,3204,3204,3204,3204,33.333335876464844,26.3157901763916,40,15.000000953674316,10,10,5,0,5.2760491371154785,8589934592,2147483648,6017007616,391184384
206,1772012858762,3204,3204,3204,3204,3204,3204,3204,3204,28.571430206298828,19.047618865966797,19.047618865966797,19.047618865966797,4.761904716491699,14.285715103149414,0,9.523809432983398,5.2760491371154785,8589934592,2147483648,6015991808,391184384
208,1772012858969,3204,3204,3204,3204,3204,3204,3204,3204,23.809524536132813,27.272727966308594,15.000000953674316,15.000000953674316,0,0,0,0,5.2760491371154785,8589934592,2147483648,6015909888,391184384
209,1772012859178,3204,3204,3204,3204,3204,3204,3204,3204,28.571430206298828,21.052631378173828,27.272727966308594,18.18181800842285,0,0,4.545454502105713,0,5.2760491371154785,8589934592,2147483648,6019039232,391184384
207,1772012859388,3204,3204,3204,3204,3204,3204,3204,3204,28.571430206298828,31.81818199157715,25,23.809524536132813,5,9.090909004211426,0,4.761904716491699,5.2760491371154785,8589934592,2147483648,6024314880,391184384
209,1772012859596,3204,3204,3204,3204,3204,3204,3204,3204,21.052631378173828,23.809524536132813,23.809524536132813,20,4.761904716491699,4.761904716491699,9.090909004211426,0,5.552751064300537,8589934592,2147483648,6025216000,391184384
209,1772012859806,3204,3204,3204,3204,3204,3204,3204,3204,36.3636360168457,28.571430206298828,14.285715103149414,14.285715103149414,13.043478012084961,4.761904716491699,4.761904716491699,4.761904716491699,5.552751064300537,8589934592,2147483648,6025216000,391184384
203,1772012860017,3204,3204,3204,3204,3204,3204,3204,3204,30.000001907348633,15.000000953674316,19.047618865966797,19.047618865966797,0,0,0,0,5.552751064300537,8589934592,2147483648,6025216000,391184384
209,1772012860220,3204,3204,3204,3204,3204,3204,3204,3204,40,28.571430206298828,33.333335876464844,25,5,4.761904716491699,0,9.090909004211426,5.552751064300537,8589934592,2147483648,6037618688,391184384
208,1772012860431,3204,3204,3204,3204,3204,3204,3204,3204,40.90909194946289,28.571430206298828,25,28.571430206298828,14.285715103149414,9.523809432983398,4.761904716491699,9.523809432983398,5.552751064300537,8589934592,2147483648,6027083776,391184384
204,1772012860639,3204,3204,3204,3204,3204,3204,3204,3204,30.000001907348633,35,30.000001907348633,23.809524536132813,4.761904716491699,0,0,0,5.5494561195373535,8589934592,2147483648,6029590528,391184384
209,1772012860844,3204,3204,3204,3204,3204,3204,3204,3204,30.000001907348633,15.000000953674316,14.285715103149414,19.047618865966797,15.000000953674316,19.047618865966797,5,4.761904716491699,5.5494561195373535,8589934592,2147483648,6038110208,391184384
209,1772012861054,3204,3204,3204,3204,3204,3204,3204,3204,23.809524536132813,22.72727394104004,14.285715103149414,25,0,0,0,0,5.5494561195373535,8589934592,2147483648,6037454848,391184384
206,1772012861264,3204,3204,3204,3204,3204,3204,3204,3204,27.272727966308594,26.3157901763916,25,23.809524536132813,4.545454502105713,0,0,0,5.5494561195373535,8589934592,2147483648,6041763840,391184384
204,1772012861471,3204,3204,3204,3204,3204,3204,3204,3204,23.809524536132813,28.571430206298828,33.333335876464844,19.047618865966797,0,4.761904716491699,4.761904716491699,0,5.9561381340026855,8589934592,2147483648,6041845760,391184384
204,1772012861676,3204,3204,3204,3204,3204,3204,3204,3204,31.57894515991211,23.809524536132813,23.809524536132813,25,5,4.761904716491699,0,0,5.9561381340026855,8589934592,2147483648,6045204480,391184384
209,1772012861881,3204,3204,3204,3204,3204,3204,3204,3204,23.809524536132813,23.809524536132813,23.809524536132813,23.809524536132813,4.761904716491699,0,0,4.545454502105713,5.9561381340026855,8589934592,2147483648,6041485312,391184384
200,1772012862091,3204,3204,3204,3204,3204,3204,3204,3204,30.000001907348633,23.809524536132813,20,19.047618865966797,0,0,4.545454502105713,0,5.9561381340026855,8589934592,2147483648,6041239552,391184384
209,1772012862292,3204,3204,3204,3204,3204,3204,3204,3204,25,30.000001907348633,20,25,0,0,0,0,5.9561381340026855,8589934592,2147483648,6039420928,391184384
201,1772012862502,3204,3204,3204,3204,3204,3204,3204,3204,28.571430206298828,25,28.571430206298828,35,28.571430206298828,21.7391300201416,0,5,5.8054022789001465,8589934592,2147483648,6036865024,391184384
206,1772012862704,3204,3204,3204,3204,3204,3204,3204,3204,25,14.285715103149414,15.789472579956055,15.000000953674316,10,10.526315689086914,4.761904716491699,5,5.8054022789001465,8589934592,2147483648,6040715264,391184384
209,1772012862911,3204,3204,3204,3204,3204,3204,3204,3204,28.571430206298828,25,19.047618865966797,18.18181800842285,0,4.761904716491699,0,0,5.8054022789001465,8589934592,2147483648,6040485888,391184384
209,1772012863121,3204,3204,3204,3204,3204,3204,3204,3204,19.047618865966797,23.809524536132813,38.095237731933594,19.047618865966797,4.545454502105713,0,4.545454502105713,4.761904716491699,5.8054022789001465,8589934592,2147483648,6038552576,391184384
205,1772012863331,3204,3204,3204,3204,3204,3204,3204,3204,33.333335876464844,20,23.809524536132813,25,0,0,0,0,5.8054022789001465,8589934592,2147483648,6041059328,391184384
209,1772012863537,3204,3204,3204,3204,3204,3204,3204,3204,30.000001907348633,27.272727966308594,19.047618865966797,19.047618865966797,9.523809432983398,4.761904716491699,4.761904716491699,0,5.590771675109863,8589934592,2147483648,6040272896,391184384
206,1772012863747,3204,3204,3204,3204,3204,3204,3204,3204,19.047618865966797,20,19.047618865966797,28.571430206298828,0,23.809524536132813,0,0,5.590771675109863,8589934592,2147483648,6039945216,391184384
207,1772012863954,3204,3204,3204,3204,3204,3204,3204,3204,20,27.272727966308594,19.047618865966797,20,4.761904716491699,4.761904716491699,4.761904716491699,0,5.590771675109863,8589934592,2147483648,6039945216,391184384
208,1772012864162,3204,3204,3204,3204,3204,3204,3204,3204,28.571430206298828,20,20,23.809524536132813,4.761904716491699,0,0,4.761904716491699,5.590771675109863,8589934592,2147483648,6040305664,391184384
209,1772012864371,3204,3204,3204,3204,3204,3204,3204,3204,23.809524536132813,25,23.809524536132813,10,4.761904716491699,4.761904716491699,4.761904716491699,0,5.590771675109863,8589934592,2147483648,6039601152,391184384
206,1772012864581,3204,3204,3204,3204,3204,3204,3204,3204,28.571430206298828,23.809524536132813,33.333335876464844,27.272727966308594,9.523809432983398,27.272727966308594,0,8.69565200805664,5.649558067321777,8589934592,2147483648,6049824768,391184384
205,1772012864788,3204,3204,3204,3204,3204,3204,3204,3204,20,33.333335876464844,25,19.047618865966797,15.000000953674316,10,4.545454502105713,0,5.649558067321777,8589934592,2147483648,6040420352,391184384
209,1772012864994,3204,3204,3204,3204,3204,3204,3204,3204,28.571430206298828,25,19.047618865966797,28.571430206298828,13.636363983154297,5,5,4.761904716491699,5.649558067321777,8589934592,2147483648,6039568384,391184384
202,1772012865205,3204,3204,3204,3204,3204,3204,3204,3204,23.809524536132813,28.571430206298828,22.72727394104004,15.000000953674316,4.761904716491699,4.545454502105713,0,0,5.649558067321777,8589934592,2147483648,6040993792,391184384
209,1772012865407,3204,3204,3204,3204,3204,3204,3204,3204,20,20,11.111111640930176,25,10,5,5,5,5.649558067321777,8589934592,2147483648,6040911872,391184384
205,1772012865618,3204,3204,3204,3204,3204,3204,3204,3204,19.047618865966797,20,14.285715103149414,19.047618865966797,10,13.636363983154297,4.761904716491699,4.761904716491699,5.258334159851074,8589934592,2147483648,6039060480,391184384
199,1772012865824,3204,3204,3204,3204,3204,3204,3204,3204,19.047618865966797,22.72727394104004,18.18181800842285,9.523809432983398,14.285715103149414,15.000000953674316,14.285715103149414,4.761904716491699,5.258334159851074,8589934592,2147483648,6045581312,391184384
205,1772012866024,3204,3204,3204,3204,3204,3204,3204,3204,21.052631378173828,25,25,10.526315689086914,4.761904716491699,0,0,0,5.258334159851074,8589934592,2147483648,6045433856,391184384
205,1772012866231,3204,3204,3204,3204,3204,3204,3204,3204,27.272727966308594,25,30.000001907348633,19.047618865966797,0,4.761904716491699,4.761904716491699,0,5.258334159851074,8589934592,2147483648,6048006144,391184384
204,1772012866436,3204,3204,3204,3204,3204,3204,3204,3204,36.842105865478516,30.000001907348633,38.095237731933594,30.000001907348633,19.047618865966797,14.285715103149414,10,10,5.258334159851074,8589934592,2147483648,6060064768,391184384
200,1772012866641,3204,3204,3204,3204,3204,3204,3204,3204,35,33.333335876464844,25,28.571430206298828,35,20,9.523809432983398,0,5.699028968811035,8589934592,2147483648,6097698816,391184384
202,1772012866843,3204,3204,3204,3204,3204,3204,3204,3204,28.571430206298828,26.3157901763916,26.3157901763916,23.809524536132813,40,28.571430206298828,5,9.523809432983398,5.699028968811035,8589934592,2147483648,6094159872,391184384
202,1772012867045,3204,3204,3204,3204,3204,3204,3204,3204,26.3157901763916,23.809524536132813,23.809524536132813,15.000000953674316,19.047618865966797,0,0,4.761904716491699,5.699028968811035,8589934592,2147483648,6082641920,391184384
203,1772012867248,3204,3204,3204,3204,3204,3204,3204,3204,42.85714340209961,30.000001907348633,25,20,5,5,0,0,5.699028968811035,8589934592,2147483648,6115688448,391184384
200,1772012867451,3204,3204,3204,3204,3204,3204,3204,3204,35,28.571430206298828,20,15.789472579956055,15.000000953674316,10,4.761904716491699,0,5.585134506225586,8589934592,2147483648,6109757440,391184384
200,1772012867652,3204,3204,3204,3204,3204,3204,3204,3204,40,26.3157901763916,30.000001907348633,28.571430206298828,5,5,0,0,5.585134506225586,8589934592,2147483648,6113771520,391184384
204,1772012867853,3204,3204,3204,3204,3204,3204,3204,3204,65,60.000003814697266,57.894737243652344,57.894737243652344,85,80,71.42857360839844,70,5.585134506225586,8589934592,2147483648,6349225984,391184384
204,1772012868058,3204,3204,3204,3204,3204,3204,3204,3204,35,30.000001907348633,28.571430206298828,25,45,35,30.000001907348633,23.809524536132813,5.585134506225586,8589934592,2147483648,6175457280,391184384
204,1772012868262,3204,3204,3204,3204,3204,3204,3204,3204,23.809524536132813,23.809524536132813,19.047618865966797,14.285715103149414,23.809524536132813,10,0,0,5.585134506225586,8589934592,2147483648,6179454976,391184384
203,1772012868467,3204,3204,3204,3204,3204,3204,3204,3204,30.000001907348633,30.000001907348633,20,23.809524536132813,19.047618865966797,18.18181800842285,4.761904716491699,5,6.856850624084473,8589934592,2147483648,6124191744,391184384
204,1772012868671,3204,3204,3204,3204,3204,3204,3204,3204,26.3157901763916,28.571430206298828,15.000000953674316,14.285715103149414,10,25,4.761904716491699,0,6.856850624084473,8589934592,2147483648,6122962944,391184384
204,1772012868876,3204,3204,3204,3204,3204,3204,3204,3204,38.095237731933594,35,28.571430206298828,21.052631378173828,40,35,10,5,6.856850624084473,8589934592,2147483648,6168379392,391184384
204,1772012869081,3204,3204,3204,3204,3204,3204,3204,3204,25,30.000001907348633,25,20,23.809524536132813,25,5,9.090909004211426,6.856850624084473,8589934592,2147483648,6168379392,391184384
204,1772012869287,3204,3204,3204,3204,3204,3204,3204,3204,40,30.000001907348633,38.095237731933594,28.571430206298828,10,10,5,5,6.856850624084473,8589934592,2147483648,6168379392,391184384
204,1772012869491,3204,3204,3204,3204,3204,3204,3204,3204,33.333335876464844,33.333335876464844,26.3157901763916,20,23.809524536132813,18.18181800842285,9.523809432983398,4.761904716491699,9.13461971282959,8589934592,2147483648,6099173376,391184384
200,1772012869696,3204,3204,3204,3204,3204,3204,3204,3204,30.000001907348633,30.000001907348633,33.333335876464844,28.571430206298828,15.789472579956055,0,0,0,9.13461971282959,8589934592,2147483648,6099222528,391184384
202,1772012869897,3204,3204,3204,3204,3204,3204,3204,3204,35,40,40,30.000001907348633,15.000000953674316,14.285715103149414,5,4.761904716491699,9.13461971282959,8589934592,2147483648,6101893120,391184384
202,1772012870100,3204,3204,3204,3204,3204,3204,3204,3204,30.000001907348633,25,23.809524536132813,28.571430206298828,14.285715103149414,5,5,0,9.13461971282959,8589934592,2147483648,6101893120,391184384
204,1772012870303,3204,3204,3204,3204,3204,3204,3204,3204,38.095237731933594,35,21.052631378173828,20,10,15.000000953674316,9.523809432983398,9.523809432983398,9.13461971282959,8589934592,2147483648,6101893120,391184384
204,1772012870508,3204,3204,3204,3204,3204,3204,3204,3204,31.57894515991211,30.000001907348633,28.571430206298828,36.842105865478516,42.85714340209961,55,28.571430206298828,25,6.803444862365723,8589934592,2147483648,6098223104,391184384
200,1772012870713,3204,3204,3204,3204,3204,3204,3204,3204,33.333335876464844,23.809524536132813,23.809524536132813,28.571430206298828,5,4.761904716491699,5,4.761904716491699,6.803444862365723,8589934592,2147483648,6109347840,391184384
204,1772012870914,3204,3204,3204,3204,3204,3204,3204,3204,30.000001907348633,35,20,20,20,20,5.263157844543457,5,6.803444862365723,8589934592,2147483648,6124175360,391184384
200,1772012871119,3204,3204,3204,3204,3204,3204,3204,3204,25,23.809524536132813,26.3157901763916,15.000000953674316,19.047618865966797,20,4.761904716491699,0,6.803444862365723,8589934592,2147483648,6106890240,391184384
200,1772012871320,3204,3204,3204,3204,3204,3204,3204,3204,33.333335876464844,25,40,25,0,4.761904716491699,9.523809432983398,4.761904716491699,6.803444862365723,8589934592,2147483648,6106103808,391184384
200,1772012871521,3204,3204,3204,3204,3204,3204,3204,3204,35,26.3157901763916,20,15.000000953674316,5,5,0,0,6.877833843231201,8589934592,2147483648,6104039424,391184384
204,1772012871722,3204,3204,3204,3204,3204,3204,3204,3204,26.3157901763916,30.000001907348633,33.333335876464844,20,0,0,0,4.761904716491699,6.877833843231201,8589934592,2147483648,6103138304,391184384
200,1772012871926,3204,3204,3204,3204,3204,3204,3204,3204,40,30.000001907348633,23.809524536132813,30.000001907348633,14.285715103149414,15.000000953674316,5,0,6.877833843231201,8589934592,2147483648,6119997440,391184384
204,1772012872127,3204,3204,3204,3204,3204,3204,3204,3204,28.571430206298828,28.571430206298828,16.666667938232422,15.000000953674316,15.000000953674316,33.333335876464844,5,0,6.877833843231201,8589934592,2147483648,6159122432,391184384
202,1772012872332,3204,3204,3204,3204,3204,3204,3204,3204,26.3157901763916,21.052631378173828,23.809524536132813,20,14.285715103149414,0,4.761904716491699,0,6.877833843231201,8589934592,2147483648,6162284544,391184384
204,1772012872535,3204,3204,3204,3204,3204,3204,3204,3204,33.333335876464844,30.000001907348633,28.571430206298828,27.272727966308594,0,4.761904716491699,0,0,6.066292762756348,8589934592,2147483648,6161924096,391184384
203,1772012872740,3204,3204,3204,3204,3204,3204,3204,3204,33.333335876464844,31.81818199157715,20,20,27.272727966308594,5,4.761904716491699,4.761904716491699,6.066292762756348,8589934592,2147483648,6177406976,391184384
200,1772012872944,3204,3204,3204,3204,3204,3204,3204,3204,36.842105865478516,30.000001907348633,30.000001907348633,30.000001907348633,36.842105865478516,31.57894515991211,15.000000953674316,9.523809432983398,6.066292762756348,8589934592,2147483648,6184828928,391184384
204,1772012873144,3204,3204,3204,3204,3204,3204,3204,3204,55,57.894737243652344,55,60.000003814697266,60.000003814697266,50,40,35,6.066292762756348,8589934592,2147483648,6252593152,391184384
201,1772012873349,3204,3204,3204,3204,3204,3204,3204,3204,57.142860412597656,52.38095474243164,50,50,35,42.85714340209961,20,5,6.066292762756348,8589934592,2147483648,6283673600,391184384
204,1772012873551,3204,3204,3204,3204,3204,3204,3204,3204,47.36842346191406,40,45,40,45,63.15789031982422,57.894737243652344,20,6.338028430938721,8589934592,2147483648,6311198720,391184384
200,1772012873756,3204,3204,3204,3204,3204,3204,3204,3204,50,52.38095474243164,40,47.619049072265625,45.45454788208008,59.09090805053711,18.18181800842285,9.523809432983398,6.338028430938721,8589934592,2147483648,6381944832,391184384
199,1772012873957,3204,3204,3204,3204,3204,3204,3204,3204,68.42105102539063,57.894737243652344,57.142860412597656,52.6315803527832,77.77777862548828,52.6315803527832,45,30.000001907348633,6.338028430938721,8589934592,2147483648,6446530560,391184384
202,1772012874157,3204,3204,3204,3204,3204,3204,3204,3204,66.66667175292969,65,70,63.15789031982422,71.42857360839844,80,75,65,6.338028430938721,8589934592,2147483648,6446530560,391184384
201,1772012874361,3204,3204,3204,3204,3204,3204,3204,3204,68.42105102539063,66.66667175292969,60.000003814697266,59.09090805053711,80,80,70,75,6.338028430938721,8589934592,2147483648,6446530560,391184384
199,1772012874563,3204,3204,3204,3204,3204,3204,3204,3204,90,89.47368621826172,85,85,89.47368621826172,95,85,90,9.752854347229004,8589934592,2147483648,6502793216,391184384
200,1772012874763,3204,3204,3204,3204,3204,3204,3204,3204,100,100,100,100,100,100,100,100,9.752854347229004,8589934592,2147483648,6519816192,391184384
204,1772012874964,3204,3204,3204,3204,3204,3204,3204,3204,100,100,100,100,85.71428680419922,90,90,90,9.752854347229004,8589934592,2147483648,6519816192,391184384
201,1772012875169,3204,3204,3204,3204,3204,3204,3204,3204,100,100,100,100,76.19047546386719,85,66.66667175292969,61.904762268066406,9.752854347229004,8589934592,2147483648,6519816192,391184384
204,1772012875370,3204,3204,3204,3204,3204,3204,3204,3204,89.47368621826172,85.71428680419922,90.47618865966797,85,57.894737243652344,71.42857360839844,45,35,9.752854347229004,8589934592,2147483648,6519816192,391184384
200,1772012875576,3204,3204,3204,3204,3204,3204,3204,3204,80,78.94737243652344,73.68421173095703,71.42857360839844,57.142860412597656,60.000003814697266,78.94737243652344,50,16.854360580444336,8589934592,2147483648,6457999360,391184384
204,1772012875777,3204,3204,3204,3204,3204,3204,3204,3204,61.904762268066406,66.66667175292969,57.142860412597656,50,63.15789031982422,57.142860412597656,42.85714340209961,10.526315689086914,16.854360580444336,8589934592,2147483648,6448021504,391184384
203,1772012875981,3204,3204,3204,3204,3204,3204,3204,3204,65,60.000003814697266,50,60.000003814697266,42.85714340209961,30.000001907348633,42.105262756347656,4.761904716491699,16.854360580444336,8589934592,2147483648,6423085056,391184384
200,1772012876186,3204,3204,3204,3204,3204,3204,3204,3204,95,95.23809814453125,100,95.23809814453125,85,80.95238494873047,80.95238494873047,76.19047546386719,16.854360580444336,8589934592,2147483648,6423085056,391184384
204,1772012876386,3204,3204,3204,3204,3204,3204,3204,3204,100,100,100,100,60.000003814697266,60.000003814697266,50,50,16.854360580444336,8589934592,2147483648,6423085056,391184384
200,1772012876591,3204,3204,3204,3204,3204,3204,3204,3204,95,95,90,94.73684692382813,95,94.73684692382813,90,85,19.93916893005371,8589934592,2147483648,6482837504,391184384
204,1772012876792,3204,3204,3204,3204,3204,3204,3204,3204,90.47618865966797,95,95,90.47618865966797,80.95238494873047,76.19047546386719,80.95238494873047,65,19.93916893005371,8589934592,2147483648,6532562944,391184384
204,1772012876996,3204,3204,3204,3204,3204,3204,3204,3204,84.21052551269531,95,80,80,85,45,33.333335876464844,9.523809432983398,19.93916893005371,8589934592,2147483648,6543409152,391184384
200,1772012877202,3204,3204,3204,3204,3204,3204,3204,3204,66.66667175292969,61.904762268066406,60.000003814697266,61.904762268066406,60.000003814697266,28.571430206298828,10.526315689086914,35,19.93916893005371,8589934592,2147483648,6511247360,391184384
201,1772012877402,3204,3204,3204,3204,3204,3204,3204,3204,36.842105865478516,31.57894515991211,28.571430206298828,25,40,44.4444465637207,33.333335876464844,38.095237731933594,19.93916893005371,8589934592,2147483648,6511247360,391184384
204,1772012877604,3204,3204,3204,3204,3204,3204,3204,3204,57.142860412597656,47.619049072265625,45,42.105262756347656,30.000001907348633,33.333335876464844,20,15.789472579956055,16.150285720825195,8589934592,2147483648,6514950144,391184384
201,1772012877809,3204,3204,3204,3204,3204,3204,3204,3204,80,75,85,85.71428680419922,25,14.285715103149414,9.523809432983398,9.523809432983398,16.150285720825195,8589934592,2147483648,6535086080,391184384
202,1772012878011,3204,3204,3204,3204,3204,3204,3204,3204,55,50,50,40,40,30.000001907348633,15.789472579956055,0,16.150285720825195,8589934592,2147483648,6542082048,391184384
201,1772012878214,3204,3204,3204,3204,3204,3204,3204,3204,35,33.333335876464844,33.333335876464844,28.571430206298828,40,33.333335876464844,19.047618865966797,18.18181800842285,16.150285720825195,8589934592,2147483648,6522093568,391184384
201,1772012878417,3204,3204,3204,3204,3204,3204,3204,3204,45,40,26.3157901763916,30.000001907348633,14.285715103149414,0,0,0,16.150285720825195,8589934592,2147483648,6513377280,391184384
204,1772012878619,3204,3204,3204,3204,3204,3204,3204,3204,52.38095474243164,50,45,45,30.000001907348633,20,5,0,14.295116424560547,8589934592,2147483648,6483116032,391184384
203,1772012878824,3204,3204,3204,3204,3204,3204,3204,3204,85,85,85.71428680419922,85.71428680419922,14.285715103149414,9.523809432983398,9.523809432983398,4.761904716491699,14.295116424560547,8589934592,2147483648,6453968896,391184384
204,1772012879028,3204,3204,3204,3204,3204,3204,3204,3204,60.000003814697266,57.142860412597656,47.619049072265625,55,0,0,0,0,14.295116424560547,8589934592,2147483648,6426443776,391184384
204,1772012879233,3204,3204,3204,3204,3204,3204,3204,3204,65,55,70,52.38095474243164,4.761904716491699,0,0,0,14.295116424560547,8589934592,2147483648,6423166976,391184384
203,1772012879437,3204,3204,3204,3204,3204,3204,3204,3204,100,100,95.23809814453125,100,26.3157901763916,22.72727394104004,25,9.523809432983398,14.295116424560547,8589934592,2147483648,6410731520,391184384
204,1772012879641,3204,3204,3204,3204,3204,3204,3204,3204,90,94.73684692382813,94.73684692382813,90,52.38095474243164,40,40,30.000001907348633,7.762839317321777,8589934592,2147483648,6432325632,391184384
200,1772012879846,3204,3204,3204,3204,3204,3204,3204,3204,80,75,75,70,33.333335876464844,15.000000953674316,19.047618865966797,5,7.762839317321777,8589934592,2147483648,6482624512,391184384
204,1772012880047,3204,3204,3204,3204,3204,3204,3204,3204,85.71428680419922,70,76.19047546386719,61.904762268066406,0,0,0,4.761904716491699,7.762839317321777,8589934592,2147483648,6497665024,391184384
198,1772012880254,3204,3204,3204,3204,3204,3204,3204,3204,70,55,76.19047546386719,55,0,0,0,0,7.762839317321777,8589934592,2147483648,6497665024,391184384
204,1772012880453,3204,3204,3204,3204,3204,3204,3204,3204,65,61.904762268066406,63.15789031982422,60.000003814697266,5.263157844543457,14.285715103149414,5,0,7.450689792633057,8589934592,2147483648,6497665024,391184384
202,1772012880658,3204,3204,3204,3204,3204,3204,3204,3204,55,61.904762268066406,57.142860412597656,50,9.090909004211426,0,0,0,7.450689792633057,8589934592,2147483648,6489571328,391184384
204,1772012880861,3204,3204,3204,3204,3204,3204,3204,3204,61.904762268066406,60.000003814697266,66.66667175292969,52.38095474243164,5.263157844543457,5,5,4.761904716491699,7.450689792633057,8589934592,2147483648,6513639424,391184384
202,1772012881066,3204,3204,3204,3204,3204,3204,3204,3204,63.15789031982422,65,52.6315803527832,57.894737243652344,19.047618865966797,19.047618865966797,14.285715103149414,10,7.450689792633057,8589934592,2147483648,6484115456,391184384
201,1772012881270,3204,3204,3204,3204,3204,3204,3204,3204,95.23809814453125,95.23809814453125,95,90,4.761904716491699,5,0,4.761904716491699,7.450689792633057,8589934592,2147483648,6549782528,391184384
200,1772012881472,3204,3204,3204,3204,3204,3204,3204,3204,80,85,80.95238494873047,80.95238494873047,21.052631378173828,10,0,0,8.40495777130127,8589934592,2147483648,6564265984,391184384
205,1772012881672,3204,3204,3204,3204,3204,3204,3204,3204,75,73.68421173095703,78.94737243652344,75,5,0,5,0,8.40495777130127,8589934592,2147483648,6577668096,391184384
200,1772012881877,3204,3204,3204,3204,3204,3204,3204,3204,61.904762268066406,61.904762268066406,52.38095474243164,50,10,30.000001907348633,0,5,8.40495777130127,8589934592,2147483648,6583500800,391184384
203,1772012882078,3204,3204,3204,3204,3204,3204,3204,3204,70,60.000003814697266,70,70,4.761904716491699,4.761904716491699,0,0,8.40495777130127,8589934592,2147483648,6583959552,391184384
203,1772012882282,3204,3204,3204,3204,3204,3204,3204,3204,52.6315803527832,60.000003814697266,45,45,5,5,4.761904716491699,4.761904716491699,8.40495777130127,8589934592,2147483648,6578634752,391184384
204,1772012882486,3204,3204,3204,3204,3204,3204,3204,3204,66.66667175292969,60.000003814697266,60.000003814697266,61.904762268066406,9.523809432983398,5,4.761904716491699,0,6.932324409484863,8589934592,2147483648,6578634752,391184384
203,1772012882691,3204,3204,3204,3204,3204,3204,3204,3204,23.809524536132813,25,23.809524536132813,15.000000953674316,25,19.047618865966797,10,10,6.932324409484863,8589934592,2147483648,6530547712,391184384
203,1772012882895,3204,3204,3204,3204,3204,3204,3204,3204,35,40.90909194946289,25,30.000001907348633,20,15.000000953674316,10,9.523809432983398,6.932324409484863,8589934592,2147483648,6538788864,391184384
203,1772012883099,3204,3204,3204,3204,3204,3204,3204,3204,25,25,23.809524536132813,19.047618865966797,23.809524536132813,10,9.523809432983398,0,6.932324409484863,8589934592,2147483648,6536904704,391184384
204,1772012883303,3204,3204,3204,3204,3204,3204,3204,3204,26.3157901763916,25,21.052631378173828,20,21.052631378173828,14.285715103149414,5,4.761904716491699,6.932324409484863,8589934592,2147483648,6537166848,391184384
202,1772012883508,3204,3204,3204,3204,3204,3204,3204,3204,45.45454788208008,45,33.333335876464844,40,14.285715103149414,5,10,5,6.4353790283203125,8589934592,2147483648,6537166848,391184384
204,1772012883711,3204,3204,3204,3204,3204,3204,3204,3204,40,30.000001907348633,35,28.571430206298828,14.285715103149414,28.571430206298828,4.761904716491699,0,6.4353790283203125,8589934592,2147483648,6541541376,391184384
204,1772012883916,3204,3204,3204,3204,3204,3204,3204,3204,50,52.38095474243164,47.619049072265625,45,52.38095474243164,40,35,33.333335876464844,6.4353790283203125,8589934592,2147483648,6522290176,391184384
200,1772012884121,3204,3204,3204,3204,3204,3204,3204,3204,19.047618865966797,15.789472579956055,15.000000953674316,9.523809432983398,15.789472579956055,15.000000953674316,9.523809432983398,5,6.4353790283203125,8589934592,2147483648,6513000448,391184384
204,1772012884322,3204,3204,3204,3204,3204,3204,3204,3204,30.000001907348633,30.000001907348633,30.000001907348633,21.052631378173828,0,0,0,0,6.4353790283203125,8589934592,2147483648,6513000448,391184384
201,1772012884527,3204,3204,3204,3204,3204,3204,3204,3204,25,22.72727394104004,15.000000953674316,9.523809432983398,28.571430206298828,52.38095474243164,4.761904716491699,4.761904716491699,5.9905009269714355,8589934592,2147483648,6513000448,391184384
204,1772012884729,3204,3204,3204,3204,3204,3204,3204,3204,15.789472579956055,31.57894515991211,20,15.000000953674316,15.000000953674316,38.095237731933594,5,5,5.9905009269714355,8589934592,2147483648,6511575040,391184384
204,1772012884934,3204,3204,3204,3204,3204,3204,3204,3204,38.095237731933594,30.000001907348633,23.809524536132813,19.047618865966797,4.761904716491699,0,0,0,5.9905009269714355,8589934592,2147483648,6517882880,391184384
204,1772012885139,3204,3204,3204,3204,3204,3204,3204,3204,38.095237731933594,30.000001907348633,28.571430206298828,30.000001907348633,15.000000953674316,5,5,4.761904716491699,5.9905009269714355,8589934592,2147483648,6518112256,391184384
200,1772012885344,3204,3204,3204,3204,3204,3204,3204,3204,26.3157901763916,31.81818199157715,26.3157901763916,25,25,14.285715103149414,4.761904716491699,0,5.9905009269714355,8589934592,2147483648,6516260864,391184384
204,1772012885544,3204,3204,3204,3204,3204,3204,3204,3204,30.000001907348633,25,15.000000953674316,19.047618865966797,10,5.263157844543457,10,0,6.883264064788818,8589934592,2147483648,6518308864,391184384
201,1772012885749,3204,3204,3204,3204,3204,3204,3204,3204,38.095237731933594,35,28.571430206298828,15.789472579956055,4.761904716491699,4.761904716491699,0,0,6.883264064788818,8589934592,2147483648,6519947264,391184384
204,1772012885951,3204,3204,3204,3204,3204,3204,3204,3204,71.42857360839844,80,70,65,10,5,4.761904716491699,14.285715103149414,6.883264064788818,8589934592,2147483648,6520651776,391184384
203,1772012886156,3204,3204,3204,3204,3204,3204,3204,3204,100,100,100,100,20,30.000001907348633,5,5,6.883264064788818,8589934592,2147483648,6504988672,391184384
204,1772012886360,3204,3204,3204,3204,3204,3204,3204,3204,36.842105865478516,35,38.095237731933594,36.3636360168457,19.047618865966797,4.761904716491699,0,0,6.883264064788818,8589934592,2147483648,6513295360,391184384
199,1772012886565,3204,3204,3204,3204,3204,3204,3204,3204,38.095237731933594,38.095237731933594,35,30.000001907348633,4.761904716491699,0,0,0,6.9527764320373535,8589934592,2147483648,6513295360,391184384
204,1772012886765,3204,3204,3204,3204,3204,3204,3204,3204,60.000003814697266,55,55,50,16.666667938232422,9.523809432983398,0,4.761904716491699,6.9527764320373535,8589934592,2147483648,6496845824,391184384
204,1772012886969,3204,3204,3204,3204,3204,3204,3204,3204,25,25,25,20,33.333335876464844,15.000000953674316,14.285715103149414,5,6.9527764320373535,8589934592,2147483648,6496894976,391184384
204,1772012887174,3204,3204,3204,3204,3204,3204,3204,3204,30.000001907348633,30.000001907348633,23.809524536132813,23.809524536132813,9.523809432983398,4.761904716491699,0,0,6.9527764320373535,8589934592,2147483648,6496894976,391184384
204,1772012887379,3204,3204,3204,3204,3204,3204,3204,3204,28.571430206298828,25,25,21.052631378173828,30.000001907348633,5,4.761904716491699,0,6.9527764320373535,8589934592,2147483648,6496894976,391184384
203,1772012887585,3204,3204,3204,3204,3204,3204,3204,3204,28.571430206298828,28.571430206298828,23.809524536132813,20,20,10,9.523809432983398,9.090909004211426,6.61081075668335,8589934592,2147483648,6496894976,391184384
204,1772012887789,3204,3204,3204,3204,3204,3204,3204,3204,30.000001907348633,31.57894515991211,25,27.272727966308594,25,10,0,0,6.61081075668335,8589934592,2147483648,6490259456,391184384
200,1772012887993,3204,3204,3204,3204,3204,3204,3204,3204,21.052631378173828,22.72727394104004,20,15.000000953674316,19.047618865966797,10,10,5,6.61081075668335,8589934592,2147483648,6492684288,391184384
202,1772012888195,3204,3204,3204,3204,3204,3204,3204,3204,40,40,30.000001907348633,25,14.285715103149414,19.047618865966797,10,5,6.61081075668335,8589934592,2147483648,6498811904,391184384
204,1772012888397,3204,3204,3204,3204,3204,3204,3204,3204,40.90909194946289,42.105262756347656,30.000001907348633,40,30.000001907348633,20,5,5,6.61081075668335,8589934592,2147483648,6498811904,391184384
204,1772012888602,3204,3204,3204,3204,3204,3204,3204,3204,26.3157901763916,28.571430206298828,31.81818199157715,15.789472579956055,35,19.047618865966797,14.285715103149414,18.18181800842285,5.934966087341309,8589934592,2147483648,6498811904,391184384
201,1772012888807,3204,3204,3204,3204,3204,3204,3204,3204,28.571430206298828,28.571430206298828,26.3157901763916,28.571430206298828,5,0,5,0,5.934966087341309,8589934592,2147483648,6482051072,391184384
204,1772012889009,3204,3204,3204,3204,3204,3204,3204,3204,25,25,23.809524536132813,20,25,5,4.761904716491699,0,5.934966087341309,8589934592,2147483648,6483656704,391184384
204,1772012889214,3204,3204,3204,3204,3204,3204,3204,3204,35,35,25,19.047618865966797,5,9.090909004211426,0,4.761904716491699,5.934966087341309,8589934592,2147483648,6482198528,391184384
200,1772012889419,3204,3204,3204,3204,3204,3204,3204,3204,35,30.000001907348633,25,25,0,0,0,0,5.934966087341309,8589934592,2147483648,6485180416,391184384
199,1772012889620,3204,3204,3204,3204,3204,3204,3204,3204,42.85714340209961,26.3157901763916,25,28.571430206298828,0,0,0,0,6.089896202087402,8589934592,2147483648,6483771392,391184384
204,1772012889821,3204,3204,3204,3204,3204,3204,3204,3204,45,42.85714340209961,36.842105865478516,26.3157901763916,19.047618865966797,15.000000953674316,4.761904716491699,0,6.089896202087402,8589934592,2147483648,6488555520,391184384
201,1772012890025,3204,3204,3204,3204,3204,3204,3204,3204,30.000001907348633,28.571430206298828,28.571430206298828,33.333335876464844,15.000000953674316,0,0,0,6.089896202087402,8589934592,2147483648,6453444608,391184384
200,1772012890228,3204,3204,3204,3204,3204,3204,3204,3204,21.052631378173828,21.052631378173828,20,15.000000953674316,20,5,5,5,6.089896202087402,8589934592,2147483648,6454181888,391184384
204,1772012890428,3204,3204,3204,3204,3204,3204,3204,3204,33.333335876464844,38.095237731933594,38.095237731933594,26.3157901763916,35,30.000001907348633,10,10.526315689086914,6.089896202087402,8589934592,2147483648,6456688640,391184384
204,1772012890634,3204,3204,3204,3204,3204,3204,3204,3204,26.3157901763916,30.000001907348633,20,23.809524536132813,23.809524536132813,14.285715103149414,10,0,5.702216148376465,8589934592,2147483648,6456475648,391184384
202,1772012890839,3204,3204,3204,3204,3204,3204,3204,3204,38.095237731933594,35,35,30.000001907348633,20,9.523809432983398,9.090909004211426,9.090909004211426,5.702216148376465,8589934592,2147483648,6453460992,391184384
201,1772012891041,3204,3204,3204,3204,3204,3204,3204,3204,30.000001907348633,25,20,23.809524536132813,20,15.000000953674316,5,5,5.702216148376465,8589934592,2147483648,6432604160,391184384
202,1772012891243,3204,3204,3204,3204,3204,3204,3204,3204,60.000003814697266,61.904762268066406,50,52.38095474243164,50,45,20,14.285715103149414,5.702216148376465,8589934592,2147483648,6432604160,391184384
204,1772012891446,3204,3204,3204,3204,3204,3204,3204,3204,71.42857360839844,60.000003814697266,70,68.42105102539063,35,52.38095474243164,10,0,5.852550983428955,8589934592,2147483648,6432604160,391184384
202,1772012891651,3204,3204,3204,3204,3204,3204,3204,3204,60.000003814697266,55,50,52.38095474243164,25,55,15.000000953674316,9.523809432983398,5.852550983428955,8589934592,2147483648,6432604160,391184384
196,1772012891858,3204,3204,3204,3204,3204,3204,3204,3204,25,19.047618865966797,15.000000953674316,15.000000953674316,38.095237731933594,35,19.047618865966797,5,5.852550983428955,8589934592,2147483648,6528335872,391184384
200,1772012892054,3204,3204,3204,3204,3204,3204,3204,3204,26.3157901763916,26.3157901763916,26.3157901763916,21.052631378173828,31.57894515991211,20,10,5,5.852550983428955,8589934592,2147483648,6524452864,391184384
204,1772012892255,3204,3204,3204,3204,3204,3204,3204,3204,23.809524536132813,35,20,23.809524536132813,5,0,0,0,5.852550983428955,8589934592,2147483648,6517587968,391184384
204,1772012892460,3204,3204,3204,3204,3204,3204,3204,3204,35,35,30.000001907348633,35,28.571430206298828,20,15.000000953674316,23.809524536132813,8.145724296569824,8589934592,2147483648,6501548032,391184384
203,1772012892666,3204,3204,3204,3204,3204,3204,3204,3204,30.000001907348633,33.333335876464844,19.047618865966797,23.809524536132813,23.809524536132813,10,0,0,8.145724296569824,8589934592,2147483648,6501548032,391184384
204,1772012892869,3204,3204,3204,3204,3204,3204,3204,3204,35,31.57894515991211,26.3157901763916,30.000001907348633,26.3157901763916,14.285715103149414,5,0,8.145724296569824,8589934592,2147483648,6490554368,391184384
204,1772012893074,3204,3204,3204,3204,3204,3204,3204,3204,33.333335876464844,28.571430206298828,27.272727966308594,15.000000953674316,28.571430206298828,15.000000953674316,10,9.523809432983398,8.145724296569824,8589934592,2147483648,6490603520,391184384
200,1772012893279,3204,3204,3204,3204,3204,3204,3204,3204,28.571430206298828,33.333335876464844,30.000001907348633,28.571430206298828,25,9.523809432983398,4.761904716491699,0,8.145724296569824,8589934592,2147483648,6419382272,391184384
204,1772012893480,3204,3204,3204,3204,3204,3204,3204,3204,31.57894515991211,35,26.3157901763916,25,25,20,10,5,8.176589965820313,8589934592,2147483648,6418268160,391184384
204,1772012893685,3204,3204,3204,3204,3204,3204,3204,3204,35,25,23.809524536132813,25,23.809524536132813,20,14.285715103149414,4.761904716491699,8.176589965820313,8589934592,2147483648,6418907136,391184384
199,1772012893891,3204,3204,3204,3204,3204,3204,3204,3204,36.3636360168457,45,28.571430206298828,28.571430206298828,0,0,0,0,8.176589965820313,8589934592,2147483648,6417252352,391184384
201,1772012894090,3204,3204,3204,3204,3204,3204,3204,3204,33.333335876464844,30.000001907348633,30.000001907348633,25,15.000000953674316,5,0,0,8.176589965820313,8589934592,2147483648,6419300352,391184384
201,1772012894292,3204,3204,3204,3204,3204,3204,3204,3204,33.333335876464844,30.000001907348633,26.3157901763916,26.3157901763916,21.052631378173828,9.523809432983398,5,4.761904716491699,8.176589965820313,8589934592,2147483648,6423330816,391184384
203,1772012894495,3204,3204,3204,3204,3204,3204,3204,3204,75,75,70,70,14.285715103149414,5,0,0,5.964216232299805,8589934592,2147483648,6452002816,391184384
203,1772012894698,3204,3204,3204,3204,3204,3204,3204,3204,57.142860412597656,55,57.142860412597656,42.85714340209961,23.809524536132813,15.000000953674316,10,0,5.964216232299805,8589934592,2147483648,6483214336,391184384
204,1772012894903,3204,3204,3204,3204,3204,3204,3204,3204,55,52.38095474243164,45,40,15.789472579956055,9.523809432983398,0,0,5.964216232299805,8589934592,2147483648,6511443968,391184384
204,1772012895108,3204,3204,3204,3204,3204,3204,3204,3204,47.36842346191406,36.842105865478516,38.095237731933594,42.85714340209961,33.333335876464844,20,9.090909004211426,4.761904716491699,5.964216232299805,8589934592,2147483648,6515146752,391184384
204,1772012895313,3204,3204,3204,3204,3204,3204,3204,3204,57.142860412597656,52.38095474243164,47.619049072265625,45,4.545454502105713,0,0,0,5.964216232299805,8589934592,2147483648,6517538816,391184384
203,1772012895518,3204,3204,3204,3204,3204,3204,3204,3204,60.000003814697266,57.142860412597656,50,45,21.052631378173828,5.263157844543457,9.523809432983398,4.761904716491699,5.920572280883789,8589934592,2147483648,6517538816,391184384
204,1772012895722,3204,3204,3204,3204,3204,3204,3204,3204,42.85714340209961,31.57894515991211,26.3157901763916,20,40.90909194946289,23.809524536132813,5.263157844543457,4.761904716491699,5.920572280883789,8589934592,2147483648,6517538816,391184384
204,1772012895927,3204,3204,3204,3204,3204,3204,3204,3204,36.842105865478516,33.333335876464844,30.000001907348633,27.272727966308594,21.052631378173828,14.285715103149414,14.285715103149414,5,5.920572280883789,8589934592,2147483648,6603194368,391184384
204,1772012896132,3204,3204,3204,3204,3204,3204,3204,3204,40,35,33.333335876464844,16.666667938232422,35,15.000000953674316,10,4.761904716491699,5.920572280883789,8589934592,2147483648,6606749696,391184384
200,1772012896337,3204,3204,3204,3204,3204,3204,3204,3204,76.19047546386719,75,80.95238494873047,71.42857360839844,4.761904716491699,0,4.545454502105713,0,5.920572280883789,8589934592,2147483648,6606749696,391184384
204,1772012896538,3204,3204,3204,3204,3204,3204,3204,3204,38.095237731933594,33.333335876464844,35,28.571430206298828,5,0,0,0,6.9711594581604,8589934592,2147483648,6606749696,391184384
200,1772012896743,3204,3204,3204,3204,3204,3204,3204,3204,47.36842346191406,45,40,35,42.85714340209961,47.619049072265625,5.263157844543457,10,6.9711594581604,8589934592,2147483648,6606749696,391184384
204,1772012896944,3204,3204,3204,3204,3204,3204,3204,3204,40,35,30.000001907348633,25,36.842105865478516,35,33.333335876464844,15.000000953674316,6.9711594581604,8589934592,2147483648,6589513728,391184384
204,1772012897149,3204,3204,3204,3204,3204,3204,3204,3204,23.809524536132813,23.809524536132813,31.57894515991211,19.047618865966797,47.619049072265625,35,30.000001907348633,15.000000953674316,6.9711594581604,8589934592,2147483648,6578356224,391184384
204,1772012897353,3204,3204,3204,3204,3204,3204,3204,3204,35,26.3157901763916,31.81818199157715,20,60.000003814697266,4.761904716491699,0,0,6.9711594581604,8589934592,2147483648,6556876800,391184384
204,1772012897559,3204,3204,3204,3204,3204,3204,3204,3204,35,30.000001907348633,35,35,55,14.285715103149414,9.090909004211426,18.18181800842285,7.130425453186035,8589934592,2147483648,6562136064,391184384
199,1772012897764,3204,3204,3204,3204,3204,3204,3204,3204,25,31.81818199157715,30.000001907348633,28.571430206298828,80.95238494873047,0,0,0,7.130425453186035,8589934592,2147483648,6559154176,391184384
201,1772012897964,3204,3204,3204,3204,3204,3204,3204,3204,28.571430206298828,21.052631378173828,30.000001907348633,21.052631378173828,89.47368621826172,0,0,0,7.130425453186035,8589934592,2147483648,6551650304,391184384
201,1772012898166,3204,3204,3204,3204,3204,3204,3204,3204,21.052631378173828,40,19.047618865966797,19.047618865966797,60.000003814697266,10.526315689086914,21.052631378173828,0,7.130425453186035,8589934592,2147483648,6546718720,391184384
200,1772012898367,3204,3204,3204,3204,3204,3204,3204,3204,28.571430206298828,40,22.22222328186035,15.000000953674316,52.38095474243164,33.333335876464844,9.523809432983398,0,7.130425453186035,8589934592,2147483648,6524518400,391184384
204,1772012898568,3204,3204,3204,3204,3204,3204,3204,3204,26.3157901763916,35,28.571430206298828,15.789472579956055,65,0,0,0,9.818009376525879,8589934592,2147483648,6536577024,391184384
203,1772012898773,3204,3204,3204,3204,3204,3204,3204,3204,28.571430206298828,35,25,22.72727394104004,25,9.523809432983398,14.285715103149414,5,9.818009376525879,8589934592,2147483648,6531858432,391184384
204,1772012898977,3204,3204,3204,3204,3204,3204,3204,3204,30.000001907348633,38.095237731933594,33.333335876464844,31.57894515991211,60.000003814697266,5,20,0,9.818009376525879,8589934592,2147483648,6527860736,391184384
203,1772012899183,3204,3204,3204,3204,3204,3204,3204,3204,35,20,20,23.809524536132813,42.85714340209961,4.761904716491699,0,0,9.818009376525879,8589934592,2147483648,6526205952,391184384
201,1772012899386,3204,3204,3204,3204,3204,3204,3204,3204,30.000001907348633,28.571430206298828,23.809524536132813,30.000001907348633,65,0,4.761904716491699,4.761904716491699,9.818009376525879,8589934592,2147483648,6528925696,391184384
204,1772012899589,3204,3204,3204,3204,3204,3204,3204,3204,30.000001907348633,30.000001907348633,40,25,66.66667175292969,5,0,0,10.258971214294434,8589934592,2147483648,6531481600,391184384
203,1772012899793,3204,3204,3204,3204,3204,3204,3204,3204,47.619049072265625,30.000001907348633,31.57894515991211,25,55,0,0,0,10.258971214294434,8589934592,2147483648,6531481600,391184384
200,1772012899997,3204,3204,3204,3204,3204,3204,3204,3204,35,40,28.571430206298828,25,50,9.523809432983398,0,0,10.258971214294434,8589934592,2147483648,6506053632,391184384
204,1772012900198,3204,3204,3204,3204,3204,3204,3204,3204,36.842105865478516,35,30.000001907348633,23.809524536132813,65,10.526315689086914,4.761904716491699,0,10.258971214294434,8589934592,2147483648,6509199360,391184384
203,1772012900403,3204,3204,3204,3204,3204,3204,3204,3204,42.85714340209961,35,28.571430206298828,25,42.85714340209961,4.761904716491699,0,0,10.258971214294434,8589934592,2147483648,6509199360,391184384
204,1772012900607,3204,3204,3204,3204,3204,3204,3204,3204,28.571430206298828,30.000001907348633,25,20,60.000003814697266,5,0,0,9.42173957824707,8589934592,2147483648,6509199360,391184384
204,1772012900812,3204,3204,3204,3204,3204,3204,3204,3204,25,28.571430206298828,20,23.809524536132813,60.000003814697266,9.090909004211426,0,0,9.42173957824707,8589934592,2147483648,6509199360,391184384
202,1772012901017,3204,3204,3204,3204,3204,3204,3204,3204,36.842105865478516,25,25,33.333335876464844,71.42857360839844,5,4.761904716491699,5,9.42173957824707,8589934592,2147483648,6502547456,391184384
204,1772012901219,3204,3204,3204,3204,3204,3204,3204,3204,31.81818199157715,30.000001907348633,25,21.052631378173828,65,19.047618865966797,0,0,9.42173957824707,8589934592,2147483648,6473777152,391184384
202,1772012901424,3204,3204,3204,3204,3204,3204,3204,3204,21.052631378173828,35,25,19.047618865966797,60.000003814697266,10.526315689086914,0,0,9.42173957824707,8589934592,2147483648,6474973184,391184384
204,1772012901628,3204,3204,3204,3204,3204,3204,3204,3204,38.095237731933594,30.000001907348633,33.333335876464844,20,47.619049072265625,10,4.761904716491699,0,9.051980972290039,8589934592,2147483648,6474973184,391184384
203,1772012901833,3204,3204,3204,3204,3204,3204,3204,3204,21.052631378173828,35,23.809524536132813,23.809524536132813,60.000003814697266,0,0,0,9.051980972290039,8589934592,2147483648,6474973184,391184384
202,1772012902037,3204,3204,3204,3204,3204,3204,3204,3204,28.571430206298828,28.571430206298828,20,15.789472579956055,60.000003814697266,0,0,0,9.051980972290039,8589934592,2147483648,6470434816,391184384
201,1772012902239,3204,3204,3204,3204,3204,3204,3204,3204,42.105262756347656,28.571430206298828,35,19.047618865966797,42.85714340209961,0,0,0,9.051980972290039,8589934592,2147483648,6479806464,391184384
202,1772012902442,3204,3204,3204,3204,3204,3204,3204,3204,28.571430206298828,21.052631378173828,21.052631378173828,20,63.15789031982422,4.761904716491699,0,4.761904716491699,9.051980972290039,8589934592,2147483648,6476300288,391184384
204,1772012902644,3204,3204,3204,3204,3204,3204,3204,3204,33.333335876464844,25,23.809524536132813,15.000000953674316,75,0,0,0,9.761345863342285,8589934592,2147483648,6479872000,391184384
202,1772012902850,3204,3204,3204,3204,3204,3204,3204,3204,30.000001907348633,25,19.047618865966797,20,47.619049072265625,0,0,0,9.761345863342285,8589934592,2147483648,6478954496,391184384
204,1772012903053,3204,3204,3204,3204,3204,3204,3204,3204,36.842105865478516,25,25,15.000000953674316,40,4.545454502105713,0,0,9.761345863342285,8589934592,2147483648,6481018880,391184384
201,1772012903258,3204,3204,3204,3204,3204,3204,3204,3204,42.85714340209961,38.095237731933594,35,28.571430206298828,55,11.111111640930176,9.523809432983398,9.523809432983398,9.761345863342285,8589934592,2147483648,6467747840,391184384
204,1772012903460,3204,3204,3204,3204,3204,3204,3204,3204,35,20,20,20,52.38095474243164,4.761904716491699,0,0,8.844803810119629,8589934592,2147483648,6476398592,391184384
204,1772012903665,3204,3204,3204,3204,3204,3204,3204,3204,35,33.333335876464844,23.809524536132813,25,50,14.285715103149414,0,4.761904716491699,8.844803810119629,8589934592,2147483648,6476398592,391184384
202,1772012903870,3204,3204,3204,3204,3204,3204,3204,3204,25,15.789472579956055,20,19.047618865966797,45,0,0,0,8.844803810119629,8589934592,2147483648,6476398592,391184384
203,1772012904073,3204,3204,3204,3204,3204,3204,3204,3204,28.571430206298828,23.809524536132813,23.809524536132813,26.3157901763916,47.619049072265625,5,0,0,8.844803810119629,8589934592,2147483648,6472368128,391184384
200,1772012904277,3204,3204,3204,3204,3204,3204,3204,3204,21.052631378173828,20,15.789472579956055,30.000001907348633,47.619049072265625,0,0,0,8.844803810119629,8589934592,2147483648,6472024064,391184384
203,1772012904478,3204,3204,3204,3204,3204,3204,3204,3204,30.000001907348633,20,28.571430206298828,28.571430206298828,31.57894515991211,0,0,0,8.946331024169922,8589934592,2147483648,6472302592,391184384
204,1772012904682,3204,3204,3204,3204,3204,3204,3204,3204,38.095237731933594,28.571430206298828,26.3157901763916,20,57.142860412597656,4.761904716491699,4.761904716491699,0,8.946331024169922,8589934592,2147483648,6472302592,391184384
204,1772012904887,3204,3204,3204,3204,3204,3204,3204,3204,31.57894515991211,21.052631378173828,20,19.047618865966797,55,0,0,0,8.946331024169922,8589934592,2147483648,6472302592,391184384
199,1772012905092,3204,3204,3204,3204,3204,3204,3204,3204,31.81818199157715,28.571430206298828,28.571430206298828,15.000000953674316,38.095237731933594,0,0,0,8.946331024169922,8589934592,2147483648,6463438848,391184384
200,1772012905292,3204,3204,3204,3204,3204,3204,3204,3204,42.105262756347656,45,35,40,52.6315803527832,10.526315689086914,5,0,8.946331024169922,8589934592,2147483648,6459113472,391184384
204,1772012905492,3204,3204,3204,3204,3204,3204,3204,3204,33.333335876464844,35,35,26.3157901763916,55,15.000000953674316,5,4.761904716491699,8.471713066101074,8589934592,2147483648,6466306048,391184384
204,1772012905697,3204,3204,3204,3204,3204,3204,3204,3204,26.3157901763916,25,20,23.809524536132813,45,14.285715103149414,10,0,8.471713066101074,8589934592,2147483648,6453755904,391184384
204,1772012905902,3204,3204,3204,3204,3204,3204,3204,3204,35,35,30.000001907348633,33.333335876464844,55,0,4.545454502105713,0,8.471713066101074,8589934592,2147483648,6455017472,391184384
203,1772012906107,3204,3204,3204,3204,3204,3204,3204,3204,28.571430206298828,25,28.571430206298828,25,52.38095474243164,19.047618865966797,5.263157844543457,9.523809432983398,8.471713066101074,8589934592,2147483648,6435160064,391184384
204,1772012906311,3204,3204,3204,3204,3204,3204,3204,3204,30.000001907348633,30.000001907348633,21.052631378173828,28.571430206298828,57.142860412597656,15.000000953674316,9.523809432983398,0,8.471713066101074,8589934592,2147483648,6431522816,391184384
204,1772012906516,3204,3204,3204,3204,3204,3204,3204,3204,35,31.81818199157715,28.571430206298828,26.3157901763916,52.6315803527832,5,0,0,8.992956161499023,8589934592,2147483648,6431522816,391184384
202,1772012906721,3204,3204,3204,3204,3204,3204,3204,3204,33.333335876464844,30.000001907348633,28.571430206298828,30.000001907348633,52.38095474243164,5,4.761904716491699,4.761904716491699,8.992956161499023,8589934592,2147483648,6431522816,391184384
204,1772012906923,3204,3204,3204,3204,3204,3204,3204,3204,30.000001907348633,26.3157901763916,26.3157901763916,23.809524536132813,50,4.761904716491699,0,0,8.992956161499023,8589934592,2147483648,6431522816,391184384
204,1772012907128,3204,3204,3204,3204,3204,3204,3204,3204,45,38.095237731933594,33.333335876464844,30.000001907348633,42.85714340209961,0,0,0,8.992956161499023,8589934592,2147483648,6426787840,391184384
204,1772012907333,3204,3204,3204,3204,3204,3204,3204,3204,40,35,35,33.333335876464844,31.57894515991211,9.523809432983398,0,0,8.992956161499023,8589934592,2147483648,6418890752,391184384
201,1772012907538,3204,3204,3204,3204,3204,3204,3204,3204,52.38095474243164,45,42.85714340209961,40,40.90909194946289,19.047618865966797,5,0,9.76057243347168,8589934592,2147483648,6418890752,391184384
199,1772012907739,3204,3204,3204,3204,3204,3204,3204,3204,35,40,31.57894515991211,35,21.052631378173828,0,0,0,9.76057243347168,8589934592,2147483648,6418890752,391184384
204,1772012907939,3204,3204,3204,3204,3204,3204,3204,3204,35,35,28.571430206298828,20,52.6315803527832,0,0,0,9.76057243347168,8589934592,2147483648,6418890752,391184384
204,1772012908145,3204,3204,3204,3204,3204,3204,3204,3204,26.3157901763916,30.000001907348633,35,28.571430206298828,28.571430206298828,4.761904716491699,0,0,9.76057243347168,8589934592,2147483648,6429130752,391184384
204,1772012908350,3204,3204,3204,3204,3204,3204,3204,3204,33.333335876464844,30.000001907348633,26.3157901763916,15.789472579956055,45,4.761904716491699,0,0,9.76057243347168,8589934592,2147483648,6442106880,391184384
204,1772012908555,3204,3204,3204,3204,3204,3204,3204,3204,40,30.000001907348633,31.81818199157715,28.571430206298828,55,0,0,0,9.215069770812988,8589934592,2147483648,6440583168,391184384
204,1772012908759,3204,3204,3204,3204,3204,3204,3204,3204,25,23.809524536132813,31.57894515991211,23.809524536132813,61.904762268066406,10,4.761904716491699,0,9.215069770812988,8589934592,2147483648,6441762816,391184384
203,1772012908964,3204,3204,3204,3204,3204,3204,3204,3204,52.38095474243164,40,33.333335876464844,40,75,4.761904716491699,5,4.761904716491699,9.215069770812988,8589934592,2147483648,6442598400,391184384
204,1772012909167,3204,3204,3204,3204,3204,3204,3204,3204,63.15789031982422,65,57.142860412597656,50,30.000001907348633,0,0,0,9.215069770812988,8589934592,2147483648,6459965440,391184384
204,1772012909372,3204,3204,3204,3204,3204,3204,3204,3204,47.619049072265625,40,30.000001907348633,25,23.809524536132813,4.761904716491699,0,4.761904716491699,9.215069770812988,8589934592,2147483648,6476742656,391184384
201,1772012909577,3204,3204,3204,3204,3204,3204,3204,3204,52.6315803527832,47.619049072265625,35,40,42.105262756347656,20,10,10,9.145318984985352,8589934592,2147483648,6494633984,391184384
204,1772012909778,3204,3204,3204,3204,3204,3204,3204,3204,60.000003814697266,57.894737243652344,45,45,65,19.047618865966797,4.761904716491699,9.523809432983398,9.145318984985352,8589934592,2147483648,6494044160,391184384
202,1772012909983,3204,3204,3204,3204,3204,3204,3204,3204,66.66667175292969,61.904762268066406,55,47.619049072265625,85.71428680419922,0,4.761904716491699,5,9.145318984985352,8589934592,2147483648,6494044160,391184384
202,1772012910187,3204,3204,3204,3204,3204,3204,3204,3204,65,60.000003814697266,57.142860412597656,55,15.000000953674316,0,0,0,9.145318984985352,8589934592,2147483648,6493782016,391184384
200,1772012910389,3204,3204,3204,3204,3204,3204,3204,3204,75,78.94737243652344,73.68421173095703,73.68421173095703,90,5,0,10,9.145318984985352,8589934592,2147483648,6510755840,391184384
204,1772012910591,3204,3204,3204,3204,3204,3204,3204,3204,65,63.6363639831543,50,52.38095474243164,65,0,0,0,9.277941703796387,8589934592,2147483648,6509756416,391184384
202,1772012910796,3204,3204,3204,3204,3204,3204,3204,3204,55,60.000003814697266,45,50,42.85714340209961,40,30.000001907348633,33.333335876464844,9.277941703796387,8589934592,2147483648,6498156544,391184384
203,1772012910999,3204,3204,3204,3204,3204,3204,3204,3204,61.904762268066406,40,40,42.85714340209961,10,5,4.761904716491699,5,9.277941703796387,8589934592,2147483648,6501040128,391184384
204,1772012911203,3204,3204,3204,3204,3204,3204,3204,3204,68.42105102539063,75,52.38095474243164,60.000003814697266,15.000000953674316,5,5,0,9.277941703796387,8589934592,2147483648,6493814784,391184384
204,1772012911408,3204,3204,3204,3204,3204,3204,3204,3204,57.142860412597656,60.000003814697266,45,45,9.523809432983398,36.3636360168457,4.761904716491699,4.761904716491699,9.277941703796387,8589934592,2147483648,6511673344,391184384
204,1772012911613,3204,3204,3204,3204,3204,3204,3204,3204,66.66667175292969,61.904762268066406,55,57.142860412597656,33.333335876464844,10.526315689086914,5,5,10.907577514648438,8589934592,2147483648,6520782848,391184384
202,1772012911818,3204,3204,3204,3204,3204,3204,3204,3204,63.15789031982422,55,60.000003814697266,47.36842346191406,20,19.047618865966797,4.761904716491699,55,10.907577514648438,8589934592,2147483648,6520782848,391184384
202,1772012912020,3204,3204,3204,3204,3204,3204,3204,3204,52.38095474243164,55,57.142860412597656,47.619049072265625,5.263157844543457,0,0,0,10.907577514648438,8589934592,2147483648,6520782848,391184384
203,1772012912223,3204,3204,3204,3204,3204,3204,3204,3204,70,70,70,65,22.72727394104004,10,10,4.761904716491699,10.907577514648438,8589934592,2147483648,6559350784,391184384
204,1772012912427,3204,3204,3204,3204,3204,3204,3204,3204,100,100,100,100,40,20,10,5,10.907577514648438,8589934592,2147483648,6569541632,391184384
203,1772012912632,3204,3204,3204,3204,3204,3204,3204,3204,84.21052551269531,80.95238494873047,80,75,15.000000953674316,4.761904716491699,0,4.545454502105713,8.199968338012695,8589934592,2147483648,6574260224,391184384
201,1772012912836,3204,3204,3204,3204,3204,3204,3204,3204,45,50,45,42.105262756347656,10,4.761904716491699,4.761904716491699,0,8.199968338012695,8589934592,2147483648,6564478976,391184384
204,1772012913039,3204,3204,3204,3204,3204,3204,3204,3204,33.333335876464844,28.571430206298828,20,23.809524536132813,45,15.000000953674316,0,0,8.199968338012695,8589934592,2147483648,6572818432,391184384
204,1772012913243,3204,3204,3204,3204,3204,3204,3204,3204,28.571430206298828,21.052631378173828,25,23.809524536132813,23.809524536132813,25,5,20,8.199968338012695,8589934592,2147483648,6572998656,391184384
203,1772012913448,3204,3204,3204,3204,3204,3204,3204,3204,31.57894515991211,33.333335876464844,27.272727966308594,20,10,4.761904716491699,9.090909004211426,0,7.607125759124756,8589934592,2147483648,6563037184,391184384
201,1772012913653,3204,3204,3204,3204,3204,3204,3204,3204,28.571430206298828,35,40,25,14.285715103149414,15.000000953674316,0,0,7.607125759124756,8589934592,2147483648,6563495936,391184384
200,1772012913854,3204,3204,3204,3204,3204,3204,3204,3204,40,30.000001907348633,31.57894515991211,25,30.000001907348633,25,5.263157844543457,10,7.607125759124756,8589934592,2147483648,6531465216,391184384
204,1772012914055,3204,3204,3204,3204,3204,3204,3204,3204,26.3157901763916,30.000001907348633,25,20,40,5,4.761904716491699,0,7.607125759124756,8589934592,2147483648,6520127488,391184384
203,1772012914260,3204,3204,3204,3204,3204,3204,3204,3204,28.571430206298828,30.000001907348633,23.809524536132813,19.047618865966797,15.000000953674316,14.285715103149414,5,4.761904716491699,7.607125759124756,8589934592,2147483648,6516637696,391184384
204,1772012914464,3204,3204,3204,3204,3204,3204,3204,3204,33.333335876464844,25,25,25,20,5,4.761904716491699,0,6.668637275695801,8589934592,2147483648,6513688576,391184384
204,1772012914668,3204,3204,3204,3204,3204,3204,3204,3204,30.000001907348633,28.571430206298828,30.000001907348633,20,19.047618865966797,10,0,0,6.668637275695801,8589934592,2147483648,6516375552,391184384
203,1772012914873,3204,3204,3204,3204,3204,3204,3204,3204,35,28.571430206298828,30.000001907348633,20,20,4.761904716491699,4.761904716491699,0,6.668637275695801,8589934592,2147483648,6513426432,391184384
204,1772012915077,3204,3204,3204,3204,3204,3204,3204,3204,25,15.789472579956055,38.095237731933594,15.000000953674316,5,0,0,9.090909004211426,6.668637275695801,8589934592,2147483648,6515408896,391184384
203,1772012915282,3204,3204,3204,3204,3204,3204,3204,3204,25,25,23.809524536132813,28.571430206298828,23.809524536132813,14.285715103149414,5,5.263157844543457,6.668637275695801,8589934592,2147483648,6516752384,391184384
203,1772012915486,3204,3204,3204,3204,3204,3204,3204,3204,38.095237731933594,38.095237731933594,26.3157901763916,28.571430206298828,20,5,4.761904716491699,0,6.198969841003418,8589934592,2147483648,6499155968,391184384
201,1772012915690,3204,3204,3204,3204,3204,3204,3204,3204,40,38.095237731933594,35,30.000001907348633,19.047618865966797,15.000000953674316,5,9.523809432983398,6.198969841003418,8589934592,2147483648,6504235008,391184384
204,1772012915892,3204,3204,3204,3204,3204,3204,3204,3204,35,36.842105865478516,35,30.000001907348633,31.57894515991211,10,9.523809432983398,0,6.198969841003418,8589934592,2147483648,6504202240,391184384
204,1772012916097,3204,3204,3204,3204,3204,3204,3204,3204,30.000001907348633,28.571430206298828,27.272727966308594,20,42.85714340209961,25,10.526315689086914,9.523809432983398,6.198969841003418,8589934592,2147483648,6499991552,391184384
203,1772012916302,3204,3204,3204,3204,3204,3204,3204,3204,25,23.809524536132813,15.789472579956055,15.000000953674316,25,14.285715103149414,19.047618865966797,9.523809432983398,6.198969841003418,8589934592,2147483648,6495289344,391184384
204,1772012916506,3204,3204,3204,3204,3204,3204,3204,3204,30.000001907348633,26.3157901763916,20,20,14.285715103149414,10,5,5,5.6085991859436035,8589934592,2147483648,6496059392,391184384
204,1772012916711,3204,3204,3204,3204,3204,3204,3204,3204,36.3636360168457,28.571430206298828,33.333335876464844,28.571430206298828,23.809524536132813,9.523809432983398,5,0,5.6085991859436035,8589934592,2147483648,6491570176,391184384
204,1772012916915,3204,3204,3204,3204,3204,3204,3204,3204,26.3157901763916,30.000001907348633,28.571430206298828,23.809524536132813,21.052631378173828,10,9.090909004211426,0,5.6085991859436035,8589934592,2147483648,6491570176,391184384
204,1772012917120,3204,3204,3204,3204,3204,3204,3204,3204,25,25,20,20,33.333335876464844,10,5,4.761904716491699,5.6085991859436035,8589934592,2147483648,6491570176,391184384
200,1772012917325,3204,3204,3204,3204,3204,3204,3204,3204,28.571430206298828,25,20,23.809524536132813,23.809524536132813,9.523809432983398,0,0,5.6085991859436035,8589934592,2147483648,6471761920,391184384
200,1772012917526,3204,3204,3204,3204,3204,3204,3204,3204,30.000001907348633,30.000001907348633,20,21.052631378173828,0,0,5,0,6.4302167892456055,8589934592,2147483648,6468845568,391184384
201,1772012917727,3204,3204,3204,3204,3204,3204,3204,3204,38.095237731933594,28.571430206298828,25,20,0,0,0,0,6.4302167892456055,8589934592,2147483648,6470680576,391184384
202,1772012917930,3204,3204,3204,3204,3204,3204,3204,3204,40,31.57894515991211,47.619049072265625,30.000001907348633,40,42.85714340209961,15.789472579956055,9.523809432983398,6.4302167892456055,8589934592,2147483648,6470680576,391184384
203,1772012918133,3204,3204,3204,3204,3204,3204,3204,3204,73.68421173095703,76.19047546386719,68.42105102539063,70,80,80,80.95238494873047,65,6.4302167892456055,8589934592,2147483648,6470680576,391184384
202,1772012918336,3204,3204,3204,3204,3204,3204,3204,3204,40,35,47.619049072265625,38.095237731933594,42.85714340209961,55,25,15.000000953674316,6.4302167892456055,8589934592,2147483648,6494339072,391184384
201,1772012918539,3204,3204,3204,3204,3204,3204,3204,3204,25,25,20,23.809524536132813,10,5,0,0,5.699701309204102,8589934592,2147483648,6492209152,391184384
204,1772012918741,3204,3204,3204,3204,3204,3204,3204,3204,20,35,20,25,35,9.523809432983398,5,9.523809432983398,5.699701309204102,8589934592,2147483648,6487736320,391184384
204,1772012918946,3204,3204,3204,3204,3204,3204,3204,3204,23.809524536132813,33.333335876464844,23.809524536132813,15.000000953674316,0,0,0,0,5.699701309204102,8589934592,2147483648,6486687744,391184384
201,1772012919151,3204,3204,3204,3204,3204,3204,3204,3204,35,40,20,20,0,0,0,0,5.699701309204102,8589934592,2147483648,6482952192,391184384
203,1772012919353,3204,3204,3204,3204,3204,3204,3204,3204,30.000001907348633,28.571430206298828,25,15.000000953674316,0,0,0,0,5.699701309204102,8589934592,2147483648,6482968576,391184384
204,1772012919557,3204,3204,3204,3204,3204,3204,3204,3204,28.571430206298828,25,25,23.809524536132813,4.761904716491699,0,0,0,10.425289154052734,8589934592,2147483648,6481920000,391184384
202,1772012919762,3204,3204,3204,3204,3204,3204,3204,3204,42.105262756347656,35,35,20,4.761904716491699,0,4.761904716491699,4.761904716491699,10.425289154052734,8589934592,2147483648,6463864832,391184384
204,1772012919965,3204,3204,3204,3204,3204,3204,3204,3204,28.571430206298828,25,28.571430206298828,30.000001907348633,0,4.761904716491699,0,0,10.425289154052734,8589934592,2147483648,6461702144,391184384
204,1772012920170,3204,3204,3204,3204,3204,3204,3204,3204,45,38.095237731933594,33.333335876464844,28.571430206298828,19.047618865966797,5,0,5,10.425289154052734,8589934592,2147483648,6464651264,391184384
202,1772012920375,3204,3204,3204,3204,3204,3204,3204,3204,38.095237731933594,30.000001907348633,35,25,15.000000953674316,15.000000953674316,0,4.761904716491699,10.425289154052734,8589934592,2147483648,6456541184,391184384
201,1772012920578,3204,3204,3204,3204,3204,3204,3204,3204,25,25,15.000000953674316,20,4.761904716491699,4.761904716491699,9.090909004211426,0,5.359608173370361,8589934592,2147483648,6456590336,391184384
200,1772012920780,3204,3204,3204,3204,3204,3204,3204,3204,35,25,20,15.000000953674316,5,10,0,0,5.359608173370361,8589934592,2147483648,6451806208,391184384
6,1772012920982,3204,3204,3204,3204,3204,3204,3204,3204,30.000001907348633,31.57894515991211,25,25,5,5,4.761904716491699,5,5.359608173370361,8589934592,2147483648,6446268416,391184384
