Delta,Time,CPU_FREQUENCY_0,CPU_FREQUENCY_1,CPU_FREQUENCY_2,CPU_FREQUENCY_3,CPU_FREQUENCY_4,CPU_FREQUENCY_5,CPU_FREQUENCY_6,CPU_FREQUENCY_7,CPU_USAGE_0,CPU_USAGE_1,CPU_USAGE_2,CPU_USAGE_3,CPU_USAGE_4,CPU_USAGE_5,CPU_USAGE_6,CPU_USAGE_7,SYSTEM_POWER (Watts),TOTAL_MEMORY,TOTAL_SWAP,USED_MEMORY,USED_SWAP
0,1772004041131,3204,3204,3204,3204,3204,3204,3204,3204,100,0,0,NaN,0,0,NaN,0,5.662260055541992,8589934592,2147483648,5966544896,407961600
209,1772004041131,3204,3204,3204,3204,3204,3204,3204,3204,0,NaN,NaN,0,NaN,0,0,0,5.662260055541992,8589934592,2147483648,5966151680,407961600
207,1772004041342,3204,3204,3204,3204,3204,3204,3204,3204,26.3157901763916,23.809524536132813,22.72727394104004,23.809524536132813,0,0,0,0,5.662260055541992,8589934592,2147483648,5965643776,407961600
207,1772004041549,3204,3204,3204,3204,3204,3204,3204,3204,28.571430206298828,28.571430206298828,20,30.000001907348633,4.761904716491699,4.761904716491699,4.761904716491699,0,5.662260055541992,8589934592,2147483648,5959892992,407961600
209,1772004041757,3204,3204,3204,3204,3204,3204,3204,3204,66.66667175292969,66.66667175292969,66.66667175292969,57.142860412597656,0,0,0,0,5.662260055541992,8589934592,2147483648,5986926592,407961600
203,1772004041968,3204,3204,3204,3204,3204,3204,3204,3204,52.38095474243164,45,38.095237731933594,33.333335876464844,4.761904716491699,4.761904716491699,9.523809432983398,4.761904716491699,6.1002421379089355,8589934592,2147483648,5993938944,407961600
209,1772004042172,3204,3204,3204,3204,3204,3204,3204,3204,55,52.38095474243164,40,45,33.333335876464844,10,0,0,6.1002421379089355,8589934592,2147483648,5993938944,407961600
207,1772004042382,3204,3204,3204,3204,3204,3204,3204,3204,66.66667175292969,57.142860412597656,61.904762268066406,57.142860412597656,5,4.761904716491699,4.545454502105713,4.761904716491699,6.1002421379089355,8589934592,2147483648,5993938944,407961600
201,1772004042590,3204,3204,3204,3204,3204,3204,3204,3204,54.54545593261719,50,50,45,4.545454502105713,9.090909004211426,0,0,6.1002421379089355,8589934592,2147483648,5993938944,407961600
209,1772004042791,3204,3204,3204,3204,3204,3204,3204,3204,42.105262756347656,40,38.095237731933594,30.000001907348633,27.77777862548828,21.052631378173828,15.000000953674316,10,6.1002421379089355,8589934592,2147483648,6064635904,407961600
207,1772004043001,3204,3204,3204,3204,3204,3204,3204,3204,40,47.619049072265625,30.000001907348633,31.81818199157715,9.090909004211426,4.761904716491699,4.761904716491699,4.761904716491699,5.940460681915283,8589934592,2147483648,6070059008,407961600
204,1772004043209,3204,3204,3204,3204,3204,3204,3204,3204,47.619049072265625,52.38095474243164,38.095237731933594,30.000001907348633,4.761904716491699,0,0,0,5.940460681915283,8589934592,2147483648,6062669824,407961600
201,1772004043414,3204,3204,3204,3204,3204,3204,3204,3204,45,45,45,40,9.523809432983398,14.285715103149414,0,0,5.940460681915283,8589934592,2147483648,6072565760,407961600
206,1772004043615,3204,3204,3204,3204,3204,3204,3204,3204,35,30.000001907348633,20,23.809524536132813,15.000000953674316,25,5,5,5.940460681915283,8589934592,2147483648,6084788224,407961600
209,1772004043822,3204,3204,3204,3204,3204,3204,3204,3204,76.19047546386719,66.66667175292969,61.904762268066406,60.000003814697266,0,4.761904716491699,0,0,5.940460681915283,8589934592,2147483648,6085935104,407961600
208,1772004044032,3204,3204,3204,3204,3204,3204,3204,3204,76.19047546386719,71.42857360839844,80.95238494873047,85.71428680419922,38.095237731933594,0,0,0,6.928368091583252,8589934592,2147483648,6098026496,407961600
206,1772004044241,3204,3204,3204,3204,3204,3204,3204,3204,80.95238494873047,80.95238494873047,80.95238494873047,85,8.69565200805664,4.761904716491699,4.545454502105713,4.545454502105713,6.928368091583252,8589934592,2147483648,6098026496,407961600
209,1772004044448,3204,3204,3204,3204,3204,3204,3204,3204,65,61.904762268066406,60.000003814697266,50,0,9.090909004211426,0,0,6.928368091583252,8589934592,2147483648,6098026496,407961600
205,1772004044658,3204,3204,3204,3204,3204,3204,3204,3204,68.18181610107422,55,61.904762268066406,65,28.571430206298828,25,27.272727966308594,23.809524536132813,6.928368091583252,8589934592,2147483648,6098026496,407961600
209,1772004044864,3204,3204,3204,3204,3204,3204,3204,3204,45,65,47.619049072265625,50,31.81818199157715,25,20,9.523809432983398,6.664237022399902,8589934592,2147483648,6116589568,407961600
205,1772004045074,3204,3204,3204,3204,3204,3204,3204,3204,61.904762268066406,81.81818389892578,42.85714340209961,55,5,4.761904716491699,4.545454502105713,0,6.664237022399902,8589934592,2147483648,6104678400,407961600
208,1772004045280,3204,3204,3204,3204,3204,3204,3204,3204,66.66667175292969,55,60.000003814697266,70,4.761904716491699,9.090909004211426,0,4.761904716491699,6.664237022399902,8589934592,2147483648,6104678400,407961600
200,1772004045489,3204,3204,3204,3204,3204,3204,3204,3204,45,57.142860412597656,50,42.85714340209961,0,0,4.761904716491699,0,6.664237022399902,8589934592,2147483648,6104678400,407961600
209,1772004045690,3204,3204,3204,3204,3204,3204,3204,3204,55,47.619049072265625,57.894737243652344,35,50,50,0,0,6.664237022399902,8589934592,2147483648,6104678400,407961600
206,1772004045900,3204,3204,3204,3204,3204,3204,3204,3204,47.619049072265625,47.36842346191406,38.095237731933594,47.619049072265625,35,0,0,0,7.968947887420654,8589934592,2147483648,6144016384,407961600
208,1772004046107,3204,3204,3204,3204,3204,3204,3204,3204,47.619049072265625,42.85714340209961,55,35,4.761904716491699,9.523809432983398,0,4.761904716491699,7.968947887420654,8589934592,2147483648,6144475136,407961600
205,1772004046316,3204,3204,3204,3204,3204,3204,3204,3204,45,54.54545593261719,45.45454788208008,40.90909194946289,4.761904716491699,0,4.545454502105713,0,7.968947887420654,8589934592,2147483648,6145097728,407961600
208,1772004046522,3204,3204,3204,3204,3204,3204,3204,3204,72.7272720336914,47.36842346191406,63.15789031982422,50,5,4.761904716491699,0,5,7.968947887420654,8589934592,2147483648,6149210112,407961600
209,1772004046731,3204,3204,3204,3204,3204,3204,3204,3204,52.6315803527832,54.54545593261719,68.18181610107422,45,9.090909004211426,40.90909194946289,4.545454502105713,0,7.968947887420654,8589934592,2147483648,6155862016,407961600
209,1772004046941,3204,3204,3204,3204,3204,3204,3204,3204,42.85714340209961,61.904762268066406,55,40.90909194946289,15.000000953674316,10.526315689086914,0,4.761904716491699,7.37745475769043,8589934592,2147483648,6165807104,407961600
200,1772004047151,3204,3204,3204,3204,3204,3204,3204,3204,59.09090805053711,60.000003814697266,59.09090805053711,61.904762268066406,50,4.761904716491699,4.761904716491699,4.761904716491699,7.37745475769043,8589934592,2147483648,6153617408,407961600
205,1772004047351,3204,3204,3204,3204,3204,3204,3204,3204,63.15789031982422,35,21.052631378173828,42.85714340209961,0,4.761904716491699,4.761904716491699,0,7.37745475769043,8589934592,2147483648,6155698176,407961600
208,1772004047557,3204,3204,3204,3204,3204,3204,3204,3204,57.142860412597656,47.619049072265625,50,40,0,0,0,0,7.37745475769043,8589934592,2147483648,6155042816,407961600
207,1772004047766,3204,3204,3204,3204,3204,3204,3204,3204,40,61.904762268066406,42.85714340209961,35,0,0,0,0,7.37745475769043,8589934592,2147483648,6155042816,407961600
206,1772004047974,3204,3204,3204,3204,3204,3204,3204,3204,50,70,40.90909194946289,33.333335876464844,4.761904716491699,4.761904716491699,0,4.761904716491699,7.306227207183838,8589934592,2147483648,6154600448,407961600
204,1772004048181,3204,3204,3204,3204,3204,3204,3204,3204,40,55,47.619049072265625,33.333335876464844,5,4.761904716491699,0,0,7.306227207183838,8589934592,2147483648,6157303808,407961600
205,1772004048386,3204,3204,3204,3204,3204,3204,3204,3204,40,52.38095474243164,42.105262756347656,35,0,0,0,0,7.306227207183838,8589934592,2147483648,6153502720,407961600
204,1772004048592,3204,3204,3204,3204,3204,3204,3204,3204,50,50,52.38095474243164,35,9.523809432983398,23.809524536132813,4.761904716491699,0,7.306227207183838,8589934592,2147483648,6155419648,407961600
209,1772004048796,3204,3204,3204,3204,3204,3204,3204,3204,52.6315803527832,42.85714340209961,50,50,4.761904716491699,4.761904716491699,0,0,7.306227207183838,8589934592,2147483648,6155993088,407961600
203,1772004049006,3204,3204,3204,3204,3204,3204,3204,3204,47.619049072265625,35,47.619049072265625,45.45454788208008,0,0,0,0,6.786605358123779,8589934592,2147483648,6153912320,407961600
209,1772004049210,3204,3204,3204,3204,3204,3204,3204,3204,80,80.95238494873047,71.42857360839844,80,15.000000953674316,5,4.761904716491699,4.761904716491699,6.786605358123779,8589934592,2147483648,6155010048,407961600
209,1772004049420,3204,3204,3204,3204,3204,3204,3204,3204,42.85714340209961,47.619049072265625,55,42.85714340209961,10,9.523809432983398,4.761904716491699,0,6.786605358123779,8589934592,2147483648,6154256384,407961600
201,1772004049630,3204,3204,3204,3204,3204,3204,3204,3204,66.66667175292969,66.66667175292969,72.7272720336914,61.904762268066406,9.090909004211426,5,0,4.761904716491699,6.786605358123779,8589934592,2147483648,6153846784,407961600
200,1772004049832,3204,3204,3204,3204,3204,3204,3204,3204,70,70,60.000003814697266,50,10,13.636363983154297,5,9.523809432983398,6.2100911140441895,8589934592,2147483648,6153846784,407961600
208,1772004050032,3204,3204,3204,3204,3204,3204,3204,3204,70,70,75,66.66667175292969,10,5.263157844543457,5,5,6.2100911140441895,8589934592,2147483648,6155141120,407961600
209,1772004050241,3204,3204,3204,3204,3204,3204,3204,3204,57.142860412597656,66.66667175292969,50,55,4.761904716491699,4.761904716491699,4.545454502105713,0,6.2100911140441895,8589934592,2147483648,6155796480,407961600
204,1772004050451,3204,3204,3204,3204,3204,3204,3204,3204,52.38095474243164,40,52.38095474243164,38.095237731933594,0,0,0,0,6.2100911140441895,8589934592,2147483648,6156042240,407961600
208,1772004050655,3204,3204,3204,3204,3204,3204,3204,3204,50,57.142860412597656,52.38095474243164,40,0,5,0,4.761904716491699,6.2100911140441895,8589934592,2147483648,6156533760,407961600
209,1772004050864,3204,3204,3204,3204,3204,3204,3204,3204,47.619049072265625,42.85714340209961,66.66667175292969,33.333335876464844,28.571430206298828,23.809524536132813,36.3636360168457,30.000001907348633,6.827373504638672,8589934592,2147483648,6156533760,407961600
199,1772004051074,3204,3204,3204,3204,3204,3204,3204,3204,38.095237731933594,33.333335876464844,52.38095474243164,47.619049072265625,9.523809432983398,45,47.619049072265625,0,6.827373504638672,8589934592,2147483648,6163316736,407961600
206,1772004051274,3204,3204,3204,3204,3204,3204,3204,3204,50,42.105262756347656,55.55555725097656,40,5,9.523809432983398,50,5,6.827373504638672,8589934592,2147483648,6165594112,407961600
206,1772004051481,3204,3204,3204,3204,3204,3204,3204,3204,50,36.3636360168457,47.619049072265625,50,30.000001907348633,28.571430206298828,5,42.85714340209961,6.827373504638672,8589934592,2147483648,6157172736,407961600
207,1772004051687,3204,3204,3204,3204,3204,3204,3204,3204,35,40,40.90909194946289,40.90909194946289,100,0,0,0,6.827373504638672,8589934592,2147483648,6159187968,407961600
205,1772004051895,3204,3204,3204,3204,3204,3204,3204,3204,38.095237731933594,45,35,50,63.6363639831543,15.000000953674316,4.761904716491699,4.761904716491699,7.028520107269287,8589934592,2147483648,6161858560,407961600
209,1772004052101,3204,3204,3204,3204,3204,3204,3204,3204,42.85714340209961,33.333335876464844,47.619049072265625,20,0,100,0,0,7.028520107269287,8589934592,2147483648,6160646144,407961600
202,1772004052311,3204,3204,3204,3204,3204,3204,3204,3204,45,52.38095474243164,55,52.38095474243164,15.000000953674316,85.71428680419922,0,0,7.028520107269287,8589934592,2147483648,6173982720,407961600
207,1772004052514,3204,3204,3204,3204,3204,3204,3204,3204,42.85714340209961,40,35,50,23.809524536132813,14.285715103149414,0,0,7.028520107269287,8589934592,2147483648,6177390592,407961600
201,1772004052722,3204,3204,3204,3204,3204,3204,3204,3204,42.85714340209961,50,33.333335876464844,20,80,30.000001907348633,0,0,7.028520107269287,8589934592,2147483648,6187827200,407961600
208,1772004052924,3204,3204,3204,3204,3204,3204,3204,3204,45,50,28.571430206298828,40.90909194946289,40,75,0,0,11.53593635559082,8589934592,2147483648,6188253184,407961600
209,1772004053132,3204,3204,3204,3204,3204,3204,3204,3204,50,40.90909194946289,28.571430206298828,50,10,27.272727966308594,0,0,11.53593635559082,8589934592,2147483648,6190809088,407961600
201,1772004053342,3204,3204,3204,3204,3204,3204,3204,3204,63.6363639831543,42.85714340209961,47.619049072265625,38.095237731933594,77.2727279663086,35,4.761904716491699,4.761904716491699,11.53593635559082,8589934592,2147483648,6202228736,407961600
205,1772004053544,3204,3204,3204,3204,3204,3204,3204,3204,45,47.36842346191406,50,25,31.57894515991211,50,15.000000953674316,35,11.53593635559082,8589934592,2147483648,6189416448,407961600
207,1772004053749,3204,3204,3204,3204,3204,3204,3204,3204,25,63.6363639831543,40,30.000001907348633,28.571430206298828,36.3636360168457,0,4.761904716491699,11.53593635559082,8589934592,2147483648,6191300608,407961600
208,1772004053957,3204,3204,3204,3204,3204,3204,3204,3204,35,40,60.000003814697266,27.272727966308594,61.904762268066406,5,28.571430206298828,0,11.053266525268555,8589934592,2147483648,6192201728,407961600
207,1772004054165,3204,3204,3204,3204,3204,3204,3204,3204,42.85714340209961,35,57.142860412597656,26.3157901763916,0,0,76.19047546386719,20,11.053266525268555,8589934592,2147483648,6193070080,407961600
205,1772004054374,3204,3204,3204,3204,3204,3204,3204,3204,33.333335876464844,47.619049072265625,57.142860412597656,27.272727966308594,4.545454502105713,42.85714340209961,0,5,11.053266525268555,8589934592,2147483648,6193397760,407961600
208,1772004054580,3204,3204,3204,3204,3204,3204,3204,3204,45,42.85714340209961,45,45,75,4.761904716491699,28.571430206298828,4.545454502105713,11.053266525268555,8589934592,2147483648,6195150848,407961600
201,1772004054789,3204,3204,3204,3204,3204,3204,3204,3204,28.571430206298828,23.809524536132813,27.272727966308594,15.000000953674316,38.095237731933594,23.809524536132813,45,0,11.053266525268555,8589934592,2147483648,6199853056,407961600
206,1772004054990,3204,3204,3204,3204,3204,3204,3204,3204,25,25,21.052631378173828,14.285715103149414,45,0,0,0,10.888284683227539,8589934592,2147483648,6199853056,407961600
207,1772004055197,3204,3204,3204,3204,3204,3204,3204,3204,23.809524536132813,25,19.047618865966797,20,90.47618865966797,0,0,0,10.888284683227539,8589934592,2147483648,6201131008,407961600
209,1772004055405,3204,3204,3204,3204,3204,3204,3204,3204,23.809524536132813,23.809524536132813,10,18.18181800842285,71.42857360839844,28.571430206298828,0,0,10.888284683227539,8589934592,2147483648,6201311232,407961600
208,1772004055615,3204,3204,3204,3204,3204,3204,3204,3204,35,38.095237731933594,31.81818199157715,23.809524536132813,19.047618865966797,45,22.72727394104004,5,10.888284683227539,8589934592,2147483648,6197673984,407961600
201,1772004055824,3204,3204,3204,3204,3204,3204,3204,3204,28.571430206298828,19.047618865966797,19.047618865966797,15.000000953674316,35,54.54545593261719,0,4.545454502105713,11.195096015930176,8589934592,2147483648,6198247424,407961600
204,1772004056026,3204,3204,3204,3204,3204,3204,3204,3204,25,26.3157901763916,20,15.000000953674316,100,0,0,0,11.195096015930176,8589934592,2147483648,6200705024,407961600
209,1772004056231,3204,3204,3204,3204,3204,3204,3204,3204,40,42.85714340209961,36.842105865478516,35,23.809524536132813,5,0,31.81818199157715,11.195096015930176,8589934592,2147483648,6200950784,407961600
201,1772004056440,3204,3204,3204,3204,3204,3204,3204,3204,31.81818199157715,18.18181800842285,22.72727394104004,14.285715103149414,0,4.761904716491699,0,80,11.195096015930176,8589934592,2147483648,6201540608,407961600
209,1772004056642,3204,3204,3204,3204,3204,3204,3204,3204,21.052631378173828,16.666667938232422,30.000001907348633,19.047618865966797,55,0,30.000001907348633,15.000000953674316,11.195096015930176,8589934592,2147483648,6202687488,407961600
208,1772004056852,3204,3204,3204,3204,3204,3204,3204,3204,27.272727966308594,22.72727394104004,25,10,19.047618865966797,9.090909004211426,4.761904716491699,0,9.721187591552734,8589934592,2147483648,6213042176,407961600
205,1772004057061,3204,3204,3204,3204,3204,3204,3204,3204,30.000001907348633,28.571430206298828,23.809524536132813,20,42.85714340209961,5,0,4.761904716491699,9.721187591552734,8589934592,2147483648,6219202560,407961600
207,1772004057267,3204,3204,3204,3204,3204,3204,3204,3204,45,45,38.095237731933594,33.333335876464844,35,25,22.72727394104004,19.047618865966797,9.721187591552734,8589934592,2147483648,6175490048,407961600
206,1772004057474,3204,3204,3204,3204,3204,3204,3204,3204,28.571430206298828,20,21.052631378173828,19.047618865966797,57.142860412597656,4.761904716491699,4.761904716491699,0,9.721187591552734,8589934592,2147483648,6180716544,407961600
206,1772004057681,3204,3204,3204,3204,3204,3204,3204,3204,45,25,31.81818199157715,28.571430206298828,35,15.000000953674316,0,4.545454502105713,9.721187591552734,8589934592,2147483648,6165954560,407961600
200,1772004057888,3204,3204,3204,3204,3204,3204,3204,3204,38.095237731933594,38.095237731933594,28.571430206298828,30.000001907348633,50,22.72727394104004,19.047618865966797,15.000000953674316,9.672741889953613,8589934592,2147483648,6172229632,407961600
208,1772004058089,3204,3204,3204,3204,3204,3204,3204,3204,25,25,15.789472579956055,20,66.66667175292969,0,0,0,9.672741889953613,8589934592,2147483648,6172229632,407961600
206,1772004058298,3204,3204,3204,3204,3204,3204,3204,3204,36.842105865478516,35,28.571430206298828,28.571430206298828,35,5,4.761904716491699,4.545454502105713,9.672741889953613,8589934592,2147483648,6162481152,407961600
209,1772004058505,3204,3204,3204,3204,3204,3204,3204,3204,31.81818199157715,27.272727966308594,25,23.809524536132813,85.71428680419922,14.285715103149414,0,0,9.672741889953613,8589934592,2147483648,6158680064,407961600
207,1772004058715,3204,3204,3204,3204,3204,3204,3204,3204,35,30.000001907348633,33.333335876464844,25,35,4.545454502105713,0,0,9.672741889953613,8589934592,2147483648,6136971264,407961600
209,1772004058923,3204,3204,3204,3204,3204,3204,3204,3204,33.333335876464844,45,38.095237731933594,25,95.45454406738281,0,0,0,9.665213584899902,8589934592,2147483648,6136971264,407961600
207,1772004059133,3204,3204,3204,3204,3204,3204,3204,3204,30.000001907348633,28.571430206298828,25,27.272727966308594,47.619049072265625,0,9.090909004211426,4.761904716491699,9.665213584899902,8589934592,2147483648,6136971264,407961600
199,1772004059341,3204,3204,3204,3204,3204,3204,3204,3204,52.38095474243164,50,47.619049072265625,50,70,0,10,0,9.665213584899902,8589934592,2147483648,6138331136,407961600
203,1772004059541,3204,3204,3204,3204,3204,3204,3204,3204,40,45,35,35,70,0,0,10.526315689086914,9.665213584899902,8589934592,2147483648,6132695040,407961600
206,1772004059745,3204,3204,3204,3204,3204,3204,3204,3204,63.15789031982422,57.142860412597656,47.619049072265625,42.85714340209961,30.000001907348633,4.761904716491699,10,5,9.665213584899902,8589934592,2147483648,6142820352,407961600
208,1772004059952,3204,3204,3204,3204,3204,3204,3204,3204,57.142860412597656,55,45,50,15.000000953674316,15.000000953674316,4.761904716491699,4.545454502105713,10.708783149719238,8589934592,2147483648,6125092864,407961600
205,1772004060161,3204,3204,3204,3204,3204,3204,3204,3204,52.38095474243164,57.142860412597656,50,55,47.619049072265625,4.761904716491699,4.761904716491699,0,10.708783149719238,8589934592,2147483648,6145327104,407961600
204,1772004060367,3204,3204,3204,3204,3204,3204,3204,3204,57.142860412597656,57.142860412597656,57.142860412597656,52.38095474243164,4.761904716491699,9.523809432983398,0,5,10.708783149719238,8589934592,2147483648,6146048000,407961600
201,1772004060573,3204,3204,3204,3204,3204,3204,3204,3204,55,45,47.619049072265625,38.095237731933594,80,5,9.090909004211426,4.761904716491699,10.708783149719238,8589934592,2147483648,6146981888,407961600
209,1772004060775,3204,3204,3204,3204,3204,3204,3204,3204,55,50,50,47.619049072265625,85,5,10,0,10.708783149719238,8589934592,2147483648,6136463360,407961600
202,1772004060985,3204,3204,3204,3204,3204,3204,3204,3204,68.18181610107422,52.38095474243164,45,57.894737243652344,14.285715103149414,4.545454502105713,28.571430206298828,15.000000953674316,10.645339965820313,8589934592,2147483648,6139691008,407961600
209,1772004061189,3204,3204,3204,3204,3204,3204,3204,3204,47.36842346191406,52.38095474243164,47.619049072265625,50,23.809524536132813,40,61.904762268066406,0,10.645339965820313,8589934592,2147483648,6143492096,407961600
206,1772004061399,3204,3204,3204,3204,3204,3204,3204,3204,45.45454788208008,42.85714340209961,47.619049072265625,40,19.047618865966797,28.571430206298828,26.3157901763916,36.3636360168457,10.645339965820313,8589934592,2147483648,6143180800,407961600
199,1772004061606,3204,3204,3204,3204,3204,3204,3204,3204,45,40,45,33.333335876464844,4.761904716491699,66.66667175292969,4.761904716491699,0,10.645339965820313,8589934592,2147483648,6133923840,407961600
205,1772004061806,3204,3204,3204,3204,3204,3204,3204,3204,52.6315803527832,45,45,45,38.88888931274414,60.000003814697266,0,0,10.645339965820313,8589934592,2147483648,6134185984,407961600
199,1772004062012,3204,3204,3204,3204,3204,3204,3204,3204,68.18181610107422,68.42105102539063,57.142860412597656,65,45.45454788208008,45,23.809524536132813,4.761904716491699,8.71670913696289,8589934592,2147483648,6120210432,407961600
208,1772004062212,3204,3204,3204,3204,3204,3204,3204,3204,47.36842346191406,47.619049072265625,42.105262756347656,40,60.000003814697266,33.333335876464844,4.761904716491699,5,8.71670913696289,8589934592,2147483648,6120292352,407961600
209,1772004062422,3204,3204,3204,3204,3204,3204,3204,3204,52.38095474243164,45,45.45454788208008,40.90909194946289,28.571430206298828,80,10,0,8.71670913696289,8589934592,2147483648,6120488960,407961600
200,1772004062632,3204,3204,3204,3204,3204,3204,3204,3204,33.333335876464844,36.3636360168457,23.809524536132813,25,66.66667175292969,42.85714340209961,9.523809432983398,4.761904716491699,8.71670913696289,8589934592,2147483648,6118932480,407961600
200,1772004062833,3204,3204,3204,3204,3204,3204,3204,3204,35,35,26.3157901763916,31.57894515991211,42.105262756347656,52.38095474243164,5,0,10.566837310791016,8589934592,2147483648,6119407616,407961600
203,1772004063034,3204,3204,3204,3204,3204,3204,3204,3204,40,35,45,28.571430206298828,14.285715103149414,21.052631378173828,66.66667175292969,0,10.566837310791016,8589934592,2147483648,6117736448,407961600
203,1772004063239,3204,3204,3204,3204,3204,3204,3204,3204,20,15.000000953674316,19.047618865966797,15.000000953674316,47.619049072265625,47.619049072265625,5,5,10.566837310791016,8589934592,2147483648,6117818368,407961600
209,1772004063442,3204,3204,3204,3204,3204,3204,3204,3204,25,23.809524536132813,23.809524536132813,15.000000953674316,20,85,14.285715103149414,9.523809432983398,10.566837310791016,8589934592,2147483648,6107660288,407961600
200,1772004063652,3204,3204,3204,3204,3204,3204,3204,3204,28.571430206298828,15.000000953674316,25,14.285715103149414,42.85714340209961,22.72727394104004,0,35,10.566837310791016,8589934592,2147483648,6104285184,407961600
203,1772004063853,3204,3204,3204,3204,3204,3204,3204,3204,30.000001907348633,25,20,15.000000953674316,5,0,0,47.619049072265625,12.54167652130127,8589934592,2147483648,6104285184,407961600
204,1772004064058,3204,3204,3204,3204,3204,3204,3204,3204,33.333335876464844,35,25,23.809524536132813,31.57894515991211,23.809524536132813,52.38095474243164,0,12.54167652130127,8589934592,2147483648,6104285184,407961600
209,1772004064263,3204,3204,3204,3204,3204,3204,3204,3204,26.3157901763916,20,20,21.052631378173828,57.142860412597656,30.000001907348633,0,23.809524536132813,12.54167652130127,8589934592,2147483648,6104285184,407961600
205,1772004064473,3204,3204,3204,3204,3204,3204,3204,3204,22.72727394104004,18.18181800842285,22.72727394104004,27.272727966308594,59.09090805053711,9.523809432983398,4.545454502105713,0,12.54167652130127,8589934592,2147483648,6089015296,407961600
199,1772004064679,3204,3204,3204,3204,3204,3204,3204,3204,25,25,20,19.047618865966797,0,100,0,0,12.54167652130127,8589934592,2147483648,6090113024,407961600
205,1772004064879,3204,3204,3204,3204,3204,3204,3204,3204,20,20,15.000000953674316,10,35,66.66667175292969,0,0,10.736312866210938,8589934592,2147483648,6088933376,407961600
201,1772004065085,3204,3204,3204,3204,3204,3204,3204,3204,23.809524536132813,20,15.000000953674316,14.285715103149414,0,4.761904716491699,0,30.000001907348633,10.736312866210938,8589934592,2147483648,6089048064,407961600
204,1772004065287,3204,3204,3204,3204,3204,3204,3204,3204,21.052631378173828,20,28.571430206298828,10.526315689086914,55,31.57894515991211,0,14.285715103149414,10.736312866210938,8589934592,2147483648,6089031680,407961600
208,1772004065492,3204,3204,3204,3204,3204,3204,3204,3204,23.809524536132813,15.000000953674316,20,14.285715103149414,100,0,0,0,10.736312866210938,8589934592,2147483648,6089064448,407961600
205,1772004065701,3204,3204,3204,3204,3204,3204,3204,3204,35,31.81818199157715,33.333335876464844,20,30.000001907348633,28.571430206298828,63.6363639831543,20,10.736312866210938,8589934592,2147483648,6084886528,407961600
205,1772004065907,3204,3204,3204,3204,3204,3204,3204,3204,25,21.052631378173828,25,23.809524536132813,90.47618865966797,0,5,4.761904716491699,10.468196868896484,8589934592,2147483648,6084952064,407961600
209,1772004066112,3204,3204,3204,3204,3204,3204,3204,3204,36.3636360168457,31.81818199157715,28.571430206298828,23.809524536132813,20,9.523809432983398,5,66.66667175292969,10.468196868896484,8589934592,2147483648,6100156416,407961600
209,1772004066323,3204,3204,3204,3204,3204,3204,3204,3204,31.57894515991211,25,19.047618865966797,28.571430206298828,42.85714340209961,22.72727394104004,33.333335876464844,0,10.468196868896484,8589934592,2147483648,6058147840,407961600
209,1772004066533,3204,3204,3204,3204,3204,3204,3204,3204,33.333335876464844,23.809524536132813,19.047618865966797,20,42.85714340209961,0,4.545454502105713,0,10.468196868896484,8589934592,2147483648,6059180032,407961600
204,1772004066743,3204,3204,3204,3204,3204,3204,3204,3204,23.809524536132813,15.000000953674316,20,14.285715103149414,100,0,0,0,10.468196868896484,8589934592,2147483648,6070566912,407961600
203,1772004066948,3204,3204,3204,3204,3204,3204,3204,3204,28.571430206298828,30.000001907348633,28.571430206298828,25,30.000001907348633,14.285715103149414,0,0,10.644149780273438,8589934592,2147483648,6057213952,407961600
209,1772004067151,3204,3204,3204,3204,3204,3204,3204,3204,26.3157901763916,27.272727966308594,20,23.809524536132813,42.85714340209961,45,0,5,10.644149780273438,8589934592,2147483648,6060064768,407961600
206,1772004067361,3204,3204,3204,3204,3204,3204,3204,3204,22.72727394104004,19.047618865966797,14.285715103149414,10,90.47618865966797,0,0,9.090909004211426,10.644149780273438,8589934592,2147483648,6063063040,407961600
205,1772004067568,3204,3204,3204,3204,3204,3204,3204,3204,35,30.000001907348633,25,23.809524536132813,30.000001907348633,0,4.761904716491699,0,10.644149780273438,8589934592,2147483648,6059048960,407961600
206,1772004067774,3204,3204,3204,3204,3204,3204,3204,3204,25,21.052631378173828,23.809524536132813,15.000000953674316,0,0,57.894737243652344,0,10.644149780273438,8589934592,2147483648,6064259072,407961600
208,1772004067981,3204,3204,3204,3204,3204,3204,3204,3204,28.571430206298828,23.809524536132813,20,14.285715103149414,9.523809432983398,50,40.90909194946289,0,11.294071197509766,8589934592,2147483648,6061883392,407961600
207,1772004068189,3204,3204,3204,3204,3204,3204,3204,3204,38.095237731933594,33.333335876464844,23.809524536132813,25,14.285715103149414,4.761904716491699,0,0,11.294071197509766,8589934592,2147483648,6061522944,407961600
206,1772004068397,3204,3204,3204,3204,3204,3204,3204,3204,33.333335876464844,25,25,28.571430206298828,40,30.000001907348633,9.523809432983398,9.090909004211426,11.294071197509766,8589934592,2147483648,6055313408,407961600
204,1772004068604,3204,3204,3204,3204,3204,3204,3204,3204,25,38.095237731933594,36.3636360168457,27.272727966308594,10,9.090909004211426,19.047618865966797,0,11.294071197509766,8589934592,2147483648,6055280640,407961600
204,1772004068809,3204,3204,3204,3204,3204,3204,3204,3204,38.095237731933594,42.85714340209961,47.36842346191406,30.000001907348633,38.095237731933594,5,9.523809432983398,5,11.294071197509766,8589934592,2147483648,6054248448,407961600
209,1772004069014,3204,3204,3204,3204,3204,3204,3204,3204,25,20,20,15.000000953674316,10,5,0,0,9.27220344543457,8589934592,2147483648,6054330368,407961600
209,1772004069224,3204,3204,3204,3204,3204,3204,3204,3204,25,19.047618865966797,27.272727966308594,23.809524536132813,0,0,0,0,9.27220344543457,8589934592,2147483648,6054330368,407961600
209,1772004069434,3204,3204,3204,3204,3204,3204,3204,3204,36.3636360168457,28.571430206298828,30.000001907348633,30.000001907348633,4.761904716491699,4.761904716491699,4.545454502105713,4.761904716491699,9.27220344543457,8589934592,2147483648,6047186944,407961600
209,1772004069644,3204,3204,3204,3204,3204,3204,3204,3204,30.000001907348633,25,31.81818199157715,27.272727966308594,0,4.545454502105713,0,0,9.27220344543457,8589934592,2147483648,6033096704,407961600
201,1772004069854,3204,3204,3204,3204,3204,3204,3204,3204,23.809524536132813,23.809524536132813,20,25,0,0,0,0,7.88065242767334,8589934592,2147483648,6033096704,407961600
208,1772004070055,3204,3204,3204,3204,3204,3204,3204,3204,30.000001907348633,38.095237731933594,25,28.571430206298828,5,5,0,0,7.88065242767334,8589934592,2147483648,6030589952,407961600
207,1772004070264,3204,3204,3204,3204,3204,3204,3204,3204,25,30.000001907348633,23.809524536132813,20,4.545454502105713,0,4.761904716491699,4.761904716491699,7.88065242767334,8589934592,2147483648,6030589952,407961600
209,1772004070473,3204,3204,3204,3204,3204,3204,3204,3204,40.90909194946289,38.095237731933594,28.571430206298828,28.571430206298828,25,10,5,0,7.88065242767334,8589934592,2147483648,6030589952,407961600
207,1772004070683,3204,3204,3204,3204,3204,3204,3204,3204,33.333335876464844,28.571430206298828,23.809524536132813,23.809524536132813,4.761904716491699,9.523809432983398,0,0,7.88065242767334,8589934592,2147483648,6031114240,407961600
206,1772004070891,3204,3204,3204,3204,3204,3204,3204,3204,30.000001907348633,28.571430206298828,30.000001907348633,28.571430206298828,4.545454502105713,4.761904716491699,4.761904716491699,4.545454502105713,5.270254135131836,8589934592,2147483648,6031245312,407961600
209,1772004071097,3204,3204,3204,3204,3204,3204,3204,3204,25,30.000001907348633,25,15.000000953674316,5,9.090909004211426,0,5,5.270254135131836,8589934592,2147483648,6032637952,407961600
208,1772004071307,3204,3204,3204,3204,3204,3204,3204,3204,25,25,22.72727394104004,18.18181800842285,0,0,4.545454502105713,0,5.270254135131836,8589934592,2147483648,6029901824,407961600
201,1772004071516,3204,3204,3204,3204,3204,3204,3204,3204,28.571430206298828,31.81818199157715,20,15.000000953674316,0,4.545454502105713,0,0,5.270254135131836,8589934592,2147483648,6029754368,407961600
204,1772004071718,3204,3204,3204,3204,3204,3204,3204,3204,28.571430206298828,31.57894515991211,25,23.809524536132813,4.761904716491699,0,5,5,5.270254135131836,8589934592,2147483648,6032326656,407961600
207,1772004071923,3204,3204,3204,3204,3204,3204,3204,3204,25,23.809524536132813,19.047618865966797,10.526315689086914,0,0,0,0,5.585952281951904,8589934592,2147483648,6032441344,407961600
208,1772004072131,3204,3204,3204,3204,3204,3204,3204,3204,23.809524536132813,14.285715103149414,14.285715103149414,23.809524536132813,9.090909004211426,9.523809432983398,0,0,5.585952281951904,8589934592,2147483648,6032179200,407961600
209,1772004072340,3204,3204,3204,3204,3204,3204,3204,3204,19.047618865966797,19.047618865966797,14.285715103149414,28.571430206298828,0,0,0,0,5.585952281951904,8589934592,2147483648,6032343040,407961600
209,1772004072550,3204,3204,3204,3204,3204,3204,3204,3204,33.333335876464844,28.571430206298828,30.000001907348633,33.333335876464844,5,5,4.545454502105713,0,5.585952281951904,8589934592,2147483648,6042861568,407961600
199,1772004072760,3204,3204,3204,3204,3204,3204,3204,3204,25,23.809524536132813,23.809524536132813,19.047618865966797,20,14.285715103149414,4.761904716491699,4.761904716491699,5.585952281951904,8589934592,2147483648,6032752640,407961600
206,1772004072960,3204,3204,3204,3204,3204,3204,3204,3204,23.809524536132813,21.052631378173828,28.571430206298828,10.526315689086914,0,0,0,0,5.2742462158203125,8589934592,2147483648,6033833984,407961600
209,1772004073168,3204,3204,3204,3204,3204,3204,3204,3204,25,28.571430206298828,20,22.72727394104004,8.69565200805664,0,0,0,5.2742462158203125,8589934592,2147483648,6033784832,407961600
209,1772004073377,3204,3204,3204,3204,3204,3204,3204,3204,19.047618865966797,28.571430206298828,15.000000953674316,14.285715103149414,5,9.523809432983398,9.523809432983398,0,5.2742462158203125,8589934592,2147483648,6033784832,407961600
201,1772004073587,3204,3204,3204,3204,3204,3204,3204,3204,25,30.000001907348633,19.047618865966797,15.000000953674316,4.761904716491699,23.809524536132813,0,0,5.2742462158203125,8589934592,2147483648,6033784832,407961600
209,1772004073790,3204,3204,3204,3204,3204,3204,3204,3204,33.333335876464844,28.571430206298828,20,19.047618865966797,9.523809432983398,9.523809432983398,0,4.761904716491699,5.2742462158203125,8589934592,2147483648,6032130048,407961600
201,1772004073999,3204,3204,3204,3204,3204,3204,3204,3204,30.000001907348633,30.000001907348633,27.272727966308594,25,0,0,0,0,5.38690185546875,8589934592,2147483648,6033489920,407961600
200,1772004074202,3204,3204,3204,3204,3204,3204,3204,3204,40,35,26.3157901763916,28.571430206298828,5.263157844543457,5,4.761904716491699,5,5.38690185546875,8589934592,2147483648,6035357696,407961600
209,1772004074402,3204,3204,3204,3204,3204,3204,3204,3204,35,35,38.095237731933594,26.3157901763916,25,25,20,20,5.38690185546875,8589934592,2147483648,6034161664,407961600
205,1772004074612,3204,3204,3204,3204,3204,3204,3204,3204,23.809524536132813,19.047618865966797,15.000000953674316,14.285715103149414,4.761904716491699,4.761904716491699,4.761904716491699,0,5.38690185546875,8589934592,2147483648,6034161664,407961600
206,1772004074818,3204,3204,3204,3204,3204,3204,3204,3204,33.333335876464844,30.000001907348633,23.809524536132813,28.571430206298828,27.272727966308594,30.000001907348633,0,4.761904716491699,5.38690185546875,8589934592,2147483648,6034145280,407961600
201,1772004075025,3204,3204,3204,3204,3204,3204,3204,3204,30.000001907348633,31.81818199157715,23.809524536132813,19.047618865966797,5,4.761904716491699,4.761904716491699,0,5.297165870666504,8589934592,2147483648,6034178048,407961600
208,1772004075227,3204,3204,3204,3204,3204,3204,3204,3204,38.095237731933594,26.3157901763916,25,20,0,0,0,4.761904716491699,5.297165870666504,8589934592,2147483648,6033981440,407961600
203,1772004075436,3204,3204,3204,3204,3204,3204,3204,3204,20,23.809524536132813,20,10,4.761904716491699,4.761904716491699,0,0,5.297165870666504,8589934592,2147483648,6034046976,407961600
208,1772004075639,3204,3204,3204,3204,3204,3204,3204,3204,33.333335876464844,30.000001907348633,23.809524536132813,20,0,0,4.761904716491699,4.761904716491699,5.297165870666504,8589934592,2147483648,6034030592,407961600
200,1772004075848,3204,3204,3204,3204,3204,3204,3204,3204,30.000001907348633,28.571430206298828,28.571430206298828,19.047618865966797,4.761904716491699,5,4.761904716491699,4.761904716491699,6.2778215408325195,8589934592,2147483648,6033326080,407961600
207,1772004076049,3204,3204,3204,3204,3204,3204,3204,3204,25,20,20,19.047618865966797,4.761904716491699,4.761904716491699,0,0,6.2778215408325195,8589934592,2147483648,6033309696,407961600
209,1772004076256,3204,3204,3204,3204,3204,3204,3204,3204,28.571430206298828,28.571430206298828,20,20,0,0,0,0,6.2778215408325195,8589934592,2147483648,6033309696,407961600
209,1772004076466,3204,3204,3204,3204,3204,3204,3204,3204,28.571430206298828,30.000001907348633,22.72727394104004,19.047618865966797,4.761904716491699,4.761904716491699,4.761904716491699,4.761904716491699,6.2778215408325195,8589934592,2147483648,6033309696,407961600
208,1772004076676,3204,3204,3204,3204,3204,3204,3204,3204,28.571430206298828,27.272727966308594,20,19.047618865966797,0,0,0,0,6.2778215408325195,8589934592,2147483648,6033309696,407961600
209,1772004076885,3204,3204,3204,3204,3204,3204,3204,3204,30.000001907348633,30.000001907348633,28.571430206298828,23.809524536132813,19.047618865966797,14.285715103149414,4.761904716491699,4.761904716491699,5.479956150054932,8589934592,2147483648,6044762112,407961600
206,1772004077095,3204,3204,3204,3204,3204,3204,3204,3204,28.571430206298828,23.809524536132813,23.809524536132813,19.047618865966797,14.285715103149414,14.285715103149414,0,0,5.479956150054932,8589934592,2147483648,6035439616,407961600
201,1772004077302,3204,3204,3204,3204,3204,3204,3204,3204,33.333335876464844,25,20,20,5,5,5,4.761904716491699,5.479956150054932,8589934592,2147483648,6036176896,407961600
209,1772004077504,3204,3204,3204,3204,3204,3204,3204,3204,65,60.000003814697266,60.000003814697266,57.142860412597656,4.761904716491699,5,4.761904716491699,0,5.479956150054932,8589934592,2147483648,6038110208,407961600
204,1772004077713,3204,3204,3204,3204,3204,3204,3204,3204,57.142860412597656,61.904762268066406,42.85714340209961,45,0,4.545454502105713,0,0,5.479956150054932,8589934592,2147483648,6047416320,407961600
204,1772004077919,3204,3204,3204,3204,3204,3204,3204,3204,60.000003814697266,55,57.142860412597656,55,0,0,0,0,5.233797073364258,8589934592,2147483648,6034898944,407961600
206,1772004078123,3204,3204,3204,3204,3204,3204,3204,3204,57.142860412597656,61.904762268066406,61.904762268066406,42.85714340209961,9.090909004211426,5,4.761904716491699,5,5.233797073364258,8589934592,2147483648,6035226624,407961600
209,1772004078331,3204,3204,3204,3204,3204,3204,3204,3204,45,42.85714340209961,47.36842346191406,47.619049072265625,9.523809432983398,9.523809432983398,0,0,5.233797073364258,8589934592,2147483648,6035898368,407961600
209,1772004078541,3204,3204,3204,3204,3204,3204,3204,3204,42.85714340209961,40,47.619049072265625,38.095237731933594,19.047618865966797,14.285715103149414,0,4.761904716491699,5.233797073364258,8589934592,2147483648,6034866176,407961600
205,1772004078751,3204,3204,3204,3204,3204,3204,3204,3204,50,54.54545593261719,50,45,4.761904716491699,4.761904716491699,4.761904716491699,4.761904716491699,5.233797073364258,8589934592,2147483648,6035292160,407961600
209,1772004078957,3204,3204,3204,3204,3204,3204,3204,3204,71.42857360839844,65,60.000003814697266,57.142860412597656,10.526315689086914,5,5,4.761904716491699,6.140059947967529,8589934592,2147483648,6048317440,407961600
205,1772004079168,3204,3204,3204,3204,3204,3204,3204,3204,47.619049072265625,47.619049072265625,52.38095474243164,47.619049072265625,27.272727966308594,13.636363983154297,0,0,6.140059947967529,8589934592,2147483648,6036701184,407961600
208,1772004079375,3204,3204,3204,3204,3204,3204,3204,3204,57.142860412597656,50,55,50,4.761904716491699,4.761904716491699,4.761904716491699,0,6.140059947967529,8589934592,2147483648,6038224896,407961600
205,1772004079584,3204,3204,3204,3204,3204,3204,3204,3204,47.619049072265625,52.38095474243164,45.45454788208008,36.3636360168457,4.761904716491699,0,0,4.545454502105713,6.140059947967529,8589934592,2147483648,6038339584,407961600
200,1772004079791,3204,3204,3204,3204,3204,3204,3204,3204,55,45,50,42.105262756347656,4.761904716491699,4.761904716491699,4.761904716491699,0,6.140059947967529,8589934592,2147483648,6038339584,407961600
208,1772004079993,3204,3204,3204,3204,3204,3204,3204,3204,70,57.142860412597656,55,61.904762268066406,0,0,0,0,5.95091438293457,8589934592,2147483648,6039519232,407961600
199,1772004080202,3204,3204,3204,3204,3204,3204,3204,3204,76.19047546386719,80.95238494873047,80.95238494873047,71.42857360839844,5,4.761904716491699,4.761904716491699,0,5.95091438293457,8589934592,2147483648,6063325184,407961600
204,1772004080402,3204,3204,3204,3204,3204,3204,3204,3204,68.42105102539063,65,55,65,0,0,0,0,5.95091438293457,8589934592,2147483648,6093733888,407961600
204,1772004080608,3204,3204,3204,3204,3204,3204,3204,3204,71.42857360839844,80,71.42857360839844,70,9.523809432983398,4.761904716491699,4.545454502105713,4.761904716491699,5.95091438293457,8589934592,2147483648,6076465152,407961600
201,1772004080813,3204,3204,3204,3204,3204,3204,3204,3204,55,47.619049072265625,45,42.85714340209961,0,0,0,0,5.95091438293457,8589934592,2147483648,6076743680,407961600
206,1772004081015,3204,3204,3204,3204,3204,3204,3204,3204,42.85714340209961,45,47.36842346191406,52.38095474243164,0,0,0,0,6.271080493927002,8589934592,2147483648,6077054976,407961600
206,1772004081222,3204,3204,3204,3204,3204,3204,3204,3204,61.904762268066406,61.904762268066406,57.142860412597656,52.6315803527832,27.272727966308594,14.285715103149414,5,5,6.271080493927002,8589934592,2147483648,6065471488,407961600
207,1772004081429,3204,3204,3204,3204,3204,3204,3204,3204,50,45,42.85714340209961,40.90909194946289,0,4.761904716491699,0,0,6.271080493927002,8589934592,2147483648,6065291264,407961600
208,1772004081637,3204,3204,3204,3204,3204,3204,3204,3204,50,40,42.85714340209961,42.105262756347656,0,0,0,0,6.271080493927002,8589934592,2147483648,6066438144,407961600
199,1772004081846,3204,3204,3204,3204,3204,3204,3204,3204,52.38095474243164,50,47.619049072265625,40.90909194946289,4.761904716491699,4.761904716491699,4.761904716491699,4.545454502105713,6.4386186599731445,8589934592,2147483648,6065930240,407961600
207,1772004082048,3204,3204,3204,3204,3204,3204,3204,3204,61.904762268066406,47.36842346191406,68.42105102539063,50,0,0,0,0,6.4386186599731445,8589934592,2147483648,6066290688,407961600
207,1772004082256,3204,3204,3204,3204,3204,3204,3204,3204,50,50,47.619049072265625,50,0,0,0,0,6.4386186599731445,8589934592,2147483648,6066601984,407961600
205,1772004082464,3204,3204,3204,3204,3204,3204,3204,3204,31.81818199157715,30.000001907348633,28.571430206298828,31.81818199157715,4.761904716491699,4.761904716491699,4.761904716491699,4.761904716491699,6.4386186599731445,8589934592,2147483648,6067830784,407961600
201,1772004082670,3204,3204,3204,3204,3204,3204,3204,3204,21.052631378173828,25,23.809524536132813,25,4.761904716491699,0,0,4.545454502105713,6.4386186599731445,8589934592,2147483648,6067994624,407961600
208,1772004082872,3204,3204,3204,3204,3204,3204,3204,3204,28.571430206298828,28.571430206298828,20,20,5,4.761904716491699,0,0,6.202843189239502,8589934592,2147483648,6070616064,407961600
205,1772004083081,3204,3204,3204,3204,3204,3204,3204,3204,52.38095474243164,40,45,38.095237731933594,0,0,0,0,6.202843189239502,8589934592,2147483648,6069960704,407961600
209,1772004083286,3204,3204,3204,3204,3204,3204,3204,3204,31.57894515991211,28.571430206298828,28.571430206298828,26.3157901763916,25,14.285715103149414,10,4.761904716491699,6.202843189239502,8589934592,2147483648,6065324032,407961600
209,1772004083496,3204,3204,3204,3204,3204,3204,3204,3204,27.272727966308594,23.809524536132813,25,18.18181800842285,18.18181800842285,40.90909194946289,4.761904716491699,9.523809432983398,6.202843189239502,8589934592,2147483648,6056099840,407961600
204,1772004083706,3204,3204,3204,3204,3204,3204,3204,3204,25,19.047618865966797,27.272727966308594,19.047618865966797,4.761904716491699,0,4.545454502105713,0,6.202843189239502,8589934592,2147483648,6056050688,407961600
203,1772004083911,3204,3204,3204,3204,3204,3204,3204,3204,38.095237731933594,30.000001907348633,35,21.052631378173828,5,9.523809432983398,5,0,5.681864261627197,8589934592,2147483648,6064553984,407961600
209,1772004084115,3204,3204,3204,3204,3204,3204,3204,3204,40,40,28.571430206298828,28.571430206298828,20,10.526315689086914,5,5,5.681864261627197,8589934592,2147483648,6064766976,407961600
208,1772004084325,3204,3204,3204,3204,3204,3204,3204,3204,28.571430206298828,19.047618865966797,15.789472579956055,14.285715103149414,100,40.90909194946289,0,0,5.681864261627197,8589934592,2147483648,6065242112,407961600
203,1772004084535,3204,3204,3204,3204,3204,3204,3204,3204,19.047618865966797,23.809524536132813,22.72727394104004,19.047618865966797,0,33.333335876464844,33.333335876464844,33.333335876464844,5.681864261627197,8589934592,2147483648,6065717248,407961600
204,1772004084739,3204,3204,3204,3204,3204,3204,3204,3204,15.000000953674316,25,23.809524536132813,14.285715103149414,4.545454502105713,0,35,0,5.681864261627197,8589934592,2147483648,6065324032,407961600
201,1772004084943,3204,3204,3204,3204,3204,3204,3204,3204,20,23.809524536132813,20,15.000000953674316,0,0,95.23809814453125,4.761904716491699,5.888339996337891,8589934592,2147483648,6065340416,407961600
209,1772004085145,3204,3204,3204,3204,3204,3204,3204,3204,20,20,15.000000953674316,10.526315689086914,0,0,0,100,5.888339996337891,8589934592,2147483648,6065274880,407961600
209,1772004085355,3204,3204,3204,3204,3204,3204,3204,3204,23.809524536132813,20,15.000000953674316,18.18181800842285,0,0,4.545454502105713,66.66667175292969,5.888339996337891,8589934592,2147483648,6064799744,407961600
207,1772004085565,3204,3204,3204,3204,3204,3204,3204,3204,52.38095474243164,47.619049072265625,38.095237731933594,38.095237731933594,19.047618865966797,31.81818199157715,60.000003814697266,5,5.888339996337891,8589934592,2147483648,6070501376,407961600
207,1772004085772,3204,3204,3204,3204,3204,3204,3204,3204,55,57.142860412597656,54.54545593261719,57.142860412597656,30.000001907348633,0,68.18181610107422,0,5.888339996337891,8589934592,2147483648,6050332672,407961600
204,1772004085981,3204,3204,3204,3204,3204,3204,3204,3204,42.85714340209961,45,45,42.105262756347656,36.3636360168457,4.761904716491699,25,0,8.838019371032715,8589934592,2147483648,6036144128,407961600
203,1772004086185,3204,3204,3204,3204,3204,3204,3204,3204,40,35,42.85714340209961,31.81818199157715,57.142860412597656,57.142860412597656,5,0,8.838019371032715,8589934592,2147483648,6036373504,407961600
208,1772004086388,3204,3204,3204,3204,3204,3204,3204,3204,50,50,42.105262756347656,45,90,10,0,0,8.838019371032715,8589934592,2147483648,6029230080,407961600
209,1772004086597,3204,3204,3204,3204,3204,3204,3204,3204,57.142860412597656,28.571430206298828,45,38.095237731933594,25,33.333335876464844,0,0,8.838019371032715,8589934592,2147483648,5994020864,407961600
207,1772004086807,3204,3204,3204,3204,3204,3204,3204,3204,40,38.095237731933594,33.333335876464844,28.571430206298828,0,100,0,0,8.838019371032715,8589934592,2147483648,5980684288,407961600
208,1772004087015,3204,3204,3204,3204,3204,3204,3204,3204,47.619049072265625,61.904762268066406,45.45454788208008,40,52.38095474243164,50,22.72727394104004,28.571430206298828,11.217063903808594,8589934592,2147483648,5980684288,407961600
201,1772004087224,3204,3204,3204,3204,3204,3204,3204,3204,42.85714340209961,61.904762268066406,25,28.571430206298828,52.38095474243164,14.285715103149414,0,0,11.217063903808594,8589934592,2147483648,5967396864,407961600
209,1772004087426,3204,3204,3204,3204,3204,3204,3204,3204,45,33.333335876464844,38.095237731933594,42.105262756347656,38.095237731933594,65,0,0,11.217063903808594,8589934592,2147483648,5966888960,407961600
200,1772004087636,3204,3204,3204,3204,3204,3204,3204,3204,52.38095474243164,42.105262756347656,50,45.45454788208008,50,22.72727394104004,23.809524536132813,22.72727394104004,11.217063903808594,8589934592,2147483648,5942771712,407961600
203,1772004087837,3204,3204,3204,3204,3204,3204,3204,3204,42.85714340209961,38.095237731933594,38.095237731933594,40,84.21052551269531,0,0,0,11.228120803833008,8589934592,2147483648,5944573952,407961600
201,1772004088040,3204,3204,3204,3204,3204,3204,3204,3204,40,25,45,45,71.42857360839844,33.333335876464844,0,0,11.228120803833008,8589934592,2147483648,5944573952,407961600
209,1772004088242,3204,3204,3204,3204,3204,3204,3204,3204,45,55,35,25,40,30.000001907348633,0,0,11.228120803833008,8589934592,2147483648,5945819136,407961600
209,1772004088452,3204,3204,3204,3204,3204,3204,3204,3204,47.36842346191406,52.38095474243164,30.000001907348633,28.571430206298828,19.047618865966797,65,4.545454502105713,0,11.228120803833008,8589934592,2147483648,5948440576,407961600
204,1772004088662,3204,3204,3204,3204,3204,3204,3204,3204,47.826087951660156,45,27.272727966308594,31.81818199157715,9.523809432983398,4.761904716491699,95,0,11.228120803833008,8589934592,2147483648,5947244544,407961600
206,1772004088867,3204,3204,3204,3204,3204,3204,3204,3204,47.36842346191406,42.85714340209961,35,21.052631378173828,0,0,70,0,11.635544776916504,8589934592,2147483648,5942345728,407961600
208,1772004089074,3204,3204,3204,3204,3204,3204,3204,3204,36.3636360168457,36.3636360168457,28.571430206298828,59.09090805053711,0,0,61.904762268066406,0,11.635544776916504,8589934592,2147483648,5942493184,407961600
207,1772004089282,3204,3204,3204,3204,3204,3204,3204,3204,25,26.3157901763916,66.66667175292969,30.000001907348633,0,0,100,0,11.635544776916504,8589934592,2147483648,5942493184,407961600
200,1772004089490,3204,3204,3204,3204,3204,3204,3204,3204,42.85714340209961,33.333335876464844,40,50,4.761904716491699,4.545454502105713,47.619049072265625,28.571430206298828,11.635544776916504,8589934592,2147483648,5941870592,407961600
207,1772004089690,3204,3204,3204,3204,3204,3204,3204,3204,40,55,45,42.85714340209961,14.285715103149414,15.000000953674316,0,35,11.635544776916504,8589934592,2147483648,5951799296,407961600
204,1772004089898,3204,3204,3204,3204,3204,3204,3204,3204,45,33.333335876464844,52.38095474243164,40,15.000000953674316,76.19047546386719,13.636363983154297,5,11.401164054870605,8589934592,2147483648,5942575104,407961600
203,1772004090102,3204,3204,3204,3204,3204,3204,3204,3204,47.619049072265625,60.000003814697266,45,47.619049072265625,14.285715103149414,20,0,0,11.401164054870605,8589934592,2147483648,5943951360,407961600
200,1772004090307,3204,3204,3204,3204,3204,3204,3204,3204,52.38095474243164,30.000001907348633,42.85714340209961,38.095237731933594,52.6315803527832,0,4.761904716491699,0,11.401164054870605,8589934592,2147483648,5949816832,407961600
207,1772004090507,3204,3204,3204,3204,3204,3204,3204,3204,57.894737243652344,42.85714340209961,42.105262756347656,26.3157901763916,42.85714340209961,0,0,0,11.401164054870605,8589934592,2147483648,5941657600,407961600
208,1772004090715,3204,3204,3204,3204,3204,3204,3204,3204,50,30.000001907348633,57.142860412597656,40,38.095237731933594,9.090909004211426,4.761904716491699,0,11.401164054870605,8589934592,2147483648,5948997632,407961600
207,1772004090924,3204,3204,3204,3204,3204,3204,3204,3204,40.90909194946289,55,35,31.81818199157715,60.000003814697266,0,0,0,10.453649520874023,8589934592,2147483648,5948719104,407961600
206,1772004091131,3204,3204,3204,3204,3204,3204,3204,3204,36.842105865478516,45.45454788208008,52.38095474243164,45,47.619049072265625,0,0,0,10.453649520874023,8589934592,2147483648,5949652992,407961600
201,1772004091338,3204,3204,3204,3204,3204,3204,3204,3204,28.571430206298828,50,45,38.095237731933594,80,0,0,0,10.453649520874023,8589934592,2147483648,5965545472,407961600
200,1772004091540,3204,3204,3204,3204,3204,3204,3204,3204,55,60.000003814697266,45.45454788208008,35,25,0,0,0,10.453649520874023,8589934592,2147483648,5943476224,407961600
207,1772004091741,3204,3204,3204,3204,3204,3204,3204,3204,30.000001907348633,45,36.842105865478516,50,65,45,0,0,10.453649520874023,8589934592,2147483648,5943476224,407961600
209,1772004091949,3204,3204,3204,3204,3204,3204,3204,3204,50,60.000003814697266,50,40,80,22.72727394104004,9.523809432983398,4.545454502105713,9.585134506225586,8589934592,2147483648,5943476224,407961600
204,1772004092158,3204,3204,3204,3204,3204,3204,3204,3204,71.42857360839844,61.904762268066406,57.142860412597656,57.142860412597656,9.523809432983398,0,0,4.761904716491699,9.585134506225586,8589934592,2147483648,5943476224,407961600
201,1772004092363,3204,3204,3204,3204,3204,3204,3204,3204,47.619049072265625,40,45,45,38.095237731933594,10,0,0,9.585134506225586,8589934592,2147483648,5968199680,407961600
209,1772004092565,3204,3204,3204,3204,3204,3204,3204,3204,42.105262756347656,38.095237731933594,35,35,40,0,0,0,9.585134506225586,8589934592,2147483648,5962678272,407961600
208,1772004092775,3204,3204,3204,3204,3204,3204,3204,3204,33.333335876464844,20,20,14.285715103149414,50,14.285715103149414,4.761904716491699,0,9.585134506225586,8589934592,2147483648,5962678272,407961600
206,1772004092984,3204,3204,3204,3204,3204,3204,3204,3204,31.81818199157715,23.809524536132813,19.047618865966797,18.18181800842285,86.36363983154297,0,9.523809432983398,0,10.77660083770752,8589934592,2147483648,5962678272,407961600
208,1772004093191,3204,3204,3204,3204,3204,3204,3204,3204,31.57894515991211,28.571430206298828,28.571430206298828,15.789472579956055,20,5,0,0,10.77660083770752,8589934592,2147483648,5962678272,407961600
205,1772004093399,3204,3204,3204,3204,3204,3204,3204,3204,38.095237731933594,30.000001907348633,28.571430206298828,23.809524536132813,30.000001907348633,9.090909004211426,10,4.761904716491699,10.77660083770752,8589934592,2147483648,5952978944,407961600
208,1772004093605,3204,3204,3204,3204,3204,3204,3204,3204,28.571430206298828,23.809524536132813,23.809524536132813,19.047618865966797,9.523809432983398,10,19.047618865966797,0,10.77660083770752,8589934592,2147483648,5952159744,407961600
199,1772004093814,3204,3204,3204,3204,3204,3204,3204,3204,25,26.3157901763916,20,19.047618865966797,0,0,0,4.761904716491699,10.77660083770752,8589934592,2147483648,5952438272,407961600
208,1772004094014,3204,3204,3204,3204,3204,3204,3204,3204,55,50,45,45,23.809524536132813,15.789472579956055,15.000000953674316,0,9.349379539489746,8589934592,2147483648,5967118336,407961600
207,1772004094224,3204,3204,3204,3204,3204,3204,3204,3204,25,21.052631378173828,22.72727394104004,23.809524536132813,4.761904716491699,9.523809432983398,0,0,9.349379539489746,8589934592,2147483648,5955534848,407961600
207,1772004094431,3204,3204,3204,3204,3204,3204,3204,3204,31.81818199157715,27.272727966308594,26.3157901763916,20,0,0,0,0,9.349379539489746,8589934592,2147483648,5955584000,407961600
209,1772004094640,3204,3204,3204,3204,3204,3204,3204,3204,25,20,19.047618865966797,19.047618865966797,9.090909004211426,13.636363983154297,4.761904716491699,4.761904716491699,9.349379539489746,8589934592,2147483648,5956239360,407961600
209,1772004094850,3204,3204,3204,3204,3204,3204,3204,3204,28.571430206298828,23.809524536132813,18.18181800842285,28.571430206298828,0,0,0,0,7.5799970626831055,8589934592,2147483648,5955633152,407961600
209,1772004095060,3204,3204,3204,3204,3204,3204,3204,3204,20,19.047618865966797,20,28.571430206298828,0,0,0,0,7.5799970626831055,8589934592,2147483648,5955567616,407961600
206,1772004095270,3204,3204,3204,3204,3204,3204,3204,3204,23.809524536132813,23.809524536132813,22.72727394104004,25,4.761904716491699,4.761904716491699,4.761904716491699,0,7.5799970626831055,8589934592,2147483648,5955698688,407961600
207,1772004095476,3204,3204,3204,3204,3204,3204,3204,3204,40.90909194946289,40,26.3157901763916,33.333335876464844,0,0,0,0,7.5799970626831055,8589934592,2147483648,5957271552,407961600
206,1772004095684,3204,3204,3204,3204,3204,3204,3204,3204,35,28.571430206298828,31.81818199157715,19.047618865966797,0,0,0,4.545454502105713,7.5799970626831055,8589934592,2147483648,5956485120,407961600
201,1772004095891,3204,3204,3204,3204,3204,3204,3204,3204,28.571430206298828,25,23.809524536132813,20,4.761904716491699,4.761904716491699,0,0,5.573760509490967,8589934592,2147483648,5956386816,407961600
209,1772004096093,3204,3204,3204,3204,3204,3204,3204,3204,35,28.571430206298828,26.3157901763916,20,10,5.263157844543457,4.761904716491699,0,5.573760509490967,8589934592,2147483648,5967298560,407961600
204,1772004096303,3204,3204,3204,3204,3204,3204,3204,3204,25,20,23.809524536132813,19.047618865966797,23.809524536132813,19.047618865966797,4.761904716491699,4.545454502105713,5.573760509490967,8589934592,2147483648,5955993600,407961600
209,1772004096508,3204,3204,3204,3204,3204,3204,3204,3204,23.809524536132813,28.571430206298828,19.047618865966797,28.571430206298828,0,0,0,0,5.573760509490967,8589934592,2147483648,5955813376,407961600
209,1772004096718,3204,3204,3204,3204,3204,3204,3204,3204,33.333335876464844,23.809524536132813,25,19.047618865966797,4.761904716491699,4.761904716491699,0,4.545454502105713,5.573760509490967,8589934592,2147483648,5956796416,407961600
204,1772004096928,3204,3204,3204,3204,3204,3204,3204,3204,25,23.809524536132813,19.047618865966797,19.047618865966797,0,4.545454502105713,0,0,5.519163131713867,8589934592,2147483648,5955960832,407961600
205,1772004097133,3204,3204,3204,3204,3204,3204,3204,3204,28.571430206298828,28.571430206298828,23.809524536132813,15.000000953674316,0,0,0,0,5.519163131713867,8589934592,2147483648,5955960832,407961600
209,1772004097339,3204,3204,3204,3204,3204,3204,3204,3204,38.095237731933594,21.052631378173828,35,23.809524536132813,27.272727966308594,23.809524536132813,20,19.047618865966797,5.519163131713867,8589934592,2147483648,5956026368,407961600
209,1772004097549,3204,3204,3204,3204,3204,3204,3204,3204,25,27.272727966308594,23.809524536132813,19.047618865966797,0,0,0,0,5.519163131713867,8589934592,2147483648,5955780608,407961600
209,1772004097759,3204,3204,3204,3204,3204,3204,3204,3204,28.571430206298828,20,23.809524536132813,9.523809432983398,0,0,0,0,5.519163131713867,8589934592,2147483648,5955796992,407961600
205,1772004097969,3204,3204,3204,3204,3204,3204,3204,3204,23.809524536132813,20,10,15.000000953674316,4.761904716491699,9.523809432983398,4.761904716491699,0,5.462547779083252,8589934592,2147483648,5956894720,407961600
205,1772004098175,3204,3204,3204,3204,3204,3204,3204,3204,25,28.571430206298828,27.272727966308594,19.047618865966797,0,0,0,0,5.462547779083252,8589934592,2147483648,5956812800,407961600
201,1772004098381,3204,3204,3204,3204,3204,3204,3204,3204,25,31.81818199157715,15.789472579956055,25,30.000001907348633,20,20,5,5.462547779083252,8589934592,2147483648,5956812800,407961600
209,1772004098583,3204,3204,3204,3204,3204,3204,3204,3204,28.571430206298828,21.052631378173828,23.809524536132813,19.047618865966797,10,5,4.761904716491699,9.523809432983398,5.462547779083252,8589934592,2147483648,5955600384,407961600
198,1772004098799,3204,3204,3204,3204,3204,3204,3204,3204,42.85714340209961,42.85714340209961,42.85714340209961,47.619049072265625,4.545454502105713,4.545454502105713,0,0,5.462547779083252,8589934592,2147483648,5957943296,407961600
207,1772004098998,3204,3204,3204,3204,3204,3204,3204,3204,30.000001907348633,25,25,20,0,0,5,0,5.461880207061768,8589934592,2147483648,5957943296,407961600
208,1772004099205,3204,3204,3204,3204,3204,3204,3204,3204,23.809524536132813,23.809524536132813,28.571430206298828,19.047618865966797,0,0,0,0,5.461880207061768,8589934592,2147483648,5957910528,407961600
202,1772004099414,3204,3204,3204,3204,3204,3204,3204,3204,42.85714340209961,30.000001907348633,33.333335876464844,25,9.090909004211426,4.545454502105713,0,0,5.461880207061768,8589934592,2147483648,5962285056,407961600
204,1772004099617,3204,3204,3204,3204,3204,3204,3204,3204,26.3157901763916,30.000001907348633,25,19.047618865966797,0,0,0,0,5.461880207061768,8589934592,2147483648,5962186752,407961600
204,1772004099822,3204,3204,3204,3204,3204,3204,3204,3204,23.809524536132813,31.81818199157715,20,23.809524536132813,0,0,0,0,5.6092658042907715,8589934592,2147483648,5962268672,407961600
203,1772004100027,3204,3204,3204,3204,3204,3204,3204,3204,35,31.57894515991211,25,21.052631378173828,5,4.761904716491699,0,0,5.6092658042907715,8589934592,2147483648,5963268096,407961600
207,1772004100231,3204,3204,3204,3204,3204,3204,3204,3204,35,33.333335876464844,25,28.571430206298828,5,0,4.761904716491699,4.761904716491699,5.6092658042907715,8589934592,2147483648,5961973760,407961600
207,1772004100439,3204,3204,3204,3204,3204,3204,3204,3204,28.571430206298828,21.052631378173828,28.571430206298828,20,23.809524536132813,27.272727966308594,5,9.090909004211426,5.6092658042907715,8589934592,2147483648,5970771968,407961600
209,1772004100647,3204,3204,3204,3204,3204,3204,3204,3204,28.571430206298828,26.086956024169922,19.047618865966797,14.285715103149414,9.523809432983398,4.761904716491699,0,0,5.6092658042907715,8589934592,2147483648,5960253440,407961600
206,1772004100858,3204,3204,3204,3204,3204,3204,3204,3204,28.571430206298828,20,23.809524536132813,19.047618865966797,0,0,0,0,5.2698235511779785,8589934592,2147483648,5956288512,407961600
209,1772004101064,3204,3204,3204,3204,3204,3204,3204,3204,25,20,28.571430206298828,15.000000953674316,4.761904716491699,4.761904716491699,4.761904716491699,0,5.2698235511779785,8589934592,2147483648,5956206592,407961600
201,1772004101274,3204,3204,3204,3204,3204,3204,3204,3204,23.809524536132813,19.047618865966797,19.047618865966797,19.047618865966797,0,0,0,0,5.2698235511779785,8589934592,2147483648,5956141056,407961600
204,1772004101476,3204,3204,3204,3204,3204,3204,3204,3204,40,40,40,33.333335876464844,0,0,0,0,5.2698235511779785,8589934592,2147483648,5959925760,407961600
209,1772004101681,3204,3204,3204,3204,3204,3204,3204,3204,30.000001907348633,20,20,15.000000953674316,4.761904716491699,0,0,0,5.2698235511779785,8589934592,2147483648,5959188480,407961600
209,1772004101890,3204,3204,3204,3204,3204,3204,3204,3204,20,19.047618865966797,28.571430206298828,10,0,0,0,0,5.849083423614502,8589934592,2147483648,5957435392,407961600
208,1772004102100,3204,3204,3204,3204,3204,3204,3204,3204,30.434782028198242,27.272727966308594,23.809524536132813,18.18181800842285,4.761904716491699,4.761904716491699,0,4.545454502105713,5.849083423614502,8589934592,2147483648,5956354048,407961600
209,1772004102309,3204,3204,3204,3204,3204,3204,3204,3204,20,15.000000953674316,25,19.047618865966797,0,0,0,0,5.849083423614502,8589934592,2147483648,5956091904,407961600
209,1772004102519,3204,3204,3204,3204,3204,3204,3204,3204,35,28.571430206298828,28.571430206298828,23.809524536132813,10,13.636363983154297,0,0,5.849083423614502,8589934592,2147483648,5966561280,407961600
204,1772004102729,3204,3204,3204,3204,3204,3204,3204,3204,38.095237731933594,42.85714340209961,36.3636360168457,20,27.272727966308594,10,4.761904716491699,0,5.849083423614502,8589934592,2147483648,5961793536,407961600
206,1772004102934,3204,3204,3204,3204,3204,3204,3204,3204,25,21.052631378173828,15.789472579956055,14.285715103149414,0,0,0,0,5.311171531677246,8589934592,2147483648,5961842688,407961600
209,1772004103141,3204,3204,3204,3204,3204,3204,3204,3204,28.571430206298828,22.72727394104004,19.047618865966797,15.000000953674316,0,0,0,0,5.311171531677246,8589934592,2147483648,5961809920,407961600
206,1772004103350,3204,3204,3204,3204,3204,3204,3204,3204,23.809524536132813,23.809524536132813,19.047618865966797,19.047618865966797,0,4.545454502105713,0,0,5.311171531677246,8589934592,2147483648,5961777152,407961600
201,1772004103557,3204,3204,3204,3204,3204,3204,3204,3204,20,15.000000953674316,23.809524536132813,14.285715103149414,13.636363983154297,30.000001907348633,0,0,5.311171531677246,8589934592,2147483648,5961826304,407961600
208,1772004103758,3204,3204,3204,3204,3204,3204,3204,3204,20,20,26.3157901763916,15.000000953674316,0,4.761904716491699,0,5,5.311171531677246,8589934592,2147483648,5961760768,407961600
205,1772004103968,3204,3204,3204,3204,3204,3204,3204,3204,31.81818199157715,28.571430206298828,28.571430206298828,19.047618865966797,4.545454502105713,4.761904716491699,4.545454502105713,0,5.427031993865967,8589934592,2147483648,5961990144,407961600
203,1772004104174,3204,3204,3204,3204,3204,3204,3204,3204,25,23.809524536132813,25,15.000000953674316,0,0,0,0,5.427031993865967,8589934592,2147483648,5961842688,407961600
209,1772004104378,3204,3204,3204,3204,3204,3204,3204,3204,25,20,28.571430206298828,19.047618865966797,0,4.761904716491699,4.761904716491699,0,5.427031993865967,8589934592,2147483648,5961449472,407961600
201,1772004104587,3204,3204,3204,3204,3204,3204,3204,3204,20,23.809524536132813,28.571430206298828,14.285715103149414,4.761904716491699,0,4.545454502105713,4.761904716491699,5.427031993865967,8589934592,2147483648,5961449472,407961600
207,1772004104789,3204,3204,3204,3204,3204,3204,3204,3204,33.333335876464844,31.57894515991211,30.000001907348633,20,28.571430206298828,30.000001907348633,0,0,5.427031993865967,8589934592,2147483648,5961007104,407961600
200,1772004104997,3204,3204,3204,3204,3204,3204,3204,3204,35,36.3636360168457,20,20,0,4.761904716491699,4.761904716491699,4.761904716491699,5.230801582336426,8589934592,2147483648,5961678848,407961600
209,1772004105198,3204,3204,3204,3204,3204,3204,3204,3204,40,31.57894515991211,33.333335876464844,26.3157901763916,5,5,0,0,5.230801582336426,8589934592,2147483648,5961777152,407961600
207,1772004105407,3204,3204,3204,3204,3204,3204,3204,3204,23.809524536132813,19.047618865966797,25,19.047618865966797,0,4.545454502105713,0,0,5.230801582336426,8589934592,2147483648,5961465856,407961600
199,1772004105616,3204,3204,3204,3204,3204,3204,3204,3204,28.571430206298828,23.809524536132813,27.272727966308594,18.18181800842285,0,4.761904716491699,4.545454502105713,4.761904716491699,5.230801582336426,8589934592,2147483648,5961465856,407961600
205,1772004105816,3204,3204,3204,3204,3204,3204,3204,3204,31.57894515991211,21.052631378173828,16.666667938232422,15.789472579956055,4.761904716491699,0,0,0,5.230801582336426,8589934592,2147483648,5962104832,407961600
201,1772004106022,3204,3204,3204,3204,3204,3204,3204,3204,23.809524536132813,25,22.72727394104004,19.047618865966797,9.523809432983398,0,0,0,5.36583948135376,8589934592,2147483648,5961252864,407961600
199,1772004106224,3204,3204,3204,3204,3204,3204,3204,3204,30.000001907348633,33.333335876464844,20,20,0,4.545454502105713,0,0,5.36583948135376,8589934592,2147483648,5961252864,407961600
209,1772004106424,3204,3204,3204,3204,3204,3204,3204,3204,30.000001907348633,25,26.3157901763916,25,0,5.263157844543457,4.761904716491699,5,5.36583948135376,8589934592,2147483648,5961252864,407961600
206,1772004106634,3204,3204,3204,3204,3204,3204,3204,3204,23.809524536132813,20,19.047618865966797,19.047618865966797,4.545454502105713,0,0,0,5.36583948135376,8589934592,2147483648,5961252864,407961600
199,1772004106841,3204,3204,3204,3204,3204,3204,3204,3204,35,27.272727966308594,28.571430206298828,19.047618865966797,5,10,10,0,5.5819478034973145,8589934592,2147483648,5972164608,407961600
208,1772004107041,3204,3204,3204,3204,3204,3204,3204,3204,30.000001907348633,26.3157901763916,25,20,15.000000953674316,15.000000953674316,10,4.761904716491699,5.5819478034973145,8589934592,2147483648,5962678272,407961600
200,1772004107250,3204,3204,3204,3204,3204,3204,3204,3204,27.272727966308594,27.272727966308594,33.333335876464844,20,19.047618865966797,18.18181800842285,19.047618865966797,15.000000953674316,5.5819478034973145,8589934592,2147483648,5962792960,407961600
207,1772004107450,3204,3204,3204,3204,3204,3204,3204,3204,25,21.052631378173828,25,15.000000953674316,4.761904716491699,5,0,0,5.5819478034973145,8589934592,2147483648,5964840960,407961600
202,1772004107659,3204,3204,3204,3204,3204,3204,3204,3204,25,19.047618865966797,23.809524536132813,14.285715103149414,0,0,0,0,5.5819478034973145,8589934592,2147483648,5964857344,407961600
209,1772004107861,3204,3204,3204,3204,3204,3204,3204,3204,21.052631378173828,15.789472579956055,26.3157901763916,15.789472579956055,4.761904716491699,0,0,0,5.237783908843994,8589934592,2147483648,5965037568,407961600
202,1772004108071,3204,3204,3204,3204,3204,3204,3204,3204,28.571430206298828,23.809524536132813,33.333335876464844,18.18181800842285,4.761904716491699,9.523809432983398,9.090909004211426,4.761904716491699,5.237783908843994,8589934592,2147483648,5964955648,407961600
208,1772004108274,3204,3204,3204,3204,3204,3204,3204,3204,23.809524536132813,20,25,20,0,0,0,4.761904716491699,5.237783908843994,8589934592,2147483648,5964185600,407961600
209,1772004108483,3204,3204,3204,3204,3204,3204,3204,3204,20,19.047618865966797,23.809524536132813,9.523809432983398,10,14.285715103149414,4.761904716491699,0,5.237783908843994,8589934592,2147483648,5965758464,407961600
209,1772004108693,3204,3204,3204,3204,3204,3204,3204,3204,27.272727966308594,23.809524536132813,23.809524536132813,20,9.090909004211426,4.761904716491699,10,0,5.237783908843994,8589934592,2147483648,5964136448,407961600
209,1772004108903,3204,3204,3204,3204,3204,3204,3204,3204,26.3157901763916,36.3636360168457,28.571430206298828,22.72727394104004,0,0,4.545454502105713,0,5.834862232208252,8589934592,2147483648,5968019456,407961600
207,1772004109113,3204,3204,3204,3204,3204,3204,3204,3204,34.78260803222656,25,28.571430206298828,23.809524536132813,27.272727966308594,20,5,4.761904716491699,5.834862232208252,8589934592,2147483648,5949308928,407961600
208,1772004109322,3204,3204,3204,3204,3204,3204,3204,3204,21.052631378173828,28.571430206298828,15.000000953674316,19.047618865966797,0,9.090909004211426,0,0,5.834862232208252,8589934592,2147483648,5949227008,407961600
209,1772004109531,3204,3204,3204,3204,3204,3204,3204,3204,23.809524536132813,25,19.047618865966797,10,4.761904716491699,4.761904716491699,4.761904716491699,0,5.834862232208252,8589934592,2147483648,5948489728,407961600
209,1772004109741,3204,3204,3204,3204,3204,3204,3204,3204,27.272727966308594,23.809524536132813,23.809524536132813,13.636363983154297,0,0,0,0,5.834862232208252,8589934592,2147483648,5948506112,407961600
204,1772004109951,3204,3204,3204,3204,3204,3204,3204,3204,30.000001907348633,27.272727966308594,31.81818199157715,19.047618865966797,4.761904716491699,4.545454502105713,4.761904716491699,4.761904716491699,5.290613651275635,8589934592,2147483648,5948620800,407961600
206,1772004110155,3204,3204,3204,3204,3204,3204,3204,3204,33.333335876464844,21.052631378173828,25,15.789472579956055,5,0,0,0,5.290613651275635,8589934592,2147483648,5948719104,407961600
209,1772004110362,3204,3204,3204,3204,3204,3204,3204,3204,35,33.333335876464844,26.3157901763916,23.809524536132813,9.523809432983398,9.090909004211426,4.761904716491699,0,5.290613651275635,8589934592,2147483648,5950734336,407961600
206,1772004110573,3204,3204,3204,3204,3204,3204,3204,3204,28.571430206298828,28.571430206298828,22.72727394104004,20,4.761904716491699,5,0,4.761904716491699,5.290613651275635,8589934592,2147483648,5950357504,407961600
208,1772004110780,3204,3204,3204,3204,3204,3204,3204,3204,23.809524536132813,23.809524536132813,28.571430206298828,27.272727966308594,5,4.761904716491699,4.761904716491699,4.761904716491699,5.290613651275635,8589934592,2147483648,5950242816,407961600
209,1772004110989,3204,3204,3204,3204,3204,3204,3204,3204,25,28.571430206298828,19.047618865966797,23.809524536132813,4.761904716491699,0,4.545454502105713,0,5.484801769256592,8589934592,2147483648,5950259200,407961600
207,1772004111200,3204,3204,3204,3204,3204,3204,3204,3204,33.333335876464844,35,33.333335876464844,25,27.272727966308594,27.272727966308594,4.761904716491699,0,5.484801769256592,8589934592,2147483648,5948915712,407961600
206,1772004111407,3204,3204,3204,3204,3204,3204,3204,3204,23.809524536132813,20,23.809524536132813,23.809524536132813,4.761904716491699,9.523809432983398,4.761904716491699,4.761904716491699,5.484801769256592,8589934592,2147483648,5949112320,407961600
209,1772004111614,3204,3204,3204,3204,3204,3204,3204,3204,28.571430206298828,28.571430206298828,21.052631378173828,15.000000953674316,0,0,0,0,5.484801769256592,8589934592,2147483648,5949112320,407961600
206,1772004111824,3204,3204,3204,3204,3204,3204,3204,3204,25,27.272727966308594,31.81818199157715,19.047618865966797,0,0,0,0,5.755876541137695,8589934592,2147483648,5949112320,407961600
208,1772004112031,3204,3204,3204,3204,3204,3204,3204,3204,23.809524536132813,23.809524536132813,23.809524536132813,22.72727394104004,4.761904716491699,4.761904716491699,4.761904716491699,4.761904716491699,5.755876541137695,8589934592,2147483648,5949161472,407961600
209,1772004112240,3204,3204,3204,3204,3204,3204,3204,3204,25,20,19.047618865966797,23.809524536132813,0,4.761904716491699,0,0,5.755876541137695,8589934592,2147483648,5951078400,407961600
208,1772004112450,3204,3204,3204,3204,3204,3204,3204,3204,23.809524536132813,19.047618865966797,15.789472579956055,28.571430206298828,0,0,0,0,5.755876541137695,8589934592,2147483648,5950439424,407961600
209,1772004112658,3204,3204,3204,3204,3204,3204,3204,3204,23.809524536132813,20,19.047618865966797,21.052631378173828,4.761904716491699,0,0,0,5.755876541137695,8589934592,2147483648,5950341120,407961600
203,1772004112868,3204,3204,3204,3204,3204,3204,3204,3204,23.809524536132813,23.809524536132813,23.809524536132813,28.571430206298828,4.761904716491699,5,4.761904716491699,4.545454502105713,5.559097766876221,8589934592,2147483648,5950341120,407961600
208,1772004113072,3204,3204,3204,3204,3204,3204,3204,3204,20,23.809524536132813,23.809524536132813,19.047618865966797,4.761904716491699,4.761904716491699,0,0,5.559097766876221,8589934592,2147483648,5949587456,407961600
203,1772004113281,3204,3204,3204,3204,3204,3204,3204,3204,33.333335876464844,40,23.809524536132813,23.809524536132813,15.000000953674316,4.761904716491699,5,4.545454502105713,5.559097766876221,8589934592,2147483648,5959204864,407961600
205,1772004113484,3204,3204,3204,3204,3204,3204,3204,3204,25,25,20,15.789472579956055,19.047618865966797,25,9.523809432983398,0,5.559097766876221,8589934592,2147483648,5949997056,407961600
202,1772004113690,3204,3204,3204,3204,3204,3204,3204,3204,23.809524536132813,28.571430206298828,19.047618865966797,22.72727394104004,20,4.761904716491699,0,4.545454502105713,5.559097766876221,8589934592,2147483648,5949898752,407961600
203,1772004113894,3204,3204,3204,3204,3204,3204,3204,3204,36.842105865478516,38.095237731933594,31.57894515991211,25,0,0,0,0,5.114804744720459,8589934592,2147483648,5950750720,407961600
209,1772004114097,3204,3204,3204,3204,3204,3204,3204,3204,33.333335876464844,31.57894515991211,28.571430206298828,30.000001907348633,4.761904716491699,5,4.761904716491699,0,5.114804744720459,8589934592,2147483648,5951864832,407961600
205,1772004114308,3204,3204,3204,3204,3204,3204,3204,3204,28.571430206298828,27.272727966308594,23.809524536132813,23.809524536132813,4.761904716491699,4.761904716491699,4.545454502105713,4.761904716491699,5.114804744720459,8589934592,2147483648,5951815680,407961600
201,1772004114513,3204,3204,3204,3204,3204,3204,3204,3204,25,21.052631378173828,25,23.809524536132813,0,4.761904716491699,0,0,5.114804744720459,8589934592,2147483648,5951815680,407961600
208,1772004114715,3204,3204,3204,3204,3204,3204,3204,3204,25,25,20,25,5,0,0,5,5.114804744720459,8589934592,2147483648,5951815680,407961600
206,1772004114924,3204,3204,3204,3204,3204,3204,3204,3204,28.571430206298828,31.81818199157715,20,20,4.761904716491699,9.523809432983398,4.545454502105713,0,5.564938545227051,8589934592,2147483648,5951815680,407961600
209,1772004115131,3204,3204,3204,3204,3204,3204,3204,3204,20,25,23.809524536132813,19.047618865966797,0,0,0,0,5.564938545227051,8589934592,2147483648,5952126976,407961600
209,1772004115340,3204,3204,3204,3204,3204,3204,3204,3204,30.000001907348633,28.571430206298828,31.81818199157715,33.333335876464844,14.285715103149414,4.761904716491699,0,0,5.564938545227051,8589934592,2147483648,5960417280,407961600
207,1772004115551,3204,3204,3204,3204,3204,3204,3204,3204,36.3636360168457,28.571430206298828,19.047618865966797,23.809524536132813,19.047618865966797,19.047618865966797,13.636363983154297,4.545454502105713,5.564938545227051,8589934592,2147483648,5951832064,407961600
209,1772004115759,3204,3204,3204,3204,3204,3204,3204,3204,30.000001907348633,25,21.052631378173828,15.000000953674316,4.761904716491699,4.761904716491699,4.761904716491699,0,5.564938545227051,8589934592,2147483648,5951832064,407961600
207,1772004115969,3204,3204,3204,3204,3204,3204,3204,3204,27.272727966308594,33.333335876464844,23.809524536132813,18.18181800842285,0,0,0,0,5.781868934631348,8589934592,2147483648,5952012288,407961600
207,1772004116176,3204,3204,3204,3204,3204,3204,3204,3204,25,28.571430206298828,22.72727394104004,20,9.090909004211426,5,0,4.761904716491699,5.781868934631348,8589934592,2147483648,5952045056,407961600
208,1772004116384,3204,3204,3204,3204,3204,3204,3204,3204,28.571430206298828,28.571430206298828,25,23.809524536132813,0,0,0,0,5.781868934631348,8589934592,2147483648,5951799296,407961600
206,1772004116593,3204,3204,3204,3204,3204,3204,3204,3204,25,25,23.809524536132813,15.000000953674316,0,4.761904716491699,0,0,5.781868934631348,8589934592,2147483648,5952847872,407961600
201,1772004116799,3204,3204,3204,3204,3204,3204,3204,3204,40.90909194946289,33.333335876464844,35,33.333335876464844,0,0,0,0,5.781868934631348,8589934592,2147483648,5946834944,407961600
209,1772004117001,3204,3204,3204,3204,3204,3204,3204,3204,31.57894515991211,31.57894515991211,35,30.000001907348633,4.761904716491699,5,4.761904716491699,4.761904716491699,5.786146640777588,8589934592,2147483648,5948981248,407961600
209,1772004117211,3204,3204,3204,3204,3204,3204,3204,3204,45.45454788208008,45.45454788208008,36.3636360168457,28.571430206298828,4.761904716491699,4.545454502105713,0,0,5.786146640777588,8589934592,2147483648,5953847296,407961600
202,1772004117421,3204,3204,3204,3204,3204,3204,3204,3204,35,20,19.047618865966797,19.047618865966797,4.545454502105713,0,0,0,5.786146640777588,8589934592,2147483648,5952061440,407961600
208,1772004117624,3204,3204,3204,3204,3204,3204,3204,3204,30.000001907348633,33.333335876464844,30.000001907348633,20,21.052631378173828,20,5,20,5.786146640777588,8589934592,2147483648,5949095936,407961600
207,1772004117833,3204,3204,3204,3204,3204,3204,3204,3204,38.095237731933594,45,42.85714340209961,42.85714340209961,0,4.761904716491699,0,0,5.691880226135254,8589934592,2147483648,5958565888,407961600
207,1772004118041,3204,3204,3204,3204,3204,3204,3204,3204,35,33.333335876464844,35,30.000001907348633,0,0,0,0,5.691880226135254,8589934592,2147483648,5960138752,407961600
208,1772004118249,3204,3204,3204,3204,3204,3204,3204,3204,28.571430206298828,25,28.571430206298828,22.72727394104004,4.761904716491699,4.761904716491699,0,0,5.691880226135254,8589934592,2147483648,5960056832,407961600
209,1772004118458,3204,3204,3204,3204,3204,3204,3204,3204,33.333335876464844,28.571430206298828,33.333335876464844,21.052631378173828,27.272727966308594,20,19.047618865966797,18.18181800842285,5.691880226135254,8589934592,2147483648,5960335360,407961600
206,1772004118667,3204,3204,3204,3204,3204,3204,3204,3204,23.809524536132813,19.047618865966797,20,18.18181800842285,20,14.285715103149414,4.761904716491699,0,5.691880226135254,8589934592,2147483648,5960335360,407961600
208,1772004118874,3204,3204,3204,3204,3204,3204,3204,3204,30.000001907348633,23.809524536132813,23.809524536132813,19.047618865966797,0,4.545454502105713,0,0,6.023617267608643,8589934592,2147483648,5960335360,407961600
206,1772004119084,3204,3204,3204,3204,3204,3204,3204,3204,55,57.142860412597656,47.619049072265625,52.38095474243164,4.761904716491699,0,0,4.761904716491699,6.023617267608643,8589934592,2147483648,5960335360,407961600
205,1772004119291,3204,3204,3204,3204,3204,3204,3204,3204,27.272727966308594,20,23.809524536132813,20,0,5,4.761904716491699,0,6.023617267608643,8589934592,2147483648,5968674816,407961600
201,1772004119497,3204,3204,3204,3204,3204,3204,3204,3204,25,23.809524536132813,25,20,4.761904716491699,4.545454502105713,0,0,6.023617267608643,8589934592,2147483648,5968887808,407961600
206,1772004119699,3204,3204,3204,3204,3204,3204,3204,3204,30.000001907348633,26.3157901763916,25,25,23.809524536132813,25,13.636363983154297,10,6.023617267608643,8589934592,2147483648,5979570176,407961600
209,1772004119907,3204,3204,3204,3204,3204,3204,3204,3204,33.333335876464844,23.809524536132813,25,19.047618865966797,10,5,0,0,5.981141090393066,8589934592,2147483648,5968904192,407961600
206,1772004120117,3204,3204,3204,3204,3204,3204,3204,3204,35,31.81818199157715,31.81818199157715,23.809524536132813,0,0,0,0,5.981141090393066,8589934592,2147483648,5979340800,407961600
206,1772004120324,3204,3204,3204,3204,3204,3204,3204,3204,42.85714340209961,36.842105865478516,30.000001907348633,33.333335876464844,4.761904716491699,4.761904716491699,0,4.545454502105713,5.981141090393066,8589934592,2147483648,5980700672,407961600
204,1772004120531,3204,3204,3204,3204,3204,3204,3204,3204,60.000003814697266,52.38095474243164,55,52.38095474243164,0,0,0,0,5.981141090393066,8589934592,2147483648,5981749248,407961600
204,1772004120735,3204,3204,3204,3204,3204,3204,3204,3204,66.66667175292969,61.904762268066406,61.904762268066406,55,4.761904716491699,5,4.761904716491699,4.761904716491699,5.981141090393066,8589934592,2147483648,5987287040,407961600
205,1772004120940,3204,3204,3204,3204,3204,3204,3204,3204,55,50,42.105262756347656,40,23.809524536132813,20,4.761904716491699,0,5.728820323944092,8589934592,2147483648,5987188736,407961600
209,1772004121145,3204,3204,3204,3204,3204,3204,3204,3204,61.904762268066406,57.142860412597656,50,57.142860412597656,0,0,0,4.761904716491699,5.728820323944092,8589934592,2147483648,5984894976,407961600
201,1772004121356,3204,3204,3204,3204,3204,3204,3204,3204,61.904762268066406,70,52.38095474243164,66.66667175292969,4.761904716491699,8.69565200805664,4.761904716491699,0,5.728820323944092,8589934592,2147483648,5974507520,407961600
201,1772004121557,3204,3204,3204,3204,3204,3204,3204,3204,65,76.19047546386719,75,70,0,0,0,0,5.728820323944092,8589934592,2147483648,5968543744,407961600
209,1772004121760,3204,3204,3204,3204,3204,3204,3204,3204,55,50,45,40,0,0,0,4.545454502105713,5.728820323944092,8589934592,2147483648,5968003072,407961600
203,1772004121970,3204,3204,3204,3204,3204,3204,3204,3204,65,70,70,61.904762268066406,23.809524536132813,15.000000953674316,0,0,6.0344390869140625,8589934592,2147483648,5968003072,407961600
208,1772004122174,3204,3204,3204,3204,3204,3204,3204,3204,66.66667175292969,52.38095474243164,57.142860412597656,50,4.761904716491699,0,0,0,6.0344390869140625,8589934592,2147483648,5968003072,407961600
207,1772004122384,3204,3204,3204,3204,3204,3204,3204,3204,50,47.619049072265625,47.619049072265625,42.85714340209961,9.523809432983398,9.523809432983398,4.761904716491699,4.761904716491699,6.0344390869140625,8589934592,2147483648,5954207744,407961600
204,1772004122593,3204,3204,3204,3204,3204,3204,3204,3204,50,45,45,40.90909194946289,0,0,4.545454502105713,0,6.0344390869140625,8589934592,2147483648,5954158592,407961600
208,1772004122798,3204,3204,3204,3204,3204,3204,3204,3204,45,47.619049072265625,42.85714340209961,36.842105865478516,0,0,0,0,6.0344390869140625,8589934592,2147483648,5954486272,407961600
205,1772004123008,3204,3204,3204,3204,3204,3204,3204,3204,59.09090805053711,57.142860412597656,61.904762268066406,45.45454788208008,9.523809432983398,9.523809432983398,0,4.761904716491699,6.540279865264893,8589934592,2147483648,5953617920,407961600
208,1772004123215,3204,3204,3204,3204,3204,3204,3204,3204,50,55,47.619049072265625,36.842105865478516,0,0,4.545454502105713,0,6.540279865264893,8589934592,2147483648,5951422464,407961600
207,1772004123425,3204,3204,3204,3204,3204,3204,3204,3204,52.38095474243164,50,45,50,0,0,0,4.761904716491699,6.540279865264893,8589934592,2147483648,5951651840,407961600
209,1772004123633,3204,3204,3204,3204,3204,3204,3204,3204,45,40,33.333335876464844,38.095237731933594,15.000000953674316,27.272727966308594,9.523809432983398,4.761904716491699,6.540279865264893,8589934592,2147483648,5950504960,407961600
204,1772004123843,3204,3204,3204,3204,3204,3204,3204,3204,47.619049072265625,52.38095474243164,42.85714340209961,47.619049072265625,0,0,0,0,6.182928085327148,8589934592,2147483648,5950881792,407961600
209,1772004124048,3204,3204,3204,3204,3204,3204,3204,3204,65,57.142860412597656,61.904762268066406,63.15789031982422,22.72727394104004,15.000000953674316,9.523809432983398,5,6.182928085327148,8589934592,2147483648,5950242816,407961600
204,1772004124259,3204,3204,3204,3204,3204,3204,3204,3204,50,47.619049072265625,42.85714340209961,40.90909194946289,10,9.523809432983398,0,0,6.182928085327148,8589934592,2147483648,5950488576,407961600
201,1772004124464,3204,3204,3204,3204,3204,3204,3204,3204,52.6315803527832,60.000003814697266,50,45,0,0,0,0,6.182928085327148,8589934592,2147483648,5951537152,407961600
209,1772004124666,3204,3204,3204,3204,3204,3204,3204,3204,52.38095474243164,45,40,42.85714340209961,5,5,5,0,6.182928085327148,8589934592,2147483648,5951881216,407961600
205,1772004124877,3204,3204,3204,3204,3204,3204,3204,3204,50,47.619049072265625,45.45454788208008,40,0,0,0,0,6.059450626373291,8589934592,2147483648,5951569920,407961600
202,1772004125084,3204,3204,3204,3204,3204,3204,3204,3204,63.6363639831543,61.904762268066406,65,57.142860412597656,0,4.761904716491699,0,4.761904716491699,6.059450626373291,8589934592,2147483648,5953929216,407961600
208,1772004125288,3204,3204,3204,3204,3204,3204,3204,3204,55,55,50,52.38095474243164,0,0,0,0,6.059450626373291,8589934592,2147483648,5956222976,407961600
208,1772004125498,3204,3204,3204,3204,3204,3204,3204,3204,60.000003814697266,57.142860412597656,52.38095474243164,52.38095474243164,13.043478012084961,4.761904716491699,4.761904716491699,0,6.059450626373291,8589934592,2147483648,5955993600,407961600
205,1772004125708,3204,3204,3204,3204,3204,3204,3204,3204,38.095237731933594,40,38.095237731933594,33.333335876464844,0,0,0,0,6.059450626373291,8589934592,2147483648,5956419584,407961600
202,1772004125914,3204,3204,3204,3204,3204,3204,3204,3204,61.904762268066406,57.142860412597656,55,52.6315803527832,0,4.761904716491699,0,4.761904716491699,6.151261806488037,8589934592,2147483648,5956665344,407961600
209,1772004126117,3204,3204,3204,3204,3204,3204,3204,3204,61.904762268066406,70,52.38095474243164,55,10,14.285715103149414,10,9.523809432983398,6.151261806488037,8589934592,2147483648,5954486272,407961600
205,1772004126327,3204,3204,3204,3204,3204,3204,3204,3204,55,47.619049072265625,47.619049072265625,50,15.000000953674316,4.761904716491699,0,0,6.151261806488037,8589934592,2147483648,5944885248,407961600
206,1772004126534,3204,3204,3204,3204,3204,3204,3204,3204,57.142860412597656,61.904762268066406,57.142860412597656,61.904762268066406,31.81818199157715,25,23.809524536132813,25,6.151261806488037,8589934592,2147483648,5943164928,407961600
199,1772004126741,3204,3204,3204,3204,3204,3204,3204,3204,28.571430206298828,19.047618865966797,21.052631378173828,10,5,4.761904716491699,5,4.761904716491699,6.151261806488037,8589934592,2147483648,5945294848,407961600
199,1772004126941,3204,3204,3204,3204,3204,3204,3204,3204,47.36842346191406,31.57894515991211,47.619049072265625,35,5,5.263157844543457,5,5,6.440644264221191,8589934592,2147483648,5945294848,407961600
209,1772004127141,3204,3204,3204,3204,3204,3204,3204,3204,52.38095474243164,50,47.36842346191406,40,20,19.047618865966797,19.047618865966797,15.000000953674316,6.440644264221191,8589934592,2147483648,5945294848,407961600
206,1772004127351,3204,3204,3204,3204,3204,3204,3204,3204,19.047618865966797,27.272727966308594,18.18181800842285,15.000000953674316,4.761904716491699,4.761904716491699,4.761904716491699,4.761904716491699,6.440644264221191,8589934592,2147483648,5945294848,407961600
207,1772004127557,3204,3204,3204,3204,3204,3204,3204,3204,21.052631378173828,21.052631378173828,20,36.3636360168457,4.761904716491699,5,0,0,6.440644264221191,8589934592,2147483648,5947031552,407961600
207,1772004127766,3204,3204,3204,3204,3204,3204,3204,3204,30.000001907348633,33.333335876464844,28.571430206298828,15.789472579956055,47.619049072265625,40.90909194946289,0,5,6.440644264221191,8589934592,2147483648,5950210048,407961600
206,1772004127974,3204,3204,3204,3204,3204,3204,3204,3204,23.809524536132813,25,23.809524536132813,22.72727394104004,76.19047546386719,4.761904716491699,0,0,6.429034233093262,8589934592,2147483648,5949358080,407961600
209,1772004128181,3204,3204,3204,3204,3204,3204,3204,3204,23.809524536132813,23.809524536132813,23.809524536132813,20,65,0,0,0,6.429034233093262,8589934592,2147483648,5949358080,407961600
199,1772004128391,3204,3204,3204,3204,3204,3204,3204,3204,33.333335876464844,40.90909194946289,28.571430206298828,23.809524536132813,47.619049072265625,42.85714340209961,21.7391300201416,4.761904716491699,6.429034233093262,8589934592,2147483648,5947752448,407961600
209,1772004128591,3204,3204,3204,3204,3204,3204,3204,3204,30.000001907348633,21.052631378173828,21.052631378173828,15.000000953674316,10,80,15.789472579956055,5,6.429034233093262,8589934592,2147483648,5947785216,407961600
205,1772004128801,3204,3204,3204,3204,3204,3204,3204,3204,28.571430206298828,38.095237731933594,38.095237731933594,19.047618865966797,10,60.000003814697266,0,0,6.429034233093262,8589934592,2147483648,5947179008,407961600
200,1772004129007,3204,3204,3204,3204,3204,3204,3204,3204,20,25,20,23.809524536132813,72.7272720336914,5,4.761904716491699,28.571430206298828,6.562432289123535,8589934592,2147483648,5947277312,407961600
209,1772004129208,3204,3204,3204,3204,3204,3204,3204,3204,20,20,15.000000953674316,20,0,0,0,100,6.562432289123535,8589934592,2147483648,5947244544,407961600
209,1772004129418,3204,3204,3204,3204,3204,3204,3204,3204,23.809524536132813,19.047618865966797,22.72727394104004,23.809524536132813,0,4.545454502105713,0,35,6.562432289123535,8589934592,2147483648,5947473920,407961600
203,1772004129628,3204,3204,3204,3204,3204,3204,3204,3204,25,23.809524536132813,15.000000953674316,23.809524536132813,4.761904716491699,4.545454502105713,0,95.45454406738281,6.562432289123535,8589934592,2147483648,5947375616,407961600
207,1772004129832,3204,3204,3204,3204,3204,3204,3204,3204,23.809524536132813,20,15.000000953674316,15.000000953674316,47.36842346191406,40,0,35,10.518754959106445,8589934592,2147483648,5947375616,407961600
209,1772004130041,3204,3204,3204,3204,3204,3204,3204,3204,23.809524536132813,23.809524536132813,19.047618865966797,19.047618865966797,9.090909004211426,28.571430206298828,13.636363983154297,0,10.518754959106445,8589934592,2147483648,5947457536,407961600
206,1772004130251,3204,3204,3204,3204,3204,3204,3204,3204,28.571430206298828,25,23.809524536132813,15.000000953674316,19.047618865966797,71.42857360839844,5.263157844543457,0,10.518754959106445,8589934592,2147483648,5947932672,407961600
205,1772004130458,3204,3204,3204,3204,3204,3204,3204,3204,30.000001907348633,33.333335876464844,23.809524536132813,23.809524536132813,65,15.000000953674316,31.81818199157715,14.285715103149414,10.518754959106445,8589934592,2147483648,5946769408,407961600
209,1772004130664,3204,3204,3204,3204,3204,3204,3204,3204,28.571430206298828,19.047618865966797,20,15.000000953674316,42.85714340209961,10,0,0,10.518754959106445,8589934592,2147483648,5946769408,407961600
206,1772004130874,3204,3204,3204,3204,3204,3204,3204,3204,25,25,23.809524536132813,14.285715103149414,35,66.66667175292969,0,0,10.389039993286133,8589934592,2147483648,5946834944,407961600
209,1772004131081,3204,3204,3204,3204,3204,3204,3204,3204,23.809524536132813,23.809524536132813,15.000000953674316,23.809524536132813,9.523809432983398,15.000000953674316,0,75,10.389039993286133,8589934592,2147483648,5946785792,407961600
208,1772004131291,3204,3204,3204,3204,3204,3204,3204,3204,23.809524536132813,27.272727966308594,18.18181800842285,19.047618865966797,4.761904716491699,8.69565200805664,4.761904716491699,59.09090805053711,10.389039993286133,8589934592,2147483648,5947015168,407961600
208,1772004131499,3204,3204,3204,3204,3204,3204,3204,3204,28.571430206298828,25,20,15.000000953674316,0,0,0,80.95238494873047,10.389039993286133,8589934592,2147483648,5946753024,407961600
208,1772004131708,3204,3204,3204,3204,3204,3204,3204,3204,20,20,19.047618865966797,14.285715103149414,0,0,0,100,10.389039993286133,8589934592,2147483648,5946621952,407961600
204,1772004131917,3204,3204,3204,3204,3204,3204,3204,3204,23.809524536132813,22.72727394104004,23.809524536132813,23.809524536132813,35,4.761904716491699,0,28.571430206298828,9.725812911987305,8589934592,2147483648,5946654720,407961600
201,1772004132122,3204,3204,3204,3204,3204,3204,3204,3204,61.904762268066406,60.000003814697266,60.000003814697266,55,42.85714340209961,4.761904716491699,0,38.095237731933594,9.725812911987305,8589934592,2147483648,5949587456,407961600
208,1772004132324,3204,3204,3204,3204,3204,3204,3204,3204,36.842105865478516,40,30.000001907348633,30.000001907348633,45,15.000000953674316,47.619049072265625,0,9.725812911987305,8589934592,2147483648,5949636608,407961600
207,1772004132533,3204,3204,3204,3204,3204,3204,3204,3204,36.3636360168457,33.333335876464844,23.809524536132813,23.809524536132813,14.285715103149414,70,9.523809432983398,15.000000953674316,9.725812911987305,8589934592,2147483648,5949636608,407961600
203,1772004132740,3204,3204,3204,3204,3204,3204,3204,3204,21.052631378173828,28.571430206298828,20,19.047618865966797,5,19.047618865966797,85,0,9.725812911987305,8589934592,2147483648,5933858816,407961600
201,1772004132944,3204,3204,3204,3204,3204,3204,3204,3204,23.809524536132813,21.052631378173828,20,23.809524536132813,4.545454502105713,0,100,0,10.3461275100708,8589934592,2147483648,5926092800,407961600
208,1772004133146,3204,3204,3204,3204,3204,3204,3204,3204,30.000001907348633,33.333335876464844,23.809524536132813,15.789472579956055,0,0,35,4.761904716491699,10.3461275100708,8589934592,2147483648,5925781504,407961600
208,1772004133355,3204,3204,3204,3204,3204,3204,3204,3204,19.047618865966797,19.047618865966797,15.000000953674316,19.047618865966797,9.090909004211426,0,95,0,10.3461275100708,8589934592,2147483648,5925781504,407961600
207,1772004133564,3204,3204,3204,3204,3204,3204,3204,3204,23.809524536132813,26.3157901763916,18.18181800842285,18.18181800842285,50,36.3636360168457,22.72727394104004,10,10.3461275100708,8589934592,2147483648,5925781504,407961600
206,1772004133772,3204,3204,3204,3204,3204,3204,3204,3204,30.000001907348633,31.81818199157715,25,20,42.85714340209961,5,4.761904716491699,14.285715103149414,10.3461275100708,8589934592,2147483648,5933498368,407961600
205,1772004133978,3204,3204,3204,3204,3204,3204,3204,3204,35,35,25,19.047618865966797,57.142860412597656,0,0,4.545454502105713,11.22159481048584,8589934592,2147483648,5940461568,407961600
201,1772004134184,3204,3204,3204,3204,3204,3204,3204,3204,31.81818199157715,28.571430206298828,25,15.789472579956055,36.842105865478516,5,5,0,11.22159481048584,8589934592,2147483648,5947752448,407961600
207,1772004134385,3204,3204,3204,3204,3204,3204,3204,3204,31.57894515991211,31.57894515991211,25,25,57.142860412597656,0,4.761904716491699,0,11.22159481048584,8589934592,2147483648,5946523648,407961600
209,1772004134593,3204,3204,3204,3204,3204,3204,3204,3204,50,47.619049072265625,50,42.85714340209961,30.000001907348633,18.18181800842285,14.285715103149414,14.285715103149414,11.22159481048584,8589934592,2147483648,5939773440,407961600
208,1772004134803,3204,3204,3204,3204,3204,3204,3204,3204,33.333335876464844,30.000001907348633,23.809524536132813,31.81818199157715,66.66667175292969,20,20,9.523809432983398,11.22159481048584,8589934592,2147483648,5946687488,407961600
203,1772004135013,3204,3204,3204,3204,3204,3204,3204,3204,33.333335876464844,31.81818199157715,25,19.047618865966797,61.904762268066406,0,0,0,10.095725059509277,8589934592,2147483648,5928697856,407961600
209,1772004135216,3204,3204,3204,3204,3204,3204,3204,3204,30.000001907348633,30.000001907348633,28.571430206298828,20,40,10,4.761904716491699,5,10.095725059509277,8589934592,2147483648,5922586624,407961600
206,1772004135426,3204,3204,3204,3204,3204,3204,3204,3204,19.047618865966797,19.047618865966797,25,19.047618865966797,95.23809814453125,0,0,0,10.095725059509277,8589934592,2147483648,5930860544,407961600
207,1772004135633,3204,3204,3204,3204,3204,3204,3204,3204,30.000001907348633,20,23.809524536132813,15.789472579956055,35,0,0,0,10.095725059509277,8589934592,2147483648,5930860544,407961600
208,1772004135840,3204,3204,3204,3204,3204,3204,3204,3204,45,30.000001907348633,28.571430206298828,23.809524536132813,4.761904716491699,13.636363983154297,0,15.000000953674316,10.0628080368042,8589934592,2147483648,5930172416,407961600
207,1772004136049,3204,3204,3204,3204,3204,3204,3204,3204,30.000001907348633,33.333335876464844,28.571430206298828,23.809524536132813,20,0,0,0,10.0628080368042,8589934592,2147483648,5943820288,407961600
206,1772004136257,3204,3204,3204,3204,3204,3204,3204,3204,42.85714340209961,35,35,31.81818199157715,33.333335876464844,0,0,0,10.0628080368042,8589934592,2147483648,5953486848,407961600
208,1772004136464,3204,3204,3204,3204,3204,3204,3204,3204,23.809524536132813,23.809524536132813,15.789472579956055,15.000000953674316,66.66667175292969,20,4.761904716491699,0,10.0628080368042,8589934592,2147483648,5961760768,407961600
208,1772004136673,3204,3204,3204,3204,3204,3204,3204,3204,25,28.571430206298828,27.272727966308594,15.000000953674316,76.19047546386719,0,0,0,10.0628080368042,8589934592,2147483648,5945294848,407961600
201,1772004136882,3204,3204,3204,3204,3204,3204,3204,3204,47.619049072265625,45,42.85714340209961,33.333335876464844,50,13.636363983154297,5,9.090909004211426,8.873873710632324,8589934592,2147483648,5934727168,407961600
207,1772004137085,3204,3204,3204,3204,3204,3204,3204,3204,50,35,50,50,10,5,4.761904716491699,0,8.873873710632324,8589934592,2147483648,5929238528,407961600
204,1772004137293,3204,3204,3204,3204,3204,3204,3204,3204,33.333335876464844,31.81818199157715,28.571430206298828,22.72727394104004,9.523809432983398,0,0,0,8.873873710632324,8589934592,2147483648,5929648128,407961600
207,1772004137497,3204,3204,3204,3204,3204,3204,3204,3204,35,21.052631378173828,25,26.3157901763916,25,20,5,0,8.873873710632324,8589934592,2147483648,5929893888,407961600
209,1772004137705,3204,3204,3204,3204,3204,3204,3204,3204,28.571430206298828,19.047618865966797,19.047618865966797,14.285715103149414,0,4.761904716491699,0,0,8.873873710632324,8589934592,2147483648,5930008576,407961600
207,1772004137915,3204,3204,3204,3204,3204,3204,3204,3204,23.809524536132813,23.809524536132813,28.571430206298828,14.285715103149414,4.761904716491699,4.761904716491699,4.545454502105713,4.545454502105713,8.915908813476563,8589934592,2147483648,5930024960,407961600
205,1772004138123,3204,3204,3204,3204,3204,3204,3204,3204,28.571430206298828,25,25,23.809524536132813,0,4.545454502105713,0,0,8.915908813476563,8589934592,2147483648,5931614208,407961600
209,1772004138329,3204,3204,3204,3204,3204,3204,3204,3204,25,19.047618865966797,15.000000953674316,20,4.545454502105713,0,0,0,8.915908813476563,8589934592,2147483648,5931565056,407961600
209,1772004138539,3204,3204,3204,3204,3204,3204,3204,3204,28.571430206298828,30.000001907348633,28.571430206298828,23.809524536132813,15.000000953674316,9.523809432983398,0,0,8.915908813476563,8589934592,2147483648,5933219840,407961600
206,1772004138749,3204,3204,3204,3204,3204,3204,3204,3204,25,22.72727394104004,22.72727394104004,19.047618865966797,9.523809432983398,0,4.545454502105713,4.545454502105713,8.915908813476563,8589934592,2147483648,5933219840,407961600
209,1772004138956,3204,3204,3204,3204,3204,3204,3204,3204,33.333335876464844,35,30.000001907348633,30.000001907348633,13.636363983154297,14.285715103149414,0,5,6.569154262542725,8589934592,2147483648,5942001664,407961600
205,1772004139166,3204,3204,3204,3204,3204,3204,3204,3204,28.571430206298828,31.81818199157715,23.809524536132813,27.272727966308594,10,13.636363983154297,0,0,6.569154262542725,8589934592,2147483648,5931597824,407961600
209,1772004139372,3204,3204,3204,3204,3204,3204,3204,3204,23.809524536132813,25,25,10,0,0,0,0,6.569154262542725,8589934592,2147483648,5931597824,407961600
208,1772004139582,3204,3204,3204,3204,3204,3204,3204,3204,33.333335876464844,19.047618865966797,23.809524536132813,19.047618865966797,4.761904716491699,4.761904716491699,4.761904716491699,0,6.569154262542725,8589934592,2147483648,5931597824,407961600
209,1772004139791,3204,3204,3204,3204,3204,3204,3204,3204,23.809524536132813,20,22.72727394104004,23.809524536132813,0,0,0,0,6.569154262542725,8589934592,2147483648,5931597824,407961600
203,1772004140002,3204,3204,3204,3204,3204,3204,3204,3204,25,23.809524536132813,20,23.809524536132813,4.545454502105713,0,0,0,5.278661727905273,8589934592,2147483648,5933023232,407961600
201,1772004140205,3204,3204,3204,3204,3204,3204,3204,3204,30.000001907348633,21.052631378173828,15.000000953674316,23.809524536132813,0,0,0,4.761904716491699,5.278661727905273,8589934592,2147483648,5932679168,407961600
206,1772004140407,3204,3204,3204,3204,3204,3204,3204,3204,20,31.81818199157715,23.809524536132813,15.789472579956055,4.761904716491699,0,0,0,5.278661727905273,8589934592,2147483648,5932679168,407961600
207,1772004140614,3204,3204,3204,3204,3204,3204,3204,3204,19.047618865966797,25,15.000000953674316,10,0,9.090909004211426,0,0,5.278661727905273,8589934592,2147483648,5932662784,407961600
208,1772004140823,3204,3204,3204,3204,3204,3204,3204,3204,28.571430206298828,25,23.809524536132813,19.047618865966797,0,0,0,0,5.566712856292725,8589934592,2147483648,5932662784,407961600
209,1772004141032,3204,3204,3204,3204,3204,3204,3204,3204,28.571430206298828,31.81818199157715,23.809524536132813,19.047618865966797,9.090909004211426,4.761904716491699,4.761904716491699,0,5.566712856292725,8589934592,2147483648,5931384832,407961600
200,1772004141242,3204,3204,3204,3204,3204,3204,3204,3204,40,33.333335876464844,30.000001907348633,28.571430206298828,28.571430206298828,19.047618865966797,9.090909004211426,4.761904716491699,5.566712856292725,8589934592,2147483648,5928910848,407961600
204,1772004141443,3204,3204,3204,3204,3204,3204,3204,3204,30.000001907348633,22.22222328186035,33.333335876464844,25,0,0,0,0,5.566712856292725,8589934592,2147483648,5927223296,407961600
207,1772004141648,3204,3204,3204,3204,3204,3204,3204,3204,33.333335876464844,38.095237731933594,25,20,5,4.761904716491699,4.761904716491699,4.761904716491699,5.566712856292725,8589934592,2147483648,5931630592,407961600
209,1772004141856,3204,3204,3204,3204,3204,3204,3204,3204,20,23.809524536132813,23.809524536132813,19.047618865966797,0,4.761904716491699,0,4.761904716491699,5.236634731292725,8589934592,2147483648,5929762816,407961600
207,1772004142066,3204,3204,3204,3204,3204,3204,3204,3204,28.571430206298828,28.571430206298828,23.809524536132813,19.047618865966797,9.090909004211426,0,4.761904716491699,0,5.236634731292725,8589934592,2147483648,5929385984,407961600
207,1772004142274,3204,3204,3204,3204,3204,3204,3204,3204,28.571430206298828,23.809524536132813,25,19.047618865966797,0,4.761904716491699,0,4.545454502105713,5.236634731292725,8589934592,2147483648,5929484288,407961600
209,1772004142482,3204,3204,3204,3204,3204,3204,3204,3204,28.571430206298828,25,23.809524536132813,19.047618865966797,4.761904716491699,0,4.761904716491699,0,5.236634731292725,8589934592,2147483648,5929664512,407961600
204,1772004142693,3204,3204,3204,3204,3204,3204,3204,3204,28.571430206298828,23.809524536132813,23.809524536132813,15.000000953674316,0,4.761904716491699,0,0,5.236634731292725,8589934592,2147483648,5928665088,407961600
208,1772004142898,3204,3204,3204,3204,3204,3204,3204,3204,21.052631378173828,19.047618865966797,23.809524536132813,19.047618865966797,0,0,0,0,5.7699384689331055,8589934592,2147483648,5929025536,407961600
199,1772004143107,3204,3204,3204,3204,3204,3204,3204,3204,31.81818199157715,25,25,14.285715103149414,4.545454502105713,4.761904716491699,0,0,5.7699384689331055,8589934592,2147483648,5929074688,407961600
206,1772004143308,3204,3204,3204,3204,3204,3204,3204,3204,31.57894515991211,28.571430206298828,25,25,30.000001907348633,15.000000953674316,5,4.761904716491699,5.7699384689331055,8589934592,2147483648,5929172992,407961600
202,1772004143514,3204,3204,3204,3204,3204,3204,3204,3204,25,26.3157901763916,20,30.000001907348633,5,4.761904716491699,0,0,5.7699384689331055,8589934592,2147483648,5926387712,407961600
206,1772004143717,3204,3204,3204,3204,3204,3204,3204,3204,28.571430206298828,28.571430206298828,30.000001907348633,19.047618865966797,5,25,5,0,5.7699384689331055,8589934592,2147483648,5926404096,407961600
209,1772004143924,3204,3204,3204,3204,3204,3204,3204,3204,19.047618865966797,20,23.809524536132813,19.047618865966797,0,4.761904716491699,0,0,5.227578639984131,8589934592,2147483648,5926502400,407961600
203,1772004144134,3204,3204,3204,3204,3204,3204,3204,3204,25,27.272727966308594,23.809524536132813,19.047618865966797,4.545454502105713,0,0,0,5.227578639984131,8589934592,2147483648,5926567936,407961600
201,1772004144339,3204,3204,3204,3204,3204,3204,3204,3204,19.047618865966797,20,23.809524536132813,15.789472579956055,0,5,0,4.761904716491699,5.227578639984131,8589934592,2147483648,5926567936,407961600
209,1772004144540,3204,3204,3204,3204,3204,3204,3204,3204,30.000001907348633,25,21.052631378173828,19.047618865966797,4.761904716491699,4.761904716491699,0,0,5.227578639984131,8589934592,2147483648,5921456128,407961600
206,1772004144751,3204,3204,3204,3204,3204,3204,3204,3204,28.571430206298828,23.809524536132813,27.272727966308594,20,0,0,0,0,5.227578639984131,8589934592,2147483648,5918588928,407961600
209,1772004144957,3204,3204,3204,3204,3204,3204,3204,3204,25,23.809524536132813,15.789472579956055,19.047618865966797,4.761904716491699,0,4.761904716491699,0,5.676154613494873,8589934592,2147483648,5918998528,407961600
208,1772004145167,3204,3204,3204,3204,3204,3204,3204,3204,33.333335876464844,30.000001907348633,27.272727966308594,23.809524536132813,0,4.545454502105713,0,0,5.676154613494873,8589934592,2147483648,5918605312,407961600
209,1772004145376,3204,3204,3204,3204,3204,3204,3204,3204,25,35,23.809524536132813,23.809524536132813,10,10,4.545454502105713,4.761904716491699,5.676154613494873,8589934592,2147483648,5929172992,407961600
203,1772004145586,3204,3204,3204,3204,3204,3204,3204,3204,27.272727966308594,27.272727966308594,23.809524536132813,19.047618865966797,27.272727966308594,10,4.545454502105713,0,5.676154613494873,8589934592,2147483648,5918900224,407961600
206,1772004145790,3204,3204,3204,3204,3204,3204,3204,3204,20,23.809524536132813,10.526315689086914,15.789472579956055,0,4.545454502105713,0,0,5.676154613494873,8589934592,2147483648,5918982144,407961600
209,1772004145997,3204,3204,3204,3204,3204,3204,3204,3204,28.571430206298828,25,22.72727394104004,19.047618865966797,4.761904716491699,0,0,0,5.123138427734375,8589934592,2147483648,5919014912,407961600
204,1772004146207,3204,3204,3204,3204,3204,3204,3204,3204,33.333335876464844,28.571430206298828,25,23.809524536132813,0,0,0,0,5.123138427734375,8589934592,2147483648,5919227904,407961600
204,1772004146412,3204,3204,3204,3204,3204,3204,3204,3204,26.3157901763916,30.000001907348633,28.571430206298828,19.047618865966797,0,4.761904716491699,0,0,5.123138427734375,8589934592,2147483648,5920833536,407961600
206,1772004146617,3204,3204,3204,3204,3204,3204,3204,3204,23.809524536132813,20,25,23.809524536132813,4.761904716491699,4.761904716491699,0,4.761904716491699,5.123138427734375,8589934592,2147483648,5919965184,407961600
208,1772004146824,3204,3204,3204,3204,3204,3204,3204,3204,30.000001907348633,28.571430206298828,28.571430206298828,25,0,0,4.761904716491699,0,5.64436149597168,8589934592,2147483648,5920079872,407961600
207,1772004147033,3204,3204,3204,3204,3204,3204,3204,3204,19.047618865966797,23.809524536132813,23.809524536132813,23.809524536132813,4.761904716491699,4.761904716491699,0,0,5.64436149597168,8589934592,2147483648,5921800192,407961600
209,1772004147240,3204,3204,3204,3204,3204,3204,3204,3204,28.571430206298828,20,20,23.809524536132813,0,0,0,0,5.64436149597168,8589934592,2147483648,5921226752,407961600
206,1772004147451,3204,3204,3204,3204,3204,3204,3204,3204,28.571430206298828,23.809524536132813,22.72727394104004,23.809524536132813,4.545454502105713,0,0,0,5.64436149597168,8589934592,2147483648,5921226752,407961600
208,1772004147658,3204,3204,3204,3204,3204,3204,3204,3204,38.095237731933594,38.095237731933594,30.000001907348633,20,25,28.571430206298828,4.761904716491699,0,5.64436149597168,8589934592,2147483648,5919997952,407961600
201,1772004147867,3204,3204,3204,3204,3204,3204,3204,3204,25,20,19.047618865966797,23.809524536132813,4.761904716491699,4.761904716491699,4.761904716491699,4.545454502105713,5.3143415451049805,8589934592,2147483648,5919981568,407961600
205,1772004148068,3204,3204,3204,3204,3204,3204,3204,3204,28.571430206298828,28.571430206298828,21.052631378173828,15.000000953674316,4.761904716491699,5,0,0,5.3143415451049805,8589934592,2147483648,5919981568,407961600
209,1772004148275,3204,3204,3204,3204,3204,3204,3204,3204,36.842105865478516,38.095237731933594,38.095237731933594,25,0,0,0,0,5.3143415451049805,8589934592,2147483648,5925912576,407961600
205,1772004148485,3204,3204,3204,3204,3204,3204,3204,3204,42.85714340209961,38.095237731933594,38.095237731933594,28.571430206298828,4.761904716491699,4.545454502105713,0,4.545454502105713,5.3143415451049805,8589934592,2147483648,5929189376,407961600
206,1772004148691,3204,3204,3204,3204,3204,3204,3204,3204,28.571430206298828,25,25,23.809524536132813,10,25,5,9.523809432983398,5.3143415451049805,8589934592,2147483648,5931335680,407961600
199,1772004148897,3204,3204,3204,3204,3204,3204,3204,3204,25,20,19.047618865966797,15.000000953674316,4.761904716491699,0,4.761904716491699,0,5.451656341552734,8589934592,2147483648,5931663360,407961600
209,1772004149098,3204,3204,3204,3204,3204,3204,3204,3204,28.571430206298828,30.000001907348633,19.047618865966797,25,9.523809432983398,9.523809432983398,0,5,5.451656341552734,8589934592,2147483648,5931728896,407961600
209,1772004149307,3204,3204,3204,3204,3204,3204,3204,3204,20,28.571430206298828,21.052631378173828,14.285715103149414,0,0,0,0,5.451656341552734,8589934592,2147483648,5931843584,407961600
201,1772004149517,3204,3204,3204,3204,3204,3204,3204,3204,28.571430206298828,28.571430206298828,27.272727966308594,19.047618865966797,0,0,4.761904716491699,0,5.451656341552734,8589934592,2147483648,5932498944,407961600
206,1772004149719,3204,3204,3204,3204,3204,3204,3204,3204,45,45,40,40,20,15.000000953674316,9.523809432983398,0,5.451656341552734,8589934592,2147483648,5942214656,407961600
206,1772004149926,3204,3204,3204,3204,3204,3204,3204,3204,57.142860412597656,45,45,40,5,9.523809432983398,0,0,5.664283752441406,8589934592,2147483648,5931270144,407961600
207,1772004150133,3204,3204,3204,3204,3204,3204,3204,3204,45,57.142860412597656,57.142860412597656,47.619049072265625,0,0,4.761904716491699,4.761904716491699,5.664283752441406,8589934592,2147483648,5931270144,407961600
209,1772004150341,3204,3204,3204,3204,3204,3204,3204,3204,36.3636360168457,33.333335876464844,35,33.333335876464844,19.047618865966797,19.047618865966797,15.000000953674316,14.285715103149414,5.664283752441406,8589934592,2147483648,5930106880,407961600
204,1772004150552,3204,3204,3204,3204,3204,3204,3204,3204,20,19.047618865966797,9.523809432983398,14.285715103149414,4.761904716491699,4.761904716491699,0,0,5.664283752441406,8589934592,2147483648,5930713088,407961600
199,1772004150757,3204,3204,3204,3204,3204,3204,3204,3204,30.000001907348633,25,20,19.047618865966797,4.761904716491699,0,4.761904716491699,0,5.664283752441406,8589934592,2147483648,5930795008,407961600
199,1772004150957,3204,3204,3204,3204,3204,3204,3204,3204,30.000001907348633,26.3157901763916,23.809524536132813,10.526315689086914,0,0,0,4.761904716491699,5.558914661407471,8589934592,2147483648,5930926080,407961600
204,1772004151157,3204,3204,3204,3204,3204,3204,3204,3204,30.000001907348633,25,21.052631378173828,19.047618865966797,4.761904716491699,5,0,0,5.558914661407471,8589934592,2147483648,5930811392,407961600
208,1772004151362,3204,3204,3204,3204,3204,3204,3204,3204,25,28.571430206298828,23.809524536132813,15.000000953674316,0,4.761904716491699,0,0,5.558914661407471,8589934592,2147483648,5933973504,407961600
209,1772004151572,3204,3204,3204,3204,3204,3204,3204,3204,28.571430206298828,23.809524536132813,23.809524536132813,19.047618865966797,0,0,4.545454502105713,0,5.558914661407471,8589934592,2147483648,5933924352,407961600
209,1772004151782,3204,3204,3204,3204,3204,3204,3204,3204,28.571430206298828,35,23.809524536132813,28.571430206298828,9.090909004211426,9.090909004211426,5,9.523809432983398,5.558914661407471,8589934592,2147483648,5946376192,407961600
209,1772004151992,3204,3204,3204,3204,3204,3204,3204,3204,25,23.809524536132813,19.047618865966797,19.047618865966797,20,15.000000953674316,0,0,5.817809581756592,8589934592,2147483648,5934858240,407961600
204,1772004152202,3204,3204,3204,3204,3204,3204,3204,3204,33.333335876464844,23.809524536132813,23.809524536132813,20,4.545454502105713,0,0,0,5.817809581756592,8589934592,2147483648,5934809088,407961600
206,1772004152407,3204,3204,3204,3204,3204,3204,3204,3204,28.571430206298828,23.809524536132813,25,19.047618865966797,0,0,0,0,5.817809581756592,8589934592,2147483648,5934907392,407961600
207,1772004152613,3204,3204,3204,3204,3204,3204,3204,3204,25,30.000001907348633,20,15.000000953674316,0,0,0,0,5.817809581756592,8589934592,2147483648,5932974080,407961600
201,1772004152821,3204,3204,3204,3204,3204,3204,3204,3204,27.272727966308594,28.571430206298828,18.18181800842285,19.047618865966797,9.090909004211426,0,4.761904716491699,0,5.414761543273926,8589934592,2147483648,5933023232,407961600
209,1772004153023,3204,3204,3204,3204,3204,3204,3204,3204,21.052631378173828,25,20,19.047618865966797,0,0,0,0,5.414761543273926,8589934592,2147483648,5933023232,407961600
209,1772004153233,3204,3204,3204,3204,3204,3204,3204,3204,33.333335876464844,23.809524536132813,20,20,4.761904716491699,4.545454502105713,0,4.761904716491699,5.414761543273926,8589934592,2147483648,5933023232,407961600
206,1772004153443,3204,3204,3204,3204,3204,3204,3204,3204,20,23.809524536132813,14.285715103149414,10,4.761904716491699,15.000000953674316,36.3636360168457,23.809524536132813,5.414761543273926,8589934592,2147483648,5944655872,407961600
209,1772004153649,3204,3204,3204,3204,3204,3204,3204,3204,19.047618865966797,20,14.285715103149414,13.636363983154297,23.809524536132813,27.272727966308594,20,0,5.414761543273926,8589934592,2147483648,5933154304,407961600
204,1772004153859,3204,3204,3204,3204,3204,3204,3204,3204,23.809524536132813,25,23.809524536132813,14.285715103149414,4.761904716491699,4.761904716491699,0,0,5.685436248779297,8589934592,2147483648,5933236224,407961600
207,1772004154064,3204,3204,3204,3204,3204,3204,3204,3204,35,40.90909194946289,35,35,10,10,0,4.761904716491699,5.685436248779297,8589934592,2147483648,5933547520,407961600
208,1772004154272,3204,3204,3204,3204,3204,3204,3204,3204,25,25,20,23.809524536132813,0,0,0,0,5.685436248779297,8589934592,2147483648,5933514752,407961600
208,1772004154481,3204,3204,3204,3204,3204,3204,3204,3204,31.81818199157715,20,31.81818199157715,25,4.761904716491699,4.761904716491699,0,0,5.685436248779297,8589934592,2147483648,5933514752,407961600
203,1772004154691,3204,3204,3204,3204,3204,3204,3204,3204,30.000001907348633,36.3636360168457,23.809524536132813,28.571430206298828,4.761904716491699,0,4.761904716491699,0,5.685436248779297,8589934592,2147483648,5933350912,407961600
208,1772004154894,3204,3204,3204,3204,3204,3204,3204,3204,90,90,90,90,4.761904716491699,4.761904716491699,0,4.761904716491699,7.033988952636719,8589934592,2147483648,5967937536,407961600
209,1772004155103,3204,3204,3204,3204,3204,3204,3204,3204,61.904762268066406,57.142860412597656,61.904762268066406,52.38095474243164,4.761904716491699,4.761904716491699,4.761904716491699,4.545454502105713,7.033988952636719,8589934592,2147483648,5975572480,407961600
206,1772004155313,3204,3204,3204,3204,3204,3204,3204,3204,28.571430206298828,30.000001907348633,23.809524536132813,33.333335876464844,5,4.761904716491699,4.761904716491699,4.761904716491699,7.033988952636719,8589934592,2147483648,5974556672,407961600
206,1772004155520,3204,3204,3204,3204,3204,3204,3204,3204,28.571430206298828,33.333335876464844,25,23.809524536132813,4.761904716491699,9.523809432983398,0,0,7.033988952636719,8589934592,2147483648,5974523904,407961600
206,1772004155728,3204,3204,3204,3204,3204,3204,3204,3204,28.571430206298828,25,19.047618865966797,23.809524536132813,0,0,0,0,7.033988952636719,8589934592,2147483648,5974523904,407961600
205,1772004155935,3204,3204,3204,3204,3204,3204,3204,3204,25,23.809524536132813,15.000000953674316,20,5,0,4.761904716491699,4.761904716491699,5.957888126373291,8589934592,2147483648,5974441984,407961600
205,1772004156141,3204,3204,3204,3204,3204,3204,3204,3204,33.333335876464844,38.095237731933594,38.095237731933594,30.000001907348633,18.18181800842285,20,10,0,5.957888126373291,8589934592,2147483648,5968019456,407961600
209,1772004156347,3204,3204,3204,3204,3204,3204,3204,3204,25,25,23.809524536132813,28.571430206298828,10,13.636363983154297,4.761904716491699,5,5.957888126373291,8589934592,2147483648,5960466432,407961600
204,1772004156557,3204,3204,3204,3204,3204,3204,3204,3204,28.571430206298828,23.809524536132813,19.047618865966797,22.72727394104004,4.761904716491699,4.761904716491699,0,0,5.957888126373291,8589934592,2147483648,5962039296,407961600
203,1772004156762,3204,3204,3204,3204,3204,3204,3204,3204,28.571430206298828,28.571430206298828,25,15.789472579956055,4.761904716491699,5,4.761904716491699,5,5.957888126373291,8589934592,2147483648,5961285632,407961600
209,1772004156967,3204,3204,3204,3204,3204,3204,3204,3204,25,20,19.047618865966797,23.809524536132813,0,0,0,0,5.8550519943237305,8589934592,2147483648,5961269248,407961600
209,1772004157177,3204,3204,3204,3204,3204,3204,3204,3204,33.333335876464844,33.333335876464844,20,19.047618865966797,4.761904716491699,5,0,0,5.8550519943237305,8589934592,2147483648,5967298560,407961600
204,1772004157386,3204,3204,3204,3204,3204,3204,3204,3204,28.571430206298828,28.571430206298828,20,20,0,0,4.545454502105713,0,5.8550519943237305,8589934592,2147483648,5967298560,407961600
205,1772004157591,3204,3204,3204,3204,3204,3204,3204,3204,30.000001907348633,20,20,19.047618865966797,5,0,4.761904716491699,4.545454502105713,5.8550519943237305,8589934592,2147483648,5967216640,407961600
209,1772004157797,3204,3204,3204,3204,3204,3204,3204,3204,23.809524536132813,23.809524536132813,22.72727394104004,15.000000953674316,0,5,4.761904716491699,0,5.8550519943237305,8589934592,2147483648,5967216640,407961600
209,1772004158007,3204,3204,3204,3204,3204,3204,3204,3204,25,23.809524536132813,20,19.047618865966797,4.761904716491699,4.545454502105713,0,0,5.5430521965026855,8589934592,2147483648,5967888384,407961600
209,1772004158217,3204,3204,3204,3204,3204,3204,3204,3204,36.3636360168457,28.571430206298828,23.809524536132813,22.72727394104004,9.090909004211426,9.523809432983398,5,15.000000953674316,5.5430521965026855,8589934592,2147483648,5962170368,407961600
209,1772004158427,3204,3204,3204,3204,3204,3204,3204,3204,25,25,20,23.809524536132813,14.285715103149414,19.047618865966797,0,0,5.5430521965026855,8589934592,2147483648,5952290816,407961600
209,1772004158637,3204,3204,3204,3204,3204,3204,3204,3204,28.571430206298828,23.809524536132813,22.72727394104004,14.285715103149414,5,23.809524536132813,4.761904716491699,4.545454502105713,5.5430521965026855,8589934592,2147483648,5952126976,407961600
208,1772004158848,3204,3204,3204,3204,3204,3204,3204,3204,42.85714340209961,38.095237731933594,30.000001907348633,30.000001907348633,4.545454502105713,0,0,0,5.1612772941589355,8589934592,2147483648,5951438848,407961600
204,1772004159057,3204,3204,3204,3204,3204,3204,3204,3204,25,25,22.72727394104004,14.285715103149414,4.761904716491699,4.545454502105713,0,0,5.1612772941589355,8589934592,2147483648,5951635456,407961600
209,1772004159261,3204,3204,3204,3204,3204,3204,3204,3204,28.571430206298828,28.571430206298828,20,20,0,5,0,0,5.1612772941589355,8589934592,2147483648,5951635456,407961600
208,1772004159472,3204,3204,3204,3204,3204,3204,3204,3204,28.571430206298828,30.000001907348633,23.809524536132813,18.18181800842285,4.761904716491699,0,0,0,5.1612772941589355,8589934592,2147483648,5951635456,407961600
207,1772004159681,3204,3204,3204,3204,3204,3204,3204,3204,23.809524536132813,27.272727966308594,25,10.526315689086914,0,4.545454502105713,4.761904716491699,0,5.1612772941589355,8589934592,2147483648,5946851328,407961600
209,1772004159889,3204,3204,3204,3204,3204,3204,3204,3204,25,23.809524536132813,27.272727966308594,22.72727394104004,9.523809432983398,4.761904716491699,0,4.761904716491699,5.700092315673828,8589934592,2147483648,5945901056,407961600
203,1772004160099,3204,3204,3204,3204,3204,3204,3204,3204,33.333335876464844,25,20,23.809524536132813,0,0,0,0,5.700092315673828,8589934592,2147483648,5943164928,407961600
209,1772004160302,3204,3204,3204,3204,3204,3204,3204,3204,28.571430206298828,20,23.809524536132813,25,0,0,0,0,5.700092315673828,8589934592,2147483648,5942575104,407961600
209,1772004160512,3204,3204,3204,3204,3204,3204,3204,3204,40,36.3636360168457,35,38.095237731933594,27.272727966308594,22.72727394104004,4.761904716491699,4.761904716491699,5.700092315673828,8589934592,2147483648,5923176448,407961600
208,1772004160722,3204,3204,3204,3204,3204,3204,3204,3204,33.333335876464844,20,19.047618865966797,14.285715103149414,0,0,0,0,5.700092315673828,8589934592,2147483648,5923225600,407961600
207,1772004160931,3204,3204,3204,3204,3204,3204,3204,3204,28.571430206298828,25,23.809524536132813,20,4.761904716491699,0,0,0,5.258333683013916,8589934592,2147483648,5923307520,407961600
201,1772004161138,3204,3204,3204,3204,3204,3204,3204,3204,25,22.72727394104004,19.047618865966797,20,0,4.761904716491699,4.761904716491699,0,5.258333683013916,8589934592,2147483648,5923323904,407961600
206,1772004161341,3204,3204,3204,3204,3204,3204,3204,3204,30.000001907348633,25,20,23.809524536132813,0,0,0,0,5.258333683013916,8589934592,2147483648,5924339712,407961600
207,1772004161547,3204,3204,3204,3204,3204,3204,3204,3204,25,25,19.047618865966797,23.809524536132813,0,0,0,0,5.258333683013916,8589934592,2147483648,5925289984,407961600
200,1772004161755,3204,3204,3204,3204,3204,3204,3204,3204,31.81818199157715,28.571430206298828,20,20,4.761904716491699,4.761904716491699,4.545454502105713,4.761904716491699,5.258333683013916,8589934592,2147483648,5925502976,407961600
205,1772004161956,3204,3204,3204,3204,3204,3204,3204,3204,26.3157901763916,25,20,23.809524536132813,5,5,0,0,5.743370056152344,8589934592,2147483648,5925650432,407961600
209,1772004162162,3204,3204,3204,3204,3204,3204,3204,3204,25,25,23.809524536132813,15.000000953674316,0,4.545454502105713,0,0,5.743370056152344,8589934592,2147483648,5925732352,407961600
201,1772004162372,3204,3204,3204,3204,3204,3204,3204,3204,31.81818199157715,31.81818199157715,15.000000953674316,18.18181800842285,4.761904716491699,0,0,0,5.743370056152344,8589934592,2147483648,5934497792,407961600
204,1772004162574,3204,3204,3204,3204,3204,3204,3204,3204,31.57894515991211,31.57894515991211,28.571430206298828,26.3157901763916,33.333335876464844,10.526315689086914,0,5,5.743370056152344,8589934592,2147483648,5943427072,407961600
209,1772004162779,3204,3204,3204,3204,3204,3204,3204,3204,33.333335876464844,28.571430206298828,20,23.809524536132813,10,9.523809432983398,4.761904716491699,4.761904716491699,5.743370056152344,8589934592,2147483648,5933776896,407961600
203,1772004162990,3204,3204,3204,3204,3204,3204,3204,3204,25,23.809524536132813,15.000000953674316,15.000000953674316,0,0,0,0,5.230498790740967,8589934592,2147483648,5934006272,407961600
202,1772004163194,3204,3204,3204,3204,3204,3204,3204,3204,28.571430206298828,26.3157901763916,19.047618865966797,23.809524536132813,0,4.761904716491699,0,0,5.230498790740967,8589934592,2147483648,5933170688,407961600
207,1772004163397,3204,3204,3204,3204,3204,3204,3204,3204,30.000001907348633,28.571430206298828,19.047618865966797,10,9.090909004211426,0,0,0,5.230498790740967,8589934592,2147483648,5933137920,407961600
201,1772004163605,3204,3204,3204,3204,3204,3204,3204,3204,23.809524536132813,25,20,14.285715103149414,5.263157844543457,25,5,4.761904716491699,5.230498790740967,8589934592,2147483648,5933039616,407961600
209,1772004163807,3204,3204,3204,3204,3204,3204,3204,3204,38.095237731933594,38.095237731933594,30.000001907348633,35,28.571430206298828,25,23.809524536132813,20,5.230498790740967,8589934592,2147483648,5933334528,407961600
205,1772004164018,3204,3204,3204,3204,3204,3204,3204,3204,20,23.809524536132813,23.809524536132813,19.047618865966797,9.090909004211426,9.090909004211426,0,0,5.523659706115723,8589934592,2147483648,5933334528,407961600
205,1772004164224,3204,3204,3204,3204,3204,3204,3204,3204,25,25,19.047618865966797,15.000000953674316,5,5,4.761904716491699,4.545454502105713,5.523659706115723,8589934592,2147483648,5932498944,407961600
201,1772004164430,3204,3204,3204,3204,3204,3204,3204,3204,38.095237731933594,23.809524536132813,15.000000953674316,23.809524536132813,0,4.545454502105713,0,0,5.523659706115723,8589934592,2147483648,5931728896,407961600
209,1772004164632,3204,3204,3204,3204,3204,3204,3204,3204,31.57894515991211,25,33.333335876464844,30.000001907348633,10,5.263157844543457,5,0,5.523659706115723,8589934592,2147483648,5937627136,407961600
201,1772004164842,3204,3204,3204,3204,3204,3204,3204,3204,31.81818199157715,28.571430206298828,25,19.047618865966797,19.047618865966797,23.809524536132813,0,4.761904716491699,5.603283882141113,8589934592,2147483648,5925076992,407961600
209,1772004165044,3204,3204,3204,3204,3204,3204,3204,3204,30.000001907348633,25,23.809524536132813,25,4.761904716491699,0,0,0,5.603283882141113,8589934592,2147483648,5924978688,407961600
202,1772004165254,3204,3204,3204,3204,3204,3204,3204,3204,28.571430206298828,20,20,19.047618865966797,0,0,0,0,5.603283882141113,8589934592,2147483648,5924978688,407961600
208,1772004165457,3204,3204,3204,3204,3204,3204,3204,3204,38.095237731933594,25,23.809524536132813,15.000000953674316,5,5,9.090909004211426,4.761904716491699,5.603283882141113,8589934592,2147483648,5924978688,407961600
207,1772004165666,3204,3204,3204,3204,3204,3204,3204,3204,25,27.272727966308594,20,28.571430206298828,5,5,0,4.761904716491699,5.603283882141113,8589934592,2147483648,5924978688,407961600
205,1772004165874,3204,3204,3204,3204,3204,3204,3204,3204,28.571430206298828,15.000000953674316,15.000000953674316,19.047618865966797,0,4.761904716491699,4.761904716491699,0,5.367245197296143,8589934592,2147483648,5924519936,407961600
206,1772004166080,3204,3204,3204,3204,3204,3204,3204,3204,30.000001907348633,23.809524536132813,23.809524536132813,25,5,9.090909004211426,0,4.761904716491699,5.367245197296143,8589934592,2147483648,5924323328,407961600
203,1772004166287,3204,3204,3204,3204,3204,3204,3204,3204,28.571430206298828,20,19.047618865966797,23.809524536132813,4.761904716491699,0,0,0,5.367245197296143,8589934592,2147483648,5924831232,407961600
201,1772004166491,3204,3204,3204,3204,3204,3204,3204,3204,20,30.000001907348633,19.047618865966797,28.571430206298828,0,0,0,0,5.367245197296143,8589934592,2147483648,5924929536,407961600
204,1772004166692,3204,3204,3204,3204,3204,3204,3204,3204,26.3157901763916,23.809524536132813,15.789472579956055,15.789472579956055,4.761904716491699,5,4.761904716491699,0,5.367245197296143,8589934592,2147483648,5926846464,407961600
208,1772004166898,3204,3204,3204,3204,3204,3204,3204,3204,33.333335876464844,30.000001907348633,23.809524536132813,22.72727394104004,35,14.285715103149414,5,4.761904716491699,5.261875629425049,8589934592,2147483648,5926191104,407961600
204,1772004167107,3204,3204,3204,3204,3204,3204,3204,3204,28.571430206298828,25,19.047618865966797,10.526315689086914,9.090909004211426,0,0,0,5.261875629425049,8589934592,2147483648,5926387712,407961600
205,1772004167311,3204,3204,3204,3204,3204,3204,3204,3204,30.000001907348633,28.571430206298828,25,23.809524536132813,0,5,0,0,5.261875629425049,8589934592,2147483648,5926223872,407961600
205,1772004167518,3204,3204,3204,3204,3204,3204,3204,3204,20,19.047618865966797,28.571430206298828,10,4.545454502105713,0,0,0,5.261875629425049,8589934592,2147483648,5926240256,407961600
209,1772004167724,3204,3204,3204,3204,3204,3204,3204,3204,31.81818199157715,20,23.809524536132813,14.285715103149414,0,4.761904716491699,0,0,5.261875629425049,8589934592,2147483648,5926191104,407961600
208,1772004167934,3204,3204,3204,3204,3204,3204,3204,3204,25,20,20,19.047618865966797,4.545454502105713,0,0,0,5.253430366516113,8589934592,2147483648,5926256640,407961600
209,1772004168143,3204,3204,3204,3204,3204,3204,3204,3204,33.333335876464844,27.272727966308594,15.000000953674316,10,0,0,0,0,5.253430366516113,8589934592,2147483648,5927354368,407961600
200,1772004168353,3204,3204,3204,3204,3204,3204,3204,3204,25,25,18.18181800842285,19.047618865966797,0,4.761904716491699,0,0,5.253430366516113,8589934592,2147483648,5927354368,407961600
201,1772004168553,3204,3204,3204,3204,3204,3204,3204,3204,30.000001907348633,31.57894515991211,21.052631378173828,20,10,13.636363983154297,5.263157844543457,5.263157844543457,5.253430366516113,8589934592,2147483648,5927354368,407961600
201,1772004168755,3204,3204,3204,3204,3204,3204,3204,3204,33.333335876464844,28.571430206298828,20,19.047618865966797,14.285715103149414,26.3157901763916,4.761904716491699,4.761904716491699,5.253430366516113,8589934592,2147483648,5927354368,407961600
209,1772004168957,3204,3204,3204,3204,3204,3204,3204,3204,30.000001907348633,30.000001907348633,28.571430206298828,25,15.789472579956055,10,10,0,5.502420425415039,8589934592,2147483648,5936496640,407961600
209,1772004169167,3204,3204,3204,3204,3204,3204,3204,3204,28.571430206298828,27.272727966308594,23.809524536132813,15.000000953674316,13.636363983154297,15.000000953674316,4.545454502105713,9.090909004211426,5.502420425415039,8589934592,2147483648,5926240256,407961600
202,1772004169378,3204,3204,3204,3204,3204,3204,3204,3204,25,25,25,22.72727394104004,0,4.545454502105713,0,0,5.502420425415039,8589934592,2147483648,5927141376,407961600
209,1772004169581,3204,3204,3204,3204,3204,3204,3204,3204,33.333335876464844,28.571430206298828,25,26.3157901763916,5,0,4.761904716491699,0,5.502420425415039,8589934592,2147483648,5926207488,407961600
207,1772004169791,3204,3204,3204,3204,3204,3204,3204,3204,23.809524536132813,25,22.72727394104004,22.72727394104004,0,8.69565200805664,0,4.545454502105713,5.502420425415039,8589934592,2147483648,5926207488,407961600
207,1772004169999,3204,3204,3204,3204,3204,3204,3204,3204,30.000001907348633,23.809524536132813,20,20,13.636363983154297,5,5,5,5.3815598487854,8589934592,2147483648,5926289408,407961600
206,1772004170207,3204,3204,3204,3204,3204,3204,3204,3204,25,23.809524536132813,19.047618865966797,23.809524536132813,0,4.545454502105713,0,0,5.3815598487854,8589934592,2147483648,5926256640,407961600
209,1772004170414,3204,3204,3204,3204,3204,3204,3204,3204,19.047618865966797,20,15.000000953674316,31.81818199157715,4.761904716491699,0,0,0,5.3815598487854,8589934592,2147483648,5926240256,407961600
207,1772004170624,3204,3204,3204,3204,3204,3204,3204,3204,28.571430206298828,28.571430206298828,23.809524536132813,25,4.761904716491699,0,4.761904716491699,0,5.3815598487854,8589934592,2147483648,5926420480,407961600
206,1772004170831,3204,3204,3204,3204,3204,3204,3204,3204,38.095237731933594,30.000001907348633,23.809524536132813,20,0,0,0,4.761904716491699,5.556262016296387,8589934592,2147483648,5926502400,407961600
209,1772004171038,3204,3204,3204,3204,3204,3204,3204,3204,30.000001907348633,33.333335876464844,20,18.18181800842285,9.523809432983398,4.761904716491699,4.761904716491699,0,5.556262016296387,8589934592,2147483648,5927387136,407961600
206,1772004171249,3204,3204,3204,3204,3204,3204,3204,3204,33.333335876464844,28.571430206298828,27.272727966308594,15.789472579956055,27.272727966308594,23.809524536132813,0,0,5.556262016296387,8589934592,2147483648,5926420480,407961600
206,1772004171457,3204,3204,3204,3204,3204,3204,3204,3204,28.571430206298828,25,23.809524536132813,22.72727394104004,0,0,0,0,5.556262016296387,8589934592,2147483648,5926338560,407961600
209,1772004171664,3204,3204,3204,3204,3204,3204,3204,3204,28.571430206298828,33.333335876464844,15.789472579956055,23.809524536132813,0,9.090909004211426,4.761904716491699,0,5.556262016296387,8589934592,2147483648,5927862272,407961600
199,1772004171874,3204,3204,3204,3204,3204,3204,3204,3204,25,33.333335876464844,23.809524536132813,19.047618865966797,4.545454502105713,0,0,0,5.350329875946045,8589934592,2147483648,5928255488,407961600
207,1772004172074,3204,3204,3204,3204,3204,3204,3204,3204,25,30.000001907348633,20,15.789472579956055,0,5,4.761904716491699,0,5.350329875946045,8589934592,2147483648,5928288256,407961600
208,1772004172282,3204,3204,3204,3204,3204,3204,3204,3204,20,23.809524536132813,23.809524536132813,20,4.761904716491699,0,0,4.761904716491699,5.350329875946045,8589934592,2147483648,5928288256,407961600
207,1772004172491,3204,3204,3204,3204,3204,3204,3204,3204,27.272727966308594,23.809524536132813,19.047618865966797,23.809524536132813,0,0,0,0,5.350329875946045,8589934592,2147483648,5928321024,407961600
207,1772004172698,3204,3204,3204,3204,3204,3204,3204,3204,15.000000953674316,20,15.000000953674316,19.047618865966797,4.761904716491699,4.761904716491699,0,0,5.350329875946045,8589934592,2147483648,5928321024,407961600
204,1772004172906,3204,3204,3204,3204,3204,3204,3204,3204,23.809524536132813,20,23.809524536132813,19.047618865966797,4.761904716491699,0,0,0,5.501540184020996,8589934592,2147483648,5928370176,407961600
203,1772004173110,3204,3204,3204,3204,3204,3204,3204,3204,20,20,28.571430206298828,20,4.761904716491699,4.761904716491699,4.761904716491699,0,5.501540184020996,8589934592,2147483648,5926633472,407961600
207,1772004173314,3204,3204,3204,3204,3204,3204,3204,3204,38.095237731933594,36.3636360168457,40,33.333335876464844,31.57894515991211,15.789472579956055,0,4.761904716491699,5.501540184020996,8589934592,2147483648,5928468480,407961600
209,1772004173522,3204,3204,3204,3204,3204,3204,3204,3204,25,25,19.047618865966797,15.000000953674316,4.761904716491699,4.761904716491699,0,0,5.501540184020996,8589934592,2147483648,5928468480,407961600
209,1772004173732,3204,3204,3204,3204,3204,3204,3204,3204,28.571430206298828,19.047618865966797,19.047618865966797,14.285715103149414,9.523809432983398,31.81818199157715,4.761904716491699,0,5.501540184020996,8589934592,2147483648,5928468480,407961600
204,1772004173942,3204,3204,3204,3204,3204,3204,3204,3204,23.809524536132813,28.571430206298828,15.000000953674316,19.047618865966797,4.761904716491699,4.761904716491699,0,4.545454502105713,5.204811096191406,8589934592,2147483648,5928468480,407961600
204,1772004174147,3204,3204,3204,3204,3204,3204,3204,3204,30.000001907348633,28.571430206298828,20,20,4.761904716491699,0,0,0,5.204811096191406,8589934592,2147483648,5926322176,407961600
207,1772004174351,3204,3204,3204,3204,3204,3204,3204,3204,20,20,19.047618865966797,23.809524536132813,0,0,0,0,5.204811096191406,8589934592,2147483648,5926256640,407961600
208,1772004174559,3204,3204,3204,3204,3204,3204,3204,3204,28.571430206298828,30.000001907348633,23.809524536132813,20,0,0,0,0,5.204811096191406,8589934592,2147483648,5926174720,407961600
209,1772004174768,3204,3204,3204,3204,3204,3204,3204,3204,19.047618865966797,28.571430206298828,19.047618865966797,19.047618865966797,9.090909004211426,4.761904716491699,4.761904716491699,4.545454502105713,5.204811096191406,8589934592,2147483648,5926797312,407961600
205,1772004174978,3204,3204,3204,3204,3204,3204,3204,3204,20,33.333335876464844,19.047618865966797,19.047618865966797,0,0,0,0,5.660336017608643,8589934592,2147483648,5926240256,407961600
200,1772004175184,3204,3204,3204,3204,3204,3204,3204,3204,33.333335876464844,30.000001907348633,30.000001907348633,22.72727394104004,4.761904716491699,5,0,0,5.660336017608643,8589934592,2147483648,5927682048,407961600
209,1772004175386,3204,3204,3204,3204,3204,3204,3204,3204,25,25,20,15.789472579956055,15.789472579956055,20,9.523809432983398,5,5.660336017608643,8589934592,2147483648,5938298880,407961600
200,1772004175596,3204,3204,3204,3204,3204,3204,3204,3204,25,33.333335876464844,23.809524536132813,23.809524536132813,18.18181800842285,9.523809432983398,4.761904716491699,0,5.660336017608643,8589934592,2147483648,5927436288,407961600
207,1772004175797,3204,3204,3204,3204,3204,3204,3204,3204,27.272727966308594,25,20,15.000000953674316,5,9.523809432983398,0,4.761904716491699,5.660336017608643,8589934592,2147483648,5927436288,407961600
207,1772004176005,3204,3204,3204,3204,3204,3204,3204,3204,30.000001907348633,23.809524536132813,20,23.809524536132813,0,0,4.545454502105713,0,5.118686676025391,8589934592,2147483648,5927436288,407961600
207,1772004176214,3204,3204,3204,3204,3204,3204,3204,3204,30.000001907348633,25,27.272727966308594,28.571430206298828,4.761904716491699,0,0,0,5.118686676025391,8589934592,2147483648,5927550976,407961600
204,1772004176422,3204,3204,3204,3204,3204,3204,3204,3204,23.809524536132813,23.809524536132813,25,30.000001907348633,9.090909004211426,4.761904716491699,0,0,5.118686676025391,8589934592,2147483648,5928910848,407961600
205,1772004176627,3204,3204,3204,3204,3204,3204,3204,3204,30.000001907348633,25,25,25,0,4.761904716491699,4.761904716491699,9.090909004211426,5.118686676025391,8589934592,2147483648,5928566784,407961600
209,1772004176833,3204,3204,3204,3204,3204,3204,3204,3204,23.809524536132813,23.809524536132813,19.047618865966797,23.809524536132813,5,5,0,0,5.752684116363525,8589934592,2147483648,5928583168,407961600
226,1772004177043,3204,3204,3204,3204,3204,3204,3204,3204,25,23.809524536132813,23.809524536132813,20,4.545454502105713,4.545454502105713,4.761904716491699,4.545454502105713,5.752684116363525,8589934592,2147483648,5928665088,407961600
201,1772004177270,3204,3204,3204,3204,3204,3204,3204,3204,39.130435943603516,36.3636360168457,27.272727966308594,34.78260803222656,9.090909004211426,9.090909004211426,9.090909004211426,9.090909004211426,5.752684116363525,8589934592,2147483648,5929107456,407961600
208,1772004177472,3204,3204,3204,3204,3204,3204,3204,3204,28.571430206298828,25,23.809524536132813,23.809524536132813,15.789472579956055,15.000000953674316,19.047618865966797,10,5.752684116363525,8589934592,2147483648,5935939584,407961600
202,1772004177681,3204,3204,3204,3204,3204,3204,3204,3204,25,33.333335876464844,20,20,31.81818199157715,19.047618865966797,4.761904716491699,0,5.752684116363525,8589934592,2147483648,5929041920,407961600
201,1772004177884,3204,3204,3204,3204,3204,3204,3204,3204,20,30.000001907348633,19.047618865966797,19.047618865966797,0,4.761904716491699,0,0,5.184417724609375,8589934592,2147483648,5929222144,407961600
209,1772004178086,3204,3204,3204,3204,3204,3204,3204,3204,28.571430206298828,30.000001907348633,20,15.789472579956055,5,0,0,4.761904716491699,5.184417724609375,8589934592,2147483648,5928452096,407961600
209,1772004178297,3204,3204,3204,3204,3204,3204,3204,3204,20,23.809524536132813,19.047618865966797,27.272727966308594,0,0,0,0,5.184417724609375,8589934592,2147483648,5928304640,407961600
207,1772004178506,3204,3204,3204,3204,3204,3204,3204,3204,19.047618865966797,28.571430206298828,10,23.809524536132813,4.761904716491699,4.545454502105713,0,0,5.184417724609375,8589934592,2147483648,5928304640,407961600
207,1772004178714,3204,3204,3204,3204,3204,3204,3204,3204,23.809524536132813,20,23.809524536132813,23.809524536132813,9.523809432983398,25,0,0,5.184417724609375,8589934592,2147483648,5928288256,407961600
207,1772004178922,3204,3204,3204,3204,3204,3204,3204,3204,21.052631378173828,22.72727394104004,19.047618865966797,10,4.761904716491699,0,0,0,5.945431709289551,8589934592,2147483648,5928271872,407961600
208,1772004179130,3204,3204,3204,3204,3204,3204,3204,3204,31.81818199157715,25,25,20,5,9.523809432983398,4.761904716491699,0,5.945431709289551,8589934592,2147483648,5928861696,407961600
201,1772004179339,3204,3204,3204,3204,3204,3204,3204,3204,25,19.047618865966797,27.272727966308594,10,0,0,0,0,5.945431709289551,8589934592,2147483648,5928927232,407961600
209,1772004179541,3204,3204,3204,3204,3204,3204,3204,3204,33.333335876464844,25,26.3157901763916,23.809524536132813,4.761904716491699,0,0,4.761904716491699,5.945431709289551,8589934592,2147483648,5929730048,407961600
209,1772004179751,3204,3204,3204,3204,3204,3204,3204,3204,28.571430206298828,28.571430206298828,36.3636360168457,28.571430206298828,35,14.285715103149414,0,0,5.945431709289551,8589934592,2147483648,5929172992,407961600
209,1772004179961,3204,3204,3204,3204,3204,3204,3204,3204,25,25,19.047618865966797,27.272727966308594,0,4.761904716491699,0,0,5.225813388824463,8589934592,2147483648,5929156608,407961600
209,1772004180171,3204,3204,3204,3204,3204,3204,3204,3204,42.85714340209961,33.333335876464844,25,30.000001907348633,4.761904716491699,8.69565200805664,4.761904716491699,0,5.225813388824463,8589934592,2147483648,5942345728,407961600
205,1772004180381,3204,3204,3204,3204,3204,3204,3204,3204,33.333335876464844,33.333335876464844,20,28.571430206298828,4.761904716491699,0,0,0,5.225813388824463,8589934592,2147483648,5942493184,407961600
206,1772004180587,3204,3204,3204,3204,3204,3204,3204,3204,35,38.095237731933594,36.3636360168457,28.571430206298828,4.761904716491699,4.761904716491699,0,0,5.225813388824463,8589934592,2147483648,5943083008,407961600
206,1772004180794,3204,3204,3204,3204,3204,3204,3204,3204,38.095237731933594,33.333335876464844,26.3157901763916,25,0,0,0,4.761904716491699,5.225813388824463,8589934592,2147483648,5943083008,407961600
209,1772004181001,3204,3204,3204,3204,3204,3204,3204,3204,33.333335876464844,30.000001907348633,28.571430206298828,19.047618865966797,0,0,0,0,5.535288333892822,8589934592,2147483648,5943083008,407961600
200,1772004181211,3204,3204,3204,3204,3204,3204,3204,3204,33.333335876464844,33.333335876464844,28.571430206298828,30.000001907348633,4.545454502105713,4.761904716491699,0,0,5.535288333892822,8589934592,2147483648,5943083008,407961600
201,1772004181413,3204,3204,3204,3204,3204,3204,3204,3204,35,26.3157901763916,30.000001907348633,33.333335876464844,0,0,4.761904716491699,0,5.535288333892822,8589934592,2147483648,5940969472,407961600
208,1772004181615,3204,3204,3204,3204,3204,3204,3204,3204,35,28.571430206298828,30.000001907348633,20,0,0,0,0,5.535288333892822,8589934592,2147483648,5943033856,407961600
200,1772004181824,3204,3204,3204,3204,3204,3204,3204,3204,35,33.333335876464844,38.095237731933594,28.571430206298828,19.047618865966797,5,5,0,5.288196086883545,8589934592,2147483648,5951717376,407961600
206,1772004182025,3204,3204,3204,3204,3204,3204,3204,3204,35,35,25,25,23.809524536132813,14.285715103149414,13.636363983154297,5,5.288196086883545,8589934592,2147483648,5951717376,407961600
206,1772004182232,3204,3204,3204,3204,3204,3204,3204,3204,33.333335876464844,23.809524536132813,19.047618865966797,19.047618865966797,0,4.761904716491699,0,0,5.288196086883545,8589934592,2147483648,5951717376,407961600
201,1772004182440,3204,3204,3204,3204,3204,3204,3204,3204,28.571430206298828,25,25,20,9.523809432983398,0,0,4.761904716491699,5.288196086883545,8589934592,2147483648,5935841280,407961600
209,1772004182641,3204,3204,3204,3204,3204,3204,3204,3204,30.000001907348633,25,23.809524536132813,15.000000953674316,4.761904716491699,5,5,4.761904716491699,5.288196086883545,8589934592,2147483648,5935824896,407961600
205,1772004182851,3204,3204,3204,3204,3204,3204,3204,3204,25,23.809524536132813,20,19.047618865966797,4.761904716491699,4.761904716491699,0,0,5.40502405166626,8589934592,2147483648,5935841280,407961600
209,1772004183057,3204,3204,3204,3204,3204,3204,3204,3204,23.809524536132813,20,23.809524536132813,23.809524536132813,0,4.761904716491699,0,0,5.40502405166626,8589934592,2147483648,5935841280,407961600
207,1772004183268,3204,3204,3204,3204,3204,3204,3204,3204,28.571430206298828,31.81818199157715,19.047618865966797,15.000000953674316,4.761904716491699,4.761904716491699,4.761904716491699,4.761904716491699,5.40502405166626,8589934592,2147483648,5932826624,407961600
207,1772004183476,3204,3204,3204,3204,3204,3204,3204,3204,25,20,15.000000953674316,14.285715103149414,0,0,0,0,5.40502405166626,8589934592,2147483648,5932072960,407961600
209,1772004183684,3204,3204,3204,3204,3204,3204,3204,3204,28.571430206298828,28.571430206298828,19.047618865966797,23.809524536132813,9.090909004211426,23.809524536132813,0,0,5.40502405166626,8589934592,2147483648,5932089344,407961600
209,1772004183894,3204,3204,3204,3204,3204,3204,3204,3204,28.571430206298828,15.000000953674316,23.809524536132813,23.809524536132813,5,4.761904716491699,9.090909004211426,0,5.540962219238281,8589934592,2147483648,5934546944,407961600
202,1772004184104,3204,3204,3204,3204,3204,3204,3204,3204,33.333335876464844,28.571430206298828,31.81818199157715,19.047618865966797,27.272727966308594,25,0,0,5.540962219238281,8589934592,2147483648,5932089344,407961600
209,1772004184307,3204,3204,3204,3204,3204,3204,3204,3204,31.57894515991211,31.81818199157715,15.789472579956055,20,5,5,0,4.761904716491699,5.540962219238281,8589934592,2147483648,5932072960,407961600
206,1772004184517,3204,3204,3204,3204,3204,3204,3204,3204,36.3636360168457,21.052631378173828,23.809524536132813,19.047618865966797,0,0,0,0,5.540962219238281,8589934592,2147483648,5932072960,407961600
205,1772004184725,3204,3204,3204,3204,3204,3204,3204,3204,23.809524536132813,23.809524536132813,14.285715103149414,15.000000953674316,0,0,0,0,5.540962219238281,8589934592,2147483648,5932072960,407961600
207,1772004184931,3204,3204,3204,3204,3204,3204,3204,3204,26.3157901763916,20,20,23.809524536132813,4.761904716491699,9.523809432983398,4.761904716491699,0,5.242937088012695,8589934592,2147483648,5931778048,407961600
204,1772004185139,3204,3204,3204,3204,3204,3204,3204,3204,27.272727966308594,23.809524536132813,15.000000953674316,15.000000953674316,0,4.545454502105713,0,0,5.242937088012695,8589934592,2147483648,5931499520,407961600
209,1772004185343,3204,3204,3204,3204,3204,3204,3204,3204,25,22.72727394104004,23.809524536132813,19.047618865966797,4.761904716491699,0,0,0,5.242937088012695,8589934592,2147483648,5931499520,407961600
209,1772004185553,3204,3204,3204,3204,3204,3204,3204,3204,20,20,27.272727966308594,19.047618865966797,0,0,0,0,5.242937088012695,8589934592,2147483648,5931532288,407961600
209,1772004185763,3204,3204,3204,3204,3204,3204,3204,3204,23.809524536132813,23.809524536132813,20,19.047618865966797,0,0,0,0,5.242937088012695,8589934592,2147483648,5931532288,407961600
207,1772004185973,3204,3204,3204,3204,3204,3204,3204,3204,22.72727394104004,15.000000953674316,19.047618865966797,20,4.761904716491699,4.761904716491699,0,0,5.40365743637085,8589934592,2147483648,5932220416,407961600
207,1772004186181,3204,3204,3204,3204,3204,3204,3204,3204,30.000001907348633,28.571430206298828,38.095237731933594,33.333335876464844,28.571430206298828,15.000000953674316,10,5,5.40365743637085,8589934592,2147483648,5931565056,407961600
208,1772004186389,3204,3204,3204,3204,3204,3204,3204,3204,27.272727966308594,28.571430206298828,19.047618865966797,14.285715103149414,4.761904716491699,4.761904716491699,0,4.545454502105713,5.40365743637085,8589934592,2147483648,5931548672,407961600
207,1772004186597,3204,3204,3204,3204,3204,3204,3204,3204,25,25,25,19.047618865966797,5,0,4.545454502105713,0,5.40365743637085,8589934592,2147483648,5932777472,407961600
209,1772004186805,3204,3204,3204,3204,3204,3204,3204,3204,30.000001907348633,23.809524536132813,15.000000953674316,19.047618865966797,4.545454502105713,4.761904716491699,0,4.761904716491699,5.40365743637085,8589934592,2147483648,5932580864,407961600
206,1772004187016,3204,3204,3204,3204,3204,3204,3204,3204,23.809524536132813,25,19.047618865966797,19.047618865966797,0,0,0,0,5.083851337432861,8589934592,2147483648,5932630016,407961600
205,1772004187223,3204,3204,3204,3204,3204,3204,3204,3204,30.000001907348633,31.81818199157715,23.809524536132813,19.047618865966797,4.761904716491699,4.761904716491699,4.761904716491699,0,5.083851337432861,8589934592,2147483648,5932630016,407961600
201,1772004187428,3204,3204,3204,3204,3204,3204,3204,3204,23.809524536132813,30.000001907348633,20,15.789472579956055,0,0,0,0,5.083851337432861,8589934592,2147483648,5932646400,407961600
207,1772004187631,3204,3204,3204,3204,3204,3204,3204,3204,25,25,23.809524536132813,14.285715103149414,5,9.090909004211426,0,4.761904716491699,5.083851337432861,8589934592,2147483648,5932498944,407961600
208,1772004187839,3204,3204,3204,3204,3204,3204,3204,3204,25,28.571430206298828,23.809524536132813,23.809524536132813,0,0,4.761904716491699,0,5.457432746887207,8589934592,2147483648,5932498944,407961600
207,1772004188048,3204,3204,3204,3204,3204,3204,3204,3204,23.809524536132813,25,23.809524536132813,10,9.090909004211426,4.761904716491699,0,4.545454502105713,5.457432746887207,8589934592,2147483648,5932056576,407961600
205,1772004188255,3204,3204,3204,3204,3204,3204,3204,3204,28.571430206298828,36.3636360168457,25,31.81818199157715,15.000000953674316,15.000000953674316,0,0,5.457432746887207,8589934592,2147483648,5941035008,407961600
206,1772004188461,3204,3204,3204,3204,3204,3204,3204,3204,23.809524536132813,26.3157901763916,28.571430206298828,20,10,9.523809432983398,4.761904716491699,0,5.457432746887207,8589934592,2147483648,5928583168,407961600
209,1772004188668,3204,3204,3204,3204,3204,3204,3204,3204,25,25,20,20,9.090909004211426,25,4.761904716491699,4.761904716491699,5.457432746887207,8589934592,2147483648,5928747008,407961600
205,1772004188878,3204,3204,3204,3204,3204,3204,3204,3204,45,38.095237731933594,23.809524536132813,27.272727966308594,5,4.761904716491699,4.761904716491699,0,5.138051509857178,8589934592,2147483648,5928779776,407961600
209,1772004189084,3204,3204,3204,3204,3204,3204,3204,3204,27.272727966308594,22.72727394104004,15.000000953674316,15.000000953674316,4.761904716491699,0,0,0,5.138051509857178,8589934592,2147483648,5928812544,407961600
209,1772004189294,3204,3204,3204,3204,3204,3204,3204,3204,25,23.809524536132813,20,19.047618865966797,0,4.761904716491699,0,0,5.138051509857178,8589934592,2147483648,5929369600,407961600
203,1772004189503,3204,3204,3204,3204,3204,3204,3204,3204,28.571430206298828,20,30.434782028198242,23.809524536132813,8.69565200805664,0,0,0,5.138051509857178,8589934592,2147483648,5929631744,407961600
209,1772004189707,3204,3204,3204,3204,3204,3204,3204,3204,25,20,26.3157901763916,10.526315689086914,0,5,0,0,5.138051509857178,8589934592,2147483648,5929893888,407961600
208,1772004189918,3204,3204,3204,3204,3204,3204,3204,3204,28.571430206298828,33.333335876464844,28.571430206298828,28.571430206298828,4.761904716491699,4.545454502105713,4.761904716491699,4.761904716491699,5.651246070861816,8589934592,2147483648,5930237952,407961600
200,1772004190127,3204,3204,3204,3204,3204,3204,3204,3204,33.333335876464844,33.333335876464844,38.095237731933594,23.809524536132813,4.761904716491699,4.761904716491699,0,0,5.651246070861816,8589934592,2147483648,5930762240,407961600
209,1772004190328,3204,3204,3204,3204,3204,3204,3204,3204,30.000001907348633,26.3157901763916,30.000001907348633,20,5.263157844543457,5,5,5,5.651246070861816,8589934592,2147483648,5933891584,407961600
208,1772004190538,3204,3204,3204,3204,3204,3204,3204,3204,20,27.272727966308594,19.047618865966797,22.72727394104004,28.571430206298828,10,9.090909004211426,4.761904716491699,5.651246070861816,8589934592,2147483648,5933891584,407961600
207,1772004190748,3204,3204,3204,3204,3204,3204,3204,3204,31.81818199157715,25,20,19.047618865966797,9.523809432983398,4.761904716491699,0,0,5.651246070861816,8589934592,2147483648,5929009152,407961600
201,1772004190956,3204,3204,3204,3204,3204,3204,3204,3204,28.571430206298828,33.333335876464844,36.3636360168457,23.809524536132813,4.545454502105713,0,0,4.545454502105713,5.20272970199585,8589934592,2147483648,5929107456,407961600
202,1772004191157,3204,3204,3204,3204,3204,3204,3204,3204,25,30.000001907348633,20,15.789472579956055,0,0,0,0,5.20272970199585,8589934592,2147483648,5929107456,407961600
203,1772004191360,3204,3204,3204,3204,3204,3204,3204,3204,21.052631378173828,20,21.052631378173828,15.000000953674316,4.761904716491699,5,4.761904716491699,0,5.20272970199585,8589934592,2147483648,5930696704,407961600
203,1772004191564,3204,3204,3204,3204,3204,3204,3204,3204,25,28.571430206298828,23.809524536132813,23.809524536132813,0,4.761904716491699,0,0,5.20272970199585,8589934592,2147483648,5930139648,407961600
203,1772004191768,3204,3204,3204,3204,3204,3204,3204,3204,28.571430206298828,20,23.809524536132813,25,5,9.523809432983398,4.761904716491699,4.761904716491699,5.20272970199585,8589934592,2147483648,5930008576,407961600
208,1772004191972,3204,3204,3204,3204,3204,3204,3204,3204,20,25,20,20,4.761904716491699,5,0,0,5.867608070373535,8589934592,2147483648,5929992192,407961600
201,1772004192181,3204,3204,3204,3204,3204,3204,3204,3204,25,33.333335876464844,23.809524536132813,22.72727394104004,0,0,0,0,5.867608070373535,8589934592,2147483648,5928370176,407961600
205,1772004192383,3204,3204,3204,3204,3204,3204,3204,3204,25,25,25,20,5,10,5,10,5.867608070373535,8589934592,2147483648,5928370176,407961600
200,1772004192589,3204,3204,3204,3204,3204,3204,3204,3204,31.81818199157715,25,23.809524536132813,20,23.809524536132813,15.000000953674316,9.090909004211426,4.761904716491699,5.867608070373535,8589934592,2147483648,5928370176,407961600
208,1772004192791,3204,3204,3204,3204,3204,3204,3204,3204,26.3157901763916,28.571430206298828,21.052631378173828,20,9.523809432983398,4.761904716491699,0,0,5.867608070373535,8589934592,2147483648,5926862848,407961600
205,1772004193000,3204,3204,3204,3204,3204,3204,3204,3204,33.333335876464844,25,28.571430206298828,20,0,5,0,0,5.636329174041748,8589934592,2147483648,5927075840,407961600
205,1772004193205,3204,3204,3204,3204,3204,3204,3204,3204,23.809524536132813,23.809524536132813,19.047618865966797,27.272727966308594,4.761904716491699,0,0,0,5.636329174041748,8589934592,2147483648,5927075840,407961600
204,1772004193412,3204,3204,3204,3204,3204,3204,3204,3204,25,15.000000953674316,15.789472579956055,15.000000953674316,4.761904716491699,0,4.761904716491699,0,5.636329174041748,8589934592,2147483648,5927075840,407961600
208,1772004193617,3204,3204,3204,3204,3204,3204,3204,3204,28.571430206298828,30.000001907348633,28.571430206298828,20,9.523809432983398,19.047618865966797,0,4.761904716491699,5.636329174041748,8589934592,2147483648,5927075840,407961600
208,1772004193826,3204,3204,3204,3204,3204,3204,3204,3204,20,28.571430206298828,14.285715103149414,15.000000953674316,5,14.285715103149414,0,0,5.7735161781311035,8589934592,2147483648,5926928384,407961600
204,1772004194035,3204,3204,3204,3204,3204,3204,3204,3204,25,23.809524536132813,19.047618865966797,22.72727394104004,0,4.761904716491699,4.545454502105713,0,5.7735161781311035,8589934592,2147483648,5926928384,407961600
203,1772004194240,3204,3204,3204,3204,3204,3204,3204,3204,22.72727394104004,23.809524536132813,30.000001907348633,15.000000953674316,0,0,0,0,5.7735161781311035,8589934592,2147483648,5926879232,407961600
207,1772004194443,3204,3204,3204,3204,3204,3204,3204,3204,26.3157901763916,25,23.809524536132813,19.047618865966797,5,0,4.761904716491699,0,5.7735161781311035,8589934592,2147483648,5927256064,407961600
209,1772004194652,3204,3204,3204,3204,3204,3204,3204,3204,33.333335876464844,30.000001907348633,35,25,9.523809432983398,14.285715103149414,0,0,5.7735161781311035,8589934592,2147483648,5937643520,407961600
202,1772004194862,3204,3204,3204,3204,3204,3204,3204,3204,28.571430206298828,18.18181800842285,23.809524536132813,19.047618865966797,9.523809432983398,0,0,0,5.649816989898682,8589934592,2147483648,5927075840,407961600
209,1772004195064,3204,3204,3204,3204,3204,3204,3204,3204,35,36.842105865478516,23.809524536132813,20,10,10,5,5,5.649816989898682,8589934592,2147483648,5927108608,407961600
206,1772004195274,3204,3204,3204,3204,3204,3204,3204,3204,28.571430206298828,23.809524536132813,25,19.047618865966797,0,0,0,0,5.649816989898682,8589934592,2147483648,5927501824,407961600
204,1772004195481,3204,3204,3204,3204,3204,3204,3204,3204,20,28.571430206298828,19.047618865966797,10,4.761904716491699,0,0,0,5.649816989898682,8589934592,2147483648,5927387136,407961600
204,1772004195686,3204,3204,3204,3204,3204,3204,3204,3204,28.571430206298828,20,23.809524536132813,19.047618865966797,0,0,0,0,5.649816989898682,8589934592,2147483648,5927387136,407961600
209,1772004195891,3204,3204,3204,3204,3204,3204,3204,3204,20,20,25,14.285715103149414,0,0,0,0,5.620418071746826,8589934592,2147483648,5927256064,407961600
206,1772004196101,3204,3204,3204,3204,3204,3204,3204,3204,25,22.72727394104004,19.047618865966797,10,9.090909004211426,4.761904716491699,0,0,5.620418071746826,8589934592,2147483648,5927256064,407961600
202,1772004196307,3204,3204,3204,3204,3204,3204,3204,3204,28.571430206298828,21.052631378173828,15.000000953674316,23.809524536132813,0,0,0,4.761904716491699,5.620418071746826,8589934592,2147483648,5927272448,407961600
203,1772004196511,3204,3204,3204,3204,3204,3204,3204,3204,30.000001907348633,23.809524536132813,15.789472579956055,23.809524536132813,4.761904716491699,0,0,0,5.620418071746826,8589934592,2147483648,5927272448,407961600
207,1772004196714,3204,3204,3204,3204,3204,3204,3204,3204,27.272727966308594,19.047618865966797,28.571430206298828,15.789472579956055,0,5,0,0,5.620418071746826,8589934592,2147483648,5927272448,407961600
204,1772004196922,3204,3204,3204,3204,3204,3204,3204,3204,35,35,28.571430206298828,23.809524536132813,14.285715103149414,0,4.761904716491699,0,5.597040176391602,8589934592,2147483648,5917278208,407961600
202,1772004197127,3204,3204,3204,3204,3204,3204,3204,3204,35,35,30.000001907348633,30.000001907348633,14.285715103149414,9.523809432983398,0,0,5.597040176391602,8589934592,2147483648,5905743872,407961600
209,1772004197330,3204,3204,3204,3204,3204,3204,3204,3204,30.000001907348633,25,25,25,0,9.523809432983398,4.761904716491699,4.761904716491699,5.597040176391602,8589934592,2147483648,5905743872,407961600
206,1772004197541,3204,3204,3204,3204,3204,3204,3204,3204,25,19.047618865966797,22.72727394104004,19.047618865966797,9.090909004211426,0,0,0,5.597040176391602,8589934592,2147483648,5905743872,407961600
207,1772004197747,3204,3204,3204,3204,3204,3204,3204,3204,36.3636360168457,28.571430206298828,28.571430206298828,27.272727966308594,4.761904716491699,5,4.761904716491699,5,5.597040176391602,8589934592,2147483648,5905743872,407961600
201,1772004197955,3204,3204,3204,3204,3204,3204,3204,3204,20,28.571430206298828,15.789472579956055,25,0,0,0,0,5.595950603485107,8589934592,2147483648,5904941056,407961600
206,1772004198157,3204,3204,3204,3204,3204,3204,3204,3204,25,31.57894515991211,23.809524536132813,10.526315689086914,4.761904716491699,4.761904716491699,0,0,5.595950603485107,8589934592,2147483648,5904941056,407961600
202,1772004198364,3204,3204,3204,3204,3204,3204,3204,3204,28.571430206298828,28.571430206298828,19.047618865966797,23.809524536132813,5,4.761904716491699,5,4.761904716491699,5.595950603485107,8589934592,2147483648,5906333696,407961600
201,1772004198567,3204,3204,3204,3204,3204,3204,3204,3204,30.000001907348633,33.333335876464844,25,19.047618865966797,0,0,0,0,5.595950603485107,8589934592,2147483648,5905973248,407961600
201,1772004198769,3204,3204,3204,3204,3204,3204,3204,3204,25,30.000001907348633,20,28.571430206298828,14.285715103149414,30.000001907348633,5,5,5.595950603485107,8589934592,2147483648,5905760256,407961600
209,1772004198971,3204,3204,3204,3204,3204,3204,3204,3204,30.000001907348633,30.000001907348633,25,20,10,20,5,0,5.662243366241455,8589934592,2147483648,5915557888,407961600
209,1772004199181,3204,3204,3204,3204,3204,3204,3204,3204,42.85714340209961,38.095237731933594,27.272727966308594,25,19.047618865966797,4.761904716491699,0,0,5.662243366241455,8589934592,2147483648,5905793024,407961600
206,1772004199391,3204,3204,3204,3204,3204,3204,3204,3204,23.809524536132813,28.571430206298828,15.789472579956055,20,5,4.761904716491699,4.761904716491699,4.761904716491699,5.662243366241455,8589934592,2147483648,5905793024,407961600
209,1772004199597,3204,3204,3204,3204,3204,3204,3204,3204,30.000001907348633,20,19.047618865966797,19.047618865966797,0,4.761904716491699,0,0,5.662243366241455,8589934592,2147483648,5905842176,407961600
207,1772004199808,3204,3204,3204,3204,3204,3204,3204,3204,28.571430206298828,23.809524536132813,28.571430206298828,14.285715103149414,4.761904716491699,4.761904716491699,4.761904716491699,0,5.662243366241455,8589934592,2147483648,5905596416,407961600
208,1772004200015,3204,3204,3204,3204,3204,3204,3204,3204,23.809524536132813,25,28.571430206298828,20,4.761904716491699,0,0,0,5.731831073760986,8589934592,2147483648,5905399808,407961600
209,1772004200224,3204,3204,3204,3204,3204,3204,3204,3204,23.809524536132813,23.809524536132813,19.047618865966797,18.18181800842285,4.545454502105713,0,0,0,5.731831073760986,8589934592,2147483648,5905383424,407961600
208,1772004200434,3204,3204,3204,3204,3204,3204,3204,3204,25,36.3636360168457,20,19.047618865966797,4.761904716491699,4.761904716491699,0,4.761904716491699,5.731831073760986,8589934592,2147483648,5905448960,407961600
201,1772004200643,3204,3204,3204,3204,3204,3204,3204,3204,20,20,23.809524536132813,15.000000953674316,0,4.545454502105713,0,0,5.731831073760986,8589934592,2147483648,5905547264,407961600
205,1772004200844,3204,3204,3204,3204,3204,3204,3204,3204,27.272727966308594,15.000000953674316,20,20,5,5,4.761904716491699,4.761904716491699,5.720332622528076,8589934592,2147483648,5907349504,407961600
209,1772004201050,3204,3204,3204,3204,3204,3204,3204,3204,26.3157901763916,25,23.809524536132813,23.809524536132813,0,5,0,0,5.720332622528076,8589934592,2147483648,5906579456,407961600
205,1772004201260,3204,3204,3204,3204,3204,3204,3204,3204,36.3636360168457,28.571430206298828,28.571430206298828,35,9.523809432983398,4.761904716491699,10,4.761904716491699,5.720332622528076,8589934592,2147483648,5906186240,407961600
207,1772004201466,3204,3204,3204,3204,3204,3204,3204,3204,25,28.571430206298828,20,23.809524536132813,23.809524536132813,10,4.545454502105713,0,5.720332622528076,8589934592,2147483648,5908021248,407961600
206,1772004201674,3204,3204,3204,3204,3204,3204,3204,3204,23.809524536132813,28.571430206298828,23.809524536132813,14.285715103149414,4.761904716491699,4.761904716491699,0,0,5.720332622528076,8589934592,2147483648,5907415040,407961600
203,1772004201881,3204,3204,3204,3204,3204,3204,3204,3204,25,23.809524536132813,23.809524536132813,19.047618865966797,0,0,0,0,5.613671779632568,8589934592,2147483648,5907415040,407961600
204,1772004202085,3204,3204,3204,3204,3204,3204,3204,3204,30.000001907348633,20,20,15.000000953674316,4.761904716491699,5,0,0,5.613671779632568,8589934592,2147483648,5907283968,407961600
200,1772004202289,3204,3204,3204,3204,3204,3204,3204,3204,33.333335876464844,21.052631378173828,15.000000953674316,15.000000953674316,0,0,0,0,5.613671779632568,8589934592,2147483648,5906186240,407961600
209,1772004202491,3204,3204,3204,3204,3204,3204,3204,3204,30.000001907348633,23.809524536132813,25,14.285715103149414,4.761904716491699,4.761904716491699,9.090909004211426,4.761904716491699,5.613671779632568,8589934592,2147483648,5906333696,407961600
204,1772004202701,3204,3204,3204,3204,3204,3204,3204,3204,30.000001907348633,23.809524536132813,19.047618865966797,15.000000953674316,0,0,0,0,5.613671779632568,8589934592,2147483648,5906317312,407961600
207,1772004202906,3204,3204,3204,3204,3204,3204,3204,3204,31.81818199157715,25,23.809524536132813,23.809524536132813,0,0,0,0,5.709490776062012,8589934592,2147483648,5906497536,407961600
206,1772004203114,3204,3204,3204,3204,3204,3204,3204,3204,26.3157901763916,19.047618865966797,15.000000953674316,23.809524536132813,4.545454502105713,4.545454502105713,0,0,5.709490776062012,8589934592,2147483648,5906513920,407961600
207,1772004203321,3204,3204,3204,3204,3204,3204,3204,3204,28.571430206298828,30.000001907348633,25,20,5,4.761904716491699,4.761904716491699,9.523809432983398,5.709490776062012,8589934592,2147483648,5907218432,407961600
201,1772004203529,3204,3204,3204,3204,3204,3204,3204,3204,25,30.000001907348633,27.272727966308594,22.72727394104004,18.18181800842285,19.047618865966797,0,0,5.709490776062012,8589934592,2147483648,5907677184,407961600
209,1772004203730,3204,3204,3204,3204,3204,3204,3204,3204,25,28.571430206298828,26.3157901763916,15.789472579956055,5.263157844543457,25,0,0,5.709490776062012,8589934592,2147483648,5905301504,407961600
202,1772004203940,3204,3204,3204,3204,3204,3204,3204,3204,22.72727394104004,23.809524536132813,19.047618865966797,14.285715103149414,4.761904716491699,5,4.761904716491699,4.761904716491699,5.24843168258667,8589934592,2147483648,5905612800,407961600
208,1772004204143,3204,3204,3204,3204,3204,3204,3204,3204,35,20,23.809524536132813,20,4.761904716491699,4.761904716491699,0,0,5.24843168258667,8589934592,2147483648,5905481728,407961600
206,1772004204352,3204,3204,3204,3204,3204,3204,3204,3204,23.809524536132813,23.809524536132813,23.809524536132813,20,4.761904716491699,0,0,0,5.24843168258667,8589934592,2147483648,5905514496,407961600
208,1772004204559,3204,3204,3204,3204,3204,3204,3204,3204,28.571430206298828,25,25,19.047618865966797,0,0,4.761904716491699,4.761904716491699,5.24843168258667,8589934592,2147483648,5906972672,407961600
206,1772004204768,3204,3204,3204,3204,3204,3204,3204,3204,30.000001907348633,23.809524536132813,20,18.18181800842285,4.761904716491699,9.090909004211426,0,0,5.24843168258667,8589934592,2147483648,5906907136,407961600
209,1772004204975,3204,3204,3204,3204,3204,3204,3204,3204,33.333335876464844,23.809524536132813,23.809524536132813,20,0,0,0,0,5.606247901916504,8589934592,2147483648,5906939904,407961600
205,1772004205185,3204,3204,3204,3204,3204,3204,3204,3204,25,25,23.809524536132813,14.285715103149414,4.761904716491699,0,0,0,5.606247901916504,8589934592,2147483648,5907218432,407961600
209,1772004205391,3204,3204,3204,3204,3204,3204,3204,3204,38.095237731933594,25,33.333335876464844,20,5,4.761904716491699,4.761904716491699,14.285715103149414,5.606247901916504,8589934592,2147483648,5916590080,407961600
203,1772004205601,3204,3204,3204,3204,3204,3204,3204,3204,33.333335876464844,27.272727966308594,23.809524536132813,19.047618865966797,28.571430206298828,5,0,0,5.606247901916504,8589934592,2147483648,5906317312,407961600
201,1772004205805,3204,3204,3204,3204,3204,3204,3204,3204,21.052631378173828,25,20,19.047618865966797,4.545454502105713,0,0,0,5.606247901916504,8589934592,2147483648,5906333696,407961600
203,1772004206007,3204,3204,3204,3204,3204,3204,3204,3204,33.333335876464844,30.000001907348633,30.000001907348633,25,0,5,5,0,5.314787864685059,8589934592,2147483648,5901484032,407961600
209,1772004206212,3204,3204,3204,3204,3204,3204,3204,3204,20,23.809524536132813,23.809524536132813,15.000000953674316,4.761904716491699,4.761904716491699,0,0,5.314787864685059,8589934592,2147483648,5901484032,407961600
208,1772004206422,3204,3204,3204,3204,3204,3204,3204,3204,23.809524536132813,25,23.809524536132813,19.047618865966797,10,9.523809432983398,9.090909004211426,9.090909004211426,5.314787864685059,8589934592,2147483648,5984681984,407961600
209,1772004206631,3204,3204,3204,3204,3204,3204,3204,3204,33.333335876464844,33.333335876464844,25,33.333335876464844,4.761904716491699,0,0,0,5.314787864685059,8589934592,2147483648,5902123008,407961600
206,1772004206841,3204,3204,3204,3204,3204,3204,3204,3204,23.809524536132813,23.809524536132813,23.809524536132813,19.047618865966797,4.761904716491699,4.761904716491699,0,4.761904716491699,5.46341609954834,8589934592,2147483648,5869486080,407961600
205,1772004207048,3204,3204,3204,3204,3204,3204,3204,3204,20,30.000001907348633,14.285715103149414,20,4.761904716491699,0,4.545454502105713,0,5.46341609954834,8589934592,2147483648,5855232000,407961600
206,1772004207253,3204,3204,3204,3204,3204,3204,3204,3204,20,33.333335876464844,20,19.047618865966797,0,0,0,0,5.46341609954834,8589934592,2147483648,5855150080,407961600
202,1772004207462,3204,3204,3204,3204,3204,3204,3204,3204,71.42857360839844,66.66667175292969,65,65,0,4.545454502105713,0,0,5.46341609954834,8589934592,2147483648,5863243776,407961600
207,1772004207664,3204,3204,3204,3204,3204,3204,3204,3204,71.42857360839844,70,66.66667175292969,61.904762268066406,25,26.3157901763916,0,5,5.46341609954834,8589934592,2147483648,5879775232,407961600
207,1772004207872,3204,3204,3204,3204,3204,3204,3204,3204,57.894737243652344,60.000003814697266,54.54545593261719,55,23.809524536132813,18.18181800842285,13.636363983154297,0,5.447832107543945,8589934592,2147483648,5896896512,407961600
209,1772004208079,3204,3204,3204,3204,3204,3204,3204,3204,76.19047546386719,61.904762268066406,65,65,9.523809432983398,9.523809432983398,4.761904716491699,5,5.447832107543945,8589934592,2147483648,5911805952,407961600
199,1772004208289,3204,3204,3204,3204,3204,3204,3204,3204,95.23809814453125,95,95,95.45454406738281,4.761904716491699,5,4.761904716491699,4.761904716491699,5.447832107543945,8589934592,2147483648,5921046528,407961600
207,1772004208490,3204,3204,3204,3204,3204,3204,3204,3204,90.47618865966797,85.71428680419922,90,90,0,4.761904716491699,0,0,5.447832107543945,8589934592,2147483648,5930663936,407961600
209,1772004208698,3204,3204,3204,3204,3204,3204,3204,3204,65,57.142860412597656,57.142860412597656,60.000003814697266,9.090909004211426,20,4.761904716491699,4.545454502105713,5.447832107543945,8589934592,2147483648,5930663936,407961600
203,1772004208908,3204,3204,3204,3204,3204,3204,3204,3204,61.904762268066406,61.904762268066406,55,54.54545593261719,5,4.761904716491699,0,0,6.256069183349609,8589934592,2147483648,5930663936,407961600
202,1772004209113,3204,3204,3204,3204,3204,3204,3204,3204,85,80,85.71428680419922,85,0,4.761904716491699,0,0,6.256069183349609,8589934592,2147483648,5930663936,407961600
205,1772004209316,3204,3204,3204,3204,3204,3204,3204,3204,90.47618865966797,95,90,85.71428680419922,0,0,4.761904716491699,0,6.256069183349609,8589934592,2147483648,5976342528,407961600
207,1772004209523,3204,3204,3204,3204,3204,3204,3204,3204,60.000003814697266,61.904762268066406,61.904762268066406,60.000003814697266,4.761904716491699,4.761904716491699,0,0,6.256069183349609,8589934592,2147483648,5980717056,407961600
206,1772004209732,3204,3204,3204,3204,3204,3204,3204,3204,59.09090805053711,60.000003814697266,55,50,23.809524536132813,5,0,4.761904716491699,6.256069183349609,8589934592,2147483648,5964840960,407961600
206,1772004209939,3204,3204,3204,3204,3204,3204,3204,3204,50,50,52.38095474243164,45.45454788208008,5,14.285715103149414,0,4.545454502105713,7.196709156036377,8589934592,2147483648,5960105984,407961600
208,1772004210147,3204,3204,3204,3204,3204,3204,3204,3204,57.142860412597656,50,47.619049072265625,40,0,0,4.545454502105713,0,7.196709156036377,8589934592,2147483648,5974605824,407961600
201,1772004210356,3204,3204,3204,3204,3204,3204,3204,3204,65,61.904762268066406,57.142860412597656,57.142860412597656,0,0,0,0,7.196709156036377,8589934592,2147483648,5972443136,407961600
209,1772004210558,3204,3204,3204,3204,3204,3204,3204,3204,40,45,45,40,4.761904716491699,0,0,0,7.196709156036377,8589934592,2147483648,5972688896,407961600
209,1772004210768,3204,3204,3204,3204,3204,3204,3204,3204,57.142860412597656,42.85714340209961,50,42.85714340209961,0,0,0,0,7.196709156036377,8589934592,2147483648,5965332480,407961600
201,1772004210977,3204,3204,3204,3204,3204,3204,3204,3204,33.333335876464844,40,35,40,0,4.761904716491699,4.545454502105713,4.761904716491699,6.843630790710449,8589934592,2147483648,5965332480,407961600
208,1772004211180,3204,3204,3204,3204,3204,3204,3204,3204,30.000001907348633,30.000001907348633,25,28.571430206298828,4.761904716491699,0,0,0,6.843630790710449,8589934592,2147483648,5965332480,407961600
209,1772004211388,3204,3204,3204,3204,3204,3204,3204,3204,38.095237731933594,33.333335876464844,30.000001907348633,33.333335876464844,0,0,0,0,6.843630790710449,8589934592,2147483648,5970886656,407961600
209,1772004211598,3204,3204,3204,3204,3204,3204,3204,3204,28.571430206298828,28.571430206298828,23.809524536132813,19.047618865966797,0,0,0,0,6.843630790710449,8589934592,2147483648,5970919424,407961600
209,1772004211808,3204,3204,3204,3204,3204,3204,3204,3204,30.000001907348633,25,28.571430206298828,20,14.285715103149414,9.090909004211426,0,0,6.843630790710449,8589934592,2147483648,5970083840,407961600
203,1772004212018,3204,3204,3204,3204,3204,3204,3204,3204,31.81818199157715,22.72727394104004,19.047618865966797,18.18181800842285,19.047618865966797,14.285715103149414,0,0,6.291622161865234,8589934592,2147483648,5959958528,407961600
209,1772004212222,3204,3204,3204,3204,3204,3204,3204,3204,25,25,23.809524536132813,15.000000953674316,0,5,5,0,6.291622161865234,8589934592,2147483648,5959958528,407961600
208,1772004212432,3204,3204,3204,3204,3204,3204,3204,3204,35,28.571430206298828,25,25,0,0,0,0,6.291622161865234,8589934592,2147483648,5960007680,407961600
201,1772004212641,3204,3204,3204,3204,3204,3204,3204,3204,28.571430206298828,25,19.047618865966797,23.809524536132813,80.95238494873047,42.85714340209961,4.545454502105713,4.545454502105713,6.291622161865234,8589934592,2147483648,5947506688,407961600
204,1772004212842,3204,3204,3204,3204,3204,3204,3204,3204,33.333335876464844,25,25,15.000000953674316,80,5,0,0,5.326709747314453,8589934592,2147483648,5946867712,407961600
200,1772004213047,3204,3204,3204,3204,3204,3204,3204,3204,21.052631378173828,23.809524536132813,15.000000953674316,19.047618865966797,13.636363983154297,0,23.809524536132813,0,5.326709747314453,8589934592,2147483648,5946867712,407961600
206,1772004213248,3204,3204,3204,3204,3204,3204,3204,3204,23.809524536132813,20,19.047618865966797,10.526315689086914,83.33332824707031,0,0,0,5.326709747314453,8589934592,2147483648,5946867712,407961600
203,1772004213455,3204,3204,3204,3204,3204,3204,3204,3204,25,23.809524536132813,20,19.047618865966797,72.7272720336914,0,10,4.761904716491699,5.326709747314453,8589934592,2147483648,5946605568,407961600
209,1772004213659,3204,3204,3204,3204,3204,3204,3204,3204,23.809524536132813,20,19.047618865966797,19.047618865966797,70,14.285715103149414,0,4.761904716491699,5.326709747314453,8589934592,2147483648,5947047936,407961600
200,1772004213869,3204,3204,3204,3204,3204,3204,3204,3204,20,23.809524536132813,15.000000953674316,15.000000953674316,95.23809814453125,0,0,0,7.202215194702148,8589934592,2147483648,5947604992,407961600
207,1772004214070,3204,3204,3204,3204,3204,3204,3204,3204,26.3157901763916,31.57894515991211,30.000001907348633,23.809524536132813,47.619049072265625,15.000000953674316,50,5,7.202215194702148,8589934592,2147483648,5946458112,407961600
203,1772004214278,3204,3204,3204,3204,3204,3204,3204,3204,22.72727394104004,23.809524536132813,19.047618865966797,15.000000953674316,35,0,0,0,7.202215194702148,8589934592,2147483648,5945966592,407961600
207,1772004214482,3204,3204,3204,3204,3204,3204,3204,3204,25,28.571430206298828,20,19.047618865966797,65,9.523809432983398,35,4.761904716491699,7.202215194702148,8589934592,2147483648,5949505536,407961600
207,1772004214690,3204,3204,3204,3204,3204,3204,3204,3204,20,20,19.047618865966797,10,85.71428680419922,19.047618865966797,9.090909004211426,0,7.202215194702148,8589934592,2147483648,5949046784,407961600
209,1772004214898,3204,3204,3204,3204,3204,3204,3204,3204,23.809524536132813,25,14.285715103149414,18.18181800842285,40,40,0,19.047618865966797,9.3287935256958,8589934592,2147483648,5948866560,407961600
209,1772004215108,3204,3204,3204,3204,3204,3204,3204,3204,19.047618865966797,19.047618865966797,20,10,72.7272720336914,9.090909004211426,4.761904716491699,20,9.3287935256958,8589934592,2147483648,5949145088,407961600
206,1772004215318,3204,3204,3204,3204,3204,3204,3204,3204,23.809524536132813,23.809524536132813,19.047618865966797,14.285715103149414,75,4.761904716491699,0,4.545454502105713,9.3287935256958,8589934592,2147483648,5948014592,407961600
205,1772004215525,3204,3204,3204,3204,3204,3204,3204,3204,23.809524536132813,28.571430206298828,20,20,18.18181800842285,52.38095474243164,0,0,9.3287935256958,8589934592,2147483648,5947473920,407961600
209,1772004215731,3204,3204,3204,3204,3204,3204,3204,3204,20,20,19.047618865966797,23.809524536132813,55,60.000003814697266,4.761904716491699,0,9.3287935256958,8589934592,2147483648,5947752448,407961600
202,1772004215941,3204,3204,3204,3204,3204,3204,3204,3204,25,22.72727394104004,19.047618865966797,14.285715103149414,0,85.71428680419922,0,0,10.283193588256836,8589934592,2147483648,5950177280,407961600
209,1772004216143,3204,3204,3204,3204,3204,3204,3204,3204,33.333335876464844,26.3157901763916,28.571430206298828,26.3157901763916,14.285715103149414,25,10,23.809524536132813,10.283193588256836,8589934592,2147483648,5944934400,407961600
209,1772004216353,3204,3204,3204,3204,3204,3204,3204,3204,25,23.809524536132813,15.789472579956055,18.18181800842285,4.761904716491699,85.71428680419922,14.285715103149414,4.761904716491699,10.283193588256836,8589934592,2147483648,5935251456,407961600
209,1772004216563,3204,3204,3204,3204,3204,3204,3204,3204,23.809524536132813,14.285715103149414,13.636363983154297,14.285715103149414,42.85714340209961,4.761904716491699,0,47.619049072265625,10.283193588256836,8589934592,2147483648,5935120384,407961600
201,1772004216773,3204,3204,3204,3204,3204,3204,3204,3204,23.809524536132813,28.571430206298828,23.809524536132813,15.000000953674316,38.095237731933594,4.761904716491699,0,0,10.283193588256836,8589934592,2147483648,5934399488,407961600
204,1772004216976,3204,3204,3204,3204,3204,3204,3204,3204,25,15.000000953674316,20,14.285715103149414,90,5,0,0,10.302932739257813,8589934592,2147483648,5934120960,407961600
207,1772004217181,3204,3204,3204,3204,3204,3204,3204,3204,23.809524536132813,23.809524536132813,19.047618865966797,15.000000953674316,100,0,0,0,10.302932739257813,8589934592,2147483648,5933727744,407961600
201,1772004217389,3204,3204,3204,3204,3204,3204,3204,3204,20,20,15.000000953674316,14.285715103149414,35,0,0,0,10.302932739257813,8589934592,2147483648,5933416448,407961600
209,1772004217591,3204,3204,3204,3204,3204,3204,3204,3204,20,20,15.000000953674316,15.789472579956055,70,25,0,0,10.302932739257813,8589934592,2147483648,5933465600,407961600
200,1772004217801,3204,3204,3204,3204,3204,3204,3204,3204,19.047618865966797,20,22.72727394104004,18.18181800842285,81.81818389892578,19.047618865966797,0,0,10.302932739257813,8589934592,2147483648,5933498368,407961600
208,1772004218001,3204,3204,3204,3204,3204,3204,3204,3204,25,23.809524536132813,15.000000953674316,15.000000953674316,10.526315689086914,4.761904716491699,23.809524536132813,0,9.08195686340332,8589934592,2147483648,5933563904,407961600
209,1772004218210,3204,3204,3204,3204,3204,3204,3204,3204,25,28.571430206298828,20,19.047618865966797,4.761904716491699,60.000003814697266,35,4.545454502105713,9.08195686340332,8589934592,2147483648,5943885824,407961600
209,1772004218420,3204,3204,3204,3204,3204,3204,3204,3204,31.81818199157715,23.809524536132813,23.809524536132813,20,81.81818389892578,9.090909004211426,27.272727966308594,0,9.08195686340332,8589934592,2147483648,5933694976,407961600
209,1772004218630,3204,3204,3204,3204,3204,3204,3204,3204,20,25,14.285715103149414,19.047618865966797,38.095237731933594,5,10,0,9.08195686340332,8589934592,2147483648,5936037888,407961600
203,1772004218840,3204,3204,3204,3204,3204,3204,3204,3204,28.571430206298828,28.571430206298828,35,23.809524536132813,33.333335876464844,14.285715103149414,4.761904716491699,0,9.98231315612793,8589934592,2147483648,5933268992,407961600
208,1772004219044,3204,3204,3204,3204,3204,3204,3204,3204,35,35,28.571430206298828,23.809524536132813,63.15789031982422,25,23.809524536132813,20,9.98231315612793,8589934592,2147483648,5933268992,407961600
209,1772004219254,3204,3204,3204,3204,3204,3204,3204,3204,23.809524536132813,23.809524536132813,28.571430206298828,15.000000953674316,45.45454788208008,0,0,0,9.98231315612793,8589934592,2147483648,5933268992,407961600
200,1772004219464,3204,3204,3204,3204,3204,3204,3204,3204,25,31.81818199157715,15.000000953674316,22.72727394104004,35,4.761904716491699,4.761904716491699,0,9.98231315612793,8589934592,2147483648,5933268992,407961600
209,1772004219664,3204,3204,3204,3204,3204,3204,3204,3204,25,26.3157901763916,25,20,50,0,0,0,9.98231315612793,8589934592,2147483648,5934235648,407961600
209,1772004219874,3204,3204,3204,3204,3204,3204,3204,3204,33.333335876464844,35,28.571430206298828,20,27.272727966308594,0,0,0,8.946311950683594,8589934592,2147483648,5918048256,407961600
206,1772004220084,3204,3204,3204,3204,3204,3204,3204,3204,23.809524536132813,28.571430206298828,19.047618865966797,20,55,9.090909004211426,5,0,8.946311950683594,8589934592,2147483648,5918048256,407961600
201,1772004220291,3204,3204,3204,3204,3204,3204,3204,3204,25,25,19.047618865966797,27.272727966308594,66.66667175292969,0,0,0,8.946311950683594,8589934592,2147483648,5918048256,407961600
207,1772004220493,3204,3204,3204,3204,3204,3204,3204,3204,45,35,30.000001907348633,30.000001907348633,47.36842346191406,14.285715103149414,4.761904716491699,0,8.946311950683594,8589934592,2147483648,5918048256,407961600
206,1772004220701,3204,3204,3204,3204,3204,3204,3204,3204,27.272727966308594,23.809524536132813,20,20,95.23809814453125,4.761904716491699,0,0,8.946311950683594,8589934592,2147483648,5908578304,407961600
208,1772004220907,3204,3204,3204,3204,3204,3204,3204,3204,40,35,30.000001907348633,33.333335876464844,38.095237731933594,0,4.761904716491699,0,8.627495765686035,8589934592,2147483648,5912936448,407961600
209,1772004221115,3204,3204,3204,3204,3204,3204,3204,3204,31.57894515991211,30.000001907348633,19.047618865966797,10,35,4.761904716491699,0,0,8.627495765686035,8589934592,2147483648,5917540352,407961600
4,1772004221326,3204,3204,3204,3204,3204,3204,3204,3204,28.571430206298828,36.3636360168457,27.272727966308594,19.047618865966797,42.85714340209961,0,0,0,8.627495765686035,8589934592,2147483648,5913608192,407961600
