Delta,Time,CPU_FREQUENCY_0,CPU_FREQUENCY_1,CPU_FREQUENCY_2,CPU_FREQUENCY_3,CPU_FREQUENCY_4,CPU_FREQUENCY_5,CPU_FREQUENCY_6,CPU_FREQUENCY_7,CPU_USAGE_0,CPU_USAGE_1,CPU_USAGE_2,CPU_USAGE_3,CPU_USAGE_4,CPU_USAGE_5,CPU_USAGE_6,CPU_USAGE_7,SYSTEM_POWER (Watts),TOTAL_MEMORY,TOTAL_SWAP,USED_MEMORY,USED_SWAP
0,1771995342618,3204,3204,3204,3204,3204,3204,3204,3204,0,NaN,100,50,0,0,0,0,4.540333271026611,8589934592,2147483648,5870764032,433127424
209,1771995342618,3204,3204,3204,3204,3204,3204,3204,3204,100,0,0,NaN,NaN,NaN,0,0,4.540333271026611,8589934592,2147483648,5870764032,433127424
205,1771995342829,3204,3204,3204,3204,3204,3204,3204,3204,33.333335876464844,33.333335876464844,31.81818199157715,23.809524536132813,4.761904716491699,4.545454502105713,0,0,4.540333271026611,8589934592,2147483648,5870764032,433127424
209,1771995343035,3204,3204,3204,3204,3204,3204,3204,3204,40,31.57894515991211,30.000001907348633,28.571430206298828,5,5,4.761904716491699,4.545454502105713,4.540333271026611,8589934592,2147483648,5870764032,433127424
200,1771995343245,3204,3204,3204,3204,3204,3204,3204,3204,85,77.2727279663086,80,76.19047546386719,22.72727394104004,9.523809432983398,9.523809432983398,0,4.772571563720703,8589934592,2147483648,5838094336,433127424
209,1771995343445,3204,3204,3204,3204,3204,3204,3204,3204,52.38095474243164,52.6315803527832,47.619049072265625,36.842105865478516,38.095237731933594,25,5.263157844543457,13.636363983154297,4.772571563720703,8589934592,2147483648,5813829632,433127424
199,1771995343656,3204,3204,3204,3204,3204,3204,3204,3204,55,57.142860412597656,50,40.90909194946289,5,4.761904716491699,0,0,4.772571563720703,8589934592,2147483648,5802967040,433127424
209,1771995343856,3204,3204,3204,3204,3204,3204,3204,3204,50,45,45,36.842105865478516,5,5,5,4.761904716491699,4.772571563720703,8589934592,2147483648,5811585024,433127424
202,1771995344066,3204,3204,3204,3204,3204,3204,3204,3204,36.3636360168457,40.90909194946289,27.272727966308594,28.571430206298828,23.809524536132813,14.285715103149414,13.636363983154297,5,4.772571563720703,8589934592,2147483648,5827690496,433127424
209,1771995344268,3204,3204,3204,3204,3204,3204,3204,3204,50,55,40,33.333335876464844,0,0,0,0,4.927457332611084,8589934592,2147483648,5838569472,433127424
206,1771995344478,3204,3204,3204,3204,3204,3204,3204,3204,57.142860412597656,47.619049072265625,40,42.85714340209961,4.761904716491699,4.545454502105713,0,0,4.927457332611084,8589934592,2147483648,5837324288,433127424
209,1771995344685,3204,3204,3204,3204,3204,3204,3204,3204,50,57.894737243652344,38.095237731933594,35,4.761904716491699,5,5,4.761904716491699,4.927457332611084,8589934592,2147483648,5835440128,433127424
207,1771995344895,3204,3204,3204,3204,3204,3204,3204,3204,57.142860412597656,57.142860412597656,55,52.38095474243164,9.523809432983398,14.285715103149414,4.545454502105713,9.523809432983398,4.927457332611084,8589934592,2147483648,5820858368,433127424
209,1771995345102,3204,3204,3204,3204,3204,3204,3204,3204,80.95238494873047,72.7272720336914,81.81818389892578,80.95238494873047,4.761904716491699,4.761904716491699,0,20,4.927457332611084,8589934592,2147483648,5815238656,433127424
208,1771995345312,3204,3204,3204,3204,3204,3204,3204,3204,75,50,50,55,20,19.047618865966797,14.285715103149414,9.090909004211426,5.10888671875,8589934592,2147483648,5850595328,433127424
201,1771995345521,3204,3204,3204,3204,3204,3204,3204,3204,80.95238494873047,80.95238494873047,71.42857360839844,68.18181610107422,4.761904716491699,0,4.761904716491699,0,5.10888671875,8589934592,2147483648,5831491584,433127424
204,1771995345724,3204,3204,3204,3204,3204,3204,3204,3204,61.904762268066406,60.000003814697266,75,70,0,0,0,0,5.10888671875,8589934592,2147483648,5831884800,433127424
208,1771995345929,3204,3204,3204,3204,3204,3204,3204,3204,63.15789031982422,72.7272720336914,61.904762268066406,52.38095474243164,28.571430206298828,10,9.523809432983398,4.761904716491699,5.10888671875,8589934592,2147483648,5835276288,433127424
205,1771995346138,3204,3204,3204,3204,3204,3204,3204,3204,50,47.36842346191406,40,52.6315803527832,9.523809432983398,9.090909004211426,10,4.761904716491699,5.10888671875,8589934592,2147483648,5836570624,433127424
207,1771995346343,3204,3204,3204,3204,3204,3204,3204,3204,55,52.38095474243164,55,71.42857360839844,4.761904716491699,4.761904716491699,4.761904716491699,0,6.168379306793213,8589934592,2147483648,5829804032,433127424
206,1771995346551,3204,3204,3204,3204,3204,3204,3204,3204,66.66667175292969,57.142860412597656,50,50,5,0,4.761904716491699,4.761904716491699,6.168379306793213,8589934592,2147483648,5827280896,433127424
207,1771995346758,3204,3204,3204,3204,3204,3204,3204,3204,57.142860412597656,50,35,50,4.761904716491699,5,4.761904716491699,0,6.168379306793213,8589934592,2147483648,5816614912,433127424
201,1771995346966,3204,3204,3204,3204,3204,3204,3204,3204,45,66.66667175292969,47.619049072265625,47.619049072265625,30.000001907348633,33.333335876464844,0,4.545454502105713,6.168379306793213,8589934592,2147483648,5815533568,433127424
209,1771995347168,3204,3204,3204,3204,3204,3204,3204,3204,60.000003814697266,45,40,42.105262756347656,4.761904716491699,10,0,0,6.168379306793213,8589934592,2147483648,5817630720,433127424
209,1771995347377,3204,3204,3204,3204,3204,3204,3204,3204,50,54.54545593261719,57.142860412597656,54.54545593261719,10,9.523809432983398,4.545454502105713,0,5.802844047546387,8589934592,2147483648,5822676992,433127424
200,1771995347587,3204,3204,3204,3204,3204,3204,3204,3204,52.38095474243164,55,42.85714340209961,35,9.090909004211426,9.090909004211426,5,4.761904716491699,5.802844047546387,8589934592,2147483648,5810388992,433127424
208,1771995347788,3204,3204,3204,3204,3204,3204,3204,3204,55,60.000003814697266,60.000003814697266,47.36842346191406,0,0,0,4.761904716491699,5.802844047546387,8589934592,2147483648,5808668672,433127424
209,1771995347996,3204,3204,3204,3204,3204,3204,3204,3204,66.66667175292969,60.000003814697266,70,63.6363639831543,27.272727966308594,15.000000953674316,14.285715103149414,9.523809432983398,5.802844047546387,8589934592,2147483648,5808668672,433127424
204,1771995348206,3204,3204,3204,3204,3204,3204,3204,3204,50,47.619049072265625,57.142860412597656,55,15.000000953674316,18.18181800842285,23.809524536132813,0,6.266622543334961,8589934592,2147483648,5808668672,433127424
209,1771995348412,3204,3204,3204,3204,3204,3204,3204,3204,40,52.38095474243164,75,38.095237731933594,14.285715103149414,5,4.761904716491699,0,6.266622543334961,8589934592,2147483648,5820481536,433127424
203,1771995348622,3204,3204,3204,3204,3204,3204,3204,3204,47.619049072265625,50,54.54545593261719,52.38095474243164,4.761904716491699,9.090909004211426,0,4.545454502105713,6.266622543334961,8589934592,2147483648,5812469760,433127424
208,1771995348825,3204,3204,3204,3204,3204,3204,3204,3204,60.000003814697266,47.619049072265625,50,57.142860412597656,4.761904716491699,5,4.761904716491699,0,6.266622543334961,8589934592,2147483648,5798920192,433127424
209,1771995349034,3204,3204,3204,3204,3204,3204,3204,3204,45,47.619049072265625,42.85714340209961,38.095237731933594,0,0,0,0,6.266622543334961,8589934592,2147483648,5791875072,433127424
206,1771995349244,3204,3204,3204,3204,3204,3204,3204,3204,52.38095474243164,45,42.85714340209961,45,0,0,0,0,5.669155597686768,8589934592,2147483648,5794463744,433127424
205,1771995349451,3204,3204,3204,3204,3204,3204,3204,3204,42.85714340209961,50,50,38.095237731933594,0,0,0,0,5.669155597686768,8589934592,2147483648,5798985728,433127424
205,1771995349657,3204,3204,3204,3204,3204,3204,3204,3204,50,47.619049072265625,71.42857360839844,45,9.523809432983398,9.523809432983398,4.761904716491699,4.761904716491699,5.669155597686768,8589934592,2147483648,5789892608,433127424
204,1771995349863,3204,3204,3204,3204,3204,3204,3204,3204,59.09090805053711,42.105262756347656,50,28.571430206298828,0,5,0,0,5.669155597686768,8589934592,2147483648,5789892608,433127424
205,1771995350068,3204,3204,3204,3204,3204,3204,3204,3204,80,80.95238494873047,80.95238494873047,80.95238494873047,0,0,0,0,5.669155597686768,8589934592,2147483648,5789892608,433127424
204,1771995350273,3204,3204,3204,3204,3204,3204,3204,3204,60.000003814697266,65,55,65,9.523809432983398,5,4.761904716491699,5,5.969285488128662,8589934592,2147483648,5789892608,433127424
204,1771995350479,3204,3204,3204,3204,3204,3204,3204,3204,47.619049072265625,55,45,45,9.523809432983398,9.523809432983398,9.523809432983398,0,5.969285488128662,8589934592,2147483648,5812338688,433127424
203,1771995350683,3204,3204,3204,3204,3204,3204,3204,3204,60.000003814697266,40.90909194946289,47.619049072265625,42.85714340209961,10.526315689086914,9.523809432983398,26.3157901763916,4.761904716491699,5.969285488128662,8589934592,2147483648,5794824192,433127424
208,1771995350887,3204,3204,3204,3204,3204,3204,3204,3204,50,52.6315803527832,52.38095474243164,47.619049072265625,4.761904716491699,5,4.761904716491699,0,5.969285488128662,8589934592,2147483648,5798232064,433127424
206,1771995351096,3204,3204,3204,3204,3204,3204,3204,3204,55,45.45454788208008,50,47.619049072265625,4.761904716491699,4.761904716491699,0,4.545454502105713,5.969285488128662,8589934592,2147483648,5793185792,433127424
209,1771995351303,3204,3204,3204,3204,3204,3204,3204,3204,50,55,66.66667175292969,21.052631378173828,20,0,4.761904716491699,0,5.952593803405762,8589934592,2147483648,5794447360,433127424
205,1771995351512,3204,3204,3204,3204,3204,3204,3204,3204,40,42.85714340209961,57.142860412597656,42.85714340209961,50,4.761904716491699,0,4.761904716491699,5.952593803405762,8589934592,2147483648,5793693696,433127424
206,1771995351718,3204,3204,3204,3204,3204,3204,3204,3204,42.85714340209961,42.105262756347656,47.36842346191406,52.38095474243164,15.000000953674316,9.523809432983398,4.761904716491699,0,5.952593803405762,8589934592,2147483648,5801721856,433127424
208,1771995351924,3204,3204,3204,3204,3204,3204,3204,3204,55,59.09090805053711,66.66667175292969,52.38095474243164,4.761904716491699,0,0,0,5.952593803405762,8589934592,2147483648,5801721856,433127424
207,1771995352133,3204,3204,3204,3204,3204,3204,3204,3204,47.619049072265625,71.42857360839844,52.38095474243164,42.85714340209961,0,4.761904716491699,0,4.761904716491699,5.952593803405762,8589934592,2147483648,5801721856,433127424
206,1771995352340,3204,3204,3204,3204,3204,3204,3204,3204,47.619049072265625,50,57.142860412597656,36.842105865478516,23.809524536132813,4.761904716491699,4.761904716491699,0,5.278802394866943,8589934592,2147483648,5801721856,433127424
203,1771995352547,3204,3204,3204,3204,3204,3204,3204,3204,50,52.38095474243164,50,31.81818199157715,15.000000953674316,0,4.761904716491699,4.761904716491699,5.278802394866943,8589934592,2147483648,5799231488,433127424
201,1771995352751,3204,3204,3204,3204,3204,3204,3204,3204,52.38095474243164,55,50,55,4.761904716491699,4.761904716491699,0,0,5.278802394866943,8589934592,2147483648,5795807232,433127424
209,1771995352953,3204,3204,3204,3204,3204,3204,3204,3204,47.619049072265625,55,42.85714340209961,47.619049072265625,9.523809432983398,5.263157844543457,5,4.761904716491699,5.278802394866943,8589934592,2147483648,5797199872,433127424
203,1771995353162,3204,3204,3204,3204,3204,3204,3204,3204,57.894737243652344,52.38095474243164,38.095237731933594,40,0,0,0,0,5.278802394866943,8589934592,2147483648,5795594240,433127424
201,1771995353366,3204,3204,3204,3204,3204,3204,3204,3204,52.38095474243164,40,55,38.095237731933594,0,0,0,0,5.922997951507568,8589934592,2147483648,5799608320,433127424
209,1771995353568,3204,3204,3204,3204,3204,3204,3204,3204,55,35,57.142860412597656,30.000001907348633,10,5,19.047618865966797,0,5.922997951507568,8589934592,2147483648,5800198144,433127424
209,1771995353778,3204,3204,3204,3204,3204,3204,3204,3204,45,45.45454788208008,45,42.85714340209961,4.761904716491699,0,0,4.545454502105713,5.922997951507568,8589934592,2147483648,5801787392,433127424
207,1771995353988,3204,3204,3204,3204,3204,3204,3204,3204,59.09090805053711,35,50,45,0,0,0,0,5.922997951507568,8589934592,2147483648,5796691968,433127424
200,1771995354196,3204,3204,3204,3204,3204,3204,3204,3204,55,52.38095474243164,40,47.619049072265625,4.761904716491699,4.545454502105713,4.761904716491699,4.761904716491699,6.141584396362305,8589934592,2147483648,5796397056,433127424
202,1771995354396,3204,3204,3204,3204,3204,3204,3204,3204,47.619049072265625,45,55,35,0,0,0,0,6.141584396362305,8589934592,2147483648,5799624704,433127424
200,1771995354599,3204,3204,3204,3204,3204,3204,3204,3204,45,45,45,45,0,0,0,0,6.141584396362305,8589934592,2147483648,5791940608,433127424
208,1771995354800,3204,3204,3204,3204,3204,3204,3204,3204,55,45,33.333335876464844,40,5,5,0,4.761904716491699,6.141584396362305,8589934592,2147483648,5790695424,433127424
209,1771995355009,3204,3204,3204,3204,3204,3204,3204,3204,57.142860412597656,42.85714340209961,40,47.619049072265625,28.571430206298828,28.571430206298828,23.809524536132813,20,6.141584396362305,8589934592,2147483648,5836439552,433127424
209,1771995355218,3204,3204,3204,3204,3204,3204,3204,3204,45,38.095237731933594,47.619049072265625,47.619049072265625,4.761904716491699,4.761904716491699,0,4.761904716491699,5.500483989715576,8589934592,2147483648,5834473472,433127424
208,1771995355428,3204,3204,3204,3204,3204,3204,3204,3204,61.904762268066406,45,40,33.333335876464844,14.285715103149414,5,4.761904716491699,9.523809432983398,5.500483989715576,8589934592,2147483648,5854658560,433127424
207,1771995355637,3204,3204,3204,3204,3204,3204,3204,3204,47.619049072265625,40.90909194946289,45.45454788208008,42.85714340209961,4.761904716491699,0,4.761904716491699,0,5.500483989715576,8589934592,2147483648,5838913536,433127424
206,1771995355844,3204,3204,3204,3204,3204,3204,3204,3204,42.85714340209961,57.142860412597656,26.3157901763916,50,10,13.636363983154297,4.761904716491699,4.761904716491699,5.500483989715576,8589934592,2147483648,5835112448,433127424
202,1771995356051,3204,3204,3204,3204,3204,3204,3204,3204,55,63.15789031982422,45.45454788208008,50,19.047618865966797,9.523809432983398,9.090909004211426,4.761904716491699,5.500483989715576,8589934592,2147483648,5840437248,433127424
207,1771995356254,3204,3204,3204,3204,3204,3204,3204,3204,45,55,35,40,4.761904716491699,5,0,0,5.21753454208374,8589934592,2147483648,5829656576,433127424
205,1771995356462,3204,3204,3204,3204,3204,3204,3204,3204,38.095237731933594,38.095237731933594,52.38095474243164,30.000001907348633,0,4.761904716491699,0,0,5.21753454208374,8589934592,2147483648,5832491008,433127424
201,1771995356668,3204,3204,3204,3204,3204,3204,3204,3204,28.571430206298828,22.72727394104004,19.047618865966797,19.047618865966797,4.761904716491699,0,4.761904716491699,4.545454502105713,5.21753454208374,8589934592,2147483648,5830393856,433127424
201,1771995356871,3204,3204,3204,3204,3204,3204,3204,3204,26.3157901763916,26.3157901763916,25,15.789472579956055,5,4.761904716491699,0,5,5.21753454208374,8589934592,2147483648,5826314240,433127424
200,1771995357073,3204,3204,3204,3204,3204,3204,3204,3204,23.809524536132813,30.000001907348633,26.3157901763916,23.809524536132813,10,5,5,5,5.21753454208374,8589934592,2147483648,5827411968,433127424
201,1771995357274,3204,3204,3204,3204,3204,3204,3204,3204,25,20,19.047618865966797,20,4.761904716491699,0,0,0,5.584204196929932,8589934592,2147483648,5825675264,433127424
209,1771995357476,3204,3204,3204,3204,3204,3204,3204,3204,30.000001907348633,33.333335876464844,20,20,0,5,5,4.761904716491699,5.584204196929932,8589934592,2147483648,5827985408,433127424
209,1771995357686,3204,3204,3204,3204,3204,3204,3204,3204,25,30.000001907348633,25,15.000000953674316,4.761904716491699,4.761904716491699,4.761904716491699,4.761904716491699,5.584204196929932,8589934592,2147483648,5825855488,433127424
209,1771995357897,3204,3204,3204,3204,3204,3204,3204,3204,28.571430206298828,19.047618865966797,18.18181800842285,18.18181800842285,9.523809432983398,9.523809432983398,4.545454502105713,0,5.584204196929932,8589934592,2147483648,5825789952,433127424
200,1771995358106,3204,3204,3204,3204,3204,3204,3204,3204,31.81818199157715,23.809524536132813,30.000001907348633,19.047618865966797,14.285715103149414,14.285715103149414,19.047618865966797,10,5.584204196929932,8589934592,2147483648,5825789952,433127424
209,1771995358307,3204,3204,3204,3204,3204,3204,3204,3204,15.789472579956055,19.047618865966797,25,15.000000953674316,5,0,5,4.761904716491699,5.59426212310791,8589934592,2147483648,5825789952,433127424
203,1771995358517,3204,3204,3204,3204,3204,3204,3204,3204,28.571430206298828,15.000000953674316,28.571430206298828,20,28.571430206298828,13.636363983154297,0,0,5.59426212310791,8589934592,2147483648,5825789952,433127424
206,1771995358721,3204,3204,3204,3204,3204,3204,3204,3204,25,25,19.047618865966797,15.000000953674316,5,0,4.761904716491699,0,5.59426212310791,8589934592,2147483648,5839896576,433127424
205,1771995358928,3204,3204,3204,3204,3204,3204,3204,3204,27.272727966308594,22.72727394104004,19.047618865966797,14.285715103149414,4.761904716491699,4.761904716491699,0,4.761904716491699,5.59426212310791,8589934592,2147483648,5842255872,433127424
200,1771995359134,3204,3204,3204,3204,3204,3204,3204,3204,30.000001907348633,21.052631378173828,20,28.571430206298828,14.285715103149414,14.285715103149414,5,4.761904716491699,5.59426212310791,8589934592,2147483648,5829279744,433127424
200,1771995359335,3204,3204,3204,3204,3204,3204,3204,3204,35,25,20,15.000000953674316,5,0,5,0,5.002506732940674,8589934592,2147483648,5826592768,433127424
201,1771995359537,3204,3204,3204,3204,3204,3204,3204,3204,50,45,40,40,0,5,0,5,5.002506732940674,8589934592,2147483648,5829591040,433127424
204,1771995359738,3204,3204,3204,3204,3204,3204,3204,3204,60.000003814697266,65,47.36842346191406,45,5,0,4.761904716491699,0,5.002506732940674,8589934592,2147483648,5832228864,433127424
206,1771995359944,3204,3204,3204,3204,3204,3204,3204,3204,60.000003814697266,57.142860412597656,57.142860412597656,61.904762268066406,4.761904716491699,4.761904716491699,0,4.761904716491699,5.002506732940674,8589934592,2147483648,5832032256,433127424
201,1771995360151,3204,3204,3204,3204,3204,3204,3204,3204,33.333335876464844,30.000001907348633,28.571430206298828,25,4.761904716491699,5,0,4.545454502105713,5.002506732940674,8589934592,2147483648,5834833920,433127424
208,1771995360353,3204,3204,3204,3204,3204,3204,3204,3204,35,33.333335876464844,30.000001907348633,20,20,5,9.523809432983398,0,4.597925186157227,8589934592,2147483648,5799608320,433127424
206,1771995360562,3204,3204,3204,3204,3204,3204,3204,3204,33.333335876464844,40,35,28.571430206298828,9.523809432983398,9.090909004211426,14.285715103149414,4.761904716491699,4.597925186157227,8589934592,2147483648,5811666944,433127424
205,1771995360768,3204,3204,3204,3204,3204,3204,3204,3204,47.36842346191406,38.095237731933594,45.45454788208008,33.333335876464844,20,0,0,0,4.597925186157227,8589934592,2147483648,5804802048,433127424
209,1771995360974,3204,3204,3204,3204,3204,3204,3204,3204,23.809524536132813,15.789472579956055,20,15.000000953674316,80.95238494873047,23.809524536132813,0,0,4.597925186157227,8589934592,2147483648,5810765824,433127424
203,1771995361185,3204,3204,3204,3204,3204,3204,3204,3204,36.3636360168457,27.272727966308594,20,22.72727394104004,38.095237731933594,0,59.09090805053711,4.545454502105713,4.756923198699951,8589934592,2147483648,5811765248,433127424
204,1771995361388,3204,3204,3204,3204,3204,3204,3204,3204,26.3157901763916,20,20,15.789472579956055,23.809524536132813,25,10,0,4.756923198699951,8589934592,2147483648,5811126272,433127424
206,1771995361593,3204,3204,3204,3204,3204,3204,3204,3204,27.272727966308594,23.809524536132813,19.047618865966797,19.047618865966797,15.789472579956055,15.000000953674316,78.94737243652344,0,4.756923198699951,8589934592,2147483648,5811126272,433127424
209,1771995361800,3204,3204,3204,3204,3204,3204,3204,3204,25,20,20,23.809524536132813,0,0,100,0,4.756923198699951,8589934592,2147483648,5809405952,433127424
206,1771995362010,3204,3204,3204,3204,3204,3204,3204,3204,30.000001907348633,20,18.18181800842285,19.047618865966797,4.761904716491699,4.545454502105713,66.66667175292969,0,4.756923198699951,8589934592,2147483648,5809979392,433127424
203,1771995362216,3204,3204,3204,3204,3204,3204,3204,3204,23.809524536132813,27.272727966308594,20,15.000000953674316,0,52.38095474243164,47.619049072265625,4.545454502105713,5.355186462402344,8589934592,2147483648,5809979392,433127424
208,1771995362420,3204,3204,3204,3204,3204,3204,3204,3204,33.333335876464844,25,20,20,28.571430206298828,75,9.523809432983398,5.263157844543457,5.355186462402344,8589934592,2147483648,5809979392,433127424
209,1771995362629,3204,3204,3204,3204,3204,3204,3204,3204,30.000001907348633,25,23.809524536132813,19.047618865966797,66.66667175292969,9.523809432983398,4.761904716491699,4.761904716491699,5.355186462402344,8589934592,2147483648,5809979392,433127424
209,1771995362839,3204,3204,3204,3204,3204,3204,3204,3204,20,27.272727966308594,23.809524536132813,19.047618865966797,35,85.71428680419922,0,0,5.355186462402344,8589934592,2147483648,5790203904,433127424
209,1771995363049,3204,3204,3204,3204,3204,3204,3204,3204,45.45454788208008,35,33.333335876464844,33.333335876464844,47.619049072265625,30.000001907348633,25,31.81818199157715,5.355186462402344,8589934592,2147483648,5769641984,433127424
206,1771995363259,3204,3204,3204,3204,3204,3204,3204,3204,30.000001907348633,14.285715103149414,14.285715103149414,10,47.619049072265625,18.18181800842285,13.636363983154297,5,6.1186113357543945,8589934592,2147483648,5771051008,433127424
202,1771995363466,3204,3204,3204,3204,3204,3204,3204,3204,33.333335876464844,33.333335876464844,23.809524536132813,22.72727394104004,71.42857360839844,15.000000953674316,20,0,6.1186113357543945,8589934592,2147483648,5768429568,433127424
200,1771995363669,3204,3204,3204,3204,3204,3204,3204,3204,40,35,30.000001907348633,31.57894515991211,73.68421173095703,20,23.809524536132813,20,6.1186113357543945,8589934592,2147483648,5764415488,433127424
201,1771995363870,3204,3204,3204,3204,3204,3204,3204,3204,30.000001907348633,25,15.000000953674316,15.000000953674316,45,19.047618865966797,5,4.761904716491699,6.1186113357543945,8589934592,2147483648,5766365184,433127424
200,1771995364072,3204,3204,3204,3204,3204,3204,3204,3204,25,30.000001907348633,20,19.047618865966797,66.66667175292969,10.526315689086914,0,0,6.1186113357543945,8589934592,2147483648,5767217152,433127424
206,1771995364273,3204,3204,3204,3204,3204,3204,3204,3204,25,26.3157901763916,15.789472579956055,15.789472579956055,73.68421173095703,9.523809432983398,0,0,8.866230010986328,8589934592,2147483648,5767512064,433127424
209,1771995364479,3204,3204,3204,3204,3204,3204,3204,3204,28.571430206298828,33.333335876464844,22.72727394104004,23.809524536132813,47.619049072265625,5,5,4.761904716491699,8.866230010986328,8589934592,2147483648,5779079168,433127424
200,1771995364690,3204,3204,3204,3204,3204,3204,3204,3204,30.000001907348633,30.000001907348633,25,19.047618865966797,90.90909576416016,4.761904716491699,0,0,8.866230010986328,8589934592,2147483648,5767168000,433127424
204,1771995364890,3204,3204,3204,3204,3204,3204,3204,3204,25,25,25,15.789472579956055,80,0,9.523809432983398,5,8.866230010986328,8589934592,2147483648,5767528448,433127424
201,1771995365095,3204,3204,3204,3204,3204,3204,3204,3204,28.571430206298828,27.272727966308594,20,18.18181800842285,5,95.23809814453125,0,4.545454502105713,8.866230010986328,8589934592,2147483648,5768937472,433127424
206,1771995365297,3204,3204,3204,3204,3204,3204,3204,3204,25,26.3157901763916,19.047618865966797,10.526315689086914,15.000000953674316,75,0,10.526315689086914,10.049662590026855,8589934592,2147483648,5768544256,433127424
209,1771995365504,3204,3204,3204,3204,3204,3204,3204,3204,20,19.047618865966797,15.000000953674316,14.285715103149414,27.272727966308594,61.904762268066406,0,4.761904716491699,10.049662590026855,8589934592,2147483648,5785206784,433127424
209,1771995365714,3204,3204,3204,3204,3204,3204,3204,3204,20,28.571430206298828,19.047618865966797,23.809524536132813,57.894737243652344,23.809524536132813,0,20,10.049662590026855,8589934592,2147483648,5764317184,433127424
205,1771995365923,3204,3204,3204,3204,3204,3204,3204,3204,22.72727394104004,15.000000953674316,14.285715103149414,23.809524536132813,100,0,0,0,10.049662590026855,8589934592,2147483648,5760860160,433127424
202,1771995366129,3204,3204,3204,3204,3204,3204,3204,3204,25,23.809524536132813,20,20,33.333335876464844,0,4.761904716491699,0,10.049662590026855,8589934592,2147483648,5762777088,433127424
201,1771995366332,3204,3204,3204,3204,3204,3204,3204,3204,20,20,15.000000953674316,25,9.523809432983398,95,0,0,9.268756866455078,8589934592,2147483648,5761777664,433127424
209,1771995366535,3204,3204,3204,3204,3204,3204,3204,3204,23.809524536132813,20,19.047618865966797,28.571430206298828,0,95.23809814453125,4.761904716491699,4.761904716491699,9.268756866455078,8589934592,2147483648,5761777664,433127424
200,1771995366744,3204,3204,3204,3204,3204,3204,3204,3204,35,31.81818199157715,28.571430206298828,25,4.761904716491699,76.19047546386719,0,0,9.268756866455078,8589934592,2147483648,5761777664,433127424
205,1771995366945,3204,3204,3204,3204,3204,3204,3204,3204,25,21.052631378173828,21.052631378173828,20,0,55,0,0,9.268756866455078,8589934592,2147483648,5756305408,433127424
200,1771995367151,3204,3204,3204,3204,3204,3204,3204,3204,28.571430206298828,19.047618865966797,19.047618865966797,23.809524536132813,52.38095474243164,10,4.761904716491699,9.523809432983398,9.268756866455078,8589934592,2147483648,5774557184,433127424
209,1771995367352,3204,3204,3204,3204,3204,3204,3204,3204,31.57894515991211,26.3157901763916,25,19.047618865966797,57.894737243652344,0,0,0,9.080693244934082,8589934592,2147483648,5777588224,433127424
209,1771995367562,3204,3204,3204,3204,3204,3204,3204,3204,31.81818199157715,23.809524536132813,20,15.000000953674316,33.333335876464844,9.523809432983398,4.761904716491699,0,9.080693244934082,8589934592,2147483648,5784371200,433127424
201,1771995367772,3204,3204,3204,3204,3204,3204,3204,3204,25,33.333335876464844,22.72727394104004,15.000000953674316,47.619049072265625,0,0,0,9.080693244934082,8589934592,2147483648,5774622720,433127424
209,1771995367974,3204,3204,3204,3204,3204,3204,3204,3204,36.842105865478516,30.000001907348633,25,23.809524536132813,35,0,0,0,9.080693244934082,8589934592,2147483648,5772263424,433127424
201,1771995368185,3204,3204,3204,3204,3204,3204,3204,3204,27.272727966308594,23.809524536132813,21.052631378173828,14.285715103149414,76.19047546386719,0,0,0,9.893121719360352,8589934592,2147483648,5785174016,433127424
208,1771995368387,3204,3204,3204,3204,3204,3204,3204,3204,26.3157901763916,25,33.333335876464844,21.052631378173828,57.894737243652344,0,0,0,9.893121719360352,8589934592,2147483648,5765890048,433127424
206,1771995368596,3204,3204,3204,3204,3204,3204,3204,3204,31.81818199157715,25,33.333335876464844,19.047618865966797,71.42857360839844,22.72727394104004,9.523809432983398,0,9.893121719360352,8589934592,2147483648,5775589376,433127424
206,1771995368804,3204,3204,3204,3204,3204,3204,3204,3204,35,38.095237731933594,28.571430206298828,28.571430206298828,76.19047546386719,5,9.523809432983398,4.761904716491699,9.893121719360352,8589934592,2147483648,5768314880,433127424
206,1771995369010,3204,3204,3204,3204,3204,3204,3204,3204,38.095237731933594,35,30.000001907348633,20,35,4.761904716491699,9.523809432983398,0,9.893121719360352,8589934592,2147483648,5765464064,433127424
207,1771995369218,3204,3204,3204,3204,3204,3204,3204,3204,36.842105865478516,42.85714340209961,40,33.333335876464844,33.333335876464844,4.545454502105713,0,0,8.68275260925293,8589934592,2147483648,5793398784,433127424
208,1771995369425,3204,3204,3204,3204,3204,3204,3204,3204,45,42.85714340209961,33.333335876464844,20,25,0,0,0,8.68275260925293,8589934592,2147483648,5809520640,433127424
206,1771995369634,3204,3204,3204,3204,3204,3204,3204,3204,27.272727966308594,33.333335876464844,23.809524536132813,22.72727394104004,57.142860412597656,0,0,9.523809432983398,8.68275260925293,8589934592,2147483648,5818449920,433127424
209,1771995369841,3204,3204,3204,3204,3204,3204,3204,3204,28.571430206298828,21.052631378173828,25,15.000000953674316,90.47618865966797,4.761904716491699,4.545454502105713,4.761904716491699,8.68275260925293,8589934592,2147483648,5813174272,433127424
207,1771995370051,3204,3204,3204,3204,3204,3204,3204,3204,30.000001907348633,33.333335876464844,33.333335876464844,23.809524536132813,14.285715103149414,0,0,0,8.68275260925293,8589934592,2147483648,5813321728,433127424
202,1771995370259,3204,3204,3204,3204,3204,3204,3204,3204,42.85714340209961,33.333335876464844,38.095237731933594,30.000001907348633,5,4.761904716491699,0,0,7.973565578460693,8589934592,2147483648,5800640512,433127424
205,1771995370462,3204,3204,3204,3204,3204,3204,3204,3204,30.000001907348633,25,30.000001907348633,23.809524536132813,33.333335876464844,10,23.809524536132813,5,7.973565578460693,8589934592,2147483648,5800919040,433127424
206,1771995370668,3204,3204,3204,3204,3204,3204,3204,3204,33.333335876464844,28.571430206298828,30.000001907348633,20,0,0,0,0,7.973565578460693,8589934592,2147483648,5796823040,433127424
209,1771995370874,3204,3204,3204,3204,3204,3204,3204,3204,21.052631378173828,15.789472579956055,27.272727966308594,19.047618865966797,9.523809432983398,9.090909004211426,0,0,7.973565578460693,8589934592,2147483648,5808848896,433127424
206,1771995371084,3204,3204,3204,3204,3204,3204,3204,3204,27.272727966308594,33.333335876464844,23.809524536132813,20,4.761904716491699,4.761904716491699,4.761904716491699,4.545454502105713,7.973565578460693,8589934592,2147483648,5811798016,433127424
202,1771995371292,3204,3204,3204,3204,3204,3204,3204,3204,38.095237731933594,27.272727966308594,25,22.72727394104004,5,4.761904716491699,4.761904716491699,5,9.169698715209961,8589934592,2147483648,5800099840,433127424
206,1771995371495,3204,3204,3204,3204,3204,3204,3204,3204,25,26.3157901763916,25,20,4.761904716491699,0,0,0,9.169698715209961,8589934592,2147483648,5800787968,433127424
204,1771995371702,3204,3204,3204,3204,3204,3204,3204,3204,35,33.333335876464844,30.000001907348633,26.3157901763916,0,0,0,0,9.169698715209961,8589934592,2147483648,5801492480,433127424
206,1771995371907,3204,3204,3204,3204,3204,3204,3204,3204,30.000001907348633,28.571430206298828,33.333335876464844,23.809524536132813,4.761904716491699,4.761904716491699,5,4.761904716491699,9.169698715209961,8589934592,2147483648,5798690816,433127424
204,1771995372113,3204,3204,3204,3204,3204,3204,3204,3204,23.809524536132813,23.809524536132813,19.047618865966797,19.047618865966797,9.523809432983398,5,4.761904716491699,5,9.169698715209961,8589934592,2147483648,5797412864,433127424
200,1771995372318,3204,3204,3204,3204,3204,3204,3204,3204,42.85714340209961,21.052631378173828,20,23.809524536132813,4.761904716491699,4.761904716491699,0,0,7.526218414306641,8589934592,2147483648,5796823040,433127424
203,1771995372518,3204,3204,3204,3204,3204,3204,3204,3204,26.3157901763916,23.809524536132813,25,15.000000953674316,5.263157844543457,10,5,0,7.526218414306641,8589934592,2147483648,5849743360,433127424
209,1771995372722,3204,3204,3204,3204,3204,3204,3204,3204,38.095237731933594,30.000001907348633,25,20,0,0,0,9.090909004211426,7.526218414306641,8589934592,2147483648,5836849152,433127424
204,1771995372932,3204,3204,3204,3204,3204,3204,3204,3204,19.047618865966797,19.047618865966797,10,27.272727966308594,4.761904716491699,0,0,0,7.526218414306641,8589934592,2147483648,5836849152,433127424
203,1771995373137,3204,3204,3204,3204,3204,3204,3204,3204,21.052631378173828,25,19.047618865966797,5.263157844543457,9.523809432983398,5,0,0,7.526218414306641,8589934592,2147483648,5850808320,433127424
204,1771995373341,3204,3204,3204,3204,3204,3204,3204,3204,23.809524536132813,30.000001907348633,19.047618865966797,19.047618865966797,0,4.761904716491699,4.545454502105713,0,5.058170795440674,8589934592,2147483648,5839749120,433127424
205,1771995373545,3204,3204,3204,3204,3204,3204,3204,3204,23.809524536132813,28.571430206298828,15.000000953674316,15.000000953674316,23.809524536132813,5,5,4.545454502105713,5.058170795440674,8589934592,2147483648,5852839936,433127424
209,1771995373752,3204,3204,3204,3204,3204,3204,3204,3204,28.571430206298828,33.333335876464844,23.809524536132813,19.047618865966797,9.523809432983398,5,0,0,5.058170795440674,8589934592,2147483648,5852823552,433127424
205,1771995373962,3204,3204,3204,3204,3204,3204,3204,3204,20,25,14.285715103149414,15.000000953674316,0,4.545454502105713,0,0,5.058170795440674,8589934592,2147483648,5852823552,433127424
205,1771995374168,3204,3204,3204,3204,3204,3204,3204,3204,35,23.809524536132813,30.000001907348633,19.047618865966797,0,0,0,0,4.536663055419922,8589934592,2147483648,5855232000,433127424
207,1771995374374,3204,3204,3204,3204,3204,3204,3204,3204,20,25,15.000000953674316,25,0,4.545454502105713,4.761904716491699,0,4.536663055419922,8589934592,2147483648,5854085120,433127424
201,1771995374582,3204,3204,3204,3204,3204,3204,3204,3204,19.047618865966797,28.571430206298828,19.047618865966797,19.047618865966797,4.761904716491699,0,0,4.545454502105713,4.536663055419922,8589934592,2147483648,5853396992,433127424
208,1771995374784,3204,3204,3204,3204,3204,3204,3204,3204,30.000001907348633,30.000001907348633,25,30.000001907348633,0,0,0,0,4.536663055419922,8589934592,2147483648,5837520896,433127424
201,1771995374993,3204,3204,3204,3204,3204,3204,3204,3204,33.333335876464844,35,33.333335876464844,23.809524536132813,31.81818199157715,30.000001907348633,23.809524536132813,30.000001907348633,4.536663055419922,8589934592,2147483648,5839863808,433127424
209,1771995375195,3204,3204,3204,3204,3204,3204,3204,3204,19.047618865966797,23.809524536132813,23.809524536132813,10,20,19.047618865966797,5.263157844543457,5,4.597731590270996,8589934592,2147483648,5847384064,433127424
205,1771995375405,3204,3204,3204,3204,3204,3204,3204,3204,20,28.571430206298828,15.000000953674316,18.18181800842285,4.761904716491699,5,4.761904716491699,4.545454502105713,4.597731590270996,8589934592,2147483648,5853691904,433127424
207,1771995375612,3204,3204,3204,3204,3204,3204,3204,3204,23.809524536132813,15.000000953674316,14.285715103149414,5.263157844543457,10,18.18181800842285,9.090909004211426,5,4.597731590270996,8589934592,2147483648,5872549888,433127424
203,1771995375819,3204,3204,3204,3204,3204,3204,3204,3204,33.333335876464844,38.095237731933594,25,23.809524536132813,4.761904716491699,0,0,0,4.597731590270996,8589934592,2147483648,5840207872,433127424
209,1771995376023,3204,3204,3204,3204,3204,3204,3204,3204,21.052631378173828,30.000001907348633,23.809524536132813,15.000000953674316,5,4.761904716491699,4.761904716491699,0,4.597731590270996,8589934592,2147483648,5840207872,433127424
201,1771995376233,3204,3204,3204,3204,3204,3204,3204,3204,33.333335876464844,23.809524536132813,19.047618865966797,18.18181800842285,4.761904716491699,4.761904716491699,4.761904716491699,4.545454502105713,4.549160957336426,8589934592,2147483648,5816664064,433127424
208,1771995376434,3204,3204,3204,3204,3204,3204,3204,3204,25,20,20,25,5,5,0,5,4.549160957336426,8589934592,2147483648,5810929664,433127424
207,1771995376643,3204,3204,3204,3204,3204,3204,3204,3204,31.81818199157715,23.809524536132813,19.047618865966797,14.285715103149414,0,0,4.545454502105713,0,4.549160957336426,8589934592,2147483648,5811453952,433127424
209,1771995376851,3204,3204,3204,3204,3204,3204,3204,3204,30.000001907348633,20,20,33.333335876464844,4.761904716491699,4.545454502105713,0,8.69565200805664,4.549160957336426,8589934592,2147483648,5811453952,433127424
204,1771995377061,3204,3204,3204,3204,3204,3204,3204,3204,27.272727966308594,19.047618865966797,19.047618865966797,25,9.090909004211426,5,4.761904716491699,4.761904716491699,4.549160957336426,8589934592,2147483648,5811453952,433127424
204,1771995377266,3204,3204,3204,3204,3204,3204,3204,3204,22.22222328186035,28.571430206298828,23.809524536132813,28.571430206298828,0,0,0,0,5.402589321136475,8589934592,2147483648,5805244416,433127424
207,1771995377471,3204,3204,3204,3204,3204,3204,3204,3204,23.809524536132813,28.571430206298828,23.809524536132813,15.000000953674316,9.523809432983398,14.285715103149414,4.761904716491699,0,5.402589321136475,8589934592,2147483648,5792120832,433127424
208,1771995377679,3204,3204,3204,3204,3204,3204,3204,3204,57.142860412597656,65,65,60.000003814697266,0,0,0,0,5.402589321136475,8589934592,2147483648,5795053568,433127424
201,1771995377889,3204,3204,3204,3204,3204,3204,3204,3204,47.619049072265625,42.85714340209961,42.85714340209961,42.85714340209961,9.090909004211426,0,0,0,5.402589321136475,8589934592,2147483648,5808111616,433127424
204,1771995378091,3204,3204,3204,3204,3204,3204,3204,3204,55,55,57.894737243652344,57.142860412597656,0,0,0,0,5.402589321136475,8589934592,2147483648,5795315712,433127424
208,1771995378296,3204,3204,3204,3204,3204,3204,3204,3204,57.142860412597656,52.38095474243164,57.142860412597656,45,21.052631378173828,19.047618865966797,10,9.523809432983398,4.6939592361450195,8589934592,2147483648,5800509440,433127424
209,1771995378505,3204,3204,3204,3204,3204,3204,3204,3204,60.000003814697266,52.38095474243164,57.142860412597656,50,18.18181800842285,20,4.761904716491699,4.761904716491699,4.6939592361450195,8589934592,2147483648,5797249024,433127424
204,1771995378715,3204,3204,3204,3204,3204,3204,3204,3204,54.54545593261719,52.38095474243164,52.38095474243164,42.85714340209961,0,4.545454502105713,4.545454502105713,0,4.6939592361450195,8589934592,2147483648,5800148992,433127424
208,1771995378920,3204,3204,3204,3204,3204,3204,3204,3204,45,45,40,47.36842346191406,4.761904716491699,0,0,0,4.6939592361450195,8589934592,2147483648,5813731328,433127424
199,1771995379130,3204,3204,3204,3204,3204,3204,3204,3204,60.000003814697266,60.000003814697266,60.000003814697266,47.619049072265625,4.761904716491699,0,4.545454502105713,0,4.6939592361450195,8589934592,2147483648,5813731328,433127424
206,1771995379330,3204,3204,3204,3204,3204,3204,3204,3204,52.38095474243164,47.619049072265625,52.38095474243164,65,9.523809432983398,13.636363983154297,5.263157844543457,10,4.5252814292907715,8589934592,2147483648,5800050688,433127424
203,1771995379538,3204,3204,3204,3204,3204,3204,3204,3204,60.000003814697266,57.142860412597656,47.619049072265625,47.619049072265625,10,5,0,0,4.5252814292907715,8589934592,2147483648,5826920448,433127424
200,1771995379742,3204,3204,3204,3204,3204,3204,3204,3204,60.000003814697266,47.36842346191406,50,52.38095474243164,5,5,4.761904716491699,5,4.5252814292907715,8589934592,2147483648,5805015040,433127424
209,1771995379943,3204,3204,3204,3204,3204,3204,3204,3204,25,25,25,21.052631378173828,9.523809432983398,5,5,5,4.5252814292907715,8589934592,2147483648,5804982272,433127424
208,1771995380153,3204,3204,3204,3204,3204,3204,3204,3204,38.095237731933594,28.571430206298828,38.095237731933594,28.571430206298828,30.000001907348633,23.809524536132813,23.809524536132813,20,4.5252814292907715,8589934592,2147483648,5803360256,433127424
209,1771995380362,3204,3204,3204,3204,3204,3204,3204,3204,33.333335876464844,52.38095474243164,40,33.333335876464844,9.090909004211426,5,5,4.761904716491699,5.263872146606445,8589934592,2147483648,5805359104,433127424
209,1771995380572,3204,3204,3204,3204,3204,3204,3204,3204,25,28.571430206298828,14.285715103149414,19.047618865966797,10,17.39130401611328,4.761904716491699,4.545454502105713,5.263872146606445,8589934592,2147483648,5819400192,433127424
209,1771995380781,3204,3204,3204,3204,3204,3204,3204,3204,36.3636360168457,19.047618865966797,23.809524536132813,15.000000953674316,9.090909004211426,4.761904716491699,4.761904716491699,4.761904716491699,5.263872146606445,8589934592,2147483648,5811257344,433127424
209,1771995380991,3204,3204,3204,3204,3204,3204,3204,3204,35,33.333335876464844,27.272727966308594,31.81818199157715,10,10,0,0,5.263872146606445,8589934592,2147483648,5811339264,433127424
205,1771995381202,3204,3204,3204,3204,3204,3204,3204,3204,27.272727966308594,19.047618865966797,19.047618865966797,23.809524536132813,71.42857360839844,52.38095474243164,0,4.545454502105713,5.495422840118408,8589934592,2147483648,5811372032,433127424
207,1771995381407,3204,3204,3204,3204,3204,3204,3204,3204,20,20,21.052631378173828,25,5,5,90.47618865966797,0,5.495422840118408,8589934592,2147483648,5813551104,433127424
209,1771995381615,3204,3204,3204,3204,3204,3204,3204,3204,33.333335876464844,33.333335876464844,23.809524536132813,36.3636360168457,14.285715103149414,13.636363983154297,14.285715103149414,25,5.495422840118408,8589934592,2147483648,5826215936,433127424
209,1771995381826,3204,3204,3204,3204,3204,3204,3204,3204,33.333335876464844,19.047618865966797,19.047618865966797,15.000000953674316,0,100,0,0,5.495422840118408,8589934592,2147483648,5813665792,433127424
207,1771995382035,3204,3204,3204,3204,3204,3204,3204,3204,20,15.000000953674316,19.047618865966797,14.285715103149414,0,100,0,0,5.495422840118408,8589934592,2147483648,5811175424,433127424
206,1771995382243,3204,3204,3204,3204,3204,3204,3204,3204,28.571430206298828,19.047618865966797,22.72727394104004,15.000000953674316,4.761904716491699,35,0,0,5.3227338790893555,8589934592,2147483648,5812715520,433127424
200,1771995382450,3204,3204,3204,3204,3204,3204,3204,3204,15.000000953674316,25,15.000000953674316,19.047618865966797,0,100,0,0,5.3227338790893555,8589934592,2147483648,5814976512,433127424
199,1771995382651,3204,3204,3204,3204,3204,3204,3204,3204,20,28.571430206298828,10.526315689086914,15.000000953674316,15.000000953674316,85,0,0,5.3227338790893555,8589934592,2147483648,5811503104,433127424
209,1771995382851,3204,3204,3204,3204,3204,3204,3204,3204,30.000001907348633,26.3157901763916,30.000001907348633,20,30.000001907348633,5,0,0,5.3227338790893555,8589934592,2147483648,5811781632,433127424
200,1771995383061,3204,3204,3204,3204,3204,3204,3204,3204,19.047618865966797,19.047618865966797,19.047618865966797,25,47.619049072265625,66.66667175292969,0,0,5.3227338790893555,8589934592,2147483648,5810176000,433127424
200,1771995383261,3204,3204,3204,3204,3204,3204,3204,3204,20,20,25,25,45,70,0,0,5.798500061035156,8589934592,2147483648,5806391296,433127424
209,1771995383462,3204,3204,3204,3204,3204,3204,3204,3204,25,30.000001907348633,25,23.809524536132813,30.000001907348633,50,5,4.761904716491699,5.798500061035156,8589934592,2147483648,5808390144,433127424
204,1771995383672,3204,3204,3204,3204,3204,3204,3204,3204,15.000000953674316,14.285715103149414,27.272727966308594,19.047618865966797,10,0,81.81818389892578,9.523809432983398,5.798500061035156,8589934592,2147483648,5806358528,433127424
201,1771995383878,3204,3204,3204,3204,3204,3204,3204,3204,28.571430206298828,25,20,20,28.571430206298828,33.333335876464844,55,0,5.798500061035156,8589934592,2147483648,5808963584,433127424
204,1771995384080,3204,3204,3204,3204,3204,3204,3204,3204,28.571430206298828,23.809524536132813,15.789472579956055,19.047618865966797,28.571430206298828,30.000001907348633,0,5,5.798500061035156,8589934592,2147483648,5806227456,433127424
201,1771995384285,3204,3204,3204,3204,3204,3204,3204,3204,21.052631378173828,25,19.047618865966797,15.000000953674316,15.000000953674316,15.000000953674316,71.42857360839844,0,8.629111289978027,8589934592,2147483648,5808406528,433127424
207,1771995384487,3204,3204,3204,3204,3204,3204,3204,3204,20,33.333335876464844,25,10.526315689086914,50,0,10,42.105262756347656,8.629111289978027,8589934592,2147483648,5809569792,433127424
209,1771995384695,3204,3204,3204,3204,3204,3204,3204,3204,23.809524536132813,26.3157901763916,14.285715103149414,19.047618865966797,30.000001907348633,13.636363983154297,4.761904716491699,38.095237731933594,8.629111289978027,8589934592,2147483648,5805834240,433127424
199,1771995384905,3204,3204,3204,3204,3204,3204,3204,3204,22.72727394104004,27.272727966308594,23.809524536132813,19.047618865966797,69.56521606445313,19.047618865966797,14.285715103149414,4.761904716491699,8.629111289978027,8589934592,2147483648,5808635904,433127424
209,1771995385105,3204,3204,3204,3204,3204,3204,3204,3204,21.052631378173828,21.052631378173828,10.526315689086914,15.000000953674316,36.842105865478516,10,10,55,8.629111289978027,8589934592,2147483648,5808635904,433127424
206,1771995385315,3204,3204,3204,3204,3204,3204,3204,3204,33.333335876464844,19.047618865966797,19.047618865966797,19.047618865966797,0,0,0,40.90909194946289,8.936830520629883,8589934592,2147483648,5808635904,433127424
208,1771995385522,3204,3204,3204,3204,3204,3204,3204,3204,33.333335876464844,19.047618865966797,19.047618865966797,23.809524536132813,0,5,0,94.73684692382813,8.936830520629883,8589934592,2147483648,5807636480,433127424
209,1771995385731,3204,3204,3204,3204,3204,3204,3204,3204,25,20,14.285715103149414,14.285715103149414,18.18181800842285,59.09090805053711,33.333335876464844,9.090909004211426,8.936830520629883,8589934592,2147483648,5826084864,433127424
209,1771995385941,3204,3204,3204,3204,3204,3204,3204,3204,27.272727966308594,28.571430206298828,28.571430206298828,19.047618865966797,20,10,38.095237731933594,4.545454502105713,8.936830520629883,8589934592,2147483648,5821595648,433127424
209,1771995386150,3204,3204,3204,3204,3204,3204,3204,3204,21.052631378173828,23.809524536132813,23.809524536132813,15.000000953674316,0,0,100,0,8.936830520629883,8589934592,2147483648,5811224576,433127424
199,1771995386361,3204,3204,3204,3204,3204,3204,3204,3204,27.272727966308594,23.809524536132813,20,18.18181800842285,0,0,75,10,9.051283836364746,8589934592,2147483648,5813682176,433127424
204,1771995386561,3204,3204,3204,3204,3204,3204,3204,3204,21.052631378173828,25,15.000000953674316,10.526315689086914,0,0,0,42.85714340209961,9.051283836364746,8589934592,2147483648,5810880512,433127424
201,1771995386765,3204,3204,3204,3204,3204,3204,3204,3204,23.809524536132813,30.000001907348633,19.047618865966797,15.000000953674316,0,0,0,100,9.051283836364746,8589934592,2147483648,5798084608,433127424
201,1771995386967,3204,3204,3204,3204,3204,3204,3204,3204,47.619049072265625,26.3157901763916,35,23.809524536132813,15.000000953674316,10,0,20,9.051283836364746,8589934592,2147483648,5804703744,433127424
202,1771995387169,3204,3204,3204,3204,3204,3204,3204,3204,26.3157901763916,23.809524536132813,21.052631378173828,15.789472579956055,30.000001907348633,0,70,0,9.507478713989258,8589934592,2147483648,5804703744,433127424
206,1771995387372,3204,3204,3204,3204,3204,3204,3204,3204,21.052631378173828,25,28.571430206298828,23.809524536132813,45,0,23.809524536132813,0,9.507478713989258,8589934592,2147483648,5804703744,433127424
207,1771995387579,3204,3204,3204,3204,3204,3204,3204,3204,28.571430206298828,15.000000953674316,20,19.047618865966797,33.333335876464844,4.761904716491699,0,0,9.507478713989258,8589934592,2147483648,5809913856,433127424
208,1771995387786,3204,3204,3204,3204,3204,3204,3204,3204,28.571430206298828,19.047618865966797,19.047618865966797,15.000000953674316,33.333335876464844,0,0,61.904762268066406,9.507478713989258,8589934592,2147483648,5825445888,433127424
201,1771995387995,3204,3204,3204,3204,3204,3204,3204,3204,42.85714340209961,45,42.85714340209961,40,60.000003814697266,22.72727394104004,15.000000953674316,19.047618865966797,9.507478713989258,8589934592,2147483648,5825675264,433127424
202,1771995388197,3204,3204,3204,3204,3204,3204,3204,3204,25,19.047618865966797,21.052631378173828,14.285715103149414,5,5,31.81818199157715,0,9.439103126525879,8589934592,2147483648,5800919040,433127424
201,1771995388400,3204,3204,3204,3204,3204,3204,3204,3204,21.052631378173828,20,20,15.789472579956055,61.904762268066406,0,21.052631378173828,15.000000953674316,9.439103126525879,8589934592,2147483648,5811044352,433127424
208,1771995388602,3204,3204,3204,3204,3204,3204,3204,3204,33.333335876464844,30.000001907348633,33.333335876464844,25,25,14.285715103149414,10,14.285715103149414,9.439103126525879,8589934592,2147483648,5808046080,433127424
206,1771995388811,3204,3204,3204,3204,3204,3204,3204,3204,15.000000953674316,20,14.285715103149414,18.18181800842285,95,0,0,0,9.439103126525879,8589934592,2147483648,5813780480,433127424
204,1771995389018,3204,3204,3204,3204,3204,3204,3204,3204,52.38095474243164,50,35,40,71.42857360839844,0,0,4.761904716491699,9.439103126525879,8589934592,2147483648,5813780480,433127424
209,1771995389222,3204,3204,3204,3204,3204,3204,3204,3204,28.571430206298828,31.57894515991211,20,23.809524536132813,35,0,9.523809432983398,0,8.341598510742188,8589934592,2147483648,5813780480,433127424
208,1771995389432,3204,3204,3204,3204,3204,3204,3204,3204,45,33.333335876464844,28.571430206298828,23.809524536132813,9.523809432983398,9.523809432983398,0,0,8.341598510742188,8589934592,2147483648,5813780480,433127424
208,1771995389641,3204,3204,3204,3204,3204,3204,3204,3204,28.571430206298828,31.81818199157715,23.809524536132813,15.000000953674316,9.523809432983398,23.809524536132813,4.761904716491699,0,8.341598510742188,8589934592,2147483648,5809979392,433127424
200,1771995389850,3204,3204,3204,3204,3204,3204,3204,3204,33.333335876464844,30.000001907348633,28.571430206298828,19.047618865966797,0,0,0,0,8.341598510742188,8589934592,2147483648,5810880512,433127424
208,1771995390051,3204,3204,3204,3204,3204,3204,3204,3204,30.000001907348633,20,21.052631378173828,23.809524536132813,5.263157844543457,5,0,4.761904716491699,8.341598510742188,8589934592,2147483648,5822922752,433127424
207,1771995390260,3204,3204,3204,3204,3204,3204,3204,3204,25,28.571430206298828,19.047618865966797,15.000000953674316,9.090909004211426,9.523809432983398,4.761904716491699,0,8.524656295776367,8589934592,2147483648,5863587840,433127424
205,1771995390468,3204,3204,3204,3204,3204,3204,3204,3204,25,25,28.571430206298828,25,5,4.761904716491699,0,4.761904716491699,8.524656295776367,8589934592,2147483648,5851594752,433127424
209,1771995390674,3204,3204,3204,3204,3204,3204,3204,3204,22.72727394104004,20,28.571430206298828,14.285715103149414,9.523809432983398,10,4.761904716491699,0,8.524656295776367,8589934592,2147483648,5867454464,433127424
205,1771995390884,3204,3204,3204,3204,3204,3204,3204,3204,20,27.272727966308594,25,18.18181800842285,0,4.545454502105713,0,0,8.524656295776367,8589934592,2147483648,5847793664,433127424
204,1771995391091,3204,3204,3204,3204,3204,3204,3204,3204,23.809524536132813,30.000001907348633,23.809524536132813,20,4.761904716491699,4.761904716491699,0,0,8.524656295776367,8589934592,2147483648,5847842816,433127424
205,1771995391295,3204,3204,3204,3204,3204,3204,3204,3204,20,20,15.000000953674316,20,0,0,0,0,9.809711456298828,8589934592,2147483648,5848465408,433127424
205,1771995391501,3204,3204,3204,3204,3204,3204,3204,3204,33.333335876464844,28.571430206298828,23.809524536132813,38.095237731933594,0,0,0,0,9.809711456298828,8589934592,2147483648,5848465408,433127424
202,1771995391707,3204,3204,3204,3204,3204,3204,3204,3204,25,25,30.000001907348633,20,0,0,4.761904716491699,4.545454502105713,9.809711456298828,8589934592,2147483648,5847973888,433127424
206,1771995391911,3204,3204,3204,3204,3204,3204,3204,3204,30.000001907348633,28.571430206298828,23.809524536132813,20,9.090909004211426,0,0,0,9.809711456298828,8589934592,2147483648,5826297856,433127424
206,1771995392118,3204,3204,3204,3204,3204,3204,3204,3204,42.85714340209961,40,35,28.571430206298828,0,4.761904716491699,0,0,9.809711456298828,8589934592,2147483648,5815058432,433127424
209,1771995392324,3204,3204,3204,3204,3204,3204,3204,3204,33.333335876464844,47.619049072265625,30.000001907348633,25,5,0,5,0,5.576798439025879,8589934592,2147483648,5821136896,433127424
201,1771995392535,3204,3204,3204,3204,3204,3204,3204,3204,35,36.3636360168457,31.81818199157715,27.272727966308594,4.761904716491699,4.545454502105713,0,4.761904716491699,5.576798439025879,8589934592,2147483648,5814517760,433127424
203,1771995392736,3204,3204,3204,3204,3204,3204,3204,3204,35,16.666667938232422,20,21.052631378173828,9.090909004211426,0,9.523809432983398,0,5.576798439025879,8589934592,2147483648,5810683904,433127424
209,1771995392941,3204,3204,3204,3204,3204,3204,3204,3204,35,28.571430206298828,20,14.285715103149414,5.263157844543457,9.523809432983398,4.761904716491699,5,5.576798439025879,8589934592,2147483648,5813256192,433127424
209,1771995393150,3204,3204,3204,3204,3204,3204,3204,3204,42.85714340209961,40,33.333335876464844,30.000001907348633,23.809524536132813,23.809524536132813,15.000000953674316,19.047618865966797,5.576798439025879,8589934592,2147483648,5812355072,433127424
209,1771995393360,3204,3204,3204,3204,3204,3204,3204,3204,19.047618865966797,18.18181800842285,18.18181800842285,19.047618865966797,14.285715103149414,9.523809432983398,14.285715103149414,9.090909004211426,4.948920249938965,8589934592,2147483648,5811208192,433127424
209,1771995393570,3204,3204,3204,3204,3204,3204,3204,3204,20,20,15.000000953674316,19.047618865966797,4.761904716491699,25,0,0,4.948920249938965,8589934592,2147483648,5826002944,433127424
203,1771995393780,3204,3204,3204,3204,3204,3204,3204,3204,22.72727394104004,33.333335876464844,23.809524536132813,19.047618865966797,9.090909004211426,9.090909004211426,8.69565200805664,4.545454502105713,4.948920249938965,8589934592,2147483648,5855641600,433127424
208,1771995393985,3204,3204,3204,3204,3204,3204,3204,3204,40,33.333335876464844,28.571430206298828,23.809524536132813,5.263157844543457,5,5,5,4.948920249938965,8589934592,2147483648,5864177664,433127424
206,1771995394194,3204,3204,3204,3204,3204,3204,3204,3204,35,33.333335876464844,30.000001907348633,42.85714340209961,0,0,0,0,4.88716983795166,8589934592,2147483648,5864177664,433127424
209,1771995394401,3204,3204,3204,3204,3204,3204,3204,3204,27.272727966308594,19.047618865966797,20,23.809524536132813,14.285715103149414,4.761904716491699,4.761904716491699,4.761904716491699,4.88716983795166,8589934592,2147483648,5864177664,433127424
205,1771995394611,3204,3204,3204,3204,3204,3204,3204,3204,28.571430206298828,23.809524536132813,27.272727966308594,20,4.761904716491699,0,0,0,4.88716983795166,8589934592,2147483648,5864177664,433127424
205,1771995394818,3204,3204,3204,3204,3204,3204,3204,3204,21.052631378173828,25,20,14.285715103149414,0,4.761904716491699,0,0,4.88716983795166,8589934592,2147483648,5851004928,433127424
201,1771995395024,3204,3204,3204,3204,3204,3204,3204,3204,31.81818199157715,28.571430206298828,23.809524536132813,19.047618865966797,9.523809432983398,4.761904716491699,5,4.761904716491699,4.88716983795166,8589934592,2147483648,5867094016,433127424
208,1771995395225,3204,3204,3204,3204,3204,3204,3204,3204,15.789472579956055,26.3157901763916,10,10.526315689086914,9.523809432983398,5,4.761904716491699,5.263157844543457,5.618417739868164,8589934592,2147483648,5850677248,433127424
207,1771995395435,3204,3204,3204,3204,3204,3204,3204,3204,27.272727966308594,33.333335876464844,20,19.047618865966797,0,4.761904716491699,0,0,5.618417739868164,8589934592,2147483648,5851381760,433127424
205,1771995395643,3204,3204,3204,3204,3204,3204,3204,3204,35,28.571430206298828,23.809524536132813,20,5,4.761904716491699,4.761904716491699,4.761904716491699,5.618417739868164,8589934592,2147483648,5851381760,433127424
207,1771995395849,3204,3204,3204,3204,3204,3204,3204,3204,20,30.000001907348633,14.285715103149414,18.18181800842285,18.18181800842285,5,5,0,5.618417739868164,8589934592,2147483648,5871681536,433127424
203,1771995396057,3204,3204,3204,3204,3204,3204,3204,3204,19.047618865966797,28.571430206298828,20,23.809524536132813,0,0,4.545454502105713,4.545454502105713,5.618417739868164,8589934592,2147483648,5859016704,433127424
204,1771995396261,3204,3204,3204,3204,3204,3204,3204,3204,25,15.000000953674316,15.000000953674316,26.3157901763916,5,5,0,0,4.972486972808838,8589934592,2147483648,5855707136,433127424
202,1771995396466,3204,3204,3204,3204,3204,3204,3204,3204,23.809524536132813,23.809524536132813,23.809524536132813,23.809524536132813,0,0,0,0,4.972486972808838,8589934592,2147483648,5858213888,433127424
200,1771995396669,3204,3204,3204,3204,3204,3204,3204,3204,20,26.3157901763916,30.000001907348633,20,0,0,9.523809432983398,0,4.972486972808838,8589934592,2147483648,5858213888,433127424
203,1771995396870,3204,3204,3204,3204,3204,3204,3204,3204,30.000001907348633,19.047618865966797,25,19.047618865966797,9.523809432983398,10,0,9.523809432983398,4.972486972808838,8589934592,2147483648,5852561408,433127424
203,1771995397074,3204,3204,3204,3204,3204,3204,3204,3204,30.000001907348633,25,23.809524536132813,15.789472579956055,4.761904716491699,4.761904716491699,0,0,4.972486972808838,8589934592,2147483648,5833900032,433127424
206,1771995397278,3204,3204,3204,3204,3204,3204,3204,3204,20,20,15.000000953674316,33.333335876464844,5,0,4.761904716491699,0,4.682127952575684,8589934592,2147483648,5824806912,433127424
206,1771995397484,3204,3204,3204,3204,3204,3204,3204,3204,27.272727966308594,28.571430206298828,19.047618865966797,23.809524536132813,0,0,0,0,4.682127952575684,8589934592,2147483648,5817761792,433127424
208,1771995397692,3204,3204,3204,3204,3204,3204,3204,3204,26.3157901763916,25,30.000001907348633,21.052631378173828,0,4.761904716491699,0,0,4.682127952575684,8589934592,2147483648,5816877056,433127424
200,1771995397901,3204,3204,3204,3204,3204,3204,3204,3204,31.81818199157715,28.571430206298828,33.333335876464844,22.72727394104004,9.523809432983398,0,4.761904716491699,4.545454502105713,4.682127952575684,8589934592,2147483648,5816320000,433127424
209,1771995398102,3204,3204,3204,3204,3204,3204,3204,3204,30.000001907348633,35,23.809524536132813,26.3157901763916,15.000000953674316,10,5,5,4.682127952575684,8589934592,2147483648,5819334656,433127424
202,1771995398313,3204,3204,3204,3204,3204,3204,3204,3204,35,31.81818199157715,25,23.809524536132813,9.523809432983398,4.761904716491699,4.761904716491699,4.761904716491699,4.60979700088501,8589934592,2147483648,5816565760,433127424
201,1771995398515,3204,3204,3204,3204,3204,3204,3204,3204,23.809524536132813,21.052631378173828,15.000000953674316,18.18181800842285,5,28.571430206298828,0,0,4.60979700088501,8589934592,2147483648,5818843136,433127424
201,1771995398718,3204,3204,3204,3204,3204,3204,3204,3204,30.000001907348633,38.095237731933594,25,21.052631378173828,14.285715103149414,5,0,0,4.60979700088501,8589934592,2147483648,5824086016,433127424
208,1771995398919,3204,3204,3204,3204,3204,3204,3204,3204,26.3157901763916,25,20,20,0,0,0,0,4.60979700088501,8589934592,2147483648,5815681024,433127424
205,1771995399129,3204,3204,3204,3204,3204,3204,3204,3204,40.90909194946289,40,33.333335876464844,28.571430206298828,0,0,0,0,4.60979700088501,8589934592,2147483648,5816451072,433127424
208,1771995399336,3204,3204,3204,3204,3204,3204,3204,3204,30.000001907348633,30.000001907348633,23.809524536132813,15.000000953674316,0,0,0,0,4.609011173248291,8589934592,2147483648,5816352768,433127424
208,1771995399545,3204,3204,3204,3204,3204,3204,3204,3204,30.000001907348633,31.81818199157715,28.571430206298828,33.333335876464844,0,0,0,0,4.609011173248291,8589934592,2147483648,5804343296,433127424
203,1771995399754,3204,3204,3204,3204,3204,3204,3204,3204,31.81818199157715,20,23.809524536132813,14.285715103149414,0,0,0,0,4.609011173248291,8589934592,2147483648,5802967040,433127424
209,1771995399958,3204,3204,3204,3204,3204,3204,3204,3204,20,27.272727966308594,21.052631378173828,15.000000953674316,4.761904716491699,4.761904716491699,4.545454502105713,0,4.609011173248291,8589934592,2147483648,5802311680,433127424
200,1771995400168,3204,3204,3204,3204,3204,3204,3204,3204,20,20,19.047618865966797,22.72727394104004,4.761904716491699,5,0,4.761904716491699,4.815949440002441,8589934592,2147483648,5802967040,433127424
209,1771995400368,3204,3204,3204,3204,3204,3204,3204,3204,25,20,23.809524536132813,10.526315689086914,0,9.090909004211426,0,0,4.815949440002441,8589934592,2147483648,5802983424,433127424
206,1771995400578,3204,3204,3204,3204,3204,3204,3204,3204,36.3636360168457,25,23.809524536132813,27.272727966308594,4.761904716491699,4.761904716491699,9.090909004211426,0,4.815949440002441,8589934592,2147483648,5804654592,433127424
209,1771995400785,3204,3204,3204,3204,3204,3204,3204,3204,15.000000953674316,28.571430206298828,20,10,14.285715103149414,5,0,4.545454502105713,4.815949440002441,8589934592,2147483648,5820792832,433127424
207,1771995400995,3204,3204,3204,3204,3204,3204,3204,3204,23.809524536132813,28.571430206298828,19.047618865966797,14.285715103149414,5,4.761904716491699,4.761904716491699,0,4.815949440002441,8589934592,2147483648,5806571520,433127424
200,1771995401203,3204,3204,3204,3204,3204,3204,3204,3204,85,85.71428680419922,85,80,4.761904716491699,0,0,0,4.730078220367432,8589934592,2147483648,5808504832,433127424
209,1771995401405,3204,3204,3204,3204,3204,3204,3204,3204,80.95238494873047,75,66.66667175292969,57.142860412597656,0,0,0,0,4.730078220367432,8589934592,2147483648,5813747712,433127424
209,1771995401615,3204,3204,3204,3204,3204,3204,3204,3204,80,72.7272720336914,70,65,0,0,0,0,4.730078220367432,8589934592,2147483648,5816401920,433127424
206,1771995401824,3204,3204,3204,3204,3204,3204,3204,3204,57.142860412597656,55,42.85714340209961,54.54545593261719,9.523809432983398,9.090909004211426,4.545454502105713,4.545454502105713,4.730078220367432,8589934592,2147483648,5816401920,433127424
203,1771995402031,3204,3204,3204,3204,3204,3204,3204,3204,42.85714340209961,35,30.000001907348633,25,0,0,0,0,4.730078220367432,8589934592,2147483648,5813567488,433127424
201,1771995402235,3204,3204,3204,3204,3204,3204,3204,3204,30.000001907348633,23.809524536132813,19.047618865966797,30.000001907348633,0,0,0,0,4.4272356033325195,8589934592,2147483648,5812568064,433127424
203,1771995402436,3204,3204,3204,3204,3204,3204,3204,3204,26.3157901763916,15.789472579956055,20,30.000001907348633,0,0,0,0,4.4272356033325195,8589934592,2147483648,5812453376,433127424
203,1771995402641,3204,3204,3204,3204,3204,3204,3204,3204,23.809524536132813,30.000001907348633,15.000000953674316,20,5,9.523809432983398,0,0,4.4272356033325195,8589934592,2147483648,5813272576,433127424
201,1771995402845,3204,3204,3204,3204,3204,3204,3204,3204,35,38.095237731933594,38.095237731933594,33.333335876464844,28.571430206298828,21.052631378173828,20,23.809524536132813,4.4272356033325195,8589934592,2147483648,5811470336,433127424
209,1771995403047,3204,3204,3204,3204,3204,3204,3204,3204,20,20,10,25,10.526315689086914,5,9.090909004211426,0,4.4272356033325195,8589934592,2147483648,5823037440,433127424
203,1771995403257,3204,3204,3204,3204,3204,3204,3204,3204,31.81818199157715,20,25,14.285715103149414,9.090909004211426,4.545454502105713,0,4.545454502105713,4.81606912612915,8589934592,2147483648,5811617792,433127424
209,1771995403460,3204,3204,3204,3204,3204,3204,3204,3204,15.789472579956055,33.333335876464844,19.047618865966797,15.000000953674316,0,15.000000953674316,0,0,4.81606912612915,8589934592,2147483648,5827198976,433127424
209,1771995403670,3204,3204,3204,3204,3204,3204,3204,3204,31.81818199157715,28.571430206298828,20,20,9.523809432983398,13.636363983154297,4.761904716491699,0,4.81606912612915,8589934592,2147483648,5813780480,433127424
209,1771995403879,3204,3204,3204,3204,3204,3204,3204,3204,28.571430206298828,33.333335876464844,22.72727394104004,18.18181800842285,0,0,0,0,4.81606912612915,8589934592,2147483648,5811781632,433127424
209,1771995404089,3204,3204,3204,3204,3204,3204,3204,3204,28.571430206298828,25,25,14.285715103149414,0,0,0,0,4.81606912612915,8589934592,2147483648,5813338112,433127424
203,1771995404300,3204,3204,3204,3204,3204,3204,3204,3204,20,22.72727394104004,28.571430206298828,14.285715103149414,0,0,0,0,4.851618766784668,8589934592,2147483648,5810896896,433127424
206,1771995404504,3204,3204,3204,3204,3204,3204,3204,3204,15.000000953674316,15.000000953674316,28.571430206298828,23.809524536132813,0,0,0,0,4.851618766784668,8589934592,2147483648,5810405376,433127424
207,1771995404711,3204,3204,3204,3204,3204,3204,3204,3204,23.809524536132813,20,30.000001907348633,15.000000953674316,0,0,0,0,4.851618766784668,8589934592,2147483648,5810405376,433127424
200,1771995404918,3204,3204,3204,3204,3204,3204,3204,3204,47.619049072265625,40.90909194946289,38.095237731933594,35,4.761904716491699,4.761904716491699,0,4.761904716491699,4.851618766784668,8589934592,2147483648,5810405376,433127424
209,1771995405119,3204,3204,3204,3204,3204,3204,3204,3204,55,52.6315803527832,42.105262756347656,47.619049072265625,9.523809432983398,5.263157844543457,14.285715103149414,0,4.851618766784668,8589934592,2147483648,5826314240,433127424
202,1771995405330,3204,3204,3204,3204,3204,3204,3204,3204,25,33.333335876464844,28.571430206298828,25,4.761904716491699,4.545454502105713,0,0,5.30852746963501,8589934592,2147483648,5804802048,433127424
201,1771995405532,3204,3204,3204,3204,3204,3204,3204,3204,25,20,19.047618865966797,33.333335876464844,5,9.523809432983398,4.761904716491699,5,5.30852746963501,8589934592,2147483648,5804621824,433127424
200,1771995405735,3204,3204,3204,3204,3204,3204,3204,3204,28.571430206298828,19.047618865966797,15.000000953674316,21.052631378173828,0,0,0,0,5.30852746963501,8589934592,2147483648,5803835392,433127424
204,1771995405936,3204,3204,3204,3204,3204,3204,3204,3204,20,15.789472579956055,15.000000953674316,23.809524536132813,18.18181800842285,10,5,10,5.30852746963501,8589934592,2147483648,5823741952,433127424
207,1771995406141,3204,3204,3204,3204,3204,3204,3204,3204,30.000001907348633,25,20,25,0,0,0,0,5.30852746963501,8589934592,2147483648,5824905216,433127424
201,1771995406349,3204,3204,3204,3204,3204,3204,3204,3204,15.000000953674316,19.047618865966797,19.047618865966797,30.000001907348633,0,0,0,0,4.462516784667969,8589934592,2147483648,5823447040,433127424
203,1771995406551,3204,3204,3204,3204,3204,3204,3204,3204,23.809524536132813,25,15.000000953674316,23.809524536132813,0,0,4.761904716491699,4.761904716491699,4.462516784667969,8589934592,2147483648,5823496192,433127424
209,1771995406755,3204,3204,3204,3204,3204,3204,3204,3204,25,20,23.809524536132813,35,5,4.761904716491699,0,0,4.462516784667969,8589934592,2147483648,5808504832,433127424
208,1771995406965,3204,3204,3204,3204,3204,3204,3204,3204,33.333335876464844,22.72727394104004,19.047618865966797,23.809524536132813,0,0,0,0,4.462516784667969,8589934592,2147483648,5808504832,433127424
209,1771995407174,3204,3204,3204,3204,3204,3204,3204,3204,35,35,28.571430206298828,33.333335876464844,9.090909004211426,0,0,0,4.646246910095215,8589934592,2147483648,5804670976,433127424
205,1771995407384,3204,3204,3204,3204,3204,3204,3204,3204,23.809524536132813,19.047618865966797,15.000000953674316,23.809524536132813,10,9.090909004211426,4.761904716491699,4.761904716491699,4.646246910095215,8589934592,2147483648,5817122816,433127424
200,1771995407591,3204,3204,3204,3204,3204,3204,3204,3204,23.809524536132813,23.809524536132813,20,28.571430206298828,0,0,0,0,4.646246910095215,8589934592,2147483648,5819809792,433127424
206,1771995407791,3204,3204,3204,3204,3204,3204,3204,3204,30.000001907348633,30.000001907348633,31.81818199157715,21.052631378173828,9.523809432983398,5,0,0,4.646246910095215,8589934592,2147483648,5861244928,433127424
203,1771995407997,3204,3204,3204,3204,3204,3204,3204,3204,30.000001907348633,25,25,19.047618865966797,0,0,0,0,4.646246910095215,8589934592,2147483648,5861244928,433127424
206,1771995408201,3204,3204,3204,3204,3204,3204,3204,3204,35,25,25,20,15.000000953674316,10,13.636363983154297,9.523809432983398,4.585087299346924,8589934592,2147483648,5850054656,433127424
200,1771995408408,3204,3204,3204,3204,3204,3204,3204,3204,28.571430206298828,28.571430206298828,25,19.047618865966797,4.545454502105713,0,0,0,4.585087299346924,8589934592,2147483648,5861801984,433127424
209,1771995408608,3204,3204,3204,3204,3204,3204,3204,3204,20,30.000001907348633,20,15.000000953674316,21.052631378173828,10,0,5,4.585087299346924,8589934592,2147483648,5852200960,433127424
205,1771995408818,3204,3204,3204,3204,3204,3204,3204,3204,23.809524536132813,25,23.809524536132813,15.000000953674316,4.761904716491699,4.545454502105713,0,0,4.585087299346924,8589934592,2147483648,5852200960,433127424
209,1771995409024,3204,3204,3204,3204,3204,3204,3204,3204,20,27.272727966308594,20,18.18181800842285,0,0,0,0,4.585087299346924,8589934592,2147483648,5852200960,433127424
199,1771995409234,3204,3204,3204,3204,3204,3204,3204,3204,31.81818199157715,25,23.809524536132813,10.526315689086914,9.523809432983398,5,5,4.761904716491699,4.655625820159912,8589934592,2147483648,5853560832,433127424
209,1771995409434,3204,3204,3204,3204,3204,3204,3204,3204,26.3157901763916,25,25,27.272727966308594,5.263157844543457,4.761904716491699,4.761904716491699,0,4.655625820159912,8589934592,2147483648,5846761472,433127424
206,1771995409644,3204,3204,3204,3204,3204,3204,3204,3204,23.809524536132813,28.571430206298828,33.333335876464844,15.000000953674316,9.090909004211426,0,0,0,4.655625820159912,8589934592,2147483648,5846761472,433127424
206,1771995409851,3204,3204,3204,3204,3204,3204,3204,3204,25,25,28.571430206298828,15.000000953674316,0,0,0,0,4.655625820159912,8589934592,2147483648,5846761472,433127424
209,1771995410058,3204,3204,3204,3204,3204,3204,3204,3204,28.571430206298828,28.571430206298828,25,19.047618865966797,5,5,0,4.761904716491699,4.655625820159912,8589934592,2147483648,5846761472,433127424
202,1771995410268,3204,3204,3204,3204,3204,3204,3204,3204,28.571430206298828,28.571430206298828,38.095237731933594,23.809524536132813,23.809524536132813,23.809524536132813,20,19.047618865966797,5.034106731414795,8589934592,2147483648,5839437824,433127424
200,1771995410470,3204,3204,3204,3204,3204,3204,3204,3204,20,20,23.809524536132813,15.000000953674316,9.523809432983398,9.523809432983398,4.761904716491699,0,5.034106731414795,8589934592,2147483648,5839486976,433127424
203,1771995410672,3204,3204,3204,3204,3204,3204,3204,3204,25,30.000001907348633,31.57894515991211,25,10,5,5,5,5.034106731414795,8589934592,2147483648,5834604544,433127424
201,1771995410876,3204,3204,3204,3204,3204,3204,3204,3204,20,23.809524536132813,15.000000953674316,20,5.263157844543457,10,4.761904716491699,5,5.034106731414795,8589934592,2147483648,5834604544,433127424
202,1771995411078,3204,3204,3204,3204,3204,3204,3204,3204,19.047618865966797,15.789472579956055,14.285715103149414,28.571430206298828,4.761904716491699,5,5,0,5.034106731414795,8589934592,2147483648,5834604544,433127424
202,1771995411281,3204,3204,3204,3204,3204,3204,3204,3204,21.052631378173828,23.809524536132813,15.000000953674316,30.000001907348633,9.523809432983398,0,0,4.761904716491699,4.695425033569336,8589934592,2147483648,5844090880,433127424
203,1771995411484,3204,3204,3204,3204,3204,3204,3204,3204,23.809524536132813,25,19.047618865966797,23.809524536132813,0,4.761904716491699,0,0,4.695425033569336,8589934592,2147483648,5842288640,433127424
206,1771995411689,3204,3204,3204,3204,3204,3204,3204,3204,25,25,20,30.000001907348633,5,14.285715103149414,9.523809432983398,4.761904716491699,4.695425033569336,8589934592,2147483648,5843812352,433127424
203,1771995411895,3204,3204,3204,3204,3204,3204,3204,3204,15.000000953674316,27.272727966308594,14.285715103149414,25,4.761904716491699,0,0,4.761904716491699,4.695425033569336,8589934592,2147483648,5843812352,433127424
209,1771995412100,3204,3204,3204,3204,3204,3204,3204,3204,28.571430206298828,21.052631378173828,20,19.047618865966797,5,5,4.761904716491699,5,4.695425033569336,8589934592,2147483648,5843812352,433127424
208,1771995412309,3204,3204,3204,3204,3204,3204,3204,3204,28.571430206298828,30.000001907348633,25,30.000001907348633,0,4.545454502105713,0,0,4.645328044891357,8589934592,2147483648,5813174272,433127424
209,1771995412519,3204,3204,3204,3204,3204,3204,3204,3204,19.047618865966797,19.047618865966797,18.18181800842285,23.809524536132813,9.523809432983398,5,4.761904716491699,4.761904716491699,4.645328044891357,8589934592,2147483648,5805375488,433127424
205,1771995412728,3204,3204,3204,3204,3204,3204,3204,3204,33.333335876464844,36.3636360168457,25,36.3636360168457,0,0,0,0,4.645328044891357,8589934592,2147483648,5808472064,433127424
209,1771995412934,3204,3204,3204,3204,3204,3204,3204,3204,38.095237731933594,35,20,25,0,0,4.545454502105713,0,4.645328044891357,8589934592,2147483648,5809029120,433127424
208,1771995413144,3204,3204,3204,3204,3204,3204,3204,3204,26.3157901763916,22.72727394104004,33.333335876464844,19.047618865966797,9.090909004211426,4.761904716491699,0,4.761904716491699,4.645328044891357,8589934592,2147483648,5808324608,433127424
204,1771995413353,3204,3204,3204,3204,3204,3204,3204,3204,31.81818199157715,21.052631378173828,28.571430206298828,19.047618865966797,0,0,0,0,5.2201080322265625,8589934592,2147483648,5812158464,433127424
207,1771995413558,3204,3204,3204,3204,3204,3204,3204,3204,33.333335876464844,38.095237731933594,28.571430206298828,25,10,23.809524536132813,0,0,5.2201080322265625,8589934592,2147483648,5787615232,433127424
203,1771995413766,3204,3204,3204,3204,3204,3204,3204,3204,30.000001907348633,42.85714340209961,30.000001907348633,30.000001907348633,14.285715103149414,4.761904716491699,9.090909004211426,4.545454502105713,5.2201080322265625,8589934592,2147483648,5787975680,433127424
208,1771995413970,3204,3204,3204,3204,3204,3204,3204,3204,76.19047546386719,75,70,71.42857360839844,4.761904716491699,0,4.761904716491699,0,5.2201080322265625,8589934592,2147483648,5787975680,433127424
206,1771995414179,3204,3204,3204,3204,3204,3204,3204,3204,45,38.095237731933594,36.3636360168457,38.095237731933594,9.523809432983398,26.086956024169922,0,0,4.549245357513428,8589934592,2147483648,5787975680,433127424
208,1771995414385,3204,3204,3204,3204,3204,3204,3204,3204,70,57.142860412597656,60.000003814697266,60.000003814697266,5,0,0,0,4.549245357513428,8589934592,2147483648,5798723584,433127424
206,1771995414594,3204,3204,3204,3204,3204,3204,3204,3204,47.619049072265625,50,47.619049072265625,42.85714340209961,14.285715103149414,14.285715103149414,5,13.636363983154297,4.549245357513428,8589934592,2147483648,5802967040,433127424
202,1771995414802,3204,3204,3204,3204,3204,3204,3204,3204,70,61.904762268066406,66.66667175292969,61.904762268066406,0,0,4.545454502105713,0,4.549245357513428,8589934592,2147483648,5806637056,433127424
204,1771995415005,3204,3204,3204,3204,3204,3204,3204,3204,52.38095474243164,47.619049072265625,40,40,4.761904716491699,9.523809432983398,0,4.761904716491699,4.549245357513428,8589934592,2147483648,5806637056,433127424
206,1771995415211,3204,3204,3204,3204,3204,3204,3204,3204,50,55,55,50,13.636363983154297,4.761904716491699,4.761904716491699,0,4.573616027832031,8589934592,2147483648,5806637056,433127424
208,1771995415419,3204,3204,3204,3204,3204,3204,3204,3204,52.38095474243164,52.38095474243164,54.54545593261719,59.09090805053711,0,4.761904716491699,4.761904716491699,0,4.573616027832031,8589934592,2147483648,5809078272,433127424
205,1771995415628,3204,3204,3204,3204,3204,3204,3204,3204,57.142860412597656,55,57.894737243652344,60.000003814697266,9.090909004211426,0,0,4.545454502105713,4.573616027832031,8589934592,2147483648,5808095232,433127424
209,1771995415835,3204,3204,3204,3204,3204,3204,3204,3204,50,52.38095474243164,50,45,5,10,9.523809432983398,5,4.573616027832031,8589934592,2147483648,5812961280,433127424
206,1771995416045,3204,3204,3204,3204,3204,3204,3204,3204,42.85714340209961,42.85714340209961,40,28.571430206298828,14.285715103149414,19.047618865966797,5,5,4.573616027832031,8589934592,2147483648,5820170240,433127424
199,1771995416253,3204,3204,3204,3204,3204,3204,3204,3204,50,55,61.904762268066406,52.38095474243164,4.761904716491699,4.761904716491699,0,4.545454502105713,5.289457321166992,8589934592,2147483648,5808537600,433127424
203,1771995416453,3204,3204,3204,3204,3204,3204,3204,3204,63.15789031982422,55,55,55,0,0,0,0,5.289457321166992,8589934592,2147483648,5806456832,433127424
202,1771995416659,3204,3204,3204,3204,3204,3204,3204,3204,50,57.142860412597656,42.85714340209961,47.619049072265625,4.761904716491699,5,5,4.761904716491699,5.289457321166992,8589934592,2147483648,5807308800,433127424
208,1771995416863,3204,3204,3204,3204,3204,3204,3204,3204,45,45,38.095237731933594,50,5.263157844543457,5,9.523809432983398,5,5.289457321166992,8589934592,2147483648,5808422912,433127424
199,1771995417073,3204,3204,3204,3204,3204,3204,3204,3204,42.85714340209961,47.619049072265625,45,38.095237731933594,4.545454502105713,0,4.545454502105713,0,5.289457321166992,8589934592,2147483648,5804507136,433127424
208,1771995417273,3204,3204,3204,3204,3204,3204,3204,3204,57.142860412597656,65,50,45,0,4.761904716491699,0,0,5.862307071685791,8589934592,2147483648,5805113344,433127424
199,1771995417483,3204,3204,3204,3204,3204,3204,3204,3204,55,52.38095474243164,47.619049072265625,57.142860412597656,9.523809432983398,4.761904716491699,0,4.761904716491699,5.862307071685791,8589934592,2147483648,5804163072,433127424
200,1771995417684,3204,3204,3204,3204,3204,3204,3204,3204,63.15789031982422,55,65,55,5,9.523809432983398,5,4.761904716491699,5.862307071685791,8589934592,2147483648,5805539328,433127424
201,1771995417886,3204,3204,3204,3204,3204,3204,3204,3204,52.38095474243164,50,50,45,5,0,0,0,5.862307071685791,8589934592,2147483648,5811077120,433127424
206,1771995418088,3204,3204,3204,3204,3204,3204,3204,3204,45,50,45,42.85714340209961,5,5,5,5,5.862307071685791,8589934592,2147483648,5811077120,433127424
208,1771995418295,3204,3204,3204,3204,3204,3204,3204,3204,63.6363639831543,57.142860412597656,61.904762268066406,52.38095474243164,4.761904716491699,0,4.761904716491699,0,5.532072067260742,8589934592,2147483648,5811077120,433127424
205,1771995418504,3204,3204,3204,3204,3204,3204,3204,3204,26.3157901763916,45,25,20,9.523809432983398,14.285715103149414,5,0,5.532072067260742,8589934592,2147483648,5806571520,433127424
207,1771995418709,3204,3204,3204,3204,3204,3204,3204,3204,42.85714340209961,33.333335876464844,33.333335876464844,26.3157901763916,0,4.761904716491699,8.69565200805664,0,5.532072067260742,8589934592,2147483648,5805834240,433127424
209,1771995418918,3204,3204,3204,3204,3204,3204,3204,3204,33.333335876464844,28.571430206298828,20,19.047618865966797,4.545454502105713,0,0,4.761904716491699,5.532072067260742,8589934592,2147483648,5808013312,433127424
206,1771995419128,3204,3204,3204,3204,3204,3204,3204,3204,35,28.571430206298828,23.809524536132813,19.047618865966797,0,0,0,0,5.532072067260742,8589934592,2147483648,5808013312,433127424
202,1771995419334,3204,3204,3204,3204,3204,3204,3204,3204,28.571430206298828,26.3157901763916,28.571430206298828,19.047618865966797,0,0,0,0,5.157688140869141,8589934592,2147483648,5808013312,433127424
202,1771995419537,3204,3204,3204,3204,3204,3204,3204,3204,20,23.809524536132813,31.57894515991211,19.047618865966797,0,4.761904716491699,0,0,5.157688140869141,8589934592,2147483648,5806538752,433127424
204,1771995419741,3204,3204,3204,3204,3204,3204,3204,3204,23.809524536132813,20,28.571430206298828,10.526315689086914,5,0,5,0,5.157688140869141,8589934592,2147483648,5805244416,433127424
204,1771995419946,3204,3204,3204,3204,3204,3204,3204,3204,30.000001907348633,33.333335876464844,33.333335876464844,28.571430206298828,9.523809432983398,4.761904716491699,0,4.761904716491699,5.157688140869141,8589934592,2147483648,5802344448,433127424
209,1771995420151,3204,3204,3204,3204,3204,3204,3204,3204,25,20,28.571430206298828,28.571430206298828,55,42.85714340209961,33.333335876464844,10,5.157688140869141,8589934592,2147483648,5820776448,433127424
199,1771995420361,3204,3204,3204,3204,3204,3204,3204,3204,31.81818199157715,28.571430206298828,25,23.809524536132813,50,52.38095474243164,30.000001907348633,27.272727966308594,5.471076488494873,8589934592,2147483648,5849104384,433127424
208,1771995420561,3204,3204,3204,3204,3204,3204,3204,3204,21.052631378173828,25,25,15.789472579956055,5,0,33.333335876464844,0,5.471076488494873,8589934592,2147483648,5847597056,433127424
209,1771995420770,3204,3204,3204,3204,3204,3204,3204,3204,23.809524536132813,15.000000953674316,19.047618865966797,27.272727966308594,36.3636360168457,19.047618865966797,52.38095474243164,0,5.471076488494873,8589934592,2147483648,5849382912,433127424
209,1771995420980,3204,3204,3204,3204,3204,3204,3204,3204,19.047618865966797,22.72727394104004,15.000000953674316,25,9.523809432983398,9.523809432983398,90.47618865966797,4.545454502105713,5.471076488494873,8589934592,2147483648,5849382912,433127424
208,1771995421190,3204,3204,3204,3204,3204,3204,3204,3204,23.809524536132813,19.047618865966797,18.18181800842285,23.809524536132813,0,0,35,0,4.77984094619751,8589934592,2147483648,5849382912,433127424
201,1771995421399,3204,3204,3204,3204,3204,3204,3204,3204,20,33.333335876464844,25,14.285715103149414,0,70,31.81818199157715,0,4.77984094619751,8589934592,2147483648,5849382912,433127424
208,1771995421601,3204,3204,3204,3204,3204,3204,3204,3204,23.809524536132813,21.052631378173828,19.047618865966797,15.000000953674316,0,28.571430206298828,70,0,4.77984094619751,8589934592,2147483648,5873745920,433127424
208,1771995421810,3204,3204,3204,3204,3204,3204,3204,3204,25,28.571430206298828,23.809524536132813,20,23.809524536132813,35,35,0,4.77984094619751,8589934592,2147483648,5819236352,433127424
206,1771995422018,3204,3204,3204,3204,3204,3204,3204,3204,23.809524536132813,23.809524536132813,19.047618865966797,22.72727394104004,80,31.81818199157715,0,0,4.77984094619751,8589934592,2147483648,5826707456,433127424
201,1771995422225,3204,3204,3204,3204,3204,3204,3204,3204,28.571430206298828,23.809524536132813,20,15.000000953674316,52.38095474243164,60.000003814697266,14.285715103149414,0,5.490957736968994,8589934592,2147483648,5816926208,433127424
209,1771995422426,3204,3204,3204,3204,3204,3204,3204,3204,26.3157901763916,31.57894515991211,20,20,45,40,0,0,5.490957736968994,8589934592,2147483648,5806555136,433127424
207,1771995422636,3204,3204,3204,3204,3204,3204,3204,3204,19.047618865966797,27.272727966308594,20,14.285715103149414,22.72727394104004,0,76.19047546386719,0,5.490957736968994,8589934592,2147483648,5802606592,433127424
206,1771995422844,3204,3204,3204,3204,3204,3204,3204,3204,23.809524536132813,20,20,20,55,33.333335876464844,4.761904716491699,4.761904716491699,5.490957736968994,8589934592,2147483648,5805031424,433127424
205,1771995423051,3204,3204,3204,3204,3204,3204,3204,3204,23.809524536132813,23.809524536132813,22.72727394104004,14.285715103149414,33.333335876464844,23.809524536132813,14.285715103149414,9.090909004211426,5.490957736968994,8589934592,2147483648,5802688512,433127424
209,1771995423258,3204,3204,3204,3204,3204,3204,3204,3204,33.333335876464844,25,25,20,100,0,0,0,9.108102798461914,8589934592,2147483648,5802033152,433127424
209,1771995423467,3204,3204,3204,3204,3204,3204,3204,3204,25,23.809524536132813,19.047618865966797,22.72727394104004,55,35,4.761904716491699,0,9.108102798461914,8589934592,2147483648,5803196416,433127424
206,1771995423678,3204,3204,3204,3204,3204,3204,3204,3204,23.809524536132813,23.809524536132813,18.18181800842285,19.047618865966797,45.45454788208008,14.285715103149414,0,4.761904716491699,9.108102798461914,8589934592,2147483648,5802606592,433127424
208,1771995423885,3204,3204,3204,3204,3204,3204,3204,3204,33.333335876464844,28.571430206298828,21.052631378173828,23.809524536132813,75,0,0,0,9.108102798461914,8589934592,2147483648,5790842880,433127424
207,1771995424093,3204,3204,3204,3204,3204,3204,3204,3204,28.571430206298828,25,22.72727394104004,10.526315689086914,57.142860412597656,4.761904716491699,0,0,9.108102798461914,8589934592,2147483648,5789024256,433127424
209,1771995424301,3204,3204,3204,3204,3204,3204,3204,3204,21.052631378173828,23.809524536132813,19.047618865966797,19.047618865966797,57.142860412597656,5,0,0,9.49966049194336,8589934592,2147483648,5787697152,433127424
206,1771995424511,3204,3204,3204,3204,3204,3204,3204,3204,27.272727966308594,25,23.809524536132813,22.72727394104004,25,10,40,33.333335876464844,9.49966049194336,8589934592,2147483648,5787549696,433127424
208,1771995424718,3204,3204,3204,3204,3204,3204,3204,3204,20,28.571430206298828,15.789472579956055,20,0,0,76.19047546386719,0,9.49966049194336,8589934592,2147483648,5790269440,433127424
207,1771995424926,3204,3204,3204,3204,3204,3204,3204,3204,25,19.047618865966797,19.047618865966797,30.000001907348633,10,8.69565200805664,50,0,9.49966049194336,8589934592,2147483648,5792972800,433127424
206,1771995425135,3204,3204,3204,3204,3204,3204,3204,3204,23.809524536132813,23.809524536132813,23.809524536132813,19.047618865966797,63.6363639831543,35,0,0,9.49966049194336,8589934592,2147483648,5790007296,433127424
209,1771995425341,3204,3204,3204,3204,3204,3204,3204,3204,23.809524536132813,21.052631378173828,23.809524536132813,19.047618865966797,4.761904716491699,47.619049072265625,33.333335876464844,0,9.08146858215332,8589934592,2147483648,5792808960,433127424
207,1771995425551,3204,3204,3204,3204,3204,3204,3204,3204,25,22.72727394104004,22.72727394104004,19.047618865966797,0,0,57.142860412597656,4.761904716491699,9.08146858215332,8589934592,2147483648,5790220288,433127424
208,1771995425759,3204,3204,3204,3204,3204,3204,3204,3204,27.272727966308594,25,11.111111640930176,14.285715103149414,0,23.809524536132813,75,0,9.08146858215332,8589934592,2147483648,5790842880,433127424
201,1771995425968,3204,3204,3204,3204,3204,3204,3204,3204,28.571430206298828,23.809524536132813,27.272727966308594,20,4.761904716491699,90,0,0,9.08146858215332,8589934592,2147483648,5792677888,433127424
207,1771995426170,3204,3204,3204,3204,3204,3204,3204,3204,25,30.000001907348633,20,15.000000953674316,14.285715103149414,23.809524536132813,10,15.000000953674316,8.363186836242676,8589934592,2147483648,5810487296,433127424
206,1771995426378,3204,3204,3204,3204,3204,3204,3204,3204,38.095237731933594,38.095237731933594,33.333335876464844,28.571430206298828,50,0,0,0,8.363186836242676,8589934592,2147483648,5810487296,433127424
207,1771995426585,3204,3204,3204,3204,3204,3204,3204,3204,42.105262756347656,36.842105865478516,35,30.000001907348633,55,0,8.69565200805664,0,8.363186836242676,8589934592,2147483648,5810487296,433127424
205,1771995426793,3204,3204,3204,3204,3204,3204,3204,3204,30.000001907348633,27.272727966308594,23.809524536132813,28.571430206298828,23.809524536132813,9.523809432983398,10,0,8.363186836242676,8589934592,2147483648,5790744576,433127424
209,1771995426998,3204,3204,3204,3204,3204,3204,3204,3204,28.571430206298828,30.000001907348633,25,23.809524536132813,50,0,0,0,8.363186836242676,8589934592,2147483648,5810388992,433127424
209,1771995427208,3204,3204,3204,3204,3204,3204,3204,3204,47.619049072265625,40,38.095237731933594,30.000001907348633,33.333335876464844,9.523809432983398,4.545454502105713,4.761904716491699,8.686833381652832,8589934592,2147483648,5792497664,433127424
204,1771995427418,3204,3204,3204,3204,3204,3204,3204,3204,25,27.272727966308594,19.047618865966797,22.72727394104004,76.19047546386719,0,0,0,8.686833381652832,8589934592,2147483648,5805572096,433127424
199,1771995427623,3204,3204,3204,3204,3204,3204,3204,3204,33.333335876464844,30.000001907348633,25,25,55,0,0,0,8.686833381652832,8589934592,2147483648,5786468352,433127424
209,1771995427823,3204,3204,3204,3204,3204,3204,3204,3204,26.3157901763916,35,23.809524536132813,20,50,5,5,0,8.686833381652832,8589934592,2147483648,5778178048,433127424
208,1771995428033,3204,3204,3204,3204,3204,3204,3204,3204,19.047618865966797,23.809524536132813,15.789472579956055,19.047618865966797,90.47618865966797,0,0,4.761904716491699,8.686833381652832,8589934592,2147483648,5786451968,433127424
199,1771995428241,3204,3204,3204,3204,3204,3204,3204,3204,38.095237731933594,31.57894515991211,31.81818199157715,20,26.3157901763916,4.545454502105713,0,0,8.835209846496582,8589934592,2147483648,5780586496,433127424
208,1771995428442,3204,3204,3204,3204,3204,3204,3204,3204,65,60.000003814697266,55,55,33.333335876464844,42.105262756347656,25,20,8.835209846496582,8589934592,2147483648,5784748032,433127424
209,1771995428650,3204,3204,3204,3204,3204,3204,3204,3204,35,31.81818199157715,20,20,38.095237731933594,33.333335876464844,19.047618865966797,9.523809432983398,8.835209846496582,8589934592,2147483648,5806473216,433127424
209,1771995428860,3204,3204,3204,3204,3204,3204,3204,3204,33.333335876464844,40,27.272727966308594,27.272727966308594,35,0,0,4.545454502105713,8.835209846496582,8589934592,2147483648,5808340992,433127424
209,1771995429071,3204,3204,3204,3204,3204,3204,3204,3204,42.85714340209961,33.333335876464844,28.571430206298828,28.571430206298828,77.2727279663086,28.571430206298828,20,20,8.835209846496582,8589934592,2147483648,5814796288,433127424
203,1771995429281,3204,3204,3204,3204,3204,3204,3204,3204,30.000001907348633,40.90909194946289,30.000001907348633,35,33.333335876464844,4.761904716491699,4.761904716491699,4.545454502105713,8.089544296264648,8589934592,2147483648,5810667520,433127424
206,1771995429485,3204,3204,3204,3204,3204,3204,3204,3204,28.571430206298828,21.052631378173828,26.3157901763916,23.809524536132813,80,0,0,0,8.089544296264648,8589934592,2147483648,5812617216,433127424
208,1771995429692,3204,3204,3204,3204,3204,3204,3204,3204,30.000001907348633,23.809524536132813,27.272727966308594,15.000000953674316,10,0,10,0,8.089544296264648,8589934592,2147483648,5801033728,433127424
198,1771995429902,3204,3204,3204,3204,3204,3204,3204,3204,19.047618865966797,23.809524536132813,20,23.809524536132813,14.285715103149414,9.090909004211426,22.72727394104004,5,8.089544296264648,8589934592,2147483648,5804621824,433127424
206,1771995430101,3204,3204,3204,3204,3204,3204,3204,3204,36.842105865478516,40,25,30.000001907348633,5,5,5,5,8.089544296264648,8589934592,2147483648,5806653440,433127424
209,1771995430308,3204,3204,3204,3204,3204,3204,3204,3204,28.571430206298828,30.000001907348633,33.333335876464844,25,14.285715103149414,9.523809432983398,4.761904716491699,4.761904716491699,9.103105545043945,8589934592,2147483648,5805604864,433127424
201,1771995430518,3204,3204,3204,3204,3204,3204,3204,3204,22.72727394104004,23.809524536132813,33.333335876464844,22.72727394104004,0,0,0,0,9.103105545043945,8589934592,2147483648,5808783360,433127424
209,1771995430719,3204,3204,3204,3204,3204,3204,3204,3204,21.052631378173828,23.809524536132813,35,19.047618865966797,5,0,4.761904716491699,0,9.103105545043945,8589934592,2147483648,5806456832,433127424
203,1771995430930,3204,3204,3204,3204,3204,3204,3204,3204,33.333335876464844,26.3157901763916,30.000001907348633,20,5,4.545454502105713,0,0,9.103105545043945,8589934592,2147483648,5813780480,433127424
208,1771995431134,3204,3204,3204,3204,3204,3204,3204,3204,20,19.047618865966797,28.571430206298828,10,23.809524536132813,5.263157844543457,5,5,9.103105545043945,8589934592,2147483648,5844942848,433127424
207,1771995431343,3204,3204,3204,3204,3204,3204,3204,3204,22.72727394104004,27.272727966308594,33.333335876464844,22.72727394104004,4.761904716491699,4.545454502105713,4.761904716491699,4.761904716491699,8.86578369140625,8589934592,2147483648,5844942848,433127424
203,1771995431551,3204,3204,3204,3204,3204,3204,3204,3204,21.052631378173828,30.000001907348633,25,20,0,0,0,0,8.86578369140625,8589934592,2147483648,5844942848,433127424
206,1771995431755,3204,3204,3204,3204,3204,3204,3204,3204,33.333335876464844,30.000001907348633,28.571430206298828,20,0,0,0,0,8.86578369140625,8589934592,2147483648,5844942848,433127424
204,1771995431962,3204,3204,3204,3204,3204,3204,3204,3204,28.571430206298828,27.272727966308594,20,15.000000953674316,9.523809432983398,9.523809432983398,4.761904716491699,4.761904716491699,8.86578369140625,8589934592,2147483648,5819318272,433127424
202,1771995432167,3204,3204,3204,3204,3204,3204,3204,3204,25,26.3157901763916,20,30.000001907348633,0,0,0,4.761904716491699,6.582704067230225,8589934592,2147483648,5810208768,433127424
209,1771995432370,3204,3204,3204,3204,3204,3204,3204,3204,33.333335876464844,28.571430206298828,23.809524536132813,19.047618865966797,4.761904716491699,5,5,0,6.582704067230225,8589934592,2147483648,5804900352,433127424
204,1771995432580,3204,3204,3204,3204,3204,3204,3204,3204,35,25,23.809524536132813,19.047618865966797,4.761904716491699,0,0,4.545454502105713,6.582704067230225,8589934592,2147483648,5805817856,433127424
207,1771995432785,3204,3204,3204,3204,3204,3204,3204,3204,35,19.047618865966797,23.809524536132813,14.285715103149414,0,4.761904716491699,0,0,6.582704067230225,8589934592,2147483648,5804507136,433127424
207,1771995432993,3204,3204,3204,3204,3204,3204,3204,3204,28.571430206298828,28.571430206298828,30.000001907348633,20,18.18181800842285,5,4.761904716491699,0,6.582704067230225,8589934592,2147483648,5815156736,433127424
201,1771995433201,3204,3204,3204,3204,3204,3204,3204,3204,33.333335876464844,20,28.571430206298828,10,10.526315689086914,14.285715103149414,9.090909004211426,4.761904716491699,4.6683349609375,8589934592,2147483648,5806620672,433127424
209,1771995433404,3204,3204,3204,3204,3204,3204,3204,3204,21.052631378173828,25,30.000001907348633,19.047618865966797,4.761904716491699,4.761904716491699,5,4.761904716491699,4.6683349609375,8589934592,2147483648,5804720128,433127424
209,1771995433614,3204,3204,3204,3204,3204,3204,3204,3204,27.272727966308594,23.809524536132813,25,14.285715103149414,14.285715103149414,19.047618865966797,0,0,4.6683349609375,8589934592,2147483648,5804998656,433127424
204,1771995433824,3204,3204,3204,3204,3204,3204,3204,3204,28.571430206298828,23.809524536132813,38.095237731933594,19.047618865966797,0,0,0,0,4.6683349609375,8589934592,2147483648,5804998656,433127424
208,1771995434028,3204,3204,3204,3204,3204,3204,3204,3204,20,15.000000953674316,33.333335876464844,20,0,0,4.545454502105713,0,4.6683349609375,8589934592,2147483648,5806686208,433127424
205,1771995434237,3204,3204,3204,3204,3204,3204,3204,3204,25,20,28.571430206298828,19.047618865966797,9.523809432983398,9.090909004211426,0,4.761904716491699,4.521193027496338,8589934592,2147483648,5804802048,433127424
208,1771995434443,3204,3204,3204,3204,3204,3204,3204,3204,23.809524536132813,27.272727966308594,28.571430206298828,20,4.761904716491699,4.761904716491699,5,4.761904716491699,4.521193027496338,8589934592,2147483648,5805883392,433127424
200,1771995434653,3204,3204,3204,3204,3204,3204,3204,3204,40,30.000001907348633,30.000001907348633,28.571430206298828,5,5,4.545454502105713,0,4.521193027496338,8589934592,2147483648,5807636480,433127424
209,1771995434853,3204,3204,3204,3204,3204,3204,3204,3204,28.571430206298828,28.571430206298828,25,20,14.285715103149414,5,5,5.263157844543457,4.521193027496338,8589934592,2147483648,5807013888,433127424
209,1771995435063,3204,3204,3204,3204,3204,3204,3204,3204,42.85714340209961,26.3157901763916,23.809524536132813,23.809524536132813,5,18.18181800842285,5,4.545454502105713,4.521193027496338,8589934592,2147483648,5819760640,433127424
210,1771995435274,3204,3204,3204,3204,3204,3204,3204,3204,28.571430206298828,30.434782028198242,19.047618865966797,19.047618865966797,0,0,0,0,4.752992153167725,8589934592,2147483648,5807423488,433127424
190,1771995435500,3204,3204,3204,3204,3204,3204,3204,3204,33.333335876464844,33.333335876464844,30.434782028198242,27.272727966308594,30.434782028198242,22.72727394104004,18.18181800842285,20.833332061767578,4.752992153167725,8589934592,2147483648,5810094080,433127424
208,1771995435691,3204,3204,3204,3204,3204,3204,3204,3204,23.809524536132813,15.789472579956055,10.526315689086914,15.789472579956055,10.526315689086914,15.000000953674316,14.285715103149414,10,4.752992153167725,8589934592,2147483648,5808340992,433127424
200,1771995435900,3204,3204,3204,3204,3204,3204,3204,3204,21.052631378173828,33.333335876464844,19.047618865966797,22.72727394104004,4.545454502105713,0,0,0,4.752992153167725,8589934592,2147483648,5809029120,433127424
206,1771995436101,3204,3204,3204,3204,3204,3204,3204,3204,23.809524536132813,40,20,15.000000953674316,5.263157844543457,15.000000953674316,5,0,4.752992153167725,8589934592,2147483648,5820973056,433127424
208,1771995436308,3204,3204,3204,3204,3204,3204,3204,3204,15.000000953674316,19.047618865966797,20,15.000000953674316,9.523809432983398,5,4.761904716491699,9.523809432983398,4.801876068115234,8589934592,2147483648,5810208768,433127424
200,1771995436517,3204,3204,3204,3204,3204,3204,3204,3204,23.809524536132813,21.052631378173828,20,19.047618865966797,4.761904716491699,4.545454502105713,0,0,4.801876068115234,8589934592,2147483648,5859819520,433127424
209,1771995436718,3204,3204,3204,3204,3204,3204,3204,3204,25,27.272727966308594,23.809524536132813,19.047618865966797,0,0,0,0,4.801876068115234,8589934592,2147483648,5857361920,433127424
208,1771995436928,3204,3204,3204,3204,3204,3204,3204,3204,28.571430206298828,19.047618865966797,14.285715103149414,15.000000953674316,4.761904716491699,4.545454502105713,4.545454502105713,0,4.801876068115234,8589934592,2147483648,5856034816,433127424
209,1771995437137,3204,3204,3204,3204,3204,3204,3204,3204,28.571430206298828,25,25,23.809524536132813,0,0,0,0,4.801876068115234,8589934592,2147483648,5851987968,433127424
205,1771995437347,3204,3204,3204,3204,3204,3204,3204,3204,45,42.85714340209961,38.095237731933594,30.000001907348633,0,4.761904716491699,0,0,5.042764186859131,8589934592,2147483648,5848285184,433127424
205,1771995437553,3204,3204,3204,3204,3204,3204,3204,3204,28.571430206298828,30.000001907348633,28.571430206298828,23.809524536132813,13.636363983154297,5,5,4.761904716491699,5.042764186859131,8589934592,2147483648,5850841088,433127424
201,1771995437759,3204,3204,3204,3204,3204,3204,3204,3204,33.333335876464844,19.047618865966797,23.809524536132813,19.047618865966797,0,0,8.69565200805664,0,5.042764186859131,8589934592,2147483648,5845778432,433127424
206,1771995437961,3204,3204,3204,3204,3204,3204,3204,3204,26.3157901763916,15.789472579956055,15.789472579956055,15.789472579956055,0,0,0,0,5.042764186859131,8589934592,2147483648,5845811200,433127424
209,1771995438168,3204,3204,3204,3204,3204,3204,3204,3204,33.333335876464844,33.333335876464844,28.571430206298828,19.047618865966797,4.761904716491699,4.761904716491699,0,4.761904716491699,5.236790657043457,8589934592,2147483648,5847302144,433127424
206,1771995438378,3204,3204,3204,3204,3204,3204,3204,3204,27.272727966308594,28.571430206298828,15.000000953674316,18.18181800842285,0,0,0,0,5.236790657043457,8589934592,2147483648,5846450176,433127424
206,1771995438584,3204,3204,3204,3204,3204,3204,3204,3204,30.000001907348633,33.333335876464844,31.81818199157715,30.000001907348633,23.809524536132813,18.18181800842285,4.761904716491699,0,5.236790657043457,8589934592,2147483648,5830082560,433127424
201,1771995438791,3204,3204,3204,3204,3204,3204,3204,3204,33.333335876464844,20,25,19.047618865966797,0,0,0,0,5.236790657043457,8589934592,2147483648,5821186048,433127424
207,1771995438993,3204,3204,3204,3204,3204,3204,3204,3204,30.000001907348633,23.809524536132813,19.047618865966797,15.000000953674316,4.761904716491699,0,0,0,5.236790657043457,8589934592,2147483648,5814960128,433127424
205,1771995439201,3204,3204,3204,3204,3204,3204,3204,3204,30.000001907348633,25,20,20,5,0,0,0,4.608563423156738,8589934592,2147483648,5862899712,433127424
200,1771995439408,3204,3204,3204,3204,3204,3204,3204,3204,25,15.000000953674316,20,28.571430206298828,5,5,4.761904716491699,4.545454502105713,4.608563423156738,8589934592,2147483648,5859852288,433127424
209,1771995439608,3204,3204,3204,3204,3204,3204,3204,3204,28.571430206298828,28.571430206298828,28.571430206298828,30.000001907348633,4.761904716491699,9.090909004211426,0,0,4.608563423156738,8589934592,2147483648,5848154112,433127424
207,1771995439818,3204,3204,3204,3204,3204,3204,3204,3204,33.333335876464844,19.047618865966797,19.047618865966797,19.047618865966797,4.761904716491699,0,0,0,4.608563423156738,8589934592,2147483648,5863997440,433127424
208,1771995440026,3204,3204,3204,3204,3204,3204,3204,3204,21.052631378173828,30.000001907348633,15.000000953674316,19.047618865966797,0,4.545454502105713,0,0,4.608563423156738,8589934592,2147483648,5846630400,433127424
208,1771995440235,3204,3204,3204,3204,3204,3204,3204,3204,31.81818199157715,23.809524536132813,20,20,0,0,0,0,4.752624988555908,8589934592,2147483648,5864194048,433127424
204,1771995440444,3204,3204,3204,3204,3204,3204,3204,3204,25,23.809524536132813,27.272727966308594,14.285715103149414,13.636363983154297,5,4.761904716491699,4.761904716491699,4.752624988555908,8589934592,2147483648,5861703680,433127424
207,1771995440649,3204,3204,3204,3204,3204,3204,3204,3204,19.047618865966797,38.095237731933594,20,14.285715103149414,0,0,0,0,4.752624988555908,8589934592,2147483648,5849497600,433127424
207,1771995440858,3204,3204,3204,3204,3204,3204,3204,3204,23.809524536132813,30.000001907348633,20,15.000000953674316,0,0,0,0,4.752624988555908,8589934592,2147483648,5846925312,433127424
206,1771995441065,3204,3204,3204,3204,3204,3204,3204,3204,20,33.333335876464844,22.72727394104004,14.285715103149414,0,4.761904716491699,4.545454502105713,0,4.752624988555908,8589934592,2147483648,5846712320,433127424
205,1771995441272,3204,3204,3204,3204,3204,3204,3204,3204,19.047618865966797,15.000000953674316,5,20,19.047618865966797,9.523809432983398,0,4.761904716491699,4.547178745269775,8589934592,2147483648,5868404736,433127424
207,1771995441478,3204,3204,3204,3204,3204,3204,3204,3204,30.000001907348633,33.333335876464844,23.809524536132813,22.72727394104004,9.523809432983398,4.761904716491699,0,0,4.547178745269775,8589934592,2147483648,5852069888,433127424
208,1771995441686,3204,3204,3204,3204,3204,3204,3204,3204,28.571430206298828,28.571430206298828,20,21.052631378173828,0,0,4.761904716491699,0,4.547178745269775,8589934592,2147483648,5853806592,433127424
200,1771995441895,3204,3204,3204,3204,3204,3204,3204,3204,20,23.809524536132813,19.047618865966797,18.18181800842285,5,4.761904716491699,4.545454502105713,4.761904716491699,4.547178745269775,8589934592,2147483648,5836963840,433127424
200,1771995442096,3204,3204,3204,3204,3204,3204,3204,3204,25,26.3157901763916,20,15.000000953674316,0,0,0,0,4.547178745269775,8589934592,2147483648,5837979648,433127424
209,1771995442297,3204,3204,3204,3204,3204,3204,3204,3204,19.047618865966797,33.333335876464844,20,20,0,0,0,4.761904716491699,4.72951602935791,8589934592,2147483648,5839634432,433127424
209,1771995442507,3204,3204,3204,3204,3204,3204,3204,3204,23.809524536132813,20,15.000000953674316,15.000000953674316,4.761904716491699,4.761904716491699,4.761904716491699,0,4.72951602935791,8589934592,2147483648,5833261056,433127424
206,1771995442718,3204,3204,3204,3204,3204,3204,3204,3204,25,31.81818199157715,27.272727966308594,23.809524536132813,9.090909004211426,0,4.761904716491699,4.761904716491699,4.72951602935791,8589934592,2147483648,5817139200,433127424
204,1771995442925,3204,3204,3204,3204,3204,3204,3204,3204,28.571430206298828,21.052631378173828,23.809524536132813,14.285715103149414,0,4.761904716491699,0,0,4.72951602935791,8589934592,2147483648,5802999808,433127424
207,1771995443129,3204,3204,3204,3204,3204,3204,3204,3204,28.571430206298828,27.272727966308594,20,19.047618865966797,4.761904716491699,4.761904716491699,4.761904716491699,0,4.72951602935791,8589934592,2147483648,5801885696,433127424
203,1771995443337,3204,3204,3204,3204,3204,3204,3204,3204,25,25,25,33.333335876464844,0,4.761904716491699,0,4.761904716491699,4.5234150886535645,8589934592,2147483648,5801951232,433127424
209,1771995443541,3204,3204,3204,3204,3204,3204,3204,3204,20,25,19.047618865966797,33.333335876464844,23.809524536132813,10,5,0,4.5234150886535645,8589934592,2147483648,5798526976,433127424
204,1771995443752,3204,3204,3204,3204,3204,3204,3204,3204,23.809524536132813,22.72727394104004,19.047618865966797,15.000000953674316,5,5,0,0,4.5234150886535645,8589934592,2147483648,5815418880,433127424
204,1771995443957,3204,3204,3204,3204,3204,3204,3204,3204,23.809524536132813,26.3157901763916,23.809524536132813,20,0,0,0,0,4.5234150886535645,8589934592,2147483648,5814059008,433127424
204,1771995444162,3204,3204,3204,3204,3204,3204,3204,3204,25,33.333335876464844,15.789472579956055,23.809524536132813,4.761904716491699,4.761904716491699,0,4.761904716491699,4.5234150886535645,8589934592,2147483648,5833048064,433127424
205,1771995444368,3204,3204,3204,3204,3204,3204,3204,3204,20,19.047618865966797,19.047618865966797,25,0,0,0,0,4.707146644592285,8589934592,2147483648,5831344128,433127424
207,1771995444574,3204,3204,3204,3204,3204,3204,3204,3204,20,23.809524536132813,19.047618865966797,19.047618865966797,0,0,0,0,4.707146644592285,8589934592,2147483648,5845090304,433127424
201,1771995444783,3204,3204,3204,3204,3204,3204,3204,3204,28.571430206298828,40,28.571430206298828,25,9.090909004211426,4.761904716491699,4.761904716491699,0,4.707146644592285,8589934592,2147483648,5848449024,433127424
206,1771995444985,3204,3204,3204,3204,3204,3204,3204,3204,23.809524536132813,20,21.052631378173828,19.047618865966797,0,0,0,0,4.707146644592285,8589934592,2147483648,5833916416,433127424
204,1771995445192,3204,3204,3204,3204,3204,3204,3204,3204,30.000001907348633,33.333335876464844,27.272727966308594,20,0,0,0,0,4.596346855163574,8589934592,2147483648,5833375744,433127424
204,1771995445397,3204,3204,3204,3204,3204,3204,3204,3204,28.571430206298828,15.000000953674316,15.000000953674316,14.285715103149414,4.761904716491699,14.285715103149414,5,5,4.596346855163574,8589934592,2147483648,5849333760,433127424
205,1771995445603,3204,3204,3204,3204,3204,3204,3204,3204,20,20,20,15.000000953674316,0,0,0,0,4.596346855163574,8589934592,2147483648,5834342400,433127424
208,1771995445808,3204,3204,3204,3204,3204,3204,3204,3204,38.095237731933594,30.000001907348633,25,20,5,0,0,0,4.596346855163574,8589934592,2147483648,5846007808,433127424
209,1771995446017,3204,3204,3204,3204,3204,3204,3204,3204,30.000001907348633,27.272727966308594,23.809524536132813,27.272727966308594,0,0,0,0,4.596346855163574,8589934592,2147483648,5832097792,433127424
207,1771995446227,3204,3204,3204,3204,3204,3204,3204,3204,33.333335876464844,21.052631378173828,19.047618865966797,15.000000953674316,18.18181800842285,23.809524536132813,9.090909004211426,4.761904716491699,4.668151378631592,8589934592,2147483648,5837389824,433127424
205,1771995446435,3204,3204,3204,3204,3204,3204,3204,3204,23.809524536132813,27.272727966308594,19.047618865966797,14.285715103149414,0,4.761904716491699,0,0,4.668151378631592,8589934592,2147483648,5838700544,433127424
207,1771995446641,3204,3204,3204,3204,3204,3204,3204,3204,33.333335876464844,30.000001907348633,19.047618865966797,20,0,0,0,0,4.668151378631592,8589934592,2147483648,5855772672,433127424
201,1771995446849,3204,3204,3204,3204,3204,3204,3204,3204,28.571430206298828,19.047618865966797,35,23.809524536132813,4.761904716491699,0,4.761904716491699,4.761904716491699,4.668151378631592,8589934592,2147483648,5841272832,433127424
206,1771995447051,3204,3204,3204,3204,3204,3204,3204,3204,26.3157901763916,20,35,15.000000953674316,0,0,0,0,4.668151378631592,8589934592,2147483648,5836996608,433127424
203,1771995447258,3204,3204,3204,3204,3204,3204,3204,3204,38.095237731933594,28.571430206298828,28.571430206298828,23.809524536132813,4.761904716491699,4.761904716491699,0,0,4.54667854309082,8589934592,2147483648,5840551936,433127424
203,1771995447462,3204,3204,3204,3204,3204,3204,3204,3204,20,25,35,28.571430206298828,4.761904716491699,4.761904716491699,0,4.761904716491699,4.54667854309082,8589934592,2147483648,5814632448,433127424
202,1771995447666,3204,3204,3204,3204,3204,3204,3204,3204,40,25,25,15.000000953674316,5,5,5,4.761904716491699,4.54667854309082,8589934592,2147483648,5805506560,433127424
209,1771995447869,3204,3204,3204,3204,3204,3204,3204,3204,42.85714340209961,30.000001907348633,25,21.052631378173828,10,10,4.761904716491699,5,4.54667854309082,8589934592,2147483648,5810601984,433127424
205,1771995448079,3204,3204,3204,3204,3204,3204,3204,3204,23.809524536132813,19.047618865966797,22.72727394104004,19.047618865966797,0,4.761904716491699,0,0,4.54667854309082,8589934592,2147483648,5803098112,433127424
206,1771995448285,3204,3204,3204,3204,3204,3204,3204,3204,25,28.571430206298828,21.052631378173828,28.571430206298828,4.761904716491699,0,0,0,4.535548686981201,8589934592,2147483648,5805735936,433127424
209,1771995448491,3204,3204,3204,3204,3204,3204,3204,3204,25,26.3157901763916,19.047618865966797,23.809524536132813,9.523809432983398,9.523809432983398,4.545454502105713,0,4.535548686981201,8589934592,2147483648,5804277760,433127424
209,1771995448702,3204,3204,3204,3204,3204,3204,3204,3204,23.809524536132813,31.81818199157715,22.72727394104004,19.047618865966797,0,22.72727394104004,0,4.545454502105713,4.535548686981201,8589934592,2147483648,5804834816,433127424
205,1771995448911,3204,3204,3204,3204,3204,3204,3204,3204,27.272727966308594,19.047618865966797,20,23.809524536132813,4.761904716491699,0,9.090909004211426,0,4.535548686981201,8589934592,2147483648,5817466880,433127424
200,1771995449117,3204,3204,3204,3204,3204,3204,3204,3204,26.3157901763916,25,19.047618865966797,10,4.761904716491699,4.761904716491699,0,4.761904716491699,4.535548686981201,8589934592,2147483648,5803540480,433127424
208,1771995449318,3204,3204,3204,3204,3204,3204,3204,3204,35,33.333335876464844,20,19.047618865966797,5,0,0,0,4.7908172607421875,8589934592,2147483648,5805604864,433127424
206,1771995449526,3204,3204,3204,3204,3204,3204,3204,3204,30.000001907348633,20,20,20,4.761904716491699,4.761904716491699,0,0,4.7908172607421875,8589934592,2147483648,5818253312,433127424
200,1771995449734,3204,3204,3204,3204,3204,3204,3204,3204,36.3636360168457,23.809524536132813,19.047618865966797,19.047618865966797,5,5,4.761904716491699,4.761904716491699,4.7908172607421875,8589934592,2147483648,5806112768,433127424
199,1771995449935,3204,3204,3204,3204,3204,3204,3204,3204,20,30.000001907348633,20,25,0,0,5,0,4.7908172607421875,8589934592,2147483648,5804032000,433127424
206,1771995450135,3204,3204,3204,3204,3204,3204,3204,3204,20,21.052631378173828,30.000001907348633,15.789472579956055,15.000000953674316,9.523809432983398,0,5,4.7908172607421875,8589934592,2147483648,5790728192,433127424
208,1771995450342,3204,3204,3204,3204,3204,3204,3204,3204,33.333335876464844,33.333335876464844,19.047618865966797,19.047618865966797,4.761904716491699,4.761904716491699,4.761904716491699,0,4.887430667877197,8589934592,2147483648,5791727616,433127424
207,1771995450552,3204,3204,3204,3204,3204,3204,3204,3204,23.809524536132813,27.272727966308594,9.523809432983398,14.285715103149414,14.285715103149414,10,4.761904716491699,4.761904716491699,4.887430667877197,8589934592,2147483648,5789188096,433127424
207,1771995450760,3204,3204,3204,3204,3204,3204,3204,3204,26.3157901763916,20,30.000001907348633,19.047618865966797,0,0,0,0,4.887430667877197,8589934592,2147483648,5790236672,433127424
206,1771995450968,3204,3204,3204,3204,3204,3204,3204,3204,23.809524536132813,20,19.047618865966797,25,0,0,0,0,4.887430667877197,8589934592,2147483648,5790236672,433127424
209,1771995451175,3204,3204,3204,3204,3204,3204,3204,3204,33.333335876464844,28.571430206298828,15.000000953674316,18.18181800842285,4.761904716491699,0,0,0,4.594729900360107,8589934592,2147483648,5790236672,433127424
201,1771995451385,3204,3204,3204,3204,3204,3204,3204,3204,19.047618865966797,19.047618865966797,18.18181800842285,10,9.523809432983398,14.285715103149414,4.545454502105713,4.545454502105713,4.594729900360107,8589934592,2147483648,5790236672,433127424
206,1771995451587,3204,3204,3204,3204,3204,3204,3204,3204,38.095237731933594,30.000001907348633,31.57894515991211,21.052631378173828,20,20,15.789472579956055,15.789472579956055,4.594729900360107,8589934592,2147483648,5795708928,433127424
207,1771995451793,3204,3204,3204,3204,3204,3204,3204,3204,15.789472579956055,23.809524536132813,23.809524536132813,18.18181800842285,0,4.545454502105713,4.761904716491699,4.545454502105713,4.594729900360107,8589934592,2147483648,5797445632,433127424
209,1771995452002,3204,3204,3204,3204,3204,3204,3204,3204,19.047618865966797,30.000001907348633,19.047618865966797,14.285715103149414,4.761904716491699,0,0,4.761904716491699,4.594729900360107,8589934592,2147483648,5795807232,433127424
209,1771995452211,3204,3204,3204,3204,3204,3204,3204,3204,23.809524536132813,27.272727966308594,28.571430206298828,20,13.636363983154297,4.761904716491699,4.761904716491699,0,4.5463762283325195,8589934592,2147483648,5802770432,433127424
203,1771995452421,3204,3204,3204,3204,3204,3204,3204,3204,25,25,23.809524536132813,23.809524536132813,4.761904716491699,4.761904716491699,4.545454502105713,0,4.5463762283325195,8589934592,2147483648,5791662080,433127424
206,1771995452626,3204,3204,3204,3204,3204,3204,3204,3204,27.272727966308594,28.571430206298828,20,19.047618865966797,0,4.761904716491699,0,4.545454502105713,4.5463762283325195,8589934592,2147483648,5790629888,433127424
208,1771995452833,3204,3204,3204,3204,3204,3204,3204,3204,26.3157901763916,30.000001907348633,30.000001907348633,23.809524536132813,4.761904716491699,0,4.761904716491699,0,4.5463762283325195,8589934592,2147483648,5792907264,433127424
207,1771995453042,3204,3204,3204,3204,3204,3204,3204,3204,27.272727966308594,15.000000953674316,19.047618865966797,20,0,0,0,0,4.5463762283325195,8589934592,2147483648,5791121408,433127424
208,1771995453250,3204,3204,3204,3204,3204,3204,3204,3204,35,40.90909194946289,33.333335876464844,25,0,0,0,0,4.681883811950684,8589934592,2147483648,5781864448,433127424
202,1771995453459,3204,3204,3204,3204,3204,3204,3204,3204,25,25,19.047618865966797,22.72727394104004,0,4.545454502105713,0,0,4.681883811950684,8589934592,2147483648,5779046400,433127424
200,1771995453662,3204,3204,3204,3204,3204,3204,3204,3204,28.571430206298828,20,15.000000953674316,20,9.523809432983398,20,0,0,4.681883811950684,8589934592,2147483648,5780045824,433127424
203,1771995453863,3204,3204,3204,3204,3204,3204,3204,3204,30.000001907348633,20,35,20,0,0,0,0,4.681883811950684,8589934592,2147483648,5782454272,433127424
209,1771995454067,3204,3204,3204,3204,3204,3204,3204,3204,28.571430206298828,28.571430206298828,28.571430206298828,28.571430206298828,4.761904716491699,4.761904716491699,0,0,4.681883811950684,8589934592,2147483648,5781241856,433127424
207,1771995454277,3204,3204,3204,3204,3204,3204,3204,3204,25,28.571430206298828,23.809524536132813,20,0,4.545454502105713,4.761904716491699,4.761904716491699,4.934966087341309,8589934592,2147483648,5784485888,433127424
206,1771995454485,3204,3204,3204,3204,3204,3204,3204,3204,33.333335876464844,25,20,19.047618865966797,9.090909004211426,0,5,0,4.934966087341309,8589934592,2147483648,5781504000,433127424
209,1771995454691,3204,3204,3204,3204,3204,3204,3204,3204,30.000001907348633,20,19.047618865966797,15.000000953674316,0,0,4.545454502105713,0,4.934966087341309,8589934592,2147483648,5781192704,433127424
206,1771995454901,3204,3204,3204,3204,3204,3204,3204,3204,42.85714340209961,27.272727966308594,19.047618865966797,19.047618865966797,0,0,0,0,4.934966087341309,8589934592,2147483648,5783846912,433127424
209,1771995455108,3204,3204,3204,3204,3204,3204,3204,3204,23.809524536132813,20,20,23.809524536132813,4.545454502105713,4.545454502105713,0,0,4.934966087341309,8589934592,2147483648,5781405696,433127424
207,1771995455318,3204,3204,3204,3204,3204,3204,3204,3204,28.571430206298828,19.047618865966797,27.272727966308594,30.000001907348633,0,0,4.545454502105713,0,4.667845726013184,8589934592,2147483648,5783453696,433127424
207,1771995455527,3204,3204,3204,3204,3204,3204,3204,3204,20,10,5,23.809524536132813,4.761904716491699,9.523809432983398,0,4.761904716491699,4.667845726013184,8589934592,2147483648,5781340160,433127424
209,1771995455735,3204,3204,3204,3204,3204,3204,3204,3204,27.272727966308594,23.809524536132813,20,28.571430206298828,0,4.761904716491699,4.761904716491699,0,4.667845726013184,8589934592,2147483648,5781454848,433127424
205,1771995455945,3204,3204,3204,3204,3204,3204,3204,3204,35,27.272727966308594,19.047618865966797,19.047618865966797,9.090909004211426,4.761904716491699,4.761904716491699,4.545454502105713,4.667845726013184,8589934592,2147483648,5783846912,433127424
200,1771995456152,3204,3204,3204,3204,3204,3204,3204,3204,23.809524536132813,20,28.571430206298828,15.000000953674316,10,9.523809432983398,0,0,4.667845726013184,8589934592,2147483648,5782077440,433127424
209,1771995456352,3204,3204,3204,3204,3204,3204,3204,3204,15.789472579956055,20,15.789472579956055,28.571430206298828,15.000000953674316,20,10,10,4.825952529907227,8589934592,2147483648,5782077440,433127424
200,1771995456563,3204,3204,3204,3204,3204,3204,3204,3204,19.047618865966797,23.809524536132813,18.18181800842285,20,14.285715103149414,5,4.761904716491699,4.761904716491699,4.825952529907227,8589934592,2147483648,5782077440,433127424
201,1771995456764,3204,3204,3204,3204,3204,3204,3204,3204,23.809524536132813,20,15.000000953674316,23.809524536132813,5,4.761904716491699,0,0,4.825952529907227,8589934592,2147483648,5784895488,433127424
207,1771995456966,3204,3204,3204,3204,3204,3204,3204,3204,21.052631378173828,26.3157901763916,15.789472579956055,20,9.523809432983398,9.523809432983398,5,5,4.825952529907227,8589934592,2147483648,5802459136,433127424
209,1771995457174,3204,3204,3204,3204,3204,3204,3204,3204,28.571430206298828,23.809524536132813,19.047618865966797,19.047618865966797,5,0,4.761904716491699,0,4.535481929779053,8589934592,2147483648,5802459136,433127424
207,1771995457385,3204,3204,3204,3204,3204,3204,3204,3204,28.571430206298828,28.571430206298828,27.272727966308594,19.047618865966797,4.761904716491699,4.761904716491699,4.761904716491699,4.761904716491699,4.535481929779053,8589934592,2147483648,5802459136,433127424
205,1771995457593,3204,3204,3204,3204,3204,3204,3204,3204,23.809524536132813,19.047618865966797,26.3157901763916,20,0,5,4.761904716491699,4.761904716491699,4.535481929779053,8589934592,2147483648,5802459136,433127424
201,1771995457800,3204,3204,3204,3204,3204,3204,3204,3204,23.809524536132813,28.571430206298828,31.81818199157715,19.047618865966797,13.043478012084961,4.761904716491699,4.761904716491699,0,4.535481929779053,8589934592,2147483648,5777047552,433127424
201,1771995458002,3204,3204,3204,3204,3204,3204,3204,3204,25,25,23.809524536132813,19.047618865966797,0,0,0,0,4.535481929779053,8589934592,2147483648,5833310208,433127424
202,1771995458204,3204,3204,3204,3204,3204,3204,3204,3204,15.789472579956055,20,26.3157901763916,15.000000953674316,5,5,4.761904716491699,4.761904716491699,4.802733421325684,8589934592,2147483648,5819170816,433127424
201,1771995458406,3204,3204,3204,3204,3204,3204,3204,3204,23.809524536132813,25,30.000001907348633,20,0,0,0,0,4.802733421325684,8589934592,2147483648,5821267968,433127424
210,1771995458608,3204,3204,3204,3204,3204,3204,3204,3204,15.789472579956055,20,19.047618865966797,26.3157901763916,23.809524536132813,14.285715103149414,0,19.047618865966797,4.802733421325684,8589934592,2147483648,5826560000,433127424
209,1771995458819,3204,3204,3204,3204,3204,3204,3204,3204,22.72727394104004,22.72727394104004,30.000001907348633,27.272727966308594,0,4.545454502105713,4.545454502105713,0,4.802733421325684,8589934592,2147483648,5834211328,433127424
204,1771995459029,3204,3204,3204,3204,3204,3204,3204,3204,23.809524536132813,20,23.809524536132813,20,0,0,0,0,4.802733421325684,8589934592,2147483648,5820465152,433127424
209,1771995459235,3204,3204,3204,3204,3204,3204,3204,3204,35,55,33.333335876464844,23.809524536132813,4.761904716491699,0,0,4.761904716491699,4.898902893066406,8589934592,2147483648,5819596800,433127424
205,1771995459445,3204,3204,3204,3204,3204,3204,3204,3204,28.571430206298828,23.809524536132813,19.047618865966797,19.047618865966797,0,0,0,0,4.898902893066406,8589934592,2147483648,5822676992,433127424
207,1771995459650,3204,3204,3204,3204,3204,3204,3204,3204,35,19.047618865966797,25,19.047618865966797,0,0,0,0,4.898902893066406,8589934592,2147483648,5832294400,433127424
208,1771995459859,3204,3204,3204,3204,3204,3204,3204,3204,33.333335876464844,28.571430206298828,19.047618865966797,25,0,4.545454502105713,0,0,4.898902893066406,8589934592,2147483648,5819645952,433127424
206,1771995460068,3204,3204,3204,3204,3204,3204,3204,3204,28.571430206298828,25,19.047618865966797,25,13.636363983154297,5,4.761904716491699,4.761904716491699,4.898902893066406,8589934592,2147483648,5811535872,433127424
200,1771995460275,3204,3204,3204,3204,3204,3204,3204,3204,15.000000953674316,23.809524536132813,15.000000953674316,27.272727966308594,0,0,4.761904716491699,0,4.560129165649414,8589934592,2147483648,5811535872,433127424
206,1771995460476,3204,3204,3204,3204,3204,3204,3204,3204,30.000001907348633,25,20,15.789472579956055,5,5,0,0,4.560129165649414,8589934592,2147483648,5811535872,433127424
200,1771995460683,3204,3204,3204,3204,3204,3204,3204,3204,20,23.809524536132813,19.047618865966797,14.285715103149414,4.761904716491699,4.761904716491699,4.761904716491699,4.761904716491699,4.560129165649414,8589934592,2147483648,5811535872,433127424
209,1771995460884,3204,3204,3204,3204,3204,3204,3204,3204,28.571430206298828,30.000001907348633,25,23.809524536132813,14.285715103149414,9.523809432983398,5,0,4.560129165649414,8589934592,2147483648,5833932800,433127424
200,1771995461094,3204,3204,3204,3204,3204,3204,3204,3204,28.571430206298828,35,28.571430206298828,20,0,0,0,0,4.560129165649414,8589934592,2147483648,5823971328,433127424
205,1771995461295,3204,3204,3204,3204,3204,3204,3204,3204,31.57894515991211,30.000001907348633,25,15.000000953674316,5,5,4.761904716491699,0,4.619790077209473,8589934592,2147483648,5823971328,433127424
200,1771995461501,3204,3204,3204,3204,3204,3204,3204,3204,23.809524536132813,18.18181800842285,10,28.571430206298828,5,10,0,4.761904716491699,4.619790077209473,8589934592,2147483648,5823971328,433127424
208,1771995461702,3204,3204,3204,3204,3204,3204,3204,3204,25,21.052631378173828,19.047618865966797,25,0,0,0,0,4.619790077209473,8589934592,2147483648,5823971328,433127424
204,1771995461912,3204,3204,3204,3204,3204,3204,3204,3204,28.571430206298828,20,20,28.571430206298828,0,0,4.761904716491699,0,4.619790077209473,8589934592,2147483648,5831262208,433127424
207,1771995462116,3204,3204,3204,3204,3204,3204,3204,3204,28.571430206298828,19.047618865966797,20,10.526315689086914,13.636363983154297,5,0,4.761904716491699,4.619790077209473,8589934592,2147483648,5845123072,433127424
208,1771995462325,3204,3204,3204,3204,3204,3204,3204,3204,20,23.809524536132813,36.3636360168457,18.18181800842285,0,0,0,0,4.694268703460693,8589934592,2147483648,5831852032,433127424
206,1771995462534,3204,3204,3204,3204,3204,3204,3204,3204,33.333335876464844,23.809524536132813,20,15.000000953674316,0,0,0,0,4.694268703460693,8589934592,2147483648,5836931072,433127424
209,1771995462741,3204,3204,3204,3204,3204,3204,3204,3204,25,38.095237731933594,28.571430206298828,19.047618865966797,0,4.761904716491699,4.761904716491699,0,4.694268703460693,8589934592,2147483648,5816516608,433127424
203,1771995462951,3204,3204,3204,3204,3204,3204,3204,3204,23.809524536132813,15.000000953674316,33.333335876464844,14.285715103149414,5,9.523809432983398,0,4.761904716491699,4.694268703460693,8589934592,2147483648,5815468032,433127424
200,1771995463155,3204,3204,3204,3204,3204,3204,3204,3204,19.047618865966797,23.809524536132813,20,30.000001907348633,4.761904716491699,0,0,0,4.694268703460693,8589934592,2147483648,5810012160,433127424
209,1771995463356,3204,3204,3204,3204,3204,3204,3204,3204,30.000001907348633,15.789472579956055,20,10,0,5,5,5,4.777878284454346,8589934592,2147483648,5838438400,433127424
201,1771995463566,3204,3204,3204,3204,3204,3204,3204,3204,21.052631378173828,28.571430206298828,27.272727966308594,23.809524536132813,14.285715103149414,14.285715103149414,0,0,4.777878284454346,8589934592,2147483648,5839224832,433127424
206,1771995463768,3204,3204,3204,3204,3204,3204,3204,3204,36.3636360168457,20,20,20,5,4.761904716491699,5,0,4.777878284454346,8589934592,2147483648,5839208448,433127424
209,1771995463975,3204,3204,3204,3204,3204,3204,3204,3204,35,19.047618865966797,21.052631378173828,14.285715103149414,0,0,0,0,4.777878284454346,8589934592,2147483648,5826199552,433127424
206,1771995464185,3204,3204,3204,3204,3204,3204,3204,3204,23.809524536132813,23.809524536132813,27.272727966308594,20,8.69565200805664,0,0,0,4.560032844543457,8589934592,2147483648,5827543040,433127424
208,1771995464392,3204,3204,3204,3204,3204,3204,3204,3204,38.095237731933594,19.047618865966797,20,18.18181800842285,0,0,0,0,4.560032844543457,8589934592,2147483648,5832474624,433127424
206,1771995464600,3204,3204,3204,3204,3204,3204,3204,3204,33.333335876464844,20,22.72727394104004,20,4.761904716491699,4.761904716491699,4.761904716491699,4.761904716491699,4.560032844543457,8589934592,2147483648,5810044928,433127424
199,1771995464807,3204,3204,3204,3204,3204,3204,3204,3204,35,19.047618865966797,20,14.285715103149414,0,0,0,0,4.560032844543457,8589934592,2147483648,5798412288,433127424
200,1771995465007,3204,3204,3204,3204,3204,3204,3204,3204,30.000001907348633,25,36.842105865478516,20,5.263157844543457,9.523809432983398,0,0,4.560032844543457,8589934592,2147483648,5813092352,433127424
205,1771995465208,3204,3204,3204,3204,3204,3204,3204,3204,21.052631378173828,15.789472579956055,28.571430206298828,20,10,5,9.523809432983398,9.090909004211426,4.60608434677124,8589934592,2147483648,5793300480,433127424
209,1771995465414,3204,3204,3204,3204,3204,3204,3204,3204,27.272727966308594,27.272727966308594,21.052631378173828,14.285715103149414,4.761904716491699,0,4.545454502105713,0,4.60608434677124,8589934592,2147483648,5810683904,433127424
208,1771995465624,3204,3204,3204,3204,3204,3204,3204,3204,15.000000953674316,15.000000953674316,36.3636360168457,15.000000953674316,15.000000953674316,5,5,4.761904716491699,4.60608434677124,8589934592,2147483648,5825167360,433127424
199,1771995465833,3204,3204,3204,3204,3204,3204,3204,3204,25,28.571430206298828,25,19.047618865966797,4.545454502105713,4.545454502105713,0,4.545454502105713,4.60608434677124,8589934592,2147483648,5826494464,433127424
209,1771995466033,3204,3204,3204,3204,3204,3204,3204,3204,25,21.052631378173828,30.000001907348633,20,0,5,0,0,4.60608434677124,8589934592,2147483648,5828640768,433127424
209,1771995466243,3204,3204,3204,3204,3204,3204,3204,3204,31.81818199157715,19.047618865966797,28.571430206298828,14.285715103149414,0,0,0,0,4.5348968505859375,8589934592,2147483648,5842649088,433127424
209,1771995466453,3204,3204,3204,3204,3204,3204,3204,3204,19.047618865966797,23.809524536132813,14.285715103149414,9.523809432983398,18.18181800842285,19.047618865966797,9.523809432983398,4.761904716491699,4.5348968505859375,8589934592,2147483648,5848940544,433127424
203,1771995466663,3204,3204,3204,3204,3204,3204,3204,3204,23.809524536132813,23.809524536132813,19.047618865966797,23.809524536132813,5,4.761904716491699,4.761904716491699,4.761904716491699,4.5348968505859375,8589934592,2147483648,5845057536,433127424
201,1771995466866,3204,3204,3204,3204,3204,3204,3204,3204,26.3157901763916,35,25,20,0,0,4.761904716491699,4.761904716491699,4.5348968505859375,8589934592,2147483648,5844303872,433127424
204,1771995467068,3204,3204,3204,3204,3204,3204,3204,3204,20,20,25,20,4.761904716491699,4.761904716491699,0,0,4.5348968505859375,8589934592,2147483648,5833261056,433127424
209,1771995467274,3204,3204,3204,3204,3204,3204,3204,3204,28.571430206298828,23.809524536132813,31.81818199157715,20,14.285715103149414,9.090909004211426,0,0,4.511696815490723,8589934592,2147483648,5801623552,433127424
200,1771995467484,3204,3204,3204,3204,3204,3204,3204,3204,23.809524536132813,23.809524536132813,33.333335876464844,19.047618865966797,0,0,4.545454502105713,4.545454502105713,4.511696815490723,8589934592,2147483648,5798608896,433127424
209,1771995467685,3204,3204,3204,3204,3204,3204,3204,3204,20,20,15.789472579956055,30.000001907348633,4.761904716491699,4.761904716491699,0,0,4.511696815490723,8589934592,2147483648,5796249600,433127424
205,1771995467895,3204,3204,3204,3204,3204,3204,3204,3204,23.809524536132813,23.809524536132813,19.047618865966797,22.72727394104004,0,0,0,0,4.511696815490723,8589934592,2147483648,5795512320,433127424
200,1771995468101,3204,3204,3204,3204,3204,3204,3204,3204,20,25,35,15.000000953674316,0,0,0,0,4.511696815490723,8589934592,2147483648,5809291264,433127424
205,1771995468301,3204,3204,3204,3204,3204,3204,3204,3204,30.000001907348633,30.000001907348633,33.333335876464844,25,28.571430206298828,26.3157901763916,30.000001907348633,20,4.5723700523376465,8589934592,2147483648,5797724160,433127424
209,1771995468507,3204,3204,3204,3204,3204,3204,3204,3204,25,23.809524536132813,15.000000953674316,14.285715103149414,14.285715103149414,13.636363983154297,4.545454502105713,0,4.5723700523376465,8589934592,2147483648,5784371200,433127424
207,1771995468718,3204,3204,3204,3204,3204,3204,3204,3204,27.272727966308594,23.809524536132813,31.81818199157715,10,5,5,0,0,4.5723700523376465,8589934592,2147483648,5782929408,433127424
206,1771995468925,3204,3204,3204,3204,3204,3204,3204,3204,21.052631378173828,20,26.3157901763916,18.18181800842285,0,0,0,0,4.5723700523376465,8589934592,2147483648,5783666688,433127424
201,1771995469133,3204,3204,3204,3204,3204,3204,3204,3204,33.333335876464844,28.571430206298828,28.571430206298828,15.000000953674316,0,0,0,0,4.5723700523376465,8589934592,2147483648,5782437888,433127424
209,1771995469334,3204,3204,3204,3204,3204,3204,3204,3204,23.809524536132813,20,21.052631378173828,20,10,5,0,0,4.608514785766602,8589934592,2147483648,5792677888,433127424
209,1771995469544,3204,3204,3204,3204,3204,3204,3204,3204,30.000001907348633,33.333335876464844,19.047618865966797,25,14.285715103149414,9.523809432983398,9.523809432983398,9.523809432983398,4.608514785766602,8589934592,2147483648,5792677888,433127424
207,1771995469755,3204,3204,3204,3204,3204,3204,3204,3204,22.72727394104004,14.285715103149414,14.285715103149414,27.272727966308594,9.090909004211426,4.761904716491699,0,0,4.608514785766602,8589934592,2147483648,5792677888,433127424
202,1771995469963,3204,3204,3204,3204,3204,3204,3204,3204,15.789472579956055,25,22.72727394104004,28.571430206298828,0,0,4.545454502105713,4.545454502105713,4.608514785766602,8589934592,2147483648,5792677888,433127424
201,1771995470166,3204,3204,3204,3204,3204,3204,3204,3204,40.90909194946289,40,30.000001907348633,26.3157901763916,20,19.047618865966797,15.789472579956055,15.000000953674316,4.621598720550537,8589934592,2147483648,5782126592,433127424
199,1771995470368,3204,3204,3204,3204,3204,3204,3204,3204,21.052631378173828,28.571430206298828,15.789472579956055,19.047618865966797,4.761904716491699,5,4.761904716491699,0,4.621598720550537,8589934592,2147483648,5782077440,433127424
205,1771995470568,3204,3204,3204,3204,3204,3204,3204,3204,33.333335876464844,31.57894515991211,28.571430206298828,20,10.526315689086914,10,10,14.285715103149414,4.621598720550537,8589934592,2147483648,5795905536,433127424
205,1771995470774,3204,3204,3204,3204,3204,3204,3204,3204,20,23.809524536132813,25,14.285715103149414,4.761904716491699,4.761904716491699,0,0,4.621598720550537,8589934592,2147483648,5782814720,433127424
201,1771995470981,3204,3204,3204,3204,3204,3204,3204,3204,23.809524536132813,25,28.571430206298828,15.000000953674316,4.761904716491699,0,0,0,4.621598720550537,8589934592,2147483648,5782388736,433127424
199,1771995471184,3204,3204,3204,3204,3204,3204,3204,3204,20,20,30.000001907348633,19.047618865966797,5,4.761904716491699,4.761904716491699,5,5.066446304321289,8589934592,2147483648,5784158208,433127424
202,1771995471383,3204,3204,3204,3204,3204,3204,3204,3204,26.3157901763916,23.809524536132813,30.000001907348633,22.22222328186035,5,0,5,0,5.066446304321289,8589934592,2147483648,5782323200,433127424
203,1771995471587,3204,3204,3204,3204,3204,3204,3204,3204,33.333335876464844,21.052631378173828,15.000000953674316,18.18181800842285,19.047618865966797,23.809524536132813,9.523809432983398,5,5.066446304321289,8589934592,2147483648,5799084032,433127424
203,1771995471791,3204,3204,3204,3204,3204,3204,3204,3204,30.000001907348633,23.809524536132813,20,15.789472579956055,0,0,0,4.761904716491699,5.066446304321289,8589934592,2147483648,5785206784,433127424
205,1771995471995,3204,3204,3204,3204,3204,3204,3204,3204,25,33.333335876464844,23.809524536132813,23.809524536132813,5,4.761904716491699,4.761904716491699,0,5.066446304321289,8589934592,2147483648,5785731072,433127424
209,1771995472201,3204,3204,3204,3204,3204,3204,3204,3204,30.000001907348633,21.052631378173828,15.000000953674316,10,0,0,0,0,5.043785095214844,8589934592,2147483648,5787615232,433127424
204,1771995472411,3204,3204,3204,3204,3204,3204,3204,3204,18.18181800842285,31.81818199157715,19.047618865966797,19.047618865966797,4.761904716491699,0,0,0,5.043785095214844,8589934592,2147483648,5825462272,433127424
201,1771995472616,3204,3204,3204,3204,3204,3204,3204,3204,25,30.000001907348633,23.809524536132813,20,4.761904716491699,0,0,0,5.043785095214844,8589934592,2147483648,5841928192,433127424
202,1771995472818,3204,3204,3204,3204,3204,3204,3204,3204,26.3157901763916,28.571430206298828,20,19.047618865966797,5.263157844543457,9.523809432983398,4.761904716491699,5,5.043785095214844,8589934592,2147483648,5842698240,433127424
209,1771995473021,3204,3204,3204,3204,3204,3204,3204,3204,33.333335876464844,20,15.789472579956055,20,4.761904716491699,0,0,4.761904716491699,5.043785095214844,8589934592,2147483648,5827444736,433127424
202,1771995473231,3204,3204,3204,3204,3204,3204,3204,3204,28.571430206298828,25,23.809524536132813,23.809524536132813,0,8.69565200805664,4.761904716491699,0,4.682956218719482,8589934592,2147483648,5828067328,433127424
206,1771995473434,3204,3204,3204,3204,3204,3204,3204,3204,19.047618865966797,19.047618865966797,28.571430206298828,15.789472579956055,0,0,0,0,4.682956218719482,8589934592,2147483648,5841879040,433127424
209,1771995473641,3204,3204,3204,3204,3204,3204,3204,3204,20,25,19.047618865966797,18.18181800842285,14.285715103149414,20,4.761904716491699,0,4.682956218719482,8589934592,2147483648,5850857472,433127424
208,1771995473852,3204,3204,3204,3204,3204,3204,3204,3204,19.047618865966797,19.047618865966797,33.333335876464844,15.000000953674316,4.545454502105713,0,0,0,4.682956218719482,8589934592,2147483648,5850857472,433127424
206,1771995474061,3204,3204,3204,3204,3204,3204,3204,3204,20,23.809524536132813,28.571430206298828,18.18181800842285,0,0,0,0,4.682956218719482,8589934592,2147483648,5850857472,433127424
202,1771995474268,3204,3204,3204,3204,3204,3204,3204,3204,27.272727966308594,25,20,20,0,4.761904716491699,4.761904716491699,4.761904716491699,4.798833847045898,8589934592,2147483648,5825363968,433127424
203,1771995474471,3204,3204,3204,3204,3204,3204,3204,3204,21.052631378173828,20,25,19.047618865966797,0,0,0,0,4.798833847045898,8589934592,2147483648,5824774144,433127424
209,1771995474675,3204,3204,3204,3204,3204,3204,3204,3204,35,28.571430206298828,23.809524536132813,20,0,0,0,0,4.798833847045898,8589934592,2147483648,5826527232,433127424
204,1771995474885,3204,3204,3204,3204,3204,3204,3204,3204,28.571430206298828,14.285715103149414,15.000000953674316,9.523809432983398,9.090909004211426,4.761904716491699,4.761904716491699,4.761904716491699,4.798833847045898,8589934592,2147483648,5841223680,433127424
201,1771995475089,3204,3204,3204,3204,3204,3204,3204,3204,33.333335876464844,26.3157901763916,20,15.000000953674316,0,0,0,0,4.798833847045898,8589934592,2147483648,5824790528,433127424
209,1771995475291,3204,3204,3204,3204,3204,3204,3204,3204,30.000001907348633,27.272727966308594,28.571430206298828,23.809524536132813,0,0,0,0,4.608298301696777,8589934592,2147483648,5839962112,433127424
208,1771995475501,3204,3204,3204,3204,3204,3204,3204,3204,19.047618865966797,19.047618865966797,23.809524536132813,25,4.761904716491699,9.090909004211426,0,0,4.608298301696777,8589934592,2147483648,5822332928,433127424
209,1771995475709,3204,3204,3204,3204,3204,3204,3204,3204,33.333335876464844,20,14.285715103149414,14.285715103149414,14.285715103149414,10,4.761904716491699,9.090909004211426,4.608298301696777,8589934592,2147483648,5849710592,433127424
207,1771995475920,3204,3204,3204,3204,3204,3204,3204,3204,25,20,20,15.000000953674316,4.761904716491699,0,0,0,4.608298301696777,8589934592,2147483648,5823840256,433127424
204,1771995476128,3204,3204,3204,3204,3204,3204,3204,3204,33.333335876464844,27.272727966308594,22.72727394104004,23.809524536132813,0,0,0,0,4.608298301696777,8589934592,2147483648,5827133440,433127424
209,1771995476333,3204,3204,3204,3204,3204,3204,3204,3204,28.571430206298828,15.789472579956055,20,14.285715103149414,0,0,0,0,4.573184967041016,8589934592,2147483648,5826904064,433127424
207,1771995476543,3204,3204,3204,3204,3204,3204,3204,3204,20,18.18181800842285,19.047618865966797,9.523809432983398,14.285715103149414,4.761904716491699,9.523809432983398,0,4.573184967041016,8589934592,2147483648,5846319104,433127424
199,1771995476751,3204,3204,3204,3204,3204,3204,3204,3204,28.571430206298828,23.809524536132813,25,15.000000953674316,13.636363983154297,13.636363983154297,5,5,4.573184967041016,8589934592,2147483648,5831147520,433127424
206,1771995476952,3204,3204,3204,3204,3204,3204,3204,3204,21.052631378173828,21.052631378173828,30.000001907348633,23.809524536132813,5.263157844543457,5.263157844543457,9.523809432983398,5,4.573184967041016,8589934592,2147483648,5830852608,433127424
209,1771995477158,3204,3204,3204,3204,3204,3204,3204,3204,28.571430206298828,28.571430206298828,23.809524536132813,19.047618865966797,10,5,5,4.761904716491699,4.573184967041016,8589934592,2147483648,5832638464,433127424
205,1771995477368,3204,3204,3204,3204,3204,3204,3204,3204,28.571430206298828,28.571430206298828,19.047618865966797,19.047618865966797,9.090909004211426,9.090909004211426,4.761904716491699,4.761904716491699,4.572275161743164,8589934592,2147483648,5831688192,433127424
207,1771995477574,3204,3204,3204,3204,3204,3204,3204,3204,33.333335876464844,20,19.047618865966797,15.789472579956055,4.761904716491699,0,4.545454502105713,0,4.572275161743164,8589934592,2147483648,5825757184,433127424
201,1771995477783,3204,3204,3204,3204,3204,3204,3204,3204,30.000001907348633,33.333335876464844,30.000001907348633,23.809524536132813,4.761904716491699,4.761904716491699,4.761904716491699,4.761904716491699,4.572275161743164,8589934592,2147483648,5818433536,433127424
205,1771995477985,3204,3204,3204,3204,3204,3204,3204,3204,30.000001907348633,20,25,19.047618865966797,5,10,0,0,4.572275161743164,8589934592,2147483648,5795741696,433127424
201,1771995478190,3204,3204,3204,3204,3204,3204,3204,3204,23.809524536132813,30.000001907348633,20,25,0,4.761904716491699,0,4.761904716491699,4.571158409118652,8589934592,2147483648,5798313984,433127424
209,1771995478392,3204,3204,3204,3204,3204,3204,3204,3204,26.3157901763916,20,20,30.000001907348633,4.761904716491699,0,0,0,4.571158409118652,8589934592,2147483648,5796331520,433127424
209,1771995478602,3204,3204,3204,3204,3204,3204,3204,3204,28.571430206298828,28.571430206298828,23.809524536132813,14.285715103149414,23.809524536132813,10,4.761904716491699,0,4.571158409118652,8589934592,2147483648,5784846336,433127424
209,1771995478813,3204,3204,3204,3204,3204,3204,3204,3204,27.272727966308594,27.272727966308594,19.047618865966797,20,4.761904716491699,4.761904716491699,0,0,4.571158409118652,8589934592,2147483648,5784797184,433127424
209,1771995479022,3204,3204,3204,3204,3204,3204,3204,3204,30.000001907348633,25,27.272727966308594,18.18181800842285,0,0,0,4.545454502105713,4.571158409118652,8589934592,2147483648,5782437888,433127424
199,1771995479233,3204,3204,3204,3204,3204,3204,3204,3204,33.333335876464844,27.272727966308594,15.000000953674316,14.285715103149414,0,0,0,0,4.850485801696777,8589934592,2147483648,5784059904,433127424
201,1771995479433,3204,3204,3204,3204,3204,3204,3204,3204,33.333335876464844,21.052631378173828,15.789472579956055,25,5,4.761904716491699,4.761904716491699,0,4.850485801696777,8589934592,2147483648,5783044096,433127424
209,1771995479635,3204,3204,3204,3204,3204,3204,3204,3204,25,23.809524536132813,23.809524536132813,20,0,0,0,0,4.850485801696777,8589934592,2147483648,5785157632,433127424
200,1771995479845,3204,3204,3204,3204,3204,3204,3204,3204,25,20,25,19.047618865966797,0,4.545454502105713,0,0,4.850485801696777,8589934592,2147483648,5796462592,433127424
209,1771995480045,3204,3204,3204,3204,3204,3204,3204,3204,25,25,33.333335876464844,25,10.526315689086914,5.263157844543457,5,0,4.850485801696777,8589934592,2147483648,5811896320,433127424
200,1771995480255,3204,3204,3204,3204,3204,3204,3204,3204,28.571430206298828,27.272727966308594,23.809524536132813,23.809524536132813,8.69565200805664,0,0,0,4.740397930145264,8589934592,2147483648,5792038912,433127424
209,1771995480457,3204,3204,3204,3204,3204,3204,3204,3204,35,21.052631378173828,30.000001907348633,15.000000953674316,0,0,0,0,4.740397930145264,8589934592,2147483648,5789122560,433127424
203,1771995480667,3204,3204,3204,3204,3204,3204,3204,3204,42.85714340209961,28.571430206298828,28.571430206298828,28.571430206298828,23.809524536132813,19.047618865966797,19.047618865966797,19.047618865966797,4.740397930145264,8589934592,2147483648,5792448512,433127424
200,1771995480870,3204,3204,3204,3204,3204,3204,3204,3204,20,10,19.047618865966797,5,0,4.761904716491699,0,0,4.740397930145264,8589934592,2147483648,5803786240,433127424
209,1771995481071,3204,3204,3204,3204,3204,3204,3204,3204,35,20,21.052631378173828,15.000000953674316,4.761904716491699,5,4.761904716491699,0,4.740397930145264,8589934592,2147483648,5804834816,433127424
205,1771995481281,3204,3204,3204,3204,3204,3204,3204,3204,23.809524536132813,23.809524536132813,36.3636360168457,19.047618865966797,0,0,4.761904716491699,4.545454502105713,4.607609748840332,8589934592,2147483648,5793431552,433127424
207,1771995481487,3204,3204,3204,3204,3204,3204,3204,3204,25,15.000000953674316,30.000001907348633,14.285715103149414,4.761904716491699,9.523809432983398,0,4.761904716491699,4.607609748840332,8589934592,2147483648,5804933120,433127424
205,1771995481695,3204,3204,3204,3204,3204,3204,3204,3204,23.809524536132813,23.809524536132813,14.285715103149414,25,4.761904716491699,0,5,0,4.607609748840332,8589934592,2147483648,5811879936,433127424
205,1771995481902,3204,3204,3204,3204,3204,3204,3204,3204,25,19.047618865966797,20,20,0,0,4.761904716491699,4.761904716491699,4.607609748840332,8589934592,2147483648,5811879936,433127424
209,1771995482108,3204,3204,3204,3204,3204,3204,3204,3204,20,23.809524536132813,20,30.000001907348633,0,0,0,0,4.607609748840332,8589934592,2147483648,5811879936,433127424
199,1771995482318,3204,3204,3204,3204,3204,3204,3204,3204,26.086956024169922,28.571430206298828,22.72727394104004,27.272727966308594,9.523809432983398,4.761904716491699,0,0,4.497189521789551,8589934592,2147483648,5811879936,433127424
206,1771995482518,3204,3204,3204,3204,3204,3204,3204,3204,22.22222328186035,26.3157901763916,15.789472579956055,20,0,0,0,0,4.497189521789551,8589934592,2147483648,5790711808,433127424
206,1771995482725,3204,3204,3204,3204,3204,3204,3204,3204,33.333335876464844,23.809524536132813,15.000000953674316,15.000000953674316,4.545454502105713,0,0,0,4.497189521789551,8589934592,2147483648,5784928256,433127424
208,1771995482932,3204,3204,3204,3204,3204,3204,3204,3204,28.571430206298828,25,19.047618865966797,28.571430206298828,0,0,4.761904716491699,4.545454502105713,4.497189521789551,8589934592,2147483648,5784518656,433127424
209,1771995483140,3204,3204,3204,3204,3204,3204,3204,3204,20,23.809524536132813,18.18181800842285,28.571430206298828,13.636363983154297,13.636363983154297,5,5,4.497189521789551,8589934592,2147483648,5784518656,433127424
207,1771995483350,3204,3204,3204,3204,3204,3204,3204,3204,28.571430206298828,33.333335876464844,15.000000953674316,14.285715103149414,9.523809432983398,5,4.761904716491699,4.761904716491699,4.86504602432251,8589934592,2147483648,5784518656,433127424
209,1771995483558,3204,3204,3204,3204,3204,3204,3204,3204,27.272727966308594,20,20,10,9.523809432983398,22.72727394104004,0,0,4.86504602432251,8589934592,2147483648,5785124864,433127424
209,1771995483768,3204,3204,3204,3204,3204,3204,3204,3204,33.333335876464844,27.272727966308594,18.18181800842285,22.72727394104004,5.263157844543457,5,4.761904716491699,4.761904716491699,4.86504602432251,8589934592,2147483648,5785960448,433127424
208,1771995483978,3204,3204,3204,3204,3204,3204,3204,3204,38.095237731933594,20,20,19.047618865966797,8.69565200805664,4.761904716491699,0,0,4.86504602432251,8589934592,2147483648,5783830528,433127424
203,1771995484187,3204,3204,3204,3204,3204,3204,3204,3204,26.3157901763916,28.571430206298828,19.047618865966797,19.047618865966797,0,0,0,0,4.560705184936523,8589934592,2147483648,5783830528,433127424
209,1771995484390,3204,3204,3204,3204,3204,3204,3204,3204,27.272727966308594,25,20,20,10,10,9.523809432983398,5,4.560705184936523,8589934592,2147483648,5783830528,433127424
200,1771995484601,3204,3204,3204,3204,3204,3204,3204,3204,15.000000953674316,27.272727966308594,19.047618865966797,23.809524536132813,0,0,0,0,4.560705184936523,8589934592,2147483648,5782224896,433127424
206,1771995484802,3204,3204,3204,3204,3204,3204,3204,3204,25,25,25,20,0,0,0,0,4.560705184936523,8589934592,2147483648,5784616960,433127424
209,1771995485008,3204,3204,3204,3204,3204,3204,3204,3204,28.571430206298828,21.052631378173828,19.047618865966797,10,5,4.761904716491699,0,0,4.560705184936523,8589934592,2147483648,5784469504,433127424
203,1771995485218,3204,3204,3204,3204,3204,3204,3204,3204,33.333335876464844,27.272727966308594,28.571430206298828,20,4.545454502105713,0,0,0,4.510803699493408,8589934592,2147483648,5799804928,433127424
207,1771995485422,3204,3204,3204,3204,3204,3204,3204,3204,30.000001907348633,25,20,23.809524536132813,5,5,9.090909004211426,4.761904716491699,4.510803699493408,8589934592,2147483648,5803737088,433127424
209,1771995485629,3204,3204,3204,3204,3204,3204,3204,3204,28.571430206298828,20,20,28.571430206298828,4.761904716491699,4.761904716491699,4.761904716491699,0,4.510803699493408,8589934592,2147483648,5792071680,433127424
208,1771995485839,3204,3204,3204,3204,3204,3204,3204,3204,21.052631378173828,19.047618865966797,27.272727966308594,15.000000953674316,4.761904716491699,4.761904716491699,0,0,4.510803699493408,8589934592,2147483648,5793087488,433127424
208,1771995486047,3204,3204,3204,3204,3204,3204,3204,3204,23.809524536132813,20,30.000001907348633,18.18181800842285,0,0,4.545454502105713,4.545454502105713,4.510803699493408,8589934592,2147483648,5791645696,433127424
201,1771995486256,3204,3204,3204,3204,3204,3204,3204,3204,31.81818199157715,27.272727966308594,27.272727966308594,25,0,0,0,0,4.790975093841553,8589934592,2147483648,5794103296,433127424
207,1771995486458,3204,3204,3204,3204,3204,3204,3204,3204,30.000001907348633,25,20,20,14.285715103149414,4.761904716491699,0,0,4.790975093841553,8589934592,2147483648,5801787392,433127424
202,1771995486666,3204,3204,3204,3204,3204,3204,3204,3204,15.000000953674316,9.523809432983398,14.285715103149414,9.523809432983398,14.285715103149414,14.285715103149414,4.761904716491699,0,4.790975093841553,8589934592,2147483648,5822971904,433127424
200,1771995486868,3204,3204,3204,3204,3204,3204,3204,3204,23.809524536132813,20,25,30.000001907348633,0,0,0,0,4.790975093841553,8589934592,2147483648,5798969344,433127424
209,1771995487069,3204,3204,3204,3204,3204,3204,3204,3204,21.052631378173828,21.052631378173828,15.789472579956055,19.047618865966797,0,0,0,5,4.790975093841553,8589934592,2147483648,5826215936,433127424
205,1771995487279,3204,3204,3204,3204,3204,3204,3204,3204,28.571430206298828,31.81818199157715,19.047618865966797,20,4.761904716491699,4.761904716491699,4.761904716491699,0,4.670070171356201,8589934592,2147483648,5826215936,433127424
201,1771995487485,3204,3204,3204,3204,3204,3204,3204,3204,19.047618865966797,25,19.047618865966797,25,0,0,0,0,4.670070171356201,8589934592,2147483648,5826215936,433127424
202,1771995487686,3204,3204,3204,3204,3204,3204,3204,3204,20,30.000001907348633,21.052631378173828,23.809524536132813,4.761904716491699,4.761904716491699,0,4.761904716491699,4.670070171356201,8589934592,2147483648,5838045184,433127424
209,1771995487889,3204,3204,3204,3204,3204,3204,3204,3204,25,25,19.047618865966797,25,0,0,0,0,4.670070171356201,8589934592,2147483648,5853265920,433127424
207,1771995488099,3204,3204,3204,3204,3204,3204,3204,3204,20,19.047618865966797,19.047618865966797,31.81818199157715,0,0,0,0,4.670070171356201,8589934592,2147483648,5838848000,433127424
207,1771995488306,3204,3204,3204,3204,3204,3204,3204,3204,33.333335876464844,28.571430206298828,23.809524536132813,25,4.761904716491699,4.761904716491699,4.761904716491699,0,4.62144136428833,8589934592,2147483648,5831016448,433127424
206,1771995488515,3204,3204,3204,3204,3204,3204,3204,3204,19.047618865966797,25,15.789472579956055,14.285715103149414,4.761904716491699,4.761904716491699,0,4.761904716491699,4.62144136428833,8589934592,2147483648,5844598784,433127424
202,1771995488722,3204,3204,3204,3204,3204,3204,3204,3204,23.809524536132813,28.571430206298828,22.72727394104004,20,14.285715103149414,25,13.636363983154297,4.761904716491699,4.62144136428833,8589934592,2147483648,5830672384,433127424
208,1771995488925,3204,3204,3204,3204,3204,3204,3204,3204,20,25,10.526315689086914,19.047618865966797,4.761904716491699,4.761904716491699,0,4.761904716491699,4.62144136428833,8589934592,2147483648,5836554240,433127424
209,1771995489134,3204,3204,3204,3204,3204,3204,3204,3204,33.333335876464844,38.095237731933594,47.826087951660156,20,0,0,0,0,4.62144136428833,8589934592,2147483648,5835325440,433127424
207,1771995489343,3204,3204,3204,3204,3204,3204,3204,3204,30.000001907348633,20,25,38.095237731933594,0,0,4.545454502105713,0,4.572592258453369,8589934592,2147483648,5838471168,433127424
200,1771995489551,3204,3204,3204,3204,3204,3204,3204,3204,19.047618865966797,23.809524536132813,14.285715103149414,19.047618865966797,4.761904716491699,4.761904716491699,0,4.545454502105713,4.572592258453369,8589934592,2147483648,5838471168,433127424
209,1771995489753,3204,3204,3204,3204,3204,3204,3204,3204,30.000001907348633,20,21.052631378173828,21.052631378173828,9.523809432983398,5,5,0,4.572592258453369,8589934592,2147483648,5843320832,433127424
209,1771995489963,3204,3204,3204,3204,3204,3204,3204,3204,28.571430206298828,28.571430206298828,14.285715103149414,18.18181800842285,0,0,0,0,4.572592258453369,8589934592,2147483648,5819973632,433127424
201,1771995490173,3204,3204,3204,3204,3204,3204,3204,3204,23.809524536132813,31.81818199157715,18.18181800842285,15.000000953674316,4.545454502105713,0,0,0,4.573298454284668,8589934592,2147483648,5808603136,433127424
207,1771995490375,3204,3204,3204,3204,3204,3204,3204,3204,20,21.052631378173828,21.052631378173828,33.333335876464844,0,4.761904716491699,0,4.761904716491699,4.573298454284668,8589934592,2147483648,5805916160,433127424
207,1771995490583,3204,3204,3204,3204,3204,3204,3204,3204,28.571430206298828,19.047618865966797,18.18181800842285,20,0,0,4.761904716491699,0,4.573298454284668,8589934592,2147483648,5805899776,433127424
209,1771995490791,3204,3204,3204,3204,3204,3204,3204,3204,20,30.000001907348633,20,20,19.047618865966797,13.636363983154297,0,0,4.573298454284668,8589934592,2147483648,5804359680,433127424
209,1771995491001,3204,3204,3204,3204,3204,3204,3204,3204,28.571430206298828,27.272727966308594,20,18.18181800842285,4.545454502105713,0,4.545454502105713,4.545454502105713,4.573298454284668,8589934592,2147483648,5793153024,433127424
206,1771995491211,3204,3204,3204,3204,3204,3204,3204,3204,23.809524536132813,28.571430206298828,22.72727394104004,19.047618865966797,0,4.761904716491699,0,0,4.6461181640625,8589934592,2147483648,5792563200,433127424
204,1771995491418,3204,3204,3204,3204,3204,3204,3204,3204,23.809524536132813,23.809524536132813,15.000000953674316,23.809524536132813,9.523809432983398,5,4.761904716491699,4.761904716491699,4.6461181640625,8589934592,2147483648,5792612352,433127424
209,1771995491622,3204,3204,3204,3204,3204,3204,3204,3204,20,15.789472579956055,20,25,14.285715103149414,5,14.285715103149414,4.761904716491699,4.6461181640625,8589934592,2147483648,5794938880,433127424
201,1771995491832,3204,3204,3204,3204,3204,3204,3204,3204,28.571430206298828,23.809524536132813,18.18181800842285,14.285715103149414,0,4.545454502105713,0,0,4.6461181640625,8589934592,2147483648,5828345856,433127424
205,1771995492035,3204,3204,3204,3204,3204,3204,3204,3204,33.333335876464844,23.809524536132813,20,20,5,0,0,0,4.6461181640625,8589934592,2147483648,5800099840,433127424
209,1771995492241,3204,3204,3204,3204,3204,3204,3204,3204,26.3157901763916,25,25,15.000000953674316,0,9.523809432983398,4.761904716491699,4.545454502105713,4.693968772888184,8589934592,2147483648,5853462528,433127424
209,1771995492451,3204,3204,3204,3204,3204,3204,3204,3204,27.272727966308594,23.809524536132813,23.809524536132813,18.18181800842285,0,0,0,0,4.693968772888184,8589934592,2147483648,5843533824,433127424
209,1771995492661,3204,3204,3204,3204,3204,3204,3204,3204,28.571430206298828,20,33.333335876464844,19.047618865966797,13.636363983154297,4.761904716491699,4.545454502105713,0,4.693968772888184,8589934592,2147483648,5837504512,433127424
209,1771995492871,3204,3204,3204,3204,3204,3204,3204,3204,25,31.81818199157715,23.809524536132813,20,4.761904716491699,4.761904716491699,0,4.545454502105713,4.693968772888184,8589934592,2147483648,5849776128,433127424
209,1771995493081,3204,3204,3204,3204,3204,3204,3204,3204,28.571430206298828,19.047618865966797,15.000000953674316,19.047618865966797,4.761904716491699,0,4.761904716491699,0,4.693968772888184,8589934592,2147483648,5839290368,433127424
209,1771995493291,3204,3204,3204,3204,3204,3204,3204,3204,33.333335876464844,23.809524536132813,19.047618865966797,23.809524536132813,5,9.090909004211426,4.761904716491699,4.761904716491699,4.533985614776611,8589934592,2147483648,5854019584,433127424
203,1771995493502,3204,3204,3204,3204,3204,3204,3204,3204,19.047618865966797,25,31.81818199157715,15.000000953674316,0,4.545454502105713,0,0,4.533985614776611,8589934592,2147483648,5854593024,433127424
209,1771995493706,3204,3204,3204,3204,3204,3204,3204,3204,30.000001907348633,20,15.000000953674316,19.047618865966797,14.285715103149414,0,5,19.047618865966797,4.533985614776611,8589934592,2147483648,5835964416,433127424
201,1771995493916,3204,3204,3204,3204,3204,3204,3204,3204,28.571430206298828,31.81818199157715,23.809524536132813,19.047618865966797,4.761904716491699,4.761904716491699,0,4.761904716491699,4.533985614776611,8589934592,2147483648,5837307904,433127424
200,1771995494118,3204,3204,3204,3204,3204,3204,3204,3204,23.809524536132813,15.000000953674316,10.526315689086914,25,0,0,0,0,4.533985614776611,8589934592,2147483648,5838028800,433127424
209,1771995494319,3204,3204,3204,3204,3204,3204,3204,3204,30.000001907348633,31.57894515991211,19.047618865966797,20,0,0,0,0,4.546474933624268,8589934592,2147483648,5838733312,433127424
207,1771995494530,3204,3204,3204,3204,3204,3204,3204,3204,65,54.54545593261719,50,50,4.545454502105713,0,0,0,4.546474933624268,8589934592,2147483648,5855576064,433127424
203,1771995494737,3204,3204,3204,3204,3204,3204,3204,3204,52.38095474243164,45,45,45,0,5,4.761904716491699,4.761904716491699,4.546474933624268,8589934592,2147483648,5858574336,433127424
208,1771995494941,3204,3204,3204,3204,3204,3204,3204,3204,60.000003814697266,50,45,40,25,14.285715103149414,0,0,4.546474933624268,8589934592,2147483648,5864882176,433127424
208,1771995495149,3204,3204,3204,3204,3204,3204,3204,3204,47.619049072265625,45.45454788208008,52.38095474243164,47.619049072265625,9.090909004211426,4.545454502105713,0,0,4.546474933624268,8589934592,2147483648,5854773248,433127424
207,1771995495358,3204,3204,3204,3204,3204,3204,3204,3204,60.000003814697266,68.42105102539063,61.904762268066406,66.66667175292969,0,0,4.761904716491699,0,4.6464128494262695,8589934592,2147483648,5858590720,433127424
202,1771995495567,3204,3204,3204,3204,3204,3204,3204,3204,57.142860412597656,63.6363639831543,60.000003814697266,52.38095474243164,0,0,0,0,4.6464128494262695,8589934592,2147483648,5871370240,433127424
208,1771995495770,3204,3204,3204,3204,3204,3204,3204,3204,45,45,42.85714340209961,40,15.000000953674316,5,9.090909004211426,4.761904716491699,4.6464128494262695,8589934592,2147483648,5857689600,433127424
206,1771995495982,3204,3204,3204,3204,3204,3204,3204,3204,54.54545593261719,45.45454788208008,52.38095474243164,52.38095474243164,0,0,0,0,4.6464128494262695,8589934592,2147483648,5871828992,433127424
209,1771995496190,3204,3204,3204,3204,3204,3204,3204,3204,47.619049072265625,50,35,45.45454788208008,0,9.090909004211426,0,0,4.606242656707764,8589934592,2147483648,5865979904,433127424
200,1771995496399,3204,3204,3204,3204,3204,3204,3204,3204,60.000003814697266,71.42857360839844,77.2727279663086,61.904762268066406,0,0,0,0,4.606242656707764,8589934592,2147483648,5862899712,433127424
208,1771995496601,3204,3204,3204,3204,3204,3204,3204,3204,60.000003814697266,65,63.15789031982422,55.55555725097656,4.761904716491699,5,0,0,4.606242656707764,8589934592,2147483648,5879070720,433127424
209,1771995496810,3204,3204,3204,3204,3204,3204,3204,3204,42.85714340209961,33.333335876464844,45.45454788208008,50,4.761904716491699,9.523809432983398,4.761904716491699,4.545454502105713,4.606242656707764,8589934592,2147483648,5857443840,433127424
203,1771995497021,3204,3204,3204,3204,3204,3204,3204,3204,47.619049072265625,47.619049072265625,50,52.38095474243164,0,0,0,0,4.606242656707764,8589934592,2147483648,5832130560,433127424
208,1771995497226,3204,3204,3204,3204,3204,3204,3204,3204,47.619049072265625,47.619049072265625,35,35,10,0,0,0,5.214704513549805,8589934592,2147483648,5834735616,433127424
203,1771995497435,3204,3204,3204,3204,3204,3204,3204,3204,70,57.894737243652344,66.66667175292969,61.904762268066406,0,0,0,0,5.214704513549805,8589934592,2147483648,5826019328,433127424
201,1771995497640,3204,3204,3204,3204,3204,3204,3204,3204,42.85714340209961,45.45454788208008,42.85714340209961,40,0,0,0,0,5.214704513549805,8589934592,2147483648,5826445312,433127424
206,1771995497842,3204,3204,3204,3204,3204,3204,3204,3204,60.000003814697266,52.6315803527832,57.142860412597656,50,0,4.761904716491699,0,0,5.214704513549805,8589934592,2147483648,5826445312,433127424
206,1771995498051,3204,3204,3204,3204,3204,3204,3204,3204,50,40,36.842105865478516,40.90909194946289,9.090909004211426,0,4.545454502105713,0,5.214704513549805,8589934592,2147483648,5821726720,433127424
207,1771995498258,3204,3204,3204,3204,3204,3204,3204,3204,54.54545593261719,50,45.45454788208008,45,0,0,0,4.545454502105713,5.2377142906188965,8589934592,2147483648,5822038016,433127424
200,1771995498467,3204,3204,3204,3204,3204,3204,3204,3204,61.904762268066406,61.904762268066406,65,61.904762268066406,4.761904716491699,4.761904716491699,4.761904716491699,0,5.2377142906188965,8589934592,2147483648,5822038016,433127424
209,1771995498668,3204,3204,3204,3204,3204,3204,3204,3204,52.6315803527832,42.105262756347656,40,40,15.000000953674316,19.047618865966797,15.000000953674316,5,5.2377142906188965,8589934592,2147483648,5822038016,433127424
206,1771995498878,3204,3204,3204,3204,3204,3204,3204,3204,55,42.85714340209961,54.54545593261719,47.619049072265625,0,0,0,0,5.2377142906188965,8589934592,2147483648,5822038016,433127424
199,1771995499085,3204,3204,3204,3204,3204,3204,3204,3204,42.85714340209961,45,50,38.095237731933594,9.090909004211426,4.761904716491699,4.761904716491699,4.761904716491699,5.2377142906188965,8589934592,2147483648,5811355648,433127424
209,1771995499286,3204,3204,3204,3204,3204,3204,3204,3204,60.000003814697266,52.38095474243164,63.15789031982422,47.36842346191406,10,5,0,5,5.141943454742432,8589934592,2147483648,5818253312,433127424
202,1771995499496,3204,3204,3204,3204,3204,3204,3204,3204,57.142860412597656,57.142860412597656,59.09090805053711,63.6363639831543,4.761904716491699,0,4.545454502105713,0,5.141943454742432,8589934592,2147483648,5808685056,433127424
198,1771995499701,3204,3204,3204,3204,3204,3204,3204,3204,42.85714340209961,52.38095474243164,35,30.000001907348633,0,0,0,0,5.141943454742432,8589934592,2147483648,5809111040,433127424
200,1771995499900,3204,3204,3204,3204,3204,3204,3204,3204,60.000003814697266,60.000003814697266,60.000003814697266,55,5,4.761904716491699,5,5,5.141943454742432,8589934592,2147483648,5811142656,433127424
203,1771995500102,3204,3204,3204,3204,3204,3204,3204,3204,45,45,45,42.105262756347656,0,5,0,0,5.141943454742432,8589934592,2147483648,5809864704,433127424
209,1771995500306,3204,3204,3204,3204,3204,3204,3204,3204,55,55,47.619049072265625,52.38095474243164,4.761904716491699,4.761904716491699,0,0,5.044928550720215,8589934592,2147483648,5809012736,433127424
201,1771995500516,3204,3204,3204,3204,3204,3204,3204,3204,57.142860412597656,60.000003814697266,61.904762268066406,55,4.761904716491699,4.761904716491699,4.545454502105713,4.545454502105713,5.044928550720215,8589934592,2147483648,5810241536,433127424
203,1771995500718,3204,3204,3204,3204,3204,3204,3204,3204,50,47.619049072265625,40,35,5.263157844543457,10,5,0,5.044928550720215,8589934592,2147483648,5810618368,433127424
206,1771995500923,3204,3204,3204,3204,3204,3204,3204,3204,55,60.000003814697266,50,47.619049072265625,4.761904716491699,0,0,9.090909004211426,5.044928550720215,8589934592,2147483648,5813747712,433127424
200,1771995501130,3204,3204,3204,3204,3204,3204,3204,3204,47.619049072265625,55,42.85714340209961,40.90909194946289,0,4.761904716491699,4.761904716491699,0,5.044928550720215,8589934592,2147483648,5811273728,433127424
200,1771995501331,3204,3204,3204,3204,3204,3204,3204,3204,57.894737243652344,50,63.15789031982422,55,4.761904716491699,0,0,5,5.286750793457031,8589934592,2147483648,5810700288,433127424
209,1771995501533,3204,3204,3204,3204,3204,3204,3204,3204,52.38095474243164,57.142860412597656,57.142860412597656,57.894737243652344,10,5,5.263157844543457,0,5.286750793457031,8589934592,2147483648,5811191808,433127424
208,1771995501742,3204,3204,3204,3204,3204,3204,3204,3204,20,23.809524536132813,15.000000953674316,9.523809432983398,9.523809432983398,14.285715103149414,9.090909004211426,0,5.286750793457031,8589934592,2147483648,5819351040,433127424
209,1771995501952,3204,3204,3204,3204,3204,3204,3204,3204,38.095237731933594,35,33.333335876464844,27.272727966308594,0,4.545454502105713,0,4.545454502105713,5.286750793457031,8589934592,2147483648,5806768128,433127424
200,1771995502161,3204,3204,3204,3204,3204,3204,3204,3204,27.272727966308594,20,22.72727394104004,25,4.545454502105713,0,0,0,5.286750793457031,8589934592,2147483648,5820203008,433127424
205,1771995502363,3204,3204,3204,3204,3204,3204,3204,3204,36.842105865478516,38.095237731933594,21.052631378173828,52.38095474243164,0,0,5,0,5.202733039855957,8589934592,2147483648,5804654592,433127424
201,1771995502568,3204,3204,3204,3204,3204,3204,3204,3204,40,28.571430206298828,25,31.57894515991211,5,5,0,0,5.202733039855957,8589934592,2147483648,5819121664,433127424
209,1771995502770,3204,3204,3204,3204,3204,3204,3204,3204,25,20,20,19.047618865966797,33.333335876464844,28.571430206298828,0,71.42857360839844,5.202733039855957,8589934592,2147483648,5803753472,433127424
203,1771995502980,3204,3204,3204,3204,3204,3204,3204,3204,27.272727966308594,25,23.809524536132813,15.000000953674316,95.23809814453125,0,0,5,5.202733039855957,8589934592,2147483648,5803753472,433127424
209,1771995503184,3204,3204,3204,3204,3204,3204,3204,3204,23.809524536132813,15.000000953674316,23.809524536132813,19.047618865966797,35,0,0,0,5.11649227142334,8589934592,2147483648,5803393024,433127424
208,1771995503394,3204,3204,3204,3204,3204,3204,3204,3204,20,19.047618865966797,23.809524536132813,9.523809432983398,71.42857360839844,4.545454502105713,23.809524536132813,0,5.11649227142334,8589934592,2147483648,5804113920,433127424
205,1771995503603,3204,3204,3204,3204,3204,3204,3204,3204,23.809524536132813,22.72727394104004,25,15.000000953674316,23.809524536132813,10,71.42857360839844,22.72727394104004,5.11649227142334,8589934592,2147483648,5813764096,433127424
208,1771995503809,3204,3204,3204,3204,3204,3204,3204,3204,25,14.285715103149414,20,14.285715103149414,25,0,5,0,5.11649227142334,8589934592,2147483648,5804457984,433127424
200,1771995504018,3204,3204,3204,3204,3204,3204,3204,3204,23.809524536132813,20,31.81818199157715,19.047618865966797,47.619049072265625,0,52.38095474243164,0,5.11649227142334,8589934592,2147483648,5804736512,433127424
203,1771995504219,3204,3204,3204,3204,3204,3204,3204,3204,25,15.000000953674316,10.526315689086914,15.000000953674316,0,0,100,0,4.875810146331787,8589934592,2147483648,5803950080,433127424
204,1771995504423,3204,3204,3204,3204,3204,3204,3204,3204,28.571430206298828,20,23.809524536132813,10,35,4.761904716491699,19.047618865966797,0,4.875810146331787,8589934592,2147483648,5804654592,433127424
208,1771995504628,3204,3204,3204,3204,3204,3204,3204,3204,20,20,19.047618865966797,25,23.809524536132813,85,0,0,4.875810146331787,8589934592,2147483648,5821595648,433127424
204,1771995504836,3204,3204,3204,3204,3204,3204,3204,3204,15.000000953674316,19.047618865966797,19.047618865966797,19.047618865966797,70,47.619049072265625,0,0,4.875810146331787,8589934592,2147483648,5821595648,433127424
207,1771995505041,3204,3204,3204,3204,3204,3204,3204,3204,25,19.047618865966797,15.789472579956055,25,30.000001907348633,47.619049072265625,23.809524536132813,4.761904716491699,4.875810146331787,8589934592,2147483648,5821595648,433127424
209,1771995505249,3204,3204,3204,3204,3204,3204,3204,3204,19.047618865966797,25,19.047618865966797,18.18181800842285,0,100,0,0,7.088658332824707,8589934592,2147483648,5814091776,433127424
208,1771995505459,3204,3204,3204,3204,3204,3204,3204,3204,28.571430206298828,28.571430206298828,23.809524536132813,15.000000953674316,42.85714340209961,60.000003814697266,0,4.761904716491699,7.088658332824707,8589934592,2147483648,5802344448,433127424
200,1771995505667,3204,3204,3204,3204,3204,3204,3204,3204,25,25,23.809524536132813,19.047618865966797,4.761904716491699,9.090909004211426,47.619049072265625,0,7.088658332824707,8589934592,2147483648,5811912704,433127424
206,1771995505868,3204,3204,3204,3204,3204,3204,3204,3204,25,25,20,20,35,60.000003814697266,35,25,7.088658332824707,8589934592,2147483648,5813469184,433127424
203,1771995506075,3204,3204,3204,3204,3204,3204,3204,3204,20,28.571430206298828,23.809524536132813,15.000000953674316,4.761904716491699,20,76.19047546386719,4.761904716491699,7.088658332824707,8589934592,2147483648,5803130880,433127424
200,1771995506279,3204,3204,3204,3204,3204,3204,3204,3204,28.571430206298828,25,20,19.047618865966797,0,35,0,0,8.236579895019531,8589934592,2147483648,5801689088,433127424
204,1771995506480,3204,3204,3204,3204,3204,3204,3204,3204,20,28.571430206298828,20,10.526315689086914,0,14.285715103149414,85,0,8.236579895019531,8589934592,2147483648,5802229760,433127424
203,1771995506684,3204,3204,3204,3204,3204,3204,3204,3204,28.571430206298828,15.000000953674316,19.047618865966797,14.285715103149414,61.904762268066406,15.000000953674316,19.047618865966797,0,8.236579895019531,8589934592,2147483648,5803442176,433127424
200,1771995506888,3204,3204,3204,3204,3204,3204,3204,3204,30.000001907348633,30.000001907348633,21.052631378173828,19.047618865966797,47.36842346191406,5,10,5,8.236579895019531,8589934592,2147483648,5803442176,433127424
199,1771995507089,3204,3204,3204,3204,3204,3204,3204,3204,25,25,20,15.000000953674316,85.71428680419922,0,0,0,8.236579895019531,8589934592,2147483648,5803442176,433127424
209,1771995507289,3204,3204,3204,3204,3204,3204,3204,3204,10.526315689086914,20,19.047618865966797,26.3157901763916,52.6315803527832,35,0,0,9.408985137939453,8589934592,2147483648,5806145536,433127424
208,1771995507499,3204,3204,3204,3204,3204,3204,3204,3204,27.272727966308594,23.809524536132813,10.526315689086914,23.809524536132813,0,47.619049072265625,0,0,9.408985137939453,8589934592,2147483648,5807423488,433127424
205,1771995507708,3204,3204,3204,3204,3204,3204,3204,3204,30.000001907348633,15.000000953674316,23.809524536132813,19.047618865966797,19.047618865966797,81.81818389892578,0,0,9.408985137939453,8589934592,2147483648,5807308800,433127424
206,1771995507914,3204,3204,3204,3204,3204,3204,3204,3204,20,23.809524536132813,27.272727966308594,14.285715103149414,28.571430206298828,45,4.761904716491699,23.809524536132813,9.408985137939453,8589934592,2147483648,5805326336,433127424
209,1771995508120,3204,3204,3204,3204,3204,3204,3204,3204,23.809524536132813,25,15.000000953674316,15.000000953674316,0,42.85714340209961,0,0,9.408985137939453,8589934592,2147483648,5805326336,433127424
209,1771995508330,3204,3204,3204,3204,3204,3204,3204,3204,23.809524536132813,19.047618865966797,22.72727394104004,19.047618865966797,0,100,0,0,9.787813186645508,8589934592,2147483648,5799591936,433127424
209,1771995508540,3204,3204,3204,3204,3204,3204,3204,3204,28.571430206298828,23.809524536132813,15.000000953674316,23.809524536132813,9.090909004211426,95,0,0,9.787813186645508,8589934592,2147483648,5817188352,433127424
209,1771995508750,3204,3204,3204,3204,3204,3204,3204,3204,23.809524536132813,23.809524536132813,20,19.047618865966797,42.85714340209961,13.636363983154297,4.761904716491699,5,9.787813186645508,8589934592,2147483648,5808078848,433127424
207,1771995508960,3204,3204,3204,3204,3204,3204,3204,3204,30.000001907348633,23.809524536132813,22.72727394104004,15.000000953674316,60.000003814697266,0,0,0,9.787813186645508,8589934592,2147483648,5795217408,433127424
200,1771995509168,3204,3204,3204,3204,3204,3204,3204,3204,28.571430206298828,30.000001907348633,20,22.72727394104004,38.095237731933594,10,5,4.761904716491699,8.452585220336914,8589934592,2147483648,5782978560,433127424
209,1771995509369,3204,3204,3204,3204,3204,3204,3204,3204,35,33.333335876464844,28.571430206298828,21.052631378173828,55,0,0,0,8.452585220336914,8589934592,2147483648,5805326336,433127424
205,1771995509579,3204,3204,3204,3204,3204,3204,3204,3204,47.619049072265625,50,40,42.85714340209961,57.142860412597656,31.81818199157715,4.761904716491699,0,8.452585220336914,8589934592,2147483648,5792874496,433127424
205,1771995509785,3204,3204,3204,3204,3204,3204,3204,3204,28.571430206298828,23.809524536132813,15.000000953674316,19.047618865966797,75,4.761904716491699,4.761904716491699,0,8.452585220336914,8589934592,2147483648,5785190400,433127424
209,1771995509992,3204,3204,3204,3204,3204,3204,3204,3204,35,25,20,20,42.85714340209961,5,0,4.545454502105713,8.452585220336914,8589934592,2147483648,5779750912,433127424
199,1771995510202,3204,3204,3204,3204,3204,3204,3204,3204,25,20,27.272727966308594,19.047618865966797,50,4.761904716491699,0,0,8.362845420837402,8589934592,2147483648,5779750912,433127424
206,1771995510402,3204,3204,3204,3204,3204,3204,3204,3204,30.000001907348633,20,10.526315689086914,14.285715103149414,90.47618865966797,5,0,0,8.362845420837402,8589934592,2147483648,5756534784,433127424
202,1771995510609,3204,3204,3204,3204,3204,3204,3204,3204,47.619049072265625,45.45454788208008,36.3636360168457,25,25,0,0,4.545454502105713,8.362845420837402,8589934592,2147483648,5758615552,433127424
208,1771995510812,3204,3204,3204,3204,3204,3204,3204,3204,35,31.57894515991211,33.333335876464844,20,23.809524536132813,5,4.761904716491699,0,8.362845420837402,8589934592,2147483648,5779996672,433127424
209,1771995511022,3204,3204,3204,3204,3204,3204,3204,3204,38.095237731933594,31.81818199157715,31.81818199157715,23.809524536132813,25,0,0,19.047618865966797,8.362845420837402,8589934592,2147483648,5779996672,433127424
202,1771995511232,3204,3204,3204,3204,3204,3204,3204,3204,30.000001907348633,30.000001907348633,33.333335876464844,20,28.571430206298828,4.761904716491699,4.761904716491699,0,8.599282264709473,8589934592,2147483648,5779996672,433127424
206,1771995511435,3204,3204,3204,3204,3204,3204,3204,3204,25,21.052631378173828,15.000000953674316,14.285715103149414,70,0,0,5,8.599282264709473,8589934592,2147483648,5816664064,433127424
209,1771995511642,3204,3204,3204,3204,3204,3204,3204,3204,30.000001907348633,27.272727966308594,30.000001907348633,20,85.71428680419922,0,4.761904716491699,0,8.599282264709473,8589934592,2147483648,5816270848,433127424
209,1771995511852,3204,3204,3204,3204,3204,3204,3204,3204,45.45454788208008,31.57894515991211,36.3636360168457,33.333335876464844,30.000001907348633,14.285715103149414,4.761904716491699,9.523809432983398,8.599282264709473,8589934592,2147483648,5867421696,433127424
209,1771995512061,3204,3204,3204,3204,3204,3204,3204,3204,52.38095474243164,45.45454788208008,31.57894515991211,38.095237731933594,19.047618865966797,9.523809432983398,0,0,8.599282264709473,8589934592,2147483648,5839486976,433127424
209,1771995512271,3204,3204,3204,3204,3204,3204,3204,3204,30.000001907348633,28.571430206298828,23.809524536132813,20,5,0,4.545454502105713,4.761904716491699,9.137248039245605,8589934592,2147483648,5831901184,433127424
207,1771995512481,3204,3204,3204,3204,3204,3204,3204,3204,28.571430206298828,25,23.809524536132813,22.72727394104004,40.90909194946289,5,0,0,9.137248039245605,8589934592,2147483648,5833801728,433127424
201,1771995512689,3204,3204,3204,3204,3204,3204,3204,3204,28.571430206298828,33.333335876464844,23.809524536132813,23.809524536132813,4.761904716491699,9.090909004211426,0,0,9.137248039245605,8589934592,2147483648,5836980224,433127424
209,1771995512891,3204,3204,3204,3204,3204,3204,3204,3204,26.3157901763916,30.000001907348633,19.047618865966797,15.789472579956055,0,0,0,0,9.137248039245605,8589934592,2147483648,5837078528,433127424
199,1771995513102,3204,3204,3204,3204,3204,3204,3204,3204,31.81818199157715,28.571430206298828,28.571430206298828,22.72727394104004,0,0,0,0,9.137248039245605,8589934592,2147483648,5812076544,433127424
201,1771995513302,3204,3204,3204,3204,3204,3204,3204,3204,25,20,26.3157901763916,15.000000953674316,5,5,5,9.523809432983398,7.348473072052002,8589934592,2147483648,5805834240,433127424
204,1771995513505,3204,3204,3204,3204,3204,3204,3204,3204,35,30.000001907348633,33.333335876464844,20,0,0,0,0,7.348473072052002,8589934592,2147483648,5802786816,433127424
209,1771995513709,3204,3204,3204,3204,3204,3204,3204,3204,25,33.333335876464844,20,20,19.047618865966797,14.285715103149414,19.047618865966797,0,7.348473072052002,8589934592,2147483648,5821906944,433127424
209,1771995513919,3204,3204,3204,3204,3204,3204,3204,3204,33.333335876464844,25,23.809524536132813,19.047618865966797,4.545454502105713,0,0,4.545454502105713,7.348473072052002,8589934592,2147483648,5806129152,433127424
203,1771995514129,3204,3204,3204,3204,3204,3204,3204,3204,23.809524536132813,33.333335876464844,28.571430206298828,19.047618865966797,0,0,0,0,7.348473072052002,8589934592,2147483648,5821497344,433127424
205,1771995514333,3204,3204,3204,3204,3204,3204,3204,3204,30.000001907348633,25,25,15.000000953674316,4.761904716491699,13.636363983154297,9.523809432983398,0,8.051944732666016,8589934592,2147483648,5821497344,433127424
209,1771995514539,3204,3204,3204,3204,3204,3204,3204,3204,30.000001907348633,23.809524536132813,19.047618865966797,20,5,5,4.761904716491699,4.761904716491699,8.051944732666016,8589934592,2147483648,5801541632,433127424
206,1771995514749,3204,3204,3204,3204,3204,3204,3204,3204,28.571430206298828,27.272727966308594,25,22.72727394104004,4.761904716491699,0,0,0,8.051944732666016,8589934592,2147483648,5817810944,433127424
209,1771995514956,3204,3204,3204,3204,3204,3204,3204,3204,23.809524536132813,35,23.809524536132813,20,4.761904716491699,0,0,0,8.051944732666016,8589934592,2147483648,5817810944,433127424
200,1771995515166,3204,3204,3204,3204,3204,3204,3204,3204,30.000001907348633,30.000001907348633,23.809524536132813,36.3636360168457,0,0,0,0,5.018970966339111,8589934592,2147483648,5817810944,433127424
209,1771995515367,3204,3204,3204,3204,3204,3204,3204,3204,23.809524536132813,23.809524536132813,20,21.052631378173828,0,0,0,0,5.018970966339111,8589934592,2147483648,5817810944,433127424
207,1771995515576,3204,3204,3204,3204,3204,3204,3204,3204,28.571430206298828,28.571430206298828,25,28.571430206298828,4.761904716491699,4.761904716491699,4.761904716491699,4.545454502105713,5.018970966339111,8589934592,2147483648,5833736192,433127424
209,1771995515785,3204,3204,3204,3204,3204,3204,3204,3204,35,23.809524536132813,22.72727394104004,23.809524536132813,0,0,0,0,5.018970966339111,8589934592,2147483648,5834620928,433127424
208,1771995515995,3204,3204,3204,3204,3204,3204,3204,3204,28.571430206298828,33.333335876464844,23.809524536132813,14.285715103149414,13.636363983154297,14.285715103149414,9.523809432983398,9.090909004211426,5.018970966339111,8589934592,2147483648,5834014720,433127424
207,1771995516203,3204,3204,3204,3204,3204,3204,3204,3204,30.000001907348633,21.052631378173828,25,20,0,4.761904716491699,0,0,4.846086502075195,8589934592,2147483648,5819990016,433127424
206,1771995516411,3204,3204,3204,3204,3204,3204,3204,3204,23.809524536132813,22.72727394104004,25,19.047618865966797,13.636363983154297,14.285715103149414,5,5,4.846086502075195,8589934592,2147483648,5821612032,433127424
209,1771995516618,3204,3204,3204,3204,3204,3204,3204,3204,23.809524536132813,25,33.333335876464844,19.047618865966797,0,0,0,0,4.846086502075195,8589934592,2147483648,5804818432,433127424
201,1771995516828,3204,3204,3204,3204,3204,3204,3204,3204,19.047618865966797,19.047618865966797,18.18181800842285,20,9.523809432983398,14.285715103149414,14.285715103149414,5,4.846086502075195,8589934592,2147483648,5806768128,433127424
204,1771995517030,3204,3204,3204,3204,3204,3204,3204,3204,15.000000953674316,10.526315689086914,15.000000953674316,25,9.523809432983398,5,0,4.761904716491699,4.846086502075195,8589934592,2147483648,5808848896,433127424
208,1771995517235,3204,3204,3204,3204,3204,3204,3204,3204,30.000001907348633,28.571430206298828,25,28.571430206298828,0,0,4.761904716491699,0,4.666023254394531,8589934592,2147483648,5798789120,433127424
208,1771995517443,3204,3204,3204,3204,3204,3204,3204,3204,25,19.047618865966797,23.809524536132813,28.571430206298828,4.761904716491699,4.761904716491699,0,0,4.666023254394531,8589934592,2147483648,5798789120,433127424
199,1771995517652,3204,3204,3204,3204,3204,3204,3204,3204,27.272727966308594,28.571430206298828,20,23.809524536132813,0,0,0,0,4.666023254394531,8589934592,2147483648,5797822464,433127424
204,1771995517852,3204,3204,3204,3204,3204,3204,3204,3204,20,21.052631378173828,20,20,0,0,0,4.761904716491699,4.666023254394531,8589934592,2147483648,5810667520,433127424
204,1771995518058,3204,3204,3204,3204,3204,3204,3204,3204,30.000001907348633,22.72727394104004,23.809524536132813,15.000000953674316,4.761904716491699,0,0,0,4.666023254394531,8589934592,2147483648,5790547968,433127424
204,1771995518263,3204,3204,3204,3204,3204,3204,3204,3204,25,20,33.333335876464844,10,0,0,0,0,4.93434476852417,8589934592,2147483648,5791842304,433127424
209,1771995518468,3204,3204,3204,3204,3204,3204,3204,3204,23.809524536132813,20,20,23.809524536132813,0,4.761904716491699,4.761904716491699,0,4.93434476852417,8589934592,2147483648,5817221120,433127424
209,1771995518678,3204,3204,3204,3204,3204,3204,3204,3204,33.333335876464844,23.809524536132813,25,10,38.095237731933594,9.523809432983398,4.545454502105713,4.761904716491699,4.93434476852417,8589934592,2147483648,5848825856,433127424
204,1771995518888,3204,3204,3204,3204,3204,3204,3204,3204,20,20,19.047618865966797,14.285715103149414,4.761904716491699,0,0,0,4.93434476852417,8589934592,2147483648,5832376320,433127424
207,1771995519093,3204,3204,3204,3204,3204,3204,3204,3204,33.333335876464844,31.81818199157715,31.81818199157715,33.333335876464844,0,0,0,0,4.93434476852417,8589934592,2147483648,5831622656,433127424
201,1771995519302,3204,3204,3204,3204,3204,3204,3204,3204,30.000001907348633,30.000001907348633,21.052631378173828,28.571430206298828,0,0,0,0,4.89866828918457,8589934592,2147483648,5834637312,433127424
209,1771995519504,3204,3204,3204,3204,3204,3204,3204,3204,23.809524536132813,25,19.047618865966797,15.000000953674316,4.761904716491699,4.761904716491699,4.761904716491699,0,4.89866828918457,8589934592,2147483648,5834932224,433127424
203,1771995519714,3204,3204,3204,3204,3204,3204,3204,3204,23.809524536132813,35,20,19.047618865966797,0,4.545454502105713,0,0,4.89866828918457,8589934592,2147483648,5822169088,433127424
203,1771995519918,3204,3204,3204,3204,3204,3204,3204,3204,25,33.333335876464844,19.047618865966797,20,0,0,0,0,4.89866828918457,8589934592,2147483648,5800345600,433127424
207,1771995520122,3204,3204,3204,3204,3204,3204,3204,3204,25,23.809524536132813,20,14.285715103149414,0,0,0,4.761904716491699,4.89866828918457,8589934592,2147483648,5814206464,433127424
205,1771995520331,3204,3204,3204,3204,3204,3204,3204,3204,31.81818199157715,20,25,15.000000953674316,4.761904716491699,4.761904716491699,4.761904716491699,0,4.447041988372803,8589934592,2147483648,5825740800,433127424
205,1771995520537,3204,3204,3204,3204,3204,3204,3204,3204,21.052631378173828,23.809524536132813,19.047618865966797,19.047618865966797,5,4.761904716491699,0,4.761904716491699,4.447041988372803,8589934592,2147483648,5828919296,433127424
208,1771995520742,3204,3204,3204,3204,3204,3204,3204,3204,28.571430206298828,25,15.000000953674316,20,14.285715103149414,0,4.761904716491699,0,4.447041988372803,8589934592,2147483648,5830541312,433127424
201,1771995520951,3204,3204,3204,3204,3204,3204,3204,3204,15.000000953674316,23.809524536132813,22.72727394104004,18.18181800842285,9.523809432983398,9.523809432983398,4.761904716491699,4.761904716491699,4.447041988372803,8589934592,2147483648,5828132864,433127424
209,1771995521154,3204,3204,3204,3204,3204,3204,3204,3204,33.333335876464844,35,25,20,9.523809432983398,9.523809432983398,5,5,4.447041988372803,8589934592,2147483648,5832376320,433127424
209,1771995521364,3204,3204,3204,3204,3204,3204,3204,3204,33.333335876464844,23.809524536132813,15.000000953674316,23.809524536132813,0,0,0,0,4.545659065246582,8589934592,2147483648,5832507392,433127424
208,1771995521574,3204,3204,3204,3204,3204,3204,3204,3204,20,28.571430206298828,18.18181800842285,20,0,4.545454502105713,0,4.545454502105713,4.545659065246582,8589934592,2147483648,5832884224,433127424
209,1771995521783,3204,3204,3204,3204,3204,3204,3204,3204,23.809524536132813,28.571430206298828,23.809524536132813,22.72727394104004,4.761904716491699,0,4.761904716491699,0,4.545659065246582,8589934592,2147483648,5832458240,433127424
200,1771995521993,3204,3204,3204,3204,3204,3204,3204,3204,19.047618865966797,15.000000953674316,10,10.526315689086914,10,19.047618865966797,9.523809432983398,4.761904716491699,4.545659065246582,8589934592,2147483648,5850447872,433127424
208,1771995522193,3204,3204,3204,3204,3204,3204,3204,3204,35,28.571430206298828,23.809524536132813,23.809524536132813,0,0,0,0,4.472408771514893,8589934592,2147483648,5851807744,433127424
201,1771995522402,3204,3204,3204,3204,3204,3204,3204,3204,28.571430206298828,20,14.285715103149414,19.047618865966797,4.545454502105713,0,0,0,4.472408771514893,8589934592,2147483648,5838798848,433127424
207,1771995522604,3204,3204,3204,3204,3204,3204,3204,3204,25,23.809524536132813,26.3157901763916,19.047618865966797,4.761904716491699,0,4.761904716491699,5,4.472408771514893,8589934592,2147483648,5835931648,433127424
6,1771995522812,3204,3204,3204,3204,3204,3204,3204,3204,20,21.052631378173828,28.571430206298828,21.052631378173828,4.761904716491699,9.090909004211426,0,9.090909004211426,4.472408771514893,8589934592,2147483648,5848956928,433127424
