Delta,Time,CPU_FREQUENCY_0,CPU_FREQUENCY_1,CPU_FREQUENCY_2,CPU_FREQUENCY_3,CPU_FREQUENCY_4,CPU_FREQUENCY_5,CPU_FREQUENCY_6,CPU_FREQUENCY_7,CPU_USAGE_0,CPU_USAGE_1,CPU_USAGE_2,CPU_USAGE_3,CPU_USAGE_4,CPU_USAGE_5,CPU_USAGE_6,CPU_USAGE_7,SYSTEM_POWER (Watts),TOTAL_MEMORY,TOTAL_SWAP,USED_MEMORY,USED_SWAP
0,1772010565798,3204,3204,3204,3204,3204,3204,3204,3204,100,NaN,0,100,0,0,0,0,5.184051513671875,8589934592,2147483648,6267551744,407961600
208,1772010565798,3204,3204,3204,3204,3204,3204,3204,3204,0,NaN,NaN,0,0,NaN,NaN,0,5.184051513671875,8589934592,2147483648,6268354560,407961600
209,1772010566007,3204,3204,3204,3204,3204,3204,3204,3204,33.333335876464844,27.272727966308594,22.72727394104004,19.047618865966797,20,18.18181800842285,13.636363983154297,0,5.184051513671875,8589934592,2147483648,6270517248,407961600
206,1772010566217,3204,3204,3204,3204,3204,3204,3204,3204,30.000001907348633,15.000000953674316,19.047618865966797,15.000000953674316,35,26.3157901763916,9.523809432983398,13.636363983154297,5.184051513671875,8589934592,2147483648,6270517248,407961600
201,1772010566424,3204,3204,3204,3204,3204,3204,3204,3204,75,76.19047546386719,75,61.904762268066406,38.095237731933594,38.095237731933594,10,14.285715103149414,5.184051513671875,8589934592,2147483648,6287884288,407961600
209,1772010566626,3204,3204,3204,3204,3204,3204,3204,3204,57.142860412597656,50,50,50,35,20,19.047618865966797,15.000000953674316,5.019106388092041,8589934592,2147483648,6324600832,407961600
204,1772010566836,3204,3204,3204,3204,3204,3204,3204,3204,55,57.142860412597656,47.619049072265625,42.85714340209961,19.047618865966797,18.18181800842285,9.523809432983398,5,5.019106388092041,8589934592,2147483648,6346375168,407961600
204,1772010567041,3204,3204,3204,3204,3204,3204,3204,3204,42.85714340209961,50,40,35,4.761904716491699,0,0,4.545454502105713,5.019106388092041,8589934592,2147483648,6366871552,407961600
205,1772010567246,3204,3204,3204,3204,3204,3204,3204,3204,65,60.000003814697266,57.142860412597656,57.142860412597656,20,5,0,0,5.019106388092041,8589934592,2147483648,6385778688,407961600
207,1772010567451,3204,3204,3204,3204,3204,3204,3204,3204,42.85714340209961,38.095237731933594,35,35,5,5,4.761904716491699,4.761904716491699,5.019106388092041,8589934592,2147483648,6375702528,407961600
207,1772010567659,3204,3204,3204,3204,3204,3204,3204,3204,50,40,38.095237731933594,42.85714340209961,0,0,0,0,6.464653968811035,8589934592,2147483648,6358401024,407961600
209,1772010567867,3204,3204,3204,3204,3204,3204,3204,3204,60.000003814697266,66.66667175292969,45,57.142860412597656,9.523809432983398,9.523809432983398,5,4.761904716491699,6.464653968811035,8589934592,2147483648,6330089472,407961600
203,1772010568077,3204,3204,3204,3204,3204,3204,3204,3204,68.18181610107422,75,59.09090805053711,65,4.761904716491699,4.545454502105713,0,0,6.464653968811035,8589934592,2147483648,6313459712,407961600
207,1772010568281,3204,3204,3204,3204,3204,3204,3204,3204,57.894737243652344,57.142860412597656,52.6315803527832,50,5,0,5,5,6.464653968811035,8589934592,2147483648,6287949824,407961600
207,1772010568489,3204,3204,3204,3204,3204,3204,3204,3204,77.2727279663086,70,71.42857360839844,80.95238494873047,28.571430206298828,33.333335876464844,13.636363983154297,14.285715103149414,6.464653968811035,8589934592,2147483648,6242500608,407961600
207,1772010568697,3204,3204,3204,3204,3204,3204,3204,3204,90,86.36363983154297,90.47618865966797,85.71428680419922,9.523809432983398,4.761904716491699,4.761904716491699,5,6.520529747009277,8589934592,2147483648,6240976896,407961600
209,1772010568905,3204,3204,3204,3204,3204,3204,3204,3204,100,100,95.23809814453125,95.23809814453125,10,14.285715103149414,9.523809432983398,9.523809432983398,6.520529747009277,8589934592,2147483648,6196756480,407961600
209,1772010569115,3204,3204,3204,3204,3204,3204,3204,3204,86.9565200805664,86.36363983154297,85.71428680419922,100,13.636363983154297,0,0,0,6.520529747009277,8589934592,2147483648,6192365568,407961600
207,1772010569325,3204,3204,3204,3204,3204,3204,3204,3204,78.94737243652344,75,80,76.19047546386719,0,4.545454502105713,20,9.090909004211426,6.520529747009277,8589934592,2147483648,6179684352,407961600
209,1772010569532,3204,3204,3204,3204,3204,3204,3204,3204,60.000003814697266,61.904762268066406,72.7272720336914,71.42857360839844,9.523809432983398,5,18.18181800842285,4.761904716491699,6.520529747009277,8589934592,2147483648,6183960576,407961600
203,1772010569742,3204,3204,3204,3204,3204,3204,3204,3204,81.81818389892578,68.18181610107422,85,80.95238494873047,0,4.761904716491699,0,4.761904716491699,6.679797649383545,8589934592,2147483648,6181634048,407961600
209,1772010569946,3204,3204,3204,3204,3204,3204,3204,3204,80,77.77777862548828,80.95238494873047,80,5,0,4.761904716491699,0,6.679797649383545,8589934592,2147483648,6175997952,407961600
209,1772010570155,3204,3204,3204,3204,3204,3204,3204,3204,90.90909576416016,95.45454406738281,95,90.90909576416016,4.761904716491699,4.545454502105713,0,0,6.679797649383545,8589934592,2147483648,6168641536,407961600
206,1772010570365,3204,3204,3204,3204,3204,3204,3204,3204,85,85.71428680419922,80.95238494873047,85,57.142860412597656,28.571430206298828,19.047618865966797,10,6.679797649383545,8589934592,2147483648,6137217024,407961600
204,1772010570572,3204,3204,3204,3204,3204,3204,3204,3204,100,100,100,95.23809814453125,33.333335876464844,19.047618865966797,18.18181800842285,4.761904716491699,6.904456615447998,8589934592,2147483648,6112526336,407961600
204,1772010570776,3204,3204,3204,3204,3204,3204,3204,3204,57.142860412597656,55,47.619049072265625,40,23.809524536132813,10.526315689086914,5.263157844543457,9.523809432983398,6.904456615447998,8589934592,2147483648,6101893120,407961600
209,1772010570982,3204,3204,3204,3204,3204,3204,3204,3204,36.842105865478516,42.85714340209961,47.619049072265625,71.42857360839844,28.571430206298828,4.761904716491699,0,0,6.904456615447998,8589934592,2147483648,6108037120,407961600
203,1772010571192,3204,3204,3204,3204,3204,3204,3204,3204,52.38095474243164,57.142860412597656,66.66667175292969,55,0,0,4.761904716491699,0,6.904456615447998,8589934592,2147483648,6103220224,407961600
202,1772010571395,3204,3204,3204,3204,3204,3204,3204,3204,47.619049072265625,45,75,42.85714340209961,4.761904716491699,9.090909004211426,0,0,6.904456615447998,8589934592,2147483648,6108053504,407961600
209,1772010571598,3204,3204,3204,3204,3204,3204,3204,3204,50,52.38095474243164,50,50,57.894737243652344,5.263157844543457,5,4.761904716491699,7.1807050704956055,8589934592,2147483648,6104399872,407961600
208,1772010571807,3204,3204,3204,3204,3204,3204,3204,3204,57.142860412597656,55,42.85714340209961,57.142860412597656,9.523809432983398,4.545454502105713,4.761904716491699,0,7.1807050704956055,8589934592,2147483648,6101630976,407961600
200,1772010572016,3204,3204,3204,3204,3204,3204,3204,3204,42.85714340209961,52.38095474243164,47.619049072265625,66.66667175292969,0,4.761904716491699,0,4.761904716491699,7.1807050704956055,8589934592,2147483648,6106054656,407961600
201,1772010572217,3204,3204,3204,3204,3204,3204,3204,3204,36.842105865478516,52.38095474243164,50,21.052631378173828,5,0,0,0,7.1807050704956055,8589934592,2147483648,6105432064,407961600
204,1772010572418,3204,3204,3204,3204,3204,3204,3204,3204,42.85714340209961,42.105262756347656,55,52.38095474243164,14.285715103149414,10.526315689086914,10,5.263157844543457,7.1807050704956055,8589934592,2147483648,6105202688,407961600
202,1772010572622,3204,3204,3204,3204,3204,3204,3204,3204,63.15789031982422,50,50,52.38095474243164,30.000001907348633,20,25,9.523809432983398,6.48565149307251,8589934592,2147483648,6115016704,407961600
200,1772010572825,3204,3204,3204,3204,3204,3204,3204,3204,42.85714340209961,40,40,60.000003814697266,20,19.047618865966797,4.761904716491699,0,6.48565149307251,8589934592,2147483648,6105300992,407961600
209,1772010573026,3204,3204,3204,3204,3204,3204,3204,3204,50,45,57.142860412597656,30.000001907348633,0,0,0,0,6.48565149307251,8589934592,2147483648,6106726400,407961600
207,1772010573236,3204,3204,3204,3204,3204,3204,3204,3204,40,50,30.000001907348633,45,4.761904716491699,4.761904716491699,0,4.761904716491699,6.48565149307251,8589934592,2147483648,6106726400,407961600
206,1772010573444,3204,3204,3204,3204,3204,3204,3204,3204,54.54545593261719,50,55,55,0,0,4.545454502105713,0,6.48565149307251,8589934592,2147483648,6106726400,407961600
201,1772010573651,3204,3204,3204,3204,3204,3204,3204,3204,65,80.95238494873047,68.18181610107422,68.18181610107422,0,4.761904716491699,0,0,6.0913801193237305,8589934592,2147483648,6094028800,407961600
208,1772010573853,3204,3204,3204,3204,3204,3204,3204,3204,52.6315803527832,50,65,65,5,5,0,4.761904716491699,6.0913801193237305,8589934592,2147483648,6094323712,407961600
209,1772010574062,3204,3204,3204,3204,3204,3204,3204,3204,52.38095474243164,45,45,60.000003814697266,9.090909004211426,0,4.761904716491699,0,6.0913801193237305,8589934592,2147483648,6101876736,407961600
207,1772010574272,3204,3204,3204,3204,3204,3204,3204,3204,31.81818199157715,36.3636360168457,47.619049072265625,50,40,0,4.761904716491699,0,6.0913801193237305,8589934592,2147483648,6098534400,407961600
205,1772010574479,3204,3204,3204,3204,3204,3204,3204,3204,40,40,52.38095474243164,45,0,0,0,4.545454502105713,6.0913801193237305,8589934592,2147483648,6098534400,407961600
209,1772010574685,3204,3204,3204,3204,3204,3204,3204,3204,52.38095474243164,50,57.142860412597656,57.142860412597656,20,4.761904716491699,0,0,5.997591972351074,8589934592,2147483648,6097485824,407961600
204,1772010574895,3204,3204,3204,3204,3204,3204,3204,3204,52.38095474243164,57.142860412597656,76.19047546386719,55,47.619049072265625,14.285715103149414,13.636363983154297,4.761904716491699,5.997591972351074,8589934592,2147483648,6090457088,407961600
209,1772010575100,3204,3204,3204,3204,3204,3204,3204,3204,38.095237731933594,47.619049072265625,55,63.6363639831543,23.809524536132813,0,40,4.545454502105713,5.997591972351074,8589934592,2147483648,6093012992,407961600
203,1772010575310,3204,3204,3204,3204,3204,3204,3204,3204,45,42.85714340209961,42.85714340209961,47.619049072265625,13.636363983154297,4.761904716491699,4.761904716491699,0,5.997591972351074,8589934592,2147483648,6094110720,407961600
202,1772010575514,3204,3204,3204,3204,3204,3204,3204,3204,40,50,52.38095474243164,60.000003814697266,0,9.523809432983398,4.761904716491699,4.761904716491699,5.997591972351074,8589934592,2147483648,6094110720,407961600
209,1772010575717,3204,3204,3204,3204,3204,3204,3204,3204,50,42.85714340209961,47.36842346191406,45,4.761904716491699,0,0,0,5.927979946136475,8589934592,2147483648,6094913536,407961600
209,1772010575927,3204,3204,3204,3204,3204,3204,3204,3204,50,45,57.142860412597656,20,5,10.526315689086914,4.761904716491699,19.047618865966797,5.927979946136475,8589934592,2147483648,6096044032,407961600
206,1772010576137,3204,3204,3204,3204,3204,3204,3204,3204,42.85714340209961,38.095237731933594,50,47.619049072265625,50,4.545454502105713,0,0,5.927979946136475,8589934592,2147483648,6098173952,407961600
209,1772010576345,3204,3204,3204,3204,3204,3204,3204,3204,40,57.142860412597656,35,45.45454788208008,0,0,0,0,5.927979946136475,8589934592,2147483648,6093078528,407961600
209,1772010576555,3204,3204,3204,3204,3204,3204,3204,3204,38.095237731933594,42.85714340209961,65,33.333335876464844,4.761904716491699,9.090909004211426,4.761904716491699,0,6.8524980545043945,8589934592,2147483648,6093078528,407961600
209,1772010576764,3204,3204,3204,3204,3204,3204,3204,3204,45,38.095237731933594,36.3636360168457,55,0,0,0,0,6.8524980545043945,8589934592,2147483648,6097649664,407961600
202,1772010576974,3204,3204,3204,3204,3204,3204,3204,3204,50,38.095237731933594,57.142860412597656,66.66667175292969,30.000001907348633,9.523809432983398,4.761904716491699,4.545454502105713,6.8524980545043945,8589934592,2147483648,6088949760,407961600
209,1772010577176,3204,3204,3204,3204,3204,3204,3204,3204,61.904762268066406,45,40,42.85714340209961,14.285715103149414,10,4.761904716491699,0,6.8524980545043945,8589934592,2147483648,6081413120,407961600
202,1772010577386,3204,3204,3204,3204,3204,3204,3204,3204,31.57894515991211,42.85714340209961,59.09090805053711,25,5,4.761904716491699,5,5,6.8524980545043945,8589934592,2147483648,6077726720,407961600
209,1772010577589,3204,3204,3204,3204,3204,3204,3204,3204,47.619049072265625,42.85714340209961,47.36842346191406,61.904762268066406,4.761904716491699,5,0,4.761904716491699,5.783843517303467,8589934592,2147483648,6082592768,407961600
209,1772010577799,3204,3204,3204,3204,3204,3204,3204,3204,42.85714340209961,25,52.38095474243164,52.38095474243164,4.761904716491699,0,8.69565200805664,0,5.783843517303467,8589934592,2147483648,6081331200,407961600
201,1772010578009,3204,3204,3204,3204,3204,3204,3204,3204,38.095237731933594,30.000001907348633,47.619049072265625,42.85714340209961,0,0,0,0,5.783843517303467,8589934592,2147483648,6081036288,407961600
209,1772010578211,3204,3204,3204,3204,3204,3204,3204,3204,35,33.333335876464844,60.000003814697266,50,0,0,0,0,5.783843517303467,8589934592,2147483648,6076792832,407961600
202,1772010578421,3204,3204,3204,3204,3204,3204,3204,3204,57.142860412597656,47.619049072265625,35,36.842105865478516,0,4.545454502105713,0,4.761904716491699,5.783843517303467,8589934592,2147483648,6077890560,407961600
209,1772010578624,3204,3204,3204,3204,3204,3204,3204,3204,65,47.36842346191406,68.18181610107422,47.619049072265625,0,0,0,0,5.914463520050049,8589934592,2147483648,6080987136,407961600
200,1772010578834,3204,3204,3204,3204,3204,3204,3204,3204,47.619049072265625,45.45454788208008,45,31.81818199157715,0,0,0,0,5.914463520050049,8589934592,2147483648,6074482688,407961600
209,1772010579035,3204,3204,3204,3204,3204,3204,3204,3204,35,57.894737243652344,55,36.842105865478516,10,0,0,0,5.914463520050049,8589934592,2147483648,6082838528,407961600
204,1772010579245,3204,3204,3204,3204,3204,3204,3204,3204,57.142860412597656,45.45454788208008,33.333335876464844,47.619049072265625,23.809524536132813,27.272727966308594,9.523809432983398,0,5.914463520050049,8589934592,2147483648,6082838528,407961600
204,1772010579450,3204,3204,3204,3204,3204,3204,3204,3204,42.85714340209961,30.000001907348633,55,42.85714340209961,0,0,0,0,5.914463520050049,8589934592,2147483648,6082838528,407961600
209,1772010579655,3204,3204,3204,3204,3204,3204,3204,3204,45,47.619049072265625,50,40,9.090909004211426,5,4.761904716491699,4.761904716491699,5.404987335205078,8589934592,2147483648,6082838528,407961600
201,1772010579865,3204,3204,3204,3204,3204,3204,3204,3204,61.904762268066406,35,30.000001907348633,33.333335876464844,0,0,0,0,5.404987335205078,8589934592,2147483648,6073090048,407961600
206,1772010580067,3204,3204,3204,3204,3204,3204,3204,3204,25,33.333335876464844,30.000001907348633,30.000001907348633,4.761904716491699,5,5,5,5.404987335205078,8589934592,2147483648,6074908672,407961600
200,1772010580274,3204,3204,3204,3204,3204,3204,3204,3204,25,25,20,19.047618865966797,0,0,0,0,5.404987335205078,8589934592,2147483648,6073286656,407961600
203,1772010580475,3204,3204,3204,3204,3204,3204,3204,3204,33.333335876464844,25,20,15.000000953674316,15.000000953674316,14.285715103149414,5.263157844543457,10,5.404987335205078,8589934592,2147483648,6073171968,407961600
205,1772010580679,3204,3204,3204,3204,3204,3204,3204,3204,35,35,28.571430206298828,25,20,15.000000953674316,14.285715103149414,9.523809432983398,5.584042072296143,8589934592,2147483648,6072942592,407961600
209,1772010580885,3204,3204,3204,3204,3204,3204,3204,3204,15.789472579956055,20,20,10,14.285715103149414,15.000000953674316,0,0,5.584042072296143,8589934592,2147483648,6076317696,407961600
205,1772010581095,3204,3204,3204,3204,3204,3204,3204,3204,27.272727966308594,27.272727966308594,23.809524536132813,18.18181800842285,4.761904716491699,13.636363983154297,0,0,5.584042072296143,8589934592,2147483648,6076006400,407961600
209,1772010581301,3204,3204,3204,3204,3204,3204,3204,3204,31.57894515991211,21.052631378173828,30.000001907348633,25,25,5.263157844543457,4.761904716491699,9.523809432983398,5.584042072296143,8589934592,2147483648,6076006400,407961600
209,1772010581511,3204,3204,3204,3204,3204,3204,3204,3204,31.81818199157715,19.047618865966797,19.047618865966797,10,9.523809432983398,14.285715103149414,4.761904716491699,4.761904716491699,5.584042072296143,8589934592,2147483648,6076006400,407961600
209,1772010581721,3204,3204,3204,3204,3204,3204,3204,3204,25,28.571430206298828,23.809524536132813,22.72727394104004,4.545454502105713,4.545454502105713,0,0,5.1648173332214355,8589934592,2147483648,6076006400,407961600
208,1772010581930,3204,3204,3204,3204,3204,3204,3204,3204,28.571430206298828,22.72727394104004,19.047618865966797,14.285715103149414,5,5,4.761904716491699,4.761904716491699,5.1648173332214355,8589934592,2147483648,6074400768,407961600
200,1772010582139,3204,3204,3204,3204,3204,3204,3204,3204,23.809524536132813,25,15.000000953674316,20,0,0,0,0,5.1648173332214355,8589934592,2147483648,6074630144,407961600
207,1772010582339,3204,3204,3204,3204,3204,3204,3204,3204,21.052631378173828,20,23.809524536132813,15.000000953674316,5,9.523809432983398,4.761904716491699,4.761904716491699,5.1648173332214355,8589934592,2147483648,6074122240,407961600
203,1772010582547,3204,3204,3204,3204,3204,3204,3204,3204,23.809524536132813,15.000000953674316,20,18.18181800842285,5,5,5,5,5.1648173332214355,8589934592,2147483648,6074122240,407961600
207,1772010582751,3204,3204,3204,3204,3204,3204,3204,3204,23.809524536132813,23.809524536132813,19.047618865966797,20,4.761904716491699,4.761904716491699,0,0,5.320091724395752,8589934592,2147483648,6074122240,407961600
209,1772010582959,3204,3204,3204,3204,3204,3204,3204,3204,27.272727966308594,20,15.000000953674316,20,13.636363983154297,5,13.636363983154297,9.090909004211426,5.320091724395752,8589934592,2147483648,6074630144,407961600
202,1772010583169,3204,3204,3204,3204,3204,3204,3204,3204,63.15789031982422,57.142860412597656,57.142860412597656,47.619049072265625,0,4.761904716491699,0,0,5.320091724395752,8589934592,2147483648,6078087168,407961600
209,1772010583372,3204,3204,3204,3204,3204,3204,3204,3204,57.142860412597656,57.142860412597656,71.42857360839844,71.42857360839844,10,15.000000953674316,5,5,5.320091724395752,8589934592,2147483648,6090096640,407961600
207,1772010583582,3204,3204,3204,3204,3204,3204,3204,3204,52.38095474243164,47.619049072265625,38.095237731933594,40,25,18.18181800842285,9.523809432983398,4.545454502105713,4.790786266326904,8589934592,2147483648,6081658880,407961600
206,1772010583790,3204,3204,3204,3204,3204,3204,3204,3204,60.000003814697266,65,65,57.142860412597656,13.636363983154297,5,4.761904716491699,4.761904716491699,4.790786266326904,8589934592,2147483648,6086295552,407961600
203,1772010583997,3204,3204,3204,3204,3204,3204,3204,3204,47.619049072265625,54.54545593261719,52.38095474243164,40,4.761904716491699,4.761904716491699,0,0,4.790786266326904,8589934592,2147483648,6086197248,407961600
204,1772010584201,3204,3204,3204,3204,3204,3204,3204,3204,42.85714340209961,42.105262756347656,47.36842346191406,38.095237731933594,0,0,0,4.761904716491699,4.790786266326904,8589934592,2147483648,6086688768,407961600
204,1772010584406,3204,3204,3204,3204,3204,3204,3204,3204,52.6315803527832,50,47.619049072265625,45,5,4.761904716491699,4.761904716491699,4.761904716491699,4.790786266326904,8589934592,2147483648,6087049216,407961600
209,1772010584611,3204,3204,3204,3204,3204,3204,3204,3204,52.38095474243164,42.85714340209961,42.85714340209961,38.095237731933594,9.090909004211426,9.090909004211426,4.761904716491699,0,5.572664260864258,8589934592,2147483648,6087524352,407961600
202,1772010584821,3204,3204,3204,3204,3204,3204,3204,3204,57.142860412597656,57.142860412597656,76.19047546386719,55,0,0,0,0,5.572664260864258,8589934592,2147483648,6087426048,407961600
199,1772010585024,3204,3204,3204,3204,3204,3204,3204,3204,45,45,45,47.619049072265625,0,0,0,0,5.572664260864258,8589934592,2147483648,6088376320,407961600
207,1772010585224,3204,3204,3204,3204,3204,3204,3204,3204,50,40,42.85714340209961,42.85714340209961,4.761904716491699,0,0,0,5.572664260864258,8589934592,2147483648,6088818688,407961600
205,1772010585433,3204,3204,3204,3204,3204,3204,3204,3204,47.619049072265625,47.619049072265625,42.105262756347656,36.842105865478516,5,4.761904716491699,4.761904716491699,5,5.572664260864258,8589934592,2147483648,6089293824,407961600
201,1772010585639,3204,3204,3204,3204,3204,3204,3204,3204,60.000003814697266,66.66667175292969,68.18181610107422,57.142860412597656,33.333335876464844,19.047618865966797,9.090909004211426,4.761904716491699,5.477139949798584,8589934592,2147483648,6076432384,407961600
209,1772010585841,3204,3204,3204,3204,3204,3204,3204,3204,47.619049072265625,47.36842346191406,35,50,0,0,0,0,5.477139949798584,8589934592,2147483648,6073466880,407961600
209,1772010586051,3204,3204,3204,3204,3204,3204,3204,3204,25,20,19.047618865966797,14.285715103149414,10,9.523809432983398,0,15.000000953674316,5.477139949798584,8589934592,2147483648,6071861248,407961600
207,1772010586261,3204,3204,3204,3204,3204,3204,3204,3204,33.333335876464844,30.434782028198242,20,20,4.545454502105713,0,0,0,5.477139949798584,8589934592,2147483648,6073827328,407961600
203,1772010586468,3204,3204,3204,3204,3204,3204,3204,3204,28.571430206298828,25,23.809524536132813,14.285715103149414,0,4.761904716491699,4.761904716491699,4.761904716491699,5.477139949798584,8589934592,2147483648,6074499072,407961600
201,1772010586672,3204,3204,3204,3204,3204,3204,3204,3204,40,31.57894515991211,30.000001907348633,36.3636360168457,50,45,0,0,5.386255741119385,8589934592,2147483648,6081675264,407961600
209,1772010586874,3204,3204,3204,3204,3204,3204,3204,3204,26.3157901763916,28.571430206298828,20,20,70,4.761904716491699,5,0,5.386255741119385,8589934592,2147483648,6083575808,407961600
201,1772010587084,3204,3204,3204,3204,3204,3204,3204,3204,38.095237731933594,33.333335876464844,28.571430206298828,20,28.571430206298828,4.761904716491699,9.523809432983398,0,5.386255741119385,8589934592,2147483648,6075252736,407961600
202,1772010587286,3204,3204,3204,3204,3204,3204,3204,3204,25,23.809524536132813,28.571430206298828,20,35,10.526315689086914,0,0,5.386255741119385,8589934592,2147483648,6079021056,407961600
209,1772010587488,3204,3204,3204,3204,3204,3204,3204,3204,28.571430206298828,21.052631378173828,26.3157901763916,25,65,14.285715103149414,4.761904716491699,4.761904716491699,5.386255741119385,8589934592,2147483648,6080151552,407961600
208,1772010587699,3204,3204,3204,3204,3204,3204,3204,3204,33.333335876464844,28.571430206298828,33.333335876464844,23.809524536132813,68.18181610107422,9.523809432983398,9.523809432983398,0,5.076416969299316,8589934592,2147483648,6063587328,407961600
209,1772010587907,3204,3204,3204,3204,3204,3204,3204,3204,28.571430206298828,23.809524536132813,19.047618865966797,23.809524536132813,55,19.047618865966797,13.636363983154297,9.523809432983398,5.076416969299316,8589934592,2147483648,6054379520,407961600
206,1772010588117,3204,3204,3204,3204,3204,3204,3204,3204,30.000001907348633,30.000001907348633,28.571430206298828,28.571430206298828,66.66667175292969,4.761904716491699,4.761904716491699,4.761904716491699,5.076416969299316,8589934592,2147483648,6051217408,407961600
201,1772010588324,3204,3204,3204,3204,3204,3204,3204,3204,28.571430206298828,25,19.047618865966797,19.047618865966797,50,4.761904716491699,5,9.523809432983398,5.076416969299316,8589934592,2147483648,6054002688,407961600
208,1772010588526,3204,3204,3204,3204,3204,3204,3204,3204,25,28.571430206298828,20,15.789472579956055,80.95238494873047,0,0,0,5.076416969299316,8589934592,2147483648,6052003840,407961600
207,1772010588734,3204,3204,3204,3204,3204,3204,3204,3204,21.052631378173828,33.333335876464844,15.000000953674316,14.285715103149414,80,4.761904716491699,4.545454502105713,4.761904716491699,8.658660888671875,8589934592,2147483648,6055837696,407961600
209,1772010588942,3204,3204,3204,3204,3204,3204,3204,3204,27.272727966308594,19.047618865966797,20,19.047618865966797,28.571430206298828,0,0,0,8.658660888671875,8589934592,2147483648,6046187520,407961600
203,1772010589151,3204,3204,3204,3204,3204,3204,3204,3204,20,20,19.047618865966797,14.285715103149414,76.19047546386719,9.523809432983398,0,0,8.658660888671875,8589934592,2147483648,6047580160,407961600
209,1772010589355,3204,3204,3204,3204,3204,3204,3204,3204,23.809524536132813,25,23.809524536132813,20,75,10,0,0,8.658660888671875,8589934592,2147483648,6052052992,407961600
209,1772010589565,3204,3204,3204,3204,3204,3204,3204,3204,30.000001907348633,28.571430206298828,30.000001907348633,20,47.619049072265625,10,4.545454502105713,0,10.073518753051758,8589934592,2147483648,6057246720,407961600
209,1772010589775,3204,3204,3204,3204,3204,3204,3204,3204,31.81818199157715,25,33.333335876464844,23.809524536132813,76.19047546386719,13.636363983154297,0,4.761904716491699,10.073518753051758,8589934592,2147483648,6053216256,407961600
204,1772010589985,3204,3204,3204,3204,3204,3204,3204,3204,25,31.81818199157715,23.809524536132813,23.809524536132813,72.7272720336914,5,13.043478012084961,0,10.073518753051758,8589934592,2147483648,6043385856,407961600
200,1772010590190,3204,3204,3204,3204,3204,3204,3204,3204,20,20,15.000000953674316,14.285715103149414,47.36842346191406,4.761904716491699,0,0,10.073518753051758,8589934592,2147483648,6045351936,407961600
209,1772010590391,3204,3204,3204,3204,3204,3204,3204,3204,30.000001907348633,35,25,20,60.000003814697266,0,0,0,10.073518753051758,8589934592,2147483648,6049349632,407961600
209,1772010590601,3204,3204,3204,3204,3204,3204,3204,3204,23.809524536132813,23.809524536132813,23.809524536132813,19.047618865966797,72.7272720336914,28.571430206298828,5,0,8.267559051513672,8589934592,2147483648,6045597696,407961600
203,1772010590811,3204,3204,3204,3204,3204,3204,3204,3204,23.809524536132813,20,14.285715103149414,14.285715103149414,52.38095474243164,9.090909004211426,0,0,8.267559051513672,8589934592,2147483648,6050709504,407961600
209,1772010591014,3204,3204,3204,3204,3204,3204,3204,3204,30.000001907348633,25,20,25,45,15.789472579956055,19.047618865966797,0,8.267559051513672,8589934592,2147483648,6046875648,407961600
202,1772010591225,3204,3204,3204,3204,3204,3204,3204,3204,28.571430206298828,28.571430206298828,31.81818199157715,20,60.000003814697266,4.545454502105713,0,0,8.267559051513672,8589934592,2147483648,6049464320,407961600
207,1772010591427,3204,3204,3204,3204,3204,3204,3204,3204,25,28.571430206298828,15.789472579956055,15.000000953674316,47.619049072265625,0,0,0,8.267559051513672,8589934592,2147483648,6048448512,407961600
203,1772010591635,3204,3204,3204,3204,3204,3204,3204,3204,25,20,20,19.047618865966797,45,0,0,0,9.273347854614258,8589934592,2147483648,6046416896,407961600
206,1772010591839,3204,3204,3204,3204,3204,3204,3204,3204,20,20,28.571430206298828,15.000000953674316,61.904762268066406,0,10,0,9.273347854614258,8589934592,2147483648,6046416896,407961600
209,1772010592046,3204,3204,3204,3204,3204,3204,3204,3204,31.81818199157715,23.809524536132813,33.333335876464844,33.333335876464844,60.000003814697266,19.047618865966797,9.090909004211426,4.761904716491699,9.273347854614258,8589934592,2147483648,6046416896,407961600
205,1772010592256,3204,3204,3204,3204,3204,3204,3204,3204,20,25,15.000000953674316,19.047618865966797,66.66667175292969,5,0,0,9.273347854614258,8589934592,2147483648,6040420352,407961600
205,1772010592462,3204,3204,3204,3204,3204,3204,3204,3204,28.571430206298828,19.047618865966797,19.047618865966797,19.047618865966797,80.95238494873047,0,0,0,9.273347854614258,8589934592,2147483648,6043893760,407961600
204,1772010592668,3204,3204,3204,3204,3204,3204,3204,3204,25,20,15.000000953674316,10,47.619049072265625,0,0,0,8.156603813171387,8589934592,2147483648,6031867904,407961600
200,1772010592873,3204,3204,3204,3204,3204,3204,3204,3204,25,23.809524536132813,23.809524536132813,23.809524536132813,85,4.761904716491699,0,0,8.156603813171387,8589934592,2147483648,6035095552,407961600
205,1772010593074,3204,3204,3204,3204,3204,3204,3204,3204,20,20,15.000000953674316,15.789472579956055,84.21052551269531,0,0,0,8.156603813171387,8589934592,2147483648,6035095552,407961600
205,1772010593280,3204,3204,3204,3204,3204,3204,3204,3204,23.809524536132813,20,25,19.047618865966797,33.333335876464844,0,0,0,8.156603813171387,8589934592,2147483648,6037323776,407961600
204,1772010593486,3204,3204,3204,3204,3204,3204,3204,3204,30.000001907348633,28.571430206298828,30.000001907348633,25,75,14.285715103149414,4.761904716491699,9.090909004211426,8.156603813171387,8589934592,2147483648,6036111360,407961600
201,1772010593691,3204,3204,3204,3204,3204,3204,3204,3204,21.052631378173828,25,19.047618865966797,19.047618865966797,66.66667175292969,25,0,0,9.486394882202148,8589934592,2147483648,6037422080,407961600
206,1772010593892,3204,3204,3204,3204,3204,3204,3204,3204,27.272727966308594,20,19.047618865966797,15.000000953674316,0,33.333335876464844,15.000000953674316,0,9.486394882202148,8589934592,2147483648,6037422080,407961600
207,1772010594099,3204,3204,3204,3204,3204,3204,3204,3204,26.3157901763916,33.333335876464844,25,19.047618865966797,28.571430206298828,40.90909194946289,23.809524536132813,30.000001907348633,9.486394882202148,8589934592,2147483648,6037422080,407961600
199,1772010594307,3204,3204,3204,3204,3204,3204,3204,3204,28.571430206298828,25,19.047618865966797,15.789472579956055,4.761904716491699,15.789472579956055,0,76.19047546386719,9.486394882202148,8589934592,2147483648,6010142720,407961600
206,1772010594507,3204,3204,3204,3204,3204,3204,3204,3204,23.809524536132813,25,15.789472579956055,14.285715103149414,10,35,0,0,9.486394882202148,8589934592,2147483648,6008176640,407961600
209,1772010594714,3204,3204,3204,3204,3204,3204,3204,3204,26.3157901763916,30.000001907348633,20,19.047618865966797,28.571430206298828,4.761904716491699,4.761904716491699,4.761904716491699,8.426088333129883,8589934592,2147483648,6019694592,407961600
208,1772010594924,3204,3204,3204,3204,3204,3204,3204,3204,33.333335876464844,33.333335876464844,23.809524536132813,20,35,0,0,0,8.426088333129883,8589934592,2147483648,5999099904,407961600
209,1772010595132,3204,3204,3204,3204,3204,3204,3204,3204,33.333335876464844,23.809524536132813,19.047618865966797,19.047618865966797,14.285715103149414,4.761904716491699,0,0,8.426088333129883,8589934592,2147483648,6001262592,407961600
209,1772010595342,3204,3204,3204,3204,3204,3204,3204,3204,30.000001907348633,25,23.809524536132813,19.047618865966797,61.904762268066406,0,0,0,8.426088333129883,8589934592,2147483648,5999198208,407961600
208,1772010595551,3204,3204,3204,3204,3204,3204,3204,3204,33.333335876464844,33.333335876464844,25,25,25,4.545454502105713,0,0,9.164713859558105,8589934592,2147483648,5985779712,407961600
202,1772010595760,3204,3204,3204,3204,3204,3204,3204,3204,25,28.571430206298828,19.047618865966797,18.18181800842285,33.333335876464844,0,0,0,9.164713859558105,8589934592,2147483648,5992546304,407961600
209,1772010595963,3204,3204,3204,3204,3204,3204,3204,3204,33.333335876464844,30.000001907348633,30.000001907348633,21.052631378173828,50,9.523809432983398,5,5,9.164713859558105,8589934592,2147483648,5985533952,407961600
209,1772010596173,3204,3204,3204,3204,3204,3204,3204,3204,35,25,28.571430206298828,28.571430206298828,33.333335876464844,4.761904716491699,4.761904716491699,0,9.164713859558105,8589934592,2147483648,5971460096,407961600
207,1772010596384,3204,3204,3204,3204,3204,3204,3204,3204,28.571430206298828,27.272727966308594,23.809524536132813,19.047618865966797,65,14.285715103149414,13.636363983154297,0,9.164713859558105,8589934592,2147483648,5971460096,407961600
208,1772010596591,3204,3204,3204,3204,3204,3204,3204,3204,33.333335876464844,30.000001907348633,20,31.81818199157715,61.904762268066406,4.761904716491699,0,0,7.644909381866455,8589934592,2147483648,5936496640,407961600
205,1772010596800,3204,3204,3204,3204,3204,3204,3204,3204,40,40,38.095237731933594,30.000001907348633,9.523809432983398,0,4.545454502105713,8.69565200805664,7.644909381866455,8589934592,2147483648,5953503232,407961600
209,1772010597005,3204,3204,3204,3204,3204,3204,3204,3204,42.85714340209961,45,35,25,5,5,5,5,7.644909381866455,8589934592,2147483648,5943394304,407961600
206,1772010597215,3204,3204,3204,3204,3204,3204,3204,3204,47.619049072265625,47.619049072265625,40.90909194946289,38.095237731933594,19.047618865966797,4.545454502105713,0,0,7.644909381866455,8589934592,2147483648,5943672832,407961600
201,1772010597422,3204,3204,3204,3204,3204,3204,3204,3204,26.3157901763916,28.571430206298828,20,28.571430206298828,35,21.052631378173828,5,4.761904716491699,7.644909381866455,8589934592,2147483648,5947621376,407961600
205,1772010597624,3204,3204,3204,3204,3204,3204,3204,3204,28.571430206298828,26.3157901763916,21.052631378173828,15.789472579956055,75,19.047618865966797,4.761904716491699,0,8.490527153015137,8589934592,2147483648,5953011712,407961600
199,1772010597830,3204,3204,3204,3204,3204,3204,3204,3204,30.000001907348633,33.333335876464844,27.272727966308594,25,28.571430206298828,0,0,0,8.490527153015137,8589934592,2147483648,5929025536,407961600
201,1772010598031,3204,3204,3204,3204,3204,3204,3204,3204,25,20,15.000000953674316,15.000000953674316,52.6315803527832,0,0,0,8.490527153015137,8589934592,2147483648,5930860544,407961600
207,1772010598233,3204,3204,3204,3204,3204,3204,3204,3204,25,15.000000953674316,10.526315689086914,15.000000953674316,95.23809814453125,0,0,0,8.490527153015137,8589934592,2147483648,5934596096,407961600
200,1772010598440,3204,3204,3204,3204,3204,3204,3204,3204,33.333335876464844,30.000001907348633,33.333335876464844,28.571430206298828,50,19.047618865966797,9.090909004211426,4.761904716491699,8.490527153015137,8589934592,2147483648,5917949952,407961600
206,1772010598641,3204,3204,3204,3204,3204,3204,3204,3204,21.052631378173828,28.571430206298828,20,19.047618865966797,80,0,0,0,7.201938629150391,8589934592,2147483648,5916950528,407961600
209,1772010598847,3204,3204,3204,3204,3204,3204,3204,3204,40,35,33.333335876464844,25,14.285715103149414,0,0,0,7.201938629150391,8589934592,2147483648,5909479424,407961600
209,1772010599057,3204,3204,3204,3204,3204,3204,3204,3204,22.72727394104004,27.272727966308594,25,19.047618865966797,0,0,0,0,7.201938629150391,8589934592,2147483648,5905760256,407961600
204,1772010599267,3204,3204,3204,3204,3204,3204,3204,3204,25,20,28.571430206298828,23.809524536132813,4.761904716491699,9.523809432983398,4.761904716491699,4.761904716491699,7.201938629150391,8589934592,2147483648,5906825216,407961600
208,1772010599472,3204,3204,3204,3204,3204,3204,3204,3204,38.095237731933594,35,23.809524536132813,28.571430206298828,0,0,0,0,7.201938629150391,8589934592,2147483648,5910380544,407961600
208,1772010599680,3204,3204,3204,3204,3204,3204,3204,3204,14.285715103149414,23.809524536132813,15.000000953674316,10.526315689086914,40.90909194946289,0,0,0,8.9259033203125,8589934592,2147483648,5908152320,407961600
201,1772010599889,3204,3204,3204,3204,3204,3204,3204,3204,26.3157901763916,38.095237731933594,30.000001907348633,23.809524536132813,14.285715103149414,4.761904716491699,23.809524536132813,0,8.9259033203125,8589934592,2147483648,5908152320,407961600
208,1772010600090,3204,3204,3204,3204,3204,3204,3204,3204,30.000001907348633,21.052631378173828,20,19.047618865966797,10,5,10,5,8.9259033203125,8589934592,2147483648,5908152320,407961600
206,1772010600299,3204,3204,3204,3204,3204,3204,3204,3204,27.272727966308594,22.72727394104004,18.18181800842285,19.047618865966797,0,0,0,0,8.9259033203125,8589934592,2147483648,5908152320,407961600
205,1772010600506,3204,3204,3204,3204,3204,3204,3204,3204,40,40,40,30.000001907348633,20,10,9.523809432983398,0,8.9259033203125,8589934592,2147483648,5921718272,407961600
208,1772010600712,3204,3204,3204,3204,3204,3204,3204,3204,38.095237731933594,20,20,20,19.047618865966797,13.636363983154297,0,0,5.852770805358887,8589934592,2147483648,5913591808,407961600
209,1772010600920,3204,3204,3204,3204,3204,3204,3204,3204,33.333335876464844,33.333335876464844,23.809524536132813,22.72727394104004,14.285715103149414,9.523809432983398,4.761904716491699,4.761904716491699,5.852770805358887,8589934592,2147483648,5917999104,407961600
201,1772010601131,3204,3204,3204,3204,3204,3204,3204,3204,35,30.000001907348633,27.272727966308594,23.809524536132813,9.523809432983398,0,0,4.761904716491699,5.852770805358887,8589934592,2147483648,5909184512,407961600
206,1772010601332,3204,3204,3204,3204,3204,3204,3204,3204,33.333335876464844,28.571430206298828,21.052631378173828,10.526315689086914,5,4.761904716491699,0,0,5.852770805358887,8589934592,2147483648,5909200896,407961600
207,1772010601539,3204,3204,3204,3204,3204,3204,3204,3204,28.571430206298828,28.571430206298828,23.809524536132813,23.809524536132813,0,0,9.090909004211426,4.545454502105713,5.852770805358887,8589934592,2147483648,5909315584,407961600
207,1772010601747,3204,3204,3204,3204,3204,3204,3204,3204,26.3157901763916,25,25,20,9.090909004211426,9.523809432983398,4.761904716491699,5,5.189355373382568,8589934592,2147483648,5909348352,407961600
209,1772010601956,3204,3204,3204,3204,3204,3204,3204,3204,59.09090805053711,61.904762268066406,54.54545593261719,61.904762268066406,0,0,0,0,5.189355373382568,8589934592,2147483648,5913804800,407961600
208,1772010602165,3204,3204,3204,3204,3204,3204,3204,3204,26.3157901763916,28.571430206298828,20,23.809524536132813,0,0,0,0,5.189355373382568,8589934592,2147483648,5911347200,407961600
206,1772010602374,3204,3204,3204,3204,3204,3204,3204,3204,45.45454788208008,47.619049072265625,40.90909194946289,42.85714340209961,9.090909004211426,0,4.545454502105713,4.761904716491699,5.189355373382568,8589934592,2147483648,5909544960,407961600
209,1772010602581,3204,3204,3204,3204,3204,3204,3204,3204,55,55,47.36842346191406,52.38095474243164,15.789472579956055,20,10,5,5.106852054595947,8589934592,2147483648,5919834112,407961600
204,1772010602792,3204,3204,3204,3204,3204,3204,3204,3204,61.904762268066406,61.904762268066406,59.09090805053711,47.619049072265625,27.272727966308594,19.047618865966797,13.636363983154297,0,5.106852054595947,8589934592,2147483648,5910626304,407961600
209,1772010602997,3204,3204,3204,3204,3204,3204,3204,3204,57.142860412597656,50,52.38095474243164,50,0,4.761904716491699,0,4.761904716491699,5.106852054595947,8589934592,2147483648,5913952256,407961600
199,1772010603207,3204,3204,3204,3204,3204,3204,3204,3204,42.85714340209961,38.095237731933594,31.57894515991211,28.571430206298828,5,9.090909004211426,4.761904716491699,4.761904716491699,5.106852054595947,8589934592,2147483648,5911855104,407961600
200,1772010603408,3204,3204,3204,3204,3204,3204,3204,3204,50,47.619049072265625,61.904762268066406,45,4.761904716491699,0,0,0,5.106852054595947,8589934592,2147483648,5914148864,407961600
208,1772010603609,3204,3204,3204,3204,3204,3204,3204,3204,50,52.6315803527832,42.85714340209961,50,0,4.761904716491699,4.761904716491699,0,5.493921279907227,8589934592,2147483648,5912428544,407961600
205,1772010603818,3204,3204,3204,3204,3204,3204,3204,3204,60.000003814697266,50,42.105262756347656,70,4.761904716491699,0,0,0,5.493921279907227,8589934592,2147483648,5912379392,407961600
202,1772010604024,3204,3204,3204,3204,3204,3204,3204,3204,38.095237731933594,35,28.571430206298828,31.81818199157715,5,5,5,9.523809432983398,5.493921279907227,8589934592,2147483648,5912608768,407961600
202,1772010604227,3204,3204,3204,3204,3204,3204,3204,3204,20,20,19.047618865966797,15.000000953674316,9.090909004211426,5,4.761904716491699,5,5.493921279907227,8589934592,2147483648,5913313280,407961600
209,1772010604430,3204,3204,3204,3204,3204,3204,3204,3204,26.3157901763916,21.052631378173828,20,15.000000953674316,0,4.761904716491699,0,0,5.493921279907227,8589934592,2147483648,5914984448,407961600
206,1772010604640,3204,3204,3204,3204,3204,3204,3204,3204,36.3636360168457,28.571430206298828,33.333335876464844,28.571430206298828,9.523809432983398,5,5,9.090909004211426,5.7513628005981445,8589934592,2147483648,5920276480,407961600
204,1772010604847,3204,3204,3204,3204,3204,3204,3204,3204,33.333335876464844,38.095237731933594,52.38095474243164,38.095237731933594,27.272727966308594,23.809524536132813,23.809524536132813,14.285715103149414,5.7513628005981445,8589934592,2147483648,5920391168,407961600
209,1772010605052,3204,3204,3204,3204,3204,3204,3204,3204,35,30.000001907348633,35,21.052631378173828,5.263157844543457,4.761904716491699,4.761904716491699,0,5.7513628005981445,8589934592,2147483648,5922881536,407961600
202,1772010605262,3204,3204,3204,3204,3204,3204,3204,3204,23.809524536132813,22.72727394104004,20,23.809524536132813,47.619049072265625,66.66667175292969,30.000001907348633,4.761904716491699,5.7513628005981445,8589934592,2147483648,5924585472,407961600
206,1772010605465,3204,3204,3204,3204,3204,3204,3204,3204,20,25,19.047618865966797,20,33.333335876464844,75,0,0,5.7513628005981445,8589934592,2147483648,5926322176,407961600
199,1772010605672,3204,3204,3204,3204,3204,3204,3204,3204,28.571430206298828,20,15.000000953674316,18.18181800842285,10,28.571430206298828,4.761904716491699,0,4.930427074432373,8589934592,2147483648,5923864576,407961600
207,1772010605872,3204,3204,3204,3204,3204,3204,3204,3204,20,23.809524536132813,20,15.000000953674316,45,0,0,55,4.930427074432373,8589934592,2147483648,5924405248,407961600
208,1772010606080,3204,3204,3204,3204,3204,3204,3204,3204,25,25,20,15.789472579956055,28.571430206298828,40,4.761904716491699,42.85714340209961,4.930427074432373,8589934592,2147483648,5924470784,407961600
201,1772010606288,3204,3204,3204,3204,3204,3204,3204,3204,15.000000953674316,25,19.047618865966797,13.636363983154297,0,0,0,35,4.930427074432373,8589934592,2147483648,5924028416,407961600
200,1772010606491,3204,3204,3204,3204,3204,3204,3204,3204,28.571430206298828,23.809524536132813,23.809524536132813,15.789472579956055,45,0,0,57.142860412597656,4.930427074432373,8589934592,2147483648,5928927232,407961600
201,1772010606691,3204,3204,3204,3204,3204,3204,3204,3204,20,15.000000953674316,15.789472579956055,10,100,0,0,0,8.081136703491211,8589934592,2147483648,5926436864,407961600
209,1772010606893,3204,3204,3204,3204,3204,3204,3204,3204,30.000001907348633,20,33.333335876464844,20,35,38.095237731933594,5,10,8.081136703491211,8589934592,2147483648,5935874048,407961600
207,1772010607103,3204,3204,3204,3204,3204,3204,3204,3204,28.571430206298828,25,15.000000953674316,19.047618865966797,45.45454788208008,25,0,52.38095474243164,8.081136703491211,8589934592,2147483648,5925945344,407961600
202,1772010607311,3204,3204,3204,3204,3204,3204,3204,3204,15.000000953674316,15.000000953674316,14.285715103149414,14.285715103149414,40,71.42857360839844,0,0,8.081136703491211,8589934592,2147483648,5924372480,407961600
209,1772010607514,3204,3204,3204,3204,3204,3204,3204,3204,25,23.809524536132813,20,23.809524536132813,28.571430206298828,14.285715103149414,4.761904716491699,0,8.081136703491211,8589934592,2147483648,5927321600,407961600
208,1772010607724,3204,3204,3204,3204,3204,3204,3204,3204,23.809524536132813,20,23.809524536132813,10.526315689086914,25,80,0,0,8.705862998962402,8589934592,2147483648,5925257216,407961600
207,1772010607932,3204,3204,3204,3204,3204,3204,3204,3204,19.047618865966797,27.272727966308594,14.285715103149414,18.18181800842285,33.333335876464844,71.42857360839844,9.090909004211426,0,8.705862998962402,8589934592,2147483648,5917851648,407961600
205,1772010608141,3204,3204,3204,3204,3204,3204,3204,3204,33.333335876464844,25,30.000001907348633,23.809524536132813,33.333335876464844,20,0,4.545454502105713,8.705862998962402,8589934592,2147483648,5919686656,407961600
204,1772010608347,3204,3204,3204,3204,3204,3204,3204,3204,20,28.571430206298828,19.047618865966797,14.285715103149414,25,80.95238494873047,0,0,8.705862998962402,8589934592,2147483648,5919588352,407961600
202,1772010608552,3204,3204,3204,3204,3204,3204,3204,3204,33.333335876464844,30.000001907348633,20,40,0,45,52.38095474243164,5,9.518259048461914,8589934592,2147483648,5919588352,407961600
208,1772010608755,3204,3204,3204,3204,3204,3204,3204,3204,21.052631378173828,20,15.000000953674316,10.526315689086914,0,0,40,0,9.518259048461914,8589934592,2147483648,5919539200,407961600
201,1772010608964,3204,3204,3204,3204,3204,3204,3204,3204,28.571430206298828,23.809524536132813,27.272727966308594,22.72727394104004,42.85714340209961,14.285715103149414,19.047618865966797,23.809524536132813,9.518259048461914,8589934592,2147483648,5921947648,407961600
200,1772010609166,3204,3204,3204,3204,3204,3204,3204,3204,35,25,21.052631378173828,15.789472579956055,45,35,45,14.285715103149414,9.518259048461914,8589934592,2147483648,5916180480,407961600
205,1772010609366,3204,3204,3204,3204,3204,3204,3204,3204,21.052631378173828,20,25,19.047618865966797,0,4.761904716491699,0,52.6315803527832,9.518259048461914,8589934592,2147483648,5918294016,407961600
204,1772010609572,3204,3204,3204,3204,3204,3204,3204,3204,28.571430206298828,25,20,25,0,0,0,75,10.07331371307373,8589934592,2147483648,5915508736,407961600
209,1772010609777,3204,3204,3204,3204,3204,3204,3204,3204,22.72727394104004,15.000000953674316,19.047618865966797,20,28.571430206298828,60.000003814697266,14.285715103149414,4.761904716491699,10.07331371307373,8589934592,2147483648,5915475968,407961600
203,1772010609987,3204,3204,3204,3204,3204,3204,3204,3204,20,23.809524536132813,19.047618865966797,14.285715103149414,33.333335876464844,52.38095474243164,4.761904716491699,4.545454502105713,10.07331371307373,8589934592,2147483648,5917196288,407961600
201,1772010610191,3204,3204,3204,3204,3204,3204,3204,3204,15.000000953674316,28.571430206298828,15.000000953674316,19.047618865966797,0,66.66667175292969,0,30.000001907348633,10.07331371307373,8589934592,2147483648,5909233664,407961600
207,1772010610392,3204,3204,3204,3204,3204,3204,3204,3204,20,25,15.000000953674316,10.526315689086914,0,15.000000953674316,19.047618865966797,66.66667175292969,10.07331371307373,8589934592,2147483648,5908496384,407961600
206,1772010610600,3204,3204,3204,3204,3204,3204,3204,3204,25,20,23.809524536132813,19.047618865966797,4.761904716491699,38.095237731933594,0,0,8.933381080627441,8589934592,2147483648,5908496384,407961600
203,1772010610807,3204,3204,3204,3204,3204,3204,3204,3204,27.272727966308594,19.047618865966797,15.000000953674316,15.000000953674316,0,100,0,0,8.933381080627441,8589934592,2147483648,5909037056,407961600
206,1772010611011,3204,3204,3204,3204,3204,3204,3204,3204,21.052631378173828,23.809524536132813,19.047618865966797,19.047618865966797,15.000000953674316,47.619049072265625,5,0,8.933381080627441,8589934592,2147483648,5910478848,407961600
208,1772010611218,3204,3204,3204,3204,3204,3204,3204,3204,38.095237731933594,30.000001907348633,20,23.809524536132813,45,50,19.047618865966797,10,8.933381080627441,8589934592,2147483648,5918932992,407961600
201,1772010611427,3204,3204,3204,3204,3204,3204,3204,3204,26.3157901763916,30.000001907348633,28.571430206298828,19.047618865966797,81.81818389892578,4.545454502105713,4.545454502105713,0,8.933381080627441,8589934592,2147483648,5912608768,407961600
205,1772010611629,3204,3204,3204,3204,3204,3204,3204,3204,31.81818199157715,33.333335876464844,21.052631378173828,20,5,0,0,0,9.91981029510498,8589934592,2147483648,5921554432,407961600
201,1772010611835,3204,3204,3204,3204,3204,3204,3204,3204,21.052631378173828,20,19.047618865966797,15.000000953674316,55,40,10,4.761904716491699,9.91981029510498,8589934592,2147483648,5933694976,407961600
203,1772010612037,3204,3204,3204,3204,3204,3204,3204,3204,25,26.3157901763916,25,23.809524536132813,20,50,0,0,9.91981029510498,8589934592,2147483648,5926420480,407961600
206,1772010612241,3204,3204,3204,3204,3204,3204,3204,3204,25,28.571430206298828,25,15.789472579956055,15.000000953674316,5,0,15.000000953674316,9.91981029510498,8589934592,2147483648,5926420480,407961600
200,1772010612447,3204,3204,3204,3204,3204,3204,3204,3204,19.047618865966797,23.809524536132813,20,14.285715103149414,45,28.571430206298828,0,28.571430206298828,9.91981029510498,8589934592,2147483648,5926420480,407961600
207,1772010612649,3204,3204,3204,3204,3204,3204,3204,3204,33.333335876464844,30.000001907348633,33.333335876464844,20,50,0,0,0,9.556307792663574,8589934592,2147483648,5926420480,407961600
203,1772010612857,3204,3204,3204,3204,3204,3204,3204,3204,21.052631378173828,20,19.047618865966797,15.000000953674316,33.333335876464844,0,0,0,9.556307792663574,8589934592,2147483648,5920407552,407961600
209,1772010613060,3204,3204,3204,3204,3204,3204,3204,3204,23.809524536132813,20,15.789472579956055,19.047618865966797,100,0,0,4.761904716491699,9.556307792663574,8589934592,2147483648,5926846464,407961600
210,1772010613270,3204,3204,3204,3204,3204,3204,3204,3204,50,47.619049072265625,38.095237731933594,45,42.85714340209961,5,0,0,9.556307792663574,8589934592,2147483648,5931614208,407961600
207,1772010613480,3204,3204,3204,3204,3204,3204,3204,3204,28.571430206298828,28.571430206298828,23.809524536132813,28.571430206298828,20,22.72727394104004,19.047618865966797,0,9.556307792663574,8589934592,2147483648,5931614208,407961600
206,1772010613689,3204,3204,3204,3204,3204,3204,3204,3204,28.571430206298828,30.000001907348633,28.571430206298828,36.3636360168457,0,0,0,0,9.578692436218262,8589934592,2147483648,5931614208,407961600
209,1772010613895,3204,3204,3204,3204,3204,3204,3204,3204,30.000001907348633,28.571430206298828,20,20,4.761904716491699,0,0,0,9.578692436218262,8589934592,2147483648,5914230784,407961600
200,1772010614106,3204,3204,3204,3204,3204,3204,3204,3204,28.571430206298828,28.571430206298828,28.571430206298828,14.285715103149414,4.761904716491699,4.761904716491699,4.545454502105713,0,9.578692436218262,8589934592,2147483648,5914034176,407961600
203,1772010614306,3204,3204,3204,3204,3204,3204,3204,3204,28.571430206298828,15.789472579956055,15.000000953674316,20,5,5,0,5,9.578692436218262,8589934592,2147483648,5914968064,407961600
209,1772010614510,3204,3204,3204,3204,3204,3204,3204,3204,30.000001907348633,23.809524536132813,15.000000953674316,23.809524536132813,47.619049072265625,0,0,0,9.578692436218262,8589934592,2147483648,5923962880,407961600
201,1772010614720,3204,3204,3204,3204,3204,3204,3204,3204,28.571430206298828,25,23.809524536132813,20,0,0,4.545454502105713,0,8.392887115478516,8589934592,2147483648,5924339712,407961600
208,1772010614921,3204,3204,3204,3204,3204,3204,3204,3204,21.052631378173828,15.000000953674316,23.809524536132813,15.000000953674316,0,0,0,0,8.392887115478516,8589934592,2147483648,5924569088,407961600
199,1772010615131,3204,3204,3204,3204,3204,3204,3204,3204,31.81818199157715,31.81818199157715,23.809524536132813,20,4.761904716491699,4.545454502105713,0,0,8.392887115478516,8589934592,2147483648,5924454400,407961600
208,1772010615331,3204,3204,3204,3204,3204,3204,3204,3204,21.052631378173828,21.052631378173828,15.789472579956055,19.047618865966797,5,5,5,4.761904716491699,8.392887115478516,8589934592,2147483648,5924454400,407961600
199,1772010615540,3204,3204,3204,3204,3204,3204,3204,3204,33.333335876464844,36.3636360168457,33.333335876464844,23.809524536132813,14.285715103149414,30.000001907348633,0,0,8.392887115478516,8589934592,2147483648,5924454400,407961600
209,1772010615741,3204,3204,3204,3204,3204,3204,3204,3204,20,21.052631378173828,15.000000953674316,20,5,5,0,0,5.093070983886719,8589934592,2147483648,5924454400,407961600
209,1772010615950,3204,3204,3204,3204,3204,3204,3204,3204,28.571430206298828,19.047618865966797,19.047618865966797,33.333335876464844,10,18.18181800842285,0,0,5.093070983886719,8589934592,2147483648,5923717120,407961600
209,1772010616161,3204,3204,3204,3204,3204,3204,3204,3204,20,27.272727966308594,19.047618865966797,15.000000953674316,4.545454502105713,4.761904716491699,4.545454502105713,0,5.093070983886719,8589934592,2147483648,5925224448,407961600
201,1772010616371,3204,3204,3204,3204,3204,3204,3204,3204,28.571430206298828,20,15.000000953674316,14.285715103149414,0,0,0,0,5.093070983886719,8589934592,2147483648,5924257792,407961600
208,1772010616573,3204,3204,3204,3204,3204,3204,3204,3204,30.000001907348633,21.052631378173828,23.809524536132813,20,20,15.000000953674316,5.263157844543457,9.523809432983398,4.7281813621521,8589934592,2147483648,5924782080,407961600
209,1772010616782,3204,3204,3204,3204,3204,3204,3204,3204,23.809524536132813,23.809524536132813,20,18.18181800842285,5,0,4.761904716491699,4.761904716491699,4.7281813621521,8589934592,2147483648,5925634048,407961600
209,1772010616992,3204,3204,3204,3204,3204,3204,3204,3204,23.809524536132813,19.047618865966797,22.72727394104004,15.000000953674316,0,4.545454502105713,0,0,4.7281813621521,8589934592,2147483648,5925437440,407961600
203,1772010617202,3204,3204,3204,3204,3204,3204,3204,3204,25,27.272727966308594,21.052631378173828,23.809524536132813,4.545454502105713,0,0,0,4.7281813621521,8589934592,2147483648,5925208064,407961600
205,1772010617405,3204,3204,3204,3204,3204,3204,3204,3204,28.571430206298828,21.052631378173828,19.047618865966797,14.285715103149414,0,4.761904716491699,0,0,4.7281813621521,8589934592,2147483648,5925355520,407961600
209,1772010617611,3204,3204,3204,3204,3204,3204,3204,3204,35,23.809524536132813,28.571430206298828,25,10,9.523809432983398,19.047618865966797,4.761904716491699,4.911956787109375,8589934592,2147483648,5933367296,407961600
209,1772010617821,3204,3204,3204,3204,3204,3204,3204,3204,22.72727394104004,23.809524536132813,19.047618865966797,20,21.7391300201416,10,0,0,4.911956787109375,8589934592,2147483648,5923979264,407961600
209,1772010618032,3204,3204,3204,3204,3204,3204,3204,3204,20,15.000000953674316,20,19.047618865966797,0,4.761904716491699,4.761904716491699,4.761904716491699,4.911956787109375,8589934592,2147483648,5924077568,407961600
209,1772010618241,3204,3204,3204,3204,3204,3204,3204,3204,23.809524536132813,28.571430206298828,27.272727966308594,23.809524536132813,4.545454502105713,4.761904716491699,0,0,4.911956787109375,8589934592,2147483648,5923995648,407961600
200,1772010618452,3204,3204,3204,3204,3204,3204,3204,3204,28.571430206298828,22.72727394104004,19.047618865966797,14.285715103149414,0,0,0,0,4.911956787109375,8589934592,2147483648,5925011456,407961600
204,1772010618652,3204,3204,3204,3204,3204,3204,3204,3204,31.57894515991211,21.052631378173828,25,20,5,5,5,5,4.864553451538086,8589934592,2147483648,5924323328,407961600
209,1772010618857,3204,3204,3204,3204,3204,3204,3204,3204,27.272727966308594,28.571430206298828,15.789472579956055,20,0,0,4.761904716491699,0,4.864553451538086,8589934592,2147483648,5924306944,407961600
204,1772010619067,3204,3204,3204,3204,3204,3204,3204,3204,20,19.047618865966797,18.18181800842285,27.272727966308594,0,4.545454502105713,0,0,4.864553451538086,8589934592,2147483648,5925371904,407961600
209,1772010619272,3204,3204,3204,3204,3204,3204,3204,3204,20,20,20,15.789472579956055,9.523809432983398,5,5,10,4.864553451538086,8589934592,2147483648,5924814848,407961600
209,1772010619482,3204,3204,3204,3204,3204,3204,3204,3204,23.809524536132813,23.809524536132813,27.272727966308594,19.047618865966797,0,0,0,0,4.864553451538086,8589934592,2147483648,5924782080,407961600
205,1772010619692,3204,3204,3204,3204,3204,3204,3204,3204,25,28.571430206298828,25,22.72727394104004,4.761904716491699,9.090909004211426,4.761904716491699,4.761904716491699,4.914320945739746,8589934592,2147483648,5927583744,407961600
207,1772010619897,3204,3204,3204,3204,3204,3204,3204,3204,31.81818199157715,25,25,19.047618865966797,33.333335876464844,10.526315689086914,9.523809432983398,9.523809432983398,4.914320945739746,8589934592,2147483648,5924044800,407961600
206,1772010620105,3204,3204,3204,3204,3204,3204,3204,3204,28.571430206298828,23.809524536132813,23.809524536132813,20,0,0,0,0,4.914320945739746,8589934592,2147483648,5925502976,407961600
209,1772010620312,3204,3204,3204,3204,3204,3204,3204,3204,21.052631378173828,30.000001907348633,15.000000953674316,14.285715103149414,4.761904716491699,4.761904716491699,4.761904716491699,4.761904716491699,4.914320945739746,8589934592,2147483648,5923848192,407961600
202,1772010620522,3204,3204,3204,3204,3204,3204,3204,3204,31.81818199157715,20,19.047618865966797,10,4.761904716491699,4.761904716491699,4.761904716491699,4.761904716491699,4.914320945739746,8589934592,2147483648,5923864576,407961600
209,1772010620725,3204,3204,3204,3204,3204,3204,3204,3204,35,23.809524536132813,15.000000953674316,15.000000953674316,9.523809432983398,9.523809432983398,0,0,4.68257474899292,8589934592,2147483648,5924012032,407961600
208,1772010620935,3204,3204,3204,3204,3204,3204,3204,3204,35,38.095237731933594,28.571430206298828,23.809524536132813,10,23.809524536132813,4.761904716491699,4.761904716491699,4.68257474899292,8589934592,2147483648,5926944768,407961600
209,1772010621144,3204,3204,3204,3204,3204,3204,3204,3204,28.571430206298828,23.809524536132813,23.809524536132813,19.047618865966797,4.761904716491699,5,0,0,4.68257474899292,8589934592,2147483648,5928599552,407961600
204,1772010621354,3204,3204,3204,3204,3204,3204,3204,3204,23.809524536132813,23.809524536132813,20,14.285715103149414,0,0,0,0,4.68257474899292,8589934592,2147483648,5922422784,407961600
209,1772010621559,3204,3204,3204,3204,3204,3204,3204,3204,25,15.000000953674316,28.571430206298828,15.000000953674316,0,0,0,0,5.017213821411133,8589934592,2147483648,5920817152,407961600
207,1772010621769,3204,3204,3204,3204,3204,3204,3204,3204,25,20,23.809524536132813,19.047618865966797,4.761904716491699,4.545454502105713,4.761904716491699,4.761904716491699,5.017213821411133,8589934592,2147483648,5921095680,407961600
207,1772010621977,3204,3204,3204,3204,3204,3204,3204,3204,36.3636360168457,27.272727966308594,33.333335876464844,28.571430206298828,19.047618865966797,23.809524536132813,4.545454502105713,0,5.017213821411133,8589934592,2147483648,5919391744,407961600
207,1772010622185,3204,3204,3204,3204,3204,3204,3204,3204,23.809524536132813,20,25,15.000000953674316,9.523809432983398,9.523809432983398,4.761904716491699,4.761904716491699,5.017213821411133,8589934592,2147483648,5920112640,407961600
203,1772010622392,3204,3204,3204,3204,3204,3204,3204,3204,21.052631378173828,23.809524536132813,23.809524536132813,14.285715103149414,0,0,0,0,5.017213821411133,8589934592,2147483648,5919719424,407961600
208,1772010622597,3204,3204,3204,3204,3204,3204,3204,3204,19.047618865966797,25,15.000000953674316,28.571430206298828,0,0,0,0,5.168744087219238,8589934592,2147483648,5919686656,407961600
208,1772010622805,3204,3204,3204,3204,3204,3204,3204,3204,33.333335876464844,23.809524536132813,22.72727394104004,19.047618865966797,4.761904716491699,4.761904716491699,0,0,5.168744087219238,8589934592,2147483648,5919686656,407961600
209,1772010623014,3204,3204,3204,3204,3204,3204,3204,3204,33.333335876464844,19.047618865966797,15.000000953674316,15.000000953674316,0,0,4.545454502105713,4.545454502105713,5.168744087219238,8589934592,2147483648,5919686656,407961600
209,1772010623224,3204,3204,3204,3204,3204,3204,3204,3204,30.000001907348633,20,19.047618865966797,18.18181800842285,4.761904716491699,0,0,0,5.168744087219238,8589934592,2147483648,5922209792,407961600
206,1772010623434,3204,3204,3204,3204,3204,3204,3204,3204,27.272727966308594,19.047618865966797,14.285715103149414,10,4.545454502105713,4.761904716491699,4.545454502105713,0,5.168744087219238,8589934592,2147483648,5919981568,407961600
207,1772010623641,3204,3204,3204,3204,3204,3204,3204,3204,25,28.571430206298828,25,23.809524536132813,0,0,0,0,4.897457599639893,8589934592,2147483648,5922357248,407961600
207,1772010623849,3204,3204,3204,3204,3204,3204,3204,3204,33.333335876464844,20,14.285715103149414,15.000000953674316,4.761904716491699,0,0,4.761904716491699,4.897457599639893,8589934592,2147483648,5922357248,407961600
200,1772010624056,3204,3204,3204,3204,3204,3204,3204,3204,28.571430206298828,27.272727966308594,28.571430206298828,19.047618865966797,15.000000953674316,18.18181800842285,5,9.523809432983398,4.897457599639893,8589934592,2147483648,5922357248,407961600
205,1772010624257,3204,3204,3204,3204,3204,3204,3204,3204,21.052631378173828,25,20,20,15.000000953674316,10.526315689086914,5,0,4.897457599639893,8589934592,2147483648,5923094528,407961600
207,1772010624464,3204,3204,3204,3204,3204,3204,3204,3204,28.571430206298828,10.526315689086914,10,9.523809432983398,13.636363983154297,20,19.047618865966797,5,4.897457599639893,8589934592,2147483648,5907709952,407961600
208,1772010624672,3204,3204,3204,3204,3204,3204,3204,3204,14.285715103149414,15.000000953674316,19.047618865966797,15.000000953674316,5,9.090909004211426,4.761904716491699,0,4.807105541229248,8589934592,2147483648,5910822912,407961600
201,1772010624880,3204,3204,3204,3204,3204,3204,3204,3204,21.052631378173828,26.086956024169922,23.809524536132813,19.047618865966797,0,5,0,4.761904716491699,4.807105541229248,8589934592,2147483648,5913821184,407961600
201,1772010625082,3204,3204,3204,3204,3204,3204,3204,3204,19.047618865966797,15.789472579956055,10.526315689086914,25,4.761904716491699,0,0,0,4.807105541229248,8589934592,2147483648,5910036480,407961600
209,1772010625285,3204,3204,3204,3204,3204,3204,3204,3204,25,31.57894515991211,27.272727966308594,25,5,5,4.761904716491699,0,4.807105541229248,8589934592,2147483648,5912461312,407961600
206,1772010625495,3204,3204,3204,3204,3204,3204,3204,3204,23.809524536132813,26.086956024169922,20,27.272727966308594,0,0,0,4.761904716491699,4.807105541229248,8589934592,2147483648,5909905408,407961600
209,1772010625701,3204,3204,3204,3204,3204,3204,3204,3204,28.571430206298828,20,19.047618865966797,21.052631378173828,0,0,0,0,5.02772331237793,8589934592,2147483648,5912018944,407961600
209,1772010625911,3204,3204,3204,3204,3204,3204,3204,3204,20,20,15.000000953674316,27.272727966308594,9.090909004211426,4.761904716491699,0,0,5.02772331237793,8589934592,2147483648,5906153472,407961600
202,1772010626121,3204,3204,3204,3204,3204,3204,3204,3204,22.72727394104004,23.809524536132813,19.047618865966797,19.047618865966797,35,19.047618865966797,23.809524536132813,5.263157844543457,5.02772331237793,8589934592,2147483648,5908250624,407961600
206,1772010626324,3204,3204,3204,3204,3204,3204,3204,3204,31.57894515991211,33.333335876464844,30.000001907348633,30.000001907348633,23.809524536132813,38.095237731933594,19.047618865966797,13.636363983154297,5.02772331237793,8589934592,2147483648,5910298624,407961600
209,1772010626531,3204,3204,3204,3204,3204,3204,3204,3204,28.571430206298828,25,15.000000953674316,15.000000953674316,0,0,0,0,5.02772331237793,8589934592,2147483648,5908135936,407961600
205,1772010626741,3204,3204,3204,3204,3204,3204,3204,3204,25,25,19.047618865966797,22.72727394104004,4.761904716491699,0,4.761904716491699,0,4.926984786987305,8589934592,2147483648,5910560768,407961600
205,1772010626947,3204,3204,3204,3204,3204,3204,3204,3204,23.809524536132813,23.809524536132813,19.047618865966797,5.263157844543457,0,4.545454502105713,0,0,4.926984786987305,8589934592,2147483648,5908119552,407961600
203,1772010627153,3204,3204,3204,3204,3204,3204,3204,3204,25,28.571430206298828,19.047618865966797,19.047618865966797,0,0,0,0,4.926984786987305,8589934592,2147483648,5908135936,407961600
208,1772010627357,3204,3204,3204,3204,3204,3204,3204,3204,28.571430206298828,30.000001907348633,26.3157901763916,19.047618865966797,0,0,0,0,4.926984786987305,8589934592,2147483648,5910642688,407961600
207,1772010627566,3204,3204,3204,3204,3204,3204,3204,3204,30.000001907348633,20,19.047618865966797,20,0,0,0,0,5.467963695526123,8589934592,2147483648,5908709376,407961600
209,1772010627774,3204,3204,3204,3204,3204,3204,3204,3204,28.571430206298828,27.272727966308594,19.047618865966797,23.809524536132813,0,0,0,0,5.467963695526123,8589934592,2147483648,5911904256,407961600
202,1772010627984,3204,3204,3204,3204,3204,3204,3204,3204,23.809524536132813,20,19.047618865966797,19.047618865966797,4.761904716491699,4.761904716491699,4.761904716491699,4.761904716491699,5.467963695526123,8589934592,2147483648,5909397504,407961600
201,1772010628187,3204,3204,3204,3204,3204,3204,3204,3204,25,25,23.809524536132813,15.000000953674316,0,0,0,0,5.467963695526123,8589934592,2147483648,5910396928,407961600
209,1772010628389,3204,3204,3204,3204,3204,3204,3204,3204,30.000001907348633,33.333335876464844,30.000001907348633,28.571430206298828,20,20,0,5,5.467963695526123,8589934592,2147483648,5921521664,407961600
203,1772010628599,3204,3204,3204,3204,3204,3204,3204,3204,25,25,20,20,9.523809432983398,4.545454502105713,4.761904716491699,0,4.830071926116943,8589934592,2147483648,5908070400,407961600
205,1772010628803,3204,3204,3204,3204,3204,3204,3204,3204,33.333335876464844,28.571430206298828,20,19.047618865966797,0,0,0,0,4.830071926116943,8589934592,2147483648,5909954560,407961600
209,1772010629009,3204,3204,3204,3204,3204,3204,3204,3204,25,20,20,15.000000953674316,0,0,0,0,4.830071926116943,8589934592,2147483648,5908037632,407961600
202,1772010629219,3204,3204,3204,3204,3204,3204,3204,3204,27.272727966308594,19.047618865966797,18.18181800842285,23.809524536132813,8.69565200805664,0,0,0,4.830071926116943,8589934592,2147483648,5910167552,407961600
209,1772010629422,3204,3204,3204,3204,3204,3204,3204,3204,15.000000953674316,10.526315689086914,10,25,0,10,0,0,4.830071926116943,8589934592,2147483648,5912461312,407961600
206,1772010629632,3204,3204,3204,3204,3204,3204,3204,3204,20,19.047618865966797,15.000000953674316,23.809524536132813,0,0,0,0,5.117469310760498,8589934592,2147483648,5910970368,407961600
203,1772010629839,3204,3204,3204,3204,3204,3204,3204,3204,23.809524536132813,23.809524536132813,19.047618865966797,20,9.523809432983398,4.761904716491699,4.761904716491699,4.761904716491699,5.117469310760498,8589934592,2147483648,5913968640,407961600
201,1772010630042,3204,3204,3204,3204,3204,3204,3204,3204,20,23.809524536132813,20,25,0,0,0,0,5.117469310760498,8589934592,2147483648,5911150592,407961600
205,1772010630245,3204,3204,3204,3204,3204,3204,3204,3204,28.571430206298828,15.789472579956055,28.571430206298828,20,0,0,0,9.090909004211426,5.117469310760498,8589934592,2147483648,5911150592,407961600
209,1772010630450,3204,3204,3204,3204,3204,3204,3204,3204,31.57894515991211,38.095237731933594,25,31.81818199157715,28.571430206298828,30.000001907348633,19.047618865966797,10,5.117469310760498,8589934592,2147483648,5922668544,407961600
202,1772010630661,3204,3204,3204,3204,3204,3204,3204,3204,28.571430206298828,23.809524536132813,23.809524536132813,15.000000953674316,15.000000953674316,19.047618865966797,14.285715103149414,0,4.560681343078613,8589934592,2147483648,5910970368,407961600
207,1772010630864,3204,3204,3204,3204,3204,3204,3204,3204,28.571430206298828,20,20,20,4.761904716491699,4.761904716491699,0,5,4.560681343078613,8589934592,2147483648,5915066368,407961600
209,1772010631072,3204,3204,3204,3204,3204,3204,3204,3204,25,23.809524536132813,19.047618865966797,13.636363983154297,15.000000953674316,9.523809432983398,9.523809432983398,0,4.560681343078613,8589934592,2147483648,5912657920,407961600
206,1772010631282,3204,3204,3204,3204,3204,3204,3204,3204,28.571430206298828,20,23.809524536132813,20,0,0,0,0,4.560681343078613,8589934592,2147483648,5914116096,407961600
204,1772010631489,3204,3204,3204,3204,3204,3204,3204,3204,20,23.809524536132813,19.047618865966797,20,4.761904716491699,4.761904716491699,0,0,4.560681343078613,8589934592,2147483648,5912395776,407961600
203,1772010631694,3204,3204,3204,3204,3204,3204,3204,3204,20,15.000000953674316,10.526315689086914,27.272727966308594,4.761904716491699,0,5,4.761904716491699,5.106322765350342,8589934592,2147483648,5912428544,407961600
209,1772010631897,3204,3204,3204,3204,3204,3204,3204,3204,33.333335876464844,23.809524536132813,19.047618865966797,20,0,0,0,0,5.106322765350342,8589934592,2147483648,5912428544,407961600
200,1772010632108,3204,3204,3204,3204,3204,3204,3204,3204,23.809524536132813,23.809524536132813,23.809524536132813,14.285715103149414,0,0,0,0,5.106322765350342,8589934592,2147483648,5912428544,407961600
209,1772010632308,3204,3204,3204,3204,3204,3204,3204,3204,30.000001907348633,26.3157901763916,20,21.052631378173828,5,5,0,0,5.106322765350342,8589934592,2147483648,5912428544,407961600
209,1772010632518,3204,3204,3204,3204,3204,3204,3204,3204,19.047618865966797,25,15.000000953674316,9.523809432983398,0,4.545454502105713,0,0,5.106322765350342,8589934592,2147483648,5912330240,407961600
203,1772010632728,3204,3204,3204,3204,3204,3204,3204,3204,33.333335876464844,36.3636360168457,27.272727966308594,27.272727966308594,23.809524536132813,20,9.523809432983398,0,4.79678201675415,8589934592,2147483648,5911117824,407961600
201,1772010632932,3204,3204,3204,3204,3204,3204,3204,3204,20,25,25,20,5,5,4.761904716491699,5,4.79678201675415,8589934592,2147483648,5913690112,407961600
204,1772010633135,3204,3204,3204,3204,3204,3204,3204,3204,20,23.809524536132813,15.000000953674316,10.526315689086914,4.761904716491699,0,4.761904716491699,0,4.79678201675415,8589934592,2147483648,5910839296,407961600
201,1772010633340,3204,3204,3204,3204,3204,3204,3204,3204,25,35,28.571430206298828,20,0,0,0,0,4.79678201675415,8589934592,2147483648,5913919488,407961600
203,1772010633542,3204,3204,3204,3204,3204,3204,3204,3204,20,20,20,19.047618865966797,0,0,0,0,4.79678201675415,8589934592,2147483648,5911543808,407961600
209,1772010633746,3204,3204,3204,3204,3204,3204,3204,3204,28.571430206298828,25,15.789472579956055,15.000000953674316,0,0,0,0,4.763607978820801,8589934592,2147483648,5911527424,407961600
201,1772010633956,3204,3204,3204,3204,3204,3204,3204,3204,25,28.571430206298828,19.047618865966797,19.047618865966797,0,4.545454502105713,4.761904716491699,4.761904716491699,4.763607978820801,8589934592,2147483648,5911789568,407961600
207,1772010634158,3204,3204,3204,3204,3204,3204,3204,3204,23.809524536132813,15.000000953674316,23.809524536132813,10,10,5,5,5,4.763607978820801,8589934592,2147483648,5911232512,407961600
209,1772010634366,3204,3204,3204,3204,3204,3204,3204,3204,25,25,15.000000953674316,19.047618865966797,9.090909004211426,4.761904716491699,4.761904716491699,0,4.763607978820801,8589934592,2147483648,5917900800,407961600
201,1772010634576,3204,3204,3204,3204,3204,3204,3204,3204,28.571430206298828,19.047618865966797,27.272727966308594,19.047618865966797,0,0,0,0,4.836044788360596,8589934592,2147483648,5916065792,407961600
209,1772010634777,3204,3204,3204,3204,3204,3204,3204,3204,31.57894515991211,30.000001907348633,26.3157901763916,26.3157901763916,15.789472579956055,10,5,0,4.836044788360596,8589934592,2147483648,5927256064,407961600
208,1772010634988,3204,3204,3204,3204,3204,3204,3204,3204,27.272727966308594,36.3636360168457,19.047618865966797,18.18181800842285,22.72727394104004,9.523809432983398,0,4.545454502105713,4.836044788360596,8589934592,2147483648,5915213824,407961600
207,1772010635197,3204,3204,3204,3204,3204,3204,3204,3204,25,19.047618865966797,19.047618865966797,14.285715103149414,0,0,0,0,4.836044788360596,8589934592,2147483648,5914427392,407961600
206,1772010635405,3204,3204,3204,3204,3204,3204,3204,3204,28.571430206298828,25,25,15.000000953674316,0,4.761904716491699,4.761904716491699,0,4.836044788360596,8589934592,2147483648,5914427392,407961600
207,1772010635612,3204,3204,3204,3204,3204,3204,3204,3204,23.809524536132813,28.571430206298828,19.047618865966797,14.285715103149414,4.545454502105713,0,0,8.69565200805664,4.5908050537109375,8589934592,2147483648,5914918912,407961600
209,1772010635820,3204,3204,3204,3204,3204,3204,3204,3204,25,33.333335876464844,23.809524536132813,15.000000953674316,0,0,4.761904716491699,0,4.5908050537109375,8589934592,2147483648,5916573696,407961600
209,1772010636030,3204,3204,3204,3204,3204,3204,3204,3204,19.047618865966797,15.000000953674316,18.18181800842285,23.809524536132813,14.285715103149414,9.523809432983398,0,9.523809432983398,4.5908050537109375,8589934592,2147483648,5913739264,407961600
203,1772010636240,3204,3204,3204,3204,3204,3204,3204,3204,23.809524536132813,23.809524536132813,20,19.047618865966797,4.761904716491699,4.761904716491699,0,0,4.5908050537109375,8589934592,2147483648,5913690112,407961600
208,1772010636444,3204,3204,3204,3204,3204,3204,3204,3204,28.571430206298828,33.333335876464844,23.809524536132813,19.047618865966797,0,0,4.761904716491699,0,4.5908050537109375,8589934592,2147483648,5916065792,407961600
199,1772010636654,3204,3204,3204,3204,3204,3204,3204,3204,25,28.571430206298828,23.809524536132813,15.000000953674316,14.285715103149414,14.285715103149414,9.090909004211426,4.761904716491699,4.916145324707031,8589934592,2147483648,5913935872,407961600
209,1772010636854,3204,3204,3204,3204,3204,3204,3204,3204,40,33.333335876464844,33.333335876464844,38.095237731933594,23.809524536132813,19.047618865966797,5.555555820465088,5.263157844543457,4.916145324707031,8589934592,2147483648,5923995648,407961600
209,1772010637064,3204,3204,3204,3204,3204,3204,3204,3204,20,22.72727394104004,18.18181800842285,9.523809432983398,25,21.052631378173828,13.636363983154297,13.636363983154297,4.916145324707031,8589934592,2147483648,5914263552,407961600
200,1772010637274,3204,3204,3204,3204,3204,3204,3204,3204,31.81818199157715,23.809524536132813,35,23.809524536132813,5,9.090909004211426,4.761904716491699,5,4.916145324707031,8589934592,2147483648,5914263552,407961600
209,1772010637475,3204,3204,3204,3204,3204,3204,3204,3204,25,25,25,20,0,4.761904716491699,0,0,4.916145324707031,8589934592,2147483648,5914263552,407961600
205,1772010637685,3204,3204,3204,3204,3204,3204,3204,3204,28.571430206298828,20,19.047618865966797,10,4.545454502105713,0,0,0,4.673111438751221,8589934592,2147483648,5891342336,407961600
207,1772010637891,3204,3204,3204,3204,3204,3204,3204,3204,35,25,20,31.81818199157715,4.761904716491699,0,4.761904716491699,4.761904716491699,4.673111438751221,8589934592,2147483648,5893832704,407961600
202,1772010638099,3204,3204,3204,3204,3204,3204,3204,3204,19.047618865966797,18.18181800842285,18.18181800842285,21.052631378173828,0,4.761904716491699,0,0,4.673111438751221,8589934592,2147483648,5891325952,407961600
203,1772010638301,3204,3204,3204,3204,3204,3204,3204,3204,21.052631378173828,25,30.000001907348633,18.18181800842285,0,0,0,0,4.673111438751221,8589934592,2147483648,5890637824,407961600
205,1772010638507,3204,3204,3204,3204,3204,3204,3204,3204,52.38095474243164,45,50,47.36842346191406,4.761904716491699,0,0,0,4.673111438751221,8589934592,2147483648,5894029312,407961600
207,1772010638714,3204,3204,3204,3204,3204,3204,3204,3204,28.571430206298828,20,27.272727966308594,14.285715103149414,0,0,0,4.545454502105713,5.49783182144165,8589934592,2147483648,5892521984,407961600
208,1772010638922,3204,3204,3204,3204,3204,3204,3204,3204,28.571430206298828,31.81818199157715,21.052631378173828,28.571430206298828,4.545454502105713,4.761904716491699,4.761904716491699,0,5.49783182144165,8589934592,2147483648,5895602176,407961600
208,1772010639131,3204,3204,3204,3204,3204,3204,3204,3204,25,20,23.809524536132813,30.000001907348633,20,25,9.090909004211426,4.761904716491699,5.49783182144165,8589934592,2147483648,5892259840,407961600
206,1772010639340,3204,3204,3204,3204,3204,3204,3204,3204,20,23.809524536132813,19.047618865966797,22.72727394104004,9.523809432983398,14.285715103149414,4.761904716491699,0,5.49783182144165,8589934592,2147483648,5895045120,407961600
207,1772010639547,3204,3204,3204,3204,3204,3204,3204,3204,22.72727394104004,20,19.047618865966797,15.789472579956055,0,0,0,4.545454502105713,4.67029333114624,8589934592,2147483648,5892620288,407961600
204,1772010639755,3204,3204,3204,3204,3204,3204,3204,3204,20,27.272727966308594,20,28.571430206298828,4.545454502105713,0,0,0,4.67029333114624,8589934592,2147483648,5892538368,407961600
200,1772010639960,3204,3204,3204,3204,3204,3204,3204,3204,25,20,15.000000953674316,33.333335876464844,5,13.636363983154297,5,9.523809432983398,4.67029333114624,8589934592,2147483648,5895684096,407961600
203,1772010640162,3204,3204,3204,3204,3204,3204,3204,3204,25,25,19.047618865966797,20,0,0,0,0,4.67029333114624,8589934592,2147483648,5892653056,407961600
207,1772010640366,3204,3204,3204,3204,3204,3204,3204,3204,25,20,21.052631378173828,25,0,0,0,0,4.67029333114624,8589934592,2147483648,5895192576,407961600
203,1772010640574,3204,3204,3204,3204,3204,3204,3204,3204,23.809524536132813,23.809524536132813,31.81818199157715,14.285715103149414,13.636363983154297,5,9.090909004211426,4.761904716491699,4.928781986236572,8589934592,2147483648,5893718016,407961600
205,1772010640779,3204,3204,3204,3204,3204,3204,3204,3204,28.571430206298828,20,21.052631378173828,19.047618865966797,0,0,0,0,4.928781986236572,8589934592,2147483648,5893668864,407961600
204,1772010640984,3204,3204,3204,3204,3204,3204,3204,3204,25,25,27.272727966308594,20,9.523809432983398,4.761904716491699,0,15.000000953674316,4.928781986236572,8589934592,2147483648,5892997120,407961600
209,1772010641189,3204,3204,3204,3204,3204,3204,3204,3204,33.333335876464844,28.571430206298828,25,15.000000953674316,20,9.523809432983398,5,5,4.928781986236572,8589934592,2147483648,5902794752,407961600
208,1772010641400,3204,3204,3204,3204,3204,3204,3204,3204,30.000001907348633,38.095237731933594,28.571430206298828,28.571430206298828,23.809524536132813,28.571430206298828,14.285715103149414,13.636363983154297,4.928781986236572,8589934592,2147483648,5896011776,407961600
204,1772010641609,3204,3204,3204,3204,3204,3204,3204,3204,28.571430206298828,25,19.047618865966797,19.047618865966797,14.285715103149414,10,10,9.523809432983398,4.645773887634277,8589934592,2147483648,5893144576,407961600
200,1772010641814,3204,3204,3204,3204,3204,3204,3204,3204,25,23.809524536132813,23.809524536132813,10,25,20,14.285715103149414,9.523809432983398,4.645773887634277,8589934592,2147483648,5894930432,407961600
204,1772010642016,3204,3204,3204,3204,3204,3204,3204,3204,28.571430206298828,30.000001907348633,21.052631378173828,20,0,0,0,0,4.645773887634277,8589934592,2147483648,5896945664,407961600
202,1772010642221,3204,3204,3204,3204,3204,3204,3204,3204,21.052631378173828,26.3157901763916,19.047618865966797,19.047618865966797,9.090909004211426,4.761904716491699,4.761904716491699,4.761904716491699,4.645773887634277,8589934592,2147483648,5894373376,407961600
201,1772010642425,3204,3204,3204,3204,3204,3204,3204,3204,33.333335876464844,28.571430206298828,20,15.000000953674316,0,0,0,0,4.645773887634277,8589934592,2147483648,5896798208,407961600
209,1772010642627,3204,3204,3204,3204,3204,3204,3204,3204,20,25,15.000000953674316,30.000001907348633,0,0,0,0,5.329187393188477,8589934592,2147483648,5893898240,407961600
203,1772010642836,3204,3204,3204,3204,3204,3204,3204,3204,28.571430206298828,19.047618865966797,19.047618865966797,23.809524536132813,0,4.761904716491699,0,0,5.329187393188477,8589934592,2147483648,5893734400,407961600
200,1772010643041,3204,3204,3204,3204,3204,3204,3204,3204,20,23.809524536132813,19.047618865966797,25,0,0,4.761904716491699,0,5.329187393188477,8589934592,2147483648,5893865472,407961600
199,1772010643241,3204,3204,3204,3204,3204,3204,3204,3204,20,20,11.111111640930176,23.809524536132813,5,0,0,4.761904716491699,5.329187393188477,8589934592,2147483648,5893767168,407961600
201,1772010643442,3204,3204,3204,3204,3204,3204,3204,3204,35,31.57894515991211,38.095237731933594,31.57894515991211,25,28.571430206298828,0,0,5.329187393188477,8589934592,2147483648,5895782400,407961600
207,1772010643643,3204,3204,3204,3204,3204,3204,3204,3204,20,28.571430206298828,15.000000953674316,10,0,0,5,0,5.15653133392334,8589934592,2147483648,5893439488,407961600
205,1772010643852,3204,3204,3204,3204,3204,3204,3204,3204,23.809524536132813,33.333335876464844,15.000000953674316,18.18181800842285,4.545454502105713,0,0,0,5.15653133392334,8589934592,2147483648,5893160960,407961600
205,1772010644057,3204,3204,3204,3204,3204,3204,3204,3204,35,25,23.809524536132813,15.000000953674316,0,0,4.761904716491699,4.761904716491699,5.15653133392334,8589934592,2147483648,5893029888,407961600
201,1772010644264,3204,3204,3204,3204,3204,3204,3204,3204,71.42857360839844,65,60.000003814697266,52.6315803527832,14.285715103149414,10,0,4.761904716491699,5.15653133392334,8589934592,2147483648,5893029888,407961600
209,1772010644466,3204,3204,3204,3204,3204,3204,3204,3204,50,50,42.85714340209961,36.3636360168457,15.000000953674316,19.047618865966797,9.523809432983398,5.263157844543457,5.15653133392334,8589934592,2147483648,5893029888,407961600
209,1772010644676,3204,3204,3204,3204,3204,3204,3204,3204,52.38095474243164,47.619049072265625,42.85714340209961,47.619049072265625,9.523809432983398,9.523809432983398,4.545454502105713,0,4.8847737312316895,8589934592,2147483648,5893029888,407961600
206,1772010644886,3204,3204,3204,3204,3204,3204,3204,3204,47.619049072265625,33.333335876464844,55,45,4.761904716491699,0,0,4.545454502105713,4.8847737312316895,8589934592,2147483648,5917966336,407961600
204,1772010645093,3204,3204,3204,3204,3204,3204,3204,3204,71.42857360839844,70,71.42857360839844,66.66667175292969,0,4.761904716491699,0,0,4.8847737312316895,8589934592,2147483648,5918638080,407961600
207,1772010645299,3204,3204,3204,3204,3204,3204,3204,3204,47.36842346191406,47.619049072265625,55,35,5,0,4.761904716491699,0,4.8847737312316895,8589934592,2147483648,5918851072,407961600
209,1772010645507,3204,3204,3204,3204,3204,3204,3204,3204,59.09090805053711,54.54545593261719,52.38095474243164,52.38095474243164,14.285715103149414,18.18181800842285,5,4.761904716491699,4.8847737312316895,8589934592,2147483648,5930090496,407961600
203,1772010645717,3204,3204,3204,3204,3204,3204,3204,3204,30.000001907348633,25,42.85714340209961,38.095237731933594,15.000000953674316,10,9.090909004211426,4.545454502105713,5.452219009399414,8589934592,2147483648,5930090496,407961600
207,1772010645921,3204,3204,3204,3204,3204,3204,3204,3204,28.571430206298828,25,35,20,4.761904716491699,4.761904716491699,0,0,5.452219009399414,8589934592,2147483648,5921538048,407961600
205,1772010646128,3204,3204,3204,3204,3204,3204,3204,3204,40,28.571430206298828,33.333335876464844,28.571430206298828,22.72727394104004,5,9.523809432983398,9.523809432983398,5.452219009399414,8589934592,2147483648,5919473664,407961600
207,1772010646334,3204,3204,3204,3204,3204,3204,3204,3204,19.047618865966797,20,23.809524536132813,14.285715103149414,30.000001907348633,9.090909004211426,0,65,5.452219009399414,8589934592,2147483648,5917802496,407961600
208,1772010646542,3204,3204,3204,3204,3204,3204,3204,3204,20,20,20,10.526315689086914,100,5,0,4.545454502105713,5.452219009399414,8589934592,2147483648,5919522816,407961600
202,1772010646750,3204,3204,3204,3204,3204,3204,3204,3204,20,27.272727966308594,15.000000953674316,18.18181800842285,36.3636360168457,15.000000953674316,4.545454502105713,0,5.591056823730469,8589934592,2147483648,5919522816,407961600
204,1772010646953,3204,3204,3204,3204,3204,3204,3204,3204,27.272727966308594,26.3157901763916,19.047618865966797,20,70,61.904762268066406,0,4.761904716491699,5.591056823730469,8589934592,2147483648,5926535168,407961600
204,1772010647157,3204,3204,3204,3204,3204,3204,3204,3204,15.789472579956055,25,20,10.526315689086914,42.85714340209961,0,0,55,5.591056823730469,8589934592,2147483648,5924126720,407961600
203,1772010647362,3204,3204,3204,3204,3204,3204,3204,3204,35,36.3636360168457,28.571430206298828,31.81818199157715,15.000000953674316,0,4.761904716491699,20,5.591056823730469,8589934592,2147483648,5924126720,407961600
209,1772010647565,3204,3204,3204,3204,3204,3204,3204,3204,30.000001907348633,26.3157901763916,28.571430206298828,25,76.19047546386719,22.72727394104004,0,0,7.2138237953186035,8589934592,2147483648,5924126720,407961600
208,1772010647776,3204,3204,3204,3204,3204,3204,3204,3204,27.272727966308594,19.047618865966797,20,15.000000953674316,42.85714340209961,10,10,52.38095474243164,7.2138237953186035,8589934592,2147483648,5924126720,407961600
208,1772010647985,3204,3204,3204,3204,3204,3204,3204,3204,23.809524536132813,23.809524536132813,25,18.18181800842285,20,0,4.761904716491699,18.18181800842285,7.2138237953186035,8589934592,2147483648,5941444608,407961600
204,1772010648194,3204,3204,3204,3204,3204,3204,3204,3204,20,20,23.809524536132813,19.047618865966797,4.761904716491699,76.19047546386719,0,20,7.2138237953186035,8589934592,2147483648,5938987008,407961600
206,1772010648399,3204,3204,3204,3204,3204,3204,3204,3204,23.809524536132813,23.809524536132813,20,15.000000953674316,52.38095474243164,75,0,0,7.2138237953186035,8589934592,2147483648,5938987008,407961600
208,1772010648606,3204,3204,3204,3204,3204,3204,3204,3204,25,28.571430206298828,27.272727966308594,20,47.619049072265625,9.523809432983398,4.761904716491699,4.761904716491699,8.856682777404785,8589934592,2147483648,5939003392,407961600
209,1772010648814,3204,3204,3204,3204,3204,3204,3204,3204,33.333335876464844,30.000001907348633,25,28.571430206298828,15.000000953674316,45,9.090909004211426,40,8.856682777404785,8589934592,2147483648,5939003392,407961600
199,1772010649024,3204,3204,3204,3204,3204,3204,3204,3204,25,23.809524536132813,23.809524536132813,15.000000953674316,90.47618865966797,18.18181800842285,0,9.090909004211426,8.856682777404785,8589934592,2147483648,5938839552,407961600
208,1772010649224,3204,3204,3204,3204,3204,3204,3204,3204,15.789472579956055,25,15.789472579956055,15.000000953674316,23.809524536132813,25,0,0,8.856682777404785,8589934592,2147483648,5937299456,407961600
202,1772010649432,3204,3204,3204,3204,3204,3204,3204,3204,19.047618865966797,20,18.18181800842285,14.285715103149414,65,30.000001907348633,4.761904716491699,15.000000953674316,8.856682777404785,8589934592,2147483648,5938003968,407961600
209,1772010649635,3204,3204,3204,3204,3204,3204,3204,3204,27.272727966308594,25,20,19.047618865966797,84.21052551269531,4.761904716491699,14.285715103149414,0,9.811903953552246,8589934592,2147483648,5937168384,407961600
203,1772010649845,3204,3204,3204,3204,3204,3204,3204,3204,26.3157901763916,31.81818199157715,23.809524536132813,19.047618865966797,36.3636360168457,14.285715103149414,55,9.090909004211426,9.811903953552246,8589934592,2147483648,5936513024,407961600
209,1772010650049,3204,3204,3204,3204,3204,3204,3204,3204,27.272727966308594,30.000001907348633,20,10,45,0,0,57.894737243652344,9.811903953552246,8589934592,2147483648,5936316416,407961600
206,1772010650259,3204,3204,3204,3204,3204,3204,3204,3204,20,23.809524536132813,14.285715103149414,15.000000953674316,52.38095474243164,33.333335876464844,0,23.809524536132813,9.811903953552246,8589934592,2147483648,5937266688,407961600
204,1772010650466,3204,3204,3204,3204,3204,3204,3204,3204,25,28.571430206298828,20,22.72727394104004,0,30.000001907348633,0,4.761904716491699,9.811903953552246,8589934592,2147483648,5937823744,407961600
209,1772010650671,3204,3204,3204,3204,3204,3204,3204,3204,23.809524536132813,21.052631378173828,19.047618865966797,10.526315689086914,0,100,0,0,9.831859588623047,8589934592,2147483648,5937217536,407961600
203,1772010650881,3204,3204,3204,3204,3204,3204,3204,3204,19.047618865966797,19.047618865966797,19.047618865966797,18.18181800842285,4.545454502105713,100,0,0,9.831859588623047,8589934592,2147483648,5937217536,407961600
209,1772010651084,3204,3204,3204,3204,3204,3204,3204,3204,21.052631378173828,20,26.3157901763916,15.789472579956055,20,47.619049072265625,19.047618865966797,10,9.831859588623047,8589934592,2147483648,5936349184,407961600
205,1772010651294,3204,3204,3204,3204,3204,3204,3204,3204,23.809524536132813,22.72727394104004,19.047618865966797,18.18181800842285,0,95.23809814453125,0,4.761904716491699,9.831859588623047,8589934592,2147483648,5937004544,407961600
207,1772010651500,3204,3204,3204,3204,3204,3204,3204,3204,19.047618865966797,15.000000953674316,23.809524536132813,14.285715103149414,4.761904716491699,65,0,14.285715103149414,9.831859588623047,8589934592,2147483648,5937004544,407961600
207,1772010651707,3204,3204,3204,3204,3204,3204,3204,3204,25,19.047618865966797,28.571430206298828,15.000000953674316,4.545454502105713,20,28.571430206298828,0,9.670013427734375,8589934592,2147483648,5937004544,407961600
208,1772010651916,3204,3204,3204,3204,3204,3204,3204,3204,23.809524536132813,25,23.809524536132813,19.047618865966797,55,18.18181800842285,40,4.545454502105713,9.670013427734375,8589934592,2147483648,5937004544,407961600
200,1772010652124,3204,3204,3204,3204,3204,3204,3204,3204,31.81818199157715,23.809524536132813,25,25,4.761904716491699,15.000000953674316,9.523809432983398,19.047618865966797,9.670013427734375,8589934592,2147483648,5932597248,407961600
202,1772010652325,3204,3204,3204,3204,3204,3204,3204,3204,21.052631378173828,20,10.526315689086914,19.047618865966797,75,5,4.761904716491699,15.789472579956055,9.670013427734375,8589934592,2147483648,5938069504,407961600
200,1772010652528,3204,3204,3204,3204,3204,3204,3204,3204,25,25,23.809524536132813,21.052631378173828,57.894737243652344,23.809524536132813,0,4.761904716491699,9.670013427734375,8589934592,2147483648,5932089344,407961600
201,1772010652728,3204,3204,3204,3204,3204,3204,3204,3204,30.000001907348633,25,20,23.809524536132813,22.72727394104004,10,21.052631378173828,31.57894515991211,9.705167770385742,8589934592,2147483648,5935562752,407961600
205,1772010652930,3204,3204,3204,3204,3204,3204,3204,3204,25,25,20,15.789472579956055,63.15789031982422,35,4.761904716491699,4.761904716491699,9.705167770385742,8589934592,2147483648,5943590912,407961600
204,1772010653136,3204,3204,3204,3204,3204,3204,3204,3204,30.000001907348633,26.3157901763916,30.000001907348633,23.809524536132813,23.809524536132813,0,0,4.761904716491699,9.705167770385742,8589934592,2147483648,5931237376,407961600
209,1772010653341,3204,3204,3204,3204,3204,3204,3204,3204,19.047618865966797,28.571430206298828,20,10.526315689086914,95,4.761904716491699,0,0,9.705167770385742,8589934592,2147483648,5937725440,407961600
200,1772010653551,3204,3204,3204,3204,3204,3204,3204,3204,26.3157901763916,28.571430206298828,23.809524536132813,22.72727394104004,70,0,4.545454502105713,0,9.285953521728516,8589934592,2147483648,5928484864,407961600
203,1772010653751,3204,3204,3204,3204,3204,3204,3204,3204,25,23.809524536132813,20,20,57.142860412597656,0,0,10,9.285953521728516,8589934592,2147483648,5924208640,407961600
201,1772010653956,3204,3204,3204,3204,3204,3204,3204,3204,23.809524536132813,21.052631378173828,20,19.047618865966797,55,4.761904716491699,42.85714340209961,5,9.285953521728516,8589934592,2147483648,5925257216,407961600
209,1772010654157,3204,3204,3204,3204,3204,3204,3204,3204,47.36842346191406,55,47.619049072265625,47.36842346191406,30.000001907348633,30.000001907348633,0,5,9.285953521728516,8589934592,2147483648,5932089344,407961600
206,1772010654367,3204,3204,3204,3204,3204,3204,3204,3204,27.272727966308594,28.571430206298828,20,28.571430206298828,10,5,9.523809432983398,4.761904716491699,9.285953521728516,8589934592,2147483648,5928353792,407961600
203,1772010654574,3204,3204,3204,3204,3204,3204,3204,3204,35,38.095237731933594,28.571430206298828,33.333335876464844,13.636363983154297,0,0,0,10.320138931274414,8589934592,2147483648,5931171840,407961600
209,1772010654778,3204,3204,3204,3204,3204,3204,3204,3204,30.000001907348633,25,25,25,5,15.000000953674316,0,28.571430206298828,10.320138931274414,8589934592,2147483648,5931433984,407961600
208,1772010654988,3204,3204,3204,3204,3204,3204,3204,3204,22.72727394104004,19.047618865966797,18.18181800842285,19.047618865966797,5,9.090909004211426,4.761904716491699,9.523809432983398,10.320138931274414,8589934592,2147483648,5931483136,407961600
204,1772010655197,3204,3204,3204,3204,3204,3204,3204,3204,35,25,25,19.047618865966797,4.545454502105713,19.047618865966797,0,0,10.320138931274414,8589934592,2147483648,5933940736,407961600
207,1772010655401,3204,3204,3204,3204,3204,3204,3204,3204,25,19.047618865966797,15.000000953674316,15.000000953674316,5,20,0,0,10.320138931274414,8589934592,2147483648,5934137344,407961600
202,1772010655609,3204,3204,3204,3204,3204,3204,3204,3204,28.571430206298828,25,27.272727966308594,15.000000953674316,4.761904716491699,4.761904716491699,4.761904716491699,0,8.379575729370117,8589934592,2147483648,5935693824,407961600
201,1772010655812,3204,3204,3204,3204,3204,3204,3204,3204,30.000001907348633,25,21.052631378173828,19.047618865966797,0,0,0,0,8.379575729370117,8589934592,2147483648,5936447488,407961600
209,1772010656014,3204,3204,3204,3204,3204,3204,3204,3204,38.095237731933594,35,30.000001907348633,26.3157901763916,10.526315689086914,15.000000953674316,23.809524536132813,5,8.379575729370117,8589934592,2147483648,5931909120,407961600
209,1772010656224,3204,3204,3204,3204,3204,3204,3204,3204,28.571430206298828,33.333335876464844,28.571430206298828,30.434782028198242,27.272727966308594,23.809524536132813,4.761904716491699,4.761904716491699,8.379575729370117,8589934592,2147483648,5933531136,407961600
207,1772010656434,3204,3204,3204,3204,3204,3204,3204,3204,21.052631378173828,31.81818199157715,19.047618865966797,15.000000953674316,0,9.523809432983398,0,0,8.379575729370117,8589934592,2147483648,5933924352,407961600
208,1772010656641,3204,3204,3204,3204,3204,3204,3204,3204,31.81818199157715,30.000001907348633,33.333335876464844,25,0,0,0,0,5.248816967010498,8589934592,2147483648,5933924352,407961600
207,1772010656850,3204,3204,3204,3204,3204,3204,3204,3204,20,23.809524536132813,14.285715103149414,23.809524536132813,4.761904716491699,4.761904716491699,4.761904716491699,0,5.248816967010498,8589934592,2147483648,5933924352,407961600
209,1772010657058,3204,3204,3204,3204,3204,3204,3204,3204,23.809524536132813,20,20,27.272727966308594,0,0,0,4.545454502105713,5.248816967010498,8589934592,2147483648,5933924352,407961600
203,1772010657268,3204,3204,3204,3204,3204,3204,3204,3204,25,28.571430206298828,19.047618865966797,15.000000953674316,9.523809432983398,4.761904716491699,9.090909004211426,0,5.248816967010498,8589934592,2147483648,5936250880,407961600
208,1772010657472,3204,3204,3204,3204,3204,3204,3204,3204,28.571430206298828,20,15.000000953674316,20,0,4.761904716491699,0,4.761904716491699,5.248816967010498,8589934592,2147483648,5929893888,407961600
205,1772010657680,3204,3204,3204,3204,3204,3204,3204,3204,30.000001907348633,23.809524536132813,28.571430206298828,19.047618865966797,0,0,0,0,5.283246040344238,8589934592,2147483648,5932400640,407961600
208,1772010657886,3204,3204,3204,3204,3204,3204,3204,3204,25,23.809524536132813,15.000000953674316,15.000000953674316,0,0,0,0,5.283246040344238,8589934592,2147483648,5932400640,407961600
209,1772010658095,3204,3204,3204,3204,3204,3204,3204,3204,31.81818199157715,23.809524536132813,19.047618865966797,18.18181800842285,9.090909004211426,9.090909004211426,4.545454502105713,0,5.283246040344238,8589934592,2147483648,5932400640,407961600
209,1772010658305,3204,3204,3204,3204,3204,3204,3204,3204,33.333335876464844,25,33.333335876464844,23.809524536132813,9.523809432983398,4.761904716491699,5,0,5.283246040344238,8589934592,2147483648,5941395456,407961600
207,1772010658515,3204,3204,3204,3204,3204,3204,3204,3204,25,25,19.047618865966797,20,9.523809432983398,10,9.523809432983398,9.523809432983398,5.283246040344238,8589934592,2147483648,5929320448,407961600
209,1772010658723,3204,3204,3204,3204,3204,3204,3204,3204,28.571430206298828,28.571430206298828,28.571430206298828,25,0,0,0,0,4.6570634841918945,8589934592,2147483648,5932613632,407961600
204,1772010658933,3204,3204,3204,3204,3204,3204,3204,3204,23.809524536132813,31.81818199157715,19.047618865966797,9.523809432983398,0,0,0,0,4.6570634841918945,8589934592,2147483648,5930123264,407961600
203,1772010659138,3204,3204,3204,3204,3204,3204,3204,3204,25,25,25,19.047618865966797,14.285715103149414,10.526315689086914,5.263157844543457,9.523809432983398,4.6570634841918945,8589934592,2147483648,5933711360,407961600
209,1772010659342,3204,3204,3204,3204,3204,3204,3204,3204,33.333335876464844,30.000001907348633,25,25,19.047618865966797,14.285715103149414,13.636363983154297,5,4.6570634841918945,8589934592,2147483648,5931745280,407961600
204,1772010659552,3204,3204,3204,3204,3204,3204,3204,3204,20,22.72727394104004,13.636363983154297,13.636363983154297,4.761904716491699,4.761904716491699,0,9.523809432983398,4.830581188201904,8589934592,2147483648,5931712512,407961600
202,1772010659757,3204,3204,3204,3204,3204,3204,3204,3204,28.571430206298828,20,21.052631378173828,15.000000953674316,5,5,4.761904716491699,5,4.830581188201904,8589934592,2147483648,5931712512,407961600
208,1772010659960,3204,3204,3204,3204,3204,3204,3204,3204,21.052631378173828,35,19.047618865966797,19.047618865966797,5,4.761904716491699,5,4.761904716491699,4.830581188201904,8589934592,2147483648,5931712512,407961600
204,1772010660169,3204,3204,3204,3204,3204,3204,3204,3204,27.272727966308594,26.3157901763916,20,15.000000953674316,4.761904716491699,4.761904716491699,4.761904716491699,4.761904716491699,4.830581188201904,8589934592,2147483648,5931712512,407961600
209,1772010660374,3204,3204,3204,3204,3204,3204,3204,3204,25,23.809524536132813,28.571430206298828,20,5.263157844543457,9.523809432983398,5,5,4.830581188201904,8589934592,2147483648,5935218688,407961600
199,1772010660584,3204,3204,3204,3204,3204,3204,3204,3204,23.809524536132813,28.571430206298828,25,23.809524536132813,30.434782028198242,19.047618865966797,4.545454502105713,9.523809432983398,5.176957607269287,8589934592,2147483648,5934546944,407961600
202,1772010660784,3204,3204,3204,3204,3204,3204,3204,3204,26.3157901763916,20,20,20,0,0,0,4.761904716491699,5.176957607269287,8589934592,2147483648,5938462720,407961600
209,1772010660987,3204,3204,3204,3204,3204,3204,3204,3204,33.333335876464844,25,23.809524536132813,15.000000953674316,15.000000953674316,9.523809432983398,0,0,5.176957607269287,8589934592,2147483648,5937774592,407961600
207,1772010661197,3204,3204,3204,3204,3204,3204,3204,3204,28.571430206298828,23.809524536132813,25,23.809524536132813,9.523809432983398,4.761904716491699,4.761904716491699,0,5.176957607269287,8589934592,2147483648,5941608448,407961600
199,1772010661405,3204,3204,3204,3204,3204,3204,3204,3204,20,28.571430206298828,15.000000953674316,15.000000953674316,0,0,0,0,5.176957607269287,8589934592,2147483648,5939003392,407961600
202,1772010661605,3204,3204,3204,3204,3204,3204,3204,3204,25,26.3157901763916,23.809524536132813,15.000000953674316,5,0,0,0,5.00248384475708,8589934592,2147483648,5931679744,407961600
200,1772010661808,3204,3204,3204,3204,3204,3204,3204,3204,23.809524536132813,31.81818199157715,19.047618865966797,15.000000953674316,0,0,0,4.761904716491699,5.00248384475708,8589934592,2147483648,5935972352,407961600
202,1772010662008,3204,3204,3204,3204,3204,3204,3204,3204,26.3157901763916,16.666667938232422,20,19.047618865966797,0,4.761904716491699,4.761904716491699,0,5.00248384475708,8589934592,2147483648,5933842432,407961600
206,1772010662211,3204,3204,3204,3204,3204,3204,3204,3204,30.000001907348633,27.272727966308594,15.000000953674316,15.789472579956055,0,0,0,0,5.00248384475708,8589934592,2147483648,5931728896,407961600
199,1772010662418,3204,3204,3204,3204,3204,3204,3204,3204,23.809524536132813,21.052631378173828,20,19.047618865966797,13.636363983154297,4.761904716491699,9.090909004211426,4.761904716491699,5.00248384475708,8589934592,2147483648,5929156608,407961600
205,1772010662618,3204,3204,3204,3204,3204,3204,3204,3204,35,30.000001907348633,25,28.571430206298828,15.789472579956055,10,0,10,4.816396236419678,8589934592,2147483648,5938380800,407961600
201,1772010662824,3204,3204,3204,3204,3204,3204,3204,3204,30.000001907348633,28.571430206298828,23.809524536132813,15.000000953674316,14.285715103149414,10,0,0,4.816396236419678,8589934592,2147483648,5932220416,407961600
209,1772010663026,3204,3204,3204,3204,3204,3204,3204,3204,20,15.000000953674316,25,20,5,4.761904716491699,4.761904716491699,0,4.816396236419678,8589934592,2147483648,5928943616,407961600
202,1772010663236,3204,3204,3204,3204,3204,3204,3204,3204,23.809524536132813,23.809524536132813,30.000001907348633,19.047618865966797,0,0,0,0,4.816396236419678,8589934592,2147483648,5931499520,407961600
201,1772010663439,3204,3204,3204,3204,3204,3204,3204,3204,25,20,25,19.047618865966797,4.761904716491699,0,0,4.761904716491699,4.816396236419678,8589934592,2147483648,5928828928,407961600
208,1772010663640,3204,3204,3204,3204,3204,3204,3204,3204,23.809524536132813,20,28.571430206298828,15.789472579956055,0,0,0,0,4.730119705200195,8589934592,2147483648,5928845312,407961600
200,1772010663849,3204,3204,3204,3204,3204,3204,3204,3204,20,20,30.000001907348633,18.18181800842285,0,0,0,0,4.730119705200195,8589934592,2147483648,5931302912,407961600
207,1772010664050,3204,3204,3204,3204,3204,3204,3204,3204,25,19.047618865966797,25,16.666667938232422,5,5,5,0,4.730119705200195,8589934592,2147483648,5928845312,407961600
209,1772010664257,3204,3204,3204,3204,3204,3204,3204,3204,20,23.809524536132813,23.809524536132813,14.285715103149414,0,0,0,0,4.730119705200195,8589934592,2147483648,5928845312,407961600
202,1772010664468,3204,3204,3204,3204,3204,3204,3204,3204,22.72727394104004,19.047618865966797,14.285715103149414,19.047618865966797,4.761904716491699,4.761904716491699,0,0,4.730119705200195,8589934592,2147483648,5929500672,407961600
209,1772010664671,3204,3204,3204,3204,3204,3204,3204,3204,26.3157901763916,21.052631378173828,25,35,5,0,4.761904716491699,4.761904716491699,4.933075428009033,8589934592,2147483648,5933416448,407961600
201,1772010664881,3204,3204,3204,3204,3204,3204,3204,3204,33.333335876464844,38.095237731933594,25,27.272727966308594,25,22.72727394104004,9.523809432983398,5,4.933075428009033,8589934592,2147483648,5930975232,407961600
205,1772010665083,3204,3204,3204,3204,3204,3204,3204,3204,23.809524536132813,20,20,25,4.761904716491699,0,0,0,4.933075428009033,8589934592,2147483648,5931040768,407961600
206,1772010665289,3204,3204,3204,3204,3204,3204,3204,3204,30.000001907348633,28.571430206298828,33.333335876464844,25,0,0,0,0,4.933075428009033,8589934592,2147483648,5934317568,407961600
202,1772010665496,3204,3204,3204,3204,3204,3204,3204,3204,20,20,28.571430206298828,14.285715103149414,0,0,0,0,4.933075428009033,8589934592,2147483648,5931614208,407961600
200,1772010665699,3204,3204,3204,3204,3204,3204,3204,3204,30.000001907348633,25,20,15.789472579956055,0,0,4.761904716491699,0,4.548830986022949,8589934592,2147483648,5934006272,407961600
204,1772010665899,3204,3204,3204,3204,3204,3204,3204,3204,21.052631378173828,20,15.000000953674316,20,0,0,0,0,4.548830986022949,8589934592,2147483648,5932285952,407961600
209,1772010666104,3204,3204,3204,3204,3204,3204,3204,3204,27.272727966308594,20,28.571430206298828,19.047618865966797,28.571430206298828,10,0,4.761904716491699,4.548830986022949,8589934592,2147483648,5931696128,407961600
201,1772010666314,3204,3204,3204,3204,3204,3204,3204,3204,28.571430206298828,28.571430206298828,20,14.285715103149414,0,0,0,0,4.548830986022949,8589934592,2147483648,5934120960,407961600
207,1772010666516,3204,3204,3204,3204,3204,3204,3204,3204,21.052631378173828,19.047618865966797,20,20,0,0,0,0,4.548830986022949,8589934592,2147483648,5931663360,407961600
209,1772010666724,3204,3204,3204,3204,3204,3204,3204,3204,23.809524536132813,20,22.72727394104004,27.272727966308594,0,4.545454502105713,0,0,5.216565132141113,8589934592,2147483648,5933891584,407961600
200,1772010666934,3204,3204,3204,3204,3204,3204,3204,3204,40,45.45454788208008,30.000001907348633,40,23.809524536132813,9.523809432983398,9.090909004211426,8.69565200805664,5.216565132141113,8589934592,2147483648,5948375040,407961600
200,1772010667134,3204,3204,3204,3204,3204,3204,3204,3204,52.38095474243164,52.6315803527832,52.38095474243164,36.842105865478516,10,5.263157844543457,0,0,5.216565132141113,8589934592,2147483648,5951455232,407961600
208,1772010667335,3204,3204,3204,3204,3204,3204,3204,3204,42.105262756347656,35,31.57894515991211,30.000001907348633,15.789472579956055,10,5.263157844543457,0,5.216565132141113,8589934592,2147483648,5939478528,407961600
206,1772010667544,3204,3204,3204,3204,3204,3204,3204,3204,33.333335876464844,38.095237731933594,33.333335876464844,31.81818199157715,9.090909004211426,4.761904716491699,0,4.761904716491699,5.216565132141113,8589934592,2147483648,5940576256,407961600
208,1772010667751,3204,3204,3204,3204,3204,3204,3204,3204,38.095237731933594,25,25,31.57894515991211,0,4.761904716491699,4.761904716491699,0,4.679749011993408,8589934592,2147483648,5943164928,407961600
203,1772010667960,3204,3204,3204,3204,3204,3204,3204,3204,36.3636360168457,33.333335876464844,28.571430206298828,22.72727394104004,4.545454502105713,4.761904716491699,0,4.761904716491699,4.679749011993408,8589934592,2147483648,5940854784,407961600
209,1772010668164,3204,3204,3204,3204,3204,3204,3204,3204,33.333335876464844,35,35,35,0,0,0,0,4.679749011993408,8589934592,2147483648,5941018624,407961600
204,1772010668374,3204,3204,3204,3204,3204,3204,3204,3204,36.3636360168457,25,38.095237731933594,28.571430206298828,5,4.761904716491699,4.761904716491699,4.761904716491699,4.679749011993408,8589934592,2147483648,5944311808,407961600
208,1772010668579,3204,3204,3204,3204,3204,3204,3204,3204,45,38.095237731933594,47.619049072265625,45,0,0,0,0,5.415431499481201,8589934592,2147483648,5942132736,407961600
207,1772010668789,3204,3204,3204,3204,3204,3204,3204,3204,33.333335876464844,42.85714340209961,33.333335876464844,23.809524536132813,0,0,0,0,5.415431499481201,8589934592,2147483648,5944033280,407961600
204,1772010668997,3204,3204,3204,3204,3204,3204,3204,3204,47.619049072265625,42.85714340209961,35,33.333335876464844,18.18181800842285,4.761904716491699,4.761904716491699,0,5.415431499481201,8589934592,2147483648,5923618816,407961600
209,1772010669202,3204,3204,3204,3204,3204,3204,3204,3204,31.57894515991211,33.333335876464844,20,20,20,15.000000953674316,0,0,5.415431499481201,8589934592,2147483648,5915688960,407961600
206,1772010669411,3204,3204,3204,3204,3204,3204,3204,3204,27.272727966308594,21.052631378173828,28.571430206298828,14.285715103149414,0,9.090909004211426,0,4.545454502105713,5.415431499481201,8589934592,2147483648,5918162944,407961600
205,1772010669618,3204,3204,3204,3204,3204,3204,3204,3204,30.000001907348633,23.809524536132813,25,19.047618865966797,5,5,9.090909004211426,0,5.230008602142334,8589934592,2147483648,5915066368,407961600
209,1772010669824,3204,3204,3204,3204,3204,3204,3204,3204,19.047618865966797,28.571430206298828,20,15.000000953674316,0,4.545454502105713,0,0,5.230008602142334,8589934592,2147483648,5917622272,407961600
203,1772010670034,3204,3204,3204,3204,3204,3204,3204,3204,23.809524536132813,23.809524536132813,22.72727394104004,14.285715103149414,4.761904716491699,0,0,4.545454502105713,5.230008602142334,8589934592,2147483648,5915197440,407961600
202,1772010670238,3204,3204,3204,3204,3204,3204,3204,3204,21.052631378173828,26.3157901763916,20,23.809524536132813,0,0,0,0,5.230008602142334,8589934592,2147483648,5917622272,407961600
207,1772010670441,3204,3204,3204,3204,3204,3204,3204,3204,38.095237731933594,33.333335876464844,30.000001907348633,21.052631378173828,0,0,0,0,5.230008602142334,8589934592,2147483648,5914656768,407961600
206,1772010670649,3204,3204,3204,3204,3204,3204,3204,3204,40,35,28.571430206298828,31.81818199157715,4.761904716491699,4.761904716491699,4.761904716491699,0,5.159722328186035,8589934592,2147483648,5916622848,407961600
200,1772010670855,3204,3204,3204,3204,3204,3204,3204,3204,33.333335876464844,28.571430206298828,28.571430206298828,20,0,0,0,0,5.159722328186035,8589934592,2147483648,5919916032,407961600
207,1772010671056,3204,3204,3204,3204,3204,3204,3204,3204,25,20,21.052631378173828,19.047618865966797,14.285715103149414,10.526315689086914,5.263157844543457,0,5.159722328186035,8589934592,2147483648,5917409280,407961600
209,1772010671264,3204,3204,3204,3204,3204,3204,3204,3204,28.571430206298828,30.000001907348633,28.571430206298828,25,23.809524536132813,19.047618865966797,4.761904716491699,4.761904716491699,5.159722328186035,8589934592,2147483648,5905973248,407961600
209,1772010671474,3204,3204,3204,3204,3204,3204,3204,3204,25,22.72727394104004,27.272727966308594,14.285715103149414,0,4.761904716491699,0,0,5.159722328186035,8589934592,2147483648,5905055744,407961600
204,1772010671684,3204,3204,3204,3204,3204,3204,3204,3204,27.272727966308594,25,15.000000953674316,15.000000953674316,0,0,0,0,4.784393787384033,8589934592,2147483648,5904400384,407961600
209,1772010671889,3204,3204,3204,3204,3204,3204,3204,3204,26.3157901763916,28.571430206298828,20,15.000000953674316,0,0,0,0,4.784393787384033,8589934592,2147483648,5906710528,407961600
207,1772010672099,3204,3204,3204,3204,3204,3204,3204,3204,36.3636360168457,19.047618865966797,19.047618865966797,19.047618865966797,4.761904716491699,9.090909004211426,4.545454502105713,4.545454502105713,4.784393787384033,8589934592,2147483648,5904105472,407961600
209,1772010672308,3204,3204,3204,3204,3204,3204,3204,3204,30.000001907348633,15.000000953674316,23.809524536132813,23.809524536132813,4.761904716491699,0,0,0,4.784393787384033,8589934592,2147483648,5906300928,407961600
203,1772010672518,3204,3204,3204,3204,3204,3204,3204,3204,20,27.272727966308594,19.047618865966797,23.809524536132813,0,4.545454502105713,0,8.69565200805664,4.784393787384033,8589934592,2147483648,5903843328,407961600
200,1772010672722,3204,3204,3204,3204,3204,3204,3204,3204,27.272727966308594,25,20,30.000001907348633,4.761904716491699,0,5,5,5.154833793640137,8589934592,2147483648,5904138240,407961600
209,1772010672923,3204,3204,3204,3204,3204,3204,3204,3204,26.3157901763916,25,20,19.047618865966797,0,4.761904716491699,0,0,5.154833793640137,8589934592,2147483648,5904154624,407961600
209,1772010673133,3204,3204,3204,3204,3204,3204,3204,3204,27.272727966308594,20,18.18181800842285,15.000000953674316,4.761904716491699,0,0,0,5.154833793640137,8589934592,2147483648,5904154624,407961600
205,1772010673343,3204,3204,3204,3204,3204,3204,3204,3204,38.095237731933594,31.81818199157715,25,31.81818199157715,23.809524536132813,14.285715103149414,9.090909004211426,0,5.154833793640137,8589934592,2147483648,5904154624,407961600
205,1772010673550,3204,3204,3204,3204,3204,3204,3204,3204,26.3157901763916,25,23.809524536132813,15.789472579956055,14.285715103149414,15.000000953674316,4.761904716491699,4.761904716491699,4.8024001121521,8589934592,2147483648,5904154624,407961600
201,1772010673756,3204,3204,3204,3204,3204,3204,3204,3204,23.809524536132813,28.571430206298828,15.789472579956055,22.72727394104004,4.761904716491699,0,0,0,4.8024001121521,8589934592,2147483648,5904809984,407961600
209,1772010673958,3204,3204,3204,3204,3204,3204,3204,3204,30.000001907348633,31.57894515991211,27.272727966308594,15.789472579956055,0,4.761904716491699,4.761904716491699,4.761904716491699,4.8024001121521,8589934592,2147483648,5904793600,407961600
205,1772010674168,3204,3204,3204,3204,3204,3204,3204,3204,23.809524536132813,19.047618865966797,20,19.047618865966797,4.761904716491699,0,0,0,4.8024001121521,8589934592,2147483648,5904793600,407961600
205,1772010674374,3204,3204,3204,3204,3204,3204,3204,3204,35,23.809524536132813,20,19.047618865966797,0,0,0,0,4.8024001121521,8589934592,2147483648,5904793600,407961600
209,1772010674581,3204,3204,3204,3204,3204,3204,3204,3204,27.272727966308594,15.000000953674316,23.809524536132813,10,9.523809432983398,9.523809432983398,9.523809432983398,9.090909004211426,5.02816104888916,8589934592,2147483648,5904793600,407961600
206,1772010674791,3204,3204,3204,3204,3204,3204,3204,3204,25,22.72727394104004,19.047618865966797,18.18181800842285,0,0,0,0,5.02816104888916,8589934592,2147483648,5908037632,407961600
202,1772010674997,3204,3204,3204,3204,3204,3204,3204,3204,20,21.052631378173828,23.809524536132813,15.000000953674316,4.761904716491699,4.761904716491699,4.761904716491699,4.761904716491699,5.02816104888916,8589934592,2147483648,5908103168,407961600
205,1772010675200,3204,3204,3204,3204,3204,3204,3204,3204,30.000001907348633,23.809524536132813,21.052631378173828,20,0,0,0,0,5.02816104888916,8589934592,2147483648,5907415040,407961600
209,1772010675405,3204,3204,3204,3204,3204,3204,3204,3204,33.333335876464844,30.000001907348633,33.333335876464844,28.571430206298828,9.523809432983398,9.090909004211426,0,0,5.02816104888916,8589934592,2147483648,5920997376,407961600
205,1772010675616,3204,3204,3204,3204,3204,3204,3204,3204,28.571430206298828,22.72727394104004,19.047618865966797,20,15.000000953674316,19.047618865966797,0,4.761904716491699,4.85844612121582,8589934592,2147483648,5907054592,407961600
201,1772010675822,3204,3204,3204,3204,3204,3204,3204,3204,25,20,19.047618865966797,31.81818199157715,4.545454502105713,0,0,0,4.85844612121582,8589934592,2147483648,5908922368,407961600
209,1772010676024,3204,3204,3204,3204,3204,3204,3204,3204,25,25,25,15.789472579956055,5.263157844543457,9.523809432983398,0,5,4.85844612121582,8589934592,2147483648,5910069248,407961600
205,1772010676235,3204,3204,3204,3204,3204,3204,3204,3204,23.809524536132813,23.809524536132813,15.000000953674316,18.18181800842285,4.545454502105713,0,0,0,4.85844612121582,8589934592,2147483648,5910069248,407961600
206,1772010676440,3204,3204,3204,3204,3204,3204,3204,3204,23.809524536132813,20,25,15.000000953674316,4.761904716491699,0,9.090909004211426,4.761904716491699,4.85844612121582,8589934592,2147483648,5910069248,407961600
209,1772010676648,3204,3204,3204,3204,3204,3204,3204,3204,33.333335876464844,19.047618865966797,19.047618865966797,15.000000953674316,0,0,0,0,4.965607166290283,8589934592,2147483648,5910069248,407961600
205,1772010676857,3204,3204,3204,3204,3204,3204,3204,3204,21.052631378173828,23.809524536132813,22.72727394104004,19.047618865966797,0,4.545454502105713,0,4.761904716491699,4.965607166290283,8589934592,2147483648,5908627456,407961600
208,1772010677064,3204,3204,3204,3204,3204,3204,3204,3204,27.272727966308594,23.809524536132813,25,18.18181800842285,0,0,0,0,4.965607166290283,8589934592,2147483648,5906104320,407961600
200,1772010677273,3204,3204,3204,3204,3204,3204,3204,3204,19.047618865966797,25,15.000000953674316,15.789472579956055,4.761904716491699,9.090909004211426,4.761904716491699,4.761904716491699,4.965607166290283,8589934592,2147483648,5905301504,407961600
199,1772010677474,3204,3204,3204,3204,3204,3204,3204,3204,26.3157901763916,21.052631378173828,20,23.809524536132813,0,0,0,0,4.965607166290283,8589934592,2147483648,5906006016,407961600
209,1772010677674,3204,3204,3204,3204,3204,3204,3204,3204,47.619049072265625,42.85714340209961,42.85714340209961,30.000001907348633,15.789472579956055,21.052631378173828,0,5,4.711236476898193,8589934592,2147483648,5895585792,407961600
209,1772010677884,3204,3204,3204,3204,3204,3204,3204,3204,26.3157901763916,25,25,19.047618865966797,4.545454502105713,9.090909004211426,4.545454502105713,4.761904716491699,4.711236476898193,8589934592,2147483648,5898731520,407961600
202,1772010678094,3204,3204,3204,3204,3204,3204,3204,3204,22.72727394104004,23.809524536132813,19.047618865966797,14.285715103149414,0,0,0,0,4.711236476898193,8589934592,2147483648,5896142848,407961600
209,1772010678296,3204,3204,3204,3204,3204,3204,3204,3204,26.3157901763916,23.809524536132813,20,15.789472579956055,0,0,0,0,4.711236476898193,8589934592,2147483648,5896126464,407961600
205,1772010678507,3204,3204,3204,3204,3204,3204,3204,3204,31.81818199157715,20,22.72727394104004,18.18181800842285,0,0,0,0,4.711236476898193,8589934592,2147483648,5896192000,407961600
207,1772010678713,3204,3204,3204,3204,3204,3204,3204,3204,28.571430206298828,20,15.789472579956055,15.789472579956055,4.761904716491699,0,0,0,4.642642021179199,8589934592,2147483648,5896192000,407961600
208,1772010678920,3204,3204,3204,3204,3204,3204,3204,3204,35,33.333335876464844,31.81818199157715,23.809524536132813,0,0,0,0,4.642642021179199,8589934592,2147483648,5897371648,407961600
201,1772010679129,3204,3204,3204,3204,3204,3204,3204,3204,19.047618865966797,22.72727394104004,20,14.285715103149414,4.761904716491699,4.545454502105713,4.761904716491699,4.545454502105713,4.642642021179199,8589934592,2147483648,5894897664,407961600
201,1772010679331,3204,3204,3204,3204,3204,3204,3204,3204,15.789472579956055,22.22222328186035,20,15.000000953674316,0,0,0,0,4.642642021179199,8589934592,2147483648,5894897664,407961600
204,1772010679533,3204,3204,3204,3204,3204,3204,3204,3204,28.571430206298828,22.72727394104004,30.000001907348633,15.000000953674316,5.263157844543457,0,0,0,4.642642021179199,8589934592,2147483648,5894897664,407961600
209,1772010679738,3204,3204,3204,3204,3204,3204,3204,3204,25,26.3157901763916,33.333335876464844,19.047618865966797,9.523809432983398,13.636363983154297,4.761904716491699,5,4.824162006378174,8589934592,2147483648,5894897664,407961600
208,1772010679948,3204,3204,3204,3204,3204,3204,3204,3204,23.809524536132813,28.571430206298828,20,23.809524536132813,14.285715103149414,15.000000953674316,0,0,4.824162006378174,8589934592,2147483648,5897961472,407961600
209,1772010680157,3204,3204,3204,3204,3204,3204,3204,3204,20,28.571430206298828,27.272727966308594,14.285715103149414,0,4.545454502105713,0,0,4.824162006378174,8589934592,2147483648,5895503872,407961600
206,1772010680368,3204,3204,3204,3204,3204,3204,3204,3204,22.72727394104004,28.571430206298828,19.047618865966797,19.047618865966797,0,0,0,0,4.824162006378174,8589934592,2147483648,5895503872,407961600
209,1772010680574,3204,3204,3204,3204,3204,3204,3204,3204,30.000001907348633,28.571430206298828,35,20,4.761904716491699,0,4.545454502105713,0,4.602023601531982,8589934592,2147483648,5896257536,407961600
199,1772010680784,3204,3204,3204,3204,3204,3204,3204,3204,19.047618865966797,19.047618865966797,23.809524536132813,14.285715103149414,9.090909004211426,4.761904716491699,0,4.545454502105713,4.602023601531982,8589934592,2147483648,5896241152,407961600
202,1772010680984,3204,3204,3204,3204,3204,3204,3204,3204,30.000001907348633,26.3157901763916,25,20,0,5,9.523809432983398,0,4.602023601531982,8589934592,2147483648,5895798784,407961600
200,1772010681187,3204,3204,3204,3204,3204,3204,3204,3204,25,20,15.789472579956055,10,25,20,5,14.285715103149414,4.602023601531982,8589934592,2147483648,5896454144,407961600
209,1772010681388,3204,3204,3204,3204,3204,3204,3204,3204,42.105262756347656,40,28.571430206298828,30.000001907348633,4.761904716491699,5,0,0,4.602023601531982,8589934592,2147483648,5902663680,407961600
208,1772010681598,3204,3204,3204,3204,3204,3204,3204,3204,27.272727966308594,40.90909194946289,19.047618865966797,19.047618865966797,9.090909004211426,4.761904716491699,4.761904716491699,4.761904716491699,4.874338626861572,8589934592,2147483648,5902663680,407961600
203,1772010681807,3204,3204,3204,3204,3204,3204,3204,3204,20,25,20,14.285715103149414,5,4.761904716491699,4.761904716491699,0,4.874338626861572,8589934592,2147483648,5902663680,407961600
209,1772010682010,3204,3204,3204,3204,3204,3204,3204,3204,35,33.333335876464844,28.571430206298828,26.3157901763916,36.842105865478516,14.285715103149414,5,5,4.874338626861572,8589934592,2147483648,5900943360,407961600
209,1772010682220,3204,3204,3204,3204,3204,3204,3204,3204,19.047618865966797,15.000000953674316,23.809524536132813,13.636363983154297,9.090909004211426,5,4.761904716491699,4.545454502105713,4.874338626861572,8589934592,2147483648,5901582336,407961600
209,1772010682430,3204,3204,3204,3204,3204,3204,3204,3204,33.333335876464844,28.571430206298828,19.047618865966797,15.000000953674316,4.761904716491699,4.761904716491699,0,4.761904716491699,4.874338626861572,8589934592,2147483648,5903958016,407961600
209,1772010682640,3204,3204,3204,3204,3204,3204,3204,3204,23.809524536132813,19.047618865966797,25,14.285715103149414,4.761904716491699,4.761904716491699,4.761904716491699,4.761904716491699,5.03322696685791,8589934592,2147483648,5901664256,407961600
206,1772010682850,3204,3204,3204,3204,3204,3204,3204,3204,19.047618865966797,20,23.809524536132813,13.636363983154297,0,0,0,0,5.03322696685791,8589934592,2147483648,5901713408,407961600
208,1772010683058,3204,3204,3204,3204,3204,3204,3204,3204,28.571430206298828,22.72727394104004,28.571430206298828,19.047618865966797,4.761904716491699,4.761904716491699,4.761904716491699,0,5.03322696685791,8589934592,2147483648,5901254656,407961600
201,1772010683267,3204,3204,3204,3204,3204,3204,3204,3204,20,19.047618865966797,23.809524536132813,10,4.545454502105713,4.545454502105713,4.545454502105713,4.545454502105713,5.03322696685791,8589934592,2147483648,5901254656,407961600
203,1772010683470,3204,3204,3204,3204,3204,3204,3204,3204,23.809524536132813,26.3157901763916,15.000000953674316,25,0,5,5,0,5.03322696685791,8589934592,2147483648,5904171008,407961600
200,1772010683674,3204,3204,3204,3204,3204,3204,3204,3204,30.000001907348633,19.047618865966797,20,19.047618865966797,9.523809432983398,5,4.761904716491699,9.090909004211426,5.0639543533325195,8589934592,2147483648,5902041088,407961600
200,1772010683875,3204,3204,3204,3204,3204,3204,3204,3204,30.000001907348633,15.789472579956055,15.000000953674316,10,4.761904716491699,0,0,0,5.0639543533325195,8589934592,2147483648,5902041088,407961600
199,1772010684076,3204,3204,3204,3204,3204,3204,3204,3204,36.842105865478516,33.333335876464844,35,26.3157901763916,5.263157844543457,20,0,5,5.0639543533325195,8589934592,2147483648,5911674880,407961600
201,1772010684277,3204,3204,3204,3204,3204,3204,3204,3204,27.272727966308594,25,15.000000953674316,19.047618865966797,10,10.526315689086914,4.761904716491699,0,5.0639543533325195,8589934592,2147483648,5901828096,407961600
206,1772010684478,3204,3204,3204,3204,3204,3204,3204,3204,16.666667938232422,25,25,21.052631378173828,9.523809432983398,9.090909004211426,0,0,5.0639543533325195,8589934592,2147483648,5901828096,407961600
209,1772010684685,3204,3204,3204,3204,3204,3204,3204,3204,27.272727966308594,15.789472579956055,15.000000953674316,19.047618865966797,0,0,4.545454502105713,0,4.7901082038879395,8589934592,2147483648,5901828096,407961600
205,1772010684895,3204,3204,3204,3204,3204,3204,3204,3204,20,31.81818199157715,19.047618865966797,14.285715103149414,0,0,0,4.545454502105713,4.7901082038879395,8589934592,2147483648,5901828096,407961600
205,1772010685102,3204,3204,3204,3204,3204,3204,3204,3204,20,38.095237731933594,23.809524536132813,20,4.761904716491699,4.761904716491699,0,0,4.7901082038879395,8589934592,2147483648,5902090240,407961600
205,1772010685307,3204,3204,3204,3204,3204,3204,3204,3204,28.571430206298828,15.789472579956055,25,22.72727394104004,10,5,4.761904716491699,0,4.7901082038879395,8589934592,2147483648,5902073856,407961600
209,1772010685514,3204,3204,3204,3204,3204,3204,3204,3204,30.000001907348633,28.571430206298828,23.809524536132813,15.000000953674316,0,0,0,0,4.7901082038879395,8589934592,2147483648,5901959168,407961600
209,1772010685724,3204,3204,3204,3204,3204,3204,3204,3204,27.272727966308594,23.809524536132813,20,14.285715103149414,4.761904716491699,4.545454502105713,0,4.545454502105713,4.909739971160889,8589934592,2147483648,5901959168,407961600
204,1772010685934,3204,3204,3204,3204,3204,3204,3204,3204,28.571430206298828,19.047618865966797,14.285715103149414,15.000000953674316,0,0,0,0,4.909739971160889,8589934592,2147483648,5901975552,407961600
209,1772010686138,3204,3204,3204,3204,3204,3204,3204,3204,31.57894515991211,35,28.571430206298828,28.571430206298828,19.047618865966797,10,20,0,4.909739971160889,8589934592,2147483648,5916426240,407961600
203,1772010686349,3204,3204,3204,3204,3204,3204,3204,3204,23.809524536132813,23.809524536132813,15.000000953674316,23.809524536132813,14.285715103149414,23.809524536132813,4.545454502105713,4.545454502105713,4.909739971160889,8589934592,2147483648,5900730368,407961600
201,1772010686553,3204,3204,3204,3204,3204,3204,3204,3204,30.000001907348633,25,27.272727966308594,21.052631378173828,0,0,0,0,4.842422008514404,8589934592,2147483648,5900730368,407961600
208,1772010686756,3204,3204,3204,3204,3204,3204,3204,3204,28.571430206298828,20,15.789472579956055,22.72727394104004,0,0,0,0,4.842422008514404,8589934592,2147483648,5900730368,407961600
208,1772010686964,3204,3204,3204,3204,3204,3204,3204,3204,28.571430206298828,22.72727394104004,18.18181800842285,10,4.761904716491699,4.761904716491699,4.545454502105713,0,4.842422008514404,8589934592,2147483648,5900730368,407961600
199,1772010687173,3204,3204,3204,3204,3204,3204,3204,3204,35,20,20,19.047618865966797,0,0,0,4.761904716491699,4.842422008514404,8589934592,2147483648,5904121856,407961600
206,1772010687373,3204,3204,3204,3204,3204,3204,3204,3204,20,25,20,15.789472579956055,0,0,0,0,4.842422008514404,8589934592,2147483648,5901680640,407961600
208,1772010687581,3204,3204,3204,3204,3204,3204,3204,3204,25,28.571430206298828,25,19.047618865966797,4.761904716491699,0,0,0,4.97863245010376,8589934592,2147483648,5904367616,407961600
207,1772010687790,3204,3204,3204,3204,3204,3204,3204,3204,22.72727394104004,19.047618865966797,28.571430206298828,19.047618865966797,0,0,4.545454502105713,0,4.97863245010376,8589934592,2147483648,5901860864,407961600
209,1772010687998,3204,3204,3204,3204,3204,3204,3204,3204,15.789472579956055,20,25,14.285715103149414,0,0,0,0,4.97863245010376,8589934592,2147483648,5902794752,407961600
209,1772010688208,3204,3204,3204,3204,3204,3204,3204,3204,27.272727966308594,19.047618865966797,22.72727394104004,23.809524536132813,4.761904716491699,9.090909004211426,0,4.545454502105713,4.97863245010376,8589934592,2147483648,5903564800,407961600
205,1772010688418,3204,3204,3204,3204,3204,3204,3204,3204,28.571430206298828,28.571430206298828,20,20,28.571430206298828,20,5,0,4.97863245010376,8589934592,2147483648,5901058048,407961600
200,1772010688624,3204,3204,3204,3204,3204,3204,3204,3204,25,20,19.047618865966797,28.571430206298828,4.761904716491699,4.761904716491699,4.761904716491699,9.523809432983398,4.6793212890625,8589934592,2147483648,5903417344,407961600
206,1772010688825,3204,3204,3204,3204,3204,3204,3204,3204,28.571430206298828,20,19.047618865966797,20,0,0,0,0,4.6793212890625,8589934592,2147483648,5901139968,407961600
209,1772010689033,3204,3204,3204,3204,3204,3204,3204,3204,25,22.72727394104004,15.789472579956055,27.272727966308594,0,4.761904716491699,0,0,4.6793212890625,8589934592,2147483648,5903433728,407961600
204,1772010689243,3204,3204,3204,3204,3204,3204,3204,3204,23.809524536132813,20,18.18181800842285,20,0,0,0,0,4.6793212890625,8589934592,2147483648,5903597568,407961600
207,1772010689447,3204,3204,3204,3204,3204,3204,3204,3204,20,19.047618865966797,15.000000953674316,25,5,4.761904716491699,5,4.761904716491699,4.6793212890625,8589934592,2147483648,5901205504,407961600
199,1772010689655,3204,3204,3204,3204,3204,3204,3204,3204,23.809524536132813,15.789472579956055,23.809524536132813,19.047618865966797,9.523809432983398,4.761904716491699,0,4.761904716491699,4.889463901519775,8589934592,2147483648,5904465920,407961600
205,1772010689856,3204,3204,3204,3204,3204,3204,3204,3204,30.000001907348633,23.809524536132813,20,15.000000953674316,9.523809432983398,5,5,0,4.889463901519775,8589934592,2147483648,5901287424,407961600
202,1772010690062,3204,3204,3204,3204,3204,3204,3204,3204,20,20,20,20,4.761904716491699,0,4.761904716491699,4.761904716491699,4.889463901519775,8589934592,2147483648,5904318464,407961600
201,1772010690265,3204,3204,3204,3204,3204,3204,3204,3204,25,20,15.000000953674316,25,0,0,0,0,4.889463901519775,8589934592,2147483648,5900861440,407961600
205,1772010690467,3204,3204,3204,3204,3204,3204,3204,3204,30.000001907348633,28.571430206298828,23.809524536132813,23.809524536132813,20,19.047618865966797,9.523809432983398,5,4.889463901519775,8589934592,2147483648,5911691264,407961600
209,1772010690673,3204,3204,3204,3204,3204,3204,3204,3204,28.571430206298828,25,30.000001907348633,23.809524536132813,10,10,0,0,4.625116348266602,8589934592,2147483648,5904531456,407961600
209,1772010690883,3204,3204,3204,3204,3204,3204,3204,3204,23.809524536132813,28.571430206298828,18.18181800842285,15.000000953674316,4.761904716491699,4.545454502105713,4.545454502105713,0,4.625116348266602,8589934592,2147483648,5902450688,407961600
207,1772010691093,3204,3204,3204,3204,3204,3204,3204,3204,23.809524536132813,23.809524536132813,10,14.285715103149414,27.272727966308594,10,0,0,4.625116348266602,8589934592,2147483648,5904990208,407961600
205,1772010691302,3204,3204,3204,3204,3204,3204,3204,3204,25,20,15.000000953674316,14.285715103149414,4.761904716491699,4.761904716491699,4.761904716491699,9.523809432983398,4.625116348266602,8589934592,2147483648,5902630912,407961600
209,1772010691508,3204,3204,3204,3204,3204,3204,3204,3204,25,27.272727966308594,23.809524536132813,19.047618865966797,5,5,5,4.761904716491699,4.625116348266602,8589934592,2147483648,5902499840,407961600
200,1772010691718,3204,3204,3204,3204,3204,3204,3204,3204,23.809524536132813,25,14.285715103149414,25,0,4.545454502105713,0,0,4.750609397888184,8589934592,2147483648,5902499840,407961600
205,1772010691918,3204,3204,3204,3204,3204,3204,3204,3204,20,15.789472579956055,15.789472579956055,30.000001907348633,4.761904716491699,0,4.761904716491699,0,4.750609397888184,8589934592,2147483648,5902499840,407961600
206,1772010692124,3204,3204,3204,3204,3204,3204,3204,3204,28.571430206298828,23.809524536132813,23.809524536132813,19.047618865966797,0,4.761904716491699,0,0,4.750609397888184,8589934592,2147483648,5902499840,407961600
202,1772010692331,3204,3204,3204,3204,3204,3204,3204,3204,28.571430206298828,25,23.809524536132813,23.809524536132813,4.761904716491699,0,4.761904716491699,4.761904716491699,4.750609397888184,8589934592,2147483648,5902680064,407961600
209,1772010692534,3204,3204,3204,3204,3204,3204,3204,3204,21.052631378173828,25,20,15.000000953674316,5,4.761904716491699,0,0,4.750609397888184,8589934592,2147483648,5902712832,407961600
207,1772010692744,3204,3204,3204,3204,3204,3204,3204,3204,22.72727394104004,31.81818199157715,23.809524536132813,14.285715103149414,31.81818199157715,23.809524536132813,9.523809432983398,4.761904716491699,4.844849109649658,8589934592,2147483648,5905055744,407961600
203,1772010692953,3204,3204,3204,3204,3204,3204,3204,3204,20,19.047618865966797,15.000000953674316,14.285715103149414,0,0,0,0,4.844849109649658,8589934592,2147483648,5902581760,407961600
200,1772010693156,3204,3204,3204,3204,3204,3204,3204,3204,35,25,28.571430206298828,21.052631378173828,0,0,0,0,4.844849109649658,8589934592,2147483648,5905235968,407961600
201,1772010693358,3204,3204,3204,3204,3204,3204,3204,3204,25,25,15.789472579956055,14.285715103149414,0,0,0,0,4.844849109649658,8589934592,2147483648,5902843904,407961600
209,1772010693560,3204,3204,3204,3204,3204,3204,3204,3204,28.571430206298828,25,23.809524536132813,15.789472579956055,10,9.523809432983398,5,9.523809432983398,4.785455703735352,8589934592,2147483648,5905596416,407961600
203,1772010693770,3204,3204,3204,3204,3204,3204,3204,3204,25,20,18.18181800842285,27.272727966308594,0,0,0,0,4.785455703735352,8589934592,2147483648,5906464768,407961600
206,1772010693974,3204,3204,3204,3204,3204,3204,3204,3204,25,23.809524536132813,15.000000953674316,15.000000953674316,0,0,0,0,4.785455703735352,8589934592,2147483648,5903958016,407961600
207,1772010694181,3204,3204,3204,3204,3204,3204,3204,3204,33.333335876464844,23.809524536132813,21.052631378173828,20,0,0,0,0,4.785455703735352,8589934592,2147483648,5906317312,407961600
208,1772010694389,3204,3204,3204,3204,3204,3204,3204,3204,23.809524536132813,20,22.72727394104004,14.285715103149414,5,4.761904716491699,5,4.761904716491699,4.785455703735352,8589934592,2147483648,5903187968,407961600
203,1772010694597,3204,3204,3204,3204,3204,3204,3204,3204,20,23.809524536132813,19.047618865966797,19.047618865966797,14.285715103149414,15.000000953674316,9.523809432983398,9.523809432983398,5.0558881759643555,8589934592,2147483648,5907251200,407961600
203,1772010694802,3204,3204,3204,3204,3204,3204,3204,3204,30.000001907348633,30.000001907348633,30.000001907348633,20,28.571430206298828,14.285715103149414,4.761904716491699,0,5.0558881759643555,8589934592,2147483648,5914574848,407961600
200,1772010695005,3204,3204,3204,3204,3204,3204,3204,3204,23.809524536132813,25,15.000000953674316,19.047618865966797,10,15.000000953674316,0,4.761904716491699,5.0558881759643555,8589934592,2147483648,5905481728,407961600
203,1772010695206,3204,3204,3204,3204,3204,3204,3204,3204,30.000001907348633,20,26.3157901763916,20,0,0,4.761904716491699,0,5.0558881759643555,8589934592,2147483648,5907873792,407961600
203,1772010695410,3204,3204,3204,3204,3204,3204,3204,3204,25,19.047618865966797,15.000000953674316,10,10,10,5,9.523809432983398,5.0558881759643555,8589934592,2147483648,5905252352,407961600
209,1772010695614,3204,3204,3204,3204,3204,3204,3204,3204,28.571430206298828,25,23.809524536132813,20,9.090909004211426,0,4.761904716491699,0,4.67887020111084,8589934592,2147483648,5907218432,407961600
209,1772010695824,3204,3204,3204,3204,3204,3204,3204,3204,25,23.809524536132813,19.047618865966797,15.000000953674316,0,4.545454502105713,4.761904716491699,0,4.67887020111084,8589934592,2147483648,5907218432,407961600
209,1772010696034,3204,3204,3204,3204,3204,3204,3204,3204,19.047618865966797,19.047618865966797,19.047618865966797,13.636363983154297,18.18181800842285,14.285715103149414,4.761904716491699,4.761904716491699,4.67887020111084,8589934592,2147483648,5907218432,407961600
201,1772010696244,3204,3204,3204,3204,3204,3204,3204,3204,25,20,23.809524536132813,23.809524536132813,5,4.761904716491699,0,0,4.67887020111084,8589934592,2147483648,5907218432,407961600
206,1772010696446,3204,3204,3204,3204,3204,3204,3204,3204,28.571430206298828,28.571430206298828,20,15.000000953674316,4.761904716491699,0,5,5,4.67887020111084,8589934592,2147483648,5904613376,407961600
209,1772010696653,3204,3204,3204,3204,3204,3204,3204,3204,30.000001907348633,25,20,19.047618865966797,4.761904716491699,4.761904716491699,0,0,5.013016223907471,8589934592,2147483648,5907791872,407961600
209,1772010696863,3204,3204,3204,3204,3204,3204,3204,3204,33.333335876464844,33.333335876464844,27.272727966308594,20,5.263157844543457,5,4.761904716491699,4.761904716491699,5.013016223907471,8589934592,2147483648,5912231936,407961600
200,1772010697074,3204,3204,3204,3204,3204,3204,3204,3204,23.809524536132813,19.047618865966797,14.285715103149414,14.285715103149414,21.7391300201416,14.285715103149414,0,0,5.013016223907471,8589934592,2147483648,5901828096,407961600
209,1772010697274,3204,3204,3204,3204,3204,3204,3204,3204,26.3157901763916,25,25,20,0,0,0,0,5.013016223907471,8589934592,2147483648,5905760256,407961600
199,1772010697484,3204,3204,3204,3204,3204,3204,3204,3204,27.272727966308594,28.571430206298828,25,23.809524536132813,0,0,0,0,5.013016223907471,8589934592,2147483648,5902401536,407961600
203,1772010697684,3204,3204,3204,3204,3204,3204,3204,3204,25,31.57894515991211,20,19.047618865966797,5.263157844543457,14.285715103149414,5.263157844543457,5,4.689113616943359,8589934592,2147483648,5905678336,407961600
199,1772010697889,3204,3204,3204,3204,3204,3204,3204,3204,25,19.047618865966797,25,15.000000953674316,4.761904716491699,4.761904716491699,4.761904716491699,0,4.689113616943359,8589934592,2147483648,5903089664,407961600
208,1772010698089,3204,3204,3204,3204,3204,3204,3204,3204,21.052631378173828,26.3157901763916,20,20,5,0,0,5,4.689113616943359,8589934592,2147483648,5902434304,407961600
200,1772010698298,3204,3204,3204,3204,3204,3204,3204,3204,27.272727966308594,28.571430206298828,19.047618865966797,20,0,0,0,0,4.689113616943359,8589934592,2147483648,5902434304,407961600
205,1772010698499,3204,3204,3204,3204,3204,3204,3204,3204,26.3157901763916,28.571430206298828,40,20,0,5,4.761904716491699,0,4.689113616943359,8589934592,2147483648,5902893056,407961600
201,1772010698705,3204,3204,3204,3204,3204,3204,3204,3204,28.571430206298828,25,25,33.333335876464844,8.69565200805664,0,0,0,4.851840496063232,8589934592,2147483648,5905629184,407961600
209,1772010698908,3204,3204,3204,3204,3204,3204,3204,3204,20,20,19.047618865966797,21.052631378173828,0,0,0,0,4.851840496063232,8589934592,2147483648,5905629184,407961600
206,1772010699118,3204,3204,3204,3204,3204,3204,3204,3204,33.333335876464844,30.000001907348633,33.333335876464844,22.72727394104004,20,15.000000953674316,13.636363983154297,9.090909004211426,4.851840496063232,8589934592,2147483648,5905629184,407961600
201,1772010699324,3204,3204,3204,3204,3204,3204,3204,3204,28.571430206298828,28.571430206298828,19.047618865966797,20,0,4.761904716491699,0,0,4.851840496063232,8589934592,2147483648,5905629184,407961600
204,1772010699526,3204,3204,3204,3204,3204,3204,3204,3204,21.052631378173828,20,21.052631378173828,15.000000953674316,14.285715103149414,5,0,0,4.851840496063232,8589934592,2147483648,5901926400,407961600
206,1772010699731,3204,3204,3204,3204,3204,3204,3204,3204,33.333335876464844,23.809524536132813,15.000000953674316,14.285715103149414,4.761904716491699,9.090909004211426,4.761904716491699,4.761904716491699,4.866011619567871,8589934592,2147483648,5904515072,407961600
202,1772010699938,3204,3204,3204,3204,3204,3204,3204,3204,28.571430206298828,20,19.047618865966797,14.285715103149414,0,0,0,0,4.866011619567871,8589934592,2147483648,5902221312,407961600
206,1772010700142,3204,3204,3204,3204,3204,3204,3204,3204,25,20,23.809524536132813,15.789472579956055,0,0,0,0,4.866011619567871,8589934592,2147483648,5902237696,407961600
207,1772010700349,3204,3204,3204,3204,3204,3204,3204,3204,25,28.571430206298828,25,19.047618865966797,4.761904716491699,0,0,0,4.866011619567871,8589934592,2147483648,5902254080,407961600
206,1772010700557,3204,3204,3204,3204,3204,3204,3204,3204,28.571430206298828,19.047618865966797,23.809524536132813,14.285715103149414,0,0,0,0,5.009890556335449,8589934592,2147483648,5902385152,407961600
207,1772010700764,3204,3204,3204,3204,3204,3204,3204,3204,33.333335876464844,25,20,20,0,4.761904716491699,4.761904716491699,4.761904716491699,5.009890556335449,8589934592,2147483648,5905596416,407961600
203,1772010700972,3204,3204,3204,3204,3204,3204,3204,3204,20,20,28.571430206298828,15.000000953674316,0,0,0,0,5.009890556335449,8589934592,2147483648,5903859712,407961600
209,1772010701176,3204,3204,3204,3204,3204,3204,3204,3204,28.571430206298828,22.72727394104004,25,31.81818199157715,19.047618865966797,31.57894515991211,0,0,5.009890556335449,8589934592,2147483648,5903859712,407961600
207,1772010701387,3204,3204,3204,3204,3204,3204,3204,3204,28.571430206298828,23.809524536132813,27.272727966308594,19.047618865966797,14.285715103149414,13.636363983154297,9.090909004211426,0,5.009890556335449,8589934592,2147483648,5903859712,407961600
199,1772010701595,3204,3204,3204,3204,3204,3204,3204,3204,20,30.000001907348633,15.000000953674316,10,4.761904716491699,5,4.761904716491699,4.761904716491699,4.542112827301025,8589934592,2147483648,5903106048,407961600
201,1772010701795,3204,3204,3204,3204,3204,3204,3204,3204,20,30.000001907348633,21.052631378173828,20,15.789472579956055,10,5.263157844543457,5,4.542112827301025,8589934592,2147483648,5906169856,407961600
209,1772010701997,3204,3204,3204,3204,3204,3204,3204,3204,20,20,19.047618865966797,23.809524536132813,9.523809432983398,10,5,5,4.542112827301025,8589934592,2147483648,5904678912,407961600
206,1772010702207,3204,3204,3204,3204,3204,3204,3204,3204,23.809524536132813,20,19.047618865966797,25,4.761904716491699,4.761904716491699,4.761904716491699,4.761904716491699,4.542112827301025,8589934592,2147483648,5906399232,407961600
207,1772010702414,3204,3204,3204,3204,3204,3204,3204,3204,25,23.809524536132813,25,19.047618865966797,4.761904716491699,4.761904716491699,4.545454502105713,0,4.542112827301025,8589934592,2147483648,5903941632,407961600
207,1772010702622,3204,3204,3204,3204,3204,3204,3204,3204,20,19.047618865966797,19.047618865966797,25,0,0,0,0,4.943111419677734,8589934592,2147483648,5903974400,407961600
201,1772010702830,3204,3204,3204,3204,3204,3204,3204,3204,27.272727966308594,23.809524536132813,23.809524536132813,19.047618865966797,0,0,4.545454502105713,0,4.943111419677734,8589934592,2147483648,5906464768,407961600
205,1772010703032,3204,3204,3204,3204,3204,3204,3204,3204,26.3157901763916,25,15.000000953674316,15.000000953674316,4.761904716491699,4.761904716491699,0,5,4.943111419677734,8589934592,2147483648,5904072704,407961600
209,1772010703239,3204,3204,3204,3204,3204,3204,3204,3204,33.333335876464844,25,25,23.809524536132813,0,0,0,0,4.943111419677734,8589934592,2147483648,5909987328,407961600
205,1772010703449,3204,3204,3204,3204,3204,3204,3204,3204,28.571430206298828,28.571430206298828,23.809524536132813,23.809524536132813,23.809524536132813,28.571430206298828,15.000000953674316,4.761904716491699,4.943111419677734,8589934592,2147483648,5909626880,407961600
209,1772010703655,3204,3204,3204,3204,3204,3204,3204,3204,28.571430206298828,23.809524536132813,14.285715103149414,19.047618865966797,4.761904716491699,4.761904716491699,4.761904716491699,0,5.045723915100098,8589934592,2147483648,5909889024,407961600
203,1772010703865,3204,3204,3204,3204,3204,3204,3204,3204,33.333335876464844,30.000001907348633,30.000001907348633,20,0,0,0,4.545454502105713,5.045723915100098,8589934592,2147483648,5913657344,407961600
209,1772010704069,3204,3204,3204,3204,3204,3204,3204,3204,25,19.047618865966797,25,15.000000953674316,0,0,0,0,5.045723915100098,8589934592,2147483648,5914361856,407961600
205,1772010704279,3204,3204,3204,3204,3204,3204,3204,3204,20,20,27.272727966308594,19.047618865966797,4.545454502105713,0,0,0,5.045723915100098,8589934592,2147483648,5914361856,407961600
205,1772010704485,3204,3204,3204,3204,3204,3204,3204,3204,23.809524536132813,23.809524536132813,28.571430206298828,19.047618865966797,0,0,0,0,5.045723915100098,8589934592,2147483648,5914361856,407961600
209,1772010704691,3204,3204,3204,3204,3204,3204,3204,3204,20,19.047618865966797,30.000001907348633,14.285715103149414,0,4.761904716491699,9.523809432983398,4.761904716491699,4.902656078338623,8589934592,2147483648,5913772032,407961600
200,1772010704901,3204,3204,3204,3204,3204,3204,3204,3204,23.809524536132813,19.047618865966797,19.047618865966797,23.809524536132813,4.761904716491699,0,4.545454502105713,0,4.902656078338623,8589934592,2147483648,5914361856,407961600
203,1772010705102,3204,3204,3204,3204,3204,3204,3204,3204,19.047618865966797,20,21.052631378173828,10.526315689086914,0,0,0,0,4.902656078338623,8589934592,2147483648,5914411008,407961600
201,1772010705306,3204,3204,3204,3204,3204,3204,3204,3204,21.052631378173828,21.052631378173828,28.571430206298828,23.809524536132813,0,4.761904716491699,0,0,4.902656078338623,8589934592,2147483648,5916704768,407961600
206,1772010705508,3204,3204,3204,3204,3204,3204,3204,3204,33.333335876464844,33.333335876464844,25,23.809524536132813,25,5,0,5,4.902656078338623,8589934592,2147483648,5916704768,407961600
208,1772010705715,3204,3204,3204,3204,3204,3204,3204,3204,21.052631378173828,25,23.809524536132813,5.263157844543457,9.523809432983398,10,0,0,4.631712913513184,8589934592,2147483648,5914279936,407961600
203,1772010705924,3204,3204,3204,3204,3204,3204,3204,3204,31.81818199157715,23.809524536132813,25,23.809524536132813,0,0,0,0,4.631712913513184,8589934592,2147483648,5914230784,407961600
209,1772010706128,3204,3204,3204,3204,3204,3204,3204,3204,30.000001907348633,25,15.000000953674316,15.000000953674316,23.809524536132813,18.18181800842285,4.761904716491699,0,4.631712913513184,8589934592,2147483648,5914001408,407961600
202,1772010706338,3204,3204,3204,3204,3204,3204,3204,3204,23.809524536132813,23.809524536132813,27.272727966308594,14.285715103149414,0,0,0,0,4.631712913513184,8589934592,2147483648,5917212672,407961600
202,1772010706541,3204,3204,3204,3204,3204,3204,3204,3204,20,25,15.789472579956055,19.047618865966797,0,0,0,0,4.631712913513184,8589934592,2147483648,5917212672,407961600
209,1772010706745,3204,3204,3204,3204,3204,3204,3204,3204,28.571430206298828,33.333335876464844,19.047618865966797,25,0,0,0,4.761904716491699,4.67379093170166,8589934592,2147483648,5916524544,407961600
206,1772010706955,3204,3204,3204,3204,3204,3204,3204,3204,26.3157901763916,25,28.571430206298828,19.047618865966797,0,0,0,0,4.67379093170166,8589934592,2147483648,5914116096,407961600
207,1772010707162,3204,3204,3204,3204,3204,3204,3204,3204,19.047618865966797,22.72727394104004,28.571430206298828,10,0,0,0,0,4.67379093170166,8589934592,2147483648,5914689536,407961600
204,1772010707370,3204,3204,3204,3204,3204,3204,3204,3204,31.81818199157715,25,19.047618865966797,19.047618865966797,4.545454502105713,0,0,0,4.67379093170166,8589934592,2147483648,5914279936,407961600
203,1772010707575,3204,3204,3204,3204,3204,3204,3204,3204,25,28.571430206298828,20,23.809524536132813,5,4.761904716491699,5.263157844543457,4.761904716491699,4.734127044677734,8589934592,2147483648,5923438592,407961600
202,1772010707778,3204,3204,3204,3204,3204,3204,3204,3204,42.85714340209961,31.57894515991211,30.000001907348633,35,36.842105865478516,20,13.636363983154297,0,4.734127044677734,8589934592,2147483648,5918097408,407961600
202,1772010707981,3204,3204,3204,3204,3204,3204,3204,3204,21.052631378173828,20,25,14.285715103149414,18.18181800842285,10,10,10,4.734127044677734,8589934592,2147483648,5916524544,407961600
202,1772010708184,3204,3204,3204,3204,3204,3204,3204,3204,33.333335876464844,28.571430206298828,25,15.789472579956055,5,4.761904716491699,5,4.761904716491699,4.734127044677734,8589934592,2147483648,5906890752,407961600
201,1772010708387,3204,3204,3204,3204,3204,3204,3204,3204,21.052631378173828,20,23.809524536132813,19.047618865966797,0,0,0,0,4.734127044677734,8589934592,2147483648,5906219008,407961600
205,1772010708590,3204,3204,3204,3204,3204,3204,3204,3204,25,21.052631378173828,20,15.000000953674316,5.263157844543457,9.523809432983398,5,4.761904716491699,4.52058744430542,8589934592,2147483648,5906579456,407961600
205,1772010708795,3204,3204,3204,3204,3204,3204,3204,3204,35,27.272727966308594,21.052631378173828,20,4.545454502105713,0,4.761904716491699,0,4.52058744430542,8589934592,2147483648,5909708800,407961600
204,1772010709002,3204,3204,3204,3204,3204,3204,3204,3204,19.047618865966797,20,19.047618865966797,19.047618865966797,4.761904716491699,0,0,0,4.52058744430542,8589934592,2147483648,5907939328,407961600
201,1772010709206,3204,3204,3204,3204,3204,3204,3204,3204,28.571430206298828,33.333335876464844,19.047618865966797,15.000000953674316,5,9.523809432983398,0,5,4.52058744430542,8589934592,2147483648,5908430848,407961600
209,1772010709408,3204,3204,3204,3204,3204,3204,3204,3204,25,26.3157901763916,20,19.047618865966797,0,0,0,0,4.52058744430542,8589934592,2147483648,5910183936,407961600
205,1772010709618,3204,3204,3204,3204,3204,3204,3204,3204,20,28.571430206298828,19.047618865966797,15.000000953674316,4.761904716491699,4.761904716491699,4.545454502105713,0,5.45129919052124,8589934592,2147483648,5910183936,407961600
209,1772010709823,3204,3204,3204,3204,3204,3204,3204,3204,33.333335876464844,30.000001907348633,26.3157901763916,30.000001907348633,15.000000953674316,15.000000953674316,5.263157844543457,4.761904716491699,5.45129919052124,8589934592,2147483648,5918818304,407961600
208,1772010710034,3204,3204,3204,3204,3204,3204,3204,3204,28.571430206298828,23.809524536132813,22.72727394104004,14.285715103149414,4.761904716491699,9.523809432983398,0,0,5.45129919052124,8589934592,2147483648,5908512768,407961600
209,1772010710243,3204,3204,3204,3204,3204,3204,3204,3204,20,23.809524536132813,19.047618865966797,23.809524536132813,9.090909004211426,9.090909004211426,9.090909004211426,0,5.45129919052124,8589934592,2147483648,5908430848,407961600
209,1772010710453,3204,3204,3204,3204,3204,3204,3204,3204,31.81818199157715,31.81818199157715,23.809524536132813,19.047618865966797,0,0,0,4.761904716491699,5.45129919052124,8589934592,2147483648,5908430848,407961600
209,1772010710663,3204,3204,3204,3204,3204,3204,3204,3204,25,20,20,14.285715103149414,0,0,0,0,4.584080219268799,8589934592,2147483648,5908430848,407961600
200,1772010710873,3204,3204,3204,3204,3204,3204,3204,3204,23.809524536132813,20,22.72727394104004,14.285715103149414,4.761904716491699,4.761904716491699,4.761904716491699,4.545454502105713,4.584080219268799,8589934592,2147483648,5912281088,407961600
209,1772010711074,3204,3204,3204,3204,3204,3204,3204,3204,25,23.809524536132813,21.052631378173828,10.526315689086914,9.523809432983398,10,0,0,4.584080219268799,8589934592,2147483648,5909135360,407961600
206,1772010711284,3204,3204,3204,3204,3204,3204,3204,3204,20,28.571430206298828,14.285715103149414,18.18181800842285,0,0,0,0,4.584080219268799,8589934592,2147483648,5909168128,407961600
209,1772010711491,3204,3204,3204,3204,3204,3204,3204,3204,31.81818199157715,25,23.809524536132813,15.000000953674316,0,0,0,4.761904716491699,4.584080219268799,8589934592,2147483648,5909757952,407961600
205,1772010711701,3204,3204,3204,3204,3204,3204,3204,3204,30.000001907348633,23.809524536132813,14.285715103149414,19.047618865966797,0,0,0,0,4.983700275421143,8589934592,2147483648,5909725184,407961600
209,1772010711907,3204,3204,3204,3204,3204,3204,3204,3204,30.000001907348633,38.095237731933594,25,28.571430206298828,14.285715103149414,5,4.761904716491699,0,4.983700275421143,8589934592,2147483648,5919916032,407961600
202,1772010712117,3204,3204,3204,3204,3204,3204,3204,3204,27.272727966308594,25,19.047618865966797,14.285715103149414,19.047618865966797,22.72727394104004,4.761904716491699,9.090909004211426,4.983700275421143,8589934592,2147483648,5909217280,407961600
209,1772010712320,3204,3204,3204,3204,3204,3204,3204,3204,20,28.571430206298828,25,15.000000953674316,0,0,4.761904716491699,4.761904716491699,4.983700275421143,8589934592,2147483648,5909512192,407961600
209,1772010712530,3204,3204,3204,3204,3204,3204,3204,3204,23.809524536132813,30.000001907348633,19.047618865966797,15.000000953674316,4.761904716491699,0,0,0,4.983700275421143,8589934592,2147483648,5909512192,407961600
201,1772010712740,3204,3204,3204,3204,3204,3204,3204,3204,30.000001907348633,31.81818199157715,23.809524536132813,18.18181800842285,0,4.545454502105713,0,0,4.584933757781982,8589934592,2147483648,5909512192,407961600
204,1772010712942,3204,3204,3204,3204,3204,3204,3204,3204,33.333335876464844,21.052631378173828,20,20,0,0,0,0,4.584933757781982,8589934592,2147483648,5910708224,407961600
203,1772010713147,3204,3204,3204,3204,3204,3204,3204,3204,25,23.809524536132813,14.285715103149414,15.000000953674316,5,5,5,4.761904716491699,4.584933757781982,8589934592,2147483648,5909970944,407961600
208,1772010713351,3204,3204,3204,3204,3204,3204,3204,3204,20,30.000001907348633,15.000000953674316,19.047618865966797,9.090909004211426,0,4.761904716491699,0,4.584933757781982,8589934592,2147483648,5911822336,407961600
209,1772010713560,3204,3204,3204,3204,3204,3204,3204,3204,23.809524536132813,15.000000953674316,19.047618865966797,25,4.761904716491699,4.761904716491699,0,4.761904716491699,4.924551963806152,8589934592,2147483648,5910626304,407961600
203,1772010713770,3204,3204,3204,3204,3204,3204,3204,3204,19.047618865966797,22.72727394104004,14.285715103149414,19.047618865966797,0,4.761904716491699,4.545454502105713,4.545454502105713,4.924551963806152,8589934592,2147483648,5910626304,407961600
209,1772010713974,3204,3204,3204,3204,3204,3204,3204,3204,28.571430206298828,25,20,23.809524536132813,0,0,0,0,4.924551963806152,8589934592,2147483648,5910724608,407961600
206,1772010714184,3204,3204,3204,3204,3204,3204,3204,3204,35,35,28.571430206298828,20,19.047618865966797,27.272727966308594,4.761904716491699,0,4.924551963806152,8589934592,2147483648,5910282240,407961600
203,1772010714391,3204,3204,3204,3204,3204,3204,3204,3204,20,31.81818199157715,20,28.571430206298828,4.761904716491699,0,4.761904716491699,0,4.924551963806152,8589934592,2147483648,5913952256,407961600
202,1772010714595,3204,3204,3204,3204,3204,3204,3204,3204,28.571430206298828,20,19.047618865966797,25,9.523809432983398,4.761904716491699,0,5,4.735825538635254,8589934592,2147483648,5911576576,407961600
209,1772010714798,3204,3204,3204,3204,3204,3204,3204,3204,19.047618865966797,15.789472579956055,15.000000953674316,20,0,4.761904716491699,5,4.761904716491699,4.735825538635254,8589934592,2147483648,5911576576,407961600
206,1772010715007,3204,3204,3204,3204,3204,3204,3204,3204,30.000001907348633,28.571430206298828,28.571430206298828,19.047618865966797,0,0,0,0,4.735825538635254,8589934592,2147483648,5911461888,407961600
207,1772010715214,3204,3204,3204,3204,3204,3204,3204,3204,19.047618865966797,23.809524536132813,20,14.285715103149414,0,0,0,0,4.735825538635254,8589934592,2147483648,5910806528,407961600
207,1772010715422,3204,3204,3204,3204,3204,3204,3204,3204,25,28.571430206298828,19.047618865966797,15.000000953674316,14.285715103149414,5,0,4.545454502105713,4.735825538635254,8589934592,2147483648,5910806528,407961600
204,1772010715630,3204,3204,3204,3204,3204,3204,3204,3204,25,28.571430206298828,15.000000953674316,13.636363983154297,0,0,4.761904716491699,0,4.988162517547607,8589934592,2147483648,5910806528,407961600
209,1772010715835,3204,3204,3204,3204,3204,3204,3204,3204,19.047618865966797,25,23.809524536132813,15.789472579956055,0,9.090909004211426,0,0,4.988162517547607,8589934592,2147483648,5910806528,407961600
208,1772010716045,3204,3204,3204,3204,3204,3204,3204,3204,27.272727966308594,25,20,27.272727966308594,14.285715103149414,5,9.090909004211426,4.761904716491699,4.988162517547607,8589934592,2147483648,5913067520,407961600
209,1772010716253,3204,3204,3204,3204,3204,3204,3204,3204,25,28.571430206298828,31.81818199157715,20,31.81818199157715,22.72727394104004,0,9.090909004211426,4.988162517547607,8589934592,2147483648,5921243136,407961600
201,1772010716463,3204,3204,3204,3204,3204,3204,3204,3204,28.571430206298828,27.272727966308594,20,22.72727394104004,9.523809432983398,5,0,0,4.988162517547607,8589934592,2147483648,5912559616,407961600
200,1772010716666,3204,3204,3204,3204,3204,3204,3204,3204,20,20,19.047618865966797,21.052631378173828,0,5,4.761904716491699,0,4.6187744140625,8589934592,2147483648,5912559616,407961600
206,1772010716867,3204,3204,3204,3204,3204,3204,3204,3204,21.052631378173828,15.789472579956055,15.789472579956055,25,0,0,0,4.761904716491699,4.6187744140625,8589934592,2147483648,5912559616,407961600
208,1772010717074,3204,3204,3204,3204,3204,3204,3204,3204,33.333335876464844,28.571430206298828,28.571430206298828,23.809524536132813,4.545454502105713,0,0,0,4.6187744140625,8589934592,2147483648,5911199744,407961600
207,1772010717283,3204,3204,3204,3204,3204,3204,3204,3204,25,19.047618865966797,14.285715103149414,19.047618865966797,0,4.761904716491699,4.761904716491699,0,4.6187744140625,8589934592,2147483648,5911920640,407961600
207,1772010717491,3204,3204,3204,3204,3204,3204,3204,3204,27.272727966308594,25,28.571430206298828,23.809524536132813,4.761904716491699,4.761904716491699,0,4.761904716491699,4.6187744140625,8589934592,2147483648,5911232512,407961600
208,1772010717699,3204,3204,3204,3204,3204,3204,3204,3204,20,31.81818199157715,10,10,0,0,4.761904716491699,0,4.977952003479004,8589934592,2147483648,5911658496,407961600
205,1772010717908,3204,3204,3204,3204,3204,3204,3204,3204,20,25,15.000000953674316,22.72727394104004,4.761904716491699,4.761904716491699,0,0,4.977952003479004,8589934592,2147483648,5913477120,407961600
201,1772010718114,3204,3204,3204,3204,3204,3204,3204,3204,27.272727966308594,25,31.81818199157715,19.047618865966797,0,0,0,0,4.977952003479004,8589934592,2147483648,5911052288,407961600
209,1772010718316,3204,3204,3204,3204,3204,3204,3204,3204,21.052631378173828,25,20,26.3157901763916,25,10,9.523809432983398,9.523809432983398,4.977952003479004,8589934592,2147483648,5920555008,407961600
207,1772010718526,3204,3204,3204,3204,3204,3204,3204,3204,28.571430206298828,25,20,28.571430206298828,14.285715103149414,14.285715103149414,4.761904716491699,0,4.977952003479004,8589934592,2147483648,5899960320,407961600
206,1772010718734,3204,3204,3204,3204,3204,3204,3204,3204,25,23.809524536132813,22.72727394104004,30.000001907348633,0,0,0,0,4.647121906280518,8589934592,2147483648,5899943936,407961600
208,1772010718941,3204,3204,3204,3204,3204,3204,3204,3204,22.72727394104004,19.047618865966797,15.789472579956055,19.047618865966797,4.761904716491699,5,4.761904716491699,4.761904716491699,4.647121906280518,8589934592,2147483648,5900025856,407961600
202,1772010719150,3204,3204,3204,3204,3204,3204,3204,3204,20,23.809524536132813,19.047618865966797,28.571430206298828,0,0,0,0,4.647121906280518,8589934592,2147483648,5900107776,407961600
200,1772010719352,3204,3204,3204,3204,3204,3204,3204,3204,25,20,23.809524536132813,15.000000953674316,4.761904716491699,0,0,0,4.647121906280518,8589934592,2147483648,5897814016,407961600
203,1772010719554,3204,3204,3204,3204,3204,3204,3204,3204,33.333335876464844,25,25,20,5,5,0,0,4.822661876678467,8589934592,2147483648,5901041664,407961600
202,1772010719757,3204,3204,3204,3204,3204,3204,3204,3204,25,19.047618865966797,15.789472579956055,15.000000953674316,5,5,4.761904716491699,4.761904716491699,4.822661876678467,8589934592,2147483648,5897928704,407961600
200,1772010719960,3204,3204,3204,3204,3204,3204,3204,3204,30.000001907348633,21.052631378173828,20,15.000000953674316,0,0,4.761904716491699,0,4.822661876678467,8589934592,2147483648,5897928704,407961600
209,1772010720161,3204,3204,3204,3204,3204,3204,3204,3204,21.052631378173828,28.571430206298828,23.809524536132813,15.000000953674316,0,0,0,0,4.822661876678467,8589934592,2147483648,5903056896,407961600
208,1772010720371,3204,3204,3204,3204,3204,3204,3204,3204,22.72727394104004,23.809524536132813,19.047618865966797,14.285715103149414,4.761904716491699,0,0,0,4.822661876678467,8589934592,2147483648,5900550144,407961600
199,1772010720581,3204,3204,3204,3204,3204,3204,3204,3204,35,30.000001907348633,25,28.571430206298828,20,22.72727394104004,10,9.523809432983398,4.615266799926758,8589934592,2147483648,5900550144,407961600
203,1772010720781,3204,3204,3204,3204,3204,3204,3204,3204,20,20,20,20,4.761904716491699,5,0,0,4.615266799926758,8589934592,2147483648,5900550144,407961600
200,1772010720984,3204,3204,3204,3204,3204,3204,3204,3204,23.809524536132813,20,28.571430206298828,25,5,5,5,5,4.615266799926758,8589934592,2147483648,5900550144,407961600
209,1772010721185,3204,3204,3204,3204,3204,3204,3204,3204,21.052631378173828,20,20,19.047618865966797,0,15.000000953674316,0,5,4.615266799926758,8589934592,2147483648,5892407296,407961600
207,1772010721395,3204,3204,3204,3204,3204,3204,3204,3204,23.809524536132813,28.571430206298828,19.047618865966797,15.000000953674316,4.545454502105713,0,0,0,4.615266799926758,8589934592,2147483648,5892358144,407961600
202,1772010721603,3204,3204,3204,3204,3204,3204,3204,3204,30.000001907348633,23.809524536132813,20,19.047618865966797,0,0,0,4.761904716491699,4.674984455108643,8589934592,2147483648,5892358144,407961600
202,1772010721806,3204,3204,3204,3204,3204,3204,3204,3204,28.571430206298828,25,19.047618865966797,15.000000953674316,0,0,0,0,4.674984455108643,8589934592,2147483648,5892128768,407961600
209,1772010722008,3204,3204,3204,3204,3204,3204,3204,3204,40,30.000001907348633,31.57894515991211,30.000001907348633,4.761904716491699,0,0,0,4.674984455108643,8589934592,2147483648,5893488640,407961600
204,1772010722218,3204,3204,3204,3204,3204,3204,3204,3204,30.000001907348633,23.809524536132813,22.72727394104004,19.047618865966797,0,0,4.545454502105713,0,4.674984455108643,8589934592,2147483648,5893406720,407961600
209,1772010722423,3204,3204,3204,3204,3204,3204,3204,3204,22.72727394104004,21.052631378173828,20,19.047618865966797,0,0,0,0,4.674984455108643,8589934592,2147483648,5891850240,407961600
209,1772010722633,3204,3204,3204,3204,3204,3204,3204,3204,40,40.90909194946289,42.85714340209961,35,35,31.81818199157715,19.047618865966797,19.047618865966797,4.763972759246826,8589934592,2147483648,5901615104,407961600
209,1772010722843,3204,3204,3204,3204,3204,3204,3204,3204,23.809524536132813,23.809524536132813,22.72727394104004,22.72727394104004,14.285715103149414,9.523809432983398,0,0,4.763972759246826,8589934592,2147483648,5891833856,407961600
202,1772010723053,3204,3204,3204,3204,3204,3204,3204,3204,23.809524536132813,33.333335876464844,15.000000953674316,15.000000953674316,0,0,0,0,4.763972759246826,8589934592,2147483648,5891899392,407961600
207,1772010723256,3204,3204,3204,3204,3204,3204,3204,3204,25,25,19.047618865966797,10,13.636363983154297,5.263157844543457,5,5,4.763972759246826,8589934592,2147483648,5892685824,407961600
207,1772010723464,3204,3204,3204,3204,3204,3204,3204,3204,20,23.809524536132813,20,19.047618865966797,0,4.545454502105713,0,0,4.763972759246826,8589934592,2147483648,5894438912,407961600
207,1772010723672,3204,3204,3204,3204,3204,3204,3204,3204,20,23.809524536132813,19.047618865966797,14.285715103149414,9.523809432983398,5,9.523809432983398,9.090909004211426,4.913866996765137,8589934592,2147483648,5894406144,407961600
207,1772010723880,3204,3204,3204,3204,3204,3204,3204,3204,19.047618865966797,20,25,19.047618865966797,0,4.761904716491699,0,4.761904716491699,4.913866996765137,8589934592,2147483648,5892538368,407961600
208,1772010724089,3204,3204,3204,3204,3204,3204,3204,3204,28.571430206298828,25,28.571430206298828,19.047618865966797,4.761904716491699,0,0,0,4.913866996765137,8589934592,2147483648,5891833856,407961600
199,1772010724298,3204,3204,3204,3204,3204,3204,3204,3204,19.047618865966797,19.047618865966797,20,10,4.761904716491699,4.761904716491699,9.090909004211426,4.761904716491699,4.913866996765137,8589934592,2147483648,5892341760,407961600
208,1772010724498,3204,3204,3204,3204,3204,3204,3204,3204,35,25,25,20,0,5,5,5,4.913866996765137,8589934592,2147483648,5893341184,407961600
209,1772010724708,3204,3204,3204,3204,3204,3204,3204,3204,20,27.272727966308594,23.809524536132813,15.000000953674316,10,13.636363983154297,4.761904716491699,4.761904716491699,5.019105911254883,8589934592,2147483648,5892292608,407961600
203,1772010724918,3204,3204,3204,3204,3204,3204,3204,3204,28.571430206298828,23.809524536132813,27.272727966308594,18.18181800842285,27.272727966308594,20,4.761904716491699,0,5.019105911254883,8589934592,2147483648,5892292608,407961600
208,1772010725122,3204,3204,3204,3204,3204,3204,3204,3204,33.333335876464844,30.000001907348633,21.052631378173828,20,0,4.761904716491699,0,0,5.019105911254883,8589934592,2147483648,5892292608,407961600
207,1772010725331,3204,3204,3204,3204,3204,3204,3204,3204,19.047618865966797,28.571430206298828,19.047618865966797,14.285715103149414,4.761904716491699,4.761904716491699,0,4.761904716491699,5.019105911254883,8589934592,2147483648,5892308992,407961600
206,1772010725539,3204,3204,3204,3204,3204,3204,3204,3204,30.000001907348633,25,23.809524536132813,19.047618865966797,4.761904716491699,4.761904716491699,4.761904716491699,0,5.019105911254883,8589934592,2147483648,5894488064,407961600
209,1772010725746,3204,3204,3204,3204,3204,3204,3204,3204,28.571430206298828,20,15.000000953674316,19.047618865966797,0,0,0,4.545454502105713,4.721403121948242,8589934592,2147483648,5891997696,407961600
201,1772010725956,3204,3204,3204,3204,3204,3204,3204,3204,23.809524536132813,27.272727966308594,19.047618865966797,19.047618865966797,0,4.545454502105713,4.545454502105713,0,4.721403121948242,8589934592,2147483648,5891670016,407961600
202,1772010726157,3204,3204,3204,3204,3204,3204,3204,3204,25,25,30.000001907348633,15.789472579956055,15.000000953674316,0,10.526315689086914,0,4.721403121948242,8589934592,2147483648,5894258688,407961600
209,1772010726360,3204,3204,3204,3204,3204,3204,3204,3204,25,21.052631378173828,25,15.000000953674316,4.761904716491699,0,4.761904716491699,0,4.721403121948242,8589934592,2147483648,5893292032,407961600
202,1772010726570,3204,3204,3204,3204,3204,3204,3204,3204,30.000001907348633,27.272727966308594,23.809524536132813,22.72727394104004,0,0,0,0,5.016043186187744,8589934592,2147483648,5895929856,407961600
201,1772010726773,3204,3204,3204,3204,3204,3204,3204,3204,23.809524536132813,20,19.047618865966797,10.526315689086914,5,4.761904716491699,0,4.761904716491699,5.016043186187744,8589934592,2147483648,5893439488,407961600
206,1772010726975,3204,3204,3204,3204,3204,3204,3204,3204,35,31.57894515991211,30.000001907348633,33.333335876464844,20,14.285715103149414,10,0,5.016043186187744,8589934592,2147483648,5903040512,407961600
202,1772010727182,3204,3204,3204,3204,3204,3204,3204,3204,30.000001907348633,28.571430206298828,20,20,5,5,0,0,5.016043186187744,8589934592,2147483648,5895798784,407961600
205,1772010727385,3204,3204,3204,3204,3204,3204,3204,3204,28.571430206298828,23.809524536132813,23.809524536132813,15.000000953674316,4.545454502105713,0,0,0,5.016043186187744,8589934592,2147483648,5893390336,407961600
209,1772010727591,3204,3204,3204,3204,3204,3204,3204,3204,25,20,20,20,0,4.761904716491699,4.761904716491699,5,4.783234596252441,8589934592,2147483648,5895815168,407961600
200,1772010727801,3204,3204,3204,3204,3204,3204,3204,3204,28.571430206298828,20,23.809524536132813,27.272727966308594,0,0,0,0,4.783234596252441,8589934592,2147483648,5893439488,407961600
209,1772010728002,3204,3204,3204,3204,3204,3204,3204,3204,25,19.047618865966797,15.000000953674316,20,0,0,0,0,4.783234596252441,8589934592,2147483648,5892849664,407961600
206,1772010728212,3204,3204,3204,3204,3204,3204,3204,3204,27.272727966308594,25,23.809524536132813,19.047618865966797,4.761904716491699,4.761904716491699,4.761904716491699,4.761904716491699,4.783234596252441,8589934592,2147483648,5895700480,407961600
205,1772010728419,3204,3204,3204,3204,3204,3204,3204,3204,21.052631378173828,23.809524536132813,20,15.000000953674316,0,0,0,0,4.783234596252441,8589934592,2147483648,5892669440,407961600
199,1772010728624,3204,3204,3204,3204,3204,3204,3204,3204,42.85714340209961,33.333335876464844,33.333335876464844,42.85714340209961,0,0,0,0,4.982761859893799,8589934592,2147483648,5895798784,407961600
205,1772010728824,3204,3204,3204,3204,3204,3204,3204,3204,25,15.789472579956055,15.000000953674316,25,9.523809432983398,0,0,5,4.982761859893799,8589934592,2147483648,5892685824,407961600
209,1772010729030,3204,3204,3204,3204,3204,3204,3204,3204,50,42.85714340209961,42.105262756347656,45,4.761904716491699,9.523809432983398,4.761904716491699,0,4.982761859893799,8589934592,2147483648,5904039936,407961600
203,1772010729240,3204,3204,3204,3204,3204,3204,3204,3204,61.904762268066406,50,52.38095474243164,50,15.000000953674316,19.047618865966797,0,0,4.982761859893799,8589934592,2147483648,5899452416,407961600
209,1772010729444,3204,3204,3204,3204,3204,3204,3204,3204,40,40,47.619049072265625,35,18.18181800842285,15.000000953674316,0,9.523809432983398,4.982761859893799,8589934592,2147483648,5902729216,407961600
201,1772010729654,3204,3204,3204,3204,3204,3204,3204,3204,52.38095474243164,50,42.85714340209961,47.619049072265625,5,4.545454502105713,0,0,4.635383129119873,8589934592,2147483648,5915541504,407961600
208,1772010729855,3204,3204,3204,3204,3204,3204,3204,3204,76.19047546386719,65,65,63.15789031982422,5,5,4.761904716491699,0,4.635383129119873,8589934592,2147483648,5915541504,407961600
207,1772010730064,3204,3204,3204,3204,3204,3204,3204,3204,47.36842346191406,50,47.619049072265625,42.85714340209961,0,0,0,0,4.635383129119873,8589934592,2147483648,5915541504,407961600
208,1772010730272,3204,3204,3204,3204,3204,3204,3204,3204,42.85714340209961,42.85714340209961,30.000001907348633,28.571430206298828,0,0,0,0,4.635383129119873,8589934592,2147483648,5915541504,407961600
207,1772010730480,3204,3204,3204,3204,3204,3204,3204,3204,36.3636360168457,33.333335876464844,33.333335876464844,33.333335876464844,9.523809432983398,4.761904716491699,9.090909004211426,9.090909004211426,4.635383129119873,8589934592,2147483648,5897650176,407961600
200,1772010730689,3204,3204,3204,3204,3204,3204,3204,3204,25,28.571430206298828,47.619049072265625,30.000001907348633,42.85714340209961,0,0,0,5.421998023986816,8589934592,2147483648,5888622592,407961600
207,1772010730890,3204,3204,3204,3204,3204,3204,3204,3204,40,31.57894515991211,35,30.000001907348633,0,0,5,0,5.421998023986816,8589934592,2147483648,5884968960,407961600
209,1772010731097,3204,3204,3204,3204,3204,3204,3204,3204,38.095237731933594,36.3636360168457,28.571430206298828,23.809524536132813,25,9.090909004211426,0,0,5.421998023986816,8589934592,2147483648,5888212992,407961600
209,1772010731308,3204,3204,3204,3204,3204,3204,3204,3204,33.333335876464844,30.000001907348633,25,27.272727966308594,28.571430206298828,19.047618865966797,5,23.809524536132813,5.421998023986816,8589934592,2147483648,5878104064,407961600
207,1772010731517,3204,3204,3204,3204,3204,3204,3204,3204,25,30.000001907348633,18.18181800842285,15.000000953674316,9.523809432983398,0,0,23.809524536132813,5.421998023986816,8589934592,2147483648,5871206400,407961600
202,1772010731725,3204,3204,3204,3204,3204,3204,3204,3204,45,40.90909194946289,38.095237731933594,38.095237731933594,4.761904716491699,4.761904716491699,0,0,5.728832721710205,8589934592,2147483648,5873827840,407961600
203,1772010731928,3204,3204,3204,3204,3204,3204,3204,3204,28.571430206298828,21.052631378173828,20,26.3157901763916,10,0,5,4.761904716491699,5.728832721710205,8589934592,2147483648,5872238592,407961600
200,1772010732133,3204,3204,3204,3204,3204,3204,3204,3204,30.000001907348633,28.571430206298828,21.052631378173828,33.333335876464844,10,4.761904716491699,0,0,5.728832721710205,8589934592,2147483648,5874778112,407961600
200,1772010732334,3204,3204,3204,3204,3204,3204,3204,3204,25,25,23.809524536132813,19.047618865966797,33.333335876464844,0,0,0,5.728832721710205,8589934592,2147483648,5874778112,407961600
206,1772010732535,3204,3204,3204,3204,3204,3204,3204,3204,25,28.571430206298828,15.789472579956055,11.111111640930176,55,5,0,0,5.728832721710205,8589934592,2147483648,5874008064,407961600
209,1772010732742,3204,3204,3204,3204,3204,3204,3204,3204,30.000001907348633,15.789472579956055,19.047618865966797,19.047618865966797,4.761904716491699,4.761904716491699,4.761904716491699,4.761904716491699,5.844141483306885,8589934592,2147483648,5877415936,407961600
207,1772010732952,3204,3204,3204,3204,3204,3204,3204,3204,27.272727966308594,23.809524536132813,19.047618865966797,18.18181800842285,0,0,0,0,5.844141483306885,8589934592,2147483648,5874237440,407961600
208,1772010733160,3204,3204,3204,3204,3204,3204,3204,3204,28.571430206298828,23.809524536132813,15.000000953674316,20,0,0,0,0,5.844141483306885,8589934592,2147483648,5874237440,407961600
202,1772010733368,3204,3204,3204,3204,3204,3204,3204,3204,35,33.333335876464844,33.333335876464844,23.809524536132813,15.000000953674316,10,4.761904716491699,5,5.844141483306885,8589934592,2147483648,5874237440,407961600
202,1772010733571,3204,3204,3204,3204,3204,3204,3204,3204,30.000001907348633,35,23.809524536132813,23.809524536132813,10,14.285715103149414,0,0,5.585920333862305,8589934592,2147483648,5847351296,407961600
209,1772010733774,3204,3204,3204,3204,3204,3204,3204,3204,30.000001907348633,20,20,21.052631378173828,0,0,0,0,5.585920333862305,8589934592,2147483648,5846171648,407961600
204,1772010733984,3204,3204,3204,3204,3204,3204,3204,3204,20,28.571430206298828,28.571430206298828,19.047618865966797,4.545454502105713,0,0,0,5.585920333862305,8589934592,2147483648,5846663168,407961600
206,1772010734190,3204,3204,3204,3204,3204,3204,3204,3204,27.272727966308594,20,15.000000953674316,14.285715103149414,5,9.523809432983398,9.523809432983398,13.636363983154297,5.585920333862305,8589934592,2147483648,5849776128,407961600
207,1772010734397,3204,3204,3204,3204,3204,3204,3204,3204,20,23.809524536132813,23.809524536132813,25,9.090909004211426,0,0,0,5.585920333862305,8589934592,2147483648,5847220224,407961600
203,1772010734605,3204,3204,3204,3204,3204,3204,3204,3204,42.85714340209961,35,30.000001907348633,36.3636360168457,0,5,4.761904716491699,4.761904716491699,4.821588516235352,8589934592,2147483648,5843025920,407961600
206,1772010734808,3204,3204,3204,3204,3204,3204,3204,3204,40,35,50,26.3157901763916,5,0,5,5,4.821588516235352,8589934592,2147483648,5842976768,407961600
208,1772010735015,3204,3204,3204,3204,3204,3204,3204,3204,23.809524536132813,23.809524536132813,19.047618865966797,28.571430206298828,0,9.090909004211426,4.545454502105713,0,4.821588516235352,8589934592,2147483648,5842386944,407961600
205,1772010735224,3204,3204,3204,3204,3204,3204,3204,3204,20,23.809524536132813,19.047618865966797,33.333335876464844,4.545454502105713,0,0,0,4.821588516235352,8589934592,2147483648,5846204416,407961600
202,1772010735430,3204,3204,3204,3204,3204,3204,3204,3204,33.333335876464844,30.000001907348633,23.809524536132813,25,0,0,0,0,4.821588516235352,8589934592,2147483648,5843156992,407961600
209,1772010735634,3204,3204,3204,3204,3204,3204,3204,3204,30.000001907348633,30.000001907348633,20,23.809524536132813,25,20,10,0,4.741396903991699,8589934592,2147483648,5843091456,407961600
201,1772010735843,3204,3204,3204,3204,3204,3204,3204,3204,28.571430206298828,22.72727394104004,15.000000953674316,19.047618865966797,4.761904716491699,4.761904716491699,0,4.761904716491699,4.741396903991699,8589934592,2147483648,5842862080,407961600
209,1772010736046,3204,3204,3204,3204,3204,3204,3204,3204,30.000001907348633,21.052631378173828,19.047618865966797,10.526315689086914,5,5,4.761904716491699,5,4.741396903991699,8589934592,2147483648,5843042304,407961600
209,1772010736255,3204,3204,3204,3204,3204,3204,3204,3204,28.571430206298828,23.809524536132813,15.000000953674316,14.285715103149414,9.523809432983398,27.272727966308594,4.761904716491699,0,4.741396903991699,8589934592,2147483648,5846122496,407961600
206,1772010736466,3204,3204,3204,3204,3204,3204,3204,3204,28.571430206298828,19.047618865966797,19.047618865966797,18.18181800842285,0,0,0,0,4.741396903991699,8589934592,2147483648,5843615744,407961600
205,1772010736672,3204,3204,3204,3204,3204,3204,3204,3204,30.000001907348633,27.272727966308594,20,23.809524536132813,0,0,0,0,4.982174396514893,8589934592,2147483648,5844680704,407961600
209,1772010736878,3204,3204,3204,3204,3204,3204,3204,3204,25,25,19.047618865966797,26.3157901763916,5,4.761904716491699,5,5,4.982174396514893,8589934592,2147483648,5843566592,407961600
203,1772010737088,3204,3204,3204,3204,3204,3204,3204,3204,28.571430206298828,20,23.809524536132813,18.18181800842285,4.545454502105713,0,0,0,4.982174396514893,8589934592,2147483648,5844402176,407961600
203,1772010737292,3204,3204,3204,3204,3204,3204,3204,3204,25,25,25,15.789472579956055,0,0,0,0,4.982174396514893,8589934592,2147483648,5846122496,407961600
204,1772010737496,3204,3204,3204,3204,3204,3204,3204,3204,28.571430206298828,23.809524536132813,27.272727966308594,19.047618865966797,0,0,0,0,4.982174396514893,8589934592,2147483648,5844336640,407961600
201,1772010737702,3204,3204,3204,3204,3204,3204,3204,3204,33.333335876464844,30.000001907348633,42.105262756347656,25,30.000001907348633,14.285715103149414,0,0,4.834745407104492,8589934592,2147483648,5855952896,407961600
201,1772010737903,3204,3204,3204,3204,3204,3204,3204,3204,21.052631378173828,20,25,23.809524536132813,5,5.263157844543457,0,0,4.834745407104492,8589934592,2147483648,5846990848,407961600
202,1772010738105,3204,3204,3204,3204,3204,3204,3204,3204,28.571430206298828,28.571430206298828,15.000000953674316,15.789472579956055,4.761904716491699,9.090909004211426,0,4.761904716491699,4.834745407104492,8589934592,2147483648,5847007232,407961600
209,1772010738309,3204,3204,3204,3204,3204,3204,3204,3204,30.000001907348633,26.3157901763916,28.571430206298828,23.809524536132813,0,0,0,0,4.834745407104492,8589934592,2147483648,5847203840,407961600
205,1772010738518,3204,3204,3204,3204,3204,3204,3204,3204,23.809524536132813,22.72727394104004,19.047618865966797,19.047618865966797,4.761904716491699,4.761904716491699,4.761904716491699,0,4.834745407104492,8589934592,2147483648,5846941696,407961600
206,1772010738724,3204,3204,3204,3204,3204,3204,3204,3204,26.3157901763916,25,20,23.809524536132813,0,0,0,0,4.626370429992676,8589934592,2147483648,5849169920,407961600
207,1772010738932,3204,3204,3204,3204,3204,3204,3204,3204,38.095237731933594,25,25,20,9.523809432983398,0,4.761904716491699,4.545454502105713,4.626370429992676,8589934592,2147483648,5846958080,407961600
201,1772010739140,3204,3204,3204,3204,3204,3204,3204,3204,27.272727966308594,28.571430206298828,19.047618865966797,20,0,4.545454502105713,0,0,4.626370429992676,8589934592,2147483648,5846859776,407961600
204,1772010739342,3204,3204,3204,3204,3204,3204,3204,3204,26.3157901763916,25,33.333335876464844,30.000001907348633,5,0,5,4.761904716491699,4.626370429992676,8589934592,2147483648,5847744512,407961600
209,1772010739547,3204,3204,3204,3204,3204,3204,3204,3204,33.333335876464844,42.85714340209961,25,23.809524536132813,0,4.761904716491699,0,0,4.874648571014404,8589934592,2147483648,5857951744,407961600
209,1772010739757,3204,3204,3204,3204,3204,3204,3204,3204,50,45,42.85714340209961,28.571430206298828,13.636363983154297,4.761904716491699,9.090909004211426,5,4.874648571014404,8589934592,2147483648,5851955200,407961600
208,1772010739967,3204,3204,3204,3204,3204,3204,3204,3204,28.571430206298828,31.81818199157715,20,23.809524536132813,19.047618865966797,15.000000953674316,4.761904716491699,4.545454502105713,4.874648571014404,8589934592,2147483648,5839945728,407961600
206,1772010740176,3204,3204,3204,3204,3204,3204,3204,3204,38.095237731933594,38.095237731933594,38.095237731933594,30.000001907348633,0,0,0,0,4.874648571014404,8589934592,2147483648,5842583552,407961600
205,1772010740383,3204,3204,3204,3204,3204,3204,3204,3204,25,25,25,28.571430206298828,4.761904716491699,4.761904716491699,4.761904716491699,4.761904716491699,4.874648571014404,8589934592,2147483648,5842386944,407961600
202,1772010740589,3204,3204,3204,3204,3204,3204,3204,3204,28.571430206298828,20,19.047618865966797,23.809524536132813,4.761904716491699,4.761904716491699,0,0,4.646592617034912,8589934592,2147483648,5842747392,407961600
208,1772010740792,3204,3204,3204,3204,3204,3204,3204,3204,30.000001907348633,28.571430206298828,20,25,0,5,4.761904716491699,0,4.646592617034912,8589934592,2147483648,5845270528,407961600
208,1772010741002,3204,3204,3204,3204,3204,3204,3204,3204,20,25,27.272727966308594,15.000000953674316,4.761904716491699,0,0,4.761904716491699,4.646592617034912,8589934592,2147483648,5842714624,407961600
204,1772010741211,3204,3204,3204,3204,3204,3204,3204,3204,27.272727966308594,28.571430206298828,19.047618865966797,19.047618865966797,19.047618865966797,20,4.761904716491699,0,4.646592617034912,8589934592,2147483648,5844041728,407961600
205,1772010741416,3204,3204,3204,3204,3204,3204,3204,3204,30.000001907348633,30.000001907348633,35,33.333335876464844,0,4.761904716491699,0,9.090909004211426,4.646592617034912,8589934592,2147483648,5843107840,407961600
199,1772010741623,3204,3204,3204,3204,3204,3204,3204,3204,30.000001907348633,33.333335876464844,30.000001907348633,25,5,0,4.761904716491699,4.761904716491699,5.201816558837891,8589934592,2147483648,5839159296,407961600
206,1772010741823,3204,3204,3204,3204,3204,3204,3204,3204,25,26.3157901763916,30.000001907348633,25,4.761904716491699,9.090909004211426,0,0,5.201816558837891,8589934592,2147483648,5839421440,407961600
209,1772010742030,3204,3204,3204,3204,3204,3204,3204,3204,33.333335876464844,28.571430206298828,23.809524536132813,28.571430206298828,30.000001907348633,10.526315689086914,4.761904716491699,5,5.201816558837891,8589934592,2147483648,5824675840,407961600
207,1772010742240,3204,3204,3204,3204,3204,3204,3204,3204,33.333335876464844,28.571430206298828,20,14.285715103149414,9.523809432983398,4.761904716491699,0,0,5.201816558837891,8589934592,2147483648,5827051520,407961600
209,1772010742448,3204,3204,3204,3204,3204,3204,3204,3204,20,20,19.047618865966797,19.047618865966797,0,4.545454502105713,4.545454502105713,4.545454502105713,5.201816558837891,8589934592,2147483648,5827051520,407961600
205,1772010742658,3204,3204,3204,3204,3204,3204,3204,3204,23.809524536132813,22.72727394104004,27.272727966308594,15.000000953674316,0,0,0,0,4.945202827453613,8589934592,2147483648,5827051520,407961600
203,1772010742864,3204,3204,3204,3204,3204,3204,3204,3204,28.571430206298828,30.000001907348633,20,19.047618865966797,0,0,0,0,4.945202827453613,8589934592,2147483648,5824561152,407961600
204,1772010743069,3204,3204,3204,3204,3204,3204,3204,3204,25,25,28.571430206298828,20,4.761904716491699,0,0,0,4.945202827453613,8589934592,2147483648,5824741376,407961600
199,1772010743274,3204,3204,3204,3204,3204,3204,3204,3204,23.809524536132813,23.809524536132813,20,19.047618865966797,4.545454502105713,0,0,0,4.945202827453613,8589934592,2147483648,5827674112,407961600
208,1772010743474,3204,3204,3204,3204,3204,3204,3204,3204,21.052631378173828,21.052631378173828,16.666667938232422,15.000000953674316,0,5,0,0,4.945202827453613,8589934592,2147483648,5825576960,407961600
206,1772010743684,3204,3204,3204,3204,3204,3204,3204,3204,23.809524536132813,27.272727966308594,27.272727966308594,10,4.761904716491699,4.761904716491699,9.090909004211426,4.761904716491699,4.914065361022949,8589934592,2147483648,5825576960,407961600
209,1772010743891,3204,3204,3204,3204,3204,3204,3204,3204,28.571430206298828,25,19.047618865966797,19.047618865966797,0,0,0,0,4.914065361022949,8589934592,2147483648,5824282624,407961600
206,1772010744101,3204,3204,3204,3204,3204,3204,3204,3204,30.000001907348633,28.571430206298828,25,27.272727966308594,19.047618865966797,9.523809432983398,0,0,4.914065361022949,8589934592,2147483648,5832245248,407961600
208,1772010744308,3204,3204,3204,3204,3204,3204,3204,3204,36.3636360168457,30.000001907348633,28.571430206298828,20,13.636363983154297,10,4.761904716491699,0,4.914065361022949,8589934592,2147483648,5827215360,407961600
204,1772010744517,3204,3204,3204,3204,3204,3204,3204,3204,20,23.809524536132813,19.047618865966797,20,0,0,0,4.545454502105713,4.914065361022949,8589934592,2147483648,5827215360,407961600
207,1772010744722,3204,3204,3204,3204,3204,3204,3204,3204,47.619049072265625,47.619049072265625,40,28.571430206298828,4.761904716491699,4.761904716491699,0,0,4.634653091430664,8589934592,2147483648,5827215360,407961600
209,1772010744930,3204,3204,3204,3204,3204,3204,3204,3204,36.842105865478516,35,28.571430206298828,28.571430206298828,0,0,4.761904716491699,0,4.634653091430664,8589934592,2147483648,5834899456,407961600
208,1772010745140,3204,3204,3204,3204,3204,3204,3204,3204,40.90909194946289,42.85714340209961,25,25,0,0,0,0,4.634653091430664,8589934592,2147483648,5844418560,407961600
206,1772010745349,3204,3204,3204,3204,3204,3204,3204,3204,38.095237731933594,30.000001907348633,40.90909194946289,31.81818199157715,4.761904716491699,4.761904716491699,0,4.761904716491699,4.634653091430664,8589934592,2147483648,5844860928,407961600
207,1772010745556,3204,3204,3204,3204,3204,3204,3204,3204,25,20,15.000000953674316,14.285715103149414,0,0,4.761904716491699,0,4.875426292419434,8589934592,2147483648,5843238912,407961600
200,1772010745763,3204,3204,3204,3204,3204,3204,3204,3204,30.000001907348633,27.272727966308594,20,15.789472579956055,4.761904716491699,4.545454502105713,0,4.761904716491699,4.875426292419434,8589934592,2147483648,5845172224,407961600
5,1772010745964,3204,3204,3204,3204,3204,3204,3204,3204,25,25,19.047618865966797,25,5,5,5,5,4.875426292419434,8589934592,2147483648,5842550784,407961600
