Delta,Time,CPU_FREQUENCY_0,CPU_FREQUENCY_1,CPU_FREQUENCY_2,CPU_FREQUENCY_3,CPU_FREQUENCY_4,CPU_FREQUENCY_5,CPU_FREQUENCY_6,CPU_FREQUENCY_7,CPU_USAGE_0,CPU_USAGE_1,CPU_USAGE_2,CPU_USAGE_3,CPU_USAGE_4,CPU_USAGE_5,CPU_USAGE_6,CPU_USAGE_7,SYSTEM_POWER (Watts),TOTAL_MEMORY,TOTAL_SWAP,USED_MEMORY,USED_SWAP
0,1772012197309,3204,3204,3204,3204,3204,3204,3204,3204,50,0,50,NaN,0,NaN,0,0,4.853579044342041,8589934592,2147483648,5904384000,391184384
209,1772012197309,3204,3204,3204,3204,3204,3204,3204,3204,100,NaN,0,0,100,0,0,0,4.853579044342041,8589934592,2147483648,5904760832,391184384
209,1772012197519,3204,3204,3204,3204,3204,3204,3204,3204,35,33.333335876464844,30.000001907348633,20,0,0,0,0,4.862823963165283,8589934592,2147483648,5902172160,391184384
209,1772012197728,3204,3204,3204,3204,3204,3204,3204,3204,85.71428680419922,85.71428680419922,76.19047546386719,77.2727279663086,33.333335876464844,25,5,9.523809432983398,4.862823963165283,8589934592,2147483648,5906120704,391184384
199,1772012197939,3204,3204,3204,3204,3204,3204,3204,3204,50,40,47.619049072265625,38.095237731933594,25,18.18181800842285,4.545454502105713,0,4.862823963165283,8589934592,2147483648,5916491776,391184384
209,1772012198139,3204,3204,3204,3204,3204,3204,3204,3204,57.894737243652344,61.904762268066406,45,45,20,15.000000953674316,5,0,4.862823963165283,8589934592,2147483648,5911494656,391184384
204,1772012198349,3204,3204,3204,3204,3204,3204,3204,3204,47.619049072265625,38.095237731933594,35,20,4.761904716491699,4.761904716491699,0,0,4.862823963165283,8589934592,2147483648,5913313280,391184384
202,1772012198553,3204,3204,3204,3204,3204,3204,3204,3204,68.42105102539063,60.000003814697266,57.142860412597656,63.6363639831543,5,5,4.761904716491699,4.761904716491699,5.554736614227295,8589934592,2147483648,5892538368,391184384
203,1772012198756,3204,3204,3204,3204,3204,3204,3204,3204,57.142860412597656,55,40,52.6315803527832,4.761904716491699,4.761904716491699,5,4.761904716491699,5.554736614227295,8589934592,2147483648,5902254080,391184384
207,1772012198960,3204,3204,3204,3204,3204,3204,3204,3204,61.904762268066406,38.095237731933594,45,47.619049072265625,0,0,0,0,5.554736614227295,8589934592,2147483648,5894455296,391184384
203,1772012199168,3204,3204,3204,3204,3204,3204,3204,3204,45,45,38.095237731933594,35,4.761904716491699,4.545454502105713,0,0,5.554736614227295,8589934592,2147483648,5898616832,391184384
199,1772012199371,3204,3204,3204,3204,3204,3204,3204,3204,75,71.42857360839844,63.15789031982422,60.000003814697266,9.523809432983398,10,5,9.523809432983398,5.554736614227295,8589934592,2147483648,5853020160,391184384
209,1772012199571,3204,3204,3204,3204,3204,3204,3204,3204,60.000003814697266,68.42105102539063,71.42857360839844,60.000003814697266,0,0,0,0,6.555429458618164,8589934592,2147483648,5853970432,391184384
204,1772012199781,3204,3204,3204,3204,3204,3204,3204,3204,57.142860412597656,57.142860412597656,63.6363639831543,66.66667175292969,52.38095474243164,15.000000953674316,4.761904716491699,4.761904716491699,6.555429458618164,8589934592,2147483648,5853118464,391184384
200,1772012199987,3204,3204,3204,3204,3204,3204,3204,3204,57.142860412597656,61.904762268066406,70,61.904762268066406,0,9.523809432983398,4.761904716491699,5,6.555429458618164,8589934592,2147483648,5844975616,391184384
206,1772012200188,3204,3204,3204,3204,3204,3204,3204,3204,68.42105102539063,60.000003814697266,63.15789031982422,70,0,0,0,0,6.555429458618164,8589934592,2147483648,5846056960,391184384
209,1772012200394,3204,3204,3204,3204,3204,3204,3204,3204,47.619049072265625,57.142860412597656,59.09090805053711,66.66667175292969,4.545454502105713,9.090909004211426,0,0,6.555429458618164,8589934592,2147483648,5846056960,391184384
209,1772012200604,3204,3204,3204,3204,3204,3204,3204,3204,57.142860412597656,52.38095474243164,60.000003814697266,45,0,0,0,0,5.840451717376709,8589934592,2147483648,5846056960,391184384
206,1772012200814,3204,3204,3204,3204,3204,3204,3204,3204,61.904762268066406,57.894737243652344,61.904762268066406,57.142860412597656,0,0,0,0,5.840451717376709,8589934592,2147483648,5846056960,391184384
209,1772012201021,3204,3204,3204,3204,3204,3204,3204,3204,42.85714340209961,40.90909194946289,61.904762268066406,55,0,0,0,4.761904716491699,5.840451717376709,8589934592,2147483648,5831901184,391184384
207,1772012201231,3204,3204,3204,3204,3204,3204,3204,3204,45,65,42.85714340209961,40.90909194946289,4.761904716491699,4.761904716491699,4.761904716491699,4.761904716491699,5.840451717376709,8589934592,2147483648,5830770688,391184384
200,1772012201439,3204,3204,3204,3204,3204,3204,3204,3204,38.095237731933594,50,55,33.333335876464844,76.19047546386719,35,0,0,5.840451717376709,8589934592,2147483648,5835030528,391184384
203,1772012201640,3204,3204,3204,3204,3204,3204,3204,3204,47.619049072265625,55,61.904762268066406,21.052631378173828,5,0,0,0,6.290401935577393,8589934592,2147483648,5828739072,391184384
209,1772012201844,3204,3204,3204,3204,3204,3204,3204,3204,65,65,65,80.95238494873047,23.809524536132813,13.636363983154297,5,0,6.290401935577393,8589934592,2147483648,5841420288,391184384
202,1772012202054,3204,3204,3204,3204,3204,3204,3204,3204,35,40,57.142860412597656,42.85714340209961,33.333335876464844,15.000000953674316,4.545454502105713,14.285715103149414,6.290401935577393,8589934592,2147483648,5825380352,391184384
209,1772012202257,3204,3204,3204,3204,3204,3204,3204,3204,47.619049072265625,57.142860412597656,50,31.57894515991211,0,4.761904716491699,0,0,6.290401935577393,8589934592,2147483648,5825511424,391184384
199,1772012202467,3204,3204,3204,3204,3204,3204,3204,3204,50,52.38095474243164,45.45454788208008,59.09090805053711,23.809524536132813,0,28.571430206298828,0,6.290401935577393,8589934592,2147483648,5840109568,391184384
200,1772012202667,3204,3204,3204,3204,3204,3204,3204,3204,45,45,44.4444465637207,55,9.523809432983398,5,0,0,6.3981733322143555,8589934592,2147483648,5844058112,391184384
209,1772012202868,3204,3204,3204,3204,3204,3204,3204,3204,55,55,57.142860412597656,50,16.666667938232422,15.000000953674316,10.526315689086914,20,6.3981733322143555,8589934592,2147483648,5834620928,391184384
205,1772012203078,3204,3204,3204,3204,3204,3204,3204,3204,61.904762268066406,52.38095474243164,57.142860412597656,33.333335876464844,4.545454502105713,4.545454502105713,0,0,6.3981733322143555,8589934592,2147483648,5830868992,391184384
209,1772012203284,3204,3204,3204,3204,3204,3204,3204,3204,42.85714340209961,30.000001907348633,61.904762268066406,40,0,0,0,0,6.3981733322143555,8589934592,2147483648,5831983104,391184384
209,1772012203493,3204,3204,3204,3204,3204,3204,3204,3204,47.619049072265625,52.38095474243164,30.000001907348633,38.095237731933594,0,0,4.545454502105713,4.761904716491699,6.678829193115234,8589934592,2147483648,5830164480,391184384
206,1772012203703,3204,3204,3204,3204,3204,3204,3204,3204,42.85714340209961,57.142860412597656,30.000001907348633,47.619049072265625,0,0,0,0,6.678829193115234,8589934592,2147483648,5826592768,391184384
201,1772012203911,3204,3204,3204,3204,3204,3204,3204,3204,60.000003814697266,38.095237731933594,28.571430206298828,33.333335876464844,0,0,0,0,6.678829193115234,8589934592,2147483648,5828902912,391184384
206,1772012204112,3204,3204,3204,3204,3204,3204,3204,3204,45,47.36842346191406,47.619049072265625,50,33.333335876464844,23.809524536132813,5,0,6.678829193115234,8589934592,2147483648,5820612608,391184384
209,1772012204319,3204,3204,3204,3204,3204,3204,3204,3204,60.000003814697266,52.38095474243164,45,45,5,4.761904716491699,0,0,6.678829193115234,8589934592,2147483648,5821759488,391184384
208,1772012204529,3204,3204,3204,3204,3204,3204,3204,3204,40.90909194946289,45.45454788208008,42.85714340209961,52.38095474243164,23.809524536132813,23.809524536132813,23.809524536132813,22.72727394104004,6.1159563064575195,8589934592,2147483648,5820481536,391184384
202,1772012204738,3204,3204,3204,3204,3204,3204,3204,3204,42.85714340209961,45,42.85714340209961,36.3636360168457,0,0,0,0,6.1159563064575195,8589934592,2147483648,5820465152,391184384
202,1772012204941,3204,3204,3204,3204,3204,3204,3204,3204,65,75,66.66667175292969,65,0,0,0,0,6.1159563064575195,8589934592,2147483648,5819793408,391184384
206,1772012205143,3204,3204,3204,3204,3204,3204,3204,3204,57.894737243652344,42.85714340209961,42.105262756347656,30.000001907348633,0,0,0,0,6.1159563064575195,8589934592,2147483648,5824151552,391184384
202,1772012205350,3204,3204,3204,3204,3204,3204,3204,3204,47.619049072265625,50,57.142860412597656,60.000003814697266,0,0,0,0,6.1159563064575195,8589934592,2147483648,5821169664,391184384
208,1772012205552,3204,3204,3204,3204,3204,3204,3204,3204,57.142860412597656,40,57.142860412597656,52.38095474243164,4.761904716491699,5,4.761904716491699,0,6.007602214813232,8589934592,2147483648,5822676992,391184384
205,1772012205761,3204,3204,3204,3204,3204,3204,3204,3204,57.142860412597656,55,57.894737243652344,61.904762268066406,4.761904716491699,0,0,4.545454502105713,6.007602214813232,8589934592,2147483648,5823856640,391184384
203,1772012205967,3204,3204,3204,3204,3204,3204,3204,3204,35,42.85714340209961,59.09090805053711,45,4.761904716491699,4.761904716491699,4.761904716491699,0,6.007602214813232,8589934592,2147483648,5822840832,391184384
204,1772012206171,3204,3204,3204,3204,3204,3204,3204,3204,47.619049072265625,52.38095474243164,47.36842346191406,70,30.000001907348633,33.333335876464844,5,5,6.007602214813232,8589934592,2147483648,5832851456,391184384
201,1772012206375,3204,3204,3204,3204,3204,3204,3204,3204,36.842105865478516,38.095237731933594,38.095237731933594,47.619049072265625,19.047618865966797,5,5,0,6.007602214813232,8589934592,2147483648,5823430656,391184384
207,1772012206577,3204,3204,3204,3204,3204,3204,3204,3204,61.904762268066406,42.105262756347656,38.095237731933594,52.6315803527832,10,5,0,4.761904716491699,5.562462329864502,8589934592,2147483648,5826691072,391184384
209,1772012206785,3204,3204,3204,3204,3204,3204,3204,3204,40,47.619049072265625,42.85714340209961,52.38095474243164,50,4.761904716491699,4.545454502105713,0,5.562462329864502,8589934592,2147483648,5827985408,391184384
208,1772012206994,3204,3204,3204,3204,3204,3204,3204,3204,38.095237731933594,40,35,47.619049072265625,0,4.761904716491699,0,0,5.562462329864502,8589934592,2147483648,5823889408,391184384
199,1772012207203,3204,3204,3204,3204,3204,3204,3204,3204,47.619049072265625,42.85714340209961,60.000003814697266,47.619049072265625,0,0,0,0,5.562462329864502,8589934592,2147483648,5828558848,391184384
200,1772012207403,3204,3204,3204,3204,3204,3204,3204,3204,52.6315803527832,38.095237731933594,45.45454788208008,35,4.761904716491699,0,0,5,5.562462329864502,8589934592,2147483648,5825937408,391184384
209,1772012207604,3204,3204,3204,3204,3204,3204,3204,3204,47.619049072265625,42.105262756347656,36.842105865478516,45,0,0,0,0,5.927949905395508,8589934592,2147483648,5830688768,391184384
209,1772012207814,3204,3204,3204,3204,3204,3204,3204,3204,33.333335876464844,38.095237731933594,60.000003814697266,50,31.81818199157715,30.434782028198242,9.523809432983398,5,5.927949905395508,8589934592,2147483648,5830688768,391184384
202,1772012208024,3204,3204,3204,3204,3204,3204,3204,3204,33.333335876464844,28.571430206298828,47.619049072265625,55,0,0,0,4.545454502105713,5.927949905395508,8589934592,2147483648,5830688768,391184384
207,1772012208227,3204,3204,3204,3204,3204,3204,3204,3204,45,42.85714340209961,52.38095474243164,45,4.761904716491699,0,4.761904716491699,0,5.927949905395508,8589934592,2147483648,5829312512,391184384
201,1772012208436,3204,3204,3204,3204,3204,3204,3204,3204,52.38095474243164,60.000003814697266,47.619049072265625,28.571430206298828,19.047618865966797,23.809524536132813,0,0,5.927949905395508,8589934592,2147483648,5829230592,391184384
207,1772012208638,3204,3204,3204,3204,3204,3204,3204,3204,40,45,45,25,0,0,0,0,6.0672383308410645,8589934592,2147483648,5830901760,391184384
206,1772012208846,3204,3204,3204,3204,3204,3204,3204,3204,60.000003814697266,42.85714340209961,38.095237731933594,42.85714340209961,0,0,0,0,6.0672383308410645,8589934592,2147483648,5825282048,391184384
206,1772012209052,3204,3204,3204,3204,3204,3204,3204,3204,47.619049072265625,35,60.000003814697266,28.571430206298828,0,0,0,0,6.0672383308410645,8589934592,2147483648,5825282048,391184384
207,1772012209259,3204,3204,3204,3204,3204,3204,3204,3204,52.38095474243164,40.90909194946289,38.095237731933594,40,0,0,0,0,6.0672383308410645,8589934592,2147483648,5830311936,391184384
205,1772012209467,3204,3204,3204,3204,3204,3204,3204,3204,47.619049072265625,40,25,45.45454788208008,10,4.761904716491699,9.090909004211426,4.761904716491699,6.0672383308410645,8589934592,2147483648,5877809152,391184384
204,1772012209673,3204,3204,3204,3204,3204,3204,3204,3204,30.000001907348633,45,52.38095474243164,45,0,0,0,0,5.926737308502197,8589934592,2147483648,5881528320,391184384
209,1772012209877,3204,3204,3204,3204,3204,3204,3204,3204,50,35,42.85714340209961,36.842105865478516,0,0,0,0,5.926737308502197,8589934592,2147483648,5877989376,391184384
206,1772012210087,3204,3204,3204,3204,3204,3204,3204,3204,38.095237731933594,36.3636360168457,61.904762268066406,23.809524536132813,0,4.761904716491699,0,4.545454502105713,5.926737308502197,8589934592,2147483648,5874614272,391184384
209,1772012210294,3204,3204,3204,3204,3204,3204,3204,3204,42.85714340209961,40,40,45.45454788208008,4.761904716491699,0,4.761904716491699,0,5.926737308502197,8589934592,2147483648,5879939072,391184384
209,1772012210504,3204,3204,3204,3204,3204,3204,3204,3204,65,42.85714340209961,52.38095474243164,40,23.809524536132813,13.636363983154297,0,4.761904716491699,5.379794597625732,8589934592,2147483648,5889540096,391184384
207,1772012210715,3204,3204,3204,3204,3204,3204,3204,3204,40.90909194946289,47.619049072265625,40,57.142860412597656,4.761904716491699,14.285715103149414,4.545454502105713,0,5.379794597625732,8589934592,2147483648,5856493568,391184384
202,1772012210923,3204,3204,3204,3204,3204,3204,3204,3204,23.809524536132813,33.333335876464844,22.72727394104004,15.000000953674316,4.761904716491699,0,0,0,5.379794597625732,8589934592,2147483648,5847531520,391184384
201,1772012211126,3204,3204,3204,3204,3204,3204,3204,3204,30.000001907348633,33.333335876464844,25,19.047618865966797,5,5,4.761904716491699,5,5.379794597625732,8589934592,2147483648,5842976768,391184384
207,1772012211328,3204,3204,3204,3204,3204,3204,3204,3204,35,31.57894515991211,26.3157901763916,30.000001907348633,4.761904716491699,0,0,0,5.379794597625732,8589934592,2147483648,5844975616,391184384
202,1772012211536,3204,3204,3204,3204,3204,3204,3204,3204,23.809524536132813,23.809524536132813,27.272727966308594,14.285715103149414,0,0,0,4.545454502105713,5.323483467102051,8589934592,2147483648,5840912384,391184384
201,1772012211740,3204,3204,3204,3204,3204,3204,3204,3204,21.052631378173828,26.3157901763916,20,14.285715103149414,5,4.761904716491699,5,4.761904716491699,5.323483467102051,8589934592,2147483648,5843959808,391184384
204,1772012211942,3204,3204,3204,3204,3204,3204,3204,3204,23.809524536132813,23.809524536132813,21.052631378173828,15.000000953674316,0,0,0,0,5.323483467102051,8589934592,2147483648,5841010688,391184384
205,1772012212146,3204,3204,3204,3204,3204,3204,3204,3204,25,20,27.272727966308594,10,4.761904716491699,4.761904716491699,0,0,5.323483467102051,8589934592,2147483648,5842075648,391184384
207,1772012212352,3204,3204,3204,3204,3204,3204,3204,3204,20,27.272727966308594,15.789472579956055,28.571430206298828,5,5,4.761904716491699,4.761904716491699,5.323483467102051,8589934592,2147483648,5840666624,391184384
209,1772012212560,3204,3204,3204,3204,3204,3204,3204,3204,23.809524536132813,25,31.81818199157715,25,10,0,0,0,5.285115718841553,8589934592,2147483648,5850972160,391184384
209,1772012212770,3204,3204,3204,3204,3204,3204,3204,3204,25,25,20,23.809524536132813,38.095237731933594,23.809524536132813,4.761904716491699,4.761904716491699,5.285115718841553,8589934592,2147483648,5829787648,391184384
209,1772012212980,3204,3204,3204,3204,3204,3204,3204,3204,22.72727394104004,14.285715103149414,14.285715103149414,23.809524536132813,9.090909004211426,4.545454502105713,9.523809432983398,0,5.285115718841553,8589934592,2147483648,5826150400,391184384
203,1772012213190,3204,3204,3204,3204,3204,3204,3204,3204,30.000001907348633,23.809524536132813,15.000000953674316,23.809524536132813,9.523809432983398,4.761904716491699,0,4.761904716491699,5.285115718841553,8589934592,2147483648,5831065600,391184384
209,1772012213394,3204,3204,3204,3204,3204,3204,3204,3204,15.000000953674316,19.047618865966797,18.18181800842285,5.263157844543457,10,10,22.72727394104004,5,5.285115718841553,8589934592,2147483648,5829279744,391184384
199,1772012213604,3204,3204,3204,3204,3204,3204,3204,3204,28.571430206298828,30.000001907348633,23.809524536132813,22.72727394104004,23.809524536132813,28.571430206298828,20,23.809524536132813,4.561606407165527,8589934592,2147483648,5786664960,391184384
205,1772012213804,3204,3204,3204,3204,3204,3204,3204,3204,25,25,10.526315689086914,20,5,5,4.761904716491699,0,4.561606407165527,8589934592,2147483648,5794463744,391184384
209,1772012214010,3204,3204,3204,3204,3204,3204,3204,3204,20,28.571430206298828,19.047618865966797,10,0,9.090909004211426,0,4.761904716491699,4.561606407165527,8589934592,2147483648,5791793152,391184384
206,1772012214220,3204,3204,3204,3204,3204,3204,3204,3204,36.3636360168457,33.333335876464844,30.000001907348633,28.571430206298828,19.047618865966797,19.047618865966797,19.047618865966797,15.000000953674316,4.561606407165527,8589934592,2147483648,5791793152,391184384
208,1772012214427,3204,3204,3204,3204,3204,3204,3204,3204,20,23.809524536132813,22.72727394104004,19.047618865966797,13.636363983154297,5,5,4.761904716491699,4.561606407165527,8589934592,2147483648,5796478976,391184384
205,1772012214637,3204,3204,3204,3204,3204,3204,3204,3204,61.904762268066406,66.66667175292969,50,47.619049072265625,5,4.761904716491699,4.761904716491699,4.545454502105713,5.488753318786621,8589934592,2147483648,5805735936,391184384
209,1772012214843,3204,3204,3204,3204,3204,3204,3204,3204,61.904762268066406,55,52.38095474243164,52.38095474243164,23.809524536132813,33.333335876464844,9.523809432983398,9.523809432983398,5.488753318786621,8589934592,2147483648,5808029696,391184384
204,1772012215053,3204,3204,3204,3204,3204,3204,3204,3204,61.904762268066406,57.142860412597656,45,47.619049072265625,0,0,0,0,5.488753318786621,8589934592,2147483648,5810274304,391184384
207,1772012215259,3204,3204,3204,3204,3204,3204,3204,3204,50,50,45.45454788208008,40,4.761904716491699,4.761904716491699,0,0,5.488753318786621,8589934592,2147483648,5811060736,391184384
206,1772012215467,3204,3204,3204,3204,3204,3204,3204,3204,40,40,45,35,0,0,4.761904716491699,0,5.488753318786621,8589934592,2147483648,5811634176,391184384
209,1772012215674,3204,3204,3204,3204,3204,3204,3204,3204,45.45454788208008,52.38095474243164,71.42857360839844,42.85714340209961,0,0,0,0,5.227657794952393,8589934592,2147483648,5811486720,391184384
202,1772012215884,3204,3204,3204,3204,3204,3204,3204,3204,45,52.38095474243164,38.095237731933594,42.85714340209961,4.761904716491699,4.545454502105713,0,4.545454502105713,5.227657794952393,8589934592,2147483648,5811486720,391184384
206,1772012216088,3204,3204,3204,3204,3204,3204,3204,3204,61.904762268066406,66.66667175292969,57.894737243652344,55,4.761904716491699,0,0,0,5.227657794952393,8589934592,2147483648,5811486720,391184384
206,1772012216295,3204,3204,3204,3204,3204,3204,3204,3204,55,50,42.85714340209961,47.619049072265625,0,0,4.761904716491699,0,5.227657794952393,8589934592,2147483648,5811486720,391184384
202,1772012216501,3204,3204,3204,3204,3204,3204,3204,3204,20,33.333335876464844,23.809524536132813,19.047618865966797,0,0,0,0,5.83470344543457,8589934592,2147483648,5806096384,391184384
207,1772012216704,3204,3204,3204,3204,3204,3204,3204,3204,61.904762268066406,45,55,35,5,4.761904716491699,0,4.761904716491699,5.83470344543457,8589934592,2147483648,5806784512,391184384
208,1772012216912,3204,3204,3204,3204,3204,3204,3204,3204,33.333335876464844,28.571430206298828,25,23.809524536132813,14.285715103149414,5,8.69565200805664,5,5.83470344543457,8589934592,2147483648,5806784512,391184384
209,1772012217121,3204,3204,3204,3204,3204,3204,3204,3204,40,35,36.3636360168457,33.333335876464844,42.85714340209961,57.142860412597656,10.526315689086914,4.761904716491699,5.83470344543457,8589934592,2147483648,5806784512,391184384
205,1772012217331,3204,3204,3204,3204,3204,3204,3204,3204,33.333335876464844,30.000001907348633,30.000001907348633,25,66.66667175292969,9.090909004211426,4.545454502105713,4.761904716491699,5.83470344543457,8589934592,2147483648,5806784512,391184384
206,1772012217538,3204,3204,3204,3204,3204,3204,3204,3204,19.047618865966797,18.18181800842285,19.047618865966797,15.000000953674316,65,0,0,0,5.1295366287231445,8589934592,2147483648,5816074240,391184384
209,1772012217744,3204,3204,3204,3204,3204,3204,3204,3204,15.000000953674316,20,20,18.18181800842285,57.142860412597656,25,5,5,5.1295366287231445,8589934592,2147483648,5818777600,391184384
209,1772012217954,3204,3204,3204,3204,3204,3204,3204,3204,19.047618865966797,19.047618865966797,23.809524536132813,15.000000953674316,72.7272720336914,9.090909004211426,9.523809432983398,0,5.1295366287231445,8589934592,2147483648,5817024512,391184384
206,1772012218164,3204,3204,3204,3204,3204,3204,3204,3204,20,19.047618865966797,27.272727966308594,22.72727394104004,38.095237731933594,4.761904716491699,9.523809432983398,0,5.1295366287231445,8589934592,2147483648,5818793984,391184384
209,1772012218371,3204,3204,3204,3204,3204,3204,3204,3204,33.333335876464844,28.571430206298828,26.3157901763916,31.57894515991211,60.000003814697266,4.761904716491699,5,4.761904716491699,5.1295366287231445,8589934592,2147483648,5812322304,391184384
209,1772012218581,3204,3204,3204,3204,3204,3204,3204,3204,28.571430206298828,25,22.72727394104004,19.047618865966797,42.85714340209961,0,4.761904716491699,23.809524536132813,7.220366477966309,8589934592,2147483648,5814304768,391184384
202,1772012218791,3204,3204,3204,3204,3204,3204,3204,3204,28.571430206298828,25,20,22.72727394104004,52.38095474243164,9.523809432983398,19.047618865966797,5,7.220366477966309,8589934592,2147483648,5806850048,391184384
203,1772012218994,3204,3204,3204,3204,3204,3204,3204,3204,26.3157901763916,28.571430206298828,19.047618865966797,10.526315689086914,78.94737243652344,4.761904716491699,14.285715103149414,5,7.220366477966309,8589934592,2147483648,5810274304,391184384
206,1772012219197,3204,3204,3204,3204,3204,3204,3204,3204,31.81818199157715,25,20,19.047618865966797,72.7272720336914,10,0,0,7.220366477966309,8589934592,2147483648,5799624704,391184384
199,1772012219404,3204,3204,3204,3204,3204,3204,3204,3204,21.052631378173828,33.333335876464844,15.000000953674316,19.047618865966797,25,14.285715103149414,0,4.761904716491699,7.220366477966309,8589934592,2147483648,5803343872,391184384
209,1772012219604,3204,3204,3204,3204,3204,3204,3204,3204,20,20,15.000000953674316,15.000000953674316,75,5,9.523809432983398,5,8.512353897094727,8589934592,2147483648,5803769856,391184384
205,1772012219814,3204,3204,3204,3204,3204,3204,3204,3204,23.809524536132813,28.571430206298828,19.047618865966797,20,76.19047546386719,19.047618865966797,0,0,8.512353897094727,8589934592,2147483648,5809668096,391184384
202,1772012220020,3204,3204,3204,3204,3204,3204,3204,3204,23.809524536132813,15.789472579956055,19.047618865966797,25,38.095237731933594,5,0,0,8.512353897094727,8589934592,2147483648,5809651712,391184384
205,1772012220224,3204,3204,3204,3204,3204,3204,3204,3204,20,19.047618865966797,20,27.272727966308594,68.42105102539063,4.761904716491699,9.523809432983398,4.761904716491699,8.512353897094727,8589934592,2147483648,5812469760,391184384
207,1772012220429,3204,3204,3204,3204,3204,3204,3204,3204,25,23.809524536132813,19.047618865966797,15.000000953674316,76.19047546386719,5,0,0,8.512353897094727,8589934592,2147483648,5812895744,391184384
207,1772012220638,3204,3204,3204,3204,3204,3204,3204,3204,19.047618865966797,14.285715103149414,10,23.809524536132813,61.904762268066406,0,0,0,9.172204971313477,8589934592,2147483648,5801558016,391184384
208,1772012220846,3204,3204,3204,3204,3204,3204,3204,3204,30.000001907348633,23.809524536132813,25,30.000001907348633,50,0,0,0,9.172204971313477,8589934592,2147483648,5802393600,391184384
200,1772012221054,3204,3204,3204,3204,3204,3204,3204,3204,19.047618865966797,15.000000953674316,19.047618865966797,20,80.95238494873047,14.285715103149414,0,0,9.172204971313477,8589934592,2147483648,5802295296,391184384
204,1772012221255,3204,3204,3204,3204,3204,3204,3204,3204,30.000001907348633,25,25,28.571430206298828,76.19047546386719,15.000000953674316,10,4.761904716491699,9.172204971313477,8589934592,2147483648,5790580736,391184384
209,1772012221460,3204,3204,3204,3204,3204,3204,3204,3204,25,20,23.809524536132813,19.047618865966797,65,4.761904716491699,0,0,9.172204971313477,8589934592,2147483648,5791203328,391184384
200,1772012221670,3204,3204,3204,3204,3204,3204,3204,3204,19.047618865966797,20,14.285715103149414,10,60.000003814697266,0,0,0,8.436912536621094,8589934592,2147483648,5791055872,391184384
209,1772012221871,3204,3204,3204,3204,3204,3204,3204,3204,30.000001907348633,30.000001907348633,21.052631378173828,20,52.38095474243164,0,0,0,8.436912536621094,8589934592,2147483648,5794906112,391184384
206,1772012222081,3204,3204,3204,3204,3204,3204,3204,3204,35,31.81818199157715,33.333335876464844,28.571430206298828,70,18.18181800842285,14.285715103149414,19.047618865966797,8.436912536621094,8589934592,2147483648,5791350784,391184384
205,1772012222288,3204,3204,3204,3204,3204,3204,3204,3204,19.047618865966797,20,19.047618865966797,15.000000953674316,66.66667175292969,9.523809432983398,4.761904716491699,4.761904716491699,8.436912536621094,8589934592,2147483648,5791531008,391184384
203,1772012222494,3204,3204,3204,3204,3204,3204,3204,3204,15.000000953674316,15.000000953674316,20,14.285715103149414,40,0,0,0,8.627880096435547,8589934592,2147483648,5791498240,391184384
207,1772012222698,3204,3204,3204,3204,3204,3204,3204,3204,23.809524536132813,20,19.047618865966797,14.285715103149414,72.7272720336914,10,0,0,8.627880096435547,8589934592,2147483648,5793546240,391184384
202,1772012222907,3204,3204,3204,3204,3204,3204,3204,3204,19.047618865966797,23.809524536132813,20,10,42.105262756347656,15.000000953674316,4.761904716491699,19.047618865966797,8.627880096435547,8589934592,2147483648,5782470656,391184384
200,1772012223109,3204,3204,3204,3204,3204,3204,3204,3204,15.789472579956055,20,14.285715103149414,15.000000953674316,76.19047546386719,0,0,0,8.627880096435547,8589934592,2147483648,5782470656,391184384
205,1772012223310,3204,3204,3204,3204,3204,3204,3204,3204,28.571430206298828,28.571430206298828,21.052631378173828,25,73.68421173095703,10,9.523809432983398,0,8.627880096435547,8589934592,2147483648,5782470656,391184384
204,1772012223517,3204,3204,3204,3204,3204,3204,3204,3204,15.789472579956055,20,19.047618865966797,23.809524536132813,33.333335876464844,4.761904716491699,0,0,9.031228065490723,8589934592,2147483648,5782470656,391184384
208,1772012223722,3204,3204,3204,3204,3204,3204,3204,3204,23.809524536132813,20,19.047618865966797,20,72.7272720336914,0,0,0,9.031228065490723,8589934592,2147483648,5765709824,391184384
207,1772012223931,3204,3204,3204,3204,3204,3204,3204,3204,20,19.047618865966797,15.000000953674316,20,78.94737243652344,0,0,4.545454502105713,9.031228065490723,8589934592,2147483648,5767282688,391184384
209,1772012224138,3204,3204,3204,3204,3204,3204,3204,3204,38.095237731933594,38.095237731933594,28.571430206298828,28.571430206298828,40.90909194946289,0,4.545454502105713,0,9.031228065490723,8589934592,2147483648,5769478144,391184384
205,1772012224348,3204,3204,3204,3204,3204,3204,3204,3204,27.272727966308594,23.809524536132813,28.571430206298828,22.72727394104004,60.000003814697266,19.047618865966797,0,0,9.031228065490723,8589934592,2147483648,5772165120,391184384
207,1772012224554,3204,3204,3204,3204,3204,3204,3204,3204,15.000000953674316,20,14.285715103149414,10.526315689086914,76.19047546386719,4.761904716491699,0,0,9.20752239227295,8589934592,2147483648,5769887744,391184384
207,1772012224763,3204,3204,3204,3204,3204,3204,3204,3204,20,25,20,22.72727394104004,47.619049072265625,0,0,0,9.20752239227295,8589934592,2147483648,5770313728,391184384
209,1772012224971,3204,3204,3204,3204,3204,3204,3204,3204,23.809524536132813,27.272727966308594,19.047618865966797,19.047618865966797,60.000003814697266,4.761904716491699,4.761904716491699,4.761904716491699,9.20752239227295,8589934592,2147483648,5771870208,391184384
202,1772012225181,3204,3204,3204,3204,3204,3204,3204,3204,19.047618865966797,20,19.047618865966797,10,77.2727279663086,0,0,0,9.20752239227295,8589934592,2147483648,5771214848,391184384
209,1772012225384,3204,3204,3204,3204,3204,3204,3204,3204,28.571430206298828,35,35,28.571430206298828,21.052631378173828,15.000000953674316,0,0,9.20752239227295,8589934592,2147483648,5778341888,391184384
208,1772012225594,3204,3204,3204,3204,3204,3204,3204,3204,25,23.809524536132813,19.047618865966797,19.047618865966797,57.142860412597656,14.285715103149414,0,0,8.061213493347168,8589934592,2147483648,5783552000,391184384
200,1772012225803,3204,3204,3204,3204,3204,3204,3204,3204,30.000001907348633,28.571430206298828,23.809524536132813,15.000000953674316,31.81818199157715,0,4.545454502105713,0,8.061213493347168,8589934592,2147483648,5780062208,391184384
208,1772012226004,3204,3204,3204,3204,3204,3204,3204,3204,28.571430206298828,20,21.052631378173828,19.047618865966797,42.105262756347656,10,0,0,8.061213493347168,8589934592,2147483648,5784027136,391184384
206,1772012226214,3204,3204,3204,3204,3204,3204,3204,3204,25,23.809524536132813,19.047618865966797,20,57.142860412597656,4.761904716491699,0,0,8.061213493347168,8589934592,2147483648,5780750336,391184384
205,1772012226421,3204,3204,3204,3204,3204,3204,3204,3204,33.333335876464844,25,23.809524536132813,33.333335876464844,9.523809432983398,4.761904716491699,4.761904716491699,0,8.061213493347168,8589934592,2147483648,5785698304,391184384
208,1772012226627,3204,3204,3204,3204,3204,3204,3204,3204,23.809524536132813,28.571430206298828,23.809524536132813,15.000000953674316,70,4.761904716491699,0,0,7.616077423095703,8589934592,2147483648,5789220864,391184384
207,1772012226836,3204,3204,3204,3204,3204,3204,3204,3204,20,30.000001907348633,25,19.047618865966797,60.000003814697266,0,0,0,7.616077423095703,8589934592,2147483648,5768675328,391184384
209,1772012227044,3204,3204,3204,3204,3204,3204,3204,3204,28.571430206298828,33.333335876464844,23.809524536132813,23.809524536132813,45.45454788208008,0,0,4.761904716491699,7.616077423095703,8589934592,2147483648,5768183808,391184384
205,1772012227254,3204,3204,3204,3204,3204,3204,3204,3204,15.000000953674316,19.047618865966797,19.047618865966797,15.000000953674316,90,4.761904716491699,0,0,7.616077423095703,8589934592,2147483648,5776654336,391184384
205,1772012227459,3204,3204,3204,3204,3204,3204,3204,3204,38.095237731933594,40,31.57894515991211,35,20,10,4.761904716491699,0,7.616077423095703,8589934592,2147483648,5770772480,391184384
200,1772012227665,3204,3204,3204,3204,3204,3204,3204,3204,40,40,33.333335876464844,33.333335876464844,40,19.047618865966797,9.523809432983398,4.761904716491699,7.5793352127075195,8589934592,2147483648,5784256512,391184384
209,1772012227866,3204,3204,3204,3204,3204,3204,3204,3204,45,45,21.052631378173828,25,38.095237731933594,30.000001907348633,10.526315689086914,5,7.5793352127075195,8589934592,2147483648,5797462016,391184384
209,1772012228076,3204,3204,3204,3204,3204,3204,3204,3204,25,19.047618865966797,18.18181800842285,9.523809432983398,65,0,0,0,7.5793352127075195,8589934592,2147483648,5807226880,391184384
209,1772012228286,3204,3204,3204,3204,3204,3204,3204,3204,14.285715103149414,19.047618865966797,9.523809432983398,5,90.47618865966797,0,0,0,7.5793352127075195,8589934592,2147483648,5798412288,391184384
207,1772012228496,3204,3204,3204,3204,3204,3204,3204,3204,45.45454788208008,38.095237731933594,40,38.095237731933594,13.636363983154297,0,0,0,8.81523609161377,8589934592,2147483648,5798559744,391184384
201,1772012228704,3204,3204,3204,3204,3204,3204,3204,3204,20,20,9.523809432983398,14.285715103149414,85,0,0,0,8.81523609161377,8589934592,2147483648,5798559744,391184384
206,1772012228906,3204,3204,3204,3204,3204,3204,3204,3204,35,25,25,23.809524536132813,25,0,0,0,8.81523609161377,8589934592,2147483648,5798461440,391184384
209,1772012229113,3204,3204,3204,3204,3204,3204,3204,3204,38.095237731933594,35,38.095237731933594,38.095237731933594,10,4.761904716491699,4.761904716491699,0,8.81523609161377,8589934592,2147483648,5799575552,391184384
209,1772012229323,3204,3204,3204,3204,3204,3204,3204,3204,20,22.72727394104004,19.047618865966797,15.000000953674316,4.545454502105713,0,0,0,8.81523609161377,8589934592,2147483648,5799575552,391184384
209,1772012229533,3204,3204,3204,3204,3204,3204,3204,3204,33.333335876464844,25,28.571430206298828,23.809524536132813,38.095237731933594,4.761904716491699,0,0,8.290336608886719,8589934592,2147483648,5799575552,391184384
209,1772012229742,3204,3204,3204,3204,3204,3204,3204,3204,33.333335876464844,23.809524536132813,20,20,15.000000953674316,20,9.090909004211426,4.545454502105713,8.290336608886719,8589934592,2147483648,5799575552,391184384
209,1772012229952,3204,3204,3204,3204,3204,3204,3204,3204,33.333335876464844,23.809524536132813,28.571430206298828,22.72727394104004,9.523809432983398,4.761904716491699,0,0,8.290336608886719,8589934592,2147483648,5800214528,391184384
209,1772012230162,3204,3204,3204,3204,3204,3204,3204,3204,25,23.809524536132813,20,19.047618865966797,14.285715103149414,42.85714340209961,0,4.761904716491699,8.290336608886719,8589934592,2147483648,5806112768,391184384
205,1772012230372,3204,3204,3204,3204,3204,3204,3204,3204,38.095237731933594,35,31.81818199157715,30.000001907348633,0,0,4.545454502105713,0,8.290336608886719,8589934592,2147483648,5807816704,391184384
201,1772012230578,3204,3204,3204,3204,3204,3204,3204,3204,30.000001907348633,19.047618865966797,20,19.047618865966797,13.636363983154297,13.636363983154297,5,5,6.420897006988525,8589934592,2147483648,5806833664,391184384
207,1772012230780,3204,3204,3204,3204,3204,3204,3204,3204,19.047618865966797,15.000000953674316,19.047618865966797,20,0,0,0,0,6.420897006988525,8589934592,2147483648,5806800896,391184384
208,1772012230988,3204,3204,3204,3204,3204,3204,3204,3204,20,28.571430206298828,25,23.809524536132813,4.761904716491699,4.761904716491699,4.761904716491699,4.761904716491699,6.420897006988525,8589934592,2147483648,5806800896,391184384
206,1772012231196,3204,3204,3204,3204,3204,3204,3204,3204,38.095237731933594,20,25,23.809524536132813,4.761904716491699,4.761904716491699,0,0,6.420897006988525,8589934592,2147483648,5808242688,391184384
209,1772012231403,3204,3204,3204,3204,3204,3204,3204,3204,28.571430206298828,20,22.72727394104004,14.285715103149414,0,0,4.761904716491699,4.545454502105713,6.420897006988525,8589934592,2147483648,5808308224,391184384
203,1772012231613,3204,3204,3204,3204,3204,3204,3204,3204,25,27.272727966308594,20,15.000000953674316,0,0,0,0,5.635974884033203,8589934592,2147483648,5808324608,391184384
209,1772012231817,3204,3204,3204,3204,3204,3204,3204,3204,33.333335876464844,26.3157901763916,33.333335876464844,28.571430206298828,10,10,0,0,5.635974884033203,8589934592,2147483648,5808324608,391184384
202,1772012232027,3204,3204,3204,3204,3204,3204,3204,3204,25,23.809524536132813,19.047618865966797,15.000000953674316,19.047618865966797,21.7391300201416,4.761904716491699,0,5.635974884033203,8589934592,2147483648,5808603136,391184384
207,1772012232230,3204,3204,3204,3204,3204,3204,3204,3204,25,28.571430206298828,20,23.809524536132813,4.761904716491699,0,4.761904716491699,4.761904716491699,5.635974884033203,8589934592,2147483648,5808586752,391184384
205,1772012232438,3204,3204,3204,3204,3204,3204,3204,3204,33.333335876464844,20,25,20,0,0,0,0,5.635974884033203,8589934592,2147483648,5802098688,391184384
209,1772012232644,3204,3204,3204,3204,3204,3204,3204,3204,33.333335876464844,28.571430206298828,28.571430206298828,23.809524536132813,0,4.761904716491699,0,0,4.642079830169678,8589934592,2147483648,5796380672,391184384
209,1772012232854,3204,3204,3204,3204,3204,3204,3204,3204,23.809524536132813,18.18181800842285,18.18181800842285,23.809524536132813,20,9.523809432983398,0,0,4.642079830169678,8589934592,2147483648,5796167680,391184384
201,1772012233064,3204,3204,3204,3204,3204,3204,3204,3204,28.571430206298828,20,20,10,8.69565200805664,0,4.545454502105713,4.545454502105713,4.642079830169678,8589934592,2147483648,5796282368,391184384
204,1772012233266,3204,3204,3204,3204,3204,3204,3204,3204,26.3157901763916,28.571430206298828,23.809524536132813,19.047618865966797,0,0,0,0,4.642079830169678,8589934592,2147483648,5796364288,391184384
209,1772012233471,3204,3204,3204,3204,3204,3204,3204,3204,28.571430206298828,21.052631378173828,25,20,10,5,5,9.523809432983398,4.642079830169678,8589934592,2147483648,5796773888,391184384
206,1772012233681,3204,3204,3204,3204,3204,3204,3204,3204,33.333335876464844,38.095237731933594,35,27.272727966308594,23.809524536132813,23.809524536132813,19.047618865966797,15.000000953674316,4.9222731590271,8589934592,2147483648,5797543936,391184384
203,1772012233888,3204,3204,3204,3204,3204,3204,3204,3204,15.000000953674316,10,14.285715103149414,15.000000953674316,0,4.761904716491699,0,4.545454502105713,4.9222731590271,8589934592,2147483648,5797543936,391184384
200,1772012234092,3204,3204,3204,3204,3204,3204,3204,3204,33.333335876464844,28.571430206298828,25,25,28.571430206298828,20,14.285715103149414,5,4.9222731590271,8589934592,2147483648,5797593088,391184384
209,1772012234293,3204,3204,3204,3204,3204,3204,3204,3204,30.000001907348633,19.047618865966797,19.047618865966797,15.789472579956055,0,5,0,5,4.9222731590271,8589934592,2147483648,5797593088,391184384
201,1772012234503,3204,3204,3204,3204,3204,3204,3204,3204,28.571430206298828,25,15.000000953674316,22.72727394104004,4.761904716491699,9.523809432983398,5,0,4.76742696762085,8589934592,2147483648,5797183488,391184384
205,1772012234704,3204,3204,3204,3204,3204,3204,3204,3204,30.000001907348633,35,25,25,5,5,4.761904716491699,5,4.76742696762085,8589934592,2147483648,5798068224,391184384
209,1772012234911,3204,3204,3204,3204,3204,3204,3204,3204,57.142860412597656,61.904762268066406,52.38095474243164,50,0,0,0,0,4.76742696762085,8589934592,2147483648,5799378944,391184384
205,1772012235121,3204,3204,3204,3204,3204,3204,3204,3204,38.095237731933594,35,35,36.3636360168457,0,4.545454502105713,4.545454502105713,0,4.76742696762085,8589934592,2147483648,5799706624,391184384
206,1772012235327,3204,3204,3204,3204,3204,3204,3204,3204,55,52.38095474243164,42.85714340209961,42.105262756347656,4.761904716491699,0,0,4.761904716491699,4.76742696762085,8589934592,2147483648,5800165376,391184384
205,1772012235535,3204,3204,3204,3204,3204,3204,3204,3204,50,45,42.85714340209961,50,4.761904716491699,4.761904716491699,5,4.761904716491699,5.545390605926514,8589934592,2147483648,5800624128,391184384
205,1772012235741,3204,3204,3204,3204,3204,3204,3204,3204,52.38095474243164,47.619049072265625,55,50,0,4.761904716491699,0,0,5.545390605926514,8589934592,2147483648,5800919040,391184384
207,1772012235946,3204,3204,3204,3204,3204,3204,3204,3204,55,55,47.619049072265625,42.85714340209961,4.761904716491699,0,4.761904716491699,4.761904716491699,5.545390605926514,8589934592,2147483648,5801164800,391184384
209,1772012236155,3204,3204,3204,3204,3204,3204,3204,3204,61.904762268066406,57.142860412597656,52.38095474243164,57.142860412597656,42.85714340209961,28.571430206298828,15.000000953674316,15.000000953674316,5.545390605926514,8589934592,2147483648,5814648832,391184384
206,1772012236365,3204,3204,3204,3204,3204,3204,3204,3204,52.38095474243164,40.90909194946289,40,40,10,14.285715103149414,4.545454502105713,0,5.545390605926514,8589934592,2147483648,5803343872,391184384
208,1772012236572,3204,3204,3204,3204,3204,3204,3204,3204,38.095237731933594,36.842105865478516,42.85714340209961,42.85714340209961,4.545454502105713,0,0,0,5.129360675811768,8589934592,2147483648,5803687936,391184384
207,1772012236781,3204,3204,3204,3204,3204,3204,3204,3204,57.142860412597656,59.09090805053711,47.619049072265625,57.142860412597656,0,0,0,4.545454502105713,5.129360675811768,8589934592,2147483648,5803999232,391184384
201,1772012236990,3204,3204,3204,3204,3204,3204,3204,3204,50,52.38095474243164,42.85714340209961,40,0,4.545454502105713,0,0,5.129360675811768,8589934592,2147483648,5804392448,391184384
201,1772012237192,3204,3204,3204,3204,3204,3204,3204,3204,30.000001907348633,42.105262756347656,40,35,0,0,0,0,5.129360675811768,8589934592,2147483648,5804654592,391184384
199,1772012237395,3204,3204,3204,3204,3204,3204,3204,3204,45,35,42.85714340209961,42.85714340209961,0,0,0,0,5.129360675811768,8589934592,2147483648,5805031424,391184384
208,1772012237595,3204,3204,3204,3204,3204,3204,3204,3204,50,33.333335876464844,40,35,0,0,0,0,5.7411932945251465,8589934592,2147483648,5805211648,391184384
209,1772012237804,3204,3204,3204,3204,3204,3204,3204,3204,57.142860412597656,66.66667175292969,42.105262756347656,42.85714340209961,18.18181800842285,4.761904716491699,0,0,5.7411932945251465,8589934592,2147483648,5807177728,391184384
203,1772012238015,3204,3204,3204,3204,3204,3204,3204,3204,57.142860412597656,47.619049072265625,50,47.619049072265625,9.523809432983398,4.545454502105713,0,0,5.7411932945251465,8589934592,2147483648,5803556864,391184384
209,1772012238219,3204,3204,3204,3204,3204,3204,3204,3204,47.619049072265625,45,45,40,10,5,5,5,5.7411932945251465,8589934592,2147483648,5815173120,391184384
207,1772012238430,3204,3204,3204,3204,3204,3204,3204,3204,42.85714340209961,38.095237731933594,40.90909194946289,35,19.047618865966797,15.000000953674316,4.545454502105713,0,5.7411932945251465,8589934592,2147483648,5803950080,391184384
208,1772012238638,3204,3204,3204,3204,3204,3204,3204,3204,52.38095474243164,52.38095474243164,42.105262756347656,40.90909194946289,4.761904716491699,4.761904716491699,0,0,5.21101188659668,8589934592,2147483648,5804097536,391184384
205,1772012238848,3204,3204,3204,3204,3204,3204,3204,3204,60.000003814697266,57.142860412597656,56.52173614501953,50,0,4.545454502105713,0,0,5.21101188659668,8589934592,2147483648,5805670400,391184384
203,1772012239055,3204,3204,3204,3204,3204,3204,3204,3204,40,45,36.842105865478516,40.90909194946289,0,0,0,0,5.21101188659668,8589934592,2147483648,5805670400,391184384
205,1772012239259,3204,3204,3204,3204,3204,3204,3204,3204,52.38095474243164,40,38.095237731933594,45,4.761904716491699,0,4.761904716491699,4.761904716491699,5.21101188659668,8589934592,2147483648,5806145536,391184384
204,1772012239466,3204,3204,3204,3204,3204,3204,3204,3204,40,42.85714340209961,42.85714340209961,45,0,0,0,0,5.21101188659668,8589934592,2147483648,5806407680,391184384
208,1772012239671,3204,3204,3204,3204,3204,3204,3204,3204,52.38095474243164,45,40,47.619049072265625,10,9.523809432983398,9.523809432983398,4.761904716491699,5.355187892913818,8589934592,2147483648,5806604288,391184384
208,1772012239881,3204,3204,3204,3204,3204,3204,3204,3204,61.904762268066406,57.142860412597656,52.38095474243164,55,0,4.761904716491699,4.761904716491699,4.761904716491699,5.355187892913818,8589934592,2147483648,5808128000,391184384
208,1772012240090,3204,3204,3204,3204,3204,3204,3204,3204,40,42.85714340209961,40,42.85714340209961,4.545454502105713,4.545454502105713,0,0,5.355187892913818,8589934592,2147483648,5808455680,391184384
208,1772012240300,3204,3204,3204,3204,3204,3204,3204,3204,47.619049072265625,45,45.45454788208008,42.85714340209961,14.285715103149414,9.523809432983398,9.523809432983398,5,5.355187892913818,8589934592,2147483648,5810110464,391184384
206,1772012240509,3204,3204,3204,3204,3204,3204,3204,3204,61.904762268066406,54.54545593261719,50,52.38095474243164,23.809524536132813,25,0,8.69565200805664,5.2030768394470215,8589934592,2147483648,5809815552,391184384
206,1772012240716,3204,3204,3204,3204,3204,3204,3204,3204,60.000003814697266,65,57.142860412597656,47.619049072265625,4.761904716491699,0,0,0,5.2030768394470215,8589934592,2147483648,5810225152,391184384
202,1772012240924,3204,3204,3204,3204,3204,3204,3204,3204,50,50,40,42.85714340209961,0,0,0,0,5.2030768394470215,8589934592,2147483648,5810962432,391184384
201,1772012241128,3204,3204,3204,3204,3204,3204,3204,3204,47.619049072265625,42.105262756347656,42.85714340209961,35,0,4.545454502105713,0,0,5.2030768394470215,8589934592,2147483648,5810962432,391184384
209,1772012241330,3204,3204,3204,3204,3204,3204,3204,3204,52.38095474243164,47.619049072265625,42.105262756347656,40,0,0,0,0,5.2030768394470215,8589934592,2147483648,5810356224,391184384
205,1772012241540,3204,3204,3204,3204,3204,3204,3204,3204,47.619049072265625,42.85714340209961,45.45454788208008,35,0,0,0,0,5.7036662101745605,8589934592,2147483648,5804867584,391184384
201,1772012241746,3204,3204,3204,3204,3204,3204,3204,3204,30.000001907348633,25,38.095237731933594,38.095237731933594,0,0,0,0,5.7036662101745605,8589934592,2147483648,5804867584,391184384
205,1772012241948,3204,3204,3204,3204,3204,3204,3204,3204,30.000001907348633,30.000001907348633,35,19.047618865966797,0,0,0,0,5.7036662101745605,8589934592,2147483648,5804998656,391184384
205,1772012242154,3204,3204,3204,3204,3204,3204,3204,3204,19.047618865966797,33.333335876464844,15.000000953674316,15.000000953674316,0,0,0,0,5.7036662101745605,8589934592,2147483648,5805047808,391184384
200,1772012242360,3204,3204,3204,3204,3204,3204,3204,3204,21.052631378173828,26.3157901763916,15.000000953674316,15.000000953674316,0,0,0,0,5.7036662101745605,8589934592,2147483648,5805031424,391184384
204,1772012242562,3204,3204,3204,3204,3204,3204,3204,3204,28.571430206298828,33.333335876464844,23.809524536132813,20,21.052631378173828,5,4.761904716491699,0,5.230010986328125,8589934592,2147483648,5816188928,391184384
206,1772012242766,3204,3204,3204,3204,3204,3204,3204,3204,25,20,20,30.000001907348633,22.72727394104004,14.285715103149414,0,4.761904716491699,5.230010986328125,8589934592,2147483648,5804212224,391184384
204,1772012242973,3204,3204,3204,3204,3204,3204,3204,3204,23.809524536132813,28.571430206298828,15.000000953674316,22.72727394104004,70,57.142860412597656,19.047618865966797,0,5.230010986328125,8589934592,2147483648,5810372608,391184384
209,1772012243178,3204,3204,3204,3204,3204,3204,3204,3204,30.000001907348633,20,25,15.000000953674316,50,5,45,0,5.230010986328125,8589934592,2147483648,5812977664,391184384
209,1772012243388,3204,3204,3204,3204,3204,3204,3204,3204,19.047618865966797,14.285715103149414,14.285715103149414,19.047618865966797,81.81818389892578,0,0,0,5.230010986328125,8589934592,2147483648,5812060160,391184384
206,1772012243597,3204,3204,3204,3204,3204,3204,3204,3204,10,14.285715103149414,19.047618865966797,14.285715103149414,71.42857360839844,33.333335876464844,33.333335876464844,15.000000953674316,4.538419246673584,8589934592,2147483648,5822824448,391184384
209,1772012243804,3204,3204,3204,3204,3204,3204,3204,3204,9.523809432983398,5,9.523809432983398,5,10,47.619049072265625,47.619049072265625,45.45454788208008,4.538419246673584,8589934592,2147483648,5813125120,391184384
205,1772012244014,3204,3204,3204,3204,3204,3204,3204,3204,14.285715103149414,14.285715103149414,10,14.285715103149414,18.18181800842285,9.523809432983398,9.523809432983398,0,4.538419246673584,8589934592,2147483648,5818318848,391184384
208,1772012244220,3204,3204,3204,3204,3204,3204,3204,3204,23.809524536132813,19.047618865966797,19.047618865966797,15.000000953674316,0,0,100,0,4.538419246673584,8589934592,2147483648,5818515456,391184384
207,1772012244429,3204,3204,3204,3204,3204,3204,3204,3204,19.047618865966797,19.047618865966797,19.047618865966797,18.18181800842285,0,45,57.142860412597656,0,4.538419246673584,8589934592,2147483648,5818662912,391184384
209,1772012244636,3204,3204,3204,3204,3204,3204,3204,3204,31.57894515991211,30.000001907348633,38.095237731933594,25,40,72.7272720336914,20,26.3157901763916,8.586064338684082,8589934592,2147483648,5830197248,391184384
205,1772012244846,3204,3204,3204,3204,3204,3204,3204,3204,18.18181800842285,23.809524536132813,14.285715103149414,9.523809432983398,77.2727279663086,35,9.090909004211426,18.18181800842285,8.586064338684082,8589934592,2147483648,5820170240,391184384
201,1772012245052,3204,3204,3204,3204,3204,3204,3204,3204,20,15.000000953674316,28.571430206298828,19.047618865966797,76.19047546386719,20,0,0,8.586064338684082,8589934592,2147483648,5823692800,391184384
206,1772012245254,3204,3204,3204,3204,3204,3204,3204,3204,47.619049072265625,40,42.105262756347656,42.105262756347656,15.789472579956055,15.000000953674316,5.263157844543457,70,8.586064338684082,8589934592,2147483648,5823692800,391184384
208,1772012245461,3204,3204,3204,3204,3204,3204,3204,3204,70,71.42857360839844,68.18181610107422,71.42857360839844,25,19.047618865966797,36.3636360168457,30.000001907348633,8.586064338684082,8589934592,2147483648,5862146048,391184384
200,1772012245670,3204,3204,3204,3204,3204,3204,3204,3204,28.571430206298828,45,31.57894515991211,28.571430206298828,33.333335876464844,68.18181610107422,0,0,10.737173080444336,8589934592,2147483648,5862424576,391184384
208,1772012245871,3204,3204,3204,3204,3204,3204,3204,3204,15.789472579956055,14.285715103149414,14.285715103149414,15.000000953674316,0,100,0,0,10.737173080444336,8589934592,2147483648,5861425152,391184384
207,1772012246080,3204,3204,3204,3204,3204,3204,3204,3204,19.047618865966797,23.809524536132813,10,18.18181800842285,0,100,0,0,10.737173080444336,8589934592,2147483648,5860311040,391184384
209,1772012246288,3204,3204,3204,3204,3204,3204,3204,3204,33.333335876464844,25,27.272727966308594,21.052631378173828,0,35,0,0,10.737173080444336,8589934592,2147483648,5861703680,391184384
200,1772012246498,3204,3204,3204,3204,3204,3204,3204,3204,23.809524536132813,27.272727966308594,15.000000953674316,18.18181800842285,0,100,0,0,11.728861808776855,8589934592,2147483648,5860950016,391184384
207,1772012246699,3204,3204,3204,3204,3204,3204,3204,3204,20,15.789472579956055,20,10.526315689086914,26.3157901763916,80,0,0,11.728861808776855,8589934592,2147483648,5860851712,391184384
201,1772012246907,3204,3204,3204,3204,3204,3204,3204,3204,25,28.571430206298828,23.809524536132813,22.72727394104004,36.3636360168457,38.095237731933594,4.545454502105713,9.523809432983398,11.728861808776855,8589934592,2147483648,5853560832,391184384
200,1772012247108,3204,3204,3204,3204,3204,3204,3204,3204,15.000000953674316,19.047618865966797,15.000000953674316,10.526315689086914,100,5,0,0,11.728861808776855,8589934592,2147483648,5855477760,391184384
209,1772012247309,3204,3204,3204,3204,3204,3204,3204,3204,20,15.789472579956055,20,20,50,50,0,0,11.728861808776855,8589934592,2147483648,5849399296,391184384
201,1772012247519,3204,3204,3204,3204,3204,3204,3204,3204,15.000000953674316,14.285715103149414,14.285715103149414,14.285715103149414,0,40,0,0,9.896527290344238,8589934592,2147483648,5848776704,391184384
209,1772012247721,3204,3204,3204,3204,3204,3204,3204,3204,23.809524536132813,20,21.052631378173828,15.000000953674316,0,23.809524536132813,76.19047546386719,0,9.896527290344238,8589934592,2147483648,5849415680,391184384
206,1772012247931,3204,3204,3204,3204,3204,3204,3204,3204,23.809524536132813,15.000000953674316,23.809524536132813,18.18181800842285,33.333335876464844,9.523809432983398,38.095237731933594,28.571430206298828,9.896527290344238,8589934592,2147483648,5848547328,391184384
209,1772012248137,3204,3204,3204,3204,3204,3204,3204,3204,40,23.809524536132813,52.38095474243164,21.052631378173828,0,0,0,47.619049072265625,9.896527290344238,8589934592,2147483648,5854314496,391184384
209,1772012248348,3204,3204,3204,3204,3204,3204,3204,3204,19.047618865966797,19.047618865966797,23.809524536132813,18.18181800842285,4.761904716491699,4.545454502105713,72.7272720336914,14.285715103149414,9.896527290344238,8589934592,2147483648,5851955200,391184384
200,1772012248557,3204,3204,3204,3204,3204,3204,3204,3204,22.72727394104004,19.047618865966797,19.047618865966797,9.523809432983398,4.761904716491699,0,70,4.545454502105713,9.537755966186523,8589934592,2147483648,5851922432,391184384
209,1772012248758,3204,3204,3204,3204,3204,3204,3204,3204,20,10.526315689086914,23.809524536132813,15.000000953674316,5,0,100,0,9.537755966186523,8589934592,2147483648,5861605376,391184384
208,1772012248968,3204,3204,3204,3204,3204,3204,3204,3204,30.000001907348633,27.272727966308594,25,19.047618865966797,33.333335876464844,13.636363983154297,35,0,9.537755966186523,8589934592,2147483648,5855526912,391184384
208,1772012249178,3204,3204,3204,3204,3204,3204,3204,3204,23.809524536132813,33.333335876464844,25,19.047618865966797,25,0,0,0,9.537755966186523,8589934592,2147483648,5847318528,391184384
203,1772012249387,3204,3204,3204,3204,3204,3204,3204,3204,25,36.842105865478516,23.809524536132813,15.000000953674316,15.000000953674316,0,0,0,9.537755966186523,8589934592,2147483648,5848350720,391184384
205,1772012249591,3204,3204,3204,3204,3204,3204,3204,3204,27.272727966308594,20,25,15.000000953674316,45.45454788208008,19.047618865966797,14.285715103149414,4.761904716491699,9.199084281921387,8589934592,2147483648,5845680128,391184384
203,1772012249797,3204,3204,3204,3204,3204,3204,3204,3204,21.052631378173828,22.72727394104004,28.571430206298828,23.809524536132813,70,0,0,0,9.199084281921387,8589934592,2147483648,5839437824,391184384
203,1772012250001,3204,3204,3204,3204,3204,3204,3204,3204,20,15.789472579956055,25,10,23.809524536132813,0,0,0,9.199084281921387,8589934592,2147483648,5836570624,391184384
209,1772012250204,3204,3204,3204,3204,3204,3204,3204,3204,40,30.000001907348633,25,30.000001907348633,21.052631378173828,10,0,4.761904716491699,9.199084281921387,8589934592,2147483648,5829001216,391184384
206,1772012250414,3204,3204,3204,3204,3204,3204,3204,3204,23.809524536132813,22.72727394104004,18.18181800842285,18.18181800842285,90.47618865966797,4.761904716491699,0,0,9.199084281921387,8589934592,2147483648,5837832192,391184384
199,1772012250621,3204,3204,3204,3204,3204,3204,3204,3204,33.333335876464844,25,21.052631378173828,26.3157901763916,55,0,4.761904716491699,0,7.994756698608398,8589934592,2147483648,5836406784,391184384
202,1772012250821,3204,3204,3204,3204,3204,3204,3204,3204,45,40,38.095237731933594,28.571430206298828,20,0,0,10,7.994756698608398,8589934592,2147483648,5855936512,391184384
209,1772012251024,3204,3204,3204,3204,3204,3204,3204,3204,15.000000953674316,25,15.000000953674316,23.809524536132813,75,0,0,30.000001907348633,7.994756698608398,8589934592,2147483648,5837979648,391184384
209,1772012251234,3204,3204,3204,3204,3204,3204,3204,3204,40,38.095237731933594,33.333335876464844,25,33.333335876464844,18.18181800842285,4.761904716491699,4.545454502105713,7.994756698608398,8589934592,2147483648,5833228288,391184384
207,1772012251444,3204,3204,3204,3204,3204,3204,3204,3204,28.571430206298828,28.571430206298828,19.047618865966797,25,23.809524536132813,14.285715103149414,0,23.809524536132813,7.994756698608398,8589934592,2147483648,5834997760,391184384
209,1772012251652,3204,3204,3204,3204,3204,3204,3204,3204,25,20,19.047618865966797,19.047618865966797,47.619049072265625,0,0,5,8.971799850463867,8589934592,2147483648,5832130560,391184384
208,1772012251861,3204,3204,3204,3204,3204,3204,3204,3204,28.571430206298828,38.095237731933594,20,25,4.761904716491699,0,0,0,8.971799850463867,8589934592,2147483648,5822169088,391184384
200,1772012252070,3204,3204,3204,3204,3204,3204,3204,3204,28.571430206298828,23.809524536132813,33.333335876464844,27.272727966308594,5,0,4.545454502105713,0,8.971799850463867,8589934592,2147483648,5822169088,391184384
205,1772012252271,3204,3204,3204,3204,3204,3204,3204,3204,21.052631378173828,21.052631378173828,26.3157901763916,20,0,0,0,0,8.971799850463867,8589934592,2147483648,5822169088,391184384
205,1772012252477,3204,3204,3204,3204,3204,3204,3204,3204,36.3636360168457,20,33.333335876464844,28.571430206298828,47.619049072265625,4.545454502105713,0,0,8.905546188354492,8589934592,2147483648,5822169088,391184384
204,1772012252683,3204,3204,3204,3204,3204,3204,3204,3204,20,22.72727394104004,23.809524536132813,10.526315689086914,0,0,0,4.761904716491699,8.905546188354492,8589934592,2147483648,5828018176,391184384
208,1772012252888,3204,3204,3204,3204,3204,3204,3204,3204,20,19.047618865966797,26.3157901763916,14.285715103149414,9.523809432983398,14.285715103149414,9.523809432983398,0,8.905546188354492,8589934592,2147483648,5827018752,391184384
209,1772012253097,3204,3204,3204,3204,3204,3204,3204,3204,23.809524536132813,20,27.272727966308594,19.047618865966797,9.090909004211426,0,4.761904716491699,0,8.905546188354492,8589934592,2147483648,5827543040,391184384
208,1772012253307,3204,3204,3204,3204,3204,3204,3204,3204,28.571430206298828,28.571430206298828,23.809524536132813,23.809524536132813,26.3157901763916,14.285715103149414,4.761904716491699,4.545454502105713,8.905546188354492,8589934592,2147483648,5827198976,391184384
204,1772012253516,3204,3204,3204,3204,3204,3204,3204,3204,33.333335876464844,28.571430206298828,20,20,9.090909004211426,9.090909004211426,0,4.761904716491699,5.897114276885986,8589934592,2147483648,5829148672,391184384
206,1772012253721,3204,3204,3204,3204,3204,3204,3204,3204,25,20,28.571430206298828,14.285715103149414,0,0,0,0,5.897114276885986,8589934592,2147483648,5833392128,391184384
206,1772012253928,3204,3204,3204,3204,3204,3204,3204,3204,25,28.571430206298828,15.000000953674316,28.571430206298828,4.761904716491699,0,0,0,5.897114276885986,8589934592,2147483648,5832327168,391184384
205,1772012254135,3204,3204,3204,3204,3204,3204,3204,3204,23.809524536132813,15.000000953674316,14.285715103149414,20,4.761904716491699,4.761904716491699,4.761904716491699,0,5.897114276885986,8589934592,2147483648,5831589888,391184384
206,1772012254341,3204,3204,3204,3204,3204,3204,3204,3204,28.571430206298828,23.809524536132813,23.809524536132813,14.285715103149414,10,0,0,0,5.897114276885986,8589934592,2147483648,5831589888,391184384
205,1772012254547,3204,3204,3204,3204,3204,3204,3204,3204,25,30.000001907348633,23.809524536132813,28.571430206298828,9.523809432983398,0,0,0,4.868637561798096,8589934592,2147483648,5831589888,391184384
200,1772012254753,3204,3204,3204,3204,3204,3204,3204,3204,25,25,21.052631378173828,15.789472579956055,15.000000953674316,19.047618865966797,19.047618865966797,19.047618865966797,4.868637561798096,8589934592,2147483648,5826920448,391184384
203,1772012254954,3204,3204,3204,3204,3204,3204,3204,3204,28.571430206298828,33.333335876464844,15.000000953674316,19.047618865966797,0,0,0,0,4.868637561798096,8589934592,2147483648,5826543616,391184384
209,1772012255158,3204,3204,3204,3204,3204,3204,3204,3204,30.000001907348633,20,19.047618865966797,19.047618865966797,4.761904716491699,0,0,0,4.868637561798096,8589934592,2147483648,5826576384,391184384
209,1772012255368,3204,3204,3204,3204,3204,3204,3204,3204,28.571430206298828,23.809524536132813,33.333335876464844,25,9.523809432983398,4.761904716491699,0,0,4.868637561798096,8589934592,2147483648,5833998336,391184384
206,1772012255578,3204,3204,3204,3204,3204,3204,3204,3204,20,25,19.047618865966797,19.047618865966797,23.809524536132813,9.523809432983398,4.761904716491699,0,4.763616561889648,8589934592,2147483648,5824528384,391184384
209,1772012255786,3204,3204,3204,3204,3204,3204,3204,3204,20,28.571430206298828,20,15.000000953674316,0,0,4.761904716491699,4.761904716491699,4.763616561889648,8589934592,2147483648,5826068480,391184384
206,1772012255995,3204,3204,3204,3204,3204,3204,3204,3204,19.047618865966797,33.333335876464844,14.285715103149414,22.72727394104004,0,0,0,0,4.763616561889648,8589934592,2147483648,5824233472,391184384
201,1772012256202,3204,3204,3204,3204,3204,3204,3204,3204,22.72727394104004,15.000000953674316,14.285715103149414,10,0,0,0,0,4.763616561889648,8589934592,2147483648,5824413696,391184384
209,1772012256404,3204,3204,3204,3204,3204,3204,3204,3204,35,23.809524536132813,15.000000953674316,20,0,4.761904716491699,0,0,4.763616561889648,8589934592,2147483648,5825740800,391184384
206,1772012256614,3204,3204,3204,3204,3204,3204,3204,3204,25,19.047618865966797,10,23.809524536132813,0,0,0,0,5.008388519287109,8589934592,2147483648,5824282624,391184384
208,1772012256821,3204,3204,3204,3204,3204,3204,3204,3204,23.809524536132813,19.047618865966797,27.272727966308594,23.809524536132813,4.761904716491699,0,0,0,5.008388519287109,8589934592,2147483648,5823971328,391184384
209,1772012257030,3204,3204,3204,3204,3204,3204,3204,3204,28.571430206298828,25,25,15.000000953674316,13.636363983154297,9.523809432983398,0,0,5.008388519287109,8589934592,2147483648,5825773568,391184384
208,1772012257240,3204,3204,3204,3204,3204,3204,3204,3204,20,19.047618865966797,14.285715103149414,28.571430206298828,0,0,0,0,5.008388519287109,8589934592,2147483648,5824348160,391184384
204,1772012257453,3204,3204,3204,3204,3204,3204,3204,3204,33.333335876464844,23.809524536132813,20,18.18181800842285,0,0,0,0,5.008388519287109,8589934592,2147483648,5824937984,391184384
208,1772012257658,3204,3204,3204,3204,3204,3204,3204,3204,25,20,31.81818199157715,14.285715103149414,25,20,10,4.761904716491699,4.567501068115234,8589934592,2147483648,5822251008,391184384
209,1772012257867,3204,3204,3204,3204,3204,3204,3204,3204,31.81818199157715,27.272727966308594,10.526315689086914,10.526315689086914,5,14.285715103149414,4.761904716491699,0,4.567501068115234,8589934592,2147483648,5823414272,391184384
201,1772012258077,3204,3204,3204,3204,3204,3204,3204,3204,23.809524536132813,21.052631378173828,18.18181800842285,18.18181800842285,0,0,0,0,4.567501068115234,8589934592,2147483648,5824708608,391184384
207,1772012258279,3204,3204,3204,3204,3204,3204,3204,3204,21.052631378173828,33.333335876464844,15.000000953674316,10.526315689086914,9.090909004211426,0,4.761904716491699,0,4.567501068115234,8589934592,2147483648,5825806336,391184384
208,1772012258488,3204,3204,3204,3204,3204,3204,3204,3204,40.90909194946289,25,42.85714340209961,40.90909194946289,0,0,0,0,5.046048164367676,8589934592,2147483648,5824004096,391184384
207,1772012258696,3204,3204,3204,3204,3204,3204,3204,3204,15.000000953674316,23.809524536132813,19.047618865966797,10,0,0,0,0,5.046048164367676,8589934592,2147483648,5824348160,391184384
209,1772012258905,3204,3204,3204,3204,3204,3204,3204,3204,23.809524536132813,27.272727966308594,20,14.285715103149414,0,4.545454502105713,0,0,5.046048164367676,8589934592,2147483648,5825380352,391184384
207,1772012259115,3204,3204,3204,3204,3204,3204,3204,3204,19.047618865966797,20,19.047618865966797,14.285715103149414,0,0,0,0,5.046048164367676,8589934592,2147483648,5824872448,391184384
206,1772012259323,3204,3204,3204,3204,3204,3204,3204,3204,25,25,14.285715103149414,14.285715103149414,0,0,0,0,5.046048164367676,8589934592,2147483648,5826740224,391184384
209,1772012259530,3204,3204,3204,3204,3204,3204,3204,3204,33.333335876464844,23.809524536132813,23.809524536132813,19.047618865966797,0,0,0,0,4.990897178649902,8589934592,2147483648,5819416576,391184384
204,1772012259740,3204,3204,3204,3204,3204,3204,3204,3204,28.571430206298828,22.72727394104004,23.809524536132813,19.047618865966797,25,15.000000953674316,9.090909004211426,4.761904716491699,4.990897178649902,8589934592,2147483648,5817860096,391184384
208,1772012259945,3204,3204,3204,3204,3204,3204,3204,3204,25,21.052631378173828,15.000000953674316,14.285715103149414,9.523809432983398,9.523809432983398,0,0,4.990897178649902,8589934592,2147483648,5820301312,391184384
202,1772012260155,3204,3204,3204,3204,3204,3204,3204,3204,33.333335876464844,23.809524536132813,19.047618865966797,10.526315689086914,0,0,0,0,4.990897178649902,8589934592,2147483648,5819531264,391184384
206,1772012260358,3204,3204,3204,3204,3204,3204,3204,3204,30.000001907348633,30.000001907348633,20,23.809524536132813,0,0,0,0,4.990897178649902,8589934592,2147483648,5819695104,391184384
207,1772012260565,3204,3204,3204,3204,3204,3204,3204,3204,19.047618865966797,14.285715103149414,19.047618865966797,23.809524536132813,0,0,0,0,4.496413230895996,8589934592,2147483648,5819351040,391184384
209,1772012260773,3204,3204,3204,3204,3204,3204,3204,3204,19.047618865966797,23.809524536132813,19.047618865966797,23.809524536132813,4.761904716491699,9.090909004211426,4.761904716491699,4.545454502105713,4.496413230895996,8589934592,2147483648,5819400192,391184384
207,1772012260983,3204,3204,3204,3204,3204,3204,3204,3204,20,19.047618865966797,19.047618865966797,28.571430206298828,0,0,0,0,4.496413230895996,8589934592,2147483648,5820284928,391184384
200,1772012261191,3204,3204,3204,3204,3204,3204,3204,3204,28.571430206298828,25,20,20,9.523809432983398,0,0,0,4.496413230895996,8589934592,2147483648,5821054976,391184384
209,1772012261392,3204,3204,3204,3204,3204,3204,3204,3204,30.000001907348633,30.000001907348633,30.000001907348633,23.809524536132813,0,0,0,0,4.496413230895996,8589934592,2147483648,5820481536,391184384
201,1772012261602,3204,3204,3204,3204,3204,3204,3204,3204,38.095237731933594,33.333335876464844,25,20,0,0,0,0,4.743417739868164,8589934592,2147483648,5822480384,391184384
209,1772012261804,3204,3204,3204,3204,3204,3204,3204,3204,36.842105865478516,20,28.571430206298828,20,15.000000953674316,4.761904716491699,4.761904716491699,0,4.743417739868164,8589934592,2147483648,5832212480,391184384
205,1772012262014,3204,3204,3204,3204,3204,3204,3204,3204,23.809524536132813,23.809524536132813,23.809524536132813,19.047618865966797,10,19.047618865966797,5,4.761904716491699,4.743417739868164,8589934592,2147483648,5822087168,391184384
209,1772012262221,3204,3204,3204,3204,3204,3204,3204,3204,19.047618865966797,28.571430206298828,15.000000953674316,15.000000953674316,0,0,0,0,4.743417739868164,8589934592,2147483648,5822267392,391184384
209,1772012262431,3204,3204,3204,3204,3204,3204,3204,3204,23.809524536132813,23.809524536132813,18.18181800842285,23.809524536132813,0,0,4.545454502105713,0,4.743417739868164,8589934592,2147483648,5822267392,391184384
202,1772012262641,3204,3204,3204,3204,3204,3204,3204,3204,23.809524536132813,20,19.047618865966797,23.809524536132813,4.545454502105713,0,0,0,4.808560371398926,8589934592,2147483648,5822152704,391184384
209,1772012262844,3204,3204,3204,3204,3204,3204,3204,3204,30.000001907348633,15.000000953674316,10.526315689086914,28.571430206298828,15.000000953674316,9.523809432983398,5,0,4.808560371398926,8589934592,2147483648,5824233472,391184384
209,1772012263054,3204,3204,3204,3204,3204,3204,3204,3204,28.571430206298828,23.809524536132813,28.571430206298828,33.333335876464844,19.047618865966797,19.047618865966797,19.047618865966797,19.047618865966797,4.808560371398926,8589934592,2147483648,5822545920,391184384
204,1772012263264,3204,3204,3204,3204,3204,3204,3204,3204,23.809524536132813,19.047618865966797,18.18181800842285,28.571430206298828,4.761904716491699,4.761904716491699,0,0,4.808560371398926,8589934592,2147483648,5824872448,391184384
209,1772012263470,3204,3204,3204,3204,3204,3204,3204,3204,15.000000953674316,28.571430206298828,15.000000953674316,25,0,0,0,0,4.808560371398926,8589934592,2147483648,5824921600,391184384
207,1772012263680,3204,3204,3204,3204,3204,3204,3204,3204,19.047618865966797,23.809524536132813,14.285715103149414,14.285715103149414,0,0,0,0,4.935906410217285,8589934592,2147483648,5824200704,391184384
205,1772012263889,3204,3204,3204,3204,3204,3204,3204,3204,19.047618865966797,30.000001907348633,19.047618865966797,10,0,0,4.545454502105713,0,4.935906410217285,8589934592,2147483648,5824053248,391184384
205,1772012264094,3204,3204,3204,3204,3204,3204,3204,3204,28.571430206298828,20,21.052631378173828,31.81818199157715,23.809524536132813,30.000001907348633,0,4.761904716491699,4.935906410217285,8589934592,2147483648,5822726144,391184384
205,1772012264300,3204,3204,3204,3204,3204,3204,3204,3204,25,28.571430206298828,19.047618865966797,20,4.761904716491699,9.090909004211426,4.761904716491699,4.761904716491699,4.935906410217285,8589934592,2147483648,5819498496,391184384
209,1772012264507,3204,3204,3204,3204,3204,3204,3204,3204,20,19.047618865966797,23.809524536132813,20,0,0,0,0,4.912569999694824,8589934592,2147483648,5822021632,391184384
203,1772012264717,3204,3204,3204,3204,3204,3204,3204,3204,23.809524536132813,15.000000953674316,14.285715103149414,19.047618865966797,4.761904716491699,10,0,0,4.912569999694824,8589934592,2147483648,5822021632,391184384
205,1772012264921,3204,3204,3204,3204,3204,3204,3204,3204,25,20,20,25,0,0,0,0,4.912569999694824,8589934592,2147483648,5822021632,391184384
209,1772012265127,3204,3204,3204,3204,3204,3204,3204,3204,20,19.047618865966797,25,19.047618865966797,0,4.545454502105713,4.545454502105713,4.761904716491699,4.912569999694824,8589934592,2147483648,5824364544,391184384
209,1772012265338,3204,3204,3204,3204,3204,3204,3204,3204,19.047618865966797,19.047618865966797,19.047618865966797,14.285715103149414,4.545454502105713,0,0,0,4.912569999694824,8589934592,2147483648,5823037440,391184384
206,1772012265548,3204,3204,3204,3204,3204,3204,3204,3204,27.272727966308594,23.809524536132813,23.809524536132813,19.047618865966797,0,0,0,0,4.7493367195129395,8589934592,2147483648,5824118784,391184384
205,1772012265754,3204,3204,3204,3204,3204,3204,3204,3204,25,19.047618865966797,23.809524536132813,15.000000953674316,0,0,0,0,4.7493367195129395,8589934592,2147483648,5822136320,391184384
200,1772012265961,3204,3204,3204,3204,3204,3204,3204,3204,25,20,28.571430206298828,19.047618865966797,0,0,0,0,4.7493367195129395,8589934592,2147483648,5822136320,391184384
207,1772012266161,3204,3204,3204,3204,3204,3204,3204,3204,25,25,26.3157901763916,20,20,15.000000953674316,9.523809432983398,10,4.7493367195129395,8589934592,2147483648,5828984832,391184384
201,1772012266369,3204,3204,3204,3204,3204,3204,3204,3204,35,33.333335876464844,23.809524536132813,23.809524536132813,5,14.285715103149414,0,0,4.7493367195129395,8589934592,2147483648,5820891136,391184384
209,1772012266571,3204,3204,3204,3204,3204,3204,3204,3204,33.333335876464844,30.000001907348633,20,15.000000953674316,14.285715103149414,9.523809432983398,5,5,4.605145454406738,8589934592,2147483648,5822496768,391184384
206,1772012266781,3204,3204,3204,3204,3204,3204,3204,3204,23.809524536132813,15.000000953674316,23.809524536132813,10,0,0,0,0,4.605145454406738,8589934592,2147483648,5822021632,391184384
208,1772012266988,3204,3204,3204,3204,3204,3204,3204,3204,28.571430206298828,23.809524536132813,15.000000953674316,18.18181800842285,4.761904716491699,4.761904716491699,4.761904716491699,4.761904716491699,4.605145454406738,8589934592,2147483648,5822758912,391184384
209,1772012267197,3204,3204,3204,3204,3204,3204,3204,3204,25,20,23.809524536132813,10.526315689086914,0,0,0,0,4.605145454406738,8589934592,2147483648,5822726144,391184384
201,1772012267406,3204,3204,3204,3204,3204,3204,3204,3204,23.809524536132813,22.72727394104004,20,18.18181800842285,0,0,4.545454502105713,0,4.605145454406738,8589934592,2147483648,5823021056,391184384
204,1772012267609,3204,3204,3204,3204,3204,3204,3204,3204,28.571430206298828,26.3157901763916,23.809524536132813,15.000000953674316,5,4.761904716491699,0,5,4.95775842666626,8589934592,2147483648,5823889408,391184384
209,1772012267814,3204,3204,3204,3204,3204,3204,3204,3204,20,31.81818199157715,15.000000953674316,15.000000953674316,9.090909004211426,5,4.545454502105713,0,4.95775842666626,8589934592,2147483648,5820694528,391184384
209,1772012268024,3204,3204,3204,3204,3204,3204,3204,3204,25,20,14.285715103149414,22.72727394104004,20,4.545454502105713,0,0,4.95775842666626,8589934592,2147483648,5823676416,391184384
204,1772012268234,3204,3204,3204,3204,3204,3204,3204,3204,28.571430206298828,40.90909194946289,23.809524536132813,19.047618865966797,14.285715103149414,9.523809432983398,4.761904716491699,4.761904716491699,4.95775842666626,8589934592,2147483648,5833146368,391184384
209,1772012268439,3204,3204,3204,3204,3204,3204,3204,3204,23.809524536132813,21.052631378173828,33.333335876464844,15.000000953674316,15.000000953674316,15.000000953674316,0,0,4.95775842666626,8589934592,2147483648,5820071936,391184384
208,1772012268649,3204,3204,3204,3204,3204,3204,3204,3204,23.809524536132813,31.81818199157715,14.285715103149414,19.047618865966797,0,0,0,0,4.642702102661133,8589934592,2147483648,5823070208,391184384
209,1772012268858,3204,3204,3204,3204,3204,3204,3204,3204,28.571430206298828,25,19.047618865966797,10,4.761904716491699,0,0,4.545454502105713,4.642702102661133,8589934592,2147483648,5823070208,391184384
208,1772012269068,3204,3204,3204,3204,3204,3204,3204,3204,20,23.809524536132813,25,19.047618865966797,0,4.545454502105713,0,0,4.642702102661133,8589934592,2147483648,5823070208,391184384
209,1772012269277,3204,3204,3204,3204,3204,3204,3204,3204,23.809524536132813,23.809524536132813,31.81818199157715,18.18181800842285,0,0,0,0,4.642702102661133,8589934592,2147483648,5821202432,391184384
202,1772012269487,3204,3204,3204,3204,3204,3204,3204,3204,33.333335876464844,20,23.809524536132813,20,0,0,0,0,4.822895050048828,8589934592,2147483648,5821153280,391184384
209,1772012269691,3204,3204,3204,3204,3204,3204,3204,3204,20,22.72727394104004,10.526315689086914,15.000000953674316,10,10,5,4.761904716491699,4.822895050048828,8589934592,2147483648,5822480384,391184384
209,1772012269901,3204,3204,3204,3204,3204,3204,3204,3204,19.047618865966797,20,18.18181800842285,23.809524536132813,0,0,0,0,4.822895050048828,8589934592,2147483648,5821595648,391184384
207,1772012270111,3204,3204,3204,3204,3204,3204,3204,3204,19.047618865966797,19.047618865966797,28.571430206298828,19.047618865966797,0,0,4.545454502105713,0,4.822895050048828,8589934592,2147483648,5822054400,391184384
201,1772012270319,3204,3204,3204,3204,3204,3204,3204,3204,20,19.047618865966797,25,20,9.090909004211426,4.545454502105713,0,4.761904716491699,4.822895050048828,8589934592,2147483648,5821300736,391184384
205,1772012270521,3204,3204,3204,3204,3204,3204,3204,3204,38.095237731933594,40,30.000001907348633,28.571430206298828,26.3157901763916,25,9.523809432983398,5.263157844543457,4.837169647216797,8589934592,2147483648,5822758912,391184384
208,1772012270727,3204,3204,3204,3204,3204,3204,3204,3204,20,25,15.000000953674316,22.72727394104004,0,0,0,0,4.837169647216797,8589934592,2147483648,5820760064,391184384
208,1772012270936,3204,3204,3204,3204,3204,3204,3204,3204,20,23.809524536132813,14.285715103149414,15.000000953674316,4.761904716491699,4.761904716491699,4.761904716491699,4.761904716491699,4.837169647216797,8589934592,2147483648,5821218816,391184384
201,1772012271144,3204,3204,3204,3204,3204,3204,3204,3204,27.272727966308594,23.809524536132813,23.809524536132813,23.809524536132813,4.761904716491699,0,0,0,4.837169647216797,8589934592,2147483648,5821218816,391184384
207,1772012271347,3204,3204,3204,3204,3204,3204,3204,3204,20,20,15.000000953674316,26.3157901763916,0,0,0,0,4.837169647216797,8589934592,2147483648,5821677568,391184384
206,1772012271554,3204,3204,3204,3204,3204,3204,3204,3204,23.809524536132813,23.809524536132813,20,28.571430206298828,0,4.545454502105713,0,4.761904716491699,4.682258129119873,8589934592,2147483648,5822054400,391184384
205,1772012271761,3204,3204,3204,3204,3204,3204,3204,3204,20,20,22.72727394104004,28.571430206298828,0,0,4.545454502105713,0,4.682258129119873,8589934592,2147483648,5821562880,391184384
209,1772012271967,3204,3204,3204,3204,3204,3204,3204,3204,20,15.000000953674316,15.000000953674316,25,9.090909004211426,4.761904716491699,5,5,4.682258129119873,8589934592,2147483648,5822611456,391184384
208,1772012272177,3204,3204,3204,3204,3204,3204,3204,3204,19.047618865966797,19.047618865966797,19.047618865966797,14.285715103149414,0,0,0,0,4.682258129119873,8589934592,2147483648,5822611456,391184384
206,1772012272386,3204,3204,3204,3204,3204,3204,3204,3204,19.047618865966797,28.571430206298828,19.047618865966797,14.285715103149414,4.761904716491699,0,0,0,4.682258129119873,8589934592,2147483648,5820940288,391184384
208,1772012272593,3204,3204,3204,3204,3204,3204,3204,3204,28.571430206298828,30.000001907348633,38.095237731933594,23.809524536132813,20,10,4.761904716491699,0,4.6698899269104,8589934592,2147483648,5831802880,391184384
208,1772012272802,3204,3204,3204,3204,3204,3204,3204,3204,30.000001907348633,22.72727394104004,20,15.000000953674316,9.523809432983398,9.523809432983398,0,0,4.6698899269104,8589934592,2147483648,5831802880,391184384
209,1772012273011,3204,3204,3204,3204,3204,3204,3204,3204,30.000001907348633,20,15.000000953674316,10,4.761904716491699,27.272727966308594,0,0,4.6698899269104,8589934592,2147483648,5831802880,391184384
208,1772012273221,3204,3204,3204,3204,3204,3204,3204,3204,27.272727966308594,19.047618865966797,22.72727394104004,27.272727966308594,4.761904716491699,4.761904716491699,4.545454502105713,4.761904716491699,4.6698899269104,8589934592,2147483648,5831802880,391184384
207,1772012273430,3204,3204,3204,3204,3204,3204,3204,3204,28.571430206298828,28.571430206298828,19.047618865966797,14.285715103149414,13.636363983154297,10,5,0,4.6698899269104,8589934592,2147483648,5826723840,391184384
206,1772012273638,3204,3204,3204,3204,3204,3204,3204,3204,33.333335876464844,30.000001907348633,33.333335876464844,19.047618865966797,0,4.761904716491699,0,9.090909004211426,4.482834339141846,8589934592,2147483648,5828788224,391184384
209,1772012273844,3204,3204,3204,3204,3204,3204,3204,3204,20,25,10,20,4.545454502105713,0,4.545454502105713,0,4.482834339141846,8589934592,2147483648,5827018752,391184384
206,1772012274054,3204,3204,3204,3204,3204,3204,3204,3204,19.047618865966797,22.72727394104004,19.047618865966797,28.571430206298828,0,0,0,0,4.482834339141846,8589934592,2147483648,5826691072,391184384
209,1772012274261,3204,3204,3204,3204,3204,3204,3204,3204,15.000000953674316,15.000000953674316,28.571430206298828,14.285715103149414,0,0,0,0,4.482834339141846,8589934592,2147483648,5826691072,391184384
209,1772012274471,3204,3204,3204,3204,3204,3204,3204,3204,23.809524536132813,22.72727394104004,25,23.809524536132813,0,0,0,0,4.482834339141846,8589934592,2147483648,5826461696,391184384
203,1772012274681,3204,3204,3204,3204,3204,3204,3204,3204,38.095237731933594,40,42.85714340209961,30.000001907348633,23.809524536132813,27.272727966308594,27.272727966308594,23.809524536132813,5.218603610992432,8589934592,2147483648,5838323712,391184384
206,1772012274885,3204,3204,3204,3204,3204,3204,3204,3204,23.809524536132813,20,10,10,28.571430206298828,15.000000953674316,0,0,5.218603610992432,8589934592,2147483648,5824643072,391184384
204,1772012275092,3204,3204,3204,3204,3204,3204,3204,3204,26.3157901763916,31.81818199157715,22.72727394104004,19.047618865966797,0,0,0,0,5.218603610992432,8589934592,2147483648,5828657152,391184384
207,1772012275296,3204,3204,3204,3204,3204,3204,3204,3204,33.333335876464844,35,26.3157901763916,28.571430206298828,5,0,5,5,5.218603610992432,8589934592,2147483648,5828657152,391184384
207,1772012275505,3204,3204,3204,3204,3204,3204,3204,3204,66.66667175292969,65,76.19047546386719,65,0,4.761904716491699,0,0,4.664079189300537,8589934592,2147483648,5807521792,391184384
209,1772012275712,3204,3204,3204,3204,3204,3204,3204,3204,52.38095474243164,47.619049072265625,33.333335876464844,33.333335876464844,20,10,4.761904716491699,4.761904716491699,4.664079189300537,8589934592,2147483648,5813714944,391184384
201,1772012275922,3204,3204,3204,3204,3204,3204,3204,3204,60.000003814697266,42.85714340209961,42.85714340209961,45.45454788208008,4.761904716491699,9.090909004211426,4.761904716491699,4.761904716491699,4.664079189300537,8589934592,2147483648,5823758336,391184384
201,1772012276123,3204,3204,3204,3204,3204,3204,3204,3204,45,35,30.000001907348633,31.57894515991211,0,0,0,0,4.664079189300537,8589934592,2147483648,5840945152,391184384
209,1772012276325,3204,3204,3204,3204,3204,3204,3204,3204,55,45,45,35,0,0,0,0,4.664079189300537,8589934592,2147483648,5848121344,391184384
208,1772012276535,3204,3204,3204,3204,3204,3204,3204,3204,50,40,57.142860412597656,42.85714340209961,4.545454502105713,0,0,0,5.570807933807373,8589934592,2147483648,5852610560,391184384
209,1772012276744,3204,3204,3204,3204,3204,3204,3204,3204,35,28.571430206298828,33.333335876464844,42.85714340209961,0,0,0,0,5.570807933807373,8589934592,2147483648,5850644480,391184384
209,1772012276954,3204,3204,3204,3204,3204,3204,3204,3204,35,33.333335876464844,23.809524536132813,19.047618865966797,31.81818199157715,23.809524536132813,4.761904716491699,4.761904716491699,5.570807933807373,8589934592,2147483648,5847810048,391184384
208,1772012277164,3204,3204,3204,3204,3204,3204,3204,3204,38.095237731933594,45,47.619049072265625,38.095237731933594,30.000001907348633,4.761904716491699,4.761904716491699,0,5.570807933807373,8589934592,2147483648,5853315072,391184384
209,1772012277373,3204,3204,3204,3204,3204,3204,3204,3204,23.809524536132813,22.72727394104004,20,14.285715103149414,19.047618865966797,0,0,0,5.570807933807373,8589934592,2147483648,5851840512,391184384
204,1772012277583,3204,3204,3204,3204,3204,3204,3204,3204,38.095237731933594,30.000001907348633,23.809524536132813,23.809524536132813,4.761904716491699,0,0,0,5.63835334777832,8589934592,2147483648,5853806592,391184384
201,1772012277788,3204,3204,3204,3204,3204,3204,3204,3204,33.333335876464844,40,25,20,5,4.761904716491699,0,0,5.63835334777832,8589934592,2147483648,5854232576,391184384
200,1772012277989,3204,3204,3204,3204,3204,3204,3204,3204,20,28.571430206298828,15.000000953674316,20,45,10,15.000000953674316,0,5.63835334777832,8589934592,2147483648,5855510528,391184384
201,1772012278190,3204,3204,3204,3204,3204,3204,3204,3204,25,20,20,15.000000953674316,40,5,5,5,5.63835334777832,8589934592,2147483648,5858787328,391184384
202,1772012278392,3204,3204,3204,3204,3204,3204,3204,3204,30.000001907348633,20,23.809524536132813,10,0,0,0,0,5.63835334777832,8589934592,2147483648,5855674368,391184384
208,1772012278595,3204,3204,3204,3204,3204,3204,3204,3204,45,45,40,28.571430206298828,4.761904716491699,4.761904716491699,0,4.761904716491699,5.282571315765381,8589934592,2147483648,5858508800,391184384
203,1772012278804,3204,3204,3204,3204,3204,3204,3204,3204,33.333335876464844,28.571430206298828,33.333335876464844,25,0,0,4.761904716491699,0,5.282571315765381,8589934592,2147483648,5859475456,391184384
209,1772012279008,3204,3204,3204,3204,3204,3204,3204,3204,35,30.000001907348633,23.809524536132813,40,14.285715103149414,5,10,5,5.282571315765381,8589934592,2147483648,5854789632,391184384
209,1772012279218,3204,3204,3204,3204,3204,3204,3204,3204,28.571430206298828,28.571430206298828,20,19.047618865966797,52.38095474243164,17.39130401611328,17.39130401611328,4.761904716491699,5.282571315765381,8589934592,2147483648,5854789632,391184384
209,1772012279428,3204,3204,3204,3204,3204,3204,3204,3204,20,23.809524536132813,19.047618865966797,22.72727394104004,4.761904716491699,5,0,4.761904716491699,5.282571315765381,8589934592,2147483648,5854789632,391184384
207,1772012279638,3204,3204,3204,3204,3204,3204,3204,3204,23.809524536132813,27.272727966308594,25,20,4.761904716491699,4.761904716491699,0,0,5.5588059425354,8589934592,2147483648,5850218496,391184384
206,1772012279846,3204,3204,3204,3204,3204,3204,3204,3204,14.285715103149414,15.000000953674316,22.72727394104004,14.285715103149414,0,0,4.761904716491699,4.761904716491699,5.5588059425354,8589934592,2147483648,5848137728,391184384
207,1772012280052,3204,3204,3204,3204,3204,3204,3204,3204,23.809524536132813,23.809524536132813,30.000001907348633,20,4.545454502105713,4.761904716491699,0,0,5.5588059425354,8589934592,2147483648,5847498752,391184384
204,1772012280261,3204,3204,3204,3204,3204,3204,3204,3204,28.571430206298828,21.052631378173828,30.000001907348633,18.18181800842285,5,0,0,0,5.5588059425354,8589934592,2147483648,5847498752,391184384
205,1772012280465,3204,3204,3204,3204,3204,3204,3204,3204,31.57894515991211,33.333335876464844,33.333335876464844,21.052631378173828,4.545454502105713,4.761904716491699,0,4.761904716491699,5.5588059425354,8589934592,2147483648,5847498752,391184384
201,1772012280671,3204,3204,3204,3204,3204,3204,3204,3204,35,35,35,33.333335876464844,0,0,4.761904716491699,0,5.601700782775879,8589934592,2147483648,5853429760,391184384
199,1772012280873,3204,3204,3204,3204,3204,3204,3204,3204,23.809524536132813,28.571430206298828,15.000000953674316,20,0,0,0,0,5.601700782775879,8589934592,2147483648,5850071040,391184384
209,1772012281073,3204,3204,3204,3204,3204,3204,3204,3204,30.000001907348633,25,15.000000953674316,19.047618865966797,4.761904716491699,5,0,0,5.601700782775879,8589934592,2147483648,5851004928,391184384
203,1772012281283,3204,3204,3204,3204,3204,3204,3204,3204,40,38.095237731933594,33.333335876464844,40,19.047618865966797,36.3636360168457,4.761904716491699,4.761904716491699,5.601700782775879,8589934592,2147483648,5848236032,391184384
205,1772012281488,3204,3204,3204,3204,3204,3204,3204,3204,19.047618865966797,20,19.047618865966797,25,0,0,0,4.545454502105713,4.847784996032715,8589934592,2147483648,5848711168,391184384
206,1772012281693,3204,3204,3204,3204,3204,3204,3204,3204,42.85714340209961,38.095237731933594,20,38.095237731933594,0,0,0,0,4.847784996032715,8589934592,2147483648,5854052352,391184384
208,1772012281900,3204,3204,3204,3204,3204,3204,3204,3204,25,20,15.000000953674316,28.571430206298828,0,0,0,0,4.847784996032715,8589934592,2147483648,5856067584,391184384
209,1772012282108,3204,3204,3204,3204,3204,3204,3204,3204,23.809524536132813,20,19.047618865966797,15.000000953674316,4.761904716491699,4.761904716491699,4.761904716491699,4.761904716491699,4.847784996032715,8589934592,2147483648,5857869824,391184384
202,1772012282318,3204,3204,3204,3204,3204,3204,3204,3204,20,31.81818199157715,19.047618865966797,19.047618865966797,4.761904716491699,4.761904716491699,0,0,4.847784996032715,8589934592,2147483648,5850152960,391184384
205,1772012282521,3204,3204,3204,3204,3204,3204,3204,3204,23.809524536132813,26.3157901763916,25,19.047618865966797,0,0,0,0,5.136054515838623,8589934592,2147483648,5850152960,391184384
199,1772012282727,3204,3204,3204,3204,3204,3204,3204,3204,20,23.809524536132813,28.571430206298828,20,0,0,4.761904716491699,4.545454502105713,5.136054515838623,8589934592,2147483648,5852004352,391184384
207,1772012282927,3204,3204,3204,3204,3204,3204,3204,3204,40,35,25,26.3157901763916,36.842105865478516,31.57894515991211,26.3157901763916,21.052631378173828,5.136054515838623,8589934592,2147483648,5848285184,391184384
208,1772012283135,3204,3204,3204,3204,3204,3204,3204,3204,23.809524536132813,20,23.809524536132813,19.047618865966797,9.090909004211426,4.761904716491699,9.090909004211426,4.761904716491699,5.136054515838623,8589934592,2147483648,5852299264,391184384
209,1772012283344,3204,3204,3204,3204,3204,3204,3204,3204,20,28.571430206298828,28.571430206298828,19.047618865966797,23.809524536132813,19.047618865966797,9.523809432983398,9.523809432983398,5.136054515838623,8589934592,2147483648,5861359616,391184384
199,1772012283554,3204,3204,3204,3204,3204,3204,3204,3204,38.095237731933594,33.333335876464844,33.333335876464844,28.571430206298828,25,28.571430206298828,23.809524536132813,23.809524536132813,4.677350044250488,8589934592,2147483648,5846515712,391184384
205,1772012283754,3204,3204,3204,3204,3204,3204,3204,3204,19.047618865966797,20,15.789472579956055,15.000000953674316,5,5,5,0,4.677350044250488,8589934592,2147483648,5849661440,391184384
209,1772012283961,3204,3204,3204,3204,3204,3204,3204,3204,15.789472579956055,23.809524536132813,23.809524536132813,19.047618865966797,4.545454502105713,4.761904716491699,0,4.545454502105713,4.677350044250488,8589934592,2147483648,5847941120,391184384
199,1772012284171,3204,3204,3204,3204,3204,3204,3204,3204,33.333335876464844,23.809524536132813,28.571430206298828,19.047618865966797,0,0,4.545454502105713,0,4.677350044250488,8589934592,2147483648,5847941120,391184384
209,1772012284371,3204,3204,3204,3204,3204,3204,3204,3204,20,20,25,15.000000953674316,4.761904716491699,0,0,0,4.677350044250488,8589934592,2147483648,5847941120,391184384
206,1772012284581,3204,3204,3204,3204,3204,3204,3204,3204,23.809524536132813,25,20,19.047618865966797,0,9.090909004211426,0,4.761904716491699,5.60636043548584,8589934592,2147483648,5847941120,391184384
201,1772012284788,3204,3204,3204,3204,3204,3204,3204,3204,33.333335876464844,28.571430206298828,19.047618865966797,25,4.761904716491699,4.761904716491699,4.761904716491699,5,5.60636043548584,8589934592,2147483648,5856542720,391184384
209,1772012284990,3204,3204,3204,3204,3204,3204,3204,3204,20,15.789472579956055,19.047618865966797,20,0,0,0,4.761904716491699,5.60636043548584,8589934592,2147483648,5857705984,391184384
206,1772012285200,3204,3204,3204,3204,3204,3204,3204,3204,28.571430206298828,22.72727394104004,10.526315689086914,23.809524536132813,9.090909004211426,4.761904716491699,4.761904716491699,4.761904716491699,5.60636043548584,8589934592,2147483648,5859475456,391184384
209,1772012285407,3204,3204,3204,3204,3204,3204,3204,3204,40,23.809524536132813,22.72727394104004,23.809524536132813,19.047618865966797,4.761904716491699,4.761904716491699,0,5.60636043548584,8589934592,2147483648,5850988544,391184384
203,1772012285617,3204,3204,3204,3204,3204,3204,3204,3204,27.272727966308594,20,19.047618865966797,19.047618865966797,15.000000953674316,15.000000953674316,0,0,4.650921821594238,8589934592,2147483648,5844811776,391184384
209,1772012285821,3204,3204,3204,3204,3204,3204,3204,3204,26.3157901763916,19.047618865966797,15.000000953674316,20,4.761904716491699,4.761904716491699,0,5,4.650921821594238,8589934592,2147483648,5844631552,391184384
207,1772012286031,3204,3204,3204,3204,3204,3204,3204,3204,22.72727394104004,20,14.285715103149414,14.285715103149414,0,0,0,0,4.650921821594238,8589934592,2147483648,5844647936,391184384
207,1772012286239,3204,3204,3204,3204,3204,3204,3204,3204,25,19.047618865966797,20,23.809524536132813,0,0,0,0,4.650921821594238,8589934592,2147483648,5846695936,391184384
204,1772012286446,3204,3204,3204,3204,3204,3204,3204,3204,33.333335876464844,23.809524536132813,22.72727394104004,23.809524536132813,4.545454502105713,0,4.761904716491699,0,4.650921821594238,8589934592,2147483648,5843501056,391184384
204,1772012286651,3204,3204,3204,3204,3204,3204,3204,3204,21.052631378173828,19.047618865966797,10,10,4.761904716491699,4.761904716491699,0,0,4.677830696105957,8589934592,2147483648,5844107264,391184384
208,1772012286855,3204,3204,3204,3204,3204,3204,3204,3204,23.809524536132813,25,25,20,0,0,0,0,4.677830696105957,8589934592,2147483648,5844156416,391184384
206,1772012287064,3204,3204,3204,3204,3204,3204,3204,3204,18.18181800842285,20,19.047618865966797,14.285715103149414,4.761904716491699,0,0,4.545454502105713,4.677830696105957,8589934592,2147483648,5842796544,391184384
209,1772012287271,3204,3204,3204,3204,3204,3204,3204,3204,21.052631378173828,28.571430206298828,20,19.047618865966797,0,0,4.761904716491699,0,4.677830696105957,8589934592,2147483648,5842796544,391184384
209,1772012287481,3204,3204,3204,3204,3204,3204,3204,3204,27.272727966308594,30.000001907348633,19.047618865966797,14.285715103149414,5,9.090909004211426,4.761904716491699,4.761904716491699,4.673008918762207,8589934592,2147483648,5842796544,391184384
203,1772012287691,3204,3204,3204,3204,3204,3204,3204,3204,33.333335876464844,27.272727966308594,20,28.571430206298828,23.809524536132813,28.571430206298828,0,0,4.673008918762207,8589934592,2147483648,5842796544,391184384
209,1772012287894,3204,3204,3204,3204,3204,3204,3204,3204,26.3157901763916,20,22.72727394104004,15.789472579956055,10,15.000000953674316,0,0,4.673008918762207,8589934592,2147483648,5824806912,391184384
209,1772012288104,3204,3204,3204,3204,3204,3204,3204,3204,31.81818199157715,19.047618865966797,19.047618865966797,18.18181800842285,4.761904716491699,0,0,0,4.673008918762207,8589934592,2147483648,5825396736,391184384
208,1772012288314,3204,3204,3204,3204,3204,3204,3204,3204,25,20,20,14.285715103149414,0,0,0,0,4.673008918762207,8589934592,2147483648,5824626688,391184384
205,1772012288523,3204,3204,3204,3204,3204,3204,3204,3204,40.90909194946289,52.38095474243164,25,25,0,4.761904716491699,4.761904716491699,0,4.4966230392456055,8589934592,2147483648,5823627264,391184384
207,1772012288729,3204,3204,3204,3204,3204,3204,3204,3204,26.3157901763916,19.047618865966797,23.809524536132813,20,9.523809432983398,5,4.761904716491699,5,4.4966230392456055,8589934592,2147483648,5827428352,391184384
200,1772012288938,3204,3204,3204,3204,3204,3204,3204,3204,33.333335876464844,25,23.809524536132813,23.809524536132813,4.761904716491699,4.545454502105713,0,0,4.4966230392456055,8589934592,2147483648,5827231744,391184384
208,1772012289139,3204,3204,3204,3204,3204,3204,3204,3204,30.000001907348633,25,25,23.809524536132813,5,0,0,9.090909004211426,4.4966230392456055,8589934592,2147483648,5825904640,391184384
208,1772012289348,3204,3204,3204,3204,3204,3204,3204,3204,30.000001907348633,23.809524536132813,28.571430206298828,15.000000953674316,0,0,0,0,4.4966230392456055,8589934592,2147483648,5823250432,391184384
209,1772012289557,3204,3204,3204,3204,3204,3204,3204,3204,27.272727966308594,28.571430206298828,15.000000953674316,19.047618865966797,0,4.545454502105713,4.761904716491699,0,4.925932884216309,8589934592,2147483648,5822971904,391184384
201,1772012289767,3204,3204,3204,3204,3204,3204,3204,3204,25,23.809524536132813,19.047618865966797,33.333335876464844,23.809524536132813,23.809524536132813,13.636363983154297,5,4.925932884216309,8589934592,2147483648,5822971904,391184384
208,1772012289969,3204,3204,3204,3204,3204,3204,3204,3204,28.571430206298828,26.3157901763916,19.047618865966797,19.047618865966797,14.285715103149414,15.000000953674316,0,4.761904716491699,4.925932884216309,8589934592,2147483648,5822038016,391184384
209,1772012290178,3204,3204,3204,3204,3204,3204,3204,3204,23.809524536132813,23.809524536132813,15.000000953674316,10,0,0,4.545454502105713,0,4.925932884216309,8589934592,2147483648,5819219968,391184384
203,1772012290388,3204,3204,3204,3204,3204,3204,3204,3204,30.000001907348633,36.3636360168457,22.72727394104004,19.047618865966797,4.545454502105713,4.761904716491699,0,4.761904716491699,4.925932884216309,8589934592,2147483648,5821448192,391184384
209,1772012290592,3204,3204,3204,3204,3204,3204,3204,3204,23.809524536132813,20,15.000000953674316,14.285715103149414,5,5,4.761904716491699,0,5.186346530914307,8589934592,2147483648,5820858368,391184384
201,1772012290802,3204,3204,3204,3204,3204,3204,3204,3204,28.571430206298828,23.809524536132813,20,10.526315689086914,4.761904716491699,9.090909004211426,4.761904716491699,4.761904716491699,5.186346530914307,8589934592,2147483648,5822414848,391184384
201,1772012291004,3204,3204,3204,3204,3204,3204,3204,3204,15.000000953674316,25,20,18.18181800842285,0,0,0,0,5.186346530914307,8589934592,2147483648,5821972480,391184384
205,1772012291207,3204,3204,3204,3204,3204,3204,3204,3204,20,30.000001907348633,19.047618865966797,10.526315689086914,0,0,0,4.761904716491699,5.186346530914307,8589934592,2147483648,5822152704,391184384
207,1772012291413,3204,3204,3204,3204,3204,3204,3204,3204,25,35,20,14.285715103149414,5,4.761904716491699,4.761904716491699,0,5.186346530914307,8589934592,2147483648,5818925056,391184384
201,1772012291621,3204,3204,3204,3204,3204,3204,3204,3204,23.809524536132813,22.72727394104004,20,19.047618865966797,0,0,0,0,4.8585309982299805,8589934592,2147483648,5819056128,391184384
203,1772012291823,3204,3204,3204,3204,3204,3204,3204,3204,36.842105865478516,26.3157901763916,28.571430206298828,20,9.523809432983398,4.761904716491699,0,5,4.8585309982299805,8589934592,2147483648,5824069632,391184384
209,1772012292027,3204,3204,3204,3204,3204,3204,3204,3204,30.000001907348633,23.809524536132813,20,20,15.000000953674316,15.000000953674316,4.761904716491699,15.000000953674316,4.8585309982299805,8589934592,2147483648,5820137472,391184384
199,1772012292238,3204,3204,3204,3204,3204,3204,3204,3204,36.3636360168457,35,31.81818199157715,33.333335876464844,0,0,0,0,4.8585309982299805,8589934592,2147483648,5821480960,391184384
208,1772012292438,3204,3204,3204,3204,3204,3204,3204,3204,28.571430206298828,30.000001907348633,20,15.000000953674316,0,0,0,0,4.8585309982299805,8589934592,2147483648,5822332928,391184384
205,1772012292647,3204,3204,3204,3204,3204,3204,3204,3204,45,36.3636360168457,30.000001907348633,23.809524536132813,4.761904716491699,4.761904716491699,0,4.761904716491699,4.725294589996338,8589934592,2147483648,5826576384,391184384
209,1772012292853,3204,3204,3204,3204,3204,3204,3204,3204,45,31.57894515991211,65,25,0,5,0,4.761904716491699,4.725294589996338,8589934592,2147483648,5826805760,391184384
207,1772012293063,3204,3204,3204,3204,3204,3204,3204,3204,20,28.571430206298828,23.809524536132813,19.047618865966797,13.636363983154297,9.090909004211426,4.545454502105713,0,4.725294589996338,8589934592,2147483648,5825282048,391184384
203,1772012293271,3204,3204,3204,3204,3204,3204,3204,3204,28.571430206298828,28.571430206298828,19.047618865966797,19.047618865966797,0,0,0,4.545454502105713,4.725294589996338,8589934592,2147483648,5824249856,391184384
203,1772012293475,3204,3204,3204,3204,3204,3204,3204,3204,19.047618865966797,33.333335876464844,15.000000953674316,10,0,0,0,0,5.003844738006592,8589934592,2147483648,5824020480,391184384
201,1772012293679,3204,3204,3204,3204,3204,3204,3204,3204,25,26.3157901763916,22.72727394104004,23.809524536132813,4.761904716491699,0,0,0,5.003844738006592,8589934592,2147483648,5824462848,391184384
207,1772012293882,3204,3204,3204,3204,3204,3204,3204,3204,25,23.809524536132813,15.789472579956055,15.000000953674316,0,0,0,0,5.003844738006592,8589934592,2147483648,5825101824,391184384
209,1772012294090,3204,3204,3204,3204,3204,3204,3204,3204,33.333335876464844,25,25,15.000000953674316,23.809524536132813,14.285715103149414,13.636363983154297,0,5.003844738006592,8589934592,2147483648,5826805760,391184384
204,1772012294300,3204,3204,3204,3204,3204,3204,3204,3204,23.809524536132813,19.047618865966797,27.272727966308594,14.285715103149414,4.761904716491699,9.523809432983398,0,0,5.003844738006592,8589934592,2147483648,5823725568,391184384
209,1772012294505,3204,3204,3204,3204,3204,3204,3204,3204,25,28.571430206298828,25,19.047618865966797,0,0,0,4.761904716491699,4.852613925933838,8589934592,2147483648,5825036288,391184384
205,1772012294715,3204,3204,3204,3204,3204,3204,3204,3204,19.047618865966797,14.285715103149414,19.047618865966797,9.523809432983398,0,0,0,0,4.852613925933838,8589934592,2147483648,5824987136,391184384
209,1772012294921,3204,3204,3204,3204,3204,3204,3204,3204,36.3636360168457,25,28.571430206298828,23.809524536132813,28.571430206298828,23.809524536132813,19.047618865966797,20,4.852613925933838,8589934592,2147483648,5825757184,391184384
208,1772012295131,3204,3204,3204,3204,3204,3204,3204,3204,30.000001907348633,28.571430206298828,20,15.000000953674316,0,4.545454502105713,0,0,4.852613925933838,8589934592,2147483648,5826625536,391184384
204,1772012295340,3204,3204,3204,3204,3204,3204,3204,3204,25,25,19.047618865966797,14.285715103149414,0,0,0,0,4.852613925933838,8589934592,2147483648,5827117056,391184384
209,1772012295544,3204,3204,3204,3204,3204,3204,3204,3204,19.047618865966797,28.571430206298828,14.285715103149414,14.285715103149414,0,0,0,0,4.858659744262695,8589934592,2147483648,5826150400,391184384
208,1772012295755,3204,3204,3204,3204,3204,3204,3204,3204,20,23.809524536132813,19.047618865966797,10,4.761904716491699,4.761904716491699,4.761904716491699,0,4.858659744262695,8589934592,2147483648,5825986560,391184384
208,1772012295964,3204,3204,3204,3204,3204,3204,3204,3204,28.571430206298828,36.3636360168457,19.047618865966797,22.72727394104004,0,0,0,0,4.858659744262695,8589934592,2147483648,5826936832,391184384
209,1772012296173,3204,3204,3204,3204,3204,3204,3204,3204,33.333335876464844,40,30.000001907348633,20,19.047618865966797,4.761904716491699,0,0,4.858659744262695,8589934592,2147483648,5838766080,391184384
207,1772012296383,3204,3204,3204,3204,3204,3204,3204,3204,38.095237731933594,25,23.809524536132813,20,19.047618865966797,9.523809432983398,0,4.545454502105713,4.858659744262695,8589934592,2147483648,5827969024,391184384
209,1772012296592,3204,3204,3204,3204,3204,3204,3204,3204,28.571430206298828,19.047618865966797,14.285715103149414,18.18181800842285,0,0,0,0,4.973427772521973,8589934592,2147483648,5830524928,391184384
204,1772012296802,3204,3204,3204,3204,3204,3204,3204,3204,28.571430206298828,14.285715103149414,20,5,0,0,0,0,4.973427772521973,8589934592,2147483648,5830524928,391184384
208,1772012297006,3204,3204,3204,3204,3204,3204,3204,3204,38.095237731933594,15.000000953674316,19.047618865966797,19.047618865966797,0,0,0,0,4.973427772521973,8589934592,2147483648,5830524928,391184384
207,1772012297216,3204,3204,3204,3204,3204,3204,3204,3204,25,19.047618865966797,10,14.285715103149414,0,4.761904716491699,4.761904716491699,0,4.973427772521973,8589934592,2147483648,5828837376,391184384
200,1772012297424,3204,3204,3204,3204,3204,3204,3204,3204,30.000001907348633,23.809524536132813,19.047618865966797,10,4.545454502105713,0,0,0,4.973427772521973,8589934592,2147483648,5827395584,391184384
199,1772012297625,3204,3204,3204,3204,3204,3204,3204,3204,30.000001907348633,23.809524536132813,15.000000953674316,14.285715103149414,0,4.761904716491699,5,5,4.815910816192627,8589934592,2147483648,5827723264,391184384
209,1772012297826,3204,3204,3204,3204,3204,3204,3204,3204,23.809524536132813,21.052631378173828,19.047618865966797,26.3157901763916,4.761904716491699,0,0,0,4.815910816192627,8589934592,2147483648,5827723264,391184384
201,1772012298036,3204,3204,3204,3204,3204,3204,3204,3204,20,28.571430206298828,10.526315689086914,18.18181800842285,19.047618865966797,13.636363983154297,0,0,4.815910816192627,8589934592,2147483648,5827723264,391184384
204,1772012298238,3204,3204,3204,3204,3204,3204,3204,3204,23.809524536132813,25,14.285715103149414,15.000000953674316,0,0,0,0,4.815910816192627,8589934592,2147483648,5820383232,391184384
201,1772012298443,3204,3204,3204,3204,3204,3204,3204,3204,26.3157901763916,40,25,35,28.571430206298828,30.000001907348633,13.636363983154297,4.761904716491699,4.815910816192627,8589934592,2147483648,5821038592,391184384
209,1772012298646,3204,3204,3204,3204,3204,3204,3204,3204,23.809524536132813,28.571430206298828,19.047618865966797,15.000000953674316,5,5,0,5,4.559241771697998,8589934592,2147483648,5820383232,391184384
205,1772012298855,3204,3204,3204,3204,3204,3204,3204,3204,23.809524536132813,33.333335876464844,14.285715103149414,18.18181800842285,0,0,0,0,4.559241771697998,8589934592,2147483648,5821202432,391184384
208,1772012299062,3204,3204,3204,3204,3204,3204,3204,3204,15.000000953674316,25,14.285715103149414,5.263157844543457,0,0,0,0,4.559241771697998,8589934592,2147483648,5821202432,391184384
209,1772012299271,3204,3204,3204,3204,3204,3204,3204,3204,19.047618865966797,31.81818199157715,15.000000953674316,14.285715103149414,0,0,4.545454502105713,0,4.559241771697998,8589934592,2147483648,5819973632,391184384
208,1772012299481,3204,3204,3204,3204,3204,3204,3204,3204,42.85714340209961,45,42.85714340209961,40.90909194946289,0,0,0,0,4.786520004272461,8589934592,2147483648,5827657728,391184384
203,1772012299690,3204,3204,3204,3204,3204,3204,3204,3204,19.047618865966797,19.047618865966797,23.809524536132813,5,0,0,0,0,4.786520004272461,8589934592,2147483648,5827543040,391184384
201,1772012299894,3204,3204,3204,3204,3204,3204,3204,3204,20,15.000000953674316,25,19.047618865966797,5,5,5,0,4.786520004272461,8589934592,2147483648,5828853760,391184384
207,1772012300096,3204,3204,3204,3204,3204,3204,3204,3204,25,20,15.000000953674316,21.052631378173828,4.761904716491699,0,5,4.761904716491699,4.786520004272461,8589934592,2147483648,5828984832,391184384
203,1772012300305,3204,3204,3204,3204,3204,3204,3204,3204,22.72727394104004,19.047618865966797,14.285715103149414,23.809524536132813,0,0,0,0,4.786520004272461,8589934592,2147483648,5828411392,391184384
209,1772012300508,3204,3204,3204,3204,3204,3204,3204,3204,26.3157901763916,30.000001907348633,30.000001907348633,28.571430206298828,10.526315689086914,10,10,0,4.642606258392334,8589934592,2147483648,5841076224,391184384
202,1772012300718,3204,3204,3204,3204,3204,3204,3204,3204,28.571430206298828,20,14.285715103149414,25,13.043478012084961,9.523809432983398,0,0,4.642606258392334,8589934592,2147483648,5829197824,391184384
205,1772012300921,3204,3204,3204,3204,3204,3204,3204,3204,20,19.047618865966797,19.047618865966797,31.81818199157715,0,0,0,0,4.642606258392334,8589934592,2147483648,5829394432,391184384
201,1772012301127,3204,3204,3204,3204,3204,3204,3204,3204,20,15.000000953674316,14.285715103149414,20,0,0,0,0,4.642606258392334,8589934592,2147483648,5828100096,391184384
207,1772012301329,3204,3204,3204,3204,3204,3204,3204,3204,23.809524536132813,20,15.789472579956055,25,0,9.523809432983398,5,4.761904716491699,4.642606258392334,8589934592,2147483648,5828083712,391184384
209,1772012301538,3204,3204,3204,3204,3204,3204,3204,3204,35,27.272727966308594,25,20,0,0,0,0,4.550147533416748,8589934592,2147483648,5828149248,391184384
206,1772012301748,3204,3204,3204,3204,3204,3204,3204,3204,14.285715103149414,14.285715103149414,27.272727966308594,9.523809432983398,0,0,0,0,4.550147533416748,8589934592,2147483648,5828018176,391184384
208,1772012301955,3204,3204,3204,3204,3204,3204,3204,3204,20,25,20,20,4.761904716491699,4.761904716491699,0,0,4.550147533416748,8589934592,2147483648,5828886528,391184384
206,1772012302164,3204,3204,3204,3204,3204,3204,3204,3204,18.18181800842285,25,19.047618865966797,18.18181800842285,0,0,0,0,4.550147533416748,8589934592,2147483648,5828820992,391184384
206,1772012302371,3204,3204,3204,3204,3204,3204,3204,3204,20,23.809524536132813,23.809524536132813,10,0,0,0,0,4.550147533416748,8589934592,2147483648,5828706304,391184384
209,1772012302578,3204,3204,3204,3204,3204,3204,3204,3204,25,30.000001907348633,30.000001907348633,23.809524536132813,5,5,13.636363983154297,4.761904716491699,4.795214653015137,8589934592,2147483648,5840486400,391184384
203,1772012302788,3204,3204,3204,3204,3204,3204,3204,3204,22.72727394104004,28.571430206298828,20,19.047618865966797,19.047618865966797,14.285715103149414,4.761904716491699,9.090909004211426,4.795214653015137,8589934592,2147483648,5840486400,391184384
209,1772012302992,3204,3204,3204,3204,3204,3204,3204,3204,20,28.571430206298828,18.18181800842285,14.285715103149414,28.571430206298828,9.523809432983398,0,0,4.795214653015137,8589934592,2147483648,5840486400,391184384
201,1772012303202,3204,3204,3204,3204,3204,3204,3204,3204,25,14.285715103149414,19.047618865966797,10,0,0,0,0,4.795214653015137,8589934592,2147483648,5840486400,391184384
205,1772012303404,3204,3204,3204,3204,3204,3204,3204,3204,33.333335876464844,25,20,15.000000953674316,0,4.761904716491699,4.761904716491699,4.761904716491699,4.795214653015137,8589934592,2147483648,5828018176,391184384
209,1772012303611,3204,3204,3204,3204,3204,3204,3204,3204,23.809524536132813,19.047618865966797,28.571430206298828,18.18181800842285,0,0,0,0,4.485729694366455,8589934592,2147483648,5828034560,391184384
207,1772012303821,3204,3204,3204,3204,3204,3204,3204,3204,20,20,20,10.526315689086914,4.545454502105713,0,0,0,4.485729694366455,8589934592,2147483648,5828034560,391184384
207,1772012304029,3204,3204,3204,3204,3204,3204,3204,3204,28.571430206298828,28.571430206298828,19.047618865966797,18.18181800842285,0,4.761904716491699,4.545454502105713,0,4.485729694366455,8589934592,2147483648,5828034560,391184384
208,1772012304238,3204,3204,3204,3204,3204,3204,3204,3204,25,23.809524536132813,14.285715103149414,10,4.545454502105713,0,0,0,4.485729694366455,8589934592,2147483648,5828034560,391184384
207,1772012304447,3204,3204,3204,3204,3204,3204,3204,3204,22.72727394104004,28.571430206298828,25,19.047618865966797,0,4.545454502105713,0,4.545454502105713,4.485729694366455,8589934592,2147483648,5829820416,391184384
209,1772012304655,3204,3204,3204,3204,3204,3204,3204,3204,20,25,19.047618865966797,19.047618865966797,9.090909004211426,0,0,0,4.956533432006836,8589934592,2147483648,5830197248,391184384
208,1772012304864,3204,3204,3204,3204,3204,3204,3204,3204,25,19.047618865966797,28.571430206298828,25,25,28.571430206298828,9.090909004211426,9.523809432983398,4.956533432006836,8589934592,2147483648,5830197248,391184384
206,1772012305074,3204,3204,3204,3204,3204,3204,3204,3204,27.272727966308594,25,30.000001907348633,23.809524536132813,4.761904716491699,0,0,0,4.956533432006836,8589934592,2147483648,5830197248,391184384
208,1772012305281,3204,3204,3204,3204,3204,3204,3204,3204,15.000000953674316,22.72727394104004,19.047618865966797,23.809524536132813,4.761904716491699,4.761904716491699,0,0,4.956533432006836,8589934592,2147483648,5830197248,391184384
209,1772012305490,3204,3204,3204,3204,3204,3204,3204,3204,23.809524536132813,20,22.72727394104004,28.571430206298828,0,0,0,4.545454502105713,4.483473777770996,8589934592,2147483648,5831196672,391184384
204,1772012305700,3204,3204,3204,3204,3204,3204,3204,3204,15.000000953674316,28.571430206298828,10,19.047618865966797,0,0,4.545454502105713,0,4.483473777770996,8589934592,2147483648,5831901184,391184384
209,1772012305905,3204,3204,3204,3204,3204,3204,3204,3204,28.571430206298828,20,19.047618865966797,19.047618865966797,0,0,0,0,4.483473777770996,8589934592,2147483648,5829345280,391184384
199,1772012306115,3204,3204,3204,3204,3204,3204,3204,3204,28.571430206298828,27.272727966308594,14.285715103149414,15.000000953674316,0,0,0,0,4.483473777770996,8589934592,2147483648,5831819264,391184384
205,1772012306315,3204,3204,3204,3204,3204,3204,3204,3204,20,15.789472579956055,25,20,0,9.090909004211426,0,0,4.483473777770996,8589934592,2147483648,5829935104,391184384
209,1772012306521,3204,3204,3204,3204,3204,3204,3204,3204,25,20,21.052631378173828,14.285715103149414,0,0,0,0,4.833828926086426,8589934592,2147483648,5830836224,391184384
209,1772012306731,3204,3204,3204,3204,3204,3204,3204,3204,40.90909194946289,33.333335876464844,31.81818199157715,28.571430206298828,18.18181800842285,14.285715103149414,14.285715103149414,14.285715103149414,4.833828926086426,8589934592,2147483648,5832605696,391184384
200,1772012306942,3204,3204,3204,3204,3204,3204,3204,3204,23.809524536132813,23.809524536132813,20,19.047618865966797,28.571430206298828,14.285715103149414,9.523809432983398,9.090909004211426,4.833828926086426,8589934592,2147483648,5840486400,391184384
209,1772012307143,3204,3204,3204,3204,3204,3204,3204,3204,31.57894515991211,20,20,15.789472579956055,10,5.263157844543457,0,0,4.833828926086426,8589934592,2147483648,5840486400,391184384
203,1772012307353,3204,3204,3204,3204,3204,3204,3204,3204,19.047618865966797,18.18181800842285,14.285715103149414,27.272727966308594,0,0,0,0,4.833828926086426,8589934592,2147483648,5840486400,391184384
205,1772012307557,3204,3204,3204,3204,3204,3204,3204,3204,23.809524536132813,25,19.047618865966797,20,5,4.761904716491699,4.761904716491699,5,4.625512599945068,8589934592,2147483648,5832294400,391184384
207,1772012307764,3204,3204,3204,3204,3204,3204,3204,3204,20,10,25,10,0,4.761904716491699,0,0,4.625512599945068,8589934592,2147483648,5831753728,391184384
209,1772012307971,3204,3204,3204,3204,3204,3204,3204,3204,23.809524536132813,19.047618865966797,23.809524536132813,19.047618865966797,10,19.047618865966797,0,0,4.625512599945068,8589934592,2147483648,5830246400,391184384
205,1772012308182,3204,3204,3204,3204,3204,3204,3204,3204,30.000001907348633,19.047618865966797,19.047618865966797,19.047618865966797,0,0,4.545454502105713,4.761904716491699,4.625512599945068,8589934592,2147483648,5831016448,391184384
209,1772012308388,3204,3204,3204,3204,3204,3204,3204,3204,19.047618865966797,25,20,14.285715103149414,0,0,0,0,4.625512599945068,8589934592,2147483648,5830459392,391184384
206,1772012308598,3204,3204,3204,3204,3204,3204,3204,3204,23.809524536132813,19.047618865966797,22.72727394104004,23.809524536132813,0,0,0,0,5.037416458129883,8589934592,2147483648,5831753728,391184384
200,1772012308805,3204,3204,3204,3204,3204,3204,3204,3204,20,30.000001907348633,10.526315689086914,10,0,0,0,0,5.037416458129883,8589934592,2147483648,5830754304,391184384
209,1772012309005,3204,3204,3204,3204,3204,3204,3204,3204,25,33.333335876464844,27.272727966308594,15.000000953674316,18.18181800842285,9.090909004211426,5.263157844543457,0,5.037416458129883,8589934592,2147483648,5842059264,391184384
207,1772012309216,3204,3204,3204,3204,3204,3204,3204,3204,19.047618865966797,15.000000953674316,20,19.047618865966797,15.000000953674316,15.000000953674316,0,0,5.037416458129883,8589934592,2147483648,5829787648,391184384
209,1772012309424,3204,3204,3204,3204,3204,3204,3204,3204,23.809524536132813,19.047618865966797,19.047618865966797,23.809524536132813,4.761904716491699,4.761904716491699,4.761904716491699,4.545454502105713,5.037416458129883,8589934592,2147483648,5830197248,391184384
209,1772012309634,3204,3204,3204,3204,3204,3204,3204,3204,25,28.571430206298828,14.285715103149414,19.047618865966797,0,0,0,0,4.673890113830566,8589934592,2147483648,5831016448,391184384
209,1772012309844,3204,3204,3204,3204,3204,3204,3204,3204,31.81818199157715,14.285715103149414,14.285715103149414,10,4.761904716491699,4.761904716491699,0,0,4.673890113830566,8589934592,2147483648,5830787072,391184384
209,1772012310054,3204,3204,3204,3204,3204,3204,3204,3204,20,19.047618865966797,15.000000953674316,13.636363983154297,0,0,0,0,4.673890113830566,8589934592,2147483648,5832343552,391184384
203,1772012310264,3204,3204,3204,3204,3204,3204,3204,3204,19.047618865966797,19.047618865966797,27.272727966308594,10,4.761904716491699,4.761904716491699,9.090909004211426,0,4.673890113830566,8589934592,2147483648,5832212480,391184384
208,1772012310468,3204,3204,3204,3204,3204,3204,3204,3204,25,15.000000953674316,15.000000953674316,14.285715103149414,0,5,0,4.761904716491699,4.673890113830566,8589934592,2147483648,5831786496,391184384
209,1772012310677,3204,3204,3204,3204,3204,3204,3204,3204,27.272727966308594,19.047618865966797,14.285715103149414,25,0,0,0,0,4.750551700592041,8589934592,2147483648,5831966720,391184384
199,1772012310887,3204,3204,3204,3204,3204,3204,3204,3204,20,19.047618865966797,15.000000953674316,23.809524536132813,4.545454502105713,4.545454502105713,4.761904716491699,0,4.750551700592041,8589934592,2147483648,5831049216,391184384
209,1772012311087,3204,3204,3204,3204,3204,3204,3204,3204,23.809524536132813,21.052631378173828,20,25,9.523809432983398,0,0,4.761904716491699,4.750551700592041,8589934592,2147483648,5831049216,391184384
206,1772012311298,3204,3204,3204,3204,3204,3204,3204,3204,25,27.272727966308594,25,36.3636360168457,20,23.809524536132813,4.761904716491699,0,4.750551700592041,8589934592,2147483648,5831049216,391184384
207,1772012311504,3204,3204,3204,3204,3204,3204,3204,3204,30.000001907348633,25,22.72727394104004,5.263157844543457,14.285715103149414,14.285715103149414,5,4.761904716491699,4.575965881347656,8589934592,2147483648,5831049216,391184384
207,1772012311713,3204,3204,3204,3204,3204,3204,3204,3204,20,25,20,18.18181800842285,0,0,0,0,4.575965881347656,8589934592,2147483648,5830393856,391184384
205,1772012311921,3204,3204,3204,3204,3204,3204,3204,3204,19.047618865966797,36.3636360168457,14.285715103149414,14.285715103149414,4.761904716491699,4.761904716491699,4.761904716491699,0,4.575965881347656,8589934592,2147483648,5830410240,391184384
209,1772012312127,3204,3204,3204,3204,3204,3204,3204,3204,27.272727966308594,25,20,15.000000953674316,5,5,4.761904716491699,4.761904716491699,4.575965881347656,8589934592,2147483648,5831081984,391184384
201,1772012312337,3204,3204,3204,3204,3204,3204,3204,3204,20,23.809524536132813,18.18181800842285,15.000000953674316,0,0,0,4.761904716491699,4.575965881347656,8589934592,2147483648,5831114752,391184384
199,1772012312540,3204,3204,3204,3204,3204,3204,3204,3204,20,25,15.789472579956055,18.18181800842285,5,5,4.761904716491699,0,4.8781561851501465,8589934592,2147483648,5833261056,391184384
205,1772012312740,3204,3204,3204,3204,3204,3204,3204,3204,28.571430206298828,25,23.809524536132813,15.789472579956055,5,4.761904716491699,0,5,4.8781561851501465,8589934592,2147483648,5832704000,391184384
208,1772012312946,3204,3204,3204,3204,3204,3204,3204,3204,35,35,30.000001907348633,35,9.523809432983398,25,4.761904716491699,0,4.8781561851501465,8589934592,2147483648,5831393280,391184384
204,1772012313154,3204,3204,3204,3204,3204,3204,3204,3204,25,23.809524536132813,23.809524536132813,14.285715103149414,4.761904716491699,4.761904716491699,0,4.545454502105713,4.8781561851501465,8589934592,2147483648,5834145792,391184384
201,1772012313360,3204,3204,3204,3204,3204,3204,3204,3204,28.571430206298828,28.571430206298828,30.000001907348633,23.809524536132813,10,10,5,5,4.8781561851501465,8589934592,2147483648,5842583552,391184384
208,1772012313562,3204,3204,3204,3204,3204,3204,3204,3204,30.000001907348633,30.000001907348633,25,20,15.000000953674316,5,0,0,4.724050045013428,8589934592,2147483648,5829984256,391184384
207,1772012313771,3204,3204,3204,3204,3204,3204,3204,3204,38.095237731933594,47.619049072265625,52.38095474243164,25,4.761904716491699,4.761904716491699,0,0,4.724050045013428,8589934592,2147483648,5839470592,391184384
206,1772012313978,3204,3204,3204,3204,3204,3204,3204,3204,35,25,42.85714340209961,33.333335876464844,0,0,4.761904716491699,4.545454502105713,4.724050045013428,8589934592,2147483648,5839093760,391184384
209,1772012314186,3204,3204,3204,3204,3204,3204,3204,3204,36.3636360168457,19.047618865966797,19.047618865966797,14.285715103149414,4.545454502105713,4.545454502105713,0,4.761904716491699,4.724050045013428,8589934592,2147483648,5839519744,391184384
208,1772012314396,3204,3204,3204,3204,3204,3204,3204,3204,25,19.047618865966797,23.809524536132813,14.285715103149414,0,0,0,0,4.724050045013428,8589934592,2147483648,5837504512,391184384
209,1772012314605,3204,3204,3204,3204,3204,3204,3204,3204,33.333335876464844,28.571430206298828,20,19.047618865966797,0,0,0,0,4.958043575286865,8589934592,2147483648,5837684736,391184384
209,1772012314814,3204,3204,3204,3204,3204,3204,3204,3204,19.047618865966797,15.000000953674316,23.809524536132813,14.285715103149414,4.545454502105713,0,4.761904716491699,4.545454502105713,4.958043575286865,8589934592,2147483648,5836537856,391184384
208,1772012315024,3204,3204,3204,3204,3204,3204,3204,3204,23.809524536132813,14.285715103149414,14.285715103149414,5,9.523809432983398,4.545454502105713,4.545454502105713,0,4.958043575286865,8589934592,2147483648,5836603392,391184384
200,1772012315233,3204,3204,3204,3204,3204,3204,3204,3204,25,25,23.809524536132813,19.047618865966797,0,0,0,0,4.958043575286865,8589934592,2147483648,5835554816,391184384
209,1772012315433,3204,3204,3204,3204,3204,3204,3204,3204,35,33.333335876464844,25,25,15.000000953674316,14.285715103149414,5,5,4.958043575286865,8589934592,2147483648,5846482944,391184384
208,1772012315643,3204,3204,3204,3204,3204,3204,3204,3204,25,20,25,14.285715103149414,22.72727394104004,14.285715103149414,4.761904716491699,0,4.934292793273926,8589934592,2147483648,5835046912,391184384
199,1772012315853,3204,3204,3204,3204,3204,3204,3204,3204,27.272727966308594,31.81818199157715,18.18181800842285,14.285715103149414,0,0,0,0,4.934292793273926,8589934592,2147483648,5836636160,391184384
209,1772012316053,3204,3204,3204,3204,3204,3204,3204,3204,20,21.052631378173828,15.000000953674316,15.000000953674316,0,0,0,4.761904716491699,4.934292793273926,8589934592,2147483648,5836750848,391184384
209,1772012316263,3204,3204,3204,3204,3204,3204,3204,3204,19.047618865966797,31.81818199157715,25,20,0,0,0,0,4.934292793273926,8589934592,2147483648,5839618048,391184384
209,1772012316473,3204,3204,3204,3204,3204,3204,3204,3204,25,20,14.285715103149414,13.636363983154297,0,0,0,0,4.7644877433776855,8589934592,2147483648,5837848576,391184384
209,1772012316683,3204,3204,3204,3204,3204,3204,3204,3204,31.81818199157715,38.095237731933594,28.571430206298828,28.571430206298828,19.047618865966797,19.047618865966797,19.047618865966797,19.047618865966797,4.7644877433776855,8589934592,2147483648,5837848576,391184384
209,1772012316893,3204,3204,3204,3204,3204,3204,3204,3204,19.047618865966797,25,14.285715103149414,9.523809432983398,4.545454502105713,0,0,0,4.7644877433776855,8589934592,2147483648,5837668352,391184384
206,1772012317104,3204,3204,3204,3204,3204,3204,3204,3204,20,31.81818199157715,14.285715103149414,14.285715103149414,0,4.545454502105713,0,0,4.7644877433776855,8589934592,2147483648,5838241792,391184384
208,1772012317311,3204,3204,3204,3204,3204,3204,3204,3204,15.000000953674316,25,20,15.000000953674316,0,0,4.761904716491699,0,4.7644877433776855,8589934592,2147483648,5837651968,391184384
200,1772012317520,3204,3204,3204,3204,3204,3204,3204,3204,27.272727966308594,20,19.047618865966797,14.285715103149414,0,0,0,0,4.649769306182861,8589934592,2147483648,5837553664,391184384
200,1772012317721,3204,3204,3204,3204,3204,3204,3204,3204,35,28.571430206298828,25,20,23.809524536132813,28.571430206298828,0,0,4.649769306182861,8589934592,2147483648,5837946880,391184384
209,1772012317922,3204,3204,3204,3204,3204,3204,3204,3204,21.052631378173828,19.047618865966797,25,15.000000953674316,30.000001907348633,10,4.761904716491699,5,4.649769306182861,8589934592,2147483648,5837701120,391184384
203,1772012318132,3204,3204,3204,3204,3204,3204,3204,3204,23.809524536132813,19.047618865966797,28.571430206298828,18.18181800842285,0,0,0,0,4.649769306182861,8589934592,2147483648,5840011264,391184384
207,1772012318336,3204,3204,3204,3204,3204,3204,3204,3204,23.809524536132813,15.789472579956055,30.000001907348633,10.526315689086914,0,0,0,0,4.649769306182861,8589934592,2147483648,5828444160,391184384
209,1772012318544,3204,3204,3204,3204,3204,3204,3204,3204,40,38.095237731933594,28.571430206298828,27.272727966308594,4.761904716491699,4.761904716491699,4.761904716491699,4.761904716491699,4.992401599884033,8589934592,2147483648,5829033984,391184384
201,1772012318755,3204,3204,3204,3204,3204,3204,3204,3204,28.571430206298828,22.72727394104004,23.809524536132813,15.000000953674316,0,0,0,0,4.992401599884033,8589934592,2147483648,5829033984,391184384
205,1772012318957,3204,3204,3204,3204,3204,3204,3204,3204,30.000001907348633,15.789472579956055,20,19.047618865966797,0,4.761904716491699,0,0,4.992401599884033,8589934592,2147483648,5823102976,391184384
207,1772012319163,3204,3204,3204,3204,3204,3204,3204,3204,33.333335876464844,19.047618865966797,19.047618865966797,10,0,0,0,0,4.992401599884033,8589934592,2147483648,5822873600,391184384
201,1772012319371,3204,3204,3204,3204,3204,3204,3204,3204,23.809524536132813,19.047618865966797,19.047618865966797,14.285715103149414,4.545454502105713,4.545454502105713,0,0,4.992401599884033,8589934592,2147483648,5822480384,391184384
209,1772012319574,3204,3204,3204,3204,3204,3204,3204,3204,30.000001907348633,25,25,20,0,0,0,0,4.93241024017334,8589934592,2147483648,5823070208,391184384
209,1772012319783,3204,3204,3204,3204,3204,3204,3204,3204,35,30.000001907348633,28.571430206298828,20,18.18181800842285,10,4.761904716491699,4.761904716491699,4.93241024017334,8589934592,2147483648,5835177984,391184384
209,1772012319994,3204,3204,3204,3204,3204,3204,3204,3204,23.809524536132813,19.047618865966797,19.047618865966797,18.18181800842285,10,14.285715103149414,9.090909004211426,4.545454502105713,4.93241024017334,8589934592,2147483648,5822595072,391184384
206,1772012320204,3204,3204,3204,3204,3204,3204,3204,3204,20,23.809524536132813,19.047618865966797,14.285715103149414,4.761904716491699,4.761904716491699,4.545454502105713,0,4.93241024017334,8589934592,2147483648,5824397312,391184384
201,1772012320411,3204,3204,3204,3204,3204,3204,3204,3204,19.047618865966797,23.809524536132813,28.571430206298828,15.000000953674316,4.761904716491699,4.761904716491699,0,4.761904716491699,4.93241024017334,8589934592,2147483648,5824397312,391184384
207,1772012320613,3204,3204,3204,3204,3204,3204,3204,3204,25,20,21.052631378173828,14.285715103149414,0,0,5,0,4.431722640991211,8589934592,2147483648,5824397312,391184384
201,1772012320821,3204,3204,3204,3204,3204,3204,3204,3204,19.047618865966797,19.047618865966797,19.047618865966797,20,4.545454502105713,0,0,0,4.431722640991211,8589934592,2147483648,5824397312,391184384
209,1772012321023,3204,3204,3204,3204,3204,3204,3204,3204,28.571430206298828,25,10.526315689086914,20,0,4.761904716491699,0,5,4.431722640991211,8589934592,2147483648,5823381504,391184384
208,1772012321233,3204,3204,3204,3204,3204,3204,3204,3204,19.047618865966797,19.047618865966797,18.18181800842285,28.571430206298828,0,0,0,0,4.431722640991211,8589934592,2147483648,5824020480,391184384
201,1772012321443,3204,3204,3204,3204,3204,3204,3204,3204,28.571430206298828,15.000000953674316,19.047618865966797,23.809524536132813,4.545454502105713,0,4.761904716491699,0,4.431722640991211,8589934592,2147483648,5823365120,391184384
213,1772012321645,3204,3204,3204,3204,3204,3204,3204,3204,25,20,15.000000953674316,23.809524536132813,5,5,4.761904716491699,5,4.816980838775635,8589934592,2147483648,5822791680,391184384
209,1772012321859,3204,3204,3204,3204,3204,3204,3204,3204,28.571430206298828,27.272727966308594,18.18181800842285,20,4.545454502105713,4.545454502105713,0,0,4.816980838775635,8589934592,2147483648,5823447040,391184384
207,1772012322069,3204,3204,3204,3204,3204,3204,3204,3204,30.000001907348633,23.809524536132813,20,23.809524536132813,23.809524536132813,28.571430206298828,4.761904716491699,4.545454502105713,4.816980838775635,8589934592,2147483648,5820481536,391184384
209,1772012322277,3204,3204,3204,3204,3204,3204,3204,3204,38.095237731933594,23.809524536132813,15.000000953674316,22.72727394104004,0,0,4.545454502105713,0,4.816980838775635,8589934592,2147483648,5824495616,391184384
199,1772012322487,3204,3204,3204,3204,3204,3204,3204,3204,28.571430206298828,15.000000953674316,22.72727394104004,10,0,0,0,4.761904716491699,4.443411827087402,8589934592,2147483648,5823971328,391184384
207,1772012322688,3204,3204,3204,3204,3204,3204,3204,3204,25,25,20,14.285715103149414,5,4.761904716491699,0,0,4.443411827087402,8589934592,2147483648,5824348160,391184384
209,1772012322896,3204,3204,3204,3204,3204,3204,3204,3204,25,19.047618865966797,25,15.000000953674316,4.761904716491699,0,4.761904716491699,4.761904716491699,4.443411827087402,8589934592,2147483648,5823217664,391184384
209,1772012323106,3204,3204,3204,3204,3204,3204,3204,3204,18.18181800842285,14.285715103149414,23.809524536132813,5,4.545454502105713,13.636363983154297,0,4.761904716491699,4.443411827087402,8589934592,2147483648,5823807488,391184384
204,1772012323316,3204,3204,3204,3204,3204,3204,3204,3204,19.047618865966797,20,27.272727966308594,19.047618865966797,0,0,0,0,4.443411827087402,8589934592,2147483648,5823856640,391184384
208,1772012323521,3204,3204,3204,3204,3204,3204,3204,3204,25,23.809524536132813,15.000000953674316,18.18181800842285,10,5,0,0,4.841770172119141,8589934592,2147483648,5824020480,391184384
206,1772012323731,3204,3204,3204,3204,3204,3204,3204,3204,23.809524536132813,19.047618865966797,15.000000953674316,15.000000953674316,0,0,0,0,4.841770172119141,8589934592,2147483648,5824430080,391184384
209,1772012323938,3204,3204,3204,3204,3204,3204,3204,3204,15.000000953674316,20,23.809524536132813,14.285715103149414,0,0,0,0,4.841770172119141,8589934592,2147483648,5824430080,391184384
205,1772012324148,3204,3204,3204,3204,3204,3204,3204,3204,31.81818199157715,23.809524536132813,28.571430206298828,20,18.18181800842285,27.272727966308594,4.761904716491699,0,4.841770172119141,8589934592,2147483648,5821169664,391184384
204,1772012324355,3204,3204,3204,3204,3204,3204,3204,3204,26.3157901763916,23.809524536132813,14.285715103149414,19.047618865966797,0,10,0,0,4.841770172119141,8589934592,2147483648,5824643072,391184384
208,1772012324560,3204,3204,3204,3204,3204,3204,3204,3204,23.809524536132813,25,15.000000953674316,20,0,0,0,0,4.6104960441589355,8589934592,2147483648,5824643072,391184384
201,1772012324769,3204,3204,3204,3204,3204,3204,3204,3204,35,28.571430206298828,19.047618865966797,23.809524536132813,9.523809432983398,9.523809432983398,5,9.523809432983398,4.6104960441589355,8589934592,2147483648,5824643072,391184384
206,1772012324971,3204,3204,3204,3204,3204,3204,3204,3204,28.571430206298828,20,20,15.000000953674316,30.000001907348633,25,27.272727966308594,20,4.6104960441589355,8589934592,2147483648,5824643072,391184384
208,1772012325179,3204,3204,3204,3204,3204,3204,3204,3204,23.809524536132813,25,14.285715103149414,14.285715103149414,0,0,0,0,4.6104960441589355,8589934592,2147483648,5824086016,391184384
209,1772012325388,3204,3204,3204,3204,3204,3204,3204,3204,25,31.81818199157715,19.047618865966797,19.047618865966797,4.761904716491699,0,0,4.761904716491699,4.6104960441589355,8589934592,2147483648,5824315392,391184384
206,1772012325598,3204,3204,3204,3204,3204,3204,3204,3204,23.809524536132813,28.571430206298828,15.000000953674316,14.285715103149414,0,4.761904716491699,0,0,4.839084625244141,8589934592,2147483648,5824135168,391184384
209,1772012325804,3204,3204,3204,3204,3204,3204,3204,3204,28.571430206298828,20,15.000000953674316,15.000000953674316,5,5,9.523809432983398,5,4.839084625244141,8589934592,2147483648,5824135168,391184384
206,1772012326014,3204,3204,3204,3204,3204,3204,3204,3204,19.047618865966797,25,18.18181800842285,14.285715103149414,9.090909004211426,0,0,0,4.839084625244141,8589934592,2147483648,5824135168,391184384
199,1772012326221,3204,3204,3204,3204,3204,3204,3204,3204,30.000001907348633,27.272727966308594,25,19.047618865966797,15.000000953674316,14.285715103149414,10,9.523809432983398,4.839084625244141,8589934592,2147483648,5834506240,391184384
207,1772012326421,3204,3204,3204,3204,3204,3204,3204,3204,30.000001907348633,20,20,19.047618865966797,25,19.047618865966797,0,0,4.839084625244141,8589934592,2147483648,5823479808,391184384
207,1772012326629,3204,3204,3204,3204,3204,3204,3204,3204,19.047618865966797,20,20,10,0,0,4.545454502105713,0,5.0648722648620605,8589934592,2147483648,5823496192,391184384
209,1772012326838,3204,3204,3204,3204,3204,3204,3204,3204,23.809524536132813,14.285715103149414,27.272727966308594,23.809524536132813,0,0,0,4.545454502105713,5.0648722648620605,8589934592,2147483648,5823496192,391184384
206,1772012327048,3204,3204,3204,3204,3204,3204,3204,3204,25,20,19.047618865966797,25,9.090909004211426,4.761904716491699,0,0,5.0648722648620605,8589934592,2147483648,5823496192,391184384
209,1772012327255,3204,3204,3204,3204,3204,3204,3204,3204,20,19.047618865966797,10,28.571430206298828,4.761904716491699,0,4.545454502105713,4.761904716491699,5.0648722648620605,8589934592,2147483648,5824872448,391184384
203,1772012327465,3204,3204,3204,3204,3204,3204,3204,3204,19.047618865966797,14.285715103149414,14.285715103149414,23.809524536132813,0,0,0,0,5.0648722648620605,8589934592,2147483648,5825036288,391184384
207,1772012327669,3204,3204,3204,3204,3204,3204,3204,3204,27.272727966308594,25,19.047618865966797,15.789472579956055,0,4.761904716491699,0,0,4.817951202392578,8589934592,2147483648,5824823296,391184384
202,1772012327876,3204,3204,3204,3204,3204,3204,3204,3204,25,28.571430206298828,15.000000953674316,22.72727394104004,4.761904716491699,0,4.761904716491699,0,4.817951202392578,8589934592,2147483648,5827706880,391184384
208,1772012328079,3204,3204,3204,3204,3204,3204,3204,3204,20,25,19.047618865966797,15.000000953674316,10.526315689086914,14.285715103149414,9.523809432983398,14.285715103149414,4.817951202392578,8589934592,2147483648,5826871296,391184384
208,1772012328288,3204,3204,3204,3204,3204,3204,3204,3204,20,20,15.000000953674316,14.285715103149414,0,4.545454502105713,0,0,4.817951202392578,8589934592,2147483648,5826248704,391184384
201,1772012328498,3204,3204,3204,3204,3204,3204,3204,3204,36.3636360168457,31.81818199157715,23.809524536132813,23.809524536132813,31.81818199157715,20,0,4.545454502105713,4.710259914398193,8589934592,2147483648,5822758912,391184384
204,1772012328699,3204,3204,3204,3204,3204,3204,3204,3204,20,15.000000953674316,20,20,0,0,0,0,4.710259914398193,8589934592,2147483648,5824888832,391184384
207,1772012328905,3204,3204,3204,3204,3204,3204,3204,3204,26.3157901763916,20,15.000000953674316,15.000000953674316,0,0,4.761904716491699,0,4.710259914398193,8589934592,2147483648,5826396160,391184384
209,1772012329113,3204,3204,3204,3204,3204,3204,3204,3204,22.72727394104004,20,19.047618865966797,14.285715103149414,0,0,0,0,4.710259914398193,8589934592,2147483648,5826183168,391184384
207,1772012329323,3204,3204,3204,3204,3204,3204,3204,3204,20,27.272727966308594,22.72727394104004,14.285715103149414,0,0,0,0,4.710259914398193,8589934592,2147483648,5825478656,391184384
204,1772012329531,3204,3204,3204,3204,3204,3204,3204,3204,23.809524536132813,38.095237731933594,10.526315689086914,19.047618865966797,4.761904716491699,4.545454502105713,0,0,4.848965644836426,8589934592,2147483648,5825708032,391184384
199,1772012329736,3204,3204,3204,3204,3204,3204,3204,3204,15.000000953674316,15.000000953674316,14.285715103149414,20,0,0,0,4.761904716491699,4.848965644836426,8589934592,2147483648,5824774144,391184384
205,1772012329936,3204,3204,3204,3204,3204,3204,3204,3204,30.000001907348633,20,25,10.526315689086914,5,5,0,0,4.848965644836426,8589934592,2147483648,5825429504,391184384
203,1772012330142,3204,3204,3204,3204,3204,3204,3204,3204,19.047618865966797,19.047618865966797,14.285715103149414,27.272727966308594,4.761904716491699,4.761904716491699,4.761904716491699,0,4.848965644836426,8589934592,2147483648,5825544192,391184384
208,1772012330346,3204,3204,3204,3204,3204,3204,3204,3204,20,25,20,31.57894515991211,0,0,0,0,4.848965644836426,8589934592,2147483648,5824577536,391184384
209,1772012330555,3204,3204,3204,3204,3204,3204,3204,3204,28.571430206298828,20,19.047618865966797,28.571430206298828,18.18181800842285,14.285715103149414,0,0,4.571536540985107,8589934592,2147483648,5837012992,391184384
206,1772012330764,3204,3204,3204,3204,3204,3204,3204,3204,15.000000953674316,23.809524536132813,20,23.809524536132813,5,14.285715103149414,4.545454502105713,4.545454502105713,4.571536540985107,8589934592,2147483648,5822988288,391184384
209,1772012330971,3204,3204,3204,3204,3204,3204,3204,3204,27.272727966308594,28.571430206298828,19.047618865966797,23.809524536132813,4.761904716491699,0,0,0,4.571536540985107,8589934592,2147483648,5823184896,391184384
205,1772012331181,3204,3204,3204,3204,3204,3204,3204,3204,20,20,14.285715103149414,14.285715103149414,0,0,0,0,4.571536540985107,8589934592,2147483648,5823184896,391184384
204,1772012331387,3204,3204,3204,3204,3204,3204,3204,3204,38.095237731933594,33.333335876464844,30.000001907348633,25,0,0,0,0,4.571536540985107,8589934592,2147483648,5823741952,391184384
207,1772012331592,3204,3204,3204,3204,3204,3204,3204,3204,25,15.000000953674316,23.809524536132813,14.285715103149414,0,0,0,0,4.57265567779541,8589934592,2147483648,5823725568,391184384
205,1772012331800,3204,3204,3204,3204,3204,3204,3204,3204,23.809524536132813,19.047618865966797,20,14.285715103149414,4.761904716491699,9.090909004211426,4.761904716491699,4.761904716491699,4.57265567779541,8589934592,2147483648,5823365120,391184384
209,1772012332007,3204,3204,3204,3204,3204,3204,3204,3204,25,20,23.809524536132813,15.000000953674316,0,0,0,0,4.57265567779541,8589934592,2147483648,5825921024,391184384
199,1772012332216,3204,3204,3204,3204,3204,3204,3204,3204,23.809524536132813,23.809524536132813,19.047618865966797,19.047618865966797,4.761904716491699,4.761904716491699,4.761904716491699,4.761904716491699,4.57265567779541,8589934592,2147483648,5825118208,391184384
206,1772012332417,3204,3204,3204,3204,3204,3204,3204,3204,25,30.000001907348633,25,19.047618865966797,5,5,0,0,4.57265567779541,8589934592,2147483648,5825216512,391184384
209,1772012332624,3204,3204,3204,3204,3204,3204,3204,3204,33.333335876464844,28.571430206298828,20,25,14.285715103149414,5,4.761904716491699,4.761904716491699,4.938070297241211,8589934592,2147483648,5835489280,391184384
208,1772012332834,3204,3204,3204,3204,3204,3204,3204,3204,23.809524536132813,23.809524536132813,23.809524536132813,20,19.047618865966797,18.18181800842285,10,4.761904716491699,4.938070297241211,8589934592,2147483648,5823627264,391184384
209,1772012333043,3204,3204,3204,3204,3204,3204,3204,3204,20,25,14.285715103149414,22.72727394104004,14.285715103149414,15.000000953674316,4.545454502105713,4.761904716491699,4.938070297241211,8589934592,2147483648,5825052672,391184384
207,1772012333253,3204,3204,3204,3204,3204,3204,3204,3204,15.000000953674316,19.047618865966797,19.047618865966797,10.526315689086914,4.761904716491699,4.545454502105713,4.761904716491699,4.761904716491699,4.938070297241211,8589934592,2147483648,5824774144,391184384
207,1772012333461,3204,3204,3204,3204,3204,3204,3204,3204,27.272727966308594,22.72727394104004,28.571430206298828,18.18181800842285,0,0,0,0,4.938070297241211,8589934592,2147483648,5826789376,391184384
201,1772012333669,3204,3204,3204,3204,3204,3204,3204,3204,19.047618865966797,25,25,23.809524536132813,0,0,0,0,4.693960666656494,8589934592,2147483648,5826478080,391184384
202,1772012333871,3204,3204,3204,3204,3204,3204,3204,3204,20,20,23.809524536132813,15.000000953674316,4.761904716491699,0,4.761904716491699,0,4.693960666656494,8589934592,2147483648,5826150400,391184384
209,1772012334075,3204,3204,3204,3204,3204,3204,3204,3204,15.789472579956055,20,28.571430206298828,19.047618865966797,0,5,4.761904716491699,5,4.693960666656494,8589934592,2147483648,5826150400,391184384
201,1772012334285,3204,3204,3204,3204,3204,3204,3204,3204,18.18181800842285,19.047618865966797,20,25,0,0,0,0,4.693960666656494,8589934592,2147483648,5826150400,391184384
209,1772012334487,3204,3204,3204,3204,3204,3204,3204,3204,26.3157901763916,25,20,25,0,0,0,0,4.893790245056152,8589934592,2147483648,5825642496,391184384
206,1772012334697,3204,3204,3204,3204,3204,3204,3204,3204,33.333335876464844,23.809524536132813,19.047618865966797,14.285715103149414,4.545454502105713,0,0,0,4.893790245056152,8589934592,2147483648,5806587904,391184384
205,1772012334905,3204,3204,3204,3204,3204,3204,3204,3204,38.095237731933594,33.333335876464844,35,38.095237731933594,25,22.72727394104004,0,0,4.893790245056152,8589934592,2147483648,5808259072,391184384
209,1772012335111,3204,3204,3204,3204,3204,3204,3204,3204,20,10,10,15.000000953674316,4.761904716491699,5,0,4.761904716491699,4.893790245056152,8589934592,2147483648,5808422912,391184384
207,1772012335321,3204,3204,3204,3204,3204,3204,3204,3204,28.571430206298828,23.809524536132813,18.18181800842285,18.18181800842285,4.761904716491699,0,0,0,4.893790245056152,8589934592,2147483648,5808603136,391184384
207,1772012335529,3204,3204,3204,3204,3204,3204,3204,3204,33.333335876464844,23.809524536132813,20,15.000000953674316,0,4.761904716491699,0,0,4.491971492767334,8589934592,2147483648,5809766400,391184384
199,1772012335738,3204,3204,3204,3204,3204,3204,3204,3204,25,25,19.047618865966797,18.18181800842285,0,0,0,0,4.491971492767334,8589934592,2147483648,5809848320,391184384
205,1772012335938,3204,3204,3204,3204,3204,3204,3204,3204,40,35,35,27.77777862548828,0,0,5,0,4.491971492767334,8589934592,2147483648,5812764672,391184384
209,1772012336144,3204,3204,3204,3204,3204,3204,3204,3204,76.19047546386719,71.42857360839844,76.19047546386719,68.18181610107422,0,0,0,0,4.491971492767334,8589934592,2147483648,5844287488,391184384
207,1772012336354,3204,3204,3204,3204,3204,3204,3204,3204,38.095237731933594,42.85714340209961,30.000001907348633,35,0,0,0,0,4.491971492767334,8589934592,2147483648,5854314496,391184384
205,1772012336563,3204,3204,3204,3204,3204,3204,3204,3204,35,20,31.81818199157715,23.809524536132813,0,0,0,4.761904716491699,4.848311901092529,8589934592,2147483648,5855199232,391184384
202,1772012336769,3204,3204,3204,3204,3204,3204,3204,3204,19.047618865966797,31.81818199157715,10.526315689086914,19.047618865966797,0,0,0,0,4.848311901092529,8589934592,2147483648,5854773248,391184384
209,1772012336972,3204,3204,3204,3204,3204,3204,3204,3204,28.571430206298828,36.842105865478516,33.333335876464844,20,23.809524536132813,5,0,0,4.848311901092529,8589934592,2147483648,5866651648,391184384
209,1772012337182,3204,3204,3204,3204,3204,3204,3204,3204,20,25,15.000000953674316,15.000000953674316,15.000000953674316,10,0,0,4.848311901092529,8589934592,2147483648,5855117312,391184384
200,1772012337392,3204,3204,3204,3204,3204,3204,3204,3204,19.047618865966797,30.434782028198242,18.18181800842285,9.523809432983398,0,0,0,0,4.848311901092529,8589934592,2147483648,5854986240,391184384
209,1772012337593,3204,3204,3204,3204,3204,3204,3204,3204,35,21.052631378173828,25,28.571430206298828,4.761904716491699,0,4.761904716491699,4.761904716491699,4.972995758056641,8589934592,2147483648,5856575488,391184384
200,1772012337803,3204,3204,3204,3204,3204,3204,3204,3204,23.809524536132813,19.047618865966797,14.285715103149414,23.809524536132813,0,0,0,0,4.972995758056641,8589934592,2147483648,5856100352,391184384
209,1772012338004,3204,3204,3204,3204,3204,3204,3204,3204,20,25,15.000000953674316,26.3157901763916,10,22.72727394104004,0,0,4.972995758056641,8589934592,2147483648,5855739904,391184384
206,1772012338214,3204,3204,3204,3204,3204,3204,3204,3204,19.047618865966797,19.047618865966797,23.809524536132813,27.272727966308594,9.090909004211426,4.761904716491699,4.761904716491699,4.761904716491699,4.972995758056641,8589934592,2147483648,5855739904,391184384
203,1772012338421,3204,3204,3204,3204,3204,3204,3204,3204,25,19.047618865966797,25,15.000000953674316,0,0,0,0,4.972995758056641,8589934592,2147483648,5855821824,391184384
204,1772012338625,3204,3204,3204,3204,3204,3204,3204,3204,25,20,25,20,5,5,5,0,4.932547092437744,8589934592,2147483648,5856133120,391184384
207,1772012338830,3204,3204,3204,3204,3204,3204,3204,3204,28.571430206298828,25,19.047618865966797,19.047618865966797,5,4.761904716491699,4.761904716491699,5,4.932547092437744,8589934592,2147483648,5856083968,391184384
200,1772012339037,3204,3204,3204,3204,3204,3204,3204,3204,28.571430206298828,19.047618865966797,20,14.285715103149414,0,0,0,0,4.932547092437744,8589934592,2147483648,5856280576,391184384
209,1772012339238,3204,3204,3204,3204,3204,3204,3204,3204,26.3157901763916,30.000001907348633,23.809524536132813,25,30.000001907348633,20,10,9.523809432983398,4.932547092437744,8589934592,2147483648,5854314496,391184384
206,1772012339448,3204,3204,3204,3204,3204,3204,3204,3204,27.272727966308594,20,25,23.809524536132813,4.761904716491699,0,4.545454502105713,0,4.932547092437744,8589934592,2147483648,5855969280,391184384
202,1772012339655,3204,3204,3204,3204,3204,3204,3204,3204,25,19.047618865966797,23.809524536132813,15.000000953674316,0,0,0,0,4.695633411407471,8589934592,2147483648,5855985664,391184384
200,1772012339859,3204,3204,3204,3204,3204,3204,3204,3204,15.000000953674316,23.809524536132813,20,15.000000953674316,0,0,0,0,4.695633411407471,8589934592,2147483648,5855887360,391184384
206,1772012340060,3204,3204,3204,3204,3204,3204,3204,3204,31.57894515991211,31.57894515991211,30.000001907348633,25,20,28.571430206298828,20,20,4.695633411407471,8589934592,2147483648,5860835328,391184384
201,1772012340267,3204,3204,3204,3204,3204,3204,3204,3204,23.809524536132813,23.809524536132813,19.047618865966797,9.523809432983398,9.090909004211426,4.761904716491699,4.761904716491699,0,4.695633411407471,8589934592,2147483648,5859360768,391184384
207,1772012340469,3204,3204,3204,3204,3204,3204,3204,3204,28.571430206298828,20,25,15.000000953674316,0,0,0,4.761904716491699,4.960920333862305,8589934592,2147483648,5859360768,391184384
209,1772012340677,3204,3204,3204,3204,3204,3204,3204,3204,30.000001907348633,19.047618865966797,23.809524536132813,19.047618865966797,0,0,0,0,4.960920333862305,8589934592,2147483648,5860900864,391184384
199,1772012340887,3204,3204,3204,3204,3204,3204,3204,3204,27.272727966308594,19.047618865966797,19.047618865966797,14.285715103149414,0,4.545454502105713,4.545454502105713,0,4.960920333862305,8589934592,2147483648,5859786752,391184384
207,1772012341088,3204,3204,3204,3204,3204,3204,3204,3204,31.57894515991211,20,25,15.789472579956055,4.761904716491699,0,0,0,4.960920333862305,8589934592,2147483648,5866340352,391184384
207,1772012341296,3204,3204,3204,3204,3204,3204,3204,3204,25,20,23.809524536132813,19.047618865966797,15.789472579956055,5,5,0,4.960920333862305,8589934592,2147483648,5874876416,391184384
206,1772012341505,3204,3204,3204,3204,3204,3204,3204,3204,27.272727966308594,20,25,28.571430206298828,9.090909004211426,9.523809432983398,0,0,4.7969651222229,8589934592,2147483648,5862981632,391184384
208,1772012341712,3204,3204,3204,3204,3204,3204,3204,3204,15.000000953674316,19.047618865966797,19.047618865966797,19.047618865966797,0,0,0,0,4.7969651222229,8589934592,2147483648,5863768064,391184384
209,1772012341921,3204,3204,3204,3204,3204,3204,3204,3204,22.72727394104004,19.047618865966797,14.285715103149414,19.047618865966797,0,0,0,0,4.7969651222229,8589934592,2147483648,5863866368,391184384
208,1772012342131,3204,3204,3204,3204,3204,3204,3204,3204,20,23.809524536132813,10,15.000000953674316,0,0,0,0,4.7969651222229,8589934592,2147483648,5860360192,391184384
209,1772012342341,3204,3204,3204,3204,3204,3204,3204,3204,19.047618865966797,33.333335876464844,19.047618865966797,14.285715103149414,4.761904716491699,9.090909004211426,4.761904716491699,4.761904716491699,4.7969651222229,8589934592,2147483648,5860163584,391184384
202,1772012342551,3204,3204,3204,3204,3204,3204,3204,3204,20,28.571430206298828,19.047618865966797,19.047618865966797,0,0,0,0,4.642725944519043,8589934592,2147483648,5861113856,391184384
199,1772012342754,3204,3204,3204,3204,3204,3204,3204,3204,28.571430206298828,20,20,10,4.761904716491699,0,0,0,4.642725944519043,8589934592,2147483648,5858656256,391184384
209,1772012342954,3204,3204,3204,3204,3204,3204,3204,3204,25,21.052631378173828,20,19.047618865966797,10,20,4.761904716491699,5,4.642725944519043,8589934592,2147483648,5861294080,391184384
201,1772012343165,3204,3204,3204,3204,3204,3204,3204,3204,19.047618865966797,27.272727966308594,22.72727394104004,10,4.761904716491699,4.761904716491699,0,0,4.642725944519043,8589934592,2147483648,5858639872,391184384
209,1772012343366,3204,3204,3204,3204,3204,3204,3204,3204,25,33.333335876464844,21.052631378173828,25,10,0,0,0,4.642725944519043,8589934592,2147483648,5868191744,391184384
200,1772012343577,3204,3204,3204,3204,3204,3204,3204,3204,23.809524536132813,25,22.72727394104004,19.047618865966797,20,22.72727394104004,9.090909004211426,4.545454502105713,4.599862098693848,8589934592,2147483648,5857394688,391184384
209,1772012343778,3204,3204,3204,3204,3204,3204,3204,3204,30.000001907348633,20,21.052631378173828,15.000000953674316,0,0,0,0,4.599862098693848,8589934592,2147483648,5858443264,391184384
200,1772012343988,3204,3204,3204,3204,3204,3204,3204,3204,23.809524536132813,23.809524536132813,18.18181800842285,9.523809432983398,4.761904716491699,4.761904716491699,4.761904716491699,0,4.599862098693848,8589934592,2147483648,5860311040,391184384
208,1772012344189,3204,3204,3204,3204,3204,3204,3204,3204,26.3157901763916,20,20,25,0,0,0,0,4.599862098693848,8589934592,2147483648,5859246080,391184384
205,1772012344398,3204,3204,3204,3204,3204,3204,3204,3204,19.047618865966797,19.047618865966797,10.526315689086914,23.809524536132813,0,0,0,0,4.599862098693848,8589934592,2147483648,5858820096,391184384
209,1772012344604,3204,3204,3204,3204,3204,3204,3204,3204,28.571430206298828,25,23.809524536132813,23.809524536132813,5,5,0,4.761904716491699,4.775436878204346,8589934592,2147483648,5860818944,391184384
204,1772012344814,3204,3204,3204,3204,3204,3204,3204,3204,25,19.047618865966797,19.047618865966797,9.523809432983398,0,0,4.545454502105713,0,4.775436878204346,8589934592,2147483648,5860245504,391184384
201,1772012345019,3204,3204,3204,3204,3204,3204,3204,3204,25,23.809524536132813,19.047618865966797,15.000000953674316,9.523809432983398,5,0,0,4.775436878204346,8589934592,2147483648,5873696768,391184384
202,1772012345221,3204,3204,3204,3204,3204,3204,3204,3204,33.333335876464844,20,25,15.000000953674316,4.761904716491699,0,0,4.761904716491699,4.775436878204346,8589934592,2147483648,5910265856,391184384
207,1772012345424,3204,3204,3204,3204,3204,3204,3204,3204,19.047618865966797,25,15.000000953674316,10,0,0,0,0,4.775436878204346,8589934592,2147483648,5908774912,391184384
209,1772012345632,3204,3204,3204,3204,3204,3204,3204,3204,26.3157901763916,28.571430206298828,28.571430206298828,28.571430206298828,20,20,4.761904716491699,0,4.743422985076904,8589934592,2147483648,5908692992,391184384
200,1772012345842,3204,3204,3204,3204,3204,3204,3204,3204,18.18181800842285,25,15.000000953674316,19.047618865966797,4.761904716491699,4.761904716491699,0,0,4.743422985076904,8589934592,2147483648,5909331968,391184384
201,1772012346043,3204,3204,3204,3204,3204,3204,3204,3204,25,20,20,15.000000953674316,0,9.523809432983398,0,0,4.743422985076904,8589934592,2147483648,5910921216,391184384
209,1772012346244,3204,3204,3204,3204,3204,3204,3204,3204,20,30.000001907348633,28.571430206298828,14.285715103149414,4.761904716491699,0,4.761904716491699,4.761904716491699,4.743422985076904,8589934592,2147483648,5907775488,391184384
206,1772012346454,3204,3204,3204,3204,3204,3204,3204,3204,19.047618865966797,23.809524536132813,19.047618865966797,10,0,0,0,0,4.743422985076904,8589934592,2147483648,5907775488,391184384
209,1772012346661,3204,3204,3204,3204,3204,3204,3204,3204,25,33.333335876464844,25,23.809524536132813,4.761904716491699,0,0,0,4.585432052612305,8589934592,2147483648,5907775488,391184384
209,1772012346871,3204,3204,3204,3204,3204,3204,3204,3204,14.285715103149414,25,18.18181800842285,15.000000953674316,0,4.545454502105713,4.545454502105713,0,4.585432052612305,8589934592,2147483648,5875744768,391184384
205,1772012347081,3204,3204,3204,3204,3204,3204,3204,3204,23.809524536132813,33.333335876464844,15.000000953674316,19.047618865966797,0,0,0,0,4.585432052612305,8589934592,2147483648,5874663424,391184384
209,1772012347287,3204,3204,3204,3204,3204,3204,3204,3204,15.789472579956055,33.333335876464844,10,19.047618865966797,4.761904716491699,0,0,4.761904716491699,4.585432052612305,8589934592,2147483648,5872189440,391184384
209,1772012347497,3204,3204,3204,3204,3204,3204,3204,3204,18.18181800842285,28.571430206298828,18.18181800842285,15.000000953674316,0,0,0,0,4.740297794342041,8589934592,2147483648,5872828416,391184384
209,1772012347706,3204,3204,3204,3204,3204,3204,3204,3204,38.095237731933594,30.000001907348633,25,27.272727966308594,10,4.761904716491699,4.761904716491699,0,4.740297794342041,8589934592,2147483648,5883527168,391184384
209,1772012347916,3204,3204,3204,3204,3204,3204,3204,3204,23.809524536132813,23.809524536132813,23.809524536132813,14.285715103149414,22.72727394104004,14.285715103149414,9.523809432983398,4.761904716491699,4.740297794342041,8589934592,2147483648,5872140288,391184384
209,1772012348127,3204,3204,3204,3204,3204,3204,3204,3204,28.571430206298828,27.272727966308594,22.72727394104004,14.285715103149414,4.761904716491699,23.809524536132813,4.761904716491699,0,4.740297794342041,8589934592,2147483648,5875220480,391184384
209,1772012348337,3204,3204,3204,3204,3204,3204,3204,3204,33.333335876464844,19.047618865966797,10.526315689086914,14.285715103149414,0,4.545454502105713,4.545454502105713,0,4.740297794342041,8589934592,2147483648,5872812032,391184384
206,1772012348547,3204,3204,3204,3204,3204,3204,3204,3204,35,38.095237731933594,27.272727966308594,30.000001907348633,9.090909004211426,5,4.761904716491699,5,4.44484806060791,8589934592,2147483648,5872041984,391184384
199,1772012348754,3204,3204,3204,3204,3204,3204,3204,3204,31.81818199157715,20,28.571430206298828,23.809524536132813,0,0,0,0,4.44484806060791,8589934592,2147483648,5859180544,391184384
206,1772012348954,3204,3204,3204,3204,3204,3204,3204,3204,15.789472579956055,15.000000953674316,25,10,0,5,0,4.761904716491699,4.44484806060791,8589934592,2147483648,5858656256,391184384
208,1772012349161,3204,3204,3204,3204,3204,3204,3204,3204,28.571430206298828,23.809524536132813,15.000000953674316,14.285715103149414,4.761904716491699,0,4.761904716491699,0,4.44484806060791,8589934592,2147483648,5861244928,391184384
207,1772012349371,3204,3204,3204,3204,3204,3204,3204,3204,20,20,23.809524536132813,14.285715103149414,0,0,0,0,4.44484806060791,8589934592,2147483648,5861244928,391184384
208,1772012349578,3204,3204,3204,3204,3204,3204,3204,3204,23.809524536132813,23.809524536132813,28.571430206298828,15.000000953674316,0,0,0,0,4.904584884643555,8589934592,2147483648,5861244928,391184384
209,1772012349787,3204,3204,3204,3204,3204,3204,3204,3204,33.333335876464844,23.809524536132813,19.047618865966797,15.000000953674316,9.523809432983398,4.761904716491699,0,4.761904716491699,4.904584884643555,8589934592,2147483648,5861244928,391184384
205,1772012349998,3204,3204,3204,3204,3204,3204,3204,3204,28.571430206298828,23.809524536132813,19.047618865966797,18.18181800842285,30.000001907348633,15.000000953674316,0,0,4.904584884643555,8589934592,2147483648,5856542720,391184384
207,1772012350204,3204,3204,3204,3204,3204,3204,3204,3204,15.000000953674316,25,20,14.285715103149414,4.761904716491699,4.761904716491699,4.761904716491699,8.69565200805664,4.904584884643555,8589934592,2147483648,5858705408,391184384
207,1772012350413,3204,3204,3204,3204,3204,3204,3204,3204,35,23.809524536132813,30.000001907348633,20,4.761904716491699,0,0,0,4.904584884643555,8589934592,2147483648,5859459072,391184384
201,1772012350621,3204,3204,3204,3204,3204,3204,3204,3204,31.81818199157715,25,19.047618865966797,19.047618865966797,4.761904716491699,0,0,0,4.458572864532471,8589934592,2147483648,5861228544,391184384
205,1772012350823,3204,3204,3204,3204,3204,3204,3204,3204,45,40,45,35,0,0,0,0,4.458572864532471,8589934592,2147483648,5860130816,391184384
206,1772012351029,3204,3204,3204,3204,3204,3204,3204,3204,25,28.571430206298828,33.333335876464844,19.047618865966797,0,0,0,0,4.458572864532471,8589934592,2147483648,5861244928,391184384
204,1772012351236,3204,3204,3204,3204,3204,3204,3204,3204,20,30.000001907348633,14.285715103149414,14.285715103149414,4.761904716491699,4.761904716491699,4.761904716491699,0,4.458572864532471,8589934592,2147483648,5861294080,391184384
200,1772012351441,3204,3204,3204,3204,3204,3204,3204,3204,23.809524536132813,23.809524536132813,15.000000953674316,5.263157844543457,0,0,0,0,4.458572864532471,8589934592,2147483648,5861294080,391184384
199,1772012351642,3204,3204,3204,3204,3204,3204,3204,3204,40,42.85714340209961,35,28.571430206298828,0,0,0,0,4.767479419708252,8589934592,2147483648,5861294080,391184384
201,1772012351842,3204,3204,3204,3204,3204,3204,3204,3204,47.619049072265625,36.842105865478516,35,31.57894515991211,9.523809432983398,10,0,0,4.767479419708252,8589934592,2147483648,5861294080,391184384
209,1772012352044,3204,3204,3204,3204,3204,3204,3204,3204,52.6315803527832,61.904762268066406,45,42.85714340209961,26.3157901763916,25,0,4.761904716491699,4.767479419708252,8589934592,2147483648,5874958336,391184384
209,1772012352254,3204,3204,3204,3204,3204,3204,3204,3204,45,30.000001907348633,57.142860412597656,35,9.090909004211426,9.523809432983398,0,0,4.767479419708252,8589934592,2147483648,5877071872,391184384
206,1772012352464,3204,3204,3204,3204,3204,3204,3204,3204,45.45454788208008,47.619049072265625,33.333335876464844,27.272727966308594,0,4.545454502105713,4.545454502105713,0,4.767479419708252,8589934592,2147483648,5874434048,391184384
206,1772012352671,3204,3204,3204,3204,3204,3204,3204,3204,19.047618865966797,19.047618865966797,15.000000953674316,28.571430206298828,0,0,0,0,4.680391788482666,8589934592,2147483648,5876645888,391184384
208,1772012352878,3204,3204,3204,3204,3204,3204,3204,3204,20,20,19.047618865966797,15.789472579956055,0,0,0,0,4.680391788482666,8589934592,2147483648,5876645888,391184384
200,1772012353087,3204,3204,3204,3204,3204,3204,3204,3204,14.285715103149414,14.285715103149414,14.285715103149414,27.272727966308594,4.761904716491699,23.809524536132813,0,0,4.680391788482666,8589934592,2147483648,5874515968,391184384
209,1772012353288,3204,3204,3204,3204,3204,3204,3204,3204,40,30.000001907348633,50,26.3157901763916,0,0,0,0,4.680391788482666,8589934592,2147483648,5877465088,391184384
205,1772012353498,3204,3204,3204,3204,3204,3204,3204,3204,33.333335876464844,25,23.809524536132813,22.72727394104004,0,4.545454502105713,0,0,5.387038707733154,8589934592,2147483648,5864079360,391184384
202,1772012353704,3204,3204,3204,3204,3204,3204,3204,3204,20,28.571430206298828,25,15.000000953674316,0,0,0,0,5.387038707733154,8589934592,2147483648,5863686144,391184384
207,1772012353906,3204,3204,3204,3204,3204,3204,3204,3204,20,23.809524536132813,23.809524536132813,10,5,5,5,9.090909004211426,5.387038707733154,8589934592,2147483648,5864374272,391184384
209,1772012354114,3204,3204,3204,3204,3204,3204,3204,3204,28.571430206298828,25,33.333335876464844,19.047618865966797,18.18181800842285,5,9.090909004211426,0,5.387038707733154,8589934592,2147483648,5859196928,391184384
202,1772012354324,3204,3204,3204,3204,3204,3204,3204,3204,27.272727966308594,23.809524536132813,15.789472579956055,22.72727394104004,27.272727966308594,14.285715103149414,4.761904716491699,4.761904716491699,5.387038707733154,8589934592,2147483648,5848825856,391184384
203,1772012354527,3204,3204,3204,3204,3204,3204,3204,3204,15.789472579956055,30.000001907348633,18.18181800842285,15.789472579956055,5,4.761904716491699,5,5,4.532421112060547,8589934592,2147483648,5848825856,391184384
205,1772012354732,3204,3204,3204,3204,3204,3204,3204,3204,23.809524536132813,30.000001907348633,20,19.047618865966797,0,0,0,0,4.532421112060547,8589934592,2147483648,5848825856,391184384
209,1772012354938,3204,3204,3204,3204,3204,3204,3204,3204,15.000000953674316,33.333335876464844,14.285715103149414,10,0,0,0,0,4.532421112060547,8589934592,2147483648,5848825856,391184384
206,1772012355148,3204,3204,3204,3204,3204,3204,3204,3204,19.047618865966797,23.809524536132813,15.000000953674316,19.047618865966797,9.523809432983398,13.636363983154297,4.761904716491699,4.761904716491699,4.532421112060547,8589934592,2147483648,5849432064,391184384
206,1772012355354,3204,3204,3204,3204,3204,3204,3204,3204,25,25,19.047618865966797,19.047618865966797,0,0,0,0,4.532421112060547,8589934592,2147483648,5848399872,391184384
208,1772012355562,3204,3204,3204,3204,3204,3204,3204,3204,31.81818199157715,23.809524536132813,19.047618865966797,15.000000953674316,0,0,0,0,4.846623420715332,8589934592,2147483648,5848907776,391184384
206,1772012355771,3204,3204,3204,3204,3204,3204,3204,3204,25,19.047618865966797,30.000001907348633,19.047618865966797,4.761904716491699,4.545454502105713,4.545454502105713,4.545454502105713,4.846623420715332,8589934592,2147483648,5849055232,391184384
207,1772012355978,3204,3204,3204,3204,3204,3204,3204,3204,20,25,25,15.000000953674316,0,0,0,0,4.846623420715332,8589934592,2147483648,5848055808,391184384
207,1772012356186,3204,3204,3204,3204,3204,3204,3204,3204,28.571430206298828,22.72727394104004,18.18181800842285,14.285715103149414,4.761904716491699,4.761904716491699,4.761904716491699,4.761904716491699,4.846623420715332,8589934592,2147483648,5849792512,391184384
207,1772012356394,3204,3204,3204,3204,3204,3204,3204,3204,30.000001907348633,26.3157901763916,25,25,25,20,0,0,4.846623420715332,8589934592,2147483648,5849055232,391184384
201,1772012356603,3204,3204,3204,3204,3204,3204,3204,3204,28.571430206298828,22.72727394104004,23.809524536132813,18.18181800842285,4.545454502105713,9.090909004211426,0,0,4.524011611938477,8589934592,2147483648,5849907200,391184384
205,1772012356804,3204,3204,3204,3204,3204,3204,3204,3204,30.000001907348633,30.000001907348633,25,20,0,0,4.761904716491699,4.761904716491699,4.524011611938477,8589934592,2147483648,5852692480,391184384
207,1772012357011,3204,3204,3204,3204,3204,3204,3204,3204,28.571430206298828,20,19.047618865966797,14.285715103149414,5,4.761904716491699,0,0,4.524011611938477,8589934592,2147483648,5852692480,391184384
207,1772012357219,3204,3204,3204,3204,3204,3204,3204,3204,20,19.047618865966797,25,10.526315689086914,0,0,0,0,4.524011611938477,8589934592,2147483648,5851201536,391184384
200,1772012357427,3204,3204,3204,3204,3204,3204,3204,3204,23.809524536132813,14.285715103149414,28.571430206298828,18.18181800842285,4.761904716491699,4.761904716491699,4.761904716491699,4.545454502105713,4.524011611938477,8589934592,2147483648,5845155840,391184384
209,1772012357628,3204,3204,3204,3204,3204,3204,3204,3204,15.000000953674316,20,25,15.000000953674316,0,0,0,0,4.781909942626953,8589934592,2147483648,5845172224,391184384
209,1772012357838,3204,3204,3204,3204,3204,3204,3204,3204,28.571430206298828,25,20,28.571430206298828,4.761904716491699,0,4.545454502105713,4.761904716491699,4.781909942626953,8589934592,2147483648,5844893696,391184384
209,1772012358047,3204,3204,3204,3204,3204,3204,3204,3204,20,14.285715103149414,13.636363983154297,20,5,14.285715103149414,0,5,4.781909942626953,8589934592,2147483648,5845532672,391184384
209,1772012358258,3204,3204,3204,3204,3204,3204,3204,3204,23.809524536132813,19.047618865966797,15.000000953674316,27.272727966308594,4.545454502105713,4.545454502105713,0,0,4.781909942626953,8589934592,2147483648,5847285760,391184384
200,1772012358468,3204,3204,3204,3204,3204,3204,3204,3204,28.571430206298828,33.333335876464844,19.047618865966797,19.047618865966797,14.285715103149414,10,4.761904716491699,9.090909004211426,4.718371868133545,8589934592,2147483648,5856673792,391184384
209,1772012358669,3204,3204,3204,3204,3204,3204,3204,3204,28.571430206298828,20,28.571430206298828,15.789472579956055,10,14.285715103149414,0,0,4.718371868133545,8589934592,2147483648,5845155840,391184384
206,1772012358879,3204,3204,3204,3204,3204,3204,3204,3204,28.571430206298828,15.000000953674316,20,14.285715103149414,0,0,0,0,4.718371868133545,8589934592,2147483648,5847695360,391184384
206,1772012359087,3204,3204,3204,3204,3204,3204,3204,3204,20,19.047618865966797,20,18.18181800842285,0,0,0,0,4.718371868133545,8589934592,2147483648,5844729856,391184384
209,1772012359294,3204,3204,3204,3204,3204,3204,3204,3204,19.047618865966797,19.047618865966797,31.81818199157715,20,4.545454502105713,0,0,4.761904716491699,4.718371868133545,8589934592,2147483648,5847236608,391184384
206,1772012359504,3204,3204,3204,3204,3204,3204,3204,3204,15.000000953674316,28.571430206298828,14.285715103149414,19.047618865966797,0,0,0,0,4.605876445770264,8589934592,2147483648,5844860928,391184384
209,1772012359711,3204,3204,3204,3204,3204,3204,3204,3204,23.809524536132813,28.571430206298828,19.047618865966797,15.000000953674316,0,4.545454502105713,0,0,4.605876445770264,8589934592,2147483648,5844860928,391184384
200,1772012359921,3204,3204,3204,3204,3204,3204,3204,3204,20,25,25,19.047618865966797,0,0,0,0,4.605876445770264,8589934592,2147483648,5844860928,391184384
209,1772012360123,3204,3204,3204,3204,3204,3204,3204,3204,23.809524536132813,20,15.000000953674316,14.285715103149414,10,5,9.523809432983398,5,4.605876445770264,8589934592,2147483648,5844860928,391184384
204,1772012360333,3204,3204,3204,3204,3204,3204,3204,3204,23.809524536132813,19.047618865966797,19.047618865966797,14.285715103149414,0,0,0,0,4.605876445770264,8589934592,2147483648,5847187456,391184384
201,1772012360538,3204,3204,3204,3204,3204,3204,3204,3204,35,33.333335876464844,20,20,9.523809432983398,0,0,0,4.628828525543213,8589934592,2147483648,5849399296,391184384
209,1772012360740,3204,3204,3204,3204,3204,3204,3204,3204,38.095237731933594,35,30.000001907348633,30.000001907348633,20,30.000001907348633,9.523809432983398,5,4.628828525543213,8589934592,2147483648,5849595904,391184384
203,1772012360950,3204,3204,3204,3204,3204,3204,3204,3204,20,23.809524536132813,18.18181800842285,14.285715103149414,0,4.545454502105713,0,0,4.628828525543213,8589934592,2147483648,5849595904,391184384
206,1772012361154,3204,3204,3204,3204,3204,3204,3204,3204,28.571430206298828,19.047618865966797,20,19.047618865966797,4.545454502105713,0,4.761904716491699,0,4.628828525543213,8589934592,2147483648,5849595904,391184384
207,1772012361361,3204,3204,3204,3204,3204,3204,3204,3204,23.809524536132813,26.3157901763916,19.047618865966797,20,0,0,0,4.545454502105713,4.628828525543213,8589934592,2147483648,5849694208,391184384
207,1772012361569,3204,3204,3204,3204,3204,3204,3204,3204,21.052631378173828,38.095237731933594,20,19.047618865966797,0,0,0,0,4.557063579559326,8589934592,2147483648,5848236032,391184384
207,1772012361777,3204,3204,3204,3204,3204,3204,3204,3204,54.54545593261719,38.095237731933594,38.095237731933594,40,0,0,0,0,4.557063579559326,8589934592,2147483648,5854658560,391184384
205,1772012361986,3204,3204,3204,3204,3204,3204,3204,3204,30.000001907348633,33.333335876464844,23.809524536132813,33.333335876464844,0,0,0,0,4.557063579559326,8589934592,2147483648,5854773248,391184384
208,1772012362192,3204,3204,3204,3204,3204,3204,3204,3204,25,25,28.571430206298828,19.047618865966797,4.761904716491699,4.761904716491699,4.761904716491699,0,4.557063579559326,8589934592,2147483648,5853052928,391184384
203,1772012362401,3204,3204,3204,3204,3204,3204,3204,3204,31.81818199157715,28.571430206298828,20,15.000000953674316,0,0,0,0,4.557063579559326,8589934592,2147483648,5855576064,391184384
209,1772012362604,3204,3204,3204,3204,3204,3204,3204,3204,20,25,20,14.285715103149414,0,0,0,0,4.842229843139648,8589934592,2147483648,5852479488,391184384
206,1772012362814,3204,3204,3204,3204,3204,3204,3204,3204,28.571430206298828,28.571430206298828,31.81818199157715,25,23.809524536132813,22.72727394104004,0,4.545454502105713,4.842229843139648,8589934592,2147483648,5852479488,391184384
209,1772012363021,3204,3204,3204,3204,3204,3204,3204,3204,30.000001907348633,25,20,19.047618865966797,14.285715103149414,19.047618865966797,10,0,4.842229843139648,8589934592,2147483648,5852479488,391184384
204,1772012363231,3204,3204,3204,3204,3204,3204,3204,3204,23.809524536132813,19.047618865966797,15.000000953674316,9.523809432983398,4.545454502105713,0,0,0,4.842229843139648,8589934592,2147483648,5852479488,391184384
207,1772012363436,3204,3204,3204,3204,3204,3204,3204,3204,25,23.809524536132813,23.809524536132813,19.047618865966797,0,0,0,0,4.842229843139648,8589934592,2147483648,5855215616,391184384
209,1772012363644,3204,3204,3204,3204,3204,3204,3204,3204,28.571430206298828,19.047618865966797,19.047618865966797,15.000000953674316,0,0,0,0,4.754092216491699,8589934592,2147483648,5852626944,391184384
199,1772012363854,3204,3204,3204,3204,3204,3204,3204,3204,19.047618865966797,19.047618865966797,19.047618865966797,28.571430206298828,0,0,0,0,4.754092216491699,8589934592,2147483648,5854494720,391184384
207,1772012364054,3204,3204,3204,3204,3204,3204,3204,3204,25,15.789472579956055,10.526315689086914,23.809524536132813,0,0,0,0,4.754092216491699,8589934592,2147483648,5852790784,391184384
207,1772012364263,3204,3204,3204,3204,3204,3204,3204,3204,23.809524536132813,14.285715103149414,19.047618865966797,15.000000953674316,0,5,4.761904716491699,4.545454502105713,4.754092216491699,8589934592,2147483648,5847629824,391184384
199,1772012364471,3204,3204,3204,3204,3204,3204,3204,3204,20,28.571430206298828,23.809524536132813,19.047618865966797,9.090909004211426,4.761904716491699,4.761904716491699,5,4.852533340454102,8589934592,2147483648,5851480064,391184384
201,1772012364671,3204,3204,3204,3204,3204,3204,3204,3204,20,25,15.000000953674316,21.052631378173828,0,0,0,0,4.852533340454102,8589934592,2147483648,5848612864,391184384
209,1772012364873,3204,3204,3204,3204,3204,3204,3204,3204,33.333335876464844,25,25,28.571430206298828,5,5,4.761904716491699,0,4.852533340454102,8589934592,2147483648,5860786176,391184384
205,1772012365083,3204,3204,3204,3204,3204,3204,3204,3204,26.3157901763916,20,19.047618865966797,19.047618865966797,23.809524536132813,22.72727394104004,4.761904716491699,4.761904716491699,4.852533340454102,8589934592,2147483648,5848842240,391184384
209,1772012365290,3204,3204,3204,3204,3204,3204,3204,3204,27.272727966308594,23.809524536132813,19.047618865966797,10,0,0,0,0,4.852533340454102,8589934592,2147483648,5848530944,391184384
204,1772012365500,3204,3204,3204,3204,3204,3204,3204,3204,25,28.571430206298828,19.047618865966797,14.285715103149414,4.545454502105713,4.761904716491699,4.761904716491699,0,4.501497268676758,8589934592,2147483648,5850808320,391184384
209,1772012365704,3204,3204,3204,3204,3204,3204,3204,3204,19.047618865966797,25,10,10,0,0,0,0,4.501497268676758,8589934592,2147483648,5849251840,391184384
204,1772012365914,3204,3204,3204,3204,3204,3204,3204,3204,25,28.571430206298828,23.809524536132813,18.18181800842285,0,0,0,0,4.501497268676758,8589934592,2147483648,5851447296,391184384
208,1772012366119,3204,3204,3204,3204,3204,3204,3204,3204,23.809524536132813,25,19.047618865966797,15.000000953674316,9.090909004211426,4.761904716491699,4.761904716491699,4.761904716491699,4.501497268676758,8589934592,2147483648,5848350720,391184384
207,1772012366328,3204,3204,3204,3204,3204,3204,3204,3204,23.809524536132813,27.272727966308594,15.000000953674316,19.047618865966797,0,0,0,0,4.501497268676758,8589934592,2147483648,5850906624,391184384
199,1772012366536,3204,3204,3204,3204,3204,3204,3204,3204,28.571430206298828,15.000000953674316,15.000000953674316,25,0,0,4.761904716491699,4.545454502105713,4.807622909545898,8589934592,2147483648,5849890816,391184384
200,1772012366737,3204,3204,3204,3204,3204,3204,3204,3204,20,15.000000953674316,20,20,5,5,0,0,4.807622909545898,8589934592,2147483648,5843795968,391184384
205,1772012366938,3204,3204,3204,3204,3204,3204,3204,3204,21.052631378173828,15.000000953674316,23.809524536132813,33.333335876464844,0,0,0,0,4.807622909545898,8589934592,2147483648,5846941696,391184384
207,1772012367144,3204,3204,3204,3204,3204,3204,3204,3204,33.333335876464844,30.000001907348633,25,25,25,33.333335876464844,5,4.761904716491699,4.807622909545898,8589934592,2147483648,5843599360,391184384
201,1772012367352,3204,3204,3204,3204,3204,3204,3204,3204,15.000000953674316,19.047618865966797,22.72727394104004,19.047618865966797,0,0,4.761904716491699,0,4.807622909545898,8589934592,2147483648,5846024192,391184384
206,1772012367554,3204,3204,3204,3204,3204,3204,3204,3204,28.571430206298828,20,11.111111640930176,20,0,0,0,0,4.450091361999512,8589934592,2147483648,5843828736,391184384
209,1772012367761,3204,3204,3204,3204,3204,3204,3204,3204,28.571430206298828,14.285715103149414,14.285715103149414,9.523809432983398,4.761904716491699,0,0,0,4.450091361999512,8589934592,2147483648,5844140032,391184384
209,1772012367971,3204,3204,3204,3204,3204,3204,3204,3204,25,28.571430206298828,19.047618865966797,20,5,9.090909004211426,4.761904716491699,0,4.450091361999512,8589934592,2147483648,5844140032,391184384
207,1772012368181,3204,3204,3204,3204,3204,3204,3204,3204,19.047618865966797,23.809524536132813,22.72727394104004,14.285715103149414,9.090909004211426,0,0,0,4.450091361999512,8589934592,2147483648,5844140032,391184384
209,1772012368389,3204,3204,3204,3204,3204,3204,3204,3204,23.809524536132813,30.000001907348633,20,19.047618865966797,0,0,0,0,4.450091361999512,8589934592,2147483648,5844140032,391184384
205,1772012368599,3204,3204,3204,3204,3204,3204,3204,3204,19.047618865966797,14.285715103149414,33.333335876464844,14.285715103149414,0,0,0,0,4.7615766525268555,8589934592,2147483648,5844221952,391184384
205,1772012368805,3204,3204,3204,3204,3204,3204,3204,3204,20,20,25,14.285715103149414,4.761904716491699,4.761904716491699,5,4.761904716491699,4.7615766525268555,8589934592,2147483648,5843664896,391184384
207,1772012369011,3204,3204,3204,3204,3204,3204,3204,3204,20,19.047618865966797,23.809524536132813,25,0,0,0,0,4.7615766525268555,8589934592,2147483648,5846794240,391184384
207,1772012369219,3204,3204,3204,3204,3204,3204,3204,3204,28.571430206298828,27.272727966308594,25,23.809524536132813,15.000000953674316,19.047618865966797,4.761904716491699,9.090909004211426,4.7615766525268555,8589934592,2147483648,5853790208,391184384
207,1772012369428,3204,3204,3204,3204,3204,3204,3204,3204,23.809524536132813,25,23.809524536132813,15.000000953674316,9.523809432983398,9.523809432983398,0,0,4.7615766525268555,8589934592,2147483648,5846138880,391184384
205,1772012369636,3204,3204,3204,3204,3204,3204,3204,3204,28.571430206298828,28.571430206298828,23.809524536132813,19.047618865966797,4.545454502105713,4.545454502105713,0,0,4.507306098937988,8589934592,2147483648,5843812352,391184384
202,1772012369842,3204,3204,3204,3204,3204,3204,3204,3204,25,10.526315689086914,19.047618865966797,14.285715103149414,0,0,0,0,4.507306098937988,8589934592,2147483648,5844549632,391184384
207,1772012370045,3204,3204,3204,3204,3204,3204,3204,3204,30.000001907348633,19.047618865966797,15.789472579956055,30.000001907348633,0,0,0,0,4.507306098937988,8589934592,2147483648,5843877888,391184384
207,1772012370253,3204,3204,3204,3204,3204,3204,3204,3204,28.571430206298828,15.000000953674316,18.18181800842285,14.285715103149414,4.761904716491699,4.761904716491699,5,4.545454502105713,4.507306098937988,8589934592,2147483648,5844680704,391184384
209,1772012370461,3204,3204,3204,3204,3204,3204,3204,3204,28.571430206298828,19.047618865966797,20,20,4.761904716491699,0,0,0,4.507306098937988,8589934592,2147483648,5844680704,391184384
208,1772012370671,3204,3204,3204,3204,3204,3204,3204,3204,19.047618865966797,27.272727966308594,19.047618865966797,10,0,4.545454502105713,4.545454502105713,0,4.728003025054932,8589934592,2147483648,5845794816,391184384
207,1772012370880,3204,3204,3204,3204,3204,3204,3204,3204,20,31.57894515991211,19.047618865966797,18.18181800842285,0,0,0,4.761904716491699,4.728003025054932,8589934592,2147483648,5845417984,391184384
203,1772012371088,3204,3204,3204,3204,3204,3204,3204,3204,33.333335876464844,22.72727394104004,14.285715103149414,10,4.545454502105713,4.761904716491699,4.545454502105713,0,4.728003025054932,8589934592,2147483648,5843271680,391184384
209,1772012371292,3204,3204,3204,3204,3204,3204,3204,3204,30.000001907348633,25,25,22.72727394104004,15.000000953674316,14.285715103149414,5,5,4.728003025054932,8589934592,2147483648,5853577216,391184384
203,1772012371502,3204,3204,3204,3204,3204,3204,3204,3204,23.809524536132813,23.809524536132813,23.809524536132813,15.000000953674316,23.809524536132813,15.000000953674316,0,4.761904716491699,4.50938606262207,8589934592,2147483648,5845811200,391184384
209,1772012371706,3204,3204,3204,3204,3204,3204,3204,3204,20,20,28.571430206298828,15.000000953674316,0,0,4.761904716491699,0,4.50938606262207,8589934592,2147483648,5843353600,391184384
201,1772012371917,3204,3204,3204,3204,3204,3204,3204,3204,31.81818199157715,23.809524536132813,23.809524536132813,14.285715103149414,4.545454502105713,4.545454502105713,0,0,4.50938606262207,8589934592,2147483648,5844369408,391184384
201,1772012372119,3204,3204,3204,3204,3204,3204,3204,3204,20,20,20,20,0,0,0,0,4.50938606262207,8589934592,2147483648,5843288064,391184384
205,1772012372321,3204,3204,3204,3204,3204,3204,3204,3204,31.57894515991211,35,21.052631378173828,28.571430206298828,0,0,0,4.761904716491699,4.50938606262207,8589934592,2147483648,5843632128,391184384
199,1772012372527,3204,3204,3204,3204,3204,3204,3204,3204,33.333335876464844,20,28.571430206298828,15.000000953674316,4.761904716491699,4.761904716491699,4.761904716491699,0,4.700246334075928,8589934592,2147483648,5846188032,391184384
209,1772012372728,3204,3204,3204,3204,3204,3204,3204,3204,21.052631378173828,19.047618865966797,30.000001907348633,15.000000953674316,0,0,0,4.761904716491699,4.700246334075928,8589934592,2147483648,5844500480,391184384
209,1772012372937,3204,3204,3204,3204,3204,3204,3204,3204,31.81818199157715,23.809524536132813,23.809524536132813,14.285715103149414,4.761904716491699,8.69565200805664,0,0,4.700246334075928,8589934592,2147483648,5846220800,391184384
203,1772012373148,3204,3204,3204,3204,3204,3204,3204,3204,20,14.285715103149414,19.047618865966797,14.285715103149414,4.545454502105713,5.263157844543457,13.043478012084961,0,4.700246334075928,8589934592,2147483648,5846220800,391184384
205,1772012373353,3204,3204,3204,3204,3204,3204,3204,3204,28.571430206298828,25,25,19.047618865966797,0,4.761904716491699,0,0,4.700246334075928,8589934592,2147483648,5846220800,391184384
209,1772012373559,3204,3204,3204,3204,3204,3204,3204,3204,35,23.809524536132813,25,25,28.571430206298828,20,10,0,4.730026721954346,8589934592,2147483648,5846220800,391184384
209,1772012373769,3204,3204,3204,3204,3204,3204,3204,3204,19.047618865966797,20,19.047618865966797,9.523809432983398,0,4.545454502105713,0,0,4.730026721954346,8589934592,2147483648,5844566016,391184384
206,1772012373979,3204,3204,3204,3204,3204,3204,3204,3204,28.571430206298828,28.571430206298828,23.809524536132813,23.809524536132813,4.545454502105713,0,0,4.545454502105713,4.730026721954346,8589934592,2147483648,5846351872,391184384
207,1772012374186,3204,3204,3204,3204,3204,3204,3204,3204,23.809524536132813,30.000001907348633,15.000000953674316,14.285715103149414,0,0,4.545454502105713,0,4.730026721954346,8589934592,2147483648,5844140032,391184384
207,1772012374395,3204,3204,3204,3204,3204,3204,3204,3204,25,18.18181800842285,14.285715103149414,10,0,4.545454502105713,0,0,4.730026721954346,8589934592,2147483648,5845057536,391184384
206,1772012374603,3204,3204,3204,3204,3204,3204,3204,3204,27.272727966308594,35,28.571430206298828,19.047618865966797,0,0,0,0,4.858452320098877,8589934592,2147483648,5845041152,391184384
209,1772012374810,3204,3204,3204,3204,3204,3204,3204,3204,15.000000953674316,25,23.809524536132813,19.047618865966797,0,0,0,0,4.858452320098877,8589934592,2147483648,5844303872,391184384
209,1772012375020,3204,3204,3204,3204,3204,3204,3204,3204,19.047618865966797,27.272727966308594,18.18181800842285,15.000000953674316,0,0,0,0,4.858452320098877,8589934592,2147483648,5847465984,391184384
207,1772012375230,3204,3204,3204,3204,3204,3204,3204,3204,15.000000953674316,15.000000953674316,10,18.18181800842285,9.523809432983398,9.523809432983398,4.761904716491699,4.761904716491699,4.858452320098877,8589934592,2147483648,5845237760,391184384
205,1772012375438,3204,3204,3204,3204,3204,3204,3204,3204,23.809524536132813,28.571430206298828,23.809524536132813,10,4.761904716491699,0,0,0,4.858452320098877,8589934592,2147483648,5844615168,391184384
207,1772012375644,3204,3204,3204,3204,3204,3204,3204,3204,30.000001907348633,28.571430206298828,20,23.809524536132813,28.571430206298828,14.285715103149414,9.523809432983398,0,4.635066509246826,8589934592,2147483648,5853249536,391184384
208,1772012375852,3204,3204,3204,3204,3204,3204,3204,3204,19.047618865966797,30.000001907348633,23.809524536132813,10,5,5,0,0,4.635066509246826,8589934592,2147483648,5844664320,391184384
207,1772012376061,3204,3204,3204,3204,3204,3204,3204,3204,19.047618865966797,28.571430206298828,20,19.047618865966797,4.545454502105713,0,0,4.545454502105713,4.635066509246826,8589934592,2147483648,5847302144,391184384
201,1772012376269,3204,3204,3204,3204,3204,3204,3204,3204,20,19.047618865966797,23.809524536132813,19.047618865966797,0,4.545454502105713,0,0,4.635066509246826,8589934592,2147483648,5845647360,391184384
205,1772012376471,3204,3204,3204,3204,3204,3204,3204,3204,33.333335876464844,20,20,19.047618865966797,0,0,5,0,4.485641002655029,8589934592,2147483648,5847384064,391184384
208,1772012376677,3204,3204,3204,3204,3204,3204,3204,3204,20,30.000001907348633,19.047618865966797,10.526315689086914,4.761904716491699,4.761904716491699,0,4.545454502105713,4.485641002655029,8589934592,2147483648,5845155840,391184384
207,1772012376886,3204,3204,3204,3204,3204,3204,3204,3204,19.047618865966797,28.571430206298828,14.285715103149414,13.636363983154297,0,0,0,0,4.485641002655029,8589934592,2147483648,5845598208,391184384
207,1772012377094,3204,3204,3204,3204,3204,3204,3204,3204,25,19.047618865966797,19.047618865966797,25,5,4.761904716491699,4.761904716491699,0,4.485641002655029,8589934592,2147483648,5844926464,391184384
206,1772012377302,3204,3204,3204,3204,3204,3204,3204,3204,23.809524536132813,15.000000953674316,15.000000953674316,19.047618865966797,0,0,0,0,4.485641002655029,8589934592,2147483648,5845483520,391184384
5,1772012377509,3204,3204,3204,3204,3204,3204,3204,3204,23.809524536132813,23.809524536132813,28.571430206298828,15.000000953674316,0,0,0,0,4.837666034698486,8589934592,2147483648,5847105536,391184384
