Delta,Time,CPU_FREQUENCY_0,CPU_FREQUENCY_1,CPU_FREQUENCY_2,CPU_FREQUENCY_3,CPU_FREQUENCY_4,CPU_FREQUENCY_5,CPU_FREQUENCY_6,CPU_FREQUENCY_7,CPU_USAGE_0,CPU_USAGE_1,CPU_USAGE_2,CPU_USAGE_3,CPU_USAGE_4,CPU_USAGE_5,CPU_USAGE_6,CPU_USAGE_7,SYSTEM_POWER (Watts),TOTAL_MEMORY,TOTAL_SWAP,USED_MEMORY,USED_SWAP
0,1772017085375,3204,3204,3204,3204,3204,3204,3204,3204,0,0,0,0,0,0,0,0,5.167271137237549,8589934592,2147483648,5967282176,366018560
204,1772017085376,3204,3204,3204,3204,3204,3204,3204,3204,0,0,0,NaN,0,0,NaN,0,5.167271137237549,8589934592,2147483648,5967659008,366018560
204,1772017085581,3204,3204,3204,3204,3204,3204,3204,3204,35,25,25,33.333335876464844,0,9.523809432983398,0,0,5.167271137237549,8589934592,2147483648,5965299712,366018560
204,1772017085786,3204,3204,3204,3204,3204,3204,3204,3204,28.571430206298828,25,20,23.809524536132813,4.761904716491699,0,0,0,5.167271137237549,8589934592,2147483648,5965299712,366018560
204,1772017085991,3204,3204,3204,3204,3204,3204,3204,3204,85,86.36363983154297,80.95238494873047,85,33.333335876464844,25,31.81818199157715,25,5.167271137237549,8589934592,2147483648,5982109696,366018560
202,1772017086196,3204,3204,3204,3204,3204,3204,3204,3204,42.85714340209961,35,33.333335876464844,26.3157901763916,31.57894515991211,33.333335876464844,20,27.272727966308594,5.167271137237549,8589934592,2147483648,5994528768,366018560
202,1772017086398,3204,3204,3204,3204,3204,3204,3204,3204,42.105262756347656,57.894737243652344,45,38.095237731933594,14.285715103149414,5,0,0,5.441410064697266,8589934592,2147483648,5999869952,366018560
202,1772017086602,3204,3204,3204,3204,3204,3204,3204,3204,55,42.85714340209961,40,30.000001907348633,5,0,0,0,5.441410064697266,8589934592,2147483648,5991612416,366018560
203,1772017086805,3204,3204,3204,3204,3204,3204,3204,3204,38.095237731933594,40,26.3157901763916,23.809524536132813,9.523809432983398,5,4.761904716491699,4.761904716491699,5.441410064697266,8589934592,2147483648,6001278976,366018560
207,1772017087009,3204,3204,3204,3204,3204,3204,3204,3204,52.6315803527832,40,38.095237731933594,30.000001907348633,0,0,0,0,5.441410064697266,8589934592,2147483648,6002999296,366018560
209,1772017087216,3204,3204,3204,3204,3204,3204,3204,3204,68.18181610107422,47.619049072265625,50,45,10,14.285715103149414,0,0,5.441410064697266,8589934592,2147483648,5993840640,366018560
207,1772017087426,3204,3204,3204,3204,3204,3204,3204,3204,38.095237731933594,42.85714340209961,40.90909194946289,33.333335876464844,0,9.090909004211426,4.761904716491699,4.761904716491699,6.879568576812744,8589934592,2147483648,5989826560,366018560
207,1772017087634,3204,3204,3204,3204,3204,3204,3204,3204,73.68421173095703,61.904762268066406,60.000003814697266,59.09090805053711,35,4.761904716491699,0,0,6.879568576812744,8589934592,2147483648,5989662720,366018560
202,1772017087842,3204,3204,3204,3204,3204,3204,3204,3204,80.95238494873047,75,71.42857360839844,65,18.18181800842285,5,9.090909004211426,4.761904716491699,6.879568576812744,8589934592,2147483648,5988237312,366018560
209,1772017088046,3204,3204,3204,3204,3204,3204,3204,3204,71.42857360839844,70,65,60.000003814697266,10,10,9.523809432983398,5,6.879568576812744,8589934592,2147483648,5976506368,366018560
209,1772017088255,3204,3204,3204,3204,3204,3204,3204,3204,71.42857360839844,76.19047546386719,71.42857360839844,76.19047546386719,13.636363983154297,9.523809432983398,5,18.18181800842285,6.210699081420898,8589934592,2147483648,5979963392,366018560
206,1772017088465,3204,3204,3204,3204,3204,3204,3204,3204,66.66667175292969,61.904762268066406,77.2727279663086,66.66667175292969,0,4.545454502105713,0,0,6.210699081420898,8589934592,2147483648,5968789504,366018560
207,1772017088672,3204,3204,3204,3204,3204,3204,3204,3204,65,65,55,57.142860412597656,10,4.761904716491699,4.761904716491699,4.761904716491699,6.210699081420898,8589934592,2147483648,5968248832,366018560
209,1772017088881,3204,3204,3204,3204,3204,3204,3204,3204,72.7272720336914,72.7272720336914,66.66667175292969,61.904762268066406,40.90909194946289,5,4.761904716491699,0,6.210699081420898,8589934592,2147483648,5959401472,366018560
203,1772017089091,3204,3204,3204,3204,3204,3204,3204,3204,65,71.42857360839844,57.142860412597656,57.142860412597656,10,4.761904716491699,0,4.545454502105713,6.210699081420898,8589934592,2147483648,5962792960,366018560
207,1772017089295,3204,3204,3204,3204,3204,3204,3204,3204,45,55,66.66667175292969,40,5,9.523809432983398,10,5,6.814655303955078,8589934592,2147483648,5950881792,366018560
207,1772017089503,3204,3204,3204,3204,3204,3204,3204,3204,71.42857360839844,85,75,76.19047546386719,9.090909004211426,5,4.545454502105713,0,6.814655303955078,8589934592,2147483648,5950881792,366018560
209,1772017089711,3204,3204,3204,3204,3204,3204,3204,3204,57.142860412597656,66.66667175292969,70,55,25,20,9.523809432983398,5,6.814655303955078,8589934592,2147483648,5950881792,366018560
206,1772017089921,3204,3204,3204,3204,3204,3204,3204,3204,47.619049072265625,59.09090805053711,61.904762268066406,42.85714340209961,23.809524536132813,45.45454788208008,4.761904716491699,13.636363983154297,6.814655303955078,8589934592,2147483648,5950881792,366018560
200,1772017090127,3204,3204,3204,3204,3204,3204,3204,3204,42.85714340209961,55,40,28.571430206298828,28.571430206298828,28.571430206298828,14.285715103149414,5,6.814655303955078,8589934592,2147483648,5956435968,366018560
204,1772017090328,3204,3204,3204,3204,3204,3204,3204,3204,36.842105865478516,42.105262756347656,38.095237731933594,21.052631378173828,5,5,5,5,6.684245586395264,8589934592,2147483648,5946081280,366018560
208,1772017090533,3204,3204,3204,3204,3204,3204,3204,3204,50,55,70,45,5,5,0,4.761904716491699,6.684245586395264,8589934592,2147483648,5947097088,366018560
209,1772017090742,3204,3204,3204,3204,3204,3204,3204,3204,61.904762268066406,59.09090805053711,55,59.09090805053711,5,4.761904716491699,5,0,6.684245586395264,8589934592,2147483648,5947260928,366018560
208,1772017090952,3204,3204,3204,3204,3204,3204,3204,3204,45.45454788208008,50,54.54545593261719,42.85714340209961,50,9.523809432983398,40.90909194946289,14.285715103149414,6.684245586395264,8589934592,2147483648,5941952512,366018560
206,1772017091160,3204,3204,3204,3204,3204,3204,3204,3204,70,55,57.142860412597656,61.904762268066406,14.285715103149414,15.000000953674316,5,0,6.684245586395264,8589934592,2147483648,5938872320,366018560
209,1772017091367,3204,3204,3204,3204,3204,3204,3204,3204,71.42857360839844,61.904762268066406,61.904762268066406,60.000003814697266,0,4.761904716491699,0,4.761904716491699,7.630093097686768,8589934592,2147483648,5938626560,366018560
206,1772017091577,3204,3204,3204,3204,3204,3204,3204,3204,75,70,60.000003814697266,60.000003814697266,4.761904716491699,4.545454502105713,4.761904716491699,0,7.630093097686768,8589934592,2147483648,5942640640,366018560
207,1772017091784,3204,3204,3204,3204,3204,3204,3204,3204,85,80,75,77.2727279663086,23.809524536132813,0,0,0,7.630093097686768,8589934592,2147483648,5937692672,366018560
209,1772017091992,3204,3204,3204,3204,3204,3204,3204,3204,71.42857360839844,66.66667175292969,55,47.619049072265625,33.333335876464844,23.809524536132813,9.523809432983398,4.761904716491699,7.630093097686768,8589934592,2147483648,5946933248,366018560
208,1772017092202,3204,3204,3204,3204,3204,3204,3204,3204,71.42857360839844,65,61.904762268066406,52.6315803527832,25,23.809524536132813,9.523809432983398,14.285715103149414,7.630093097686768,8589934592,2147483648,5940445184,366018560
209,1772017092411,3204,3204,3204,3204,3204,3204,3204,3204,65,61.904762268066406,61.904762268066406,63.6363639831543,4.761904716491699,0,9.523809432983398,4.761904716491699,6.955674171447754,8589934592,2147483648,5936431104,366018560
206,1772017092621,3204,3204,3204,3204,3204,3204,3204,3204,80,65,57.142860412597656,66.66667175292969,0,4.761904716491699,0,0,6.955674171447754,8589934592,2147483648,5936431104,366018560
203,1772017092828,3204,3204,3204,3204,3204,3204,3204,3204,70,71.42857360839844,66.66667175292969,60.000003814697266,8.69565200805664,0,4.545454502105713,4.761904716491699,6.955674171447754,8589934592,2147483648,5936431104,366018560
202,1772017093032,3204,3204,3204,3204,3204,3204,3204,3204,71.42857360839844,71.42857360839844,70,66.66667175292969,5.263157844543457,9.090909004211426,0,0,6.955674171447754,8589934592,2147483648,5936431104,366018560
204,1772017093234,3204,3204,3204,3204,3204,3204,3204,3204,70,68.42105102539063,57.894737243652344,44.4444465637207,5,5,0,4.761904716491699,6.955674171447754,8589934592,2147483648,5910462464,366018560
209,1772017093439,3204,3204,3204,3204,3204,3204,3204,3204,45,42.85714340209961,28.571430206298828,31.81818199157715,23.809524536132813,5,5,0,8.002100944519043,8589934592,2147483648,5920358400,366018560
204,1772017093649,3204,3204,3204,3204,3204,3204,3204,3204,40,35,33.333335876464844,28.571430206298828,30.000001907348633,0,0,0,8.002100944519043,8589934592,2147483648,5934415872,366018560
203,1772017093854,3204,3204,3204,3204,3204,3204,3204,3204,54.54545593261719,45,47.619049072265625,35,4.761904716491699,5,9.090909004211426,5,8.002100944519043,8589934592,2147483648,5935775744,366018560
209,1772017094058,3204,3204,3204,3204,3204,3204,3204,3204,63.15789031982422,65,60.000003814697266,50,57.142860412597656,0,0,0,8.002100944519043,8589934592,2147483648,5946654720,366018560
205,1772017094268,3204,3204,3204,3204,3204,3204,3204,3204,65,63.6363639831543,55,61.904762268066406,5,23.809524536132813,0,20,6.909571647644043,8589934592,2147483648,5953388544,366018560
205,1772017094474,3204,3204,3204,3204,3204,3204,3204,3204,80.95238494873047,70,66.66667175292969,60.000003814697266,14.285715103149414,9.523809432983398,4.761904716491699,0,6.909571647644043,8589934592,2147483648,5949915136,366018560
209,1772017094680,3204,3204,3204,3204,3204,3204,3204,3204,65,57.142860412597656,71.42857360839844,55,14.285715103149414,5,5,9.523809432983398,6.909571647644043,8589934592,2147483648,5953110016,366018560
209,1772017094890,3204,3204,3204,3204,3204,3204,3204,3204,54.54545593261719,50,50,54.54545593261719,4.761904716491699,9.090909004211426,4.761904716491699,4.761904716491699,6.909571647644043,8589934592,2147483648,5951504384,366018560
209,1772017095100,3204,3204,3204,3204,3204,3204,3204,3204,47.36842346191406,55,63.6363639831543,55,30.000001907348633,5,4.761904716491699,4.761904716491699,6.909571647644043,8589934592,2147483648,5952012288,366018560
199,1772017095311,3204,3204,3204,3204,3204,3204,3204,3204,47.619049072265625,50,60.000003814697266,45.45454788208008,19.047618865966797,22.72727394104004,0,0,7.563557147979736,8589934592,2147483648,5941673984,366018560
199,1772017095511,3204,3204,3204,3204,3204,3204,3204,3204,61.904762268066406,50,45,36.842105865478516,0,0,5,5,7.563557147979736,8589934592,2147483648,5937922048,366018560
201,1772017095711,3204,3204,3204,3204,3204,3204,3204,3204,60.000003814697266,55,60.000003814697266,55,5,4.761904716491699,0,0,7.563557147979736,8589934592,2147483648,5943656448,366018560
202,1772017095912,3204,3204,3204,3204,3204,3204,3204,3204,52.6315803527832,47.36842346191406,65,38.095237731933594,5,5,5,5,7.563557147979736,8589934592,2147483648,5939707904,366018560
203,1772017096115,3204,3204,3204,3204,3204,3204,3204,3204,66.66667175292969,55,40,45,5,5,0,0,7.563557147979736,8589934592,2147483648,5931859968,366018560
207,1772017096319,3204,3204,3204,3204,3204,3204,3204,3204,45,61.904762268066406,42.85714340209961,35,5,4.761904716491699,4.761904716491699,4.761904716491699,7.915589332580566,8589934592,2147483648,5935153152,366018560
202,1772017096528,3204,3204,3204,3204,3204,3204,3204,3204,47.619049072265625,52.38095474243164,45,42.85714340209961,0,0,0,0,7.915589332580566,8589934592,2147483648,5935120384,366018560
202,1772017096731,3204,3204,3204,3204,3204,3204,3204,3204,50,55,40,50,5,5,0,0,7.915589332580566,8589934592,2147483648,5938970624,366018560
209,1772017096933,3204,3204,3204,3204,3204,3204,3204,3204,60.000003814697266,50,35,42.85714340209961,4.761904716491699,0,4.761904716491699,4.761904716491699,7.915589332580566,8589934592,2147483648,5934202880,366018560
209,1772017097143,3204,3204,3204,3204,3204,3204,3204,3204,55,52.38095474243164,54.54545593261719,40,9.090909004211426,5,4.761904716491699,0,7.915589332580566,8589934592,2147483648,5934202880,366018560
209,1772017097353,3204,3204,3204,3204,3204,3204,3204,3204,54.54545593261719,38.095237731933594,35,35,15.000000953674316,22.72727394104004,4.761904716491699,4.761904716491699,6.867140769958496,8589934592,2147483648,5925371904,366018560
204,1772017097563,3204,3204,3204,3204,3204,3204,3204,3204,57.142860412597656,38.095237731933594,40.90909194946289,47.619049072265625,0,0,0,0,6.867140769958496,8589934592,2147483648,5926944768,366018560
209,1772017097768,3204,3204,3204,3204,3204,3204,3204,3204,40,47.619049072265625,52.6315803527832,47.619049072265625,0,0,0,0,6.867140769958496,8589934592,2147483648,5926944768,366018560
200,1772017097978,3204,3204,3204,3204,3204,3204,3204,3204,42.85714340209961,52.38095474243164,45.45454788208008,36.3636360168457,0,4.545454502105713,4.761904716491699,0,6.867140769958496,8589934592,2147483648,5926944768,366018560
209,1772017098179,3204,3204,3204,3204,3204,3204,3204,3204,55,47.36842346191406,45,42.105262756347656,4.761904716491699,0,0,0,6.867140769958496,8589934592,2147483648,5926944768,366018560
200,1772017098389,3204,3204,3204,3204,3204,3204,3204,3204,57.142860412597656,38.095237731933594,30.000001907348633,33.333335876464844,5,4.545454502105713,0,0,6.016915321350098,8589934592,2147483648,5924945920,366018560
204,1772017098589,3204,3204,3204,3204,3204,3204,3204,3204,50,45,28.571430206298828,47.36842346191406,9.523809432983398,0,0,5,6.016915321350098,8589934592,2147483648,5925797888,366018560
209,1772017098794,3204,3204,3204,3204,3204,3204,3204,3204,57.142860412597656,50,47.619049072265625,45.45454788208008,0,0,4.545454502105713,0,6.016915321350098,8589934592,2147483648,5925797888,366018560
207,1772017099004,3204,3204,3204,3204,3204,3204,3204,3204,50,38.095237731933594,40,35,4.761904716491699,9.090909004211426,0,4.761904716491699,6.016915321350098,8589934592,2147483648,5925797888,366018560
204,1772017099213,3204,3204,3204,3204,3204,3204,3204,3204,42.85714340209961,59.09090805053711,47.619049072265625,28.571430206298828,9.523809432983398,14.285715103149414,4.761904716491699,4.761904716491699,6.016915321350098,8589934592,2147483648,5925797888,366018560
201,1772017099418,3204,3204,3204,3204,3204,3204,3204,3204,55,40,30.000001907348633,42.85714340209961,25,10,5,9.523809432983398,5.906005859375,8589934592,2147483648,5922553856,366018560
208,1772017099619,3204,3204,3204,3204,3204,3204,3204,3204,50,40,52.6315803527832,35,5,0,5,5,5.906005859375,8589934592,2147483648,5921259520,366018560
209,1772017099829,3204,3204,3204,3204,3204,3204,3204,3204,31.81818199157715,25,27.272727966308594,28.571430206298828,19.047618865966797,19.047618865966797,13.636363983154297,5,5.906005859375,8589934592,2147483648,5923651584,366018560
205,1772017100039,3204,3204,3204,3204,3204,3204,3204,3204,38.095237731933594,28.571430206298828,25,19.047618865966797,14.285715103149414,10,4.761904716491699,4.761904716491699,5.906005859375,8589934592,2147483648,5921390592,366018560
202,1772017100245,3204,3204,3204,3204,3204,3204,3204,3204,26.3157901763916,30.000001907348633,19.047618865966797,21.052631378173828,0,4.545454502105713,0,0,5.906005859375,8589934592,2147483648,5926535168,366018560
209,1772017100448,3204,3204,3204,3204,3204,3204,3204,3204,25,20,19.047618865966797,28.571430206298828,4.761904716491699,0,0,0,6.113675594329834,8589934592,2147483648,5920882688,366018560
201,1772017100658,3204,3204,3204,3204,3204,3204,3204,3204,23.809524536132813,23.809524536132813,20,19.047618865966797,0,0,4.545454502105713,4.545454502105713,6.113675594329834,8589934592,2147483648,5920178176,366018560
202,1772017100860,3204,3204,3204,3204,3204,3204,3204,3204,30.000001907348633,25,20,20,10,14.285715103149414,5,5,6.113675594329834,8589934592,2147483648,5920178176,366018560
209,1772017101063,3204,3204,3204,3204,3204,3204,3204,3204,23.809524536132813,14.285715103149414,14.285715103149414,10,14.285715103149414,5.263157844543457,0,0,6.113675594329834,8589934592,2147483648,5918425088,366018560
203,1772017101273,3204,3204,3204,3204,3204,3204,3204,3204,28.571430206298828,42.85714340209961,20,18.18181800842285,5,4.761904716491699,4.761904716491699,4.761904716491699,6.134713649749756,8589934592,2147483648,5924323328,366018560
209,1772017101478,3204,3204,3204,3204,3204,3204,3204,3204,20,28.571430206298828,19.047618865966797,10,19.047618865966797,20,9.523809432983398,5,6.134713649749756,8589934592,2147483648,5916672000,366018560
204,1772017101688,3204,3204,3204,3204,3204,3204,3204,3204,42.85714340209961,42.85714340209961,38.095237731933594,35,4.761904716491699,4.545454502105713,0,4.545454502105713,6.134713649749756,8589934592,2147483648,5904842752,366018560
206,1772017101893,3204,3204,3204,3204,3204,3204,3204,3204,50,50,50,52.38095474243164,35,35,36.3636360168457,33.333335876464844,6.134713649749756,8589934592,2147483648,5819613184,366018560
202,1772017102100,3204,3204,3204,3204,3204,3204,3204,3204,14.285715103149414,19.047618865966797,5,10,10,4.761904716491699,5,5,6.134713649749756,8589934592,2147483648,5812699136,366018560
207,1772017102303,3204,3204,3204,3204,3204,3204,3204,3204,50,50,47.619049072265625,47.619049072265625,14.285715103149414,25,9.523809432983398,5,5.242361068725586,8589934592,2147483648,5817843712,366018560
200,1772017102511,3204,3204,3204,3204,3204,3204,3204,3204,80,80,75,76.19047546386719,33.333335876464844,28.571430206298828,28.571430206298828,23.809524536132813,5.242361068725586,8589934592,2147483648,5832671232,366018560
209,1772017102712,3204,3204,3204,3204,3204,3204,3204,3204,57.142860412597656,55,76.19047546386719,47.36842346191406,15.000000953674316,10,5,9.523809432983398,5.242361068725586,8589934592,2147483648,5836898304,366018560
205,1772017102922,3204,3204,3204,3204,3204,3204,3204,3204,23.809524536132813,33.333335876464844,23.809524536132813,23.809524536132813,4.761904716491699,4.761904716491699,0,4.761904716491699,5.242361068725586,8589934592,2147483648,5841797120,366018560
205,1772017103128,3204,3204,3204,3204,3204,3204,3204,3204,35,28.571430206298828,20,38.095237731933594,0,0,4.761904716491699,0,5.242361068725586,8589934592,2147483648,5841846272,366018560
206,1772017103334,3204,3204,3204,3204,3204,3204,3204,3204,30.000001907348633,45,28.571430206298828,23.809524536132813,9.523809432983398,9.523809432983398,0,5,6.270172595977783,8589934592,2147483648,5845155840,366018560
208,1772017103540,3204,3204,3204,3204,3204,3204,3204,3204,47.619049072265625,42.85714340209961,25,42.85714340209961,23.809524536132813,5,61.904762268066406,4.545454502105713,6.270172595977783,8589934592,2147483648,5848825856,366018560
209,1772017103749,3204,3204,3204,3204,3204,3204,3204,3204,28.571430206298828,25,23.809524536132813,20,33.333335876464844,57.142860412597656,19.047618865966797,0,6.270172595977783,8589934592,2147483648,5849874432,366018560
207,1772017103959,3204,3204,3204,3204,3204,3204,3204,3204,25,23.809524536132813,19.047618865966797,19.047618865966797,4.761904716491699,47.619049072265625,0,4.545454502105713,6.270172595977783,8589934592,2147483648,5850562560,366018560
200,1772017104167,3204,3204,3204,3204,3204,3204,3204,3204,28.571430206298828,28.571430206298828,20,15.000000953674316,38.095237731933594,38.095237731933594,63.6363639831543,26.3157901763916,6.270172595977783,8589934592,2147483648,5860474880,366018560
209,1772017104368,3204,3204,3204,3204,3204,3204,3204,3204,25,21.052631378173828,19.047618865966797,19.047618865966797,10,85.71428680419922,15.000000953674316,4.761904716491699,6.964598655700684,8589934592,2147483648,5866995712,366018560
205,1772017104578,3204,3204,3204,3204,3204,3204,3204,3204,23.809524536132813,27.272727966308594,19.047618865966797,15.000000953674316,0,55,5,27.272727966308594,6.964598655700684,8589934592,2147483648,5867700224,366018560
200,1772017104784,3204,3204,3204,3204,3204,3204,3204,3204,25,28.571430206298828,20,15.000000953674316,20,10,23.809524536132813,50,6.964598655700684,8589934592,2147483648,5870780416,366018560
208,1772017104985,3204,3204,3204,3204,3204,3204,3204,3204,33.333335876464844,26.3157901763916,20,28.571430206298828,20,4.761904716491699,80.95238494873047,0,6.964598655700684,8589934592,2147483648,5869240320,366018560
209,1772017105194,3204,3204,3204,3204,3204,3204,3204,3204,28.571430206298828,19.047618865966797,19.047618865966797,14.285715103149414,80.95238494873047,14.285715103149414,0,0,6.964598655700684,8589934592,2147483648,5871239168,366018560
204,1772017105404,3204,3204,3204,3204,3204,3204,3204,3204,20,23.809524536132813,20,25,80,40,0,4.761904716491699,9.941970825195313,8589934592,2147483648,5878841344,366018560
201,1772017105609,3204,3204,3204,3204,3204,3204,3204,3204,20,25,15.000000953674316,28.571430206298828,27.272727966308594,47.619049072265625,0,0,9.941970825195313,8589934592,2147483648,5875548160,366018560
201,1772017105811,3204,3204,3204,3204,3204,3204,3204,3204,28.571430206298828,25,25,20,68.42105102539063,20,20,0,9.941970825195313,8589934592,2147483648,5877153792,366018560
205,1772017106013,3204,3204,3204,3204,3204,3204,3204,3204,30.000001907348633,19.047618865966797,20,15.000000953674316,35,10,61.904762268066406,0,9.941970825195313,8589934592,2147483648,5876858880,366018560
208,1772017106219,3204,3204,3204,3204,3204,3204,3204,3204,35,21.052631378173828,19.047618865966797,15.000000953674316,54.54545593261719,57.142860412597656,0,4.545454502105713,9.941970825195313,8589934592,2147483648,5876613120,366018560
209,1772017106428,3204,3204,3204,3204,3204,3204,3204,3204,23.809524536132813,31.81818199157715,27.272727966308594,19.047618865966797,55,15.000000953674316,4.545454502105713,26.3157901763916,10.81888198852539,8589934592,2147483648,5871730688,366018560
206,1772017106637,3204,3204,3204,3204,3204,3204,3204,3204,26.3157901763916,35,20,19.047618865966797,66.66667175292969,31.81818199157715,0,4.545454502105713,10.81888198852539,8589934592,2147483648,5873942528,366018560
200,1772017106844,3204,3204,3204,3204,3204,3204,3204,3204,27.272727966308594,25,23.809524536132813,19.047618865966797,9.523809432983398,30.000001907348633,0,0,10.81888198852539,8589934592,2147483648,5872631808,366018560
208,1772017107045,3204,3204,3204,3204,3204,3204,3204,3204,25,28.571430206298828,20,15.000000953674316,10,90.47618865966797,0,0,10.81888198852539,8589934592,2147483648,5872844800,366018560
209,1772017107254,3204,3204,3204,3204,3204,3204,3204,3204,35,23.809524536132813,20,19.047618865966797,50,47.619049072265625,23.809524536132813,13.636363983154297,10.873581886291504,8589934592,2147483648,5876662272,366018560
203,1772017107464,3204,3204,3204,3204,3204,3204,3204,3204,27.272727966308594,28.571430206298828,23.809524536132813,23.809524536132813,4.545454502105713,23.809524536132813,25,35,10.873581886291504,8589934592,2147483648,5876662272,366018560
209,1772017107668,3204,3204,3204,3204,3204,3204,3204,3204,25,30.000001907348633,23.809524536132813,20,73.68421173095703,20,9.523809432983398,0,10.873581886291504,8589934592,2147483648,5881430016,366018560
209,1772017107877,3204,3204,3204,3204,3204,3204,3204,3204,25,19.047618865966797,25,15.000000953674316,38.095237731933594,40.90909194946289,9.523809432983398,4.761904716491699,10.873581886291504,8589934592,2147483648,5889343488,366018560
209,1772017108088,3204,3204,3204,3204,3204,3204,3204,3204,19.047618865966797,20,19.047618865966797,22.72727394104004,52.38095474243164,10,19.047618865966797,0,10.873581886291504,8589934592,2147483648,5876957184,366018560
206,1772017108298,3204,3204,3204,3204,3204,3204,3204,3204,19.047618865966797,23.809524536132813,19.047618865966797,20,27.272727966308594,23.809524536132813,0,57.142860412597656,10.484665870666504,8589934592,2147483648,5878005760,366018560
209,1772017108504,3204,3204,3204,3204,3204,3204,3204,3204,28.571430206298828,28.571430206298828,19.047618865966797,19.047618865966797,30.000001907348633,30.000001907348633,4.761904716491699,4.761904716491699,10.484665870666504,8589934592,2147483648,5878906880,366018560
201,1772017108714,3204,3204,3204,3204,3204,3204,3204,3204,20,15.000000953674316,14.285715103149414,14.285715103149414,9.090909004211426,9.523809432983398,76.19047546386719,0,10.484665870666504,8589934592,2147483648,5879169024,366018560
204,1772017108916,3204,3204,3204,3204,3204,3204,3204,3204,33.333335876464844,23.809524536132813,25,15.000000953674316,0,0,50,28.571430206298828,10.484665870666504,8589934592,2147483648,5880872960,366018560
209,1772017109121,3204,3204,3204,3204,3204,3204,3204,3204,35,35,25,23.809524536132813,50,0,4.761904716491699,0,10.484665870666504,8589934592,2147483648,5897404416,366018560
201,1772017109331,3204,3204,3204,3204,3204,3204,3204,3204,30.000001907348633,23.809524536132813,20,19.047618865966797,50,9.090909004211426,0,4.761904716491699,10.311016082763672,8589934592,2147483648,5895454720,366018560
200,1772017109532,3204,3204,3204,3204,3204,3204,3204,3204,35,36.842105865478516,40,26.3157901763916,57.142860412597656,25,20,23.809524536132813,10.311016082763672,8589934592,2147483648,5914755072,366018560
202,1772017109733,3204,3204,3204,3204,3204,3204,3204,3204,25,20,15.000000953674316,15.000000953674316,42.105262756347656,5,4.761904716491699,0,10.311016082763672,8589934592,2147483648,5934546944,366018560
207,1772017109936,3204,3204,3204,3204,3204,3204,3204,3204,35,28.571430206298828,25,25,25,0,0,0,10.311016082763672,8589934592,2147483648,5918736384,366018560
206,1772017110144,3204,3204,3204,3204,3204,3204,3204,3204,27.272727966308594,20,22.72727394104004,23.809524536132813,68.18181610107422,4.761904716491699,5,0,10.311016082763672,8589934592,2147483648,5927763968,366018560
209,1772017110351,3204,3204,3204,3204,3204,3204,3204,3204,30.000001907348633,30.000001907348633,25,19.047618865966797,50,0,0,0,9.437402725219727,8589934592,2147483648,5913264128,366018560
199,1772017110561,3204,3204,3204,3204,3204,3204,3204,3204,30.000001907348633,27.272727966308594,28.571430206298828,20,35,8.69565200805664,0,4.761904716491699,9.437402725219727,8589934592,2147483648,5903908864,366018560
209,1772017110761,3204,3204,3204,3204,3204,3204,3204,3204,20,21.052631378173828,20,28.571430206298828,95,0,0,0,9.437402725219727,8589934592,2147483648,5911920640,366018560
205,1772017110971,3204,3204,3204,3204,3204,3204,3204,3204,40,33.333335876464844,33.333335876464844,25,42.85714340209961,0,8.69565200805664,0,9.437402725219727,8589934592,2147483648,5908496384,366018560
209,1772017111177,3204,3204,3204,3204,3204,3204,3204,3204,35,33.333335876464844,25,19.047618865966797,23.809524536132813,0,0,0,9.437402725219727,8589934592,2147483648,5921177600,366018560
205,1772017111387,3204,3204,3204,3204,3204,3204,3204,3204,47.619049072265625,40,28.571430206298828,30.000001907348633,35,4.761904716491699,0,4.761904716491699,9.697073936462402,8589934592,2147483648,5917786112,366018560
201,1772017111592,3204,3204,3204,3204,3204,3204,3204,3204,28.571430206298828,30.000001907348633,25,19.047618865966797,70,0,0,0,9.697073936462402,8589934592,2147483648,5929254912,366018560
205,1772017111795,3204,3204,3204,3204,3204,3204,3204,3204,20,23.809524536132813,25,20,86.36363983154297,0,0,4.761904716491699,9.697073936462402,8589934592,2147483648,5911773184,366018560
209,1772017112001,3204,3204,3204,3204,3204,3204,3204,3204,30.000001907348633,25,25,23.809524536132813,31.57894515991211,4.761904716491699,4.545454502105713,0,9.697073936462402,8589934592,2147483648,5914886144,366018560
209,1772017112211,3204,3204,3204,3204,3204,3204,3204,3204,23.809524536132813,20,19.047618865966797,28.571430206298828,86.36363983154297,4.761904716491699,5,0,9.697073936462402,8589934592,2147483648,5909757952,366018560
201,1772017112421,3204,3204,3204,3204,3204,3204,3204,3204,38.095237731933594,28.571430206298828,31.81818199157715,20,30.000001907348633,14.285715103149414,4.761904716491699,0,8.118758201599121,8589934592,2147483648,5900861440,366018560
202,1772017112622,3204,3204,3204,3204,3204,3204,3204,3204,35,30.000001907348633,26.3157901763916,25,0,0,0,0,8.118758201599121,8589934592,2147483648,5900566528,366018560
209,1772017112825,3204,3204,3204,3204,3204,3204,3204,3204,25,38.095237731933594,28.571430206298828,23.809524536132813,5.263157844543457,5,5,4.761904716491699,8.118758201599121,8589934592,2147483648,5900124160,366018560
209,1772017113035,3204,3204,3204,3204,3204,3204,3204,3204,33.333335876464844,40,33.333335876464844,23.809524536132813,19.047618865966797,0,0,10,8.118758201599121,8589934592,2147483648,5901598720,366018560
204,1772017113245,3204,3204,3204,3204,3204,3204,3204,3204,19.047618865966797,27.272727966308594,20,14.285715103149414,4.545454502105713,13.043478012084961,0,9.090909004211426,8.118758201599121,8589934592,2147483648,5901336576,366018560
206,1772017113450,3204,3204,3204,3204,3204,3204,3204,3204,28.571430206298828,30.000001907348633,23.809524536132813,25,10,10.526315689086914,9.523809432983398,5,9.952662467956543,8589934592,2147483648,5901336576,366018560
203,1772017113656,3204,3204,3204,3204,3204,3204,3204,3204,35,25,25,28.571430206298828,10,42.85714340209961,0,0,9.952662467956543,8589934592,2147483648,5905956864,366018560
209,1772017113861,3204,3204,3204,3204,3204,3204,3204,3204,25,23.809524536132813,15.000000953674316,15.000000953674316,0,0,0,0,9.952662467956543,8589934592,2147483648,5905530880,366018560
209,1772017114071,3204,3204,3204,3204,3204,3204,3204,3204,28.571430206298828,38.095237731933594,31.81818199157715,28.571430206298828,18.18181800842285,18.18181800842285,9.523809432983398,5,9.952662467956543,8589934592,2147483648,5902778368,366018560
209,1772017114281,3204,3204,3204,3204,3204,3204,3204,3204,25,28.571430206298828,14.285715103149414,22.72727394104004,14.285715103149414,9.523809432983398,9.523809432983398,4.761904716491699,5.945286750793457,8589934592,2147483648,5912330240,366018560
202,1772017114491,3204,3204,3204,3204,3204,3204,3204,3204,28.571430206298828,23.809524536132813,20,5.263157844543457,10,14.285715103149414,14.285715103149414,9.090909004211426,5.945286750793457,8589934592,2147483648,5908840448,366018560
206,1772017114694,3204,3204,3204,3204,3204,3204,3204,3204,33.333335876464844,25,25,19.047618865966797,9.090909004211426,5,0,4.761904716491699,5.945286750793457,8589934592,2147483648,5903908864,366018560
199,1772017114901,3204,3204,3204,3204,3204,3204,3204,3204,28.571430206298828,25,28.571430206298828,25,0,0,0,0,5.945286750793457,8589934592,2147483648,5908791296,366018560
209,1772017115101,3204,3204,3204,3204,3204,3204,3204,3204,30.000001907348633,30.000001907348633,30.000001907348633,20,0,0,0,0,5.945286750793457,8589934592,2147483648,5909004288,366018560
203,1772017115311,3204,3204,3204,3204,3204,3204,3204,3204,23.809524536132813,33.333335876464844,19.047618865966797,19.047618865966797,4.761904716491699,4.761904716491699,4.761904716491699,0,5.952841281890869,8589934592,2147483648,5907136512,366018560
204,1772017115514,3204,3204,3204,3204,3204,3204,3204,3204,30.000001907348633,25,25,15.000000953674316,5,5,5,5,5.952841281890869,8589934592,2147483648,5904400384,366018560
207,1772017115719,3204,3204,3204,3204,3204,3204,3204,3204,20,15.000000953674316,33.333335876464844,14.285715103149414,4.761904716491699,5,0,4.761904716491699,5.952841281890869,8589934592,2147483648,5903892480,366018560
207,1772017115928,3204,3204,3204,3204,3204,3204,3204,3204,28.571430206298828,42.85714340209961,28.571430206298828,19.047618865966797,0,0,4.545454502105713,0,5.952841281890869,8589934592,2147483648,5899190272,366018560
209,1772017116136,3204,3204,3204,3204,3204,3204,3204,3204,28.571430206298828,30.000001907348633,15.789472579956055,20,4.761904716491699,4.761904716491699,5,4.761904716491699,5.952841281890869,8589934592,2147483648,5899206656,366018560
207,1772017116346,3204,3204,3204,3204,3204,3204,3204,3204,20,27.272727966308594,18.18181800842285,9.523809432983398,14.285715103149414,9.523809432983398,4.761904716491699,5,5.434921741485596,8589934592,2147483648,5899206656,366018560
209,1772017116553,3204,3204,3204,3204,3204,3204,3204,3204,25,30.000001907348633,23.809524536132813,23.809524536132813,5,10,4.761904716491699,0,5.434921741485596,8589934592,2147483648,5899206656,366018560
209,1772017116763,3204,3204,3204,3204,3204,3204,3204,3204,19.047618865966797,28.571430206298828,20,19.047618865966797,4.761904716491699,4.545454502105713,0,4.761904716491699,5.434921741485596,8589934592,2147483648,5899206656,366018560
202,1772017116973,3204,3204,3204,3204,3204,3204,3204,3204,28.571430206298828,23.809524536132813,33.333335876464844,14.285715103149414,4.761904716491699,4.761904716491699,4.761904716491699,4.761904716491699,5.434921741485596,8589934592,2147483648,5873991680,366018560
208,1772017117177,3204,3204,3204,3204,3204,3204,3204,3204,25,23.809524536132813,19.047618865966797,25,0,0,0,0,5.434921741485596,8589934592,2147483648,5873876992,366018560
209,1772017117385,3204,3204,3204,3204,3204,3204,3204,3204,28.571430206298828,20,23.809524536132813,15.000000953674316,27.272727966308594,4.761904716491699,0,0,5.172496795654297,8589934592,2147483648,5871419392,366018560
200,1772017117595,3204,3204,3204,3204,3204,3204,3204,3204,40.90909194946289,28.571430206298828,25,18.18181800842285,0,0,0,0,5.172496795654297,8589934592,2147483648,5874237440,366018560
209,1772017117796,3204,3204,3204,3204,3204,3204,3204,3204,15.789472579956055,25,30.000001907348633,15.000000953674316,0,0,0,0,5.172496795654297,8589934592,2147483648,5871812608,366018560
209,1772017118007,3204,3204,3204,3204,3204,3204,3204,3204,33.333335876464844,28.571430206298828,23.809524536132813,19.047618865966797,4.761904716491699,4.545454502105713,4.761904716491699,0,5.172496795654297,8589934592,2147483648,5874401280,366018560
200,1772017118217,3204,3204,3204,3204,3204,3204,3204,3204,35,35,31.81818199157715,28.571430206298828,0,0,0,0,5.172496795654297,8589934592,2147483648,5871960064,366018560
208,1772017118417,3204,3204,3204,3204,3204,3204,3204,3204,28.571430206298828,30.000001907348633,15.789472579956055,20,4.761904716491699,10,5,5,5.138045787811279,8589934592,2147483648,5870600192,366018560
209,1772017118626,3204,3204,3204,3204,3204,3204,3204,3204,23.809524536132813,23.809524536132813,14.285715103149414,25,10,4.761904716491699,4.761904716491699,4.761904716491699,5.138045787811279,8589934592,2147483648,5882462208,366018560
200,1772017118837,3204,3204,3204,3204,3204,3204,3204,3204,25,19.047618865966797,19.047618865966797,23.809524536132813,4.761904716491699,9.090909004211426,4.761904716491699,0,5.138045787811279,8589934592,2147483648,5868191744,366018560
206,1772017119038,3204,3204,3204,3204,3204,3204,3204,3204,33.333335876464844,30.000001907348633,26.3157901763916,21.052631378173828,14.285715103149414,10,5,9.523809432983398,5.138045787811279,8589934592,2147483648,5873025024,366018560
202,1772017119244,3204,3204,3204,3204,3204,3204,3204,3204,30.000001907348633,19.047618865966797,14.285715103149414,18.18181800842285,10,5,4.761904716491699,4.761904716491699,5.138045787811279,8589934592,2147483648,5871697920,366018560
202,1772017119447,3204,3204,3204,3204,3204,3204,3204,3204,20,30.000001907348633,15.000000953674316,10,15.000000953674316,15.000000953674316,5,5,5.1510114669799805,8589934592,2147483648,5871697920,366018560
206,1772017119650,3204,3204,3204,3204,3204,3204,3204,3204,35,20,20,15.000000953674316,4.761904716491699,4.761904716491699,0,0,5.1510114669799805,8589934592,2147483648,5871697920,366018560
203,1772017119857,3204,3204,3204,3204,3204,3204,3204,3204,28.571430206298828,20,19.047618865966797,19.047618865966797,5,4.761904716491699,4.761904716491699,5,5.1510114669799805,8589934592,2147483648,5871697920,366018560
209,1772017120061,3204,3204,3204,3204,3204,3204,3204,3204,42.85714340209961,42.85714340209961,35,33.333335876464844,28.571430206298828,26.3157901763916,28.571430206298828,23.809524536132813,5.1510114669799805,8589934592,2147483648,5873516544,366018560
204,1772017120271,3204,3204,3204,3204,3204,3204,3204,3204,20,23.809524536132813,14.285715103149414,20,5,9.090909004211426,9.090909004211426,5,5.55037784576416,8589934592,2147483648,5873319936,366018560
201,1772017120476,3204,3204,3204,3204,3204,3204,3204,3204,23.809524536132813,30.000001907348633,15.000000953674316,19.047618865966797,4.761904716491699,0,0,4.545454502105713,5.55037784576416,8589934592,2147483648,5874384896,366018560
209,1772017120678,3204,3204,3204,3204,3204,3204,3204,3204,26.3157901763916,25,20,20,9.523809432983398,9.523809432983398,0,0,5.55037784576416,8589934592,2147483648,5879906304,366018560
201,1772017120888,3204,3204,3204,3204,3204,3204,3204,3204,38.095237731933594,23.809524536132813,22.72727394104004,14.285715103149414,0,0,4.545454502105713,0,5.55037784576416,8589934592,2147483648,5879906304,366018560
206,1772017121091,3204,3204,3204,3204,3204,3204,3204,3204,33.333335876464844,30.000001907348633,30.000001907348633,25,4.761904716491699,4.761904716491699,0,4.761904716491699,5.55037784576416,8589934592,2147483648,5861539840,366018560
204,1772017121298,3204,3204,3204,3204,3204,3204,3204,3204,30.000001907348633,27.272727966308594,23.809524536132813,25,5,5,4.761904716491699,0,5.878066539764404,8589934592,2147483648,5859901440,366018560
208,1772017121502,3204,3204,3204,3204,3204,3204,3204,3204,38.095237731933594,21.052631378173828,20,20,0,4.761904716491699,0,4.761904716491699,5.878066539764404,8589934592,2147483648,5861670912,366018560
203,1772017121711,3204,3204,3204,3204,3204,3204,3204,3204,55,66.66667175292969,55,47.619049072265625,4.761904716491699,0,0,0,5.878066539764404,8589934592,2147483648,5867585536,366018560
202,1772017121915,3204,3204,3204,3204,3204,3204,3204,3204,65,40,45,47.619049072265625,9.090909004211426,4.761904716491699,4.761904716491699,0,5.878066539764404,8589934592,2147483648,5871878144,366018560
209,1772017122118,3204,3204,3204,3204,3204,3204,3204,3204,47.619049072265625,50,47.619049072265625,47.619049072265625,0,0,0,0,5.878066539764404,8589934592,2147483648,5875630080,366018560
209,1772017122327,3204,3204,3204,3204,3204,3204,3204,3204,45,50,42.85714340209961,42.105262756347656,0,20,0,0,5.485450267791748,8589934592,2147483648,5873549312,366018560
208,1772017122538,3204,3204,3204,3204,3204,3204,3204,3204,66.66667175292969,66.66667175292969,71.42857360839844,68.18181610107422,4.761904716491699,9.523809432983398,4.761904716491699,4.761904716491699,5.485450267791748,8589934592,2147483648,5875531776,366018560
202,1772017122748,3204,3204,3204,3204,3204,3204,3204,3204,42.85714340209961,40,38.095237731933594,33.333335876464844,18.18181800842285,9.523809432983398,5,4.761904716491699,5.485450267791748,8589934592,2147483648,5875269632,366018560
207,1772017122951,3204,3204,3204,3204,3204,3204,3204,3204,60.000003814697266,55,55,52.6315803527832,15.000000953674316,19.047618865966797,9.523809432983398,14.285715103149414,5.485450267791748,8589934592,2147483648,5876056064,366018560
201,1772017123159,3204,3204,3204,3204,3204,3204,3204,3204,47.619049072265625,45,42.85714340209961,39.130435943603516,4.761904716491699,0,4.761904716491699,0,5.485450267791748,8589934592,2147483648,5877104640,366018560
208,1772017123361,3204,3204,3204,3204,3204,3204,3204,3204,50,52.38095474243164,40,47.36842346191406,0,4.761904716491699,5,4.761904716491699,5.675565242767334,8589934592,2147483648,5877284864,366018560
205,1772017123571,3204,3204,3204,3204,3204,3204,3204,3204,61.904762268066406,47.619049072265625,50,45,14.285715103149414,14.285715103149414,9.090909004211426,5,5.675565242767334,8589934592,2147483648,5876334592,366018560
203,1772017123778,3204,3204,3204,3204,3204,3204,3204,3204,42.85714340209961,40,42.85714340209961,40.90909194946289,4.761904716491699,5,0,4.545454502105713,5.675565242767334,8589934592,2147483648,5876056064,366018560
209,1772017123982,3204,3204,3204,3204,3204,3204,3204,3204,55,50,52.38095474243164,55,5,4.761904716491699,5,5,5.675565242767334,8589934592,2147483648,5874778112,366018560
208,1772017124192,3204,3204,3204,3204,3204,3204,3204,3204,45,52.173912048339844,47.619049072265625,42.85714340209961,9.090909004211426,5,4.761904716491699,4.761904716491699,5.675565242767334,8589934592,2147483648,5875679232,366018560
209,1772017124401,3204,3204,3204,3204,3204,3204,3204,3204,47.619049072265625,55,40,55,4.761904716491699,4.545454502105713,0,0,6.254590034484863,8589934592,2147483648,5874794496,366018560
204,1772017124611,3204,3204,3204,3204,3204,3204,3204,3204,36.3636360168457,33.333335876464844,27.272727966308594,27.272727966308594,14.285715103149414,20,14.285715103149414,9.523809432983398,6.254590034484863,8589934592,2147483648,5882052608,366018560
208,1772017124816,3204,3204,3204,3204,3204,3204,3204,3204,31.57894515991211,23.809524536132813,15.789472579956055,15.000000953674316,0,4.761904716491699,0,0,6.254590034484863,8589934592,2147483648,5876695040,366018560
209,1772017125025,3204,3204,3204,3204,3204,3204,3204,3204,36.3636360168457,31.57894515991211,31.81818199157715,25,9.090909004211426,9.523809432983398,4.761904716491699,9.523809432983398,6.254590034484863,8589934592,2147483648,5889802240,366018560
206,1772017125235,3204,3204,3204,3204,3204,3204,3204,3204,35,31.81818199157715,25,28.571430206298828,33.333335876464844,30.000001907348633,0,0,6.254590034484863,8589934592,2147483648,5878349824,366018560
208,1772017125442,3204,3204,3204,3204,3204,3204,3204,3204,20,20,19.047618865966797,23.809524536132813,55,66.66667175292969,0,4.761904716491699,5.835446357727051,8589934592,2147483648,5888229376,366018560
207,1772017125651,3204,3204,3204,3204,3204,3204,3204,3204,27.272727966308594,25,23.809524536132813,20,0,95.23809814453125,4.761904716491699,0,5.835446357727051,8589934592,2147483648,5890637824,366018560
200,1772017125859,3204,3204,3204,3204,3204,3204,3204,3204,25,23.809524536132813,23.809524536132813,18.18181800842285,0,30.000001907348633,9.090909004211426,4.545454502105713,5.835446357727051,8589934592,2147483648,5885689856,366018560
208,1772017126060,3204,3204,3204,3204,3204,3204,3204,3204,25,28.571430206298828,20,15.789472579956055,0,100,0,0,5.835446357727051,8589934592,2147483648,5885476864,366018560
206,1772017126268,3204,3204,3204,3204,3204,3204,3204,3204,19.047618865966797,25,15.000000953674316,13.636363983154297,0,100,0,0,5.753664493560791,8589934592,2147483648,5885247488,366018560
201,1772017126475,3204,3204,3204,3204,3204,3204,3204,3204,20,20,23.809524536132813,10,31.81818199157715,9.090909004211426,0,0,5.753664493560791,8589934592,2147483648,5883052032,366018560
201,1772017126677,3204,3204,3204,3204,3204,3204,3204,3204,28.571430206298828,27.272727966308594,21.052631378173828,15.789472579956055,100,0,0,0,5.753664493560791,8589934592,2147483648,5884985344,366018560
204,1772017126879,3204,3204,3204,3204,3204,3204,3204,3204,21.052631378173828,21.052631378173828,25,14.285715103149414,90,15.000000953674316,0,0,5.753664493560791,8589934592,2147483648,5884444672,366018560
209,1772017127083,3204,3204,3204,3204,3204,3204,3204,3204,23.809524536132813,15.000000953674316,28.571430206298828,20,5.263157844543457,80,0,0,5.753664493560791,8589934592,2147483648,5892915200,366018560
209,1772017127293,3204,3204,3204,3204,3204,3204,3204,3204,25,20,19.047618865966797,18.18181800842285,54.54545593261719,63.6363639831543,19.047618865966797,4.761904716491699,10.160170555114746,8589934592,2147483648,5880201216,366018560
200,1772017127504,3204,3204,3204,3204,3204,3204,3204,3204,33.333335876464844,23.809524536132813,20,15.000000953674316,27.272727966308594,5,52.38095474243164,0,10.160170555114746,8589934592,2147483648,5876137984,366018560
200,1772017127705,3204,3204,3204,3204,3204,3204,3204,3204,25,27.272727966308594,23.809524536132813,20,10.526315689086914,55,9.523809432983398,0,10.160170555114746,8589934592,2147483648,5878611968,366018560
209,1772017127906,3204,3204,3204,3204,3204,3204,3204,3204,23.809524536132813,21.052631378173828,25,15.000000953674316,45,57.142860412597656,0,0,10.160170555114746,8589934592,2147483648,5878611968,366018560
209,1772017128116,3204,3204,3204,3204,3204,3204,3204,3204,25,19.047618865966797,28.571430206298828,19.047618865966797,72.7272720336914,25,0,4.761904716491699,10.160170555114746,8589934592,2147483648,5878611968,366018560
207,1772017128326,3204,3204,3204,3204,3204,3204,3204,3204,23.809524536132813,20,33.333335876464844,15.000000953674316,40,19.047618865966797,4.761904716491699,0,9.903266906738281,8589934592,2147483648,5878022144,366018560
200,1772017128534,3204,3204,3204,3204,3204,3204,3204,3204,28.571430206298828,27.272727966308594,20,18.18181800842285,38.095237731933594,33.333335876464844,5,31.81818199157715,9.903266906738281,8589934592,2147483648,5876432896,366018560
201,1772017128735,3204,3204,3204,3204,3204,3204,3204,3204,28.571430206298828,21.052631378173828,30.000001907348633,20,0,52.38095474243164,0,35,9.903266906738281,8589934592,2147483648,5876678656,366018560
207,1772017128937,3204,3204,3204,3204,3204,3204,3204,3204,25,19.047618865966797,23.809524536132813,10,47.619049072265625,5,0,5,9.903266906738281,8589934592,2147483648,5876252672,366018560
209,1772017129144,3204,3204,3204,3204,3204,3204,3204,3204,26.3157901763916,21.052631378173828,20,15.000000953674316,23.809524536132813,25,50,19.047618865966797,9.903266906738281,8589934592,2147483648,5880840192,366018560
204,1772017129354,3204,3204,3204,3204,3204,3204,3204,3204,31.81818199157715,28.571430206298828,22.72727394104004,23.809524536132813,38.095237731933594,61.904762268066406,5,9.523809432983398,9.6690034866333,8589934592,2147483648,5877825536,366018560
203,1772017129559,3204,3204,3204,3204,3204,3204,3204,3204,25,19.047618865966797,10,10,10,42.85714340209961,9.523809432983398,5,9.6690034866333,8589934592,2147483648,5882101760,366018560
205,1772017129762,3204,3204,3204,3204,3204,3204,3204,3204,30.000001907348633,25,21.052631378173828,19.047618865966797,4.761904716491699,100,0,0,9.6690034866333,8589934592,2147483648,5883396096,366018560
209,1772017129967,3204,3204,3204,3204,3204,3204,3204,3204,20,19.047618865966797,19.047618865966797,14.285715103149414,0,28.571430206298828,65,0,9.6690034866333,8589934592,2147483648,5883363328,366018560
203,1772017130178,3204,3204,3204,3204,3204,3204,3204,3204,23.809524536132813,15.000000953674316,28.571430206298828,20,0,45.45454788208008,0,0,9.6690034866333,8589934592,2147483648,5886443520,366018560
209,1772017130382,3204,3204,3204,3204,3204,3204,3204,3204,30.000001907348633,23.809524536132813,20,14.285715103149414,0,100,0,0,10.50663948059082,8589934592,2147483648,5886001152,366018560
209,1772017130592,3204,3204,3204,3204,3204,3204,3204,3204,27.272727966308594,23.809524536132813,19.047618865966797,15.000000953674316,4.545454502105713,75,19.047618865966797,9.090909004211426,10.50663948059082,8589934592,2147483648,5884674048,366018560
207,1772017130802,3204,3204,3204,3204,3204,3204,3204,3204,35,30.000001907348633,25,27.272727966308594,5,23.809524536132813,19.047618865966797,4.761904716491699,10.50663948059082,8589934592,2147483648,5884674048,366018560
201,1772017131009,3204,3204,3204,3204,3204,3204,3204,3204,23.809524536132813,19.047618865966797,23.809524536132813,15.000000953674316,0,100,0,0,10.50663948059082,8589934592,2147483648,5884674048,366018560
205,1772017131211,3204,3204,3204,3204,3204,3204,3204,3204,30.000001907348633,30.000001907348633,23.809524536132813,15.789472579956055,5,35,5.263157844543457,5,10.50663948059082,8589934592,2147483648,5884674048,366018560
209,1772017131417,3204,3204,3204,3204,3204,3204,3204,3204,30.000001907348633,28.571430206298828,20,26.086956024169922,42.85714340209961,19.047618865966797,42.85714340209961,0,9.386674880981445,8589934592,2147483648,5901369344,366018560
206,1772017131627,3204,3204,3204,3204,3204,3204,3204,3204,35,35,28.571430206298828,26.3157901763916,47.619049072265625,0,9.523809432983398,0,9.386674880981445,8589934592,2147483648,5885018112,366018560
201,1772017131834,3204,3204,3204,3204,3204,3204,3204,3204,33.333335876464844,25,20,14.285715103149414,45,13.636363983154297,9.090909004211426,0,9.386674880981445,8589934592,2147483648,5887639552,366018560
207,1772017132036,3204,3204,3204,3204,3204,3204,3204,3204,15.789472579956055,19.047618865966797,15.000000953674316,20,60.000003814697266,35,0,0,9.386674880981445,8589934592,2147483648,5902532608,366018560
206,1772017132244,3204,3204,3204,3204,3204,3204,3204,3204,40.90909194946289,35,28.571430206298828,28.571430206298828,30.000001907348633,14.285715103149414,0,0,9.386674880981445,8589934592,2147483648,5890572288,366018560
202,1772017132450,3204,3204,3204,3204,3204,3204,3204,3204,20,20,25,15.000000953674316,22.72727394104004,25,4.761904716491699,47.619049072265625,9.455032348632813,8589934592,2147483648,5896388608,366018560
209,1772017132653,3204,3204,3204,3204,3204,3204,3204,3204,25,28.571430206298828,25,20,35,4.761904716491699,0,63.15789031982422,9.455032348632813,8589934592,2147483648,5892587520,366018560
209,1772017132863,3204,3204,3204,3204,3204,3204,3204,3204,28.571430206298828,30.000001907348633,23.809524536132813,19.047618865966797,15.000000953674316,0,0,0,9.455032348632813,8589934592,2147483648,5881430016,366018560
206,1772017133073,3204,3204,3204,3204,3204,3204,3204,3204,23.809524536132813,19.047618865966797,23.809524536132813,14.285715103149414,100,0,0,0,9.455032348632813,8589934592,2147483648,5888212992,366018560
209,1772017133279,3204,3204,3204,3204,3204,3204,3204,3204,38.095237731933594,38.095237731933594,30.000001907348633,28.571430206298828,65,0,0,0,10.300357818603516,8589934592,2147483648,5887623168,366018560
204,1772017133489,3204,3204,3204,3204,3204,3204,3204,3204,35,38.095237731933594,38.095237731933594,28.571430206298828,18.18181800842285,36.3636360168457,4.761904716491699,4.761904716491699,10.300357818603516,8589934592,2147483648,5897453568,366018560
206,1772017133694,3204,3204,3204,3204,3204,3204,3204,3204,40,35,42.85714340209961,35,30.000001907348633,25,25,28.571430206298828,10.300357818603516,8589934592,2147483648,5888540672,366018560
209,1772017133901,3204,3204,3204,3204,3204,3204,3204,3204,33.333335876464844,30.000001907348633,20,25,0,0,0,0,10.300357818603516,8589934592,2147483648,5886345216,366018560
208,1772017134111,3204,3204,3204,3204,3204,3204,3204,3204,28.571430206298828,31.81818199157715,28.571430206298828,19.047618865966797,36.3636360168457,9.090909004211426,4.761904716491699,0,10.300357818603516,8589934592,2147483648,5886246912,366018560
209,1772017134320,3204,3204,3204,3204,3204,3204,3204,3204,25,28.571430206298828,23.809524536132813,19.047618865966797,10,0,0,4.761904716491699,9.89616584777832,8589934592,2147483648,5874286592,366018560
203,1772017134530,3204,3204,3204,3204,3204,3204,3204,3204,28.571430206298828,25,19.047618865966797,19.047618865966797,13.636363983154297,0,4.761904716491699,0,9.89616584777832,8589934592,2147483648,5877071872,366018560
209,1772017134734,3204,3204,3204,3204,3204,3204,3204,3204,30.000001907348633,20,20,20,10,50,10,5,9.89616584777832,8589934592,2147483648,5882265600,366018560
206,1772017134944,3204,3204,3204,3204,3204,3204,3204,3204,28.571430206298828,23.809524536132813,23.809524536132813,18.18181800842285,9.523809432983398,5,8.69565200805664,0,9.89616584777832,8589934592,2147483648,5881741312,366018560
209,1772017135151,3204,3204,3204,3204,3204,3204,3204,3204,28.571430206298828,33.333335876464844,20,15.000000953674316,0,4.545454502105713,0,4.761904716491699,9.89616584777832,8589934592,2147483648,5881724928,366018560
208,1772017135361,3204,3204,3204,3204,3204,3204,3204,3204,23.809524536132813,20,28.571430206298828,15.000000953674316,0,0,0,0,7.287592887878418,8589934592,2147483648,5883920384,366018560
206,1772017135570,3204,3204,3204,3204,3204,3204,3204,3204,23.809524536132813,27.272727966308594,28.571430206298828,14.285715103149414,0,0,0,0,7.287592887878418,8589934592,2147483648,5883396096,366018560
209,1772017135778,3204,3204,3204,3204,3204,3204,3204,3204,23.809524536132813,25,33.333335876464844,19.047618865966797,13.636363983154297,0,0,0,7.287592887878418,8589934592,2147483648,5883412480,366018560
206,1772017135988,3204,3204,3204,3204,3204,3204,3204,3204,25,33.333335876464844,19.047618865966797,19.047618865966797,5,4.545454502105713,4.545454502105713,0,7.287592887878418,8589934592,2147483648,5882806272,366018560
209,1772017136195,3204,3204,3204,3204,3204,3204,3204,3204,33.333335876464844,20,15.000000953674316,15.000000953674316,0,0,0,0,7.287592887878418,8589934592,2147483648,5881266176,366018560
208,1772017136405,3204,3204,3204,3204,3204,3204,3204,3204,25,23.809524536132813,18.18181800842285,19.047618865966797,0,0,0,0,5.9871320724487305,8589934592,2147483648,5880840192,366018560
207,1772017136614,3204,3204,3204,3204,3204,3204,3204,3204,19.047618865966797,27.272727966308594,15.000000953674316,18.18181800842285,9.523809432983398,4.761904716491699,9.523809432983398,4.761904716491699,5.9871320724487305,8589934592,2147483648,5876924416,366018560
205,1772017136822,3204,3204,3204,3204,3204,3204,3204,3204,28.571430206298828,15.000000953674316,19.047618865966797,14.285715103149414,4.761904716491699,9.090909004211426,9.523809432983398,4.761904716491699,5.9871320724487305,8589934592,2147483648,5873729536,366018560
201,1772017137028,3204,3204,3204,3204,3204,3204,3204,3204,15.000000953674316,23.809524536132813,25,15.000000953674316,5,4.761904716491699,0,0,5.9871320724487305,8589934592,2147483648,5873287168,366018560
209,1772017137229,3204,3204,3204,3204,3204,3204,3204,3204,30.000001907348633,30.000001907348633,28.571430206298828,20,0,0,0,0,5.9871320724487305,8589934592,2147483648,5874188288,366018560
200,1772017137440,3204,3204,3204,3204,3204,3204,3204,3204,23.809524536132813,30.000001907348633,14.285715103149414,18.18181800842285,14.285715103149414,4.761904716491699,14.285715103149414,17.39130401611328,5.129693984985352,8589934592,2147483648,5871681536,366018560
203,1772017137640,3204,3204,3204,3204,3204,3204,3204,3204,35,35,31.57894515991211,21.052631378173828,9.523809432983398,5,0,0,5.129693984985352,8589934592,2147483648,5872795648,366018560
206,1772017137844,3204,3204,3204,3204,3204,3204,3204,3204,25,20,23.809524536132813,15.789472579956055,10,9.523809432983398,9.523809432983398,4.761904716491699,5.129693984985352,8589934592,2147483648,5885067264,366018560
209,1772017138051,3204,3204,3204,3204,3204,3204,3204,3204,38.095237731933594,28.571430206298828,20,22.72727394104004,14.285715103149414,10,5,5,5.129693984985352,8589934592,2147483648,5873549312,366018560
206,1772017138261,3204,3204,3204,3204,3204,3204,3204,3204,30.000001907348633,33.333335876464844,22.72727394104004,28.571430206298828,5,5,4.545454502105713,0,5.303724765777588,8589934592,2147483648,5876613120,366018560
209,1772017138467,3204,3204,3204,3204,3204,3204,3204,3204,38.095237731933594,40,31.57894515991211,30.000001907348633,0,4.545454502105713,0,4.761904716491699,5.303724765777588,8589934592,2147483648,5876006912,366018560
209,1772017138677,3204,3204,3204,3204,3204,3204,3204,3204,18.18181800842285,22.72727394104004,14.285715103149414,15.000000953674316,22.72727394104004,14.285715103149414,4.761904716491699,4.761904716491699,5.303724765777588,8589934592,2147483648,5912363008,366018560
209,1772017138887,3204,3204,3204,3204,3204,3204,3204,3204,23.809524536132813,23.809524536132813,19.047618865966797,22.72727394104004,4.545454502105713,0,4.761904716491699,0,5.303724765777588,8589934592,2147483648,5914263552,366018560
201,1772017139098,3204,3204,3204,3204,3204,3204,3204,3204,23.809524536132813,25,19.047618865966797,19.047618865966797,0,0,0,0,5.303724765777588,8589934592,2147483648,5913755648,366018560
208,1772017139299,3204,3204,3204,3204,3204,3204,3204,3204,21.052631378173828,35,25,20,5,4.761904716491699,5,5,5.690134525299072,8589934592,2147483648,5914492928,366018560
208,1772017139509,3204,3204,3204,3204,3204,3204,3204,3204,27.272727966308594,28.571430206298828,19.047618865966797,14.285715103149414,0,0,0,0,5.690134525299072,8589934592,2147483648,5914525696,366018560
203,1772017139718,3204,3204,3204,3204,3204,3204,3204,3204,20,23.809524536132813,18.18181800842285,14.285715103149414,14.285715103149414,13.636363983154297,4.761904716491699,4.761904716491699,5.690134525299072,8589934592,2147483648,5920604160,366018560
209,1772017139922,3204,3204,3204,3204,3204,3204,3204,3204,30.000001907348633,23.809524536132813,21.052631378173828,15.000000953674316,9.523809432983398,10,5,0,5.690134525299072,8589934592,2147483648,5928206336,366018560
209,1772017140132,3204,3204,3204,3204,3204,3204,3204,3204,28.571430206298828,35,23.809524536132813,23.809524536132813,0,0,0,0,5.690134525299072,8589934592,2147483648,5905694720,366018560
202,1772017140343,3204,3204,3204,3204,3204,3204,3204,3204,23.809524536132813,19.047618865966797,23.809524536132813,14.285715103149414,0,0,0,0,5.219354152679443,8589934592,2147483648,5897519104,366018560
209,1772017140546,3204,3204,3204,3204,3204,3204,3204,3204,20,20,21.052631378173828,15.000000953674316,9.523809432983398,5,0,4.761904716491699,5.219354152679443,8589934592,2147483648,5917523968,366018560
203,1772017140756,3204,3204,3204,3204,3204,3204,3204,3204,28.571430206298828,36.3636360168457,27.272727966308594,23.809524536132813,0,0,0,0,5.219354152679443,8589934592,2147483648,5913640960,366018560
206,1772017140960,3204,3204,3204,3204,3204,3204,3204,3204,20,20,15.000000953674316,28.571430206298828,0,0,0,0,5.219354152679443,8589934592,2147483648,5912510464,366018560
205,1772017141167,3204,3204,3204,3204,3204,3204,3204,3204,28.571430206298828,20,19.047618865966797,20,4.761904716491699,4.761904716491699,4.761904716491699,9.090909004211426,5.219354152679443,8589934592,2147483648,5913493504,366018560
203,1772017141373,3204,3204,3204,3204,3204,3204,3204,3204,40,38.095237731933594,28.571430206298828,33.333335876464844,0,4.761904716491699,0,0,5.383364200592041,8589934592,2147483648,5917868032,366018560
208,1772017141578,3204,3204,3204,3204,3204,3204,3204,3204,33.333335876464844,21.052631378173828,20,15.000000953674316,9.523809432983398,0,9.090909004211426,0,5.383364200592041,8589934592,2147483648,5917605888,366018560
206,1772017141788,3204,3204,3204,3204,3204,3204,3204,3204,25,33.333335876464844,19.047618865966797,20,0,4.761904716491699,0,0,5.383364200592041,8589934592,2147483648,5905530880,366018560
204,1772017141994,3204,3204,3204,3204,3204,3204,3204,3204,28.571430206298828,23.809524536132813,19.047618865966797,19.047618865966797,0,0,0,4.761904716491699,5.383364200592041,8589934592,2147483648,5905055744,366018560
209,1772017142199,3204,3204,3204,3204,3204,3204,3204,3204,25,28.571430206298828,21.052631378173828,20,9.523809432983398,9.523809432983398,4.761904716491699,0,5.383364200592041,8589934592,2147483648,5893570560,366018560
207,1772017142409,3204,3204,3204,3204,3204,3204,3204,3204,23.809524536132813,20,27.272727966308594,22.72727394104004,5,5,15.000000953674316,0,5.158823013305664,8589934592,2147483648,5888704512,366018560
208,1772017142617,3204,3204,3204,3204,3204,3204,3204,3204,28.571430206298828,23.809524536132813,15.000000953674316,10,9.523809432983398,4.761904716491699,9.090909004211426,4.761904716491699,5.158823013305664,8589934592,2147483648,5888704512,366018560
205,1772017142826,3204,3204,3204,3204,3204,3204,3204,3204,30.000001907348633,28.571430206298828,23.809524536132813,28.571430206298828,0,0,0,0,5.158823013305664,8589934592,2147483648,5886345216,366018560
206,1772017143032,3204,3204,3204,3204,3204,3204,3204,3204,28.571430206298828,28.571430206298828,23.809524536132813,19.047618865966797,0,0,0,0,5.158823013305664,8589934592,2147483648,5886394368,366018560
205,1772017143238,3204,3204,3204,3204,3204,3204,3204,3204,28.571430206298828,20,15.000000953674316,20,4.545454502105713,4.545454502105713,0,0,5.158823013305664,8589934592,2147483648,5886410752,366018560
204,1772017143444,3204,3204,3204,3204,3204,3204,3204,3204,33.333335876464844,20,28.571430206298828,19.047618865966797,0,0,4.761904716491699,0,5.327156066894531,8589934592,2147483648,5876203520,366018560
209,1772017143649,3204,3204,3204,3204,3204,3204,3204,3204,40,28.571430206298828,28.571430206298828,25,30.000001907348633,28.571430206298828,20,23.809524536132813,5.327156066894531,8589934592,2147483648,5868044288,366018560
201,1772017143859,3204,3204,3204,3204,3204,3204,3204,3204,23.809524536132813,20,10,9.523809432983398,9.090909004211426,0,4.761904716491699,0,5.327156066894531,8589934592,2147483648,5870665728,366018560
204,1772017144061,3204,3204,3204,3204,3204,3204,3204,3204,21.052631378173828,28.571430206298828,19.047618865966797,15.000000953674316,0,0,0,0,5.327156066894531,8589934592,2147483648,5870714880,366018560
205,1772017144265,3204,3204,3204,3204,3204,3204,3204,3204,30.000001907348633,20,15.000000953674316,19.047618865966797,10,13.636363983154297,0,4.761904716491699,5.202627182006836,8589934592,2147483648,5879513088,366018560
209,1772017144472,3204,3204,3204,3204,3204,3204,3204,3204,33.333335876464844,30.000001907348633,26.3157901763916,25,14.285715103149414,5.263157844543457,9.523809432983398,0,5.202627182006836,8589934592,2147483648,5872418816,366018560
199,1772017144681,3204,3204,3204,3204,3204,3204,3204,3204,33.333335876464844,23.809524536132813,22.72727394104004,14.285715103149414,14.285715103149414,13.636363983154297,5,4.761904716491699,5.202627182006836,8589934592,2147483648,5914427392,366018560
203,1772017144882,3204,3204,3204,3204,3204,3204,3204,3204,20,23.809524536132813,10,15.000000953674316,5,5,9.523809432983398,5,5.202627182006836,8589934592,2147483648,5917622272,366018560
207,1772017145086,3204,3204,3204,3204,3204,3204,3204,3204,28.571430206298828,21.052631378173828,20,15.000000953674316,0,0,0,0,5.202627182006836,8589934592,2147483648,5917507584,366018560
209,1772017145294,3204,3204,3204,3204,3204,3204,3204,3204,20,27.272727966308594,20,19.047618865966797,0,0,0,0,5.5034871101379395,8589934592,2147483648,5917655040,366018560
209,1772017145504,3204,3204,3204,3204,3204,3204,3204,3204,25,30.000001907348633,19.047618865966797,23.809524536132813,0,0,0,0,5.5034871101379395,8589934592,2147483648,5917704192,366018560
201,1772017145714,3204,3204,3204,3204,3204,3204,3204,3204,27.272727966308594,36.3636360168457,22.72727394104004,14.285715103149414,0,0,0,0,5.5034871101379395,8589934592,2147483648,5917130752,366018560
206,1772017145915,3204,3204,3204,3204,3204,3204,3204,3204,35,21.052631378173828,15.000000953674316,25,0,0,0,0,5.5034871101379395,8589934592,2147483648,5889851392,366018560
199,1772017146122,3204,3204,3204,3204,3204,3204,3204,3204,25,23.809524536132813,19.047618865966797,25,4.761904716491699,4.761904716491699,0,4.545454502105713,5.5034871101379395,8589934592,2147483648,5888737280,366018560
209,1772017146322,3204,3204,3204,3204,3204,3204,3204,3204,30.000001907348633,30.000001907348633,15.789472579956055,19.047618865966797,0,5.263157844543457,0,0,5.580471038818359,8589934592,2147483648,5888737280,366018560
205,1772017146533,3204,3204,3204,3204,3204,3204,3204,3204,36.3636360168457,23.809524536132813,19.047618865966797,15.000000953674316,0,4.545454502105713,0,0,5.580471038818359,8589934592,2147483648,5888737280,366018560
207,1772017146738,3204,3204,3204,3204,3204,3204,3204,3204,21.052631378173828,20,20,20,4.761904716491699,0,9.090909004211426,0,5.580471038818359,8589934592,2147483648,5888737280,366018560
209,1772017146946,3204,3204,3204,3204,3204,3204,3204,3204,28.571430206298828,25,22.72727394104004,28.571430206298828,0,0,0,0,5.580471038818359,8589934592,2147483648,5884280832,366018560
204,1772017147156,3204,3204,3204,3204,3204,3204,3204,3204,23.809524536132813,28.571430206298828,19.047618865966797,27.272727966308594,0,0,0,0,5.580471038818359,8589934592,2147483648,5884723200,366018560
209,1772017147360,3204,3204,3204,3204,3204,3204,3204,3204,25,20,21.052631378173828,26.3157901763916,14.285715103149414,23.809524536132813,0,0,5.0565409660339355,8589934592,2147483648,5873025024,366018560
209,1772017147571,3204,3204,3204,3204,3204,3204,3204,3204,20,22.72727394104004,19.047618865966797,23.809524536132813,0,0,0,4.545454502105713,5.0565409660339355,8589934592,2147483648,5872910336,366018560
209,1772017147780,3204,3204,3204,3204,3204,3204,3204,3204,36.3636360168457,35,28.571430206298828,27.272727966308594,0,0,0,0,5.0565409660339355,8589934592,2147483648,5872730112,366018560
201,1772017147990,3204,3204,3204,3204,3204,3204,3204,3204,28.571430206298828,23.809524536132813,31.81818199157715,15.000000953674316,4.545454502105713,0,4.761904716491699,4.545454502105713,5.0565409660339355,8589934592,2147483648,5874270208,366018560
208,1772017148192,3204,3204,3204,3204,3204,3204,3204,3204,26.3157901763916,35,35,28.571430206298828,0,4.761904716491699,0,0,5.0565409660339355,8589934592,2147483648,5869961216,366018560
209,1772017148401,3204,3204,3204,3204,3204,3204,3204,3204,36.3636360168457,25,25,25,0,0,0,0,5.017786502838135,8589934592,2147483648,5871337472,366018560
209,1772017148611,3204,3204,3204,3204,3204,3204,3204,3204,28.571430206298828,18.18181800842285,28.571430206298828,14.285715103149414,5,10,0,0,5.017786502838135,8589934592,2147483648,5868044288,366018560
205,1772017148821,3204,3204,3204,3204,3204,3204,3204,3204,20,19.047618865966797,23.809524536132813,9.523809432983398,0,0,4.545454502105713,0,5.017786502838135,8589934592,2147483648,5867978752,366018560
208,1772017149027,3204,3204,3204,3204,3204,3204,3204,3204,33.333335876464844,28.571430206298828,20,20,0,0,0,0,5.017786502838135,8589934592,2147483648,5870534656,366018560
209,1772017149236,3204,3204,3204,3204,3204,3204,3204,3204,15.000000953674316,15.000000953674316,23.809524536132813,19.047618865966797,5,5,0,4.761904716491699,5.017786502838135,8589934592,2147483648,5870518272,366018560
209,1772017149446,3204,3204,3204,3204,3204,3204,3204,3204,42.85714340209961,40,40,42.85714340209961,31.81818199157715,27.272727966308594,28.571430206298828,28.571430206298828,5.204132556915283,8589934592,2147483648,5868519424,366018560
204,1772017149656,3204,3204,3204,3204,3204,3204,3204,3204,23.809524536132813,14.285715103149414,18.18181800842285,14.285715103149414,4.761904716491699,4.761904716491699,4.761904716491699,0,5.204132556915283,8589934592,2147483648,5867782144,366018560
209,1772017149861,3204,3204,3204,3204,3204,3204,3204,3204,25,18.18181800842285,15.000000953674316,14.285715103149414,5.263157844543457,9.523809432983398,9.523809432983398,10,5.204132556915283,8589934592,2147483648,5874302976,366018560
209,1772017150071,3204,3204,3204,3204,3204,3204,3204,3204,28.571430206298828,25,23.809524536132813,20,0,0,0,0,5.204132556915283,8589934592,2147483648,5874221056,366018560
206,1772017150281,3204,3204,3204,3204,3204,3204,3204,3204,33.333335876464844,28.571430206298828,25,19.047618865966797,4.545454502105713,0,0,4.545454502105713,5.061542510986328,8589934592,2147483648,5873762304,366018560
209,1772017150487,3204,3204,3204,3204,3204,3204,3204,3204,28.571430206298828,23.809524536132813,27.272727966308594,15.000000953674316,0,4.761904716491699,0,0,5.061542510986328,8589934592,2147483648,5874532352,366018560
201,1772017150697,3204,3204,3204,3204,3204,3204,3204,3204,38.095237731933594,20,20,18.18181800842285,13.636363983154297,0,4.545454502105713,4.761904716491699,5.061542510986328,8589934592,2147483648,5918752768,366018560
206,1772017150898,3204,3204,3204,3204,3204,3204,3204,3204,20,28.571430206298828,25,15.789472579956055,0,5,0,0,5.061542510986328,8589934592,2147483648,5906448384,366018560
209,1772017151105,3204,3204,3204,3204,3204,3204,3204,3204,25,21.052631378173828,28.571430206298828,23.809524536132813,9.523809432983398,5,5,4.761904716491699,5.061542510986328,8589934592,2147483648,5906857984,366018560
207,1772017151315,3204,3204,3204,3204,3204,3204,3204,3204,30.000001907348633,27.272727966308594,15.000000953674316,14.285715103149414,13.636363983154297,9.523809432983398,4.761904716491699,0,5.557750225067139,8589934592,2147483648,5906546688,366018560
208,1772017151523,3204,3204,3204,3204,3204,3204,3204,3204,36.3636360168457,35,31.81818199157715,23.809524536132813,10,10,9.523809432983398,13.636363983154297,5.557750225067139,8589934592,2147483648,5908611072,366018560
209,1772017151732,3204,3204,3204,3204,3204,3204,3204,3204,23.809524536132813,19.047618865966797,20,14.285715103149414,20,22.72727394104004,19.047618865966797,23.809524536132813,5.557750225067139,8589934592,2147483648,5906513920,366018560
202,1772017151942,3204,3204,3204,3204,3204,3204,3204,3204,28.571430206298828,28.571430206298828,23.809524536132813,19.047618865966797,0,0,0,0,5.557750225067139,8589934592,2147483648,5906513920,366018560
202,1772017152145,3204,3204,3204,3204,3204,3204,3204,3204,21.052631378173828,19.047618865966797,23.809524536132813,10.526315689086914,0,0,0,0,5.557750225067139,8589934592,2147483648,5889097728,366018560
205,1772017152348,3204,3204,3204,3204,3204,3204,3204,3204,25,15.789472579956055,21.052631378173828,23.809524536132813,19.047618865966797,9.523809432983398,9.523809432983398,10.526315689086914,5.479395389556885,8589934592,2147483648,5881610240,366018560
200,1772017152554,3204,3204,3204,3204,3204,3204,3204,3204,23.809524536132813,20,23.809524536132813,20,4.761904716491699,0,0,0,5.479395389556885,8589934592,2147483648,5881610240,366018560
209,1772017152755,3204,3204,3204,3204,3204,3204,3204,3204,23.809524536132813,23.809524536132813,28.571430206298828,23.809524536132813,5,5,0,0,5.479395389556885,8589934592,2147483648,5881610240,366018560
205,1772017152965,3204,3204,3204,3204,3204,3204,3204,3204,21.052631378173828,23.809524536132813,20,23.809524536132813,4.761904716491699,0,0,4.761904716491699,5.479395389556885,8589934592,2147483648,5881610240,366018560
209,1772017153172,3204,3204,3204,3204,3204,3204,3204,3204,19.047618865966797,23.809524536132813,15.000000953674316,20,0,0,0,0,5.479395389556885,8589934592,2147483648,5882888192,366018560
209,1772017153382,3204,3204,3204,3204,3204,3204,3204,3204,31.81818199157715,23.809524536132813,19.047618865966797,28.571430206298828,5,13.043478012084961,4.761904716491699,4.761904716491699,5.5090718269348145,8589934592,2147483648,5882494976,366018560
206,1772017153592,3204,3204,3204,3204,3204,3204,3204,3204,20,20,27.272727966308594,23.809524536132813,4.545454502105713,0,4.545454502105713,0,5.5090718269348145,8589934592,2147483648,5871747072,366018560
201,1772017153798,3204,3204,3204,3204,3204,3204,3204,3204,23.809524536132813,19.047618865966797,10,19.047618865966797,10,5,0,4.761904716491699,5.5090718269348145,8589934592,2147483648,5871747072,366018560
200,1772017154001,3204,3204,3204,3204,3204,3204,3204,3204,28.571430206298828,33.333335876464844,20,15.000000953674316,0,0,0,0,5.5090718269348145,8589934592,2147483648,5871747072,366018560
208,1772017154201,3204,3204,3204,3204,3204,3204,3204,3204,27.77777862548828,21.052631378173828,28.571430206298828,20,4.761904716491699,5,5,0,5.5090718269348145,8589934592,2147483648,5870370816,366018560
200,1772017154411,3204,3204,3204,3204,3204,3204,3204,3204,33.333335876464844,28.571430206298828,20,20,0,0,4.545454502105713,4.545454502105713,5.217705726623535,8589934592,2147483648,5869780992,366018560
209,1772017154612,3204,3204,3204,3204,3204,3204,3204,3204,33.333335876464844,25,20,19.047618865966797,5,0,0,0,5.217705726623535,8589934592,2147483648,5870256128,366018560
207,1772017154822,3204,3204,3204,3204,3204,3204,3204,3204,20,20,23.809524536132813,9.523809432983398,18.18181800842285,9.523809432983398,10,4.761904716491699,5.217705726623535,8589934592,2147483648,5874089984,366018560
200,1772017155029,3204,3204,3204,3204,3204,3204,3204,3204,33.333335876464844,30.000001907348633,28.571430206298828,25,10,0,0,0,5.217705726623535,8589934592,2147483648,5877006336,366018560
204,1772017155230,3204,3204,3204,3204,3204,3204,3204,3204,35,28.571430206298828,21.052631378173828,19.047618865966797,10,14.285715103149414,5,5,5.217705726623535,8589934592,2147483648,5878185984,366018560
207,1772017155436,3204,3204,3204,3204,3204,3204,3204,3204,28.571430206298828,30.000001907348633,23.809524536132813,15.000000953674316,5,4.761904716491699,4.545454502105713,4.761904716491699,5.0908966064453125,8589934592,2147483648,5877399552,366018560
206,1772017155644,3204,3204,3204,3204,3204,3204,3204,3204,20,28.571430206298828,19.047618865966797,19.047618865966797,4.761904716491699,0,0,0,5.0908966064453125,8589934592,2147483648,5877022720,366018560
207,1772017155851,3204,3204,3204,3204,3204,3204,3204,3204,28.571430206298828,28.571430206298828,15.000000953674316,20,9.090909004211426,5,4.761904716491699,4.545454502105713,5.0908966064453125,8589934592,2147483648,5877022720,366018560
201,1772017156059,3204,3204,3204,3204,3204,3204,3204,3204,25,25,19.047618865966797,27.272727966308594,4.761904716491699,4.761904716491699,4.761904716491699,0,5.0908966064453125,8589934592,2147483648,5877022720,366018560
207,1772017156261,3204,3204,3204,3204,3204,3204,3204,3204,30.000001907348633,30.000001907348633,20,15.789472579956055,0,4.761904716491699,4.761904716491699,4.761904716491699,5.539363861083984,8589934592,2147483648,5903843328,366018560
209,1772017156469,3204,3204,3204,3204,3204,3204,3204,3204,23.809524536132813,19.047618865966797,28.571430206298828,23.809524536132813,4.761904716491699,0,0,0,5.539363861083984,8589934592,2147483648,5904662528,366018560
204,1772017156679,3204,3204,3204,3204,3204,3204,3204,3204,19.047618865966797,19.047618865966797,23.809524536132813,19.047618865966797,5,5,4.761904716491699,4.761904716491699,5.539363861083984,8589934592,2147483648,5904547840,366018560
209,1772017156884,3204,3204,3204,3204,3204,3204,3204,3204,28.571430206298828,20,30.000001907348633,19.047618865966797,4.545454502105713,8.69565200805664,0,0,5.539363861083984,8589934592,2147483648,5902352384,366018560
209,1772017157094,3204,3204,3204,3204,3204,3204,3204,3204,20,28.571430206298828,23.809524536132813,15.789472579956055,9.523809432983398,0,4.761904716491699,0,5.539363861083984,8589934592,2147483648,5901713408,366018560
209,1772017157304,3204,3204,3204,3204,3204,3204,3204,3204,23.809524536132813,19.047618865966797,23.809524536132813,22.72727394104004,5,5,19.047618865966797,4.761904716491699,5.195378303527832,8589934592,2147483648,5880610816,366018560
207,1772017157514,3204,3204,3204,3204,3204,3204,3204,3204,31.81818199157715,28.571430206298828,19.047618865966797,23.809524536132813,9.090909004211426,4.545454502105713,4.761904716491699,0,5.195378303527832,8589934592,2147483648,5880643584,366018560
203,1772017157721,3204,3204,3204,3204,3204,3204,3204,3204,21.052631378173828,15.000000953674316,20,15.000000953674316,0,0,0,0,5.195378303527832,8589934592,2147483648,5880643584,366018560
208,1772017157925,3204,3204,3204,3204,3204,3204,3204,3204,28.571430206298828,25,23.809524536132813,19.047618865966797,4.761904716491699,0,4.761904716491699,0,5.195378303527832,8589934592,2147483648,5880643584,366018560
207,1772017158134,3204,3204,3204,3204,3204,3204,3204,3204,28.571430206298828,31.81818199157715,30.000001907348633,20,4.761904716491699,4.761904716491699,4.761904716491699,4.761904716491699,5.195378303527832,8589934592,2147483648,5880643584,366018560
201,1772017158342,3204,3204,3204,3204,3204,3204,3204,3204,20,20,15.000000953674316,13.636363983154297,0,4.761904716491699,4.545454502105713,0,5.103916168212891,8589934592,2147483648,5879644160,366018560
207,1772017158544,3204,3204,3204,3204,3204,3204,3204,3204,30.000001907348633,33.333335876464844,27.272727966308594,20,4.761904716491699,4.761904716491699,0,4.761904716491699,5.103916168212891,8589934592,2147483648,5880430592,366018560
206,1772017158752,3204,3204,3204,3204,3204,3204,3204,3204,19.047618865966797,19.047618865966797,5.263157844543457,10,10,9.523809432983398,4.761904716491699,9.090909004211426,5.103916168212891,8589934592,2147483648,5880250368,366018560
201,1772017158959,3204,3204,3204,3204,3204,3204,3204,3204,23.809524536132813,30.000001907348633,22.72727394104004,15.000000953674316,0,0,0,0,5.103916168212891,8589934592,2147483648,5879775232,366018560
209,1772017159161,3204,3204,3204,3204,3204,3204,3204,3204,35,30.000001907348633,25,23.809524536132813,5,5,5,4.761904716491699,5.103916168212891,8589934592,2147483648,5842731008,366018560
208,1772017159371,3204,3204,3204,3204,3204,3204,3204,3204,20,19.047618865966797,20,19.047618865966797,13.636363983154297,4.761904716491699,9.090909004211426,0,5.171949863433838,8589934592,2147483648,5842255872,366018560
201,1772017159579,3204,3204,3204,3204,3204,3204,3204,3204,36.3636360168457,42.85714340209961,28.571430206298828,28.571430206298828,4.761904716491699,0,0,4.761904716491699,5.171949863433838,8589934592,2147483648,5808930816,366018560
199,1772017159781,3204,3204,3204,3204,3204,3204,3204,3204,15.789472579956055,21.052631378173828,23.809524536132813,10.526315689086914,15.789472579956055,5,4.761904716491699,0,5.171949863433838,8589934592,2147483648,5808930816,366018560
209,1772017159981,3204,3204,3204,3204,3204,3204,3204,3204,20,28.571430206298828,21.052631378173828,19.047618865966797,9.523809432983398,13.636363983154297,5.263157844543457,9.523809432983398,5.171949863433838,8589934592,2147483648,5808930816,366018560
202,1772017160191,3204,3204,3204,3204,3204,3204,3204,3204,33.333335876464844,28.571430206298828,22.72727394104004,20,4.761904716491699,0,0,0,5.171949863433838,8589934592,2147483648,5808930816,366018560
209,1772017160394,3204,3204,3204,3204,3204,3204,3204,3204,25,25,21.052631378173828,19.047618865966797,0,4.761904716491699,0,0,5.141745567321777,8589934592,2147483648,5851594752,366018560
203,1772017160604,3204,3204,3204,3204,3204,3204,3204,3204,28.571430206298828,20,19.047618865966797,25,4.761904716491699,0,4.761904716491699,0,5.141745567321777,8589934592,2147483648,5852381184,366018560
202,1772017160809,3204,3204,3204,3204,3204,3204,3204,3204,20,28.571430206298828,19.047618865966797,23.809524536132813,0,0,0,4.761904716491699,5.141745567321777,8589934592,2147483648,5851971584,366018560
208,1772017161012,3204,3204,3204,3204,3204,3204,3204,3204,23.809524536132813,25,25,19.047618865966797,0,4.761904716491699,0,0,5.141745567321777,8589934592,2147483648,5836472320,366018560
209,1772017161221,3204,3204,3204,3204,3204,3204,3204,3204,30.000001907348633,33.333335876464844,20,20,9.090909004211426,5,5,5,5.141745567321777,8589934592,2147483648,5836472320,366018560
206,1772017161431,3204,3204,3204,3204,3204,3204,3204,3204,33.333335876464844,19.047618865966797,19.047618865966797,14.285715103149414,14.285715103149414,4.761904716491699,4.545454502105713,4.761904716491699,5.391037940979004,8589934592,2147483648,5837815808,366018560
200,1772017161638,3204,3204,3204,3204,3204,3204,3204,3204,33.333335876464844,20,19.047618865966797,15.000000953674316,0,0,4.761904716491699,0,5.391037940979004,8589934592,2147483648,5826920448,366018560
206,1772017161839,3204,3204,3204,3204,3204,3204,3204,3204,35,15.000000953674316,20,15.000000953674316,5,4.761904716491699,0,0,5.391037940979004,8589934592,2147483648,5824708608,366018560
204,1772017162046,3204,3204,3204,3204,3204,3204,3204,3204,21.052631378173828,27.272727966308594,19.047618865966797,19.047618865966797,4.761904716491699,4.761904716491699,4.761904716491699,4.761904716491699,5.391037940979004,8589934592,2147483648,5825019904,366018560
209,1772017162251,3204,3204,3204,3204,3204,3204,3204,3204,36.3636360168457,21.052631378173828,25,20,15.000000953674316,20,5,4.761904716491699,5.16091251373291,8589934592,2147483648,5827166208,366018560
207,1772017162461,3204,3204,3204,3204,3204,3204,3204,3204,35,36.3636360168457,30.000001907348633,33.333335876464844,42.85714340209961,33.333335876464844,40.90909194946289,28.571430206298828,5.16091251373291,8589934592,2147483648,5825134592,366018560
208,1772017162669,3204,3204,3204,3204,3204,3204,3204,3204,28.571430206298828,21.052631378173828,18.18181800842285,14.285715103149414,0,0,0,0,5.16091251373291,8589934592,2147483648,5827608576,366018560
203,1772017162877,3204,3204,3204,3204,3204,3204,3204,3204,23.809524536132813,22.72727394104004,15.000000953674316,19.047618865966797,4.761904716491699,4.761904716491699,4.761904716491699,4.761904716491699,5.16091251373291,8589934592,2147483648,5827608576,366018560
201,1772017163081,3204,3204,3204,3204,3204,3204,3204,3204,30.000001907348633,25,23.809524536132813,23.809524536132813,0,0,0,0,5.16091251373291,8589934592,2147483648,5827608576,366018560
202,1772017163284,3204,3204,3204,3204,3204,3204,3204,3204,28.571430206298828,30.000001907348633,15.000000953674316,15.000000953674316,0,0,0,0,5.382190704345703,8589934592,2147483648,5827608576,366018560
209,1772017163486,3204,3204,3204,3204,3204,3204,3204,3204,21.052631378173828,33.333335876464844,25,20,15.000000953674316,5,0,0,5.382190704345703,8589934592,2147483648,5837078528,366018560
203,1772017163697,3204,3204,3204,3204,3204,3204,3204,3204,33.333335876464844,21.052631378173828,20,28.571430206298828,9.523809432983398,4.761904716491699,4.761904716491699,4.545454502105713,5.382190704345703,8589934592,2147483648,5817303040,366018560
204,1772017163900,3204,3204,3204,3204,3204,3204,3204,3204,20,23.809524536132813,27.272727966308594,10.526315689086914,13.636363983154297,9.523809432983398,0,5,5.382190704345703,8589934592,2147483648,5816909824,366018560
204,1772017164105,3204,3204,3204,3204,3204,3204,3204,3204,33.333335876464844,20,20,23.809524536132813,0,4.761904716491699,4.761904716491699,0,5.382190704345703,8589934592,2147483648,5816909824,366018560
199,1772017164311,3204,3204,3204,3204,3204,3204,3204,3204,25,28.571430206298828,20,20,5,5,4.761904716491699,5,5.859565258026123,8589934592,2147483648,5816909824,366018560
207,1772017164511,3204,3204,3204,3204,3204,3204,3204,3204,20,26.3157901763916,15.789472579956055,28.571430206298828,5,5,0,0,5.859565258026123,8589934592,2147483648,5811978240,366018560
200,1772017164718,3204,3204,3204,3204,3204,3204,3204,3204,28.571430206298828,27.272727966308594,22.72727394104004,20,4.761904716491699,0,4.761904716491699,4.761904716491699,5.859565258026123,8589934592,2147483648,5813420032,366018560
208,1772017164919,3204,3204,3204,3204,3204,3204,3204,3204,57.894737243652344,47.36842346191406,50,50,10.526315689086914,23.809524536132813,5.263157844543457,5,5.859565258026123,8589934592,2147483648,5819678720,366018560
201,1772017165128,3204,3204,3204,3204,3204,3204,3204,3204,63.6363639831543,47.619049072265625,40,52.38095474243164,0,0,8.69565200805664,0,5.859565258026123,8589934592,2147483648,5828575232,366018560
203,1772017165329,3204,3204,3204,3204,3204,3204,3204,3204,50,50,45,35,23.809524536132813,14.285715103149414,0,0,5.704671382904053,8589934592,2147483648,5830639616,366018560
209,1772017165534,3204,3204,3204,3204,3204,3204,3204,3204,47.36842346191406,50,47.619049072265625,40,5,0,0,4.761904716491699,5.704671382904053,8589934592,2147483648,5844238336,366018560
202,1772017165743,3204,3204,3204,3204,3204,3204,3204,3204,72.7272720336914,68.18181610107422,70,63.6363639831543,13.636363983154297,9.523809432983398,4.761904716491699,4.761904716491699,5.704671382904053,8589934592,2147483648,5840601088,366018560
207,1772017165946,3204,3204,3204,3204,3204,3204,3204,3204,60.000003814697266,55,50,50,5,5,5,4.761904716491699,5.704671382904053,8589934592,2147483648,5838471168,366018560
209,1772017166155,3204,3204,3204,3204,3204,3204,3204,3204,47.619049072265625,40,42.85714340209961,45,0,0,0,0,5.704671382904053,8589934592,2147483648,5840388096,366018560
203,1772017166365,3204,3204,3204,3204,3204,3204,3204,3204,55,52.38095474243164,47.619049072265625,50,4.761904716491699,4.761904716491699,4.761904716491699,0,6.171428203582764,8589934592,2147483648,5839126528,366018560
207,1772017166569,3204,3204,3204,3204,3204,3204,3204,3204,52.38095474243164,61.904762268066406,47.619049072265625,60.000003814697266,4.761904716491699,0,0,0,6.171428203582764,8589934592,2147483648,5839060992,366018560
205,1772017166778,3204,3204,3204,3204,3204,3204,3204,3204,50,50,47.619049072265625,52.38095474243164,4.761904716491699,4.761904716491699,4.761904716491699,4.761904716491699,6.171428203582764,8589934592,2147483648,5840371712,366018560
206,1772017166985,3204,3204,3204,3204,3204,3204,3204,3204,47.619049072265625,38.095237731933594,35,40,0,5,0,0,6.171428203582764,8589934592,2147483648,5839929344,366018560
208,1772017167192,3204,3204,3204,3204,3204,3204,3204,3204,52.38095474243164,57.142860412597656,47.619049072265625,40,4.761904716491699,9.090909004211426,4.761904716491699,4.761904716491699,6.171428203582764,8589934592,2147483648,5840191488,366018560
209,1772017167401,3204,3204,3204,3204,3204,3204,3204,3204,55,61.904762268066406,47.619049072265625,71.42857360839844,23.809524536132813,10,0,0,6.381279468536377,8589934592,2147483648,5840486400,366018560
205,1772017167612,3204,3204,3204,3204,3204,3204,3204,3204,50,40,47.619049072265625,36.3636360168457,4.761904716491699,4.761904716491699,4.761904716491699,4.545454502105713,6.381279468536377,8589934592,2147483648,5840764928,366018560
200,1772017167818,3204,3204,3204,3204,3204,3204,3204,3204,55,45,47.36842346191406,45,5,9.090909004211426,0,0,6.381279468536377,8589934592,2147483648,5851906048,366018560
207,1772017168019,3204,3204,3204,3204,3204,3204,3204,3204,36.842105865478516,45,47.619049072265625,40,5,5,4.761904716491699,5,6.381279468536377,8589934592,2147483648,5840568320,366018560
207,1772017168228,3204,3204,3204,3204,3204,3204,3204,3204,50,54.54545593261719,55,40,9.523809432983398,5,5,9.090909004211426,6.381279468536377,8589934592,2147483648,5843501056,366018560
207,1772017168436,3204,3204,3204,3204,3204,3204,3204,3204,52.38095474243164,55,52.38095474243164,57.142860412597656,4.761904716491699,4.761904716491699,4.545454502105713,0,5.828709602355957,8589934592,2147483648,5843501056,366018560
209,1772017168645,3204,3204,3204,3204,3204,3204,3204,3204,57.894737243652344,52.38095474243164,47.619049072265625,47.619049072265625,4.545454502105713,0,0,0,5.828709602355957,8589934592,2147483648,5844697088,366018560
205,1772017168855,3204,3204,3204,3204,3204,3204,3204,3204,38.095237731933594,38.095237731933594,40.90909194946289,28.571430206298828,10.526315689086914,5,13.636363983154297,9.090909004211426,5.828709602355957,8589934592,2147483648,5843337216,366018560
208,1772017169061,3204,3204,3204,3204,3204,3204,3204,3204,27.272727966308594,25,21.052631378173828,14.285715103149414,4.761904716491699,4.761904716491699,0,0,5.828709602355957,8589934592,2147483648,5842862080,366018560
206,1772017169270,3204,3204,3204,3204,3204,3204,3204,3204,35,31.81818199157715,36.3636360168457,30.000001907348633,4.761904716491699,0,0,0,5.770851135253906,8589934592,2147483648,5843763200,366018560
208,1772017169477,3204,3204,3204,3204,3204,3204,3204,3204,38.095237731933594,31.57894515991211,60.000003814697266,36.3636360168457,0,4.545454502105713,4.545454502105713,0,5.770851135253906,8589934592,2147483648,5842075648,366018560
200,1772017169686,3204,3204,3204,3204,3204,3204,3204,3204,25,23.809524536132813,28.571430206298828,19.047618865966797,0,0,0,4.545454502105713,5.770851135253906,8589934592,2147483648,5843582976,366018560
209,1772017169886,3204,3204,3204,3204,3204,3204,3204,3204,42.85714340209961,30.000001907348633,25,21.052631378173828,18.18181800842285,14.285715103149414,10,5.263157844543457,5.770851135253906,8589934592,2147483648,5852266496,366018560
203,1772017170096,3204,3204,3204,3204,3204,3204,3204,3204,33.333335876464844,28.571430206298828,15.000000953674316,19.047618865966797,60.000003814697266,40,52.38095474243164,14.285715103149414,5.770851135253906,8589934592,2147483648,5861638144,366018560
208,1772017170300,3204,3204,3204,3204,3204,3204,3204,3204,30.000001907348633,30.000001907348633,31.81818199157715,28.571430206298828,10,85.71428680419922,0,0,5.524914741516113,8589934592,2147483648,5862768640,366018560
208,1772017170509,3204,3204,3204,3204,3204,3204,3204,3204,15.000000953674316,19.047618865966797,25,5.263157844543457,0,35,0,0,5.524914741516113,8589934592,2147483648,5860261888,366018560
209,1772017170717,3204,3204,3204,3204,3204,3204,3204,3204,33.333335876464844,23.809524536132813,15.000000953674316,22.72727394104004,4.761904716491699,90.90909576416016,9.523809432983398,0,5.524914741516113,8589934592,2147483648,5860818944,366018560
209,1772017170927,3204,3204,3204,3204,3204,3204,3204,3204,20,15.000000953674316,19.047618865966797,5,0,0,100,0,5.524914741516113,8589934592,2147483648,5855985664,366018560
206,1772017171137,3204,3204,3204,3204,3204,3204,3204,3204,30.434782028198242,22.72727394104004,33.333335876464844,19.047618865966797,0,0,38.095237731933594,0,5.524914741516113,8589934592,2147483648,5855444992,366018560
207,1772017171344,3204,3204,3204,3204,3204,3204,3204,3204,25,25,19.047618865966797,28.571430206298828,4.545454502105713,4.761904716491699,100,4.545454502105713,7.912294864654541,8589934592,2147483648,5855297536,366018560
207,1772017171551,3204,3204,3204,3204,3204,3204,3204,3204,20,15.000000953674316,19.047618865966797,19.047618865966797,9.523809432983398,0,0,90.47618865966797,7.912294864654541,8589934592,2147483648,5854658560,366018560
207,1772017171759,3204,3204,3204,3204,3204,3204,3204,3204,28.571430206298828,28.571430206298828,15.000000953674316,25,80.95238494873047,14.285715103149414,4.545454502105713,0,7.912294864654541,8589934592,2147483648,5855035392,366018560
207,1772017171967,3204,3204,3204,3204,3204,3204,3204,3204,19.047618865966797,23.809524536132813,19.047618865966797,19.047618865966797,75,45,0,0,7.912294864654541,8589934592,2147483648,5852741632,366018560
209,1772017172175,3204,3204,3204,3204,3204,3204,3204,3204,21.052631378173828,23.809524536132813,19.047618865966797,28.571430206298828,33.333335876464844,36.3636360168457,4.761904716491699,40,7.912294864654541,8589934592,2147483648,5847793664,366018560
209,1772017172384,3204,3204,3204,3204,3204,3204,3204,3204,40.90909194946289,38.095237731933594,30.000001907348633,30.000001907348633,40,50,40,34.78260803222656,9.067851066589355,8589934592,2147483648,5845139456,366018560
205,1772017172595,3204,3204,3204,3204,3204,3204,3204,3204,15.000000953674316,15.000000953674316,23.809524536132813,13.636363983154297,57.142860412597656,33.333335876464844,9.523809432983398,0,9.067851066589355,8589934592,2147483648,5845090304,366018560
209,1772017172801,3204,3204,3204,3204,3204,3204,3204,3204,19.047618865966797,19.047618865966797,23.809524536132813,15.000000953674316,40.90909194946289,80,0,0,9.067851066589355,8589934592,2147483648,5846712320,366018560
205,1772017173011,3204,3204,3204,3204,3204,3204,3204,3204,20,23.809524536132813,23.809524536132813,19.047618865966797,5,52.38095474243164,0,4.761904716491699,9.067851066589355,8589934592,2147483648,5846204416,366018560
208,1772017173217,3204,3204,3204,3204,3204,3204,3204,3204,28.571430206298828,23.809524536132813,20,23.809524536132813,4.761904716491699,100,4.761904716491699,0,9.067851066589355,8589934592,2147483648,5846204416,366018560
209,1772017173425,3204,3204,3204,3204,3204,3204,3204,3204,28.571430206298828,19.047618865966797,19.047618865966797,10,0,85.71428680419922,0,0,10.63703727722168,8589934592,2147483648,5846204416,366018560
208,1772017173635,3204,3204,3204,3204,3204,3204,3204,3204,30.000001907348633,20,22.72727394104004,19.047618865966797,4.761904716491699,57.142860412597656,0,4.545454502105713,10.63703727722168,8589934592,2147483648,5846204416,366018560
209,1772017173844,3204,3204,3204,3204,3204,3204,3204,3204,27.272727966308594,20,15.000000953674316,19.047618865966797,40,52.38095474243164,18.18181800842285,0,10.63703727722168,8589934592,2147483648,5846614016,366018560
200,1772017174054,3204,3204,3204,3204,3204,3204,3204,3204,30.000001907348633,23.809524536132813,23.809524536132813,19.047618865966797,38.095237731933594,10,45,0,10.63703727722168,8589934592,2147483648,5845942272,366018560
205,1772017174254,3204,3204,3204,3204,3204,3204,3204,3204,33.333335876464844,23.809524536132813,20,20,15.000000953674316,25,20,10,10.491455078125,8589934592,2147483648,5856919552,366018560
203,1772017174461,3204,3204,3204,3204,3204,3204,3204,3204,25,19.047618865966797,10.526315689086914,19.047618865966797,0,100,0,0,10.491455078125,8589934592,2147483648,5843795968,366018560
209,1772017174665,3204,3204,3204,3204,3204,3204,3204,3204,25,20,19.047618865966797,10.526315689086914,70,28.571430206298828,0,0,10.491455078125,8589934592,2147483648,5843304448,366018560
206,1772017174875,3204,3204,3204,3204,3204,3204,3204,3204,30.000001907348633,20,19.047618865966797,18.18181800842285,66.66667175292969,4.545454502105713,18.18181800842285,9.523809432983398,10.491455078125,8589934592,2147483648,5844549632,366018560
209,1772017175081,3204,3204,3204,3204,3204,3204,3204,3204,23.809524536132813,14.285715103149414,19.047618865966797,15.000000953674316,4.761904716491699,0,100,4.761904716491699,10.491455078125,8589934592,2147483648,5850333184,366018560
206,1772017175291,3204,3204,3204,3204,3204,3204,3204,3204,22.72727394104004,20,19.047618865966797,28.571430206298828,0,0,42.85714340209961,0,9.544743537902832,8589934592,2147483648,5852430336,366018560
203,1772017175498,3204,3204,3204,3204,3204,3204,3204,3204,30.000001907348633,23.809524536132813,20,23.809524536132813,0,0,90.47618865966797,0,9.544743537902832,8589934592,2147483648,5852151808,366018560
208,1772017175701,3204,3204,3204,3204,3204,3204,3204,3204,25,15.000000953674316,15.000000953674316,25,4.761904716491699,76.19047546386719,0,0,9.544743537902832,8589934592,2147483648,5851086848,366018560
205,1772017175910,3204,3204,3204,3204,3204,3204,3204,3204,28.571430206298828,23.809524536132813,22.72727394104004,23.809524536132813,5,52.38095474243164,0,0,9.544743537902832,8589934592,2147483648,5852413952,366018560
203,1772017176116,3204,3204,3204,3204,3204,3204,3204,3204,20,15.000000953674316,10.526315689086914,21.052631378173828,9.090909004211426,70,0,30.000001907348633,9.544743537902832,8589934592,2147483648,5872812032,366018560
207,1772017176319,3204,3204,3204,3204,3204,3204,3204,3204,40,35,25,31.81818199157715,21.052631378173828,10,14.285715103149414,4.761904716491699,10.500967025756836,8589934592,2147483648,5872812032,366018560
207,1772017176527,3204,3204,3204,3204,3204,3204,3204,3204,28.571430206298828,23.809524536132813,28.571430206298828,15.789472579956055,76.19047546386719,19.047618865966797,14.285715103149414,0,10.500967025756836,8589934592,2147483648,5872812032,366018560
207,1772017176735,3204,3204,3204,3204,3204,3204,3204,3204,33.333335876464844,33.333335876464844,33.333335876464844,27.272727966308594,60.000003814697266,0,0,0,10.500967025756836,8589934592,2147483648,5872812032,366018560
200,1772017176943,3204,3204,3204,3204,3204,3204,3204,3204,35,30.000001907348633,33.333335876464844,25,19.047618865966797,35,9.523809432983398,0,10.500967025756836,8589934592,2147483648,5856690176,366018560
199,1772017177144,3204,3204,3204,3204,3204,3204,3204,3204,21.052631378173828,28.571430206298828,30.000001907348633,20,0,80.95238494873047,15.000000953674316,4.761904716491699,10.500967025756836,8589934592,2147483648,5865848832,366018560
209,1772017177344,3204,3204,3204,3204,3204,3204,3204,3204,40,36.842105865478516,31.57894515991211,35,26.3157901763916,10,19.047618865966797,5,9.423527717590332,8589934592,2147483648,5859049472,366018560
206,1772017177554,3204,3204,3204,3204,3204,3204,3204,3204,28.571430206298828,23.809524536132813,28.571430206298828,15.000000953674316,18.18181800842285,75,9.523809432983398,0,9.423527717590332,8589934592,2147483648,5855051776,366018560
205,1772017177761,3204,3204,3204,3204,3204,3204,3204,3204,38.095237731933594,30.000001907348633,33.333335876464844,27.272727966308594,15.000000953674316,47.619049072265625,0,0,9.423527717590332,8589934592,2147483648,5852610560,366018560
204,1772017177967,3204,3204,3204,3204,3204,3204,3204,3204,40,52.38095474243164,30.000001907348633,35,33.333335876464844,4.761904716491699,0,4.545454502105713,9.423527717590332,8589934592,2147483648,5854789632,366018560
209,1772017178172,3204,3204,3204,3204,3204,3204,3204,3204,47.619049072265625,45,42.85714340209961,38.095237731933594,15.000000953674316,50,0,0,9.423527717590332,8589934592,2147483648,5854429184,366018560
208,1772017178382,3204,3204,3204,3204,3204,3204,3204,3204,30.000001907348633,38.095237731933594,30.000001907348633,20,9.523809432983398,0,4.761904716491699,0,10.573814392089844,8589934592,2147483648,5858066432,366018560
209,1772017178591,3204,3204,3204,3204,3204,3204,3204,3204,25,20,28.571430206298828,23.809524536132813,14.285715103149414,9.523809432983398,4.761904716491699,4.761904716491699,10.573814392089844,8589934592,2147483648,5853036544,366018560
208,1772017178800,3204,3204,3204,3204,3204,3204,3204,3204,28.571430206298828,19.047618865966797,23.809524536132813,23.809524536132813,9.523809432983398,9.523809432983398,5,4.761904716491699,10.573814392089844,8589934592,2147483648,5856411648,366018560
207,1772017179009,3204,3204,3204,3204,3204,3204,3204,3204,31.81818199157715,22.72727394104004,14.285715103149414,19.047618865966797,4.761904716491699,5,4.761904716491699,0,10.573814392089844,8589934592,2147483648,5856362496,366018560
205,1772017179217,3204,3204,3204,3204,3204,3204,3204,3204,38.095237731933594,25,23.809524536132813,23.809524536132813,0,4.545454502105713,0,4.761904716491699,10.573814392089844,8589934592,2147483648,5855526912,366018560
209,1772017179423,3204,3204,3204,3204,3204,3204,3204,3204,25,30.000001907348633,25,10.526315689086914,10,10,9.523809432983398,5,9.874777793884277,8589934592,2147483648,5860311040,366018560
208,1772017179633,3204,3204,3204,3204,3204,3204,3204,3204,35,27.272727966308594,23.809524536132813,18.18181800842285,9.090909004211426,4.761904716491699,0,4.545454502105713,9.874777793884277,8589934592,2147483648,5859311616,366018560
209,1772017179842,3204,3204,3204,3204,3204,3204,3204,3204,28.571430206298828,30.000001907348633,23.809524536132813,19.047618865966797,9.523809432983398,9.090909004211426,13.043478012084961,5,9.874777793884277,8589934592,2147483648,5860524032,366018560
207,1772017180052,3204,3204,3204,3204,3204,3204,3204,3204,22.72727394104004,14.285715103149414,9.523809432983398,20,14.285715103149414,5,15.000000953674316,9.090909004211426,9.874777793884277,8589934592,2147483648,5861031936,366018560
208,1772017180260,3204,3204,3204,3204,3204,3204,3204,3204,28.571430206298828,28.571430206298828,20,28.571430206298828,4.761904716491699,0,0,0,5.365534782409668,8589934592,2147483648,5857837056,366018560
201,1772017180469,3204,3204,3204,3204,3204,3204,3204,3204,40,42.85714340209961,42.85714340209961,38.095237731933594,28.571430206298828,31.81818199157715,28.571430206298828,28.571430206298828,5.365534782409668,8589934592,2147483648,5857837056,366018560
205,1772017180671,3204,3204,3204,3204,3204,3204,3204,3204,15.000000953674316,15.000000953674316,20,10,5.263157844543457,9.523809432983398,5,9.523809432983398,5.365534782409668,8589934592,2147483648,5857837056,366018560
212,1772017180877,3204,3204,3204,3204,3204,3204,3204,3204,25,25,25,28.571430206298828,4.761904716491699,0,0,0,5.365534782409668,8589934592,2147483648,5857837056,366018560
203,1772017181090,3204,3204,3204,3204,3204,3204,3204,3204,40.90909194946289,33.333335876464844,31.81818199157715,40,19.047618865966797,19.047618865966797,18.18181800842285,14.285715103149414,5.365534782409668,8589934592,2147483648,5860589568,366018560
202,1772017181295,3204,3204,3204,3204,3204,3204,3204,3204,20,10,10,23.809524536132813,13.636363983154297,10,10,10,5.520920276641846,8589934592,2147483648,5852086272,366018560
205,1772017181498,3204,3204,3204,3204,3204,3204,3204,3204,25,23.809524536132813,25,23.809524536132813,0,0,0,0,5.520920276641846,8589934592,2147483648,5852037120,366018560
206,1772017181704,3204,3204,3204,3204,3204,3204,3204,3204,25,28.571430206298828,19.047618865966797,15.000000953674316,5,4.761904716491699,0,5,5.520920276641846,8589934592,2147483648,5851938816,366018560
206,1772017181911,3204,3204,3204,3204,3204,3204,3204,3204,23.809524536132813,30.000001907348633,19.047618865966797,20,0,0,8.69565200805664,0,5.520920276641846,8589934592,2147483648,5853757440,366018560
201,1772017182117,3204,3204,3204,3204,3204,3204,3204,3204,25,28.571430206298828,20,22.72727394104004,0,4.545454502105713,0,0,5.520920276641846,8589934592,2147483648,5853134848,366018560
209,1772017182319,3204,3204,3204,3204,3204,3204,3204,3204,33.333335876464844,21.052631378173828,20,20,10,10.526315689086914,0,4.761904716491699,6.46645450592041,8589934592,2147483648,5855690752,366018560
205,1772017182529,3204,3204,3204,3204,3204,3204,3204,3204,23.809524536132813,31.81818199157715,15.000000953674316,15.000000953674316,4.545454502105713,4.545454502105713,13.636363983154297,0,6.46645450592041,8589934592,2147483648,5855690752,366018560
209,1772017182736,3204,3204,3204,3204,3204,3204,3204,3204,20,30.000001907348633,23.809524536132813,20,15.000000953674316,9.523809432983398,5,4.761904716491699,6.46645450592041,8589934592,2147483648,5855690752,366018560
201,1772017182946,3204,3204,3204,3204,3204,3204,3204,3204,23.809524536132813,23.809524536132813,19.047618865966797,18.18181800842285,0,0,0,0,6.46645450592041,8589934592,2147483648,5855690752,366018560
202,1772017183148,3204,3204,3204,3204,3204,3204,3204,3204,40,50,33.333335876464844,25,0,0,0,4.761904716491699,6.46645450592041,8589934592,2147483648,5851889664,366018560
207,1772017183351,3204,3204,3204,3204,3204,3204,3204,3204,47.619049072265625,60.000003814697266,35,30.000001907348633,4.761904716491699,0,0,0,5.065474510192871,8589934592,2147483648,5852495872,366018560
201,1772017183559,3204,3204,3204,3204,3204,3204,3204,3204,55,40,30.000001907348633,28.571430206298828,5,4.545454502105713,4.545454502105713,0,5.065474510192871,8589934592,2147483648,5853167616,366018560
207,1772017183761,3204,3204,3204,3204,3204,3204,3204,3204,42.105262756347656,42.85714340209961,45,25,0,0,0,0,5.065474510192871,8589934592,2147483648,5843845120,366018560
208,1772017183969,3204,3204,3204,3204,3204,3204,3204,3204,47.619049072265625,40,28.571430206298828,30.000001907348633,9.523809432983398,5,5,0,5.065474510192871,8589934592,2147483648,5843845120,366018560
206,1772017184178,3204,3204,3204,3204,3204,3204,3204,3204,50,52.38095474243164,30.000001907348633,38.095237731933594,4.761904716491699,0,0,4.761904716491699,5.065474510192871,8589934592,2147483648,5832278016,366018560
208,1772017184385,3204,3204,3204,3204,3204,3204,3204,3204,42.85714340209961,45,36.3636360168457,25,0,0,0,0,5.492478370666504,8589934592,2147483648,5834752000,366018560
205,1772017184594,3204,3204,3204,3204,3204,3204,3204,3204,52.38095474243164,42.85714340209961,47.619049072265625,28.571430206298828,0,0,0,0,5.492478370666504,8589934592,2147483648,5834752000,366018560
208,1772017184800,3204,3204,3204,3204,3204,3204,3204,3204,60.000003814697266,45,31.57894515991211,28.571430206298828,15.000000953674316,14.285715103149414,9.523809432983398,5,5.492478370666504,8589934592,2147483648,5833916416,366018560
201,1772017185009,3204,3204,3204,3204,3204,3204,3204,3204,50,40.90909194946289,28.571430206298828,38.095237731933594,22.72727394104004,4.761904716491699,4.545454502105713,4.761904716491699,5.492478370666504,8589934592,2147483648,5835390976,366018560
209,1772017185211,3204,3204,3204,3204,3204,3204,3204,3204,47.619049072265625,42.105262756347656,25,25,0,4.761904716491699,10,0,5.492478370666504,8589934592,2147483648,5824512000,366018560
206,1772017185421,3204,3204,3204,3204,3204,3204,3204,3204,40,35,38.095237731933594,35,9.090909004211426,0,0,0,5.687994480133057,8589934592,2147483648,5829410816,366018560
207,1772017185628,3204,3204,3204,3204,3204,3204,3204,3204,30.000001907348633,38.095237731933594,28.571430206298828,19.047618865966797,0,0,0,0,5.687994480133057,8589934592,2147483648,5830508544,366018560
208,1772017185835,3204,3204,3204,3204,3204,3204,3204,3204,23.809524536132813,23.809524536132813,14.285715103149414,23.809524536132813,0,0,0,0,5.687994480133057,8589934592,2147483648,5830541312,366018560
209,1772017186044,3204,3204,3204,3204,3204,3204,3204,3204,23.809524536132813,33.333335876464844,15.000000953674316,19.047618865966797,4.761904716491699,9.090909004211426,4.761904716491699,4.761904716491699,5.687994480133057,8589934592,2147483648,5829623808,366018560
206,1772017186254,3204,3204,3204,3204,3204,3204,3204,3204,28.571430206298828,30.000001907348633,23.809524536132813,23.809524536132813,0,0,0,0,6.0080766677856445,8589934592,2147483648,5823447040,366018560
203,1772017186461,3204,3204,3204,3204,3204,3204,3204,3204,23.809524536132813,33.333335876464844,22.72727394104004,20,0,0,0,0,6.0080766677856445,8589934592,2147483648,5825216512,366018560
205,1772017186665,3204,3204,3204,3204,3204,3204,3204,3204,35,33.333335876464844,15.789472579956055,20,5,5,5,4.761904716491699,6.0080766677856445,8589934592,2147483648,5824806912,366018560
201,1772017186871,3204,3204,3204,3204,3204,3204,3204,3204,28.571430206298828,19.047618865966797,19.047618865966797,14.285715103149414,5,5,4.761904716491699,5,6.0080766677856445,8589934592,2147483648,5825527808,366018560
204,1772017187072,3204,3204,3204,3204,3204,3204,3204,3204,30.000001907348633,26.3157901763916,25,25,14.285715103149414,5,0,0,6.0080766677856445,8589934592,2147483648,5825527808,366018560
206,1772017187277,3204,3204,3204,3204,3204,3204,3204,3204,30.000001907348633,23.809524536132813,15.000000953674316,19.047618865966797,0,0,0,0,5.34495210647583,8589934592,2147483648,5822332928,366018560
209,1772017187484,3204,3204,3204,3204,3204,3204,3204,3204,28.571430206298828,20,28.571430206298828,20,5,28.571430206298828,4.761904716491699,4.761904716491699,5.34495210647583,8589934592,2147483648,5824577536,366018560
209,1772017187695,3204,3204,3204,3204,3204,3204,3204,3204,19.047618865966797,23.809524536132813,20,14.285715103149414,13.636363983154297,4.761904716491699,4.761904716491699,4.545454502105713,5.34495210647583,8589934592,2147483648,5824200704,366018560
206,1772017187904,3204,3204,3204,3204,3204,3204,3204,3204,26.3157901763916,28.571430206298828,27.272727966308594,14.285715103149414,0,0,0,0,5.34495210647583,8589934592,2147483648,5824675840,366018560
206,1772017188111,3204,3204,3204,3204,3204,3204,3204,3204,27.272727966308594,25,15.000000953674316,14.285715103149414,0,0,0,0,5.34495210647583,8589934592,2147483648,5824282624,366018560
208,1772017188318,3204,3204,3204,3204,3204,3204,3204,3204,19.047618865966797,33.333335876464844,20,15.000000953674316,5,4.761904716491699,0,4.761904716491699,5.445191860198975,8589934592,2147483648,5823561728,366018560
201,1772017188528,3204,3204,3204,3204,3204,3204,3204,3204,20,33.333335876464844,19.047618865966797,19.047618865966797,0,0,4.545454502105713,0,5.445191860198975,8589934592,2147483648,5824528384,366018560
209,1772017188729,3204,3204,3204,3204,3204,3204,3204,3204,23.809524536132813,35,19.047618865966797,15.000000953674316,0,0,0,0,5.445191860198975,8589934592,2147483648,5824020480,366018560
202,1772017188940,3204,3204,3204,3204,3204,3204,3204,3204,20,28.571430206298828,15.000000953674316,19.047618865966797,5,9.523809432983398,4.761904716491699,0,5.445191860198975,8589934592,2147483648,5824823296,366018560
209,1772017189142,3204,3204,3204,3204,3204,3204,3204,3204,28.571430206298828,35,15.000000953674316,19.047618865966797,9.523809432983398,5,4.761904716491699,5,5.445191860198975,8589934592,2147483648,5826805760,366018560
208,1772017189352,3204,3204,3204,3204,3204,3204,3204,3204,25,28.571430206298828,22.72727394104004,14.285715103149414,9.523809432983398,4.761904716491699,0,0,5.157465934753418,8589934592,2147483648,5822316544,366018560
207,1772017189561,3204,3204,3204,3204,3204,3204,3204,3204,28.571430206298828,28.571430206298828,20,20,0,0,0,0,5.157465934753418,8589934592,2147483648,5824757760,366018560
207,1772017189769,3204,3204,3204,3204,3204,3204,3204,3204,20,28.571430206298828,20,14.285715103149414,0,4.545454502105713,4.545454502105713,0,5.157465934753418,8589934592,2147483648,5824315392,366018560
209,1772017189977,3204,3204,3204,3204,3204,3204,3204,3204,31.81818199157715,30.000001907348633,19.047618865966797,23.809524536132813,4.761904716491699,0,0,0,5.157465934753418,8589934592,2147483648,5822382080,366018560
204,1772017190187,3204,3204,3204,3204,3204,3204,3204,3204,15.000000953674316,14.285715103149414,18.18181800842285,10,15.000000953674316,9.523809432983398,9.523809432983398,9.523809432983398,5.157465934753418,8589934592,2147483648,5826641920,366018560
200,1772017190393,3204,3204,3204,3204,3204,3204,3204,3204,30.000001907348633,23.809524536132813,25,19.047618865966797,0,0,0,4.761904716491699,5.107707500457764,8589934592,2147483648,5826707456,366018560
209,1772017190594,3204,3204,3204,3204,3204,3204,3204,3204,42.85714340209961,21.052631378173828,15.789472579956055,15.000000953674316,0,0,0,0,5.107707500457764,8589934592,2147483648,5831000064,366018560
207,1772017190804,3204,3204,3204,3204,3204,3204,3204,3204,23.809524536132813,22.72727394104004,14.285715103149414,14.285715103149414,9.090909004211426,9.090909004211426,0,0,5.107707500457764,8589934592,2147483648,5829787648,366018560
209,1772017191011,3204,3204,3204,3204,3204,3204,3204,3204,25,30.000001907348633,28.571430206298828,19.047618865966797,4.761904716491699,0,4.761904716491699,0,5.107707500457764,8589934592,2147483648,5832294400,366018560
204,1772017191222,3204,3204,3204,3204,3204,3204,3204,3204,23.809524536132813,22.72727394104004,19.047618865966797,19.047618865966797,0,0,0,0,5.107707500457764,8589934592,2147483648,5831475200,366018560
199,1772017191427,3204,3204,3204,3204,3204,3204,3204,3204,20,21.052631378173828,38.095237731933594,15.000000953674316,10,4.761904716491699,4.761904716491699,5,5.244958400726318,8589934592,2147483648,5825085440,366018560
207,1772017191628,3204,3204,3204,3204,3204,3204,3204,3204,25,20,15.000000953674316,21.052631378173828,4.761904716491699,0,0,0,5.244958400726318,8589934592,2147483648,5824839680,366018560
209,1772017191836,3204,3204,3204,3204,3204,3204,3204,3204,20,19.047618865966797,15.000000953674316,31.81818199157715,9.523809432983398,5,4.761904716491699,5,5.244958400726318,8589934592,2147483648,5824364544,366018560
209,1772017192045,3204,3204,3204,3204,3204,3204,3204,3204,33.333335876464844,28.571430206298828,19.047618865966797,25,0,4.761904716491699,0,0,5.244958400726318,8589934592,2147483648,5825445888,366018560
207,1772017192256,3204,3204,3204,3204,3204,3204,3204,3204,19.047618865966797,23.809524536132813,19.047618865966797,14.285715103149414,9.523809432983398,4.761904716491699,4.761904716491699,4.761904716491699,5.1581010818481445,8589934592,2147483648,5823741952,366018560
203,1772017192464,3204,3204,3204,3204,3204,3204,3204,3204,31.81818199157715,25,23.809524536132813,18.18181800842285,4.761904716491699,28.571430206298828,0,0,5.1581010818481445,8589934592,2147483648,5825937408,366018560
209,1772017192667,3204,3204,3204,3204,3204,3204,3204,3204,21.052631378173828,23.809524536132813,20,20,4.761904716491699,0,0,0,5.1581010818481445,8589934592,2147483648,5825380352,366018560
209,1772017192877,3204,3204,3204,3204,3204,3204,3204,3204,23.809524536132813,30.000001907348633,23.809524536132813,10,0,4.545454502105713,4.761904716491699,0,5.1581010818481445,8589934592,2147483648,5824823296,366018560
207,1772017193088,3204,3204,3204,3204,3204,3204,3204,3204,28.571430206298828,19.047618865966797,28.571430206298828,19.047618865966797,4.761904716491699,5,4.761904716491699,9.090909004211426,5.1581010818481445,8589934592,2147483648,5825445888,366018560
202,1772017193296,3204,3204,3204,3204,3204,3204,3204,3204,23.809524536132813,19.047618865966797,23.809524536132813,19.047618865966797,4.761904716491699,4.761904716491699,0,4.761904716491699,5.221059799194336,8589934592,2147483648,5825003520,366018560
209,1772017193499,3204,3204,3204,3204,3204,3204,3204,3204,25,23.809524536132813,19.047618865966797,25,14.285715103149414,9.523809432983398,9.523809432983398,0,5.221059799194336,8589934592,2147483648,5835325440,366018560
210,1772017193709,3204,3204,3204,3204,3204,3204,3204,3204,23.809524536132813,28.571430206298828,19.047618865966797,19.047618865966797,0,0,0,0,5.221059799194336,8589934592,2147483648,5822922752,366018560
202,1772017193920,3204,3204,3204,3204,3204,3204,3204,3204,38.095237731933594,35,30.000001907348633,30.000001907348633,28.571430206298828,28.571430206298828,23.809524536132813,22.72727394104004,5.221059799194336,8589934592,2147483648,5823119360,366018560
203,1772017194123,3204,3204,3204,3204,3204,3204,3204,3204,20,20,14.285715103149414,13.636363983154297,19.047618865966797,10,10,5,5.221059799194336,8589934592,2147483648,5825724416,366018560
205,1772017194328,3204,3204,3204,3204,3204,3204,3204,3204,25,33.333335876464844,15.000000953674316,15.000000953674316,5,5,4.761904716491699,5,5.184539318084717,8589934592,2147483648,5825052672,366018560
207,1772017194533,3204,3204,3204,3204,3204,3204,3204,3204,28.571430206298828,30.000001907348633,20,23.809524536132813,0,0,0,0,5.184539318084717,8589934592,2147483648,5826428928,366018560
201,1772017194742,3204,3204,3204,3204,3204,3204,3204,3204,28.571430206298828,28.571430206298828,19.047618865966797,19.047618865966797,0,0,0,0,5.184539318084717,8589934592,2147483648,5825888256,366018560
207,1772017194944,3204,3204,3204,3204,3204,3204,3204,3204,21.052631378173828,26.3157901763916,15.000000953674316,15.000000953674316,0,0,0,0,5.184539318084717,8589934592,2147483648,5823315968,366018560
207,1772017195152,3204,3204,3204,3204,3204,3204,3204,3204,28.571430206298828,23.809524536132813,15.000000953674316,5.263157844543457,10,14.285715103149414,0,4.761904716491699,5.184539318084717,8589934592,2147483648,5827264512,366018560
205,1772017195361,3204,3204,3204,3204,3204,3204,3204,3204,23.809524536132813,18.18181800842285,27.272727966308594,18.18181800842285,14.285715103149414,9.523809432983398,4.761904716491699,4.761904716491699,5.591156005859375,8589934592,2147483648,5827264512,366018560
209,1772017195567,3204,3204,3204,3204,3204,3204,3204,3204,28.571430206298828,20,20,15.000000953674316,0,0,0,0,5.591156005859375,8589934592,2147483648,5829771264,366018560
200,1772017195777,3204,3204,3204,3204,3204,3204,3204,3204,30.000001907348633,23.809524536132813,28.571430206298828,23.809524536132813,4.761904716491699,0,4.761904716491699,9.523809432983398,5.591156005859375,8589934592,2147483648,5828919296,366018560
202,1772017195978,3204,3204,3204,3204,3204,3204,3204,3204,28.571430206298828,30.000001907348633,20,15.000000953674316,0,0,0,0,5.591156005859375,8589934592,2147483648,5829017600,366018560
200,1772017196182,3204,3204,3204,3204,3204,3204,3204,3204,25,25,25,15.000000953674316,0,4.761904716491699,0,0,5.591156005859375,8589934592,2147483648,5831278592,366018560
209,1772017196382,3204,3204,3204,3204,3204,3204,3204,3204,20,25,35,20,9.090909004211426,0,0,0,5.172774791717529,8589934592,2147483648,5831278592,366018560
207,1772017196593,3204,3204,3204,3204,3204,3204,3204,3204,20,23.809524536132813,23.809524536132813,14.285715103149414,4.761904716491699,5,9.090909004211426,4.761904716491699,5.172774791717529,8589934592,2147483648,5827215360,366018560
207,1772017196801,3204,3204,3204,3204,3204,3204,3204,3204,19.047618865966797,10,15.000000953674316,14.285715103149414,10,22.72727394104004,4.761904716491699,4.761904716491699,5.172774791717529,8589934592,2147483648,5827051520,366018560
209,1772017197009,3204,3204,3204,3204,3204,3204,3204,3204,28.571430206298828,19.047618865966797,23.809524536132813,14.285715103149414,0,0,0,0,5.172774791717529,8589934592,2147483648,5828182016,366018560
207,1772017197219,3204,3204,3204,3204,3204,3204,3204,3204,28.571430206298828,31.81818199157715,28.571430206298828,20,9.523809432983398,9.090909004211426,4.761904716491699,4.761904716491699,5.172774791717529,8589934592,2147483648,5826330624,366018560
209,1772017197427,3204,3204,3204,3204,3204,3204,3204,3204,25,28.571430206298828,23.809524536132813,22.72727394104004,4.761904716491699,20,0,0,5.428721904754639,8589934592,2147483648,5823053824,366018560
206,1772017197637,3204,3204,3204,3204,3204,3204,3204,3204,31.81818199157715,25,23.809524536132813,20,0,0,0,0,5.428721904754639,8589934592,2147483648,5826412544,366018560
206,1772017197844,3204,3204,3204,3204,3204,3204,3204,3204,30.000001907348633,20,19.047618865966797,14.285715103149414,9.090909004211426,8.69565200805664,4.761904716491699,0,5.428721904754639,8589934592,2147483648,5833048064,366018560
209,1772017198051,3204,3204,3204,3204,3204,3204,3204,3204,28.571430206298828,28.571430206298828,15.000000953674316,19.047618865966797,0,0,0,0,5.428721904754639,8589934592,2147483648,5825921024,366018560
207,1772017198261,3204,3204,3204,3204,3204,3204,3204,3204,35,28.571430206298828,19.047618865966797,14.285715103149414,0,0,0,0,5.407317638397217,8589934592,2147483648,5825806336,366018560
208,1772017198468,3204,3204,3204,3204,3204,3204,3204,3204,28.571430206298828,20,15.000000953674316,15.000000953674316,4.761904716491699,4.761904716491699,4.761904716491699,0,5.407317638397217,8589934592,2147483648,5825331200,366018560
203,1772017198678,3204,3204,3204,3204,3204,3204,3204,3204,33.333335876464844,23.809524536132813,23.809524536132813,14.285715103149414,0,0,0,0,5.407317638397217,8589934592,2147483648,5825708032,366018560
199,1772017198882,3204,3204,3204,3204,3204,3204,3204,3204,30.000001907348633,25,19.047618865966797,15.000000953674316,4.761904716491699,0,0,4.761904716491699,5.407317638397217,8589934592,2147483648,5825200128,366018560
203,1772017199082,3204,3204,3204,3204,3204,3204,3204,3204,20,23.809524536132813,20,15.000000953674316,5.263157844543457,5.263157844543457,5,0,5.407317638397217,8589934592,2147483648,5825937408,366018560
208,1772017199286,3204,3204,3204,3204,3204,3204,3204,3204,15.000000953674316,25,25,10,0,0,0,0,5.134807109832764,8589934592,2147483648,5825511424,366018560
205,1772017199495,3204,3204,3204,3204,3204,3204,3204,3204,20,28.571430206298828,10,19.047618865966797,4.761904716491699,4.761904716491699,0,4.761904716491699,5.134807109832764,8589934592,2147483648,5825511424,366018560
208,1772017199701,3204,3204,3204,3204,3204,3204,3204,3204,23.809524536132813,20,33.333335876464844,15.000000953674316,0,0,0,0,5.134807109832764,8589934592,2147483648,5825658880,366018560
209,1772017199909,3204,3204,3204,3204,3204,3204,3204,3204,23.809524536132813,28.571430206298828,28.571430206298828,27.272727966308594,9.090909004211426,4.761904716491699,13.636363983154297,0,5.134807109832764,8589934592,2147483648,5835374592,366018560
207,1772017200120,3204,3204,3204,3204,3204,3204,3204,3204,28.571430206298828,25,28.571430206298828,15.000000953674316,5,0,0,4.761904716491699,5.134807109832764,8589934592,2147483648,5827330048,366018560
201,1772017200328,3204,3204,3204,3204,3204,3204,3204,3204,19.047618865966797,14.285715103149414,20,14.285715103149414,9.090909004211426,13.043478012084961,4.761904716491699,4.761904716491699,4.975752830505371,8589934592,2147483648,5828706304,366018560
205,1772017200530,3204,3204,3204,3204,3204,3204,3204,3204,25,15.789472579956055,30.000001907348633,19.047618865966797,5,5,5,0,4.975752830505371,8589934592,2147483648,5828706304,366018560
208,1772017200735,3204,3204,3204,3204,3204,3204,3204,3204,50,45.45454788208008,42.85714340209961,31.57894515991211,9.523809432983398,5,0,9.090909004211426,4.975752830505371,8589934592,2147483648,5835079680,366018560
207,1772017200945,3204,3204,3204,3204,3204,3204,3204,3204,23.809524536132813,20,23.809524536132813,18.18181800842285,5,4.761904716491699,4.545454502105713,0,4.975752830505371,8589934592,2147483648,5836095488,366018560
205,1772017201153,3204,3204,3204,3204,3204,3204,3204,3204,25,40.90909194946289,19.047618865966797,14.285715103149414,5,5,5,4.761904716491699,4.975752830505371,8589934592,2147483648,5839863808,366018560
203,1772017201359,3204,3204,3204,3204,3204,3204,3204,3204,36.3636360168457,30.000001907348633,20,15.000000953674316,14.285715103149414,9.523809432983398,0,0,5.158125400543213,8589934592,2147483648,5866291200,366018560
209,1772017201564,3204,3204,3204,3204,3204,3204,3204,3204,31.57894515991211,25,25,25,5,9.523809432983398,5,5,5.158125400543213,8589934592,2147483648,5868093440,366018560
209,1772017201774,3204,3204,3204,3204,3204,3204,3204,3204,40.90909194946289,42.85714340209961,40.90909194946289,33.333335876464844,9.523809432983398,5,9.090909004211426,4.761904716491699,5.158125400543213,8589934592,2147483648,5874925568,366018560
209,1772017201984,3204,3204,3204,3204,3204,3204,3204,3204,40,38.095237731933594,30.000001907348633,36.3636360168457,9.090909004211426,4.761904716491699,4.761904716491699,0,5.158125400543213,8589934592,2147483648,5862424576,366018560
201,1772017202194,3204,3204,3204,3204,3204,3204,3204,3204,23.809524536132813,20,25,20,10,9.090909004211426,4.761904716491699,4.545454502105713,5.158125400543213,8589934592,2147483648,5859262464,366018560
209,1772017202395,3204,3204,3204,3204,3204,3204,3204,3204,25,23.809524536132813,33.333335876464844,19.047618865966797,9.523809432983398,10,15.789472579956055,5,5.53447151184082,8589934592,2147483648,5857935360,366018560
203,1772017202605,3204,3204,3204,3204,3204,3204,3204,3204,20,25,27.272727966308594,19.047618865966797,0,0,0,0,5.53447151184082,8589934592,2147483648,5859868672,366018560
208,1772017202809,3204,3204,3204,3204,3204,3204,3204,3204,23.809524536132813,23.809524536132813,21.052631378173828,10.526315689086914,5,4.761904716491699,4.761904716491699,0,5.53447151184082,8589934592,2147483648,5859524608,366018560
207,1772017203018,3204,3204,3204,3204,3204,3204,3204,3204,20,30.000001907348633,23.809524536132813,18.18181800842285,4.761904716491699,4.761904716491699,4.761904716491699,4.761904716491699,5.53447151184082,8589934592,2147483648,5859016704,366018560
201,1772017203225,3204,3204,3204,3204,3204,3204,3204,3204,28.571430206298828,33.333335876464844,20,20,0,4.761904716491699,0,0,5.53447151184082,8589934592,2147483648,5856264192,366018560
209,1772017203427,3204,3204,3204,3204,3204,3204,3204,3204,23.809524536132813,35,15.000000953674316,15.000000953674316,0,0,0,0,5.493997573852539,8589934592,2147483648,5855854592,366018560
206,1772017203637,3204,3204,3204,3204,3204,3204,3204,3204,19.047618865966797,28.571430206298828,22.72727394104004,19.047618865966797,4.545454502105713,0,0,0,5.493997573852539,8589934592,2147483648,5852807168,366018560
205,1772017203844,3204,3204,3204,3204,3204,3204,3204,3204,30.000001907348633,33.333335876464844,20,19.047618865966797,4.761904716491699,0,4.545454502105713,0,5.493997573852539,8589934592,2147483648,5853249536,366018560
201,1772017204050,3204,3204,3204,3204,3204,3204,3204,3204,23.809524536132813,15.000000953674316,10,10,10,9.523809432983398,4.761904716491699,4.761904716491699,5.493997573852539,8589934592,2147483648,5853249536,366018560
207,1772017204252,3204,3204,3204,3204,3204,3204,3204,3204,25,25,23.809524536132813,15.000000953674316,15.000000953674316,10,5.263157844543457,5,5.130156517028809,8589934592,2147483648,5864112128,366018560
206,1772017204461,3204,3204,3204,3204,3204,3204,3204,3204,33.333335876464844,23.809524536132813,19.047618865966797,19.047618865966797,0,0,0,0,5.130156517028809,8589934592,2147483648,5846859776,366018560
201,1772017204668,3204,3204,3204,3204,3204,3204,3204,3204,21.052631378173828,28.571430206298828,19.047618865966797,19.047618865966797,4.761904716491699,0,4.761904716491699,0,5.130156517028809,8589934592,2147483648,5846908928,366018560
207,1772017204869,3204,3204,3204,3204,3204,3204,3204,3204,23.809524536132813,21.052631378173828,15.789472579956055,15.789472579956055,0,4.761904716491699,0,4.761904716491699,5.130156517028809,8589934592,2147483648,5846958080,366018560
207,1772017205077,3204,3204,3204,3204,3204,3204,3204,3204,20,31.81818199157715,18.18181800842285,19.047618865966797,4.761904716491699,4.761904716491699,0,0,5.130156517028809,8589934592,2147483648,5846892544,366018560
206,1772017205285,3204,3204,3204,3204,3204,3204,3204,3204,22.72727394104004,28.571430206298828,10.526315689086914,18.18181800842285,15.000000953674316,5,4.761904716491699,0,5.28369665145874,8589934592,2147483648,5893701632,366018560
201,1772017205492,3204,3204,3204,3204,3204,3204,3204,3204,15.000000953674316,28.571430206298828,19.047618865966797,15.000000953674316,0,0,0,4.761904716491699,5.28369665145874,8589934592,2147483648,5891932160,366018560
204,1772017205694,3204,3204,3204,3204,3204,3204,3204,3204,21.052631378173828,22.22222328186035,19.047618865966797,20,5,5,0,0,5.28369665145874,8589934592,2147483648,5894406144,366018560
202,1772017205899,3204,3204,3204,3204,3204,3204,3204,3204,23.809524536132813,33.333335876464844,15.000000953674316,20,0,0,0,0,5.28369665145874,8589934592,2147483648,5894422528,366018560
205,1772017206102,3204,3204,3204,3204,3204,3204,3204,3204,20,23.809524536132813,15.000000953674316,10,9.523809432983398,0,4.761904716491699,4.761904716491699,5.28369665145874,8589934592,2147483648,5894225920,366018560
209,1772017206308,3204,3204,3204,3204,3204,3204,3204,3204,28.571430206298828,25,33.333335876464844,19.047618865966797,5.263157844543457,4.761904716491699,0,4.545454502105713,4.981164455413818,8589934592,2147483648,5901746176,366018560
200,1772017206519,3204,3204,3204,3204,3204,3204,3204,3204,23.809524536132813,23.809524536132813,35,19.047618865966797,0,0,0,0,4.981164455413818,8589934592,2147483648,5869961216,366018560
207,1772017206720,3204,3204,3204,3204,3204,3204,3204,3204,20,25,23.809524536132813,19.047618865966797,5,0,0,0,4.981164455413818,8589934592,2147483648,5863440384,366018560
206,1772017206928,3204,3204,3204,3204,3204,3204,3204,3204,20,19.047618865966797,25,15.000000953674316,4.545454502105713,4.761904716491699,4.761904716491699,0,4.981164455413818,8589934592,2147483648,5863391232,366018560
209,1772017207134,3204,3204,3204,3204,3204,3204,3204,3204,30.000001907348633,25,28.571430206298828,20,4.761904716491699,0,0,4.761904716491699,4.981164455413818,8589934592,2147483648,5860327424,366018560
209,1772017207344,3204,3204,3204,3204,3204,3204,3204,3204,19.047618865966797,28.571430206298828,27.272727966308594,18.18181800842285,0,9.090909004211426,0,0,5.091618061065674,8589934592,2147483648,5863211008,366018560
209,1772017207554,3204,3204,3204,3204,3204,3204,3204,3204,22.72727394104004,23.809524536132813,15.000000953674316,20,4.761904716491699,14.285715103149414,9.090909004211426,5,5.091618061065674,8589934592,2147483648,5859590144,366018560
204,1772017207764,3204,3204,3204,3204,3204,3204,3204,3204,33.333335876464844,35,30.000001907348633,28.571430206298828,0,0,0,0,5.091618061065674,8589934592,2147483648,5860753408,366018560
206,1772017207969,3204,3204,3204,3204,3204,3204,3204,3204,21.052631378173828,19.047618865966797,30.000001907348633,15.000000953674316,0,0,0,0,5.091618061065674,8589934592,2147483648,5860769792,366018560
204,1772017208178,3204,3204,3204,3204,3204,3204,3204,3204,36.3636360168457,38.095237731933594,28.571430206298828,28.571430206298828,9.090909004211426,4.545454502105713,0,4.545454502105713,5.091618061065674,8589934592,2147483648,5850152960,366018560
209,1772017208384,3204,3204,3204,3204,3204,3204,3204,3204,30.000001907348633,23.809524536132813,27.272727966308594,30.000001907348633,0,0,4.761904716491699,0,5.010044097900391,8589934592,2147483648,5850316800,366018560
204,1772017208594,3204,3204,3204,3204,3204,3204,3204,3204,23.809524536132813,28.571430206298828,10.526315689086914,22.72727394104004,4.761904716491699,0,0,0,5.010044097900391,8589934592,2147483648,5847629824,366018560
218,1772017208798,3204,3204,3204,3204,3204,3204,3204,3204,30.000001907348633,21.052631378173828,19.047618865966797,25,5,4.761904716491699,4.761904716491699,4.761904716491699,5.010044097900391,8589934592,2147483648,5850071040,366018560
209,1772017209017,3204,3204,3204,3204,3204,3204,3204,3204,31.81818199157715,30.434782028198242,27.272727966308594,31.81818199157715,19.047618865966797,19.047618865966797,14.285715103149414,14.285715103149414,5.010044097900391,8589934592,2147483648,5849612288,366018560
203,1772017209227,3204,3204,3204,3204,3204,3204,3204,3204,14.285715103149414,20,13.636363983154297,14.285715103149414,18.18181800842285,18.18181800842285,9.523809432983398,9.523809432983398,5.010044097900391,8589934592,2147483648,5849972736,366018560
207,1772017209431,3204,3204,3204,3204,3204,3204,3204,3204,23.809524536132813,19.047618865966797,15.000000953674316,20,4.761904716491699,9.523809432983398,4.761904716491699,4.761904716491699,5.099825859069824,8589934592,2147483648,5849759744,366018560
201,1772017209640,3204,3204,3204,3204,3204,3204,3204,3204,20,20,15.000000953674316,28.571430206298828,0,0,0,0,5.099825859069824,8589934592,2147483648,5849333760,366018560
199,1772017209842,3204,3204,3204,3204,3204,3204,3204,3204,20,35,28.571430206298828,20,4.761904716491699,5,4.761904716491699,4.761904716491699,5.099825859069824,8589934592,2147483648,5849595904,366018560
201,1772017210042,3204,3204,3204,3204,3204,3204,3204,3204,25,28.571430206298828,20,15.000000953674316,0,0,0,0,5.099825859069824,8589934592,2147483648,5849088000,366018560
205,1772017210244,3204,3204,3204,3204,3204,3204,3204,3204,25,26.3157901763916,21.052631378173828,15.000000953674316,10,5,5,0,5.099825859069824,8589934592,2147483648,5851381760,366018560
209,1772017210450,3204,3204,3204,3204,3204,3204,3204,3204,19.047618865966797,14.285715103149414,9.523809432983398,23.809524536132813,13.636363983154297,5,9.523809432983398,4.761904716491699,5.475449562072754,8589934592,2147483648,5854363648,366018560
199,1772017210660,3204,3204,3204,3204,3204,3204,3204,3204,19.047618865966797,19.047618865966797,25,19.047618865966797,10,4.761904716491699,4.761904716491699,13.043478012084961,5.475449562072754,8589934592,2147483648,5865144320,366018560
207,1772017210861,3204,3204,3204,3204,3204,3204,3204,3204,31.57894515991211,21.052631378173828,28.571430206298828,21.052631378173828,5,5.263157844543457,9.523809432983398,5.263157844543457,5.475449562072754,8589934592,2147483648,5857443840,366018560
208,1772017211068,3204,3204,3204,3204,3204,3204,3204,3204,38.095237731933594,27.272727966308594,14.285715103149414,19.047618865966797,4.761904716491699,4.545454502105713,0,0,5.475449562072754,8589934592,2147483648,5856968704,366018560
208,1772017211277,3204,3204,3204,3204,3204,3204,3204,3204,23.809524536132813,25,14.285715103149414,22.72727394104004,4.761904716491699,4.761904716491699,0,0,5.184771537780762,8589934592,2147483648,5857411072,366018560
207,1772017211486,3204,3204,3204,3204,3204,3204,3204,3204,23.809524536132813,23.809524536132813,20,25,4.761904716491699,4.761904716491699,4.761904716491699,4.761904716491699,5.184771537780762,8589934592,2147483648,5853315072,366018560
203,1772017211695,3204,3204,3204,3204,3204,3204,3204,3204,23.809524536132813,23.809524536132813,10,20,4.761904716491699,0,0,0,5.184771537780762,8589934592,2147483648,5852217344,366018560
209,1772017211899,3204,3204,3204,3204,3204,3204,3204,3204,35,23.809524536132813,23.809524536132813,19.047618865966797,0,4.761904716491699,0,0,5.184771537780762,8589934592,2147483648,5847908352,366018560
201,1772017212109,3204,3204,3204,3204,3204,3204,3204,3204,25,25,23.809524536132813,14.285715103149414,0,0,0,0,5.184771537780762,8589934592,2147483648,5881987072,366018560
207,1772017212311,3204,3204,3204,3204,3204,3204,3204,3204,20,30.000001907348633,20,15.000000953674316,0,0,0,0,5.335080623626709,8589934592,2147483648,5886017536,366018560
199,1772017212519,3204,3204,3204,3204,3204,3204,3204,3204,23.809524536132813,19.047618865966797,15.000000953674316,14.285715103149414,14.285715103149414,10,10,4.761904716491699,5.335080623626709,8589934592,2147483648,5884051456,366018560
209,1772017212719,3204,3204,3204,3204,3204,3204,3204,3204,30.000001907348633,30.000001907348633,20,15.000000953674316,5.263157844543457,0,0,0,5.335080623626709,8589934592,2147483648,5890670592,366018560
209,1772017212929,3204,3204,3204,3204,3204,3204,3204,3204,23.809524536132813,35,22.72727394104004,14.285715103149414,13.636363983154297,5,9.523809432983398,4.761904716491699,5.335080623626709,8589934592,2147483648,5884084224,366018560
204,1772017213139,3204,3204,3204,3204,3204,3204,3204,3204,15.000000953674316,27.272727966308594,14.285715103149414,14.285715103149414,0,0,0,0,5.335080623626709,8589934592,2147483648,5883658240,366018560
208,1772017213344,3204,3204,3204,3204,3204,3204,3204,3204,28.571430206298828,30.000001907348633,20,20,0,0,0,0,4.993565082550049,8589934592,2147483648,5873418240,366018560
207,1772017213553,3204,3204,3204,3204,3204,3204,3204,3204,23.809524536132813,25,20,14.285715103149414,4.761904716491699,9.090909004211426,4.545454502105713,0,4.993565082550049,8589934592,2147483648,5873418240,366018560
205,1772017213761,3204,3204,3204,3204,3204,3204,3204,3204,33.333335876464844,27.272727966308594,23.809524536132813,19.047618865966797,0,0,4.761904716491699,0,4.993565082550049,8589934592,2147483648,5873418240,366018560
206,1772017213967,3204,3204,3204,3204,3204,3204,3204,3204,20,21.052631378173828,19.047618865966797,15.000000953674316,9.523809432983398,9.523809432983398,5,4.761904716491699,4.993565082550049,8589934592,2147483648,5873418240,366018560
208,1772017214175,3204,3204,3204,3204,3204,3204,3204,3204,23.809524536132813,23.809524536132813,19.047618865966797,14.285715103149414,9.523809432983398,10,4.761904716491699,4.761904716491699,4.993565082550049,8589934592,2147483648,5861163008,366018560
209,1772017214384,3204,3204,3204,3204,3204,3204,3204,3204,23.809524536132813,31.81818199157715,23.809524536132813,19.047618865966797,5,4.761904716491699,4.761904716491699,9.090909004211426,5.401910305023193,8589934592,2147483648,5859426304,366018560
207,1772017214594,3204,3204,3204,3204,3204,3204,3204,3204,20,28.571430206298828,15.000000953674316,20,4.545454502105713,4.545454502105713,0,0,5.401910305023193,8589934592,2147483648,5859033088,366018560
203,1772017214802,3204,3204,3204,3204,3204,3204,3204,3204,27.272727966308594,20,22.72727394104004,31.81818199157715,9.523809432983398,5,9.523809432983398,9.090909004211426,5.401910305023193,8589934592,2147483648,5848727552,366018560
200,1772017215006,3204,3204,3204,3204,3204,3204,3204,3204,21.052631378173828,25,20,30.000001907348633,10.526315689086914,5,0,0,5.401910305023193,8589934592,2147483648,5843632128,366018560
204,1772017215208,3204,3204,3204,3204,3204,3204,3204,3204,20,20,15.789472579956055,26.3157901763916,4.761904716491699,0,4.761904716491699,0,5.401910305023193,8589934592,2147483648,5843599360,366018560
200,1772017215413,3204,3204,3204,3204,3204,3204,3204,3204,23.809524536132813,19.047618865966797,14.285715103149414,23.809524536132813,10,23.809524536132813,5,4.761904716491699,5.241711616516113,8589934592,2147483648,5851332608,366018560
202,1772017215614,3204,3204,3204,3204,3204,3204,3204,3204,30.000001907348633,20,20,15.000000953674316,5,0,0,4.761904716491699,5.241711616516113,8589934592,2147483648,5851299840,366018560
207,1772017215817,3204,3204,3204,3204,3204,3204,3204,3204,30.000001907348633,25,15.000000953674316,20,5,5,5,0,5.241711616516113,8589934592,2147483648,5851299840,366018560
208,1772017216025,3204,3204,3204,3204,3204,3204,3204,3204,33.333335876464844,20,19.047618865966797,14.285715103149414,4.761904716491699,4.761904716491699,0,4.545454502105713,5.241711616516113,8589934592,2147483648,5851299840,366018560
209,1772017216234,3204,3204,3204,3204,3204,3204,3204,3204,28.571430206298828,27.272727966308594,15.000000953674316,14.285715103149414,4.761904716491699,4.761904716491699,4.545454502105713,0,5.241711616516113,8589934592,2147483648,5853396992,366018560
202,1772017216444,3204,3204,3204,3204,3204,3204,3204,3204,25,20,19.047618865966797,15.000000953674316,0,0,0,0,5.301741600036621,8589934592,2147483648,5847711744,366018560
202,1772017216647,3204,3204,3204,3204,3204,3204,3204,3204,38.095237731933594,25,23.809524536132813,20,5,0,0,0,5.301741600036621,8589934592,2147483648,5847465984,366018560
207,1772017216850,3204,3204,3204,3204,3204,3204,3204,3204,26.3157901763916,33.333335876464844,20,19.047618865966797,0,4.761904716491699,0,4.761904716491699,5.301741600036621,8589934592,2147483648,5848186880,366018560
209,1772017217059,3204,3204,3204,3204,3204,3204,3204,3204,23.809524536132813,25,14.285715103149414,14.285715103149414,9.523809432983398,9.523809432983398,4.761904716491699,0,5.301741600036621,8589934592,2147483648,5857705984,366018560
206,1772017217269,3204,3204,3204,3204,3204,3204,3204,3204,27.272727966308594,30.000001907348633,19.047618865966797,19.047618865966797,4.761904716491699,0,0,0,5.229348659515381,8589934592,2147483648,5845155840,366018560
208,1772017217475,3204,3204,3204,3204,3204,3204,3204,3204,30.000001907348633,27.272727966308594,21.052631378173828,20,9.523809432983398,23.809524536132813,9.090909004211426,4.761904716491699,5.229348659515381,8589934592,2147483648,5847302144,366018560
209,1772017217684,3204,3204,3204,3204,3204,3204,3204,3204,23.809524536132813,20,14.285715103149414,23.809524536132813,0,0,0,0,5.229348659515381,8589934592,2147483648,5846761472,366018560
208,1772017217894,3204,3204,3204,3204,3204,3204,3204,3204,20,27.272727966308594,28.571430206298828,19.047618865966797,4.545454502105713,4.545454502105713,0,0,5.229348659515381,8589934592,2147483648,5847236608,366018560
207,1772017218103,3204,3204,3204,3204,3204,3204,3204,3204,23.809524536132813,20,28.571430206298828,15.000000953674316,0,0,4.761904716491699,0,5.229348659515381,8589934592,2147483648,5846532096,366018560
206,1772017218311,3204,3204,3204,3204,3204,3204,3204,3204,23.809524536132813,20,23.809524536132813,18.18181800842285,4.761904716491699,4.761904716491699,0,4.545454502105713,5.246822357177734,8589934592,2147483648,5845680128,366018560
204,1772017218518,3204,3204,3204,3204,3204,3204,3204,3204,33.333335876464844,28.571430206298828,20,20,0,0,0,0,5.246822357177734,8589934592,2147483648,5846925312,366018560
209,1772017218723,3204,3204,3204,3204,3204,3204,3204,3204,35,23.809524536132813,19.047618865966797,19.047618865966797,4.761904716491699,4.761904716491699,0,0,5.246822357177734,8589934592,2147483648,5845336064,366018560
201,1772017218933,3204,3204,3204,3204,3204,3204,3204,3204,25,30.000001907348633,23.809524536132813,19.047618865966797,5,4.761904716491699,4.545454502105713,9.090909004211426,5.246822357177734,8589934592,2147483648,5847646208,366018560
209,1772017219135,3204,3204,3204,3204,3204,3204,3204,3204,23.809524536132813,28.571430206298828,15.000000953674316,15.000000953674316,19.047618865966797,5.263157844543457,5,4.761904716491699,5.246822357177734,8589934592,2147483648,5850791936,366018560
204,1772017219345,3204,3204,3204,3204,3204,3204,3204,3204,23.809524536132813,25,19.047618865966797,19.047618865966797,4.761904716491699,9.090909004211426,0,0,5.291384696960449,8589934592,2147483648,5847613440,366018560
209,1772017219550,3204,3204,3204,3204,3204,3204,3204,3204,35,19.047618865966797,21.052631378173828,15.000000953674316,0,0,0,0,5.291384696960449,8589934592,2147483648,5847384064,366018560
209,1772017219760,3204,3204,3204,3204,3204,3204,3204,3204,23.809524536132813,28.571430206298828,21.7391300201416,14.285715103149414,4.761904716491699,4.545454502105713,4.545454502105713,0,5.291384696960449,8589934592,2147483648,5846761472,366018560
201,1772017219970,3204,3204,3204,3204,3204,3204,3204,3204,33.333335876464844,25,30.000001907348633,15.000000953674316,0,0,0,0,5.291384696960449,8589934592,2147483648,5847498752,366018560
200,1772017220172,3204,3204,3204,3204,3204,3204,3204,3204,35,23.809524536132813,19.047618865966797,18.18181800842285,5,5,0,4.761904716491699,5.291384696960449,8589934592,2147483648,5846925312,366018560
209,1772017220374,3204,3204,3204,3204,3204,3204,3204,3204,30.000001907348633,20,15.000000953674316,15.000000953674316,9.523809432983398,5.263157844543457,0,0,5.429301738739014,8589934592,2147483648,5836947456,366018560
208,1772017220584,3204,3204,3204,3204,3204,3204,3204,3204,25,23.809524536132813,19.047618865966797,15.000000953674316,4.761904716491699,4.545454502105713,4.545454502105713,0,5.429301738739014,8589934592,2147483648,5852872704,366018560
205,1772017220793,3204,3204,3204,3204,3204,3204,3204,3204,19.047618865966797,23.809524536132813,25,14.285715103149414,4.761904716491699,0,0,4.761904716491699,5.429301738739014,8589934592,2147483648,5853839360,366018560
204,1772017220999,3204,3204,3204,3204,3204,3204,3204,3204,25,25,23.809524536132813,15.000000953674316,5,9.523809432983398,5,5,5.429301738739014,8589934592,2147483648,5856100352,366018560
204,1772017221204,3204,3204,3204,3204,3204,3204,3204,3204,28.571430206298828,20,20,19.047618865966797,5,9.523809432983398,4.761904716491699,4.761904716491699,5.429301738739014,8589934592,2147483648,5856100352,366018560
206,1772017221410,3204,3204,3204,3204,3204,3204,3204,3204,28.571430206298828,23.809524536132813,28.571430206298828,15.000000953674316,14.285715103149414,5,9.090909004211426,0,5.0676679611206055,8589934592,2147483648,5856002048,366018560
201,1772017221617,3204,3204,3204,3204,3204,3204,3204,3204,25,25,30.000001907348633,19.047618865966797,9.523809432983398,9.523809432983398,5,4.761904716491699,5.0676679611206055,8589934592,2147483648,5851693056,366018560
207,1772017221819,3204,3204,3204,3204,3204,3204,3204,3204,25,25,30.000001907348633,20,5,5,5,5,5.0676679611206055,8589934592,2147483648,5851201536,366018560
206,1772017222027,3204,3204,3204,3204,3204,3204,3204,3204,28.571430206298828,27.272727966308594,33.333335876464844,19.047618865966797,4.761904716491699,0,0,0,5.0676679611206055,8589934592,2147483648,5848662016,366018560
209,1772017222234,3204,3204,3204,3204,3204,3204,3204,3204,20,21.052631378173828,20,20,9.523809432983398,4.761904716491699,5,5,5.0676679611206055,8589934592,2147483648,5846089728,366018560
209,1772017222444,3204,3204,3204,3204,3204,3204,3204,3204,23.809524536132813,19.047618865966797,28.571430206298828,19.047618865966797,20,9.090909004211426,9.090909004211426,8.69565200805664,5.19314432144165,8589934592,2147483648,5848268800,366018560
208,1772017222654,3204,3204,3204,3204,3204,3204,3204,3204,23.809524536132813,31.81818199157715,18.18181800842285,14.285715103149414,4.761904716491699,4.761904716491699,0,0,5.19314432144165,8589934592,2147483648,5846564864,366018560
206,1772017222864,3204,3204,3204,3204,3204,3204,3204,3204,23.809524536132813,23.809524536132813,19.047618865966797,14.285715103149414,0,0,4.545454502105713,0,5.19314432144165,8589934592,2147483648,5846564864,366018560
199,1772017223071,3204,3204,3204,3204,3204,3204,3204,3204,30.000001907348633,28.571430206298828,20,20,4.761904716491699,4.761904716491699,0,4.761904716491699,5.19314432144165,8589934592,2147483648,5846564864,366018560
199,1772017223271,3204,3204,3204,3204,3204,3204,3204,3204,20,21.052631378173828,20,23.809524536132813,0,0,0,0,5.398510932922363,8589934592,2147483648,5846564864,366018560
204,1772017223471,3204,3204,3204,3204,3204,3204,3204,3204,25,25,15.789472579956055,20,14.285715103149414,5,5,0,5.398510932922363,8589934592,2147483648,5858148352,366018560
204,1772017223676,3204,3204,3204,3204,3204,3204,3204,3204,23.809524536132813,30.000001907348633,19.047618865966797,20,0,4.761904716491699,0,0,5.398510932922363,8589934592,2147483648,5843927040,366018560
203,1772017223881,3204,3204,3204,3204,3204,3204,3204,3204,30.000001907348633,23.809524536132813,20,15.000000953674316,0,0,0,0,5.398510932922363,8589934592,2147483648,5847973888,366018560
205,1772017224086,3204,3204,3204,3204,3204,3204,3204,3204,23.809524536132813,25,28.571430206298828,15.000000953674316,10.526315689086914,4.761904716491699,0,0,5.398510932922363,8589934592,2147483648,5848137728,366018560
201,1772017224292,3204,3204,3204,3204,3204,3204,3204,3204,30.000001907348633,25,30.000001907348633,22.72727394104004,27.272727966308594,25,23.809524536132813,25,5.175261974334717,8589934592,2147483648,5846401024,366018560
209,1772017224494,3204,3204,3204,3204,3204,3204,3204,3204,30.000001907348633,20,19.047618865966797,10.526315689086914,5,4.761904716491699,0,4.761904716491699,5.175261974334717,8589934592,2147483648,5849006080,366018560
206,1772017224704,3204,3204,3204,3204,3204,3204,3204,3204,33.333335876464844,23.809524536132813,19.047618865966797,18.18181800842285,0,0,0,0,5.175261974334717,8589934592,2147483648,5848498176,366018560
205,1772017224911,3204,3204,3204,3204,3204,3204,3204,3204,35,22.72727394104004,15.000000953674316,15.000000953674316,4.761904716491699,0,4.761904716491699,0,5.175261974334717,8589934592,2147483648,5849055232,366018560
200,1772017225117,3204,3204,3204,3204,3204,3204,3204,3204,23.809524536132813,15.000000953674316,28.571430206298828,14.285715103149414,0,0,0,0,5.175261974334717,8589934592,2147483648,5848875008,366018560
209,1772017225318,3204,3204,3204,3204,3204,3204,3204,3204,25,25,30.000001907348633,25,0,0,0,0,5.633080005645752,8589934592,2147483648,5848301568,366018560
204,1772017225527,3204,3204,3204,3204,3204,3204,3204,3204,23.809524536132813,15.000000953674316,10,9.523809432983398,15.000000953674316,14.285715103149414,4.761904716491699,4.761904716491699,5.633080005645752,8589934592,2147483648,5855739904,366018560
209,1772017225733,3204,3204,3204,3204,3204,3204,3204,3204,20,28.571430206298828,19.047618865966797,20,9.523809432983398,0,9.523809432983398,0,5.633080005645752,8589934592,2147483648,5852987392,366018560
208,1772017225943,3204,3204,3204,3204,3204,3204,3204,3204,33.333335876464844,25,15.000000953674316,14.285715103149414,0,8.69565200805664,0,0,5.633080005645752,8589934592,2147483648,5855526912,366018560
206,1772017226151,3204,3204,3204,3204,3204,3204,3204,3204,23.809524536132813,28.571430206298828,19.047618865966797,10,0,0,4.761904716491699,4.761904716491699,5.633080005645752,8589934592,2147483648,5855248384,366018560
201,1772017226358,3204,3204,3204,3204,3204,3204,3204,3204,23.809524536132813,33.333335876464844,27.272727966308594,19.047618865966797,4.545454502105713,0,0,0,4.951008319854736,8589934592,2147483648,5854658560,366018560
206,1772017226561,3204,3204,3204,3204,3204,3204,3204,3204,31.57894515991211,25,21.052631378173828,20,0,0,0,0,4.951008319854736,8589934592,2147483648,5851545600,366018560
209,1772017226767,3204,3204,3204,3204,3204,3204,3204,3204,23.809524536132813,20,15.000000953674316,23.809524536132813,0,4.761904716491699,0,0,4.951008319854736,8589934592,2147483648,5850382336,366018560
200,1772017226978,3204,3204,3204,3204,3204,3204,3204,3204,23.809524536132813,27.272727966308594,22.72727394104004,23.809524536132813,0,0,0,0,4.951008319854736,8589934592,2147483648,5848137728,366018560
209,1772017227179,3204,3204,3204,3204,3204,3204,3204,3204,25,20,20,25,5,0,4.761904716491699,5,4.951008319854736,8589934592,2147483648,5847498752,366018560
206,1772017227389,3204,3204,3204,3204,3204,3204,3204,3204,23.809524536132813,28.571430206298828,19.047618865966797,15.000000953674316,19.047618865966797,28.571430206298828,9.523809432983398,4.761904716491699,5.299890041351318,8589934592,2147483648,5845270528,366018560
209,1772017227596,3204,3204,3204,3204,3204,3204,3204,3204,38.095237731933594,40,42.105262756347656,33.333335876464844,4.761904716491699,9.523809432983398,0,4.761904716491699,5.299890041351318,8589934592,2147483648,5852200960,366018560
202,1772017227806,3204,3204,3204,3204,3204,3204,3204,3204,20,28.571430206298828,22.72727394104004,19.047618865966797,9.523809432983398,4.761904716491699,0,0,5.299890041351318,8589934592,2147483648,5861376000,366018560
209,1772017228009,3204,3204,3204,3204,3204,3204,3204,3204,30.000001907348633,25,25,19.047618865966797,5,4.761904716491699,9.090909004211426,9.523809432983398,5.299890041351318,8589934592,2147483648,5861376000,366018560
209,1772017228219,3204,3204,3204,3204,3204,3204,3204,3204,27.272727966308594,20,28.571430206298828,23.809524536132813,0,0,0,0,5.299890041351318,8589934592,2147483648,5861376000,366018560
208,1772017228429,3204,3204,3204,3204,3204,3204,3204,3204,15.789472579956055,18.18181800842285,27.272727966308594,10,9.523809432983398,4.761904716491699,4.761904716491699,4.545454502105713,5.23867130279541,8589934592,2147483648,5861376000,366018560
204,1772017228638,3204,3204,3204,3204,3204,3204,3204,3204,36.3636360168457,25,19.047618865966797,19.047618865966797,0,4.761904716491699,4.761904716491699,4.761904716491699,5.23867130279541,8589934592,2147483648,5852119040,366018560
209,1772017228844,3204,3204,3204,3204,3204,3204,3204,3204,30.000001907348633,28.571430206298828,15.789472579956055,20,4.761904716491699,0,0,0,5.23867130279541,8589934592,2147483648,5850021888,366018560
205,1772017229054,3204,3204,3204,3204,3204,3204,3204,3204,31.81818199157715,19.047618865966797,22.72727394104004,19.047618865966797,0,0,0,0,5.23867130279541,8589934592,2147483648,5852430336,366018560
207,1772017229260,3204,3204,3204,3204,3204,3204,3204,3204,26.3157901763916,10,10,18.18181800842285,14.285715103149414,10,5,4.761904716491699,5.445227146148682,8589934592,2147483648,5885575168,366018560
207,1772017229467,3204,3204,3204,3204,3204,3204,3204,3204,33.333335876464844,28.571430206298828,20,10.526315689086914,4.761904716491699,9.090909004211426,4.545454502105713,0,5.445227146148682,8589934592,2147483648,5888851968,366018560
209,1772017229675,3204,3204,3204,3204,3204,3204,3204,3204,38.095237731933594,23.809524536132813,19.047618865966797,18.18181800842285,0,0,0,0,5.445227146148682,8589934592,2147483648,5887672320,366018560
209,1772017229885,3204,3204,3204,3204,3204,3204,3204,3204,27.272727966308594,25,20,15.000000953674316,5,0,0,0,5.445227146148682,8589934592,2147483648,5898158080,366018560
204,1772017230095,3204,3204,3204,3204,3204,3204,3204,3204,26.3157901763916,28.571430206298828,22.72727394104004,22.72727394104004,9.090909004211426,4.545454502105713,0,0,5.445227146148682,8589934592,2147483648,5889703936,366018560
200,1772017230300,3204,3204,3204,3204,3204,3204,3204,3204,33.333335876464844,28.571430206298828,25,19.047618865966797,0,0,0,4.761904716491699,5.101412296295166,8589934592,2147483648,5887279104,366018560
208,1772017230501,3204,3204,3204,3204,3204,3204,3204,3204,28.571430206298828,15.789472579956055,15.000000953674316,15.789472579956055,15.000000953674316,5,4.761904716491699,0,5.101412296295166,8589934592,2147483648,5871386624,366018560
209,1772017230711,3204,3204,3204,3204,3204,3204,3204,3204,25,23.809524536132813,19.047618865966797,14.285715103149414,0,0,0,0,5.101412296295166,8589934592,2147483648,5869682688,366018560
208,1772017230921,3204,3204,3204,3204,3204,3204,3204,3204,28.571430206298828,23.809524536132813,19.047618865966797,10,0,0,0,0,5.101412296295166,8589934592,2147483648,5869715456,366018560
209,1772017231129,3204,3204,3204,3204,3204,3204,3204,3204,30.000001907348633,31.81818199157715,19.047618865966797,19.047618865966797,0,0,0,0,5.101412296295166,8589934592,2147483648,5871812608,366018560
203,1772017231339,3204,3204,3204,3204,3204,3204,3204,3204,33.333335876464844,23.809524536132813,23.809524536132813,19.047618865966797,9.523809432983398,4.761904716491699,4.761904716491699,4.761904716491699,5.085522651672363,8589934592,2147483648,5871517696,366018560
209,1772017231543,3204,3204,3204,3204,3204,3204,3204,3204,30.000001907348633,26.3157901763916,15.789472579956055,14.285715103149414,0,0,0,0,5.085522651672363,8589934592,2147483648,5868552192,366018560
209,1772017231753,3204,3204,3204,3204,3204,3204,3204,3204,33.333335876464844,23.809524536132813,22.72727394104004,14.285715103149414,0,0,0,0,5.085522651672363,8589934592,2147483648,5867651072,366018560
209,1772017231963,3204,3204,3204,3204,3204,3204,3204,3204,22.72727394104004,28.571430206298828,20,14.285715103149414,4.761904716491699,4.761904716491699,4.545454502105713,0,5.085522651672363,8589934592,2147483648,5867143168,366018560
205,1772017232173,3204,3204,3204,3204,3204,3204,3204,3204,30.000001907348633,28.571430206298828,19.047618865966797,15.000000953674316,4.761904716491699,9.090909004211426,0,5,5.085522651672363,8589934592,2147483648,5860835328,366018560
204,1772017232379,3204,3204,3204,3204,3204,3204,3204,3204,28.571430206298828,23.809524536132813,15.000000953674316,14.285715103149414,10,10,9.090909004211426,9.090909004211426,5.027462482452393,8589934592,2147483648,5857624064,366018560
209,1772017232584,3204,3204,3204,3204,3204,3204,3204,3204,30.000001907348633,20,19.047618865966797,15.000000953674316,13.636363983154297,23.809524536132813,5,4.761904716491699,5.027462482452393,8589934592,2147483648,5850562560,366018560
207,1772017232794,3204,3204,3204,3204,3204,3204,3204,3204,23.809524536132813,19.047618865966797,23.809524536132813,18.18181800842285,0,0,0,0,5.027462482452393,8589934592,2147483648,5849956352,366018560
206,1772017233002,3204,3204,3204,3204,3204,3204,3204,3204,28.571430206298828,30.000001907348633,18.18181800842285,15.000000953674316,4.761904716491699,5,4.761904716491699,4.761904716491699,5.027462482452393,8589934592,2147483648,5849497600,366018560
207,1772017233209,3204,3204,3204,3204,3204,3204,3204,3204,35,23.809524536132813,20,10,0,0,0,0,5.027462482452393,8589934592,2147483648,5849497600,366018560
208,1772017233417,3204,3204,3204,3204,3204,3204,3204,3204,19.047618865966797,30.000001907348633,20,18.18181800842285,4.761904716491699,4.761904716491699,0,0,5.271059036254883,8589934592,2147483648,5849497600,366018560
207,1772017233626,3204,3204,3204,3204,3204,3204,3204,3204,23.809524536132813,27.272727966308594,14.285715103149414,26.3157901763916,5,4.761904716491699,4.761904716491699,4.761904716491699,5.271059036254883,8589934592,2147483648,5849497600,366018560
209,1772017233834,3204,3204,3204,3204,3204,3204,3204,3204,20,20,19.047618865966797,31.81818199157715,0,0,0,0,5.271059036254883,8589934592,2147483648,5850284032,366018560
205,1772017234045,3204,3204,3204,3204,3204,3204,3204,3204,27.272727966308594,19.047618865966797,23.809524536132813,20,0,4.545454502105713,0,0,5.271059036254883,8589934592,2147483648,5851152384,366018560
209,1772017234251,3204,3204,3204,3204,3204,3204,3204,3204,25,23.809524536132813,19.047618865966797,28.571430206298828,18.18181800842285,10,5,5,5.27683162689209,8589934592,2147483648,5860622336,366018560
209,1772017234461,3204,3204,3204,3204,3204,3204,3204,3204,19.047618865966797,15.000000953674316,20,27.272727966308594,0,0,0,0,5.27683162689209,8589934592,2147483648,5848940544,366018560
205,1772017234671,3204,3204,3204,3204,3204,3204,3204,3204,25,31.81818199157715,19.047618865966797,23.809524536132813,0,0,4.545454502105713,0,5.27683162689209,8589934592,2147483648,5850841088,366018560
203,1772017234877,3204,3204,3204,3204,3204,3204,3204,3204,28.571430206298828,26.3157901763916,15.000000953674316,15.000000953674316,0,0,0,0,5.27683162689209,8589934592,2147483648,5850382336,366018560
201,1772017235080,3204,3204,3204,3204,3204,3204,3204,3204,25,28.571430206298828,23.809524536132813,19.047618865966797,4.761904716491699,4.761904716491699,0,0,5.27683162689209,8589934592,2147483648,5848956928,366018560
209,1772017235282,3204,3204,3204,3204,3204,3204,3204,3204,25,35,20,15.789472579956055,0,4.761904716491699,0,0,5.274075508117676,8589934592,2147483648,5848956928,366018560
207,1772017235492,3204,3204,3204,3204,3204,3204,3204,3204,19.047618865966797,31.81818199157715,10,14.285715103149414,9.090909004211426,14.285715103149414,8.69565200805664,4.761904716491699,5.274075508117676,8589934592,2147483648,5848956928,366018560
207,1772017235700,3204,3204,3204,3204,3204,3204,3204,3204,20,30.000001907348633,19.047618865966797,19.047618865966797,9.523809432983398,4.761904716491699,4.761904716491699,4.761904716491699,5.274075508117676,8589934592,2147483648,5848956928,366018560
208,1772017235909,3204,3204,3204,3204,3204,3204,3204,3204,22.72727394104004,28.571430206298828,18.18181800842285,15.000000953674316,0,0,0,0,5.274075508117676,8589934592,2147483648,5853970432,366018560
209,1772017236117,3204,3204,3204,3204,3204,3204,3204,3204,20,30.000001907348633,20,19.047618865966797,4.545454502105713,0,0,0,5.274075508117676,8589934592,2147483648,5854281728,366018560
209,1772017236327,3204,3204,3204,3204,3204,3204,3204,3204,27.272727966308594,28.571430206298828,22.72727394104004,19.047618865966797,5,4.545454502105713,4.761904716491699,4.761904716491699,5.019730091094971,8589934592,2147483648,5864751104,366018560
206,1772017236537,3204,3204,3204,3204,3204,3204,3204,3204,25,23.809524536132813,15.000000953674316,19.047618865966797,4.761904716491699,4.761904716491699,0,0,5.019730091094971,8589934592,2147483648,5849038848,366018560
206,1772017236744,3204,3204,3204,3204,3204,3204,3204,3204,28.571430206298828,20,23.809524536132813,14.285715103149414,4.761904716491699,0,4.761904716491699,0,5.019730091094971,8589934592,2147483648,5851398144,366018560
209,1772017236951,3204,3204,3204,3204,3204,3204,3204,3204,31.57894515991211,27.272727966308594,20,23.809524536132813,4.761904716491699,5,0,4.761904716491699,5.019730091094971,8589934592,2147483648,5851611136,366018560
209,1772017237160,3204,3204,3204,3204,3204,3204,3204,3204,28.571430206298828,25,19.047618865966797,21.052631378173828,4.761904716491699,4.545454502105713,0,0,5.019730091094971,8589934592,2147483648,5852020736,366018560
209,1772017237370,3204,3204,3204,3204,3204,3204,3204,3204,27.272727966308594,23.809524536132813,19.047618865966797,31.81818199157715,0,4.761904716491699,4.761904716491699,0,5.165165424346924,8589934592,2147483648,5851234304,366018560
199,1772017237580,3204,3204,3204,3204,3204,3204,3204,3204,23.809524536132813,35,19.047618865966797,19.047618865966797,13.636363983154297,4.761904716491699,19.047618865966797,4.761904716491699,5.165165424346924,8589934592,2147483648,5851545600,366018560
200,1772017237781,3204,3204,3204,3204,3204,3204,3204,3204,25,28.571430206298828,20,19.047618865966797,0,5,0,0,5.165165424346924,8589934592,2147483648,5851529216,366018560
209,1772017237981,3204,3204,3204,3204,3204,3204,3204,3204,26.3157901763916,21.052631378173828,25,15.789472579956055,0,0,5,4.761904716491699,5.165165424346924,8589934592,2147483648,5851103232,366018560
208,1772017238192,3204,3204,3204,3204,3204,3204,3204,3204,31.81818199157715,40.90909194946289,38.095237731933594,25,4.761904716491699,4.761904716491699,0,0,5.165165424346924,8589934592,2147483648,5851480064,366018560
209,1772017238400,3204,3204,3204,3204,3204,3204,3204,3204,30.000001907348633,30.000001907348633,20,33.333335876464844,0,0,0,0,5.1424407958984375,8589934592,2147483648,5851480064,366018560
205,1772017238611,3204,3204,3204,3204,3204,3204,3204,3204,19.047618865966797,38.095237731933594,19.047618865966797,19.047618865966797,13.636363983154297,0,4.545454502105713,0,5.1424407958984375,8589934592,2147483648,5851480064,366018560
207,1772017238817,3204,3204,3204,3204,3204,3204,3204,3204,28.571430206298828,28.571430206298828,20,19.047618865966797,5,9.090909004211426,0,4.761904716491699,5.1424407958984375,8589934592,2147483648,5851480064,366018560
201,1772017239025,3204,3204,3204,3204,3204,3204,3204,3204,25,25,22.72727394104004,14.285715103149414,0,0,0,0,5.1424407958984375,8589934592,2147483648,5851676672,366018560
209,1772017239227,3204,3204,3204,3204,3204,3204,3204,3204,30.000001907348633,20,20,10,5,5,4.761904716491699,4.761904716491699,5.1424407958984375,8589934592,2147483648,5852315648,366018560
206,1772017239437,3204,3204,3204,3204,3204,3204,3204,3204,36.3636360168457,22.72727394104004,19.047618865966797,15.000000953674316,0,0,0,0,5.201178073883057,8589934592,2147483648,5851955200,366018560
205,1772017239644,3204,3204,3204,3204,3204,3204,3204,3204,35,20,23.809524536132813,19.047618865966797,0,0,0,0,5.201178073883057,8589934592,2147483648,5852332032,366018560
209,1772017239850,3204,3204,3204,3204,3204,3204,3204,3204,25,23.809524536132813,20,20,4.761904716491699,4.545454502105713,0,4.761904716491699,5.201178073883057,8589934592,2147483648,5852217344,366018560
203,1772017240061,3204,3204,3204,3204,3204,3204,3204,3204,23.809524536132813,19.047618865966797,31.81818199157715,13.636363983154297,0,0,0,0,5.201178073883057,8589934592,2147483648,5851742208,366018560
208,1772017240265,3204,3204,3204,3204,3204,3204,3204,3204,23.809524536132813,21.052631378173828,31.57894515991211,19.047618865966797,4.761904716491699,0,4.761904716491699,0,5.076306343078613,8589934592,2147483648,5852659712,366018560
201,1772017240474,3204,3204,3204,3204,3204,3204,3204,3204,28.571430206298828,18.18181800842285,15.000000953674316,10,0,0,0,0,5.076306343078613,8589934592,2147483648,5852577792,366018560
207,1772017240675,3204,3204,3204,3204,3204,3204,3204,3204,25,15.000000953674316,23.809524536132813,5.263157844543457,25,5,5,5,5.076306343078613,8589934592,2147483648,5868584960,366018560
208,1772017240884,3204,3204,3204,3204,3204,3204,3204,3204,25,15.000000953674316,19.047618865966797,22.72727394104004,0,4.761904716491699,4.545454502105713,0,5.076306343078613,8589934592,2147483648,5856919552,366018560
200,1772017241093,3204,3204,3204,3204,3204,3204,3204,3204,23.809524536132813,20,10,19.047618865966797,4.761904716491699,0,0,0,5.076306343078613,8589934592,2147483648,5856378880,366018560
202,1772017241294,3204,3204,3204,3204,3204,3204,3204,3204,20,33.333335876464844,23.809524536132813,15.789472579956055,0,0,0,0,4.96773099899292,8589934592,2147483648,5858312192,366018560
209,1772017241497,3204,3204,3204,3204,3204,3204,3204,3204,30.000001907348633,30.000001907348633,25,20,0,0,0,0,4.96773099899292,8589934592,2147483648,5857558528,366018560
209,1772017241707,3204,3204,3204,3204,3204,3204,3204,3204,28.571430206298828,19.047618865966797,25,18.18181800842285,0,0,0,0,4.96773099899292,8589934592,2147483648,5854216192,366018560
207,1772017241917,3204,3204,3204,3204,3204,3204,3204,3204,23.809524536132813,19.047618865966797,28.571430206298828,15.000000953674316,0,0,0,0,4.96773099899292,8589934592,2147483648,5854085120,366018560
209,1772017242124,3204,3204,3204,3204,3204,3204,3204,3204,20,28.571430206298828,19.047618865966797,19.047618865966797,4.545454502105713,0,0,4.545454502105713,4.96773099899292,8589934592,2147483648,5853577216,366018560
209,1772017242334,3204,3204,3204,3204,3204,3204,3204,3204,28.571430206298828,25,23.809524536132813,19.047618865966797,0,0,0,0,5.010126113891602,8589934592,2147483648,5853167616,366018560
209,1772017242544,3204,3204,3204,3204,3204,3204,3204,3204,28.571430206298828,40.90909194946289,20,19.047618865966797,9.523809432983398,17.39130401611328,4.545454502105713,14.285715103149414,5.010126113891602,8589934592,2147483648,5850234880,366018560
203,1772017242754,3204,3204,3204,3204,3204,3204,3204,3204,20,30.000001907348633,18.18181800842285,14.285715103149414,9.090909004211426,0,0,9.523809432983398,5.010126113891602,8589934592,2147483648,5850234880,366018560
209,1772017242957,3204,3204,3204,3204,3204,3204,3204,3204,33.333335876464844,25,25,19.047618865966797,5,5,5,5,5.010126113891602,8589934592,2147483648,5850234880,366018560
209,1772017243167,3204,3204,3204,3204,3204,3204,3204,3204,23.809524536132813,28.571430206298828,14.285715103149414,15.000000953674316,4.761904716491699,4.545454502105713,4.761904716491699,4.545454502105713,5.010126113891602,8589934592,2147483648,5849366528,366018560
200,1772017243377,3204,3204,3204,3204,3204,3204,3204,3204,30.000001907348633,19.047618865966797,19.047618865966797,25,4.761904716491699,4.761904716491699,4.545454502105713,0,5.165976047515869,8589934592,2147483648,5849448448,366018560
209,1772017243578,3204,3204,3204,3204,3204,3204,3204,3204,23.809524536132813,20,15.789472579956055,27.272727966308594,5.263157844543457,5.263157844543457,5.263157844543457,5,5.165976047515869,8589934592,2147483648,5849317376,366018560
205,1772017243788,3204,3204,3204,3204,3204,3204,3204,3204,23.809524536132813,23.809524536132813,27.272727966308594,20,4.545454502105713,0,0,0,5.165976047515869,8589934592,2147483648,5852692480,366018560
200,1772017243994,3204,3204,3204,3204,3204,3204,3204,3204,20,20,25,19.047618865966797,0,4.761904716491699,4.761904716491699,4.761904716491699,5.165976047515869,8589934592,2147483648,5852381184,366018560
204,1772017244194,3204,3204,3204,3204,3204,3204,3204,3204,28.571430206298828,25,25,21.052631378173828,9.523809432983398,5,0,0,5.165976047515869,8589934592,2147483648,5853249536,366018560
209,1772017244399,3204,3204,3204,3204,3204,3204,3204,3204,15.000000953674316,15.000000953674316,14.285715103149414,23.809524536132813,5,10,5,4.761904716491699,5.185502052307129,8589934592,2147483648,5853429760,366018560
200,1772017244610,3204,3204,3204,3204,3204,3204,3204,3204,20,22.72727394104004,15.000000953674316,38.095237731933594,0,4.545454502105713,0,0,5.185502052307129,8589934592,2147483648,5852872704,366018560
207,1772017244810,3204,3204,3204,3204,3204,3204,3204,3204,35,35,38.095237731933594,40,23.809524536132813,25,20,20,5.185502052307129,8589934592,2147483648,5853478912,366018560
208,1772017245018,3204,3204,3204,3204,3204,3204,3204,3204,28.571430206298828,28.571430206298828,15.000000953674316,28.571430206298828,5,5,4.761904716491699,5,5.185502052307129,8589934592,2147483648,5852037120,366018560
201,1772017245227,3204,3204,3204,3204,3204,3204,3204,3204,30.000001907348633,20,23.809524536132813,15.000000953674316,9.090909004211426,0,4.761904716491699,0,5.185502052307129,8589934592,2147483648,5841567744,366018560
203,1772017245429,3204,3204,3204,3204,3204,3204,3204,3204,19.047618865966797,19.047618865966797,30.000001907348633,19.047618865966797,0,5,4.761904716491699,4.761904716491699,5.0749335289001465,8589934592,2147483648,5841453056,366018560
207,1772017245633,3204,3204,3204,3204,3204,3204,3204,3204,20,10.526315689086914,14.285715103149414,15.000000953674316,14.285715103149414,10,5,0,5.0749335289001465,8589934592,2147483648,5841453056,366018560
207,1772017245842,3204,3204,3204,3204,3204,3204,3204,3204,38.095237731933594,28.571430206298828,20,19.047618865966797,0,4.761904716491699,0,4.545454502105713,5.0749335289001465,8589934592,2147483648,5841453056,366018560
207,1772017246050,3204,3204,3204,3204,3204,3204,3204,3204,28.571430206298828,30.000001907348633,20,19.047618865966797,0,0,4.761904716491699,0,5.0749335289001465,8589934592,2147483648,5841453056,366018560
201,1772017246259,3204,3204,3204,3204,3204,3204,3204,3204,28.571430206298828,23.809524536132813,19.047618865966797,20,4.545454502105713,0,0,0,5.494511127471924,8589934592,2147483648,5884280832,366018560
209,1772017246461,3204,3204,3204,3204,3204,3204,3204,3204,20,25,20,30.000001907348633,0,9.523809432983398,0,0,5.494511127471924,8589934592,2147483648,5883674624,366018560
203,1772017246670,3204,3204,3204,3204,3204,3204,3204,3204,20,26.086956024169922,19.047618865966797,19.047618865966797,4.545454502105713,0,0,4.761904716491699,5.494511127471924,8589934592,2147483648,5883674624,366018560
206,1772017246875,3204,3204,3204,3204,3204,3204,3204,3204,28.571430206298828,21.052631378173828,28.571430206298828,23.809524536132813,0,5,4.761904716491699,0,5.494511127471924,8589934592,2147483648,5883674624,366018560
201,1772017247082,3204,3204,3204,3204,3204,3204,3204,3204,25,23.809524536132813,20,15.000000953674316,9.523809432983398,0,0,0,5.494511127471924,8589934592,2147483648,5883674624,366018560
209,1772017247284,3204,3204,3204,3204,3204,3204,3204,3204,33.333335876464844,20,15.000000953674316,15.000000953674316,5,4.761904716491699,5.263157844543457,0,5.102322578430176,8589934592,2147483648,5857017856,366018560
209,1772017247493,3204,3204,3204,3204,3204,3204,3204,3204,30.000001907348633,25,22.72727394104004,14.285715103149414,9.090909004211426,15.000000953674316,0,13.636363983154297,5.102322578430176,8589934592,2147483648,5854363648,366018560
200,1772017247704,3204,3204,3204,3204,3204,3204,3204,3204,28.571430206298828,22.72727394104004,14.285715103149414,18.18181800842285,4.761904716491699,4.761904716491699,4.761904716491699,4.761904716491699,5.102322578430176,8589934592,2147483648,5855690752,366018560
205,1772017247905,3204,3204,3204,3204,3204,3204,3204,3204,20,20,20,26.3157901763916,0,0,0,0,5.102322578430176,8589934592,2147483648,5855559680,366018560
209,1772017248111,3204,3204,3204,3204,3204,3204,3204,3204,30.000001907348633,25,15.000000953674316,25,0,0,0,0,5.102322578430176,8589934592,2147483648,5854871552,366018560
205,1772017248321,3204,3204,3204,3204,3204,3204,3204,3204,23.809524536132813,28.571430206298828,15.000000953674316,18.18181800842285,4.761904716491699,4.761904716491699,4.761904716491699,0,5.315557479858398,8589934592,2147483648,5856608256,366018560
204,1772017248527,3204,3204,3204,3204,3204,3204,3204,3204,25,28.571430206298828,19.047618865966797,20,0,0,0,0,5.315557479858398,8589934592,2147483648,5856165888,366018560
209,1772017248733,3204,3204,3204,3204,3204,3204,3204,3204,31.81818199157715,31.57894515991211,15.000000953674316,19.047618865966797,0,9.523809432983398,0,4.761904716491699,5.315557479858398,8589934592,2147483648,5849677824,366018560
200,1772017248943,3204,3204,3204,3204,3204,3204,3204,3204,15.000000953674316,18.18181800842285,22.72727394104004,30.000001907348633,4.545454502105713,0,0,0,5.315557479858398,8589934592,2147483648,5849202688,366018560
209,1772017249144,3204,3204,3204,3204,3204,3204,3204,3204,26.3157901763916,21.052631378173828,25,25,5.263157844543457,5,5,0,5.315557479858398,8589934592,2147483648,5849202688,366018560
209,1772017249354,3204,3204,3204,3204,3204,3204,3204,3204,22.72727394104004,27.272727966308594,14.285715103149414,19.047618865966797,9.523809432983398,5,8.69565200805664,4.761904716491699,5.144138813018799,8589934592,2147483648,5843533824,366018560
207,1772017249564,3204,3204,3204,3204,3204,3204,3204,3204,20,35,15.000000953674316,22.72727394104004,0,0,0,0,5.144138813018799,8589934592,2147483648,5842911232,366018560
205,1772017249771,3204,3204,3204,3204,3204,3204,3204,3204,27.272727966308594,33.333335876464844,22.72727394104004,20,9.523809432983398,9.523809432983398,4.761904716491699,9.523809432983398,5.144138813018799,8589934592,2147483648,5844680704,366018560
209,1772017249977,3204,3204,3204,3204,3204,3204,3204,3204,21.052631378173828,25,20,15.000000953674316,0,0,0,0,5.144138813018799,8589934592,2147483648,5844385792,366018560
206,1772017250187,3204,3204,3204,3204,3204,3204,3204,3204,27.272727966308594,33.333335876464844,30.000001907348633,19.047618865966797,0,0,0,0,5.144138813018799,8589934592,2147483648,5844385792,366018560
208,1772017250394,3204,3204,3204,3204,3204,3204,3204,3204,28.571430206298828,23.809524536132813,22.72727394104004,23.809524536132813,4.761904716491699,4.545454502105713,4.761904716491699,4.761904716491699,5.054698944091797,8589934592,2147483648,5845254144,366018560
205,1772017250603,3204,3204,3204,3204,3204,3204,3204,3204,20,19.047618865966797,15.000000953674316,25,4.761904716491699,10,0,4.761904716491699,5.054698944091797,8589934592,2147483648,5847285760,366018560
203,1772017250809,3204,3204,3204,3204,3204,3204,3204,3204,61.904762268066406,60.000003814697266,65,63.6363639831543,9.523809432983398,9.090909004211426,4.761904716491699,0,5.054698944091797,8589934592,2147483648,5854822400,366018560
209,1772017251013,3204,3204,3204,3204,3204,3204,3204,3204,45,45,47.619049072265625,25,15.000000953674316,5.263157844543457,0,0,5.054698944091797,8589934592,2147483648,5857345536,366018560
201,1772017251223,3204,3204,3204,3204,3204,3204,3204,3204,47.619049072265625,50,50,42.85714340209961,9.523809432983398,9.523809432983398,4.761904716491699,4.545454502105713,5.054698944091797,8589934592,2147483648,5860311040,366018560
207,1772017251426,3204,3204,3204,3204,3204,3204,3204,3204,70,52.6315803527832,47.619049072265625,38.095237731933594,10,4.761904716491699,0,0,5.247955799102783,8589934592,2147483648,5869633536,366018560
207,1772017251634,3204,3204,3204,3204,3204,3204,3204,3204,80.95238494873047,85.71428680419922,80.95238494873047,75,4.761904716491699,0,0,0,5.247955799102783,8589934592,2147483648,5871747072,366018560
207,1772017251843,3204,3204,3204,3204,3204,3204,3204,3204,65,61.904762268066406,61.904762268066406,55,4.761904716491699,9.523809432983398,4.761904716491699,4.545454502105713,5.247955799102783,8589934592,2147483648,5874335744,366018560
204,1772017252051,3204,3204,3204,3204,3204,3204,3204,3204,54.54545593261719,57.142860412597656,50,52.38095474243164,9.523809432983398,4.761904716491699,4.761904716491699,4.761904716491699,5.247955799102783,8589934592,2147483648,5877809152,366018560
204,1772017252256,3204,3204,3204,3204,3204,3204,3204,3204,50,55,45,40,0,0,0,0,5.876312732696533,8589934592,2147483648,5875924992,366018560
209,1772017252461,3204,3204,3204,3204,3204,3204,3204,3204,59.09090805053711,66.66667175292969,52.38095474243164,40,10,14.285715103149414,0,0,5.876312732696533,8589934592,2147483648,5875826688,366018560
204,1772017252671,3204,3204,3204,3204,3204,3204,3204,3204,60.000003814697266,55,50,47.826087951660156,0,4.761904716491699,4.761904716491699,0,5.876312732696533,8589934592,2147483648,5876285440,366018560
207,1772017252876,3204,3204,3204,3204,3204,3204,3204,3204,47.619049072265625,47.619049072265625,42.85714340209961,38.88888931274414,4.545454502105713,0,0,0,5.876312732696533,8589934592,2147483648,5879119872,366018560
200,1772017253084,3204,3204,3204,3204,3204,3204,3204,3204,42.85714340209961,47.619049072265625,38.095237731933594,42.85714340209961,0,0,0,0,5.876312732696533,8589934592,2147483648,5877907456,366018560
207,1772017253286,3204,3204,3204,3204,3204,3204,3204,3204,50,47.36842346191406,45,47.619049072265625,0,0,0,0,6.198670387268066,8589934592,2147483648,5879431168,366018560
208,1772017253495,3204,3204,3204,3204,3204,3204,3204,3204,66.66667175292969,61.904762268066406,45,57.142860412597656,14.285715103149414,10,9.523809432983398,9.523809432983398,6.198670387268066,8589934592,2147483648,5889769472,366018560
204,1772017253705,3204,3204,3204,3204,3204,3204,3204,3204,54.54545593261719,47.619049072265625,54.54545593261719,52.38095474243164,0,0,0,0,6.198670387268066,8589934592,2147483648,5877956608,366018560
198,1772017253911,3204,3204,3204,3204,3204,3204,3204,3204,47.36842346191406,47.619049072265625,45,38.095237731933594,4.761904716491699,4.761904716491699,4.545454502105713,0,6.198670387268066,8589934592,2147483648,5880905728,366018560
208,1772017254111,3204,3204,3204,3204,3204,3204,3204,3204,60.000003814697266,55,45,45,0,0,0,0,6.198670387268066,8589934592,2147483648,5879185408,366018560
209,1772017254320,3204,3204,3204,3204,3204,3204,3204,3204,80.95238494873047,65,76.19047546386719,60.000003814697266,20,20,20,22.72727394104004,5.772996425628662,8589934592,2147483648,5879185408,366018560
203,1772017254529,3204,3204,3204,3204,3204,3204,3204,3204,38.095237731933594,50,20,9.523809432983398,18.18181800842285,13.636363983154297,9.523809432983398,9.090909004211426,5.772996425628662,8589934592,2147483648,5883691008,366018560
202,1772017254734,3204,3204,3204,3204,3204,3204,3204,3204,45,35,33.333335876464844,38.095237731933594,0,0,0,0,5.772996425628662,8589934592,2147483648,5919391744,366018560
206,1772017254937,3204,3204,3204,3204,3204,3204,3204,3204,30.000001907348633,30.000001907348633,20,25,0,4.761904716491699,0,0,5.772996425628662,8589934592,2147483648,5921849344,366018560
203,1772017255144,3204,3204,3204,3204,3204,3204,3204,3204,19.047618865966797,23.809524536132813,20,30.000001907348633,4.761904716491699,0,4.761904716491699,0,5.772996425628662,8589934592,2147483648,5921849344,366018560
209,1772017255347,3204,3204,3204,3204,3204,3204,3204,3204,28.571430206298828,30.000001907348633,23.809524536132813,30.000001907348633,0,4.761904716491699,0,4.545454502105713,5.769864559173584,8589934592,2147483648,5921849344,366018560
209,1772017255557,3204,3204,3204,3204,3204,3204,3204,3204,25,33.333335876464844,14.285715103149414,18.18181800842285,4.761904716491699,0,0,0,5.769864559173584,8589934592,2147483648,5923323904,366018560
209,1772017255768,3204,3204,3204,3204,3204,3204,3204,3204,15.000000953674316,20,23.809524536132813,19.047618865966797,47.619049072265625,66.66667175292969,19.047618865966797,25,5.769864559173584,8589934592,2147483648,5926191104,366018560
209,1772017255978,3204,3204,3204,3204,3204,3204,3204,3204,19.047618865966797,19.047618865966797,19.047618865966797,20,52.6315803527832,45.45454788208008,0,0,5.769864559173584,8589934592,2147483648,5927239680,366018560
205,1772017256187,3204,3204,3204,3204,3204,3204,3204,3204,23.809524536132813,22.72727394104004,19.047618865966797,25,8.69565200805664,60.000003814697266,0,4.761904716491699,5.769864559173584,8589934592,2147483648,5926764544,366018560
199,1772017256394,3204,3204,3204,3204,3204,3204,3204,3204,20,20,19.047618865966797,22.72727394104004,0,71.42857360839844,0,0,5.85759162902832,8589934592,2147483648,5927649280,366018560
209,1772017256594,3204,3204,3204,3204,3204,3204,3204,3204,28.571430206298828,25,21.052631378173828,10.526315689086914,0,100,0,0,5.85759162902832,8589934592,2147483648,5924438016,366018560
201,1772017256804,3204,3204,3204,3204,3204,3204,3204,3204,20,14.285715103149414,25,19.047618865966797,4.761904716491699,57.142860412597656,26.086956024169922,4.761904716491699,5.85759162902832,8589934592,2147483648,5922308096,366018560
204,1772017257006,3204,3204,3204,3204,3204,3204,3204,3204,20,25,28.571430206298828,14.285715103149414,50,19.047618865966797,0,5,5.85759162902832,8589934592,2147483648,5917261824,366018560
208,1772017257211,3204,3204,3204,3204,3204,3204,3204,3204,23.809524536132813,25,25,15.000000953674316,100,0,0,0,5.85759162902832,8589934592,2147483648,5915049984,366018560
209,1772017257419,3204,3204,3204,3204,3204,3204,3204,3204,28.571430206298828,19.047618865966797,23.809524536132813,19.047618865966797,61.904762268066406,14.285715103149414,5.263157844543457,9.090909004211426,8.140912055969238,8589934592,2147483648,5899501568,366018560
201,1772017257630,3204,3204,3204,3204,3204,3204,3204,3204,25,28.571430206298828,15.000000953674316,10,66.66667175292969,5,13.636363983154297,25,8.140912055969238,8589934592,2147483648,5899468800,366018560
203,1772017257831,3204,3204,3204,3204,3204,3204,3204,3204,25,25,19.047618865966797,19.047618865966797,71.42857360839844,45,5,5,8.140912055969238,8589934592,2147483648,5901205504,366018560
203,1772017258035,3204,3204,3204,3204,3204,3204,3204,3204,28.571430206298828,30.000001907348633,20,15.000000953674316,25,47.619049072265625,0,0,8.140912055969238,8589934592,2147483648,5897027584,366018560
208,1772017258239,3204,3204,3204,3204,3204,3204,3204,3204,20,28.571430206298828,19.047618865966797,20,47.36842346191406,0,0,50,8.140912055969238,8589934592,2147483648,5896388608,366018560
206,1772017258448,3204,3204,3204,3204,3204,3204,3204,3204,19.047618865966797,20,15.000000953674316,18.18181800842285,22.72727394104004,9.523809432983398,33.333335876464844,45.45454788208008,10.128144264221191,8589934592,2147483648,5897420800,366018560
206,1772017258654,3204,3204,3204,3204,3204,3204,3204,3204,20,28.571430206298828,20,10.526315689086914,38.095237731933594,33.333335876464844,0,5,10.128144264221191,8589934592,2147483648,5896519680,366018560
204,1772017258861,3204,3204,3204,3204,3204,3204,3204,3204,20,20,19.047618865966797,18.18181800842285,5,95.23809814453125,4.545454502105713,0,10.128144264221191,8589934592,2147483648,5886754816,366018560
209,1772017259066,3204,3204,3204,3204,3204,3204,3204,3204,23.809524536132813,35,23.809524536132813,20,54.54545593261719,20,0,0,10.128144264221191,8589934592,2147483648,5886230528,366018560
200,1772017259276,3204,3204,3204,3204,3204,3204,3204,3204,23.809524536132813,28.571430206298828,15.000000953674316,14.285715103149414,47.36842346191406,0,0,4.545454502105713,10.656519889831543,8589934592,2147483648,5886230528,366018560
207,1772017259477,3204,3204,3204,3204,3204,3204,3204,3204,28.571430206298828,30.000001907348633,23.809524536132813,21.052631378173828,76.19047546386719,5,4.761904716491699,0,10.656519889831543,8589934592,2147483648,5886230528,366018560
207,1772017259685,3204,3204,3204,3204,3204,3204,3204,3204,25,33.333335876464844,15.000000953674316,23.809524536132813,57.142860412597656,0,0,0,10.656519889831543,8589934592,2147483648,5884428288,366018560
208,1772017259893,3204,3204,3204,3204,3204,3204,3204,3204,25,25,19.047618865966797,19.047618865966797,50,9.523809432983398,5,0,10.656519889831543,8589934592,2147483648,5894733824,366018560
208,1772017260102,3204,3204,3204,3204,3204,3204,3204,3204,28.571430206298828,30.000001907348633,23.809524536132813,25,61.904762268066406,20,0,0,10.656519889831543,8589934592,2147483648,5882544128,366018560
209,1772017260310,3204,3204,3204,3204,3204,3204,3204,3204,25,23.809524536132813,25,19.047618865966797,52.38095474243164,4.761904716491699,0,4.545454502105713,9.319025993347168,8589934592,2147483648,5882429440,366018560
202,1772017260520,3204,3204,3204,3204,3204,3204,3204,3204,28.571430206298828,28.571430206298828,19.047618865966797,22.72727394104004,10,0,0,47.619049072265625,9.319025993347168,8589934592,2147483648,5884067840,366018560
203,1772017260723,3204,3204,3204,3204,3204,3204,3204,3204,20,19.047618865966797,19.047618865966797,21.052631378173828,9.523809432983398,55,15.000000953674316,30.000001907348633,9.319025993347168,8589934592,2147483648,5886164992,366018560
205,1772017260928,3204,3204,3204,3204,3204,3204,3204,3204,25,28.571430206298828,15.789472579956055,19.047618865966797,85,4.761904716491699,0,0,9.319025993347168,8589934592,2147483648,5887574016,366018560
208,1772017261133,3204,3204,3204,3204,3204,3204,3204,3204,28.571430206298828,25,19.047618865966797,19.047618865966797,47.619049072265625,0,4.761904716491699,0,9.319025993347168,8589934592,2147483648,5887066112,366018560
201,1772017261342,3204,3204,3204,3204,3204,3204,3204,3204,20,23.809524536132813,23.809524536132813,10.526315689086914,55,0,0,0,9.127117156982422,8589934592,2147483648,5887066112,366018560
208,1772017261544,3204,3204,3204,3204,3204,3204,3204,3204,33.333335876464844,31.57894515991211,28.571430206298828,23.809524536132813,30.000001907348633,4.761904716491699,0,9.090909004211426,9.127117156982422,8589934592,2147483648,5890031616,366018560
207,1772017261752,3204,3204,3204,3204,3204,3204,3204,3204,25,28.571430206298828,15.789472579956055,15.000000953674316,57.142860412597656,0,9.090909004211426,4.761904716491699,9.127117156982422,8589934592,2147483648,5889294336,366018560
209,1772017261960,3204,3204,3204,3204,3204,3204,3204,3204,28.571430206298828,25,19.047618865966797,18.18181800842285,80.95238494873047,9.090909004211426,0,0,9.127117156982422,8589934592,2147483648,5895913472,366018560
204,1772017262170,3204,3204,3204,3204,3204,3204,3204,3204,33.333335876464844,23.809524536132813,22.72727394104004,15.000000953674316,52.38095474243164,0,0,0,9.127117156982422,8589934592,2147483648,5883052032,366018560
203,1772017262376,3204,3204,3204,3204,3204,3204,3204,3204,25,20,20,19.047618865966797,61.904762268066406,0,0,0,8.829658508300781,8589934592,2147483648,5880283136,366018560
209,1772017262580,3204,3204,3204,3204,3204,3204,3204,3204,28.571430206298828,23.809524536132813,23.809524536132813,14.285715103149414,78.94737243652344,10,5,0,8.829658508300781,8589934592,2147483648,5880528896,366018560
209,1772017262790,3204,3204,3204,3204,3204,3204,3204,3204,19.047618865966797,19.047618865966797,20,15.000000953674316,23.809524536132813,0,14.285715103149414,0,8.829658508300781,8589934592,2147483648,5878349824,366018560
209,1772017263000,3204,3204,3204,3204,3204,3204,3204,3204,28.571430206298828,28.571430206298828,19.047618865966797,19.047618865966797,27.272727966308594,45.45454788208008,33.333335876464844,0,8.829658508300781,8589934592,2147483648,5889900544,366018560
208,1772017263211,3204,3204,3204,3204,3204,3204,3204,3204,35,25,25,19.047618865966797,23.809524536132813,33.333335876464844,0,0,8.829658508300781,8589934592,2147483648,5879988224,366018560
204,1772017263420,3204,3204,3204,3204,3204,3204,3204,3204,23.809524536132813,27.272727966308594,19.047618865966797,30.000001907348633,0,28.571430206298828,4.761904716491699,0,8.373290061950684,8589934592,2147483648,5879988224,366018560
203,1772017263625,3204,3204,3204,3204,3204,3204,3204,3204,20,20,30.000001907348633,19.047618865966797,47.619049072265625,57.142860412597656,0,0,8.373290061950684,8589934592,2147483648,5879988224,366018560
200,1772017263829,3204,3204,3204,3204,3204,3204,3204,3204,38.095237731933594,33.333335876464844,33.333335876464844,25,47.619049072265625,0,0,0,8.373290061950684,8589934592,2147483648,5888081920,366018560
209,1772017264030,3204,3204,3204,3204,3204,3204,3204,3204,31.57894515991211,21.052631378173828,26.3157901763916,15.000000953674316,26.3157901763916,5.263157844543457,0,4.761904716491699,8.373290061950684,8589934592,2147483648,5892210688,366018560
202,1772017264240,3204,3204,3204,3204,3204,3204,3204,3204,28.571430206298828,23.809524536132813,22.72727394104004,19.047618865966797,50,57.142860412597656,4.761904716491699,0,8.373290061950684,8589934592,2147483648,5898928128,366018560
205,1772017264443,3204,3204,3204,3204,3204,3204,3204,3204,35,30.000001907348633,25,19.047618865966797,42.105262756347656,0,0,0,9.058673858642578,8589934592,2147483648,5898928128,366018560
209,1772017264649,3204,3204,3204,3204,3204,3204,3204,3204,30.000001907348633,30.000001907348633,25,15.789472579956055,85,0,0,0,9.058673858642578,8589934592,2147483648,5898928128,366018560
207,1772017264858,3204,3204,3204,3204,3204,3204,3204,3204,33.333335876464844,38.095237731933594,38.095237731933594,43.4782600402832,68.18181610107422,9.523809432983398,0,4.761904716491699,9.058673858642578,8589934592,2147483648,5888032768,366018560
207,1772017265067,3204,3204,3204,3204,3204,3204,3204,3204,30.000001907348633,25,25,15.000000953674316,20,5,4.545454502105713,0,9.058673858642578,8589934592,2147483648,5888180224,366018560
206,1772017265274,3204,3204,3204,3204,3204,3204,3204,3204,28.571430206298828,28.571430206298828,31.81818199157715,15.789472579956055,50,0,0,0,9.400304794311523,8589934592,2147483648,5886345216,366018560
6,1772017265481,3204,3204,3204,3204,3204,3204,3204,3204,28.571430206298828,35,31.57894515991211,27.272727966308594,9.523809432983398,5,0,4.761904716491699,9.400304794311523,8589934592,2147483648,5886377984,366018560
