Delta,Time,CPU_FREQUENCY_0,CPU_FREQUENCY_1,CPU_FREQUENCY_2,CPU_FREQUENCY_3,CPU_FREQUENCY_4,CPU_FREQUENCY_5,CPU_FREQUENCY_6,CPU_FREQUENCY_7,CPU_USAGE_0,CPU_USAGE_1,CPU_USAGE_2,CPU_USAGE_3,CPU_USAGE_4,CPU_USAGE_5,CPU_USAGE_6,CPU_USAGE_7,SYSTEM_POWER (Watts),TOTAL_MEMORY,TOTAL_SWAP,USED_MEMORY,USED_SWAP
0,1771996158556,3204,3204,3204,3204,3204,3204,3204,3204,100,0,NaN,0,0,0,0,0,5.075334548950195,8589934592,2147483648,6291374080,424738816
204,1771996158556,3204,3204,3204,3204,3204,3204,3204,3204,0,100,50,NaN,NaN,0,0,NaN,5.075334548950195,8589934592,2147483648,6290669568,424738816
207,1771996158761,3204,3204,3204,3204,3204,3204,3204,3204,42.85714340209961,36.842105865478516,35,35,28.571430206298828,25,15.789472579956055,9.523809432983398,5.075334548950195,8589934592,2147483648,6288506880,424738816
206,1771996158968,3204,3204,3204,3204,3204,3204,3204,3204,35,40.90909194946289,25,33.333335876464844,4.761904716491699,9.523809432983398,9.090909004211426,0,5.075334548950195,8589934592,2147483648,6284050432,424738816
208,1771996159175,3204,3204,3204,3204,3204,3204,3204,3204,30.000001907348633,35,20,20,15.000000953674316,10,9.523809432983398,9.523809432983398,5.800609588623047,8589934592,2147483648,6284967936,424738816
209,1771996159384,3204,3204,3204,3204,3204,3204,3204,3204,28.571430206298828,38.095237731933594,22.72727394104004,22.72727394104004,28.571430206298828,23.809524536132813,10,10,5.800609588623047,8589934592,2147483648,6255411200,424738816
207,1771996159594,3204,3204,3204,3204,3204,3204,3204,3204,70,59.09090805053711,61.904762268066406,60.000003814697266,4.761904716491699,0,0,0,5.800609588623047,8589934592,2147483648,6217728000,424738816
208,1771996159801,3204,3204,3204,3204,3204,3204,3204,3204,63.6363639831543,61.11111068725586,61.904762268066406,61.904762268066406,10,14.285715103149414,0,0,5.800609588623047,8589934592,2147483648,6217728000,424738816
207,1771996160010,3204,3204,3204,3204,3204,3204,3204,3204,61.904762268066406,50,60.000003814697266,47.619049072265625,22.72727394104004,19.047618865966797,4.761904716491699,4.761904716491699,5.800609588623047,8589934592,2147483648,6217728000,424738816
207,1771996160219,3204,3204,3204,3204,3204,3204,3204,3204,60.000003814697266,61.904762268066406,57.142860412597656,52.38095474243164,10,9.523809432983398,5,4.761904716491699,4.8962225914001465,8589934592,2147483648,6156648448,424738816
207,1771996160427,3204,3204,3204,3204,3204,3204,3204,3204,65,57.142860412597656,70,55,0,0,0,0,4.8962225914001465,8589934592,2147483648,6157631488,424738816
204,1771996160635,3204,3204,3204,3204,3204,3204,3204,3204,50,45,50,38.095237731933594,0,0,0,0,4.8962225914001465,8589934592,2147483648,6154207232,424738816
209,1771996160840,3204,3204,3204,3204,3204,3204,3204,3204,45,45,36.842105865478516,35,23.809524536132813,23.809524536132813,5,0,4.8962225914001465,8589934592,2147483648,6154207232,424738816
207,1771996161050,3204,3204,3204,3204,3204,3204,3204,3204,45,38.095237731933594,38.095237731933594,33.333335876464844,9.523809432983398,9.523809432983398,0,0,4.8962225914001465,8589934592,2147483648,6154207232,424738816
209,1771996161258,3204,3204,3204,3204,3204,3204,3204,3204,52.38095474243164,38.095237731933594,42.85714340209961,47.619049072265625,5,9.523809432983398,9.090909004211426,9.090909004211426,5.8706440925598145,8589934592,2147483648,6155108352,424738816
208,1771996161468,3204,3204,3204,3204,3204,3204,3204,3204,45,42.85714340209961,33.333335876464844,23.809524536132813,13.636363983154297,5,9.523809432983398,4.761904716491699,5.8706440925598145,8589934592,2147483648,6164086784,424738816
209,1771996161677,3204,3204,3204,3204,3204,3204,3204,3204,35,35,20,23.809524536132813,5,4.761904716491699,4.761904716491699,4.761904716491699,5.8706440925598145,8589934592,2147483648,6173081600,424738816
209,1771996161886,3204,3204,3204,3204,3204,3204,3204,3204,77.2727279663086,68.18181610107422,66.66667175292969,75,4.545454502105713,4.761904716491699,4.761904716491699,0,5.8706440925598145,8589934592,2147483648,6155108352,424738816
202,1771996162097,3204,3204,3204,3204,3204,3204,3204,3204,85,80,76.19047546386719,80.95238494873047,28.571430206298828,9.523809432983398,15.000000953674316,19.047618865966797,5.8706440925598145,8589934592,2147483648,6157910016,424738816
209,1771996162299,3204,3204,3204,3204,3204,3204,3204,3204,61.904762268066406,65,70,71.42857360839844,9.523809432983398,5,5,0,6.206662654876709,8589934592,2147483648,6157565952,424738816
209,1771996162509,3204,3204,3204,3204,3204,3204,3204,3204,77.2727279663086,72.7272720336914,77.2727279663086,85,5,9.090909004211426,4.761904716491699,4.761904716491699,6.206662654876709,8589934592,2147483648,6153912320,424738816
200,1771996162719,3204,3204,3204,3204,3204,3204,3204,3204,65,60.000003814697266,61.904762268066406,61.904762268066406,0,28.571430206298828,0,0,6.206662654876709,8589934592,2147483648,6157615104,424738816
209,1771996162920,3204,3204,3204,3204,3204,3204,3204,3204,70,70,80,71.42857360839844,10.526315689086914,10,9.523809432983398,5,6.206662654876709,8589934592,2147483648,6167805952,424738816
208,1771996163130,3204,3204,3204,3204,3204,3204,3204,3204,80.95238494873047,90.47618865966797,85,80.95238494873047,38.095237731933594,15.789472579956055,9.523809432983398,4.761904716491699,6.206662654876709,8589934592,2147483648,6200770560,424738816
209,1771996163339,3204,3204,3204,3204,3204,3204,3204,3204,71.42857360839844,71.42857360839844,76.19047546386719,75,19.047618865966797,13.636363983154297,4.761904716491699,4.761904716491699,6.489164352416992,8589934592,2147483648,6200786944,424738816
202,1771996163549,3204,3204,3204,3204,3204,3204,3204,3204,70,68.18181610107422,61.904762268066406,57.142860412597656,9.090909004211426,5,4.761904716491699,4.761904716491699,6.489164352416992,8589934592,2147483648,6199476224,424738816
205,1771996163752,3204,3204,3204,3204,3204,3204,3204,3204,52.38095474243164,36.842105865478516,65,38.095237731933594,5,4.761904716491699,0,5,6.489164352416992,8589934592,2147483648,6202966016,424738816
208,1771996163958,3204,3204,3204,3204,3204,3204,3204,3204,55,52.38095474243164,47.619049072265625,50,5,10,0,0,6.489164352416992,8589934592,2147483648,6207651840,424738816
209,1771996164166,3204,3204,3204,3204,3204,3204,3204,3204,61.904762268066406,45,42.85714340209961,42.85714340209961,35,36.3636360168457,13.636363983154297,0,6.181919097900391,8589934592,2147483648,6207651840,424738816
209,1771996164376,3204,3204,3204,3204,3204,3204,3204,3204,66.66667175292969,47.619049072265625,50,35,28.571430206298828,25,9.523809432983398,19.047618865966797,6.181919097900391,8589934592,2147483648,6214500352,424738816
209,1771996164586,3204,3204,3204,3204,3204,3204,3204,3204,57.142860412597656,33.333335876464844,61.904762268066406,38.095237731933594,9.090909004211426,4.761904716491699,0,0,6.181919097900391,8589934592,2147483648,6211403776,424738816
199,1771996164796,3204,3204,3204,3204,3204,3204,3204,3204,61.904762268066406,61.904762268066406,76.19047546386719,59.09090805053711,5,9.090909004211426,4.761904716491699,4.761904716491699,6.181919097900391,8589934592,2147483648,6211108864,424738816
205,1771996164996,3204,3204,3204,3204,3204,3204,3204,3204,65,57.142860412597656,50,42.105262756347656,28.571430206298828,0,5,4.761904716491699,6.181919097900391,8589934592,2147483648,6214926336,424738816
203,1771996165202,3204,3204,3204,3204,3204,3204,3204,3204,55,70,45,57.142860412597656,45,28.571430206298828,19.047618865966797,0,6.93917179107666,8589934592,2147483648,6194577408,424738816
209,1771996165406,3204,3204,3204,3204,3204,3204,3204,3204,66.66667175292969,52.6315803527832,54.54545593261719,55,9.523809432983398,9.523809432983398,9.523809432983398,9.523809432983398,6.93917179107666,8589934592,2147483648,6192578560,424738816
201,1771996165616,3204,3204,3204,3204,3204,3204,3204,3204,40,63.6363639831543,55,52.38095474243164,4.761904716491699,0,0,0,6.93917179107666,8589934592,2147483648,6189858816,424738816
209,1771996165819,3204,3204,3204,3204,3204,3204,3204,3204,40,60.000003814697266,45,38.095237731933594,0,0,0,0,6.93917179107666,8589934592,2147483648,6194593792,424738816
206,1771996166028,3204,3204,3204,3204,3204,3204,3204,3204,38.095237731933594,42.85714340209961,45,61.904762268066406,4.761904716491699,4.761904716491699,4.761904716491699,4.761904716491699,6.93917179107666,8589934592,2147483648,6195642368,424738816
206,1771996166235,3204,3204,3204,3204,3204,3204,3204,3204,42.85714340209961,40,40.90909194946289,45,10,5,4.761904716491699,4.545454502105713,6.721790790557861,8589934592,2147483648,6195642368,424738816
208,1771996166442,3204,3204,3204,3204,3204,3204,3204,3204,47.619049072265625,47.619049072265625,35,50,9.523809432983398,13.636363983154297,4.761904716491699,10,6.721790790557861,8589934592,2147483648,6194888704,424738816
209,1771996166651,3204,3204,3204,3204,3204,3204,3204,3204,47.619049072265625,66.66667175292969,33.333335876464844,40.90909194946289,18.18181800842285,4.761904716491699,4.761904716491699,0,6.721790790557861,8589934592,2147483648,6193102848,424738816
209,1771996166860,3204,3204,3204,3204,3204,3204,3204,3204,50,38.095237731933594,35,50,10.526315689086914,5,0,8.69565200805664,6.721790790557861,8589934592,2147483648,6203392000,424738816
203,1771996167070,3204,3204,3204,3204,3204,3204,3204,3204,38.095237731933594,55,45.45454788208008,33.333335876464844,18.18181800842285,4.761904716491699,4.545454502105713,0,6.721790790557861,8589934592,2147483648,6206472192,424738816
209,1771996167274,3204,3204,3204,3204,3204,3204,3204,3204,50,47.619049072265625,40,35,45,52.38095474243164,26.3157901763916,20,6.809418201446533,8589934592,2147483648,6184599552,424738816
207,1771996167484,3204,3204,3204,3204,3204,3204,3204,3204,42.85714340209961,38.095237731933594,47.619049072265625,28.571430206298828,28.571430206298828,23.809524536132813,13.636363983154297,9.090909004211426,6.809418201446533,8589934592,2147483648,6189400064,424738816
209,1771996167692,3204,3204,3204,3204,3204,3204,3204,3204,35,30.000001907348633,15.000000953674316,22.72727394104004,28.571430206298828,14.285715103149414,5,4.761904716491699,6.809418201446533,8589934592,2147483648,6197051392,424738816
206,1771996167902,3204,3204,3204,3204,3204,3204,3204,3204,42.85714340209961,38.095237731933594,25,30.000001907348633,4.761904716491699,4.761904716491699,4.545454502105713,0,6.809418201446533,8589934592,2147483648,6193414144,424738816
209,1771996168110,3204,3204,3204,3204,3204,3204,3204,3204,60.000003814697266,61.904762268066406,60.869564056396484,52.38095474243164,4.761904716491699,4.761904716491699,4.761904716491699,4.761904716491699,6.809418201446533,8589934592,2147483648,6201884672,424738816
202,1771996168319,3204,3204,3204,3204,3204,3204,3204,3204,57.142860412597656,60.000003814697266,50,50,10,4.761904716491699,0,4.761904716491699,6.382734298706055,8589934592,2147483648,6200164352,424738816
209,1771996168522,3204,3204,3204,3204,3204,3204,3204,3204,90.47618865966797,85.71428680419922,90,90,5,5,5,0,6.382734298706055,8589934592,2147483648,6193823744,424738816
206,1771996168732,3204,3204,3204,3204,3204,3204,3204,3204,80.95238494873047,85.71428680419922,81.81818389892578,81.81818389892578,13.636363983154297,5,4.761904716491699,4.761904716491699,6.382734298706055,8589934592,2147483648,6194774016,424738816
199,1771996168939,3204,3204,3204,3204,3204,3204,3204,3204,80.95238494873047,80,80,80,20,19.047618865966797,13.636363983154297,9.523809432983398,6.382734298706055,8589934592,2147483648,6196510720,424738816
209,1771996169139,3204,3204,3204,3204,3204,3204,3204,3204,68.42105102539063,70,68.42105102539063,66.66667175292969,10,5,5,0,5.64153528213501,8589934592,2147483648,6196133888,424738816
209,1771996169349,3204,3204,3204,3204,3204,3204,3204,3204,80.95238494873047,81.81818389892578,85.71428680419922,76.19047546386719,15.000000953674316,9.523809432983398,9.523809432983398,9.523809432983398,5.64153528213501,8589934592,2147483648,6199132160,424738816
208,1771996169559,3204,3204,3204,3204,3204,3204,3204,3204,52.38095474243164,60.000003814697266,54.54545593261719,40,42.85714340209961,14.285715103149414,15.000000953674316,27.272727966308594,5.64153528213501,8589934592,2147483648,6186598400,424738816
205,1771996169768,3204,3204,3204,3204,3204,3204,3204,3204,50,42.85714340209961,40,42.85714340209961,47.619049072265625,0,0,0,5.64153528213501,8589934592,2147483648,6189400064,424738816
199,1771996169974,3204,3204,3204,3204,3204,3204,3204,3204,50,55,42.85714340209961,47.619049072265625,23.809524536132813,9.523809432983398,0,0,5.64153528213501,8589934592,2147483648,6189957120,424738816
207,1771996170175,3204,3204,3204,3204,3204,3204,3204,3204,50,55,42.105262756347656,36.842105865478516,55,26.3157901763916,0,0,7.451766490936279,8589934592,2147483648,6190465024,424738816
208,1771996170383,3204,3204,3204,3204,3204,3204,3204,3204,63.6363639831543,60.000003814697266,54.54545593261719,57.142860412597656,38.095237731933594,0,0,0,7.451766490936279,8589934592,2147483648,6180159488,424738816
209,1771996170592,3204,3204,3204,3204,3204,3204,3204,3204,42.85714340209961,52.38095474243164,50,40,33.333335876464844,0,4.545454502105713,0,7.451766490936279,8589934592,2147483648,6182682624,424738816
208,1771996170802,3204,3204,3204,3204,3204,3204,3204,3204,45,47.619049072265625,40,38.095237731933594,60.000003814697266,0,0,0,7.451766490936279,8589934592,2147483648,6181765120,424738816
207,1771996171010,3204,3204,3204,3204,3204,3204,3204,3204,57.142860412597656,47.619049072265625,40.90909194946289,47.619049072265625,47.619049072265625,0,0,9.523809432983398,7.451766490936279,8589934592,2147483648,6181765120,424738816
208,1771996171218,3204,3204,3204,3204,3204,3204,3204,3204,38.095237731933594,55,35,50,47.619049072265625,9.523809432983398,0,0,6.870015621185303,8589934592,2147483648,6181765120,424738816
206,1771996171427,3204,3204,3204,3204,3204,3204,3204,3204,45,47.619049072265625,38.095237731933594,47.36842346191406,33.333335876464844,15.000000953674316,5,0,6.870015621185303,8589934592,2147483648,6181765120,424738816
209,1771996171633,3204,3204,3204,3204,3204,3204,3204,3204,52.38095474243164,66.66667175292969,47.619049072265625,47.619049072265625,50,22.72727394104004,5,5,6.870015621185303,8589934592,2147483648,6178537472,424738816
207,1771996171843,3204,3204,3204,3204,3204,3204,3204,3204,61.904762268066406,52.38095474243164,47.619049072265625,42.85714340209961,57.142860412597656,38.095237731933594,33.333335876464844,31.81818199157715,6.870015621185303,8589934592,2147483648,6178258944,424738816
205,1771996172051,3204,3204,3204,3204,3204,3204,3204,3204,40,35,55,42.85714340209961,55,5,4.761904716491699,0,6.870015621185303,8589934592,2147483648,6175735808,424738816
209,1771996172257,3204,3204,3204,3204,3204,3204,3204,3204,52.38095474243164,42.85714340209961,40,45,42.85714340209961,4.761904716491699,0,0,8.506011962890625,8589934592,2147483648,6175588352,424738816
200,1771996172467,3204,3204,3204,3204,3204,3204,3204,3204,47.619049072265625,47.619049072265625,40.90909194946289,42.85714340209961,57.142860412597656,0,4.545454502105713,4.545454502105713,8.506011962890625,8589934592,2147483648,6166396928,424738816
209,1771996172668,3204,3204,3204,3204,3204,3204,3204,3204,55,50,42.105262756347656,40,55,5,0,0,8.506011962890625,8589934592,2147483648,6166724608,424738816
205,1771996172879,3204,3204,3204,3204,3204,3204,3204,3204,55,57.142860412597656,50,40.90909194946289,38.095237731933594,4.761904716491699,0,0,8.506011962890625,8589934592,2147483648,6160285696,424738816
203,1771996173085,3204,3204,3204,3204,3204,3204,3204,3204,47.619049072265625,35,35,30.000001907348633,33.333335876464844,0,0,0,8.506011962890625,8589934592,2147483648,6154682368,424738816
209,1771996173289,3204,3204,3204,3204,3204,3204,3204,3204,50,42.85714340209961,50,40,60.000003814697266,9.090909004211426,0,0,9.216728210449219,8589934592,2147483648,6158237696,424738816
205,1771996173499,3204,3204,3204,3204,3204,3204,3204,3204,47.619049072265625,65,36.3636360168457,33.333335876464844,50,0,0,0,9.216728210449219,8589934592,2147483648,6158237696,424738816
209,1771996173704,3204,3204,3204,3204,3204,3204,3204,3204,52.38095474243164,65,50,42.85714340209961,47.619049072265625,10.526315689086914,14.285715103149414,4.761904716491699,9.216728210449219,8589934592,2147483648,6125502464,424738816
203,1771996173914,3204,3204,3204,3204,3204,3204,3204,3204,38.095237731933594,38.095237731933594,25,25,33.333335876464844,13.636363983154297,0,0,9.216728210449219,8589934592,2147483648,6130614272,424738816
209,1771996174119,3204,3204,3204,3204,3204,3204,3204,3204,25,23.809524536132813,20,19.047618865966797,55,10,4.761904716491699,0,9.216728210449219,8589934592,2147483648,6130286592,424738816
209,1771996174328,3204,3204,3204,3204,3204,3204,3204,3204,28.571430206298828,33.333335876464844,22.72727394104004,19.047618865966797,61.904762268066406,13.636363983154297,4.761904716491699,4.545454502105713,9.83653736114502,8589934592,2147483648,6131974144,424738816
200,1771996174538,3204,3204,3204,3204,3204,3204,3204,3204,23.809524536132813,33.333335876464844,20,19.047618865966797,40.90909194946289,4.761904716491699,10,0,9.83653736114502,8589934592,2147483648,6127960064,424738816
209,1771996174739,3204,3204,3204,3204,3204,3204,3204,3204,21.052631378173828,26.3157901763916,20,20,60.000003814697266,0,0,0,9.83653736114502,8589934592,2147483648,6127566848,424738816
202,1771996174949,3204,3204,3204,3204,3204,3204,3204,3204,28.571430206298828,31.81818199157715,19.047618865966797,15.000000953674316,80,0,0,0,9.83653736114502,8589934592,2147483648,6130139136,424738816
207,1771996175152,3204,3204,3204,3204,3204,3204,3204,3204,28.571430206298828,26.3157901763916,25,23.809524536132813,35,0,0,0,8.909059524536133,8589934592,2147483648,6129614848,424738816
208,1771996175360,3204,3204,3204,3204,3204,3204,3204,3204,25,28.571430206298828,15.000000953674316,20,52.38095474243164,5.263157844543457,0,0,8.909059524536133,8589934592,2147483648,6128205824,424738816
208,1771996175570,3204,3204,3204,3204,3204,3204,3204,3204,30.000001907348633,33.333335876464844,28.571430206298828,23.809524536132813,60.000003814697266,18.18181800842285,4.761904716491699,0,8.909059524536133,8589934592,2147483648,6128205824,424738816
206,1771996175779,3204,3204,3204,3204,3204,3204,3204,3204,47.619049072265625,25,28.571430206298828,23.809524536132813,59.09090805053711,9.523809432983398,0,0,8.909059524536133,8589934592,2147483648,6121635840,424738816
207,1771996175985,3204,3204,3204,3204,3204,3204,3204,3204,28.571430206298828,38.095237731933594,23.809524536132813,20,50,5,5,0,8.909059524536133,8589934592,2147483648,6115000320,424738816
209,1771996176193,3204,3204,3204,3204,3204,3204,3204,3204,35,28.571430206298828,20,15.000000953674316,57.142860412597656,0,0,0,8.908201217651367,8589934592,2147483648,6115196928,424738816
202,1771996176403,3204,3204,3204,3204,3204,3204,3204,3204,23.809524536132813,33.333335876464844,23.809524536132813,26.086956024169922,47.619049072265625,13.043478012084961,4.761904716491699,4.545454502105713,8.908201217651367,8589934592,2147483648,6121455616,424738816
203,1771996176606,3204,3204,3204,3204,3204,3204,3204,3204,30.000001907348633,31.57894515991211,28.571430206298828,21.052631378173828,78.94737243652344,5,4.761904716491699,5,8.908201217651367,8589934592,2147483648,6121455616,424738816
204,1771996176809,3204,3204,3204,3204,3204,3204,3204,3204,30.000001907348633,28.571430206298828,21.052631378173828,30.000001907348633,33.333335876464844,15.000000953674316,15.000000953674316,0,8.908201217651367,8589934592,2147483648,6121472000,424738816
203,1771996177014,3204,3204,3204,3204,3204,3204,3204,3204,40,36.842105865478516,40.90909194946289,28.571430206298828,15.000000953674316,5,0,4.761904716491699,8.908201217651367,8589934592,2147483648,6125305856,424738816
208,1771996177218,3204,3204,3204,3204,3204,3204,3204,3204,38.095237731933594,33.333335876464844,21.052631378173828,25,70,5,4.761904716491699,0,8.311971664428711,8589934592,2147483648,6126534656,424738816
206,1771996177427,3204,3204,3204,3204,3204,3204,3204,3204,30.000001907348633,33.333335876464844,28.571430206298828,28.571430206298828,72.7272720336914,13.636363983154297,0,0,8.311971664428711,8589934592,2147483648,6126616576,424738816
208,1771996177634,3204,3204,3204,3204,3204,3204,3204,3204,23.809524536132813,23.809524536132813,15.000000953674316,30.000001907348633,28.571430206298828,0,0,0,8.311971664428711,8589934592,2147483648,6119227392,424738816
209,1771996177843,3204,3204,3204,3204,3204,3204,3204,3204,20,28.571430206298828,28.571430206298828,28.571430206298828,80,4.761904716491699,5,4.761904716491699,8.311971664428711,8589934592,2147483648,6129123328,424738816
206,1771996178053,3204,3204,3204,3204,3204,3204,3204,3204,28.571430206298828,25,27.272727966308594,23.809524536132813,75,5,13.043478012084961,0,8.311971664428711,8589934592,2147483648,6118686720,424738816
208,1771996178260,3204,3204,3204,3204,3204,3204,3204,3204,52.38095474243164,55,52.38095474243164,45,47.619049072265625,13.636363983154297,10,0,8.28321647644043,8589934592,2147483648,6120685568,424738816
206,1771996178468,3204,3204,3204,3204,3204,3204,3204,3204,47.619049072265625,35,30.000001907348633,28.571430206298828,14.285715103149414,4.761904716491699,4.761904716491699,4.761904716491699,8.28321647644043,8589934592,2147483648,6130991104,424738816
207,1771996178675,3204,3204,3204,3204,3204,3204,3204,3204,40,40.90909194946289,31.57894515991211,30.000001907348633,9.523809432983398,0,0,4.761904716491699,8.28321647644043,8589934592,2147483648,6130991104,424738816
202,1771996178883,3204,3204,3204,3204,3204,3204,3204,3204,52.38095474243164,55,45.45454788208008,45.45454788208008,20,18.18181800842285,9.523809432983398,5,8.28321647644043,8589934592,2147483648,6140084224,424738816
207,1771996179086,3204,3204,3204,3204,3204,3204,3204,3204,47.36842346191406,42.85714340209961,40,26.3157901763916,75,0,0,4.761904716491699,8.28321647644043,8589934592,2147483648,6143295488,424738816
207,1771996179293,3204,3204,3204,3204,3204,3204,3204,3204,54.54545593261719,35,47.619049072265625,31.81818199157715,72.7272720336914,4.761904716491699,4.761904716491699,0,8.34145450592041,8589934592,2147483648,6133006336,424738816
209,1771996179501,3204,3204,3204,3204,3204,3204,3204,3204,45,42.85714340209961,42.85714340209961,42.105262756347656,50,19.047618865966797,9.523809432983398,25,8.34145450592041,8589934592,2147483648,6133006336,424738816
205,1771996179712,3204,3204,3204,3204,3204,3204,3204,3204,33.333335876464844,35,33.333335876464844,28.571430206298828,76.19047546386719,0,4.761904716491699,0,8.34145450592041,8589934592,2147483648,6133006336,424738816
209,1771996179918,3204,3204,3204,3204,3204,3204,3204,3204,33.333335876464844,42.85714340209961,30.000001907348633,28.571430206298828,80,31.81818199157715,25,36.3636360168457,8.34145450592041,8589934592,2147483648,5905006592,424738816
204,1771996180128,3204,3204,3204,3204,3204,3204,3204,3204,35,25,45,28.571430206298828,59.09090805053711,30.000001907348633,18.18181800842285,5,8.34145450592041,8589934592,2147483648,5915705344,424738816
209,1771996180333,3204,3204,3204,3204,3204,3204,3204,3204,38.095237731933594,33.333335876464844,33.333335876464844,23.809524536132813,70,4.761904716491699,0,0,9.043848991394043,8589934592,2147483648,5917523968,424738816
209,1771996180543,3204,3204,3204,3204,3204,3204,3204,3204,50,54.54545593261719,42.85714340209961,38.095237731933594,76.19047546386719,30.000001907348633,25,27.272727966308594,9.043848991394043,8589934592,2147483648,5917065216,424738816
202,1771996180753,3204,3204,3204,3204,3204,3204,3204,3204,23.809524536132813,15.000000953674316,19.047618865966797,10,23.809524536132813,13.636363983154297,4.761904716491699,4.761904716491699,9.043848991394043,8589934592,2147483648,5931712512,424738816
208,1771996180956,3204,3204,3204,3204,3204,3204,3204,3204,38.095237731933594,30.000001907348633,20,19.047618865966797,38.095237731933594,0,0,0,9.043848991394043,8589934592,2147483648,5951455232,424738816
207,1771996181165,3204,3204,3204,3204,3204,3204,3204,3204,36.842105865478516,30.000001907348633,23.809524536132813,20,10,0,0,0,7.498261451721191,8589934592,2147483648,5952995328,424738816
209,1771996181373,3204,3204,3204,3204,3204,3204,3204,3204,38.095237731933594,28.571430206298828,25,19.047618865966797,47.619049072265625,0,8.69565200805664,0,7.498261451721191,8589934592,2147483648,5962268672,424738816
208,1771996181583,3204,3204,3204,3204,3204,3204,3204,3204,23.809524536132813,27.272727966308594,23.809524536132813,25,45,5,0,4.761904716491699,7.498261451721191,8589934592,2147483648,5961891840,424738816
208,1771996181792,3204,3204,3204,3204,3204,3204,3204,3204,23.809524536132813,20,20,31.81818199157715,38.095237731933594,33.333335876464844,4.761904716491699,0,7.498261451721191,8589934592,2147483648,5979537408,424738816
206,1771996182001,3204,3204,3204,3204,3204,3204,3204,3204,28.571430206298828,28.571430206298828,31.81818199157715,10,52.38095474243164,4.761904716491699,0,4.545454502105713,7.498261451721191,8589934592,2147483648,5991940096,424738816
208,1771996182208,3204,3204,3204,3204,3204,3204,3204,3204,40,35,36.842105865478516,38.095237731933594,40,9.523809432983398,5,0,10.009899139404297,8589934592,2147483648,6009896960,424738816
202,1771996182416,3204,3204,3204,3204,3204,3204,3204,3204,25,28.571430206298828,27.272727966308594,23.809524536132813,66.66667175292969,0,4.761904716491699,0,10.009899139404297,8589934592,2147483648,6019940352,424738816
200,1771996182619,3204,3204,3204,3204,3204,3204,3204,3204,52.38095474243164,57.894737243652344,55,47.36842346191406,52.6315803527832,0,0,0,10.009899139404297,8589934592,2147483648,6010159104,424738816
205,1771996182820,3204,3204,3204,3204,3204,3204,3204,3204,31.57894515991211,38.095237731933594,31.57894515991211,33.333335876464844,75,4.761904716491699,4.761904716491699,0,10.009899139404297,8589934592,2147483648,6017187840,424738816
202,1771996183025,3204,3204,3204,3204,3204,3204,3204,3204,28.571430206298828,20,28.571430206298828,20,80.95238494873047,4.761904716491699,0,0,10.009899139404297,8589934592,2147483648,6011011072,424738816
203,1771996183229,3204,3204,3204,3204,3204,3204,3204,3204,35,31.57894515991211,25,26.3157901763916,15.000000953674316,5,5,4.761904716491699,8.505423545837402,8589934592,2147483648,6012157952,424738816
201,1771996183433,3204,3204,3204,3204,3204,3204,3204,3204,33.333335876464844,19.047618865966797,15.000000953674316,18.18181800842285,75,19.047618865966797,4.761904716491699,4.761904716491699,8.505423545837402,8589934592,2147483648,6025166848,424738816
208,1771996183635,3204,3204,3204,3204,3204,3204,3204,3204,27.77777862548828,26.3157901763916,30.000001907348633,21.052631378173828,50,0,0,10,8.505423545837402,8589934592,2147483648,6025166848,424738816
206,1771996183845,3204,3204,3204,3204,3204,3204,3204,3204,28.571430206298828,27.272727966308594,31.81818199157715,19.047618865966797,61.904762268066406,4.761904716491699,4.761904716491699,4.761904716491699,8.505423545837402,8589934592,2147483648,6025166848,424738816
209,1771996184052,3204,3204,3204,3204,3204,3204,3204,3204,33.333335876464844,35,25,19.047618865966797,25,0,0,0,8.505423545837402,8589934592,2147483648,6017859584,424738816
199,1771996184261,3204,3204,3204,3204,3204,3204,3204,3204,33.333335876464844,33.333335876464844,28.571430206298828,30.000001907348633,22.72727394104004,45.45454788208008,13.636363983154297,9.523809432983398,8.511420249938965,8589934592,2147483648,6030180352,424738816
204,1771996184461,3204,3204,3204,3204,3204,3204,3204,3204,35,21.052631378173828,21.052631378173828,25,30.000001907348633,21.052631378173828,25,5,8.511420249938965,8589934592,2147483648,6030180352,424738816
200,1771996184666,3204,3204,3204,3204,3204,3204,3204,3204,28.571430206298828,28.571430206298828,20,23.809524536132813,15.000000953674316,14.285715103149414,10,4.761904716491699,8.511420249938965,8589934592,2147483648,6030180352,424738816
201,1771996184866,3204,3204,3204,3204,3204,3204,3204,3204,36.842105865478516,40,30.000001907348633,21.052631378173828,10.526315689086914,10,5,9.523809432983398,8.511420249938965,8589934592,2147483648,6030180352,424738816
202,1771996185068,3204,3204,3204,3204,3204,3204,3204,3204,30.000001907348633,26.3157901763916,28.571430206298828,19.047618865966797,5,5,5,0,8.511420249938965,8589934592,2147483648,6018547712,424738816
204,1771996185271,3204,3204,3204,3204,3204,3204,3204,3204,38.095237731933594,40.90909194946289,31.57894515991211,35,28.571430206298828,20,5,5,9.485332489013672,8589934592,2147483648,6021267456,424738816
208,1771996185476,3204,3204,3204,3204,3204,3204,3204,3204,21.052631378173828,35,23.809524536132813,18.18181800842285,4.761904716491699,0,0,0,9.485332489013672,8589934592,2147483648,6021283840,424738816
205,1771996185685,3204,3204,3204,3204,3204,3204,3204,3204,42.85714340209961,23.809524536132813,30.000001907348633,15.789472579956055,4.761904716491699,9.090909004211426,5,4.761904716491699,9.485332489013672,8589934592,2147483648,6021283840,424738816
208,1771996185891,3204,3204,3204,3204,3204,3204,3204,3204,33.333335876464844,30.000001907348633,38.095237731933594,25,0,0,0,0,9.485332489013672,8589934592,2147483648,6021283840,424738816
208,1771996186100,3204,3204,3204,3204,3204,3204,3204,3204,25,19.047618865966797,28.571430206298828,18.18181800842285,0,0,0,0,9.485332489013672,8589934592,2147483648,6034391040,424738816
201,1771996186308,3204,3204,3204,3204,3204,3204,3204,3204,38.095237731933594,30.000001907348633,23.809524536132813,23.809524536132813,28.571430206298828,5,19.047618865966797,4.761904716491699,8.63575267791748,8589934592,2147483648,6034767872,424738816
208,1771996186510,3204,3204,3204,3204,3204,3204,3204,3204,33.333335876464844,28.571430206298828,15.000000953674316,15.000000953674316,20,25,14.285715103149414,20,8.63575267791748,8589934592,2147483648,6034767872,424738816
209,1771996186718,3204,3204,3204,3204,3204,3204,3204,3204,20,25,19.047618865966797,19.047618865966797,9.523809432983398,18.18181800842285,5,4.761904716491699,8.63575267791748,8589934592,2147483648,6034767872,424738816
206,1771996186928,3204,3204,3204,3204,3204,3204,3204,3204,28.571430206298828,31.81818199157715,19.047618865966797,20,5,4.761904716491699,4.761904716491699,4.761904716491699,8.63575267791748,8589934592,2147483648,6034767872,424738816
200,1771996187135,3204,3204,3204,3204,3204,3204,3204,3204,15.000000953674316,30.000001907348633,20,14.285715103149414,4.761904716491699,0,0,0,6.03791618347168,8589934592,2147483648,6036160512,424738816
209,1771996187336,3204,3204,3204,3204,3204,3204,3204,3204,28.571430206298828,30.000001907348633,25,20,0,0,0,0,6.03791618347168,8589934592,2147483648,6036242432,424738816
205,1771996187546,3204,3204,3204,3204,3204,3204,3204,3204,19.047618865966797,23.809524536132813,36.3636360168457,15.000000953674316,4.761904716491699,4.761904716491699,4.761904716491699,0,6.03791618347168,8589934592,2147483648,6036094976,424738816
204,1771996187753,3204,3204,3204,3204,3204,3204,3204,3204,20,28.571430206298828,30.000001907348633,18.18181800842285,0,0,0,0,6.03791618347168,8589934592,2147483648,6036455424,424738816
209,1771996187957,3204,3204,3204,3204,3204,3204,3204,3204,30.000001907348633,21.052631378173828,23.809524536132813,15.789472579956055,10,5,0,4.761904716491699,6.03791618347168,8589934592,2147483648,6037667840,424738816
202,1771996188167,3204,3204,3204,3204,3204,3204,3204,3204,47.619049072265625,42.85714340209961,35,40.90909194946289,28.571430206298828,23.809524536132813,27.272727966308594,23.809524536132813,5.051941394805908,8589934592,2147483648,6037356544,424738816
204,1771996188370,3204,3204,3204,3204,3204,3204,3204,3204,15.000000953674316,19.047618865966797,15.000000953674316,20,5,14.285715103149414,9.523809432983398,5,5.051941394805908,8589934592,2147483648,6037323776,424738816
208,1771996188575,3204,3204,3204,3204,3204,3204,3204,3204,28.571430206298828,25,23.809524536132813,35,14.285715103149414,10,5,5,5.051941394805908,8589934592,2147483648,6049054720,424738816
200,1771996188784,3204,3204,3204,3204,3204,3204,3204,3204,30.000001907348633,25,20,22.72727394104004,20,15.000000953674316,0,0,5.051941394805908,8589934592,2147483648,6037520384,424738816
209,1771996188985,3204,3204,3204,3204,3204,3204,3204,3204,35,25,15.000000953674316,10.526315689086914,0,0,0,0,5.051941394805908,8589934592,2147483648,6037635072,424738816
206,1771996189195,3204,3204,3204,3204,3204,3204,3204,3204,28.571430206298828,28.571430206298828,19.047618865966797,22.72727394104004,0,4.545454502105713,0,0,5.41082763671875,8589934592,2147483648,6037716992,424738816
209,1771996189401,3204,3204,3204,3204,3204,3204,3204,3204,33.333335876464844,28.571430206298828,23.809524536132813,15.789472579956055,13.636363983154297,30.000001907348633,4.761904716491699,4.761904716491699,5.41082763671875,8589934592,2147483648,6044991488,424738816
206,1771996189612,3204,3204,3204,3204,3204,3204,3204,3204,30.000001907348633,20,15.000000953674316,18.18181800842285,0,4.761904716491699,0,0,5.41082763671875,8589934592,2147483648,6109347840,424738816
204,1771996189818,3204,3204,3204,3204,3204,3204,3204,3204,38.095237731933594,28.571430206298828,22.72727394104004,15.000000953674316,4.761904716491699,0,4.761904716491699,0,5.41082763671875,8589934592,2147483648,6109396992,424738816
208,1771996190024,3204,3204,3204,3204,3204,3204,3204,3204,35,27.272727966308594,15.000000953674316,10,9.523809432983398,9.523809432983398,5,4.761904716491699,5.41082763671875,8589934592,2147483648,6109528064,424738816
200,1771996190233,3204,3204,3204,3204,3204,3204,3204,3204,27.272727966308594,25,23.809524536132813,27.272727966308594,4.761904716491699,0,0,4.761904716491699,5.596306324005127,8589934592,2147483648,6109495296,424738816
200,1771996190434,3204,3204,3204,3204,3204,3204,3204,3204,27.77777862548828,30.000001907348633,21.052631378173828,25,5,5,5,5,5.596306324005127,8589934592,2147483648,6109528064,424738816
200,1771996190634,3204,3204,3204,3204,3204,3204,3204,3204,28.571430206298828,35,23.809524536132813,20,0,0,0,0,5.596306324005127,8589934592,2147483648,6108594176,424738816
201,1771996190835,3204,3204,3204,3204,3204,3204,3204,3204,31.57894515991211,30.000001907348633,31.57894515991211,22.22222328186035,21.052631378173828,28.571430206298828,14.285715103149414,5,5.596306324005127,8589934592,2147483648,6109167616,424738816
209,1771996191037,3204,3204,3204,3204,3204,3204,3204,3204,33.333335876464844,31.57894515991211,20,23.809524536132813,4.761904716491699,0,0,4.761904716491699,5.596306324005127,8589934592,2147483648,6104481792,424738816
208,1771996191247,3204,3204,3204,3204,3204,3204,3204,3204,33.333335876464844,28.571430206298828,27.272727966308594,28.571430206298828,9.090909004211426,9.090909004211426,4.761904716491699,4.761904716491699,5.158613681793213,8589934592,2147483648,6104776704,424738816
201,1771996191456,3204,3204,3204,3204,3204,3204,3204,3204,30.000001907348633,22.72727394104004,15.789472579956055,28.571430206298828,0,0,0,0,5.158613681793213,8589934592,2147483648,6104825856,424738816
203,1771996191658,3204,3204,3204,3204,3204,3204,3204,3204,23.809524536132813,31.57894515991211,22.72727394104004,20,10,10,5,5,5.158613681793213,8589934592,2147483648,6104530944,424738816
200,1771996191861,3204,3204,3204,3204,3204,3204,3204,3204,20,23.809524536132813,10.526315689086914,14.285715103149414,9.523809432983398,10,5,0,5.158613681793213,8589934592,2147483648,6104809472,424738816
209,1771996192062,3204,3204,3204,3204,3204,3204,3204,3204,25,40,23.809524536132813,10.526315689086914,0,4.761904716491699,0,4.761904716491699,5.158613681793213,8589934592,2147483648,6104891392,424738816
202,1771996192272,3204,3204,3204,3204,3204,3204,3204,3204,23.809524536132813,28.571430206298828,25,19.047618865966797,0,0,0,0,5.108898162841797,8589934592,2147483648,6103760896,424738816
209,1771996192475,3204,3204,3204,3204,3204,3204,3204,3204,25,20,25,28.571430206298828,9.523809432983398,10,9.523809432983398,5.263157844543457,5.108898162841797,8589934592,2147483648,6103711744,424738816
201,1771996192684,3204,3204,3204,3204,3204,3204,3204,3204,35,19.047618865966797,33.333335876464844,19.047618865966797,0,0,0,0,5.108898162841797,8589934592,2147483648,6104023040,424738816
209,1771996192886,3204,3204,3204,3204,3204,3204,3204,3204,28.571430206298828,26.3157901763916,33.333335876464844,20,19.047618865966797,10,10.526315689086914,4.761904716491699,5.108898162841797,8589934592,2147483648,6115852288,424738816
204,1771996193096,3204,3204,3204,3204,3204,3204,3204,3204,30.000001907348633,27.272727966308594,15.000000953674316,23.809524536132813,20,15.000000953674316,4.761904716491699,4.761904716491699,5.108898162841797,8589934592,2147483648,6103973888,424738816
200,1771996193301,3204,3204,3204,3204,3204,3204,3204,3204,31.81818199157715,25,20,15.000000953674316,4.761904716491699,0,4.761904716491699,0,5.281497955322266,8589934592,2147483648,6104186880,424738816
209,1771996193502,3204,3204,3204,3204,3204,3204,3204,3204,21.052631378173828,15.000000953674316,38.095237731933594,14.285715103149414,10,13.636363983154297,5,10,5.281497955322266,8589934592,2147483648,6104154112,424738816
206,1771996193712,3204,3204,3204,3204,3204,3204,3204,3204,28.571430206298828,23.809524536132813,23.809524536132813,20,4.761904716491699,0,0,0,5.281497955322266,8589934592,2147483648,6103547904,424738816
201,1771996193918,3204,3204,3204,3204,3204,3204,3204,3204,20,33.333335876464844,20,10,0,4.761904716491699,0,0,5.281497955322266,8589934592,2147483648,6103662592,424738816
209,1771996194120,3204,3204,3204,3204,3204,3204,3204,3204,23.809524536132813,35,20,19.047618865966797,5,0,5,5,5.281497955322266,8589934592,2147483648,6105071616,424738816
208,1771996194330,3204,3204,3204,3204,3204,3204,3204,3204,23.809524536132813,23.809524536132813,23.809524536132813,15.789472579956055,0,0,0,0,4.847758769989014,8589934592,2147483648,6105317376,424738816
209,1771996194539,3204,3204,3204,3204,3204,3204,3204,3204,20,25,19.047618865966797,31.81818199157715,9.523809432983398,23.809524536132813,0,0,4.847758769989014,8589934592,2147483648,6105530368,424738816
209,1771996194749,3204,3204,3204,3204,3204,3204,3204,3204,28.571430206298828,22.72727394104004,28.571430206298828,19.047618865966797,0,0,0,0,4.847758769989014,8589934592,2147483648,6107545600,424738816
209,1771996194959,3204,3204,3204,3204,3204,3204,3204,3204,33.333335876464844,25,30.000001907348633,33.333335876464844,8.69565200805664,0,4.545454502105713,0,4.847758769989014,8589934592,2147483648,6092931072,424738816
208,1771996195169,3204,3204,3204,3204,3204,3204,3204,3204,33.333335876464844,28.571430206298828,28.571430206298828,23.809524536132813,26.3157901763916,18.18181800842285,9.523809432983398,0,5.114083290100098,8589934592,2147483648,6091440128,424738816
206,1771996195378,3204,3204,3204,3204,3204,3204,3204,3204,30.000001907348633,25,27.272727966308594,20,0,0,0,0,5.114083290100098,8589934592,2147483648,6100647936,424738816
209,1771996195584,3204,3204,3204,3204,3204,3204,3204,3204,27.272727966308594,19.047618865966797,15.000000953674316,22.72727394104004,9.090909004211426,4.761904716491699,0,0,5.114083290100098,8589934592,2147483648,6100844544,424738816
208,1771996195794,3204,3204,3204,3204,3204,3204,3204,3204,21.052631378173828,33.333335876464844,19.047618865966797,23.809524536132813,4.761904716491699,0,4.545454502105713,4.761904716491699,5.114083290100098,8589934592,2147483648,6100942848,424738816
207,1771996196003,3204,3204,3204,3204,3204,3204,3204,3204,23.809524536132813,28.571430206298828,14.285715103149414,19.047618865966797,0,0,0,0,5.114083290100098,8589934592,2147483648,6101549056,424738816
208,1771996196210,3204,3204,3204,3204,3204,3204,3204,3204,31.81818199157715,33.333335876464844,23.809524536132813,25,10,10,4.761904716491699,4.761904716491699,4.821475982666016,8589934592,2147483648,6104088576,424738816
209,1771996196419,3204,3204,3204,3204,3204,3204,3204,3204,25,25,20,15.000000953674316,10,13.636363983154297,5,4.761904716491699,4.821475982666016,8589934592,2147483648,6107594752,424738816
205,1771996196629,3204,3204,3204,3204,3204,3204,3204,3204,28.571430206298828,23.809524536132813,14.285715103149414,14.285715103149414,19.047618865966797,9.523809432983398,9.090909004211426,15.000000953674316,4.821475982666016,8589934592,2147483648,6107250688,424738816
201,1771996196835,3204,3204,3204,3204,3204,3204,3204,3204,15.000000953674316,19.047618865966797,19.047618865966797,14.285715103149414,14.285715103149414,10,9.523809432983398,4.761904716491699,4.821475982666016,8589934592,2147483648,6107578368,424738816
209,1771996197036,3204,3204,3204,3204,3204,3204,3204,3204,33.333335876464844,15.789472579956055,15.000000953674316,15.000000953674316,5,5.263157844543457,5,5,4.821475982666016,8589934592,2147483648,6107430912,424738816
206,1771996197247,3204,3204,3204,3204,3204,3204,3204,3204,35,31.81818199157715,25,20,19.047618865966797,27.272727966308594,4.761904716491699,4.545454502105713,5.150866508483887,8589934592,2147483648,6107430912,424738816
208,1771996197454,3204,3204,3204,3204,3204,3204,3204,3204,28.571430206298828,25,28.571430206298828,19.047618865966797,5,9.523809432983398,0,4.761904716491699,5.150866508483887,8589934592,2147483648,6107561984,424738816
200,1771996197663,3204,3204,3204,3204,3204,3204,3204,3204,23.809524536132813,33.333335876464844,23.809524536132813,19.047618865966797,9.090909004211426,5,4.761904716491699,0,5.150866508483887,8589934592,2147483648,6107480064,424738816
209,1771996197864,3204,3204,3204,3204,3204,3204,3204,3204,40,45,35,25,0,0,0,0,5.150866508483887,8589934592,2147483648,6117064704,424738816
208,1771996198074,3204,3204,3204,3204,3204,3204,3204,3204,45,50,33.333335876464844,23.809524536132813,4.761904716491699,4.545454502105713,0,0,5.150866508483887,8589934592,2147483648,6129549312,424738816
209,1771996198283,3204,3204,3204,3204,3204,3204,3204,3204,33.333335876464844,28.571430206298828,25,42.85714340209961,5,4.761904716491699,5,4.761904716491699,5.000689506530762,8589934592,2147483648,6130728960,424738816
208,1771996198493,3204,3204,3204,3204,3204,3204,3204,3204,33.333335876464844,35,33.333335876464844,28.571430206298828,4.545454502105713,0,0,0,5.000689506530762,8589934592,2147483648,6131908608,424738816
209,1771996198702,3204,3204,3204,3204,3204,3204,3204,3204,50,50,40,42.85714340209961,0,0,4.545454502105713,4.761904716491699,5.000689506530762,8589934592,2147483648,6133153792,424738816
208,1771996198912,3204,3204,3204,3204,3204,3204,3204,3204,57.142860412597656,54.54545593261719,63.6363639831543,42.85714340209961,4.545454502105713,4.761904716491699,0,0,5.000689506530762,8589934592,2147483648,6142853120,424738816
204,1771996199121,3204,3204,3204,3204,3204,3204,3204,3204,52.38095474243164,55,50,55,0,4.545454502105713,0,0,5.000689506530762,8589934592,2147483648,6143655936,424738816
200,1771996199326,3204,3204,3204,3204,3204,3204,3204,3204,52.38095474243164,50,47.36842346191406,38.095237731933594,19.047618865966797,10,4.761904716491699,4.761904716491699,5.655176639556885,8589934592,2147483648,6146113536,424738816
209,1771996199527,3204,3204,3204,3204,3204,3204,3204,3204,55,50,55,50,36.842105865478516,55,40,30.000001907348633,5.655176639556885,8589934592,2147483648,6136840192,424738816
209,1771996199737,3204,3204,3204,3204,3204,3204,3204,3204,28.571430206298828,28.571430206298828,14.285715103149414,19.047618865966797,28.571430206298828,9.523809432983398,14.285715103149414,5,5.655176639556885,8589934592,2147483648,6136086528,424738816
201,1771996199947,3204,3204,3204,3204,3204,3204,3204,3204,30.000001907348633,33.333335876464844,19.047618865966797,19.047618865966797,81.81818389892578,4.761904716491699,0,0,5.655176639556885,8589934592,2147483648,6126682112,424738816
208,1771996200149,3204,3204,3204,3204,3204,3204,3204,3204,28.571430206298828,30.000001907348633,25,15.789472579956055,75,0,0,0,5.3786821365356445,8589934592,2147483648,6133907456,424738816
207,1771996200358,3204,3204,3204,3204,3204,3204,3204,3204,28.571430206298828,28.571430206298828,19.047618865966797,18.18181800842285,18.18181800842285,27.272727966308594,4.545454502105713,4.545454502105713,5.3786821365356445,8589934592,2147483648,6133907456,424738816
207,1771996200566,3204,3204,3204,3204,3204,3204,3204,3204,25,25,19.047618865966797,15.000000953674316,84.21052551269531,5,0,0,5.3786821365356445,8589934592,2147483648,6138920960,424738816
209,1771996200775,3204,3204,3204,3204,3204,3204,3204,3204,25,31.81818199157715,28.571430206298828,23.809524536132813,22.72727394104004,0,40,42.85714340209961,5.3786821365356445,8589934592,2147483648,6140657664,424738816
206,1771996200984,3204,3204,3204,3204,3204,3204,3204,3204,22.72727394104004,15.000000953674316,20,14.285715103149414,20,22.72727394104004,22.72727394104004,4.761904716491699,5.3786821365356445,8589934592,2147483648,6140657664,424738816
204,1771996201191,3204,3204,3204,3204,3204,3204,3204,3204,25,19.047618865966797,28.571430206298828,20,71.42857360839844,35,15.000000953674316,0,5.594288349151611,8589934592,2147483648,6140657664,424738816
209,1771996201396,3204,3204,3204,3204,3204,3204,3204,3204,25,20,30.000001907348633,23.809524536132813,38.095237731933594,65,0,0,5.594288349151611,8589934592,2147483648,6140657664,424738816
201,1771996201606,3204,3204,3204,3204,3204,3204,3204,3204,33.333335876464844,28.571430206298828,27.272727966308594,23.809524536132813,30.000001907348633,31.81818199157715,33.333335876464844,9.523809432983398,5.594288349151611,8589934592,2147483648,6144557056,424738816
207,1771996201808,3204,3204,3204,3204,3204,3204,3204,3204,23.809524536132813,30.000001907348633,15.789472579956055,21.052631378173828,75,10,20,0,5.594288349151611,8589934592,2147483648,6145605632,424738816
202,1771996202016,3204,3204,3204,3204,3204,3204,3204,3204,20,25,14.285715103149414,19.047618865966797,52.38095474243164,66.66667175292969,9.523809432983398,9.090909004211426,5.594288349151611,8589934592,2147483648,6148096000,424738816
200,1771996202218,3204,3204,3204,3204,3204,3204,3204,3204,25,33.333335876464844,20,23.809524536132813,57.142860412597656,33.333335876464844,0,0,7.914834022521973,8589934592,2147483648,6148096000,424738816
205,1771996202419,3204,3204,3204,3204,3204,3204,3204,3204,30.000001907348633,15.789472579956055,15.000000953674316,20,5,100,0,0,7.914834022521973,8589934592,2147483648,6148096000,424738816
209,1771996202625,3204,3204,3204,3204,3204,3204,3204,3204,30.000001907348633,23.809524536132813,19.047618865966797,10,15.789472579956055,66.66667175292969,0,0,7.914834022521973,8589934592,2147483648,6145916928,424738816
204,1771996202835,3204,3204,3204,3204,3204,3204,3204,3204,31.81818199157715,27.272727966308594,23.809524536132813,19.047618865966797,81.81818389892578,30.000001907348633,0,0,7.914834022521973,8589934592,2147483648,6146293760,424738816
209,1771996203040,3204,3204,3204,3204,3204,3204,3204,3204,40,20,20,15.000000953674316,30.000001907348633,4.545454502105713,0,71.42857360839844,7.914834022521973,8589934592,2147483648,6146490368,424738816
208,1771996203250,3204,3204,3204,3204,3204,3204,3204,3204,25,30.000001907348633,15.000000953674316,14.285715103149414,33.333335876464844,0,0,0,8.65832805633545,8589934592,2147483648,6146621440,424738816
209,1771996203459,3204,3204,3204,3204,3204,3204,3204,3204,31.81818199157715,23.809524536132813,22.72727394104004,23.809524536132813,90.47618865966797,0,0,0,8.65832805633545,8589934592,2147483648,6146621440,424738816
208,1771996203668,3204,3204,3204,3204,3204,3204,3204,3204,35,28.571430206298828,25,19.047618865966797,66.66667175292969,14.285715103149414,17.39130401611328,23.809524536132813,8.65832805633545,8589934592,2147483648,6146228224,424738816
207,1771996203877,3204,3204,3204,3204,3204,3204,3204,3204,23.809524536132813,30.000001907348633,14.285715103149414,19.047618865966797,28.571430206298828,20,0,0,8.65832805633545,8589934592,2147483648,6146195456,424738816
208,1771996204085,3204,3204,3204,3204,3204,3204,3204,3204,28.571430206298828,31.81818199157715,19.047618865966797,15.000000953674316,57.142860412597656,0,0,38.095237731933594,8.65832805633545,8589934592,2147483648,6146326528,424738816
207,1771996204294,3204,3204,3204,3204,3204,3204,3204,3204,30.000001907348633,30.000001907348633,23.809524536132813,23.809524536132813,0,0,0,100,10.437820434570313,8589934592,2147483648,6144917504,424738816
206,1771996204502,3204,3204,3204,3204,3204,3204,3204,3204,20,30.000001907348633,10.526315689086914,19.047618865966797,14.285715103149414,52.38095474243164,20,14.285715103149414,10.437820434570313,8589934592,2147483648,6144917504,424738816
209,1771996204709,3204,3204,3204,3204,3204,3204,3204,3204,23.809524536132813,19.047618865966797,33.333335876464844,14.285715103149414,25,76.19047546386719,0,0,10.437820434570313,8589934592,2147483648,6144917504,424738816
208,1771996204919,3204,3204,3204,3204,3204,3204,3204,3204,33.333335876464844,23.809524536132813,22.72727394104004,20,15.000000953674316,4.761904716491699,4.761904716491699,80,10.437820434570313,8589934592,2147483648,6143950848,424738816
209,1771996205127,3204,3204,3204,3204,3204,3204,3204,3204,30.000001907348633,20,20,18.18181800842285,22.72727394104004,42.85714340209961,0,8.69565200805664,10.437820434570313,8589934592,2147483648,6147227648,424738816
209,1771996205337,3204,3204,3204,3204,3204,3204,3204,3204,31.81818199157715,28.571430206298828,23.809524536132813,10.526315689086914,100,0,0,0,10.23323917388916,8589934592,2147483648,6147489792,424738816
206,1771996205547,3204,3204,3204,3204,3204,3204,3204,3204,28.571430206298828,28.571430206298828,19.047618865966797,18.18181800842285,19.047618865966797,4.545454502105713,38.095237731933594,0,10.23323917388916,8589934592,2147483648,6148096000,424738816
199,1771996205754,3204,3204,3204,3204,3204,3204,3204,3204,40,25,30.000001907348633,28.571430206298828,30.000001907348633,20,23.809524536132813,33.333335876464844,10.23323917388916,8589934592,2147483648,6155485184,424738816
203,1771996205954,3204,3204,3204,3204,3204,3204,3204,3204,21.052631378173828,25,19.047618865966797,30.000001907348633,20,5,65,0,10.23323917388916,8589934592,2147483648,6131449856,424738816
209,1771996206158,3204,3204,3204,3204,3204,3204,3204,3204,33.333335876464844,33.333335876464844,15.789472579956055,25,19.047618865966797,5,0,0,8.797863960266113,8589934592,2147483648,6117376000,424738816
200,1771996206368,3204,3204,3204,3204,3204,3204,3204,3204,25,23.809524536132813,19.047618865966797,20,90,9.090909004211426,14.285715103149414,4.761904716491699,8.797863960266113,8589934592,2147483648,6132580352,424738816
208,1771996206569,3204,3204,3204,3204,3204,3204,3204,3204,25,20,28.571430206298828,19.047618865966797,55,5,4.761904716491699,5,8.797863960266113,8589934592,2147483648,6132580352,424738816
205,1771996206778,3204,3204,3204,3204,3204,3204,3204,3204,40.90909194946289,30.000001907348633,21.052631378173828,20,23.809524536132813,0,0,0,8.797863960266113,8589934592,2147483648,6120357888,424738816
206,1771996206984,3204,3204,3204,3204,3204,3204,3204,3204,30.000001907348633,23.809524536132813,22.72727394104004,19.047618865966797,47.619049072265625,38.095237731933594,9.523809432983398,4.761904716491699,8.797863960266113,8589934592,2147483648,6128549888,424738816
207,1771996207191,3204,3204,3204,3204,3204,3204,3204,3204,35,30.000001907348633,25,20,75,4.761904716491699,5,0,9.936810493469238,8589934592,2147483648,6123274240,424738816
203,1771996207399,3204,3204,3204,3204,3204,3204,3204,3204,33.333335876464844,23.809524536132813,42.85714340209961,23.809524536132813,9.523809432983398,0,0,0,9.936810493469238,8589934592,2147483648,6122045440,424738816
202,1771996207603,3204,3204,3204,3204,3204,3204,3204,3204,30.000001907348633,31.57894515991211,30.000001907348633,20,100,0,0,0,9.936810493469238,8589934592,2147483648,6135709696,424738816
209,1771996207806,3204,3204,3204,3204,3204,3204,3204,3204,35,38.095237731933594,40,28.571430206298828,30.000001907348633,0,15.000000953674316,0,9.936810493469238,8589934592,2147483648,6126436352,424738816
208,1771996208016,3204,3204,3204,3204,3204,3204,3204,3204,40,33.333335876464844,25,21.052631378173828,22.72727394104004,19.047618865966797,4.545454502105713,0,9.936810493469238,8589934592,2147483648,6119407616,424738816
199,1771996208224,3204,3204,3204,3204,3204,3204,3204,3204,47.619049072265625,45,40.90909194946289,31.81818199157715,4.761904716491699,4.761904716491699,4.761904716491699,4.545454502105713,9.495584487915039,8589934592,2147483648,6111821824,424738816
203,1771996208424,3204,3204,3204,3204,3204,3204,3204,3204,45,40,31.57894515991211,30.000001907348633,15.789472579956055,15.000000953674316,5,5,9.495584487915039,8589934592,2147483648,6125109248,424738816
205,1771996208628,3204,3204,3204,3204,3204,3204,3204,3204,23.809524536132813,30.000001907348633,28.571430206298828,20,15.000000953674316,0,0,0,9.495584487915039,8589934592,2147483648,6127632384,424738816
201,1771996208833,3204,3204,3204,3204,3204,3204,3204,3204,30.000001907348633,33.333335876464844,25,33.333335876464844,55,0,0,0,9.495584487915039,8589934592,2147483648,6137348096,424738816
200,1771996209036,3204,3204,3204,3204,3204,3204,3204,3204,35,35,25,35,35,0,0,0,9.495584487915039,8589934592,2147483648,6131580928,424738816
208,1771996209237,3204,3204,3204,3204,3204,3204,3204,3204,36.842105865478516,30.000001907348633,30.000001907348633,26.3157901763916,10,5,0,0,9.868803024291992,8589934592,2147483648,6122373120,424738816
209,1771996209446,3204,3204,3204,3204,3204,3204,3204,3204,33.333335876464844,50,33.333335876464844,33.333335876464844,33.333335876464844,38.095237731933594,25,28.571430206298828,9.868803024291992,8589934592,2147483648,6122373120,424738816
207,1771996209656,3204,3204,3204,3204,3204,3204,3204,3204,38.095237731933594,42.85714340209961,35,28.571430206298828,19.047618865966797,0,0,4.761904716491699,9.868803024291992,8589934592,2147483648,6122373120,424738816
203,1771996209864,3204,3204,3204,3204,3204,3204,3204,3204,20,19.047618865966797,19.047618865966797,28.571430206298828,14.285715103149414,30.000001907348633,0,0,9.868803024291992,8589934592,2147483648,6124978176,424738816
205,1771996210068,3204,3204,3204,3204,3204,3204,3204,3204,38.095237731933594,35,38.095237731933594,45,25,18.18181800842285,10,5,9.868803024291992,8589934592,2147483648,6121799680,424738816
209,1771996210273,3204,3204,3204,3204,3204,3204,3204,3204,23.809524536132813,25,20,19.047618865966797,0,5,0,0,7.832990646362305,8589934592,2147483648,6124814336,424738816
200,1771996210484,3204,3204,3204,3204,3204,3204,3204,3204,28.571430206298828,27.272727966308594,42.85714340209961,20,4.545454502105713,0,4.761904716491699,0,7.832990646362305,8589934592,2147483648,6125256704,424738816
205,1771996210685,3204,3204,3204,3204,3204,3204,3204,3204,80,84.21052551269531,80,80.95238494873047,10,5,9.523809432983398,4.761904716491699,7.832990646362305,8589934592,2147483648,6125256704,424738816
209,1771996210892,3204,3204,3204,3204,3204,3204,3204,3204,50,47.619049072265625,35,30.000001907348633,0,0,0,0,7.832990646362305,8589934592,2147483648,6139297792,424738816
209,1771996211102,3204,3204,3204,3204,3204,3204,3204,3204,33.333335876464844,25,27.272727966308594,23.809524536132813,0,0,0,0,7.832990646362305,8589934592,2147483648,6139445248,424738816
206,1771996211312,3204,3204,3204,3204,3204,3204,3204,3204,38.095237731933594,30.434782028198242,28.571430206298828,28.571430206298828,0,4.545454502105713,0,0,7.174772262573242,8589934592,2147483648,6140690432,424738816
204,1771996211518,3204,3204,3204,3204,3204,3204,3204,3204,35,35,36.842105865478516,33.333335876464844,9.090909004211426,0,0,0,7.174772262573242,8589934592,2147483648,6134956032,424738816
209,1771996211723,3204,3204,3204,3204,3204,3204,3204,3204,25,21.052631378173828,23.809524536132813,25,5,9.523809432983398,4.761904716491699,10,7.174772262573242,8589934592,2147483648,6134333440,424738816
200,1771996211933,3204,3204,3204,3204,3204,3204,3204,3204,36.3636360168457,36.3636360168457,23.809524536132813,25,9.523809432983398,4.761904716491699,5,9.090909004211426,7.174772262573242,8589934592,2147483648,6146146304,424738816
209,1771996212133,3204,3204,3204,3204,3204,3204,3204,3204,36.842105865478516,40,30.000001907348633,30.000001907348633,10,5.263157844543457,5,0,7.174772262573242,8589934592,2147483648,6172934144,424738816
207,1771996212343,3204,3204,3204,3204,3204,3204,3204,3204,36.3636360168457,25,23.809524536132813,27.272727966308594,14.285715103149414,4.545454502105713,0,0,6.27489709854126,8589934592,2147483648,6163759104,424738816
201,1771996212552,3204,3204,3204,3204,3204,3204,3204,3204,25,38.095237731933594,20,20,0,0,0,0,6.27489709854126,8589934592,2147483648,6163873792,424738816
208,1771996212754,3204,3204,3204,3204,3204,3204,3204,3204,25,25,19.047618865966797,15.000000953674316,0,0,0,0,6.27489709854126,8589934592,2147483648,6154338304,424738816
205,1771996212963,3204,3204,3204,3204,3204,3204,3204,3204,28.571430206298828,28.571430206298828,23.809524536132813,19.047618865966797,0,0,0,0,6.27489709854126,8589934592,2147483648,6156795904,424738816
206,1771996213168,3204,3204,3204,3204,3204,3204,3204,3204,30.000001907348633,25,20,19.047618865966797,5,0,0,4.545454502105713,5.701422214508057,8589934592,2147483648,6156107776,424738816
207,1771996213375,3204,3204,3204,3204,3204,3204,3204,3204,28.571430206298828,25,23.809524536132813,19.047618865966797,0,4.761904716491699,4.761904716491699,0,5.701422214508057,8589934592,2147483648,6138740736,424738816
201,1771996213583,3204,3204,3204,3204,3204,3204,3204,3204,23.809524536132813,19.047618865966797,35,15.000000953674316,0,0,0,0,5.701422214508057,8589934592,2147483648,6138888192,424738816
209,1771996213785,3204,3204,3204,3204,3204,3204,3204,3204,20,23.809524536132813,20,15.000000953674316,14.285715103149414,5,0,9.523809432983398,5.701422214508057,8589934592,2147483648,6138478592,424738816
204,1771996213995,3204,3204,3204,3204,3204,3204,3204,3204,33.333335876464844,19.047618865966797,27.272727966308594,23.809524536132813,0,0,0,0,5.701422214508057,8589934592,2147483648,6137823232,424738816
209,1771996214200,3204,3204,3204,3204,3204,3204,3204,3204,50,52.38095474243164,40,40,10.526315689086914,23.809524536132813,13.636363983154297,5,5.6054511070251465,8589934592,2147483648,6133268480,424738816
206,1771996214409,3204,3204,3204,3204,3204,3204,3204,3204,40,35,28.571430206298828,31.81818199157715,31.81818199157715,20,10,9.523809432983398,5.6054511070251465,8589934592,2147483648,6136037376,424738816
209,1771996214616,3204,3204,3204,3204,3204,3204,3204,3204,38.095237731933594,40,20,25,4.761904716491699,14.285715103149414,0,4.761904716491699,5.6054511070251465,8589934592,2147483648,6136037376,424738816
205,1771996214827,3204,3204,3204,3204,3204,3204,3204,3204,38.095237731933594,25,28.571430206298828,20,19.047618865966797,18.18181800842285,4.761904716491699,4.761904716491699,5.6054511070251465,8589934592,2147483648,6136037376,424738816
207,1771996215033,3204,3204,3204,3204,3204,3204,3204,3204,30.000001907348633,31.81818199157715,20,23.809524536132813,0,4.761904716491699,4.761904716491699,0,5.6054511070251465,8589934592,2147483648,6129467392,424738816
209,1771996215241,3204,3204,3204,3204,3204,3204,3204,3204,28.571430206298828,40,28.571430206298828,28.571430206298828,4.545454502105713,0,0,4.761904716491699,5.169889450073242,8589934592,2147483648,6127239168,424738816
208,1771996215451,3204,3204,3204,3204,3204,3204,3204,3204,27.272727966308594,28.571430206298828,28.571430206298828,19.047618865966797,0,4.761904716491699,4.761904716491699,4.545454502105713,5.169889450073242,8589934592,2147483648,6123159552,424738816
206,1771996215661,3204,3204,3204,3204,3204,3204,3204,3204,21.052631378173828,23.809524536132813,33.333335876464844,23.809524536132813,4.761904716491699,0,0,0,5.169889450073242,8589934592,2147483648,6123159552,424738816
200,1771996215867,3204,3204,3204,3204,3204,3204,3204,3204,36.3636360168457,28.571430206298828,19.047618865966797,15.000000953674316,0,0,0,0,5.169889450073242,8589934592,2147483648,6123159552,424738816
200,1771996216068,3204,3204,3204,3204,3204,3204,3204,3204,25,33.333335876464844,20,20,5,4.761904716491699,4.761904716491699,0,5.169889450073242,8589934592,2147483648,6124142592,424738816
202,1771996216270,3204,3204,3204,3204,3204,3204,3204,3204,26.3157901763916,21.052631378173828,30.000001907348633,20,0,0,0,4.761904716491699,5.438088417053223,8589934592,2147483648,6123470848,424738816
201,1771996216472,3204,3204,3204,3204,3204,3204,3204,3204,42.85714340209961,26.3157901763916,25,19.047618865966797,19.047618865966797,10,5,5.263157844543457,5.438088417053223,8589934592,2147483648,6123470848,424738816
203,1771996216674,3204,3204,3204,3204,3204,3204,3204,3204,30.000001907348633,33.333335876464844,20,21.052631378173828,20,13.636363983154297,0,0,5.438088417053223,8589934592,2147483648,6123470848,424738816
209,1771996216878,3204,3204,3204,3204,3204,3204,3204,3204,30.000001907348633,25,15.000000953674316,14.285715103149414,10,5,9.090909004211426,10,5.438088417053223,8589934592,2147483648,6123470848,424738816
200,1771996217088,3204,3204,3204,3204,3204,3204,3204,3204,20,33.333335876464844,22.72727394104004,19.047618865966797,13.636363983154297,4.761904716491699,5,4.761904716491699,5.438088417053223,8589934592,2147483648,6117277696,424738816
209,1771996217288,3204,3204,3204,3204,3204,3204,3204,3204,30.000001907348633,30.000001907348633,20,15.000000953674316,0,0,0,0,5.773805618286133,8589934592,2147483648,6116524032,424738816
201,1771996217498,3204,3204,3204,3204,3204,3204,3204,3204,33.333335876464844,38.095237731933594,25,19.047618865966797,0,0,4.545454502105713,0,5.773805618286133,8589934592,2147483648,6116524032,424738816
208,1771996217700,3204,3204,3204,3204,3204,3204,3204,3204,40,30.000001907348633,30.000001907348633,25,0,0,0,0,5.773805618286133,8589934592,2147483648,6116524032,424738816
209,1771996217908,3204,3204,3204,3204,3204,3204,3204,3204,47.619049072265625,50,50,55,0,0,0,0,5.773805618286133,8589934592,2147483648,6116524032,424738816
209,1771996218119,3204,3204,3204,3204,3204,3204,3204,3204,45.45454788208008,40,40,52.38095474243164,4.761904716491699,4.761904716491699,0,4.761904716491699,5.773805618286133,8589934592,2147483648,6124994560,424738816
207,1771996218328,3204,3204,3204,3204,3204,3204,3204,3204,40,38.095237731933594,40,42.85714340209961,0,0,0,0,4.8214616775512695,8589934592,2147483648,6123995136,424738816
209,1771996218536,3204,3204,3204,3204,3204,3204,3204,3204,35,47.619049072265625,33.333335876464844,31.81818199157715,0,9.090909004211426,0,0,4.8214616775512695,8589934592,2147483648,6127534080,424738816
204,1771996218746,3204,3204,3204,3204,3204,3204,3204,3204,31.81818199157715,20,19.047618865966797,20,23.809524536132813,20,4.761904716491699,10,4.8214616775512695,8589934592,2147483648,6106710016,424738816
209,1771996218952,3204,3204,3204,3204,3204,3204,3204,3204,40,38.095237731933594,30.000001907348633,23.809524536132813,38.095237731933594,0,4.761904716491699,0,4.8214616775512695,8589934592,2147483648,6109298688,424738816
209,1771996219162,3204,3204,3204,3204,3204,3204,3204,3204,33.333335876464844,20,23.809524536132813,15.000000953674316,9.523809432983398,0,0,4.761904716491699,5.254486560821533,8589934592,2147483648,6109282304,424738816
202,1771996219372,3204,3204,3204,3204,3204,3204,3204,3204,33.333335876464844,31.81818199157715,36.3636360168457,33.333335876464844,23.809524536132813,4.545454502105713,0,0,5.254486560821533,8589934592,2147483648,6110806016,424738816
202,1771996219574,3204,3204,3204,3204,3204,3204,3204,3204,26.3157901763916,35,20,25,20,10,9.523809432983398,0,5.254486560821533,8589934592,2147483648,6115557376,424738816
205,1771996219777,3204,3204,3204,3204,3204,3204,3204,3204,38.095237731933594,31.57894515991211,30.000001907348633,28.571430206298828,5.263157844543457,5,4.761904716491699,9.523809432983398,5.254486560821533,8589934592,2147483648,6115753984,424738816
209,1771996219984,3204,3204,3204,3204,3204,3204,3204,3204,70,66.66667175292969,65,68.42105102539063,45.45454788208008,42.85714340209961,42.105262756347656,42.85714340209961,5.254486560821533,8589934592,2147483648,6091276288,424738816
205,1771996220194,3204,3204,3204,3204,3204,3204,3204,3204,57.142860412597656,57.142860412597656,57.142860412597656,59.09090805053711,19.047618865966797,9.523809432983398,13.636363983154297,0,5.218989372253418,8589934592,2147483648,6051037184,424738816
200,1771996220400,3204,3204,3204,3204,3204,3204,3204,3204,28.571430206298828,30.000001907348633,33.333335876464844,25,35,4.761904716491699,0,0,5.218989372253418,8589934592,2147483648,6049595392,424738816
206,1771996220602,3204,3204,3204,3204,3204,3204,3204,3204,35,23.809524536132813,20,20,5,0,0,0,5.218989372253418,8589934592,2147483648,6054461440,424738816
200,1771996220808,3204,3204,3204,3204,3204,3204,3204,3204,38.095237731933594,30.000001907348633,28.571430206298828,33.333335876464844,20,15.000000953674316,4.545454502105713,9.523809432983398,5.218989372253418,8589934592,2147483648,6045368320,424738816
208,1771996221009,3204,3204,3204,3204,3204,3204,3204,3204,31.57894515991211,30.000001907348633,30.000001907348633,28.571430206298828,4.761904716491699,5,0,0,5.218989372253418,8589934592,2147483648,6045368320,424738816
200,1771996221218,3204,3204,3204,3204,3204,3204,3204,3204,36.3636360168457,28.571430206298828,20,20,4.761904716491699,4.761904716491699,0,0,5.434415817260742,8589934592,2147483648,6044303360,424738816
201,1771996221419,3204,3204,3204,3204,3204,3204,3204,3204,26.3157901763916,15.000000953674316,28.571430206298828,15.000000953674316,4.761904716491699,0,0,0,5.434415817260742,8589934592,2147483648,6045515776,424738816
203,1771996221621,3204,3204,3204,3204,3204,3204,3204,3204,28.571430206298828,20,42.105262756347656,25,0,0,0,0,5.434415817260742,8589934592,2147483648,6043992064,424738816
208,1771996221825,3204,3204,3204,3204,3204,3204,3204,3204,35,25,35,23.809524536132813,4.761904716491699,4.761904716491699,5,4.761904716491699,5.434415817260742,8589934592,2147483648,6042353664,424738816
201,1771996222034,3204,3204,3204,3204,3204,3204,3204,3204,25,23.809524536132813,33.333335876464844,14.285715103149414,9.523809432983398,10,9.523809432983398,0,5.434415817260742,8589934592,2147483648,6050430976,424738816
205,1771996222236,3204,3204,3204,3204,3204,3204,3204,3204,28.571430206298828,25,25,20,0,0,4.761904716491699,0,7.003067970275879,8589934592,2147483648,6050201600,424738816
209,1771996222442,3204,3204,3204,3204,3204,3204,3204,3204,35,28.571430206298828,20,20,0,0,0,0,7.003067970275879,8589934592,2147483648,6050660352,424738816
205,1771996222652,3204,3204,3204,3204,3204,3204,3204,3204,28.571430206298828,30.000001907348633,27.272727966308594,20,0,4.545454502105713,0,4.545454502105713,7.003067970275879,8589934592,2147483648,6044516352,424738816
209,1771996222857,3204,3204,3204,3204,3204,3204,3204,3204,40,38.095237731933594,28.571430206298828,27.272727966308594,15.000000953674316,15.000000953674316,0,4.761904716491699,7.003067970275879,8589934592,2147483648,6054084608,424738816
200,1771996223067,3204,3204,3204,3204,3204,3204,3204,3204,38.095237731933594,28.571430206298828,20,25,18.18181800842285,14.285715103149414,0,0,7.003067970275879,8589934592,2147483648,6040322048,424738816
201,1771996223268,3204,3204,3204,3204,3204,3204,3204,3204,30.000001907348633,21.052631378173828,23.809524536132813,14.285715103149414,5,9.523809432983398,4.761904716491699,5,5.438502311706543,8589934592,2147483648,6039830528,424738816
204,1771996223470,3204,3204,3204,3204,3204,3204,3204,3204,30.000001907348633,28.571430206298828,22.22222328186035,15.789472579956055,0,0,0,0,5.438502311706543,8589934592,2147483648,6038044672,424738816
207,1771996223675,3204,3204,3204,3204,3204,3204,3204,3204,15.000000953674316,25,19.047618865966797,28.571430206298828,0,0,0,0,5.438502311706543,8589934592,2147483648,6038028288,424738816
208,1771996223884,3204,3204,3204,3204,3204,3204,3204,3204,28.571430206298828,27.272727966308594,23.809524536132813,20,0,0,0,0,5.438502311706543,8589934592,2147483648,6035865600,424738816
208,1771996224093,3204,3204,3204,3204,3204,3204,3204,3204,28.571430206298828,30.000001907348633,19.047618865966797,14.285715103149414,4.545454502105713,0,0,0,5.438502311706543,8589934592,2147483648,6037684224,424738816
205,1771996224302,3204,3204,3204,3204,3204,3204,3204,3204,23.809524536132813,28.571430206298828,27.272727966308594,23.809524536132813,0,0,0,0,4.895698547363281,8589934592,2147483648,6036766720,424738816
208,1771996224508,3204,3204,3204,3204,3204,3204,3204,3204,25,20,20,28.571430206298828,26.3157901763916,5.263157844543457,9.523809432983398,0,4.895698547363281,8589934592,2147483648,6037913600,424738816
200,1771996224716,3204,3204,3204,3204,3204,3204,3204,3204,20,28.571430206298828,19.047618865966797,14.285715103149414,0,0,0,0,4.895698547363281,8589934592,2147483648,6037749760,424738816
204,1771996224917,3204,3204,3204,3204,3204,3204,3204,3204,23.809524536132813,21.052631378173828,15.789472579956055,26.3157901763916,0,0,0,0,4.895698547363281,8589934592,2147483648,6037520384,424738816
209,1771996225121,3204,3204,3204,3204,3204,3204,3204,3204,35,40.90909194946289,38.095237731933594,33.333335876464844,33.333335876464844,19.047618865966797,4.761904716491699,4.761904716491699,4.895698547363281,8589934592,2147483648,6037094400,424738816
203,1771996225332,3204,3204,3204,3204,3204,3204,3204,3204,40,30.000001907348633,33.333335876464844,40,0,4.761904716491699,0,0,5.245466232299805,8589934592,2147483648,6037897216,424738816
200,1771996225535,3204,3204,3204,3204,3204,3204,3204,3204,33.333335876464844,25,15.789472579956055,28.571430206298828,0,0,0,0,5.245466232299805,8589934592,2147483648,6040272896,424738816
203,1771996225737,3204,3204,3204,3204,3204,3204,3204,3204,28.571430206298828,25,20,30.000001907348633,0,0,0,0,5.245466232299805,8589934592,2147483648,6039650304,424738816
200,1771996225941,3204,3204,3204,3204,3204,3204,3204,3204,25,19.047618865966797,14.285715103149414,35,0,0,0,0,5.245466232299805,8589934592,2147483648,6039650304,424738816
207,1771996226142,3204,3204,3204,3204,3204,3204,3204,3204,26.3157901763916,21.052631378173828,20,23.809524536132813,4.761904716491699,5,0,4.761904716491699,4.761862754821777,8589934592,2147483648,6039650304,424738816
209,1771996226350,3204,3204,3204,3204,3204,3204,3204,3204,33.333335876464844,33.333335876464844,20,20,4.761904716491699,4.761904716491699,4.761904716491699,0,4.761862754821777,8589934592,2147483648,6037291008,424738816
208,1771996226560,3204,3204,3204,3204,3204,3204,3204,3204,33.333335876464844,23.809524536132813,28.571430206298828,19.047618865966797,0,0,0,0,4.761862754821777,8589934592,2147483648,6038372352,424738816
209,1771996226769,3204,3204,3204,3204,3204,3204,3204,3204,28.571430206298828,30.000001907348633,22.72727394104004,14.285715103149414,0,0,0,0,4.761862754821777,8589934592,2147483648,6038208512,424738816
207,1771996226979,3204,3204,3204,3204,3204,3204,3204,3204,14.285715103149414,22.72727394104004,10,14.285715103149414,19.047618865966797,15.000000953674316,14.285715103149414,9.090909004211426,4.761862754821777,8589934592,2147483648,6036242432,424738816
200,1771996227186,3204,3204,3204,3204,3204,3204,3204,3204,30.000001907348633,35,23.809524536132813,28.571430206298828,15.000000953674316,13.636363983154297,5,10,5.041779518127441,8589934592,2147483648,6049890304,424738816
209,1771996227387,3204,3204,3204,3204,3204,3204,3204,3204,26.3157901763916,31.57894515991211,25,30.000001907348633,33.333335876464844,15.789472579956055,14.285715103149414,14.285715103149414,5.041779518127441,8589934592,2147483648,6039109632,424738816
209,1771996227597,3204,3204,3204,3204,3204,3204,3204,3204,31.81818199157715,31.81818199157715,33.333335876464844,23.809524536132813,23.809524536132813,27.272727966308594,19.047618865966797,23.809524536132813,5.041779518127441,8589934592,2147483648,6040190976,424738816
201,1771996227806,3204,3204,3204,3204,3204,3204,3204,3204,20,23.809524536132813,35,10.526315689086914,0,0,0,0,5.041779518127441,8589934592,2147483648,6039912448,424738816
206,1771996228008,3204,3204,3204,3204,3204,3204,3204,3204,28.571430206298828,25,23.809524536132813,19.047618865966797,9.523809432983398,5,0,0,5.041779518127441,8589934592,2147483648,6044876800,424738816
209,1771996228215,3204,3204,3204,3204,3204,3204,3204,3204,20,23.809524536132813,20,30.000001907348633,4.761904716491699,0,4.761904716491699,4.761904716491699,5.076948642730713,8589934592,2147483648,6041174016,424738816
207,1771996228425,3204,3204,3204,3204,3204,3204,3204,3204,18.18181800842285,20,28.571430206298828,18.18181800842285,0,0,0,0,5.076948642730713,8589934592,2147483648,6040748032,424738816
203,1771996228633,3204,3204,3204,3204,3204,3204,3204,3204,21.052631378173828,28.571430206298828,33.333335876464844,15.000000953674316,0,0,0,0,5.076948642730713,8589934592,2147483648,6038700032,424738816
209,1771996228837,3204,3204,3204,3204,3204,3204,3204,3204,27.272727966308594,25,20,18.18181800842285,5,5,5,0,5.076948642730713,8589934592,2147483648,6036439040,424738816
209,1771996229047,3204,3204,3204,3204,3204,3204,3204,3204,20,36.3636360168457,19.047618865966797,20,0,0,0,0,5.076948642730713,8589934592,2147483648,6038962176,424738816
209,1771996229256,3204,3204,3204,3204,3204,3204,3204,3204,28.571430206298828,31.57894515991211,19.047618865966797,15.000000953674316,5,0,0,0,5.016261577606201,8589934592,2147483648,6043779072,424738816
208,1771996229466,3204,3204,3204,3204,3204,3204,3204,3204,28.571430206298828,27.272727966308594,31.81818199157715,27.272727966308594,22.72727394104004,45.45454788208008,14.285715103149414,4.545454502105713,5.016261577606201,8589934592,2147483648,6024052736,424738816
207,1771996229675,3204,3204,3204,3204,3204,3204,3204,3204,25,25,20,19.047618865966797,4.761904716491699,0,0,0,5.016261577606201,8589934592,2147483648,6065192960,424738816
208,1771996229883,3204,3204,3204,3204,3204,3204,3204,3204,19.047618865966797,19.047618865966797,23.809524536132813,15.000000953674316,0,0,0,0,5.016261577606201,8589934592,2147483648,6065192960,424738816
209,1771996230092,3204,3204,3204,3204,3204,3204,3204,3204,23.809524536132813,33.333335876464844,28.571430206298828,20,5,4.761904716491699,0,0,5.016261577606201,8589934592,2147483648,6065192960,424738816
206,1771996230302,3204,3204,3204,3204,3204,3204,3204,3204,20,28.571430206298828,10,18.18181800842285,0,0,0,0,5.835816860198975,8589934592,2147483648,6065192960,424738816
209,1771996230508,3204,3204,3204,3204,3204,3204,3204,3204,23.809524536132813,23.809524536132813,19.047618865966797,20,10,5,9.523809432983398,5,5.835816860198975,8589934592,2147483648,6061195264,424738816
205,1771996230718,3204,3204,3204,3204,3204,3204,3204,3204,28.571430206298828,20,23.809524536132813,22.72727394104004,0,0,0,0,5.835816860198975,8589934592,2147483648,6063489024,424738816
208,1771996230924,3204,3204,3204,3204,3204,3204,3204,3204,33.333335876464844,19.047618865966797,21.052631378173828,15.000000953674316,4.545454502105713,4.761904716491699,0,0,5.835816860198975,8589934592,2147483648,6063095808,424738816
201,1771996231133,3204,3204,3204,3204,3204,3204,3204,3204,33.333335876464844,28.571430206298828,22.72727394104004,19.047618865966797,0,0,0,4.761904716491699,4.7368292808532715,8589934592,2147483648,6059229184,424738816
203,1771996231335,3204,3204,3204,3204,3204,3204,3204,3204,26.3157901763916,21.052631378173828,30.000001907348633,15.000000953674316,5,9.523809432983398,9.090909004211426,0,4.7368292808532715,8589934592,2147483648,6059229184,424738816
209,1771996231539,3204,3204,3204,3204,3204,3204,3204,3204,33.333335876464844,33.333335876464844,25,25,30.000001907348633,15.000000953674316,10,4.761904716491699,4.7368292808532715,8589934592,2147483648,6038913024,424738816
208,1771996231749,3204,3204,3204,3204,3204,3204,3204,3204,23.809524536132813,35,23.809524536132813,22.72727394104004,9.090909004211426,9.523809432983398,0,0,4.7368292808532715,8589934592,2147483648,6039027712,424738816
207,1771996231958,3204,3204,3204,3204,3204,3204,3204,3204,15.000000953674316,23.809524536132813,19.047618865966797,5.263157844543457,9.523809432983398,0,4.761904716491699,14.285715103149414,4.7368292808532715,8589934592,2147483648,6061228032,424738816
208,1771996232166,3204,3204,3204,3204,3204,3204,3204,3204,23.809524536132813,22.72727394104004,9.523809432983398,18.18181800842285,9.523809432983398,9.523809432983398,0,4.761904716491699,5.271764755249023,8589934592,2147483648,6063276032,424738816
208,1771996232375,3204,3204,3204,3204,3204,3204,3204,3204,33.333335876464844,20,15.000000953674316,14.285715103149414,14.285715103149414,19.047618865966797,9.523809432983398,5,5.271764755249023,8589934592,2147483648,6064226304,424738816
199,1771996232583,3204,3204,3204,3204,3204,3204,3204,3204,30.000001907348633,33.333335876464844,23.809524536132813,21.052631378173828,5,4.761904716491699,4.761904716491699,9.090909004211426,5.271764755249023,8589934592,2147483648,6064144384,424738816
205,1771996232783,3204,3204,3204,3204,3204,3204,3204,3204,28.571430206298828,21.052631378173828,30.000001907348633,20,0,0,0,0,5.271764755249023,8589934592,2147483648,6064111616,424738816
200,1771996232989,3204,3204,3204,3204,3204,3204,3204,3204,20,19.047618865966797,33.333335876464844,19.047618865966797,5,4.761904716491699,4.761904716491699,0,5.271764755249023,8589934592,2147483648,6063898624,424738816
209,1771996233190,3204,3204,3204,3204,3204,3204,3204,3204,25,23.809524536132813,25,19.047618865966797,4.761904716491699,0,0,4.761904716491699,4.823068618774414,8589934592,2147483648,6051299328,424738816
208,1771996233400,3204,3204,3204,3204,3204,3204,3204,3204,30.000001907348633,21.052631378173828,19.047618865966797,14.285715103149414,4.761904716491699,4.761904716491699,4.761904716491699,0,4.823068618774414,8589934592,2147483648,6051299328,424738816
202,1771996233609,3204,3204,3204,3204,3204,3204,3204,3204,42.85714340209961,31.81818199157715,33.333335876464844,30.000001907348633,14.285715103149414,19.047618865966797,14.285715103149414,4.761904716491699,4.823068618774414,8589934592,2147483648,6052052992,424738816
201,1771996233812,3204,3204,3204,3204,3204,3204,3204,3204,38.095237731933594,25,20,19.047618865966797,20,14.285715103149414,5,4.761904716491699,4.823068618774414,8589934592,2147483648,6035636224,424738816
202,1771996234014,3204,3204,3204,3204,3204,3204,3204,3204,25,35,20,10.526315689086914,0,0,0,0,4.823068618774414,8589934592,2147483648,6035800064,424738816
202,1771996234217,3204,3204,3204,3204,3204,3204,3204,3204,20,19.047618865966797,25,15.000000953674316,0,0,0,0,5.186234951019287,8589934592,2147483648,6038732800,424738816
209,1771996234420,3204,3204,3204,3204,3204,3204,3204,3204,28.571430206298828,31.57894515991211,25,28.571430206298828,14.285715103149414,10,5,4.761904716491699,5.186234951019287,8589934592,2147483648,6038192128,424738816
205,1771996234630,3204,3204,3204,3204,3204,3204,3204,3204,20,22.72727394104004,23.809524536132813,33.333335876464844,20,4.761904716491699,0,0,5.186234951019287,8589934592,2147483648,6038880256,424738816
201,1771996234835,3204,3204,3204,3204,3204,3204,3204,3204,23.809524536132813,15.789472579956055,25,20,4.761904716491699,0,0,0,5.186234951019287,8589934592,2147483648,6038552576,424738816
207,1771996235038,3204,3204,3204,3204,3204,3204,3204,3204,25,25,19.047618865966797,25,0,4.761904716491699,0,0,5.186234951019287,8589934592,2147483648,6037782528,424738816
207,1771996235245,3204,3204,3204,3204,3204,3204,3204,3204,60.000003814697266,57.142860412597656,55,61.904762268066406,4.761904716491699,0,4.761904716491699,4.761904716491699,5.280511856079102,8589934592,2147483648,6037716992,424738816
209,1771996235453,3204,3204,3204,3204,3204,3204,3204,3204,45,42.85714340209961,35,33.333335876464844,0,0,0,0,5.280511856079102,8589934592,2147483648,6034702336,424738816
208,1771996235663,3204,3204,3204,3204,3204,3204,3204,3204,50,38.095237731933594,33.333335876464844,30.000001907348633,0,0,0,0,5.280511856079102,8589934592,2147483648,6040616960,424738816
209,1771996235873,3204,3204,3204,3204,3204,3204,3204,3204,76.19047546386719,80,71.42857360839844,76.19047546386719,33.333335876464844,23.809524536132813,9.523809432983398,4.761904716491699,5.280511856079102,8589934592,2147483648,6039994368,424738816
203,1771996236083,3204,3204,3204,3204,3204,3204,3204,3204,28.571430206298828,31.81818199157715,22.72727394104004,23.809524536132813,0,4.545454502105713,0,0,5.280511856079102,8589934592,2147483648,6039732224,424738816
202,1771996236286,3204,3204,3204,3204,3204,3204,3204,3204,57.894737243652344,30.000001907348633,40,28.571430206298828,9.523809432983398,5,5,5,5.171994209289551,8589934592,2147483648,6041042944,424738816
203,1771996236489,3204,3204,3204,3204,3204,3204,3204,3204,33.333335876464844,45,50,30.000001907348633,5,5.263157844543457,5,0,5.171994209289551,8589934592,2147483648,5999296512,424738816
207,1771996236693,3204,3204,3204,3204,3204,3204,3204,3204,25,23.809524536132813,33.333335876464844,20,57.142860412597656,42.85714340209961,0,0,5.171994209289551,8589934592,2147483648,6001754112,424738816
204,1771996236902,3204,3204,3204,3204,3204,3204,3204,3204,23.809524536132813,28.571430206298828,20,19.047618865966797,0,100,0,0,5.171994209289551,8589934592,2147483648,6001541120,424738816
209,1771996237107,3204,3204,3204,3204,3204,3204,3204,3204,15.000000953674316,30.000001907348633,20,15.000000953674316,19.047618865966797,36.842105865478516,42.85714340209961,19.047618865966797,5.171994209289551,8589934592,2147483648,6006587392,424738816
201,1771996237317,3204,3204,3204,3204,3204,3204,3204,3204,28.571430206298828,23.809524536132813,18.18181800842285,23.809524536132813,0,0,100,4.545454502105713,5.076209545135498,8589934592,2147483648,6010748928,424738816
209,1771996237519,3204,3204,3204,3204,3204,3204,3204,3204,25,21.052631378173828,20,25,0,0,85,0,5.076209545135498,8589934592,2147483648,6010798080,424738816
203,1771996237728,3204,3204,3204,3204,3204,3204,3204,3204,23.809524536132813,23.809524536132813,20,23.809524536132813,31.81818199157715,4.545454502105713,80.95238494873047,0,5.076209545135498,8589934592,2147483648,6016335872,424738816
202,1771996237932,3204,3204,3204,3204,3204,3204,3204,3204,30.000001907348633,36.3636360168457,30.000001907348633,30.000001907348633,25,20,57.142860412597656,10,5.076209545135498,8589934592,2147483648,6027870208,424738816
208,1771996238135,3204,3204,3204,3204,3204,3204,3204,3204,30.000001907348633,21.052631378173828,33.333335876464844,15.000000953674316,52.6315803527832,35,5,20,6.0468645095825195,8589934592,2147483648,6016155648,424738816
202,1771996238344,3204,3204,3204,3204,3204,3204,3204,3204,22.72727394104004,23.809524536132813,30.000001907348633,18.18181800842285,81.81818389892578,33.333335876464844,0,0,6.0468645095825195,8589934592,2147483648,6015778816,424738816
201,1771996238547,3204,3204,3204,3204,3204,3204,3204,3204,21.052631378173828,20,23.809524536132813,20,30.000001907348633,80,0,0,6.0468645095825195,8589934592,2147483648,6017417216,424738816
208,1771996238750,3204,3204,3204,3204,3204,3204,3204,3204,25,28.571430206298828,30.000001907348633,15.789472579956055,15.000000953674316,75,0,0,6.0468645095825195,8589934592,2147483648,6020907008,424738816
209,1771996238958,3204,3204,3204,3204,3204,3204,3204,3204,28.571430206298828,21.052631378173828,19.047618865966797,18.18181800842285,19.047618865966797,81.81818389892578,0,4.761904716491699,6.0468645095825195,8589934592,2147483648,6022332416,424738816
207,1771996239169,3204,3204,3204,3204,3204,3204,3204,3204,33.333335876464844,31.81818199157715,30.000001907348633,30.000001907348633,47.619049072265625,40,0,0,8.145979881286621,8589934592,2147483648,6022332416,424738816
206,1771996239376,3204,3204,3204,3204,3204,3204,3204,3204,38.095237731933594,31.57894515991211,28.571430206298828,28.571430206298828,38.095237731933594,18.18181800842285,14.285715103149414,19.047618865966797,8.145979881286621,8589934592,2147483648,6022332416,424738816
208,1771996239583,3204,3204,3204,3204,3204,3204,3204,3204,40,42.85714340209961,38.095237731933594,35,75,50,33.333335876464844,25,8.145979881286621,8589934592,2147483648,6022332416,424738816
204,1771996239792,3204,3204,3204,3204,3204,3204,3204,3204,28.571430206298828,19.047618865966797,15.000000953674316,19.047618865966797,13.636363983154297,57.142860412597656,4.761904716491699,0,8.145979881286621,8589934592,2147483648,6020857856,424738816
209,1771996239996,3204,3204,3204,3204,3204,3204,3204,3204,35,33.333335876464844,30.000001907348633,35,45,10,5,5,8.145979881286621,8589934592,2147483648,6031589376,424738816
209,1771996240207,3204,3204,3204,3204,3204,3204,3204,3204,28.571430206298828,23.809524536132813,23.809524536132813,27.272727966308594,52.38095474243164,42.85714340209961,5,13.636363983154297,10.465738296508789,8589934592,2147483648,6021627904,424738816
201,1771996240417,3204,3204,3204,3204,3204,3204,3204,3204,20,23.809524536132813,31.81818199157715,10,65,22.72727394104004,4.545454502105713,4.761904716491699,10.465738296508789,8589934592,2147483648,6021545984,424738816
203,1771996240619,3204,3204,3204,3204,3204,3204,3204,3204,23.809524536132813,15.789472579956055,30.000001907348633,15.000000953674316,19.047618865966797,84.21052551269531,4.761904716491699,0,10.465738296508789,8589934592,2147483648,6021431296,424738816
209,1771996240822,3204,3204,3204,3204,3204,3204,3204,3204,20,20,30.000001907348633,19.047618865966797,0,100,0,0,10.465738296508789,8589934592,2147483648,6023954432,424738816
202,1771996241033,3204,3204,3204,3204,3204,3204,3204,3204,23.809524536132813,22.72727394104004,33.333335876464844,18.18181800842285,0,72.7272720336914,0,0,10.465738296508789,8589934592,2147483648,6023774208,424738816
202,1771996241235,3204,3204,3204,3204,3204,3204,3204,3204,21.052631378173828,20,25,15.789472579956055,0,100,0,0,10.925540924072266,8589934592,2147483648,6024183808,424738816
209,1771996241437,3204,3204,3204,3204,3204,3204,3204,3204,28.571430206298828,25,20,25,4.761904716491699,66.66667175292969,33.333335876464844,0,10.925540924072266,8589934592,2147483648,6023888896,424738816
207,1771996241648,3204,3204,3204,3204,3204,3204,3204,3204,19.047618865966797,23.809524536132813,19.047618865966797,23.809524536132813,4.761904716491699,23.809524536132813,35,0,10.925540924072266,8589934592,2147483648,6023888896,424738816
205,1771996241855,3204,3204,3204,3204,3204,3204,3204,3204,25,25,25,28.571430206298828,0,35,66.66667175292969,0,10.925540924072266,8589934592,2147483648,6021971968,424738816
209,1771996242061,3204,3204,3204,3204,3204,3204,3204,3204,25,14.285715103149414,15.000000953674316,20,33.333335876464844,22.72727394104004,9.523809432983398,9.523809432983398,10.925540924072266,8589934592,2147483648,6013206528,424738816
209,1771996242271,3204,3204,3204,3204,3204,3204,3204,3204,38.095237731933594,35,28.571430206298828,33.333335876464844,57.142860412597656,10,4.761904716491699,0,9.698349952697754,8589934592,2147483648,6045188096,424738816
203,1771996242481,3204,3204,3204,3204,3204,3204,3204,3204,28.571430206298828,23.809524536132813,22.72727394104004,14.285715103149414,20,0,0,0,9.698349952697754,8589934592,2147483648,6042271744,424738816
209,1771996242685,3204,3204,3204,3204,3204,3204,3204,3204,30.000001907348633,28.571430206298828,25,15.000000953674316,52.38095474243164,10,5.263157844543457,0,9.698349952697754,8589934592,2147483648,6042271744,424738816
206,1771996242895,3204,3204,3204,3204,3204,3204,3204,3204,33.333335876464844,25,40.90909194946289,27.272727966308594,47.619049072265625,0,0,0,9.698349952697754,8589934592,2147483648,6057000960,424738816
206,1771996243102,3204,3204,3204,3204,3204,3204,3204,3204,33.333335876464844,33.333335876464844,15.789472579956055,15.000000953674316,45,4.761904716491699,4.761904716491699,4.761904716491699,9.698349952697754,8589934592,2147483648,6064340992,424738816
199,1771996243309,3204,3204,3204,3204,3204,3204,3204,3204,21.052631378173828,33.333335876464844,23.809524536132813,20,76.19047546386719,0,0,0,9.822648048400879,8589934592,2147483648,6064340992,424738816
208,1771996243509,3204,3204,3204,3204,3204,3204,3204,3204,30.000001907348633,36.842105865478516,26.3157901763916,15.000000953674316,11.111111640930176,0,5,5,9.822648048400879,8589934592,2147483648,6064340992,424738816
201,1771996243719,3204,3204,3204,3204,3204,3204,3204,3204,23.809524536132813,33.333335876464844,22.72727394104004,19.047618865966797,81.81818389892578,5,0,4.761904716491699,9.822648048400879,8589934592,2147483648,6064340992,424738816
208,1771996243921,3204,3204,3204,3204,3204,3204,3204,3204,30.000001907348633,25,36.842105865478516,25,65,4.761904716491699,0,0,9.822648048400879,8589934592,2147483648,6042091520,424738816
203,1771996244130,3204,3204,3204,3204,3204,3204,3204,3204,38.095237731933594,33.333335876464844,36.3636360168457,28.571430206298828,14.285715103149414,9.090909004211426,0,0,9.822648048400879,8589934592,2147483648,6053527552,424738816
208,1771996244335,3204,3204,3204,3204,3204,3204,3204,3204,38.095237731933594,35,26.3157901763916,25,42.85714340209961,21.052631378173828,19.047618865966797,19.047618865966797,9.205207824707031,8589934592,2147483648,6072107008,424738816
209,1771996244543,3204,3204,3204,3204,3204,3204,3204,3204,45,40,33.333335876464844,23.809524536132813,30.000001907348633,14.285715103149414,9.523809432983398,0,9.205207824707031,8589934592,2147483648,6066241536,424738816
209,1771996244754,3204,3204,3204,3204,3204,3204,3204,3204,28.571430206298828,31.81818199157715,27.272727966308594,15.000000953674316,30.000001907348633,4.761904716491699,4.761904716491699,0,9.205207824707031,8589934592,2147483648,6068535296,424738816
206,1771996244964,3204,3204,3204,3204,3204,3204,3204,3204,25,19.047618865966797,25,18.18181800842285,95.23809814453125,0,0,4.545454502105713,9.205207824707031,8589934592,2147483648,6076399616,424738816
209,1771996245170,3204,3204,3204,3204,3204,3204,3204,3204,33.333335876464844,25,38.095237731933594,15.789472579956055,47.619049072265625,0,0,0,8.46904182434082,8589934592,2147483648,6069256192,424738816
201,1771996245381,3204,3204,3204,3204,3204,3204,3204,3204,28.571430206298828,20,28.571430206298828,22.72727394104004,70,4.761904716491699,4.545454502105713,0,8.46904182434082,8589934592,2147483648,6081445888,424738816
200,1771996245582,3204,3204,3204,3204,3204,3204,3204,3204,42.105262756347656,35,40,25,23.809524536132813,0,0,0,8.46904182434082,8589934592,2147483648,6065356800,424738816
201,1771996245783,3204,3204,3204,3204,3204,3204,3204,3204,38.095237731933594,35,36.842105865478516,25,15.789472579956055,5,0,5,8.46904182434082,8589934592,2147483648,6068256768,424738816
209,1771996245985,3204,3204,3204,3204,3204,3204,3204,3204,26.3157901763916,20,19.047618865966797,15.000000953674316,25,0,0,0,8.46904182434082,8589934592,2147483648,6070124544,424738816
203,1771996246195,3204,3204,3204,3204,3204,3204,3204,3204,36.3636360168457,33.333335876464844,25,23.809524536132813,19.047618865966797,4.545454502105713,0,23.809524536132813,9.016047477722168,8589934592,2147483648,6070255616,424738816
209,1771996246399,3204,3204,3204,3204,3204,3204,3204,3204,40,47.619049072265625,35,30.000001907348633,14.285715103149414,10,4.761904716491699,0,9.016047477722168,8589934592,2147483648,6081134592,424738816
208,1771996246609,3204,3204,3204,3204,3204,3204,3204,3204,33.333335876464844,20,25,22.72727394104004,14.285715103149414,19.047618865966797,0,0,9.016047477722168,8589934592,2147483648,6068027392,424738816
208,1771996246818,3204,3204,3204,3204,3204,3204,3204,3204,35,33.333335876464844,31.81818199157715,20,4.545454502105713,0,0,4.545454502105713,9.016047477722168,8589934592,2147483648,6071910400,424738816
209,1771996247027,3204,3204,3204,3204,3204,3204,3204,3204,33.333335876464844,20,19.047618865966797,15.000000953674316,5,4.761904716491699,4.761904716491699,0,9.016047477722168,8589934592,2147483648,6072664064,424738816
205,1771996247238,3204,3204,3204,3204,3204,3204,3204,3204,23.809524536132813,22.72727394104004,15.000000953674316,9.090909004211426,10,14.285715103149414,10,4.761904716491699,8.235072135925293,8589934592,2147483648,6079102976,424738816
229,1771996247444,3204,3204,3204,3204,3204,3204,3204,3204,28.571430206298828,25,19.047618865966797,15.000000953674316,14.285715103149414,14.285715103149414,9.090909004211426,4.761904716491699,8.235072135925293,8589934592,2147483648,6083297280,424738816
209,1771996247674,3204,3204,3204,3204,3204,3204,3204,3204,45.45454788208008,47.826087951660156,47.826087951660156,39.130435943603516,13.636363983154297,13.636363983154297,13.043478012084961,16.666667938232422,8.235072135925293,8589934592,2147483648,6082543616,424738816
204,1771996247884,3204,3204,3204,3204,3204,3204,3204,3204,28.571430206298828,19.047618865966797,14.285715103149414,18.18181800842285,21.7391300201416,14.285715103149414,15.000000953674316,14.285715103149414,8.235072135925293,8589934592,2147483648,6084558848,424738816
199,1771996248088,3204,3204,3204,3204,3204,3204,3204,3204,35,25,19.047618865966797,20,0,5,0,0,8.235072135925293,8589934592,2147483648,6081298432,424738816
209,1771996248289,3204,3204,3204,3204,3204,3204,3204,3204,28.571430206298828,30.000001907348633,20,20,5,0,5,0,7.444771766662598,8589934592,2147483648,6075940864,424738816
209,1771996248498,3204,3204,3204,3204,3204,3204,3204,3204,25,42.85714340209961,25,23.809524536132813,5,9.090909004211426,0,4.761904716491699,7.444771766662598,8589934592,2147483648,6078447616,424738816
209,1771996248708,3204,3204,3204,3204,3204,3204,3204,3204,33.333335876464844,23.809524536132813,23.809524536132813,20,31.81818199157715,20,9.523809432983398,4.761904716491699,7.444771766662598,8589934592,2147483648,6071566336,424738816
199,1771996248918,3204,3204,3204,3204,3204,3204,3204,3204,35,23.809524536132813,19.047618865966797,18.18181800842285,0,4.545454502105713,0,0,7.444771766662598,8589934592,2147483648,6072090624,424738816
209,1771996249119,3204,3204,3204,3204,3204,3204,3204,3204,30.000001907348633,30.000001907348633,20,15.789472579956055,5,5,4.761904716491699,5,7.444771766662598,8589934592,2147483648,6074449920,424738816
206,1771996249329,3204,3204,3204,3204,3204,3204,3204,3204,26.086956024169922,38.095237731933594,19.047618865966797,19.047618865966797,9.523809432983398,9.523809432983398,5,4.761904716491699,5.533878326416016,8589934592,2147483648,6075793408,424738816
209,1771996249535,3204,3204,3204,3204,3204,3204,3204,3204,21.052631378173828,25,20,33.333335876464844,9.523809432983398,15.000000953674316,13.636363983154297,0,5.533878326416016,8589934592,2147483648,6073516032,424738816
204,1771996249745,3204,3204,3204,3204,3204,3204,3204,3204,19.047618865966797,27.272727966308594,18.18181800842285,35,9.090909004211426,0,4.761904716491699,0,5.533878326416016,8589934592,2147483648,6073499648,424738816
206,1771996249950,3204,3204,3204,3204,3204,3204,3204,3204,36.3636360168457,25,15.000000953674316,15.000000953674316,5,9.090909004211426,0,4.761904716491699,5.533878326416016,8589934592,2147483648,6112460800,424738816
209,1771996250156,3204,3204,3204,3204,3204,3204,3204,3204,31.57894515991211,20,14.285715103149414,18.18181800842285,5,5,4.761904716491699,4.761904716491699,5.989948272705078,8589934592,2147483648,6110691328,424738816
201,1771996250367,3204,3204,3204,3204,3204,3204,3204,3204,33.333335876464844,23.809524536132813,25,15.000000953674316,4.761904716491699,4.545454502105713,0,0,5.989948272705078,8589934592,2147483648,6112952320,424738816
209,1771996250569,3204,3204,3204,3204,3204,3204,3204,3204,28.571430206298828,30.000001907348633,25,15.000000953674316,0,0,0,0,5.989948272705078,8589934592,2147483648,6112657408,424738816
208,1771996250779,3204,3204,3204,3204,3204,3204,3204,3204,40,28.571430206298828,23.809524536132813,28.571430206298828,27.272727966308594,15.000000953674316,5,5,5.989948272705078,8589934592,2147483648,6110461952,424738816
201,1771996250987,3204,3204,3204,3204,3204,3204,3204,3204,28.571430206298828,38.095237731933594,23.809524536132813,19.047618865966797,10,9.523809432983398,0,0,5.989948272705078,8589934592,2147483648,6112952320,424738816
202,1771996251189,3204,3204,3204,3204,3204,3204,3204,3204,30.000001907348633,31.57894515991211,30.000001907348633,20,0,5,4.761904716491699,4.761904716491699,5.305063724517822,8589934592,2147483648,6111952896,424738816
209,1771996251392,3204,3204,3204,3204,3204,3204,3204,3204,30.000001907348633,35,20,20,5,5,5,0,5.305063724517822,8589934592,2147483648,6106431488,424738816
209,1771996251602,3204,3204,3204,3204,3204,3204,3204,3204,25,36.3636360168457,19.047618865966797,14.285715103149414,0,0,0,0,5.305063724517822,8589934592,2147483648,6106071040,424738816
206,1771996251812,3204,3204,3204,3204,3204,3204,3204,3204,26.086956024169922,19.047618865966797,23.809524536132813,33.333335876464844,0,0,0,0,5.305063724517822,8589934592,2147483648,6105448448,424738816
205,1771996252019,3204,3204,3204,3204,3204,3204,3204,3204,25,23.809524536132813,23.809524536132813,28.571430206298828,4.761904716491699,0,0,4.545454502105713,5.305063724517822,8589934592,2147483648,6103220224,424738816
201,1771996252225,3204,3204,3204,3204,3204,3204,3204,3204,15.000000953674316,15.000000953674316,10,23.809524536132813,14.285715103149414,19.047618865966797,4.761904716491699,14.285715103149414,5.097733974456787,8589934592,2147483648,6093062144,424738816
206,1771996252426,3204,3204,3204,3204,3204,3204,3204,3204,30.000001907348633,20,20,30.000001907348633,4.761904716491699,0,0,0,5.097733974456787,8589934592,2147483648,6095503360,424738816
201,1771996252633,3204,3204,3204,3204,3204,3204,3204,3204,23.809524536132813,20,35,19.047618865966797,0,4.761904716491699,4.761904716491699,4.761904716491699,5.097733974456787,8589934592,2147483648,6095273984,424738816
209,1771996252835,3204,3204,3204,3204,3204,3204,3204,3204,26.3157901763916,30.000001907348633,38.095237731933594,21.052631378173828,5,5,9.523809432983398,10.526315689086914,5.097733974456787,8589934592,2147483648,6103416832,424738816
206,1771996253045,3204,3204,3204,3204,3204,3204,3204,3204,33.333335876464844,23.809524536132813,19.047618865966797,14.285715103149414,21.7391300201416,15.000000953674316,0,4.545454502105713,5.097733974456787,8589934592,2147483648,6086049792,424738816
208,1771996253252,3204,3204,3204,3204,3204,3204,3204,3204,31.81818199157715,28.571430206298828,19.047618865966797,15.000000953674316,5,9.090909004211426,4.761904716491699,0,5.256096363067627,8589934592,2147483648,6082461696,424738816
204,1771996253461,3204,3204,3204,3204,3204,3204,3204,3204,40,27.272727966308594,25,18.18181800842285,0,0,0,4.545454502105713,5.256096363067627,8589934592,2147483648,6072254464,424738816
209,1771996253666,3204,3204,3204,3204,3204,3204,3204,3204,40,15.789472579956055,20,15.789472579956055,4.761904716491699,9.090909004211426,4.761904716491699,0,5.256096363067627,8589934592,2147483648,6072057856,424738816
207,1771996253876,3204,3204,3204,3204,3204,3204,3204,3204,35,19.047618865966797,27.272727966308594,22.72727394104004,0,0,0,0,5.256096363067627,8589934592,2147483648,6070648832,424738816
207,1771996254084,3204,3204,3204,3204,3204,3204,3204,3204,31.81818199157715,25,15.789472579956055,15.000000953674316,0,0,0,0,5.256096363067627,8589934592,2147483648,6070648832,424738816
209,1771996254292,3204,3204,3204,3204,3204,3204,3204,3204,30.000001907348633,23.809524536132813,30.434782028198242,19.047618865966797,4.761904716491699,4.761904716491699,0,4.761904716491699,4.83388090133667,8589934592,2147483648,6068469760,424738816
209,1771996254502,3204,3204,3204,3204,3204,3204,3204,3204,33.333335876464844,36.3636360168457,26.3157901763916,28.571430206298828,23.809524536132813,14.285715103149414,4.761904716491699,10,4.83388090133667,8589934592,2147483648,6071156736,424738816
204,1771996254712,3204,3204,3204,3204,3204,3204,3204,3204,20,30.000001907348633,22.72727394104004,23.809524536132813,4.761904716491699,0,4.761904716491699,0,4.83388090133667,8589934592,2147483648,6069960704,424738816
205,1771996254917,3204,3204,3204,3204,3204,3204,3204,3204,28.571430206298828,25,25,20,4.761904716491699,4.761904716491699,0,4.761904716491699,4.83388090133667,8589934592,2147483648,6072418304,424738816
201,1771996255123,3204,3204,3204,3204,3204,3204,3204,3204,36.3636360168457,30.000001907348633,33.333335876464844,33.333335876464844,35,15.000000953674316,10,4.761904716491699,4.83388090133667,8589934592,2147483648,6067568640,424738816
200,1771996255325,3204,3204,3204,3204,3204,3204,3204,3204,21.052631378173828,28.571430206298828,26.3157901763916,15.000000953674316,0,0,0,0,5.160868167877197,8589934592,2147483648,6068224000,424738816
208,1771996255526,3204,3204,3204,3204,3204,3204,3204,3204,30.000001907348633,30.000001907348633,30.000001907348633,19.047618865966797,9.523809432983398,10,5,4.761904716491699,5.160868167877197,8589934592,2147483648,6072025088,424738816
208,1771996255735,3204,3204,3204,3204,3204,3204,3204,3204,28.571430206298828,28.571430206298828,22.72727394104004,23.809524536132813,0,4.761904716491699,4.545454502105713,0,5.160868167877197,8589934592,2147483648,6072025088,424738816
206,1771996255944,3204,3204,3204,3204,3204,3204,3204,3204,20,19.047618865966797,20,35,4.545454502105713,0,0,0,5.160868167877197,8589934592,2147483648,6072025088,424738816
209,1771996256151,3204,3204,3204,3204,3204,3204,3204,3204,33.333335876464844,28.571430206298828,28.571430206298828,30.000001907348633,5,5,4.761904716491699,4.761904716491699,5.132444858551025,8589934592,2147483648,6072025088,424738816
206,1771996256361,3204,3204,3204,3204,3204,3204,3204,3204,28.571430206298828,15.000000953674316,31.81818199157715,19.047618865966797,0,0,0,4.761904716491699,5.132444858551025,8589934592,2147483648,6064455680,424738816
205,1771996256568,3204,3204,3204,3204,3204,3204,3204,3204,38.095237731933594,28.571430206298828,26.3157901763916,19.047618865966797,4.545454502105713,4.761904716491699,4.761904716491699,0,5.132444858551025,8589934592,2147483648,6064914432,424738816
201,1771996256775,3204,3204,3204,3204,3204,3204,3204,3204,25,30.000001907348633,19.047618865966797,23.809524536132813,0,0,4.761904716491699,0,5.132444858551025,8589934592,2147483648,6064701440,424738816
208,1771996256976,3204,3204,3204,3204,3204,3204,3204,3204,30.000001907348633,23.809524536132813,25,15.789472579956055,19.047618865966797,19.047618865966797,10,9.523809432983398,5.132444858551025,8589934592,2147483648,6065799168,424738816
209,1771996257186,3204,3204,3204,3204,3204,3204,3204,3204,42.85714340209961,45,47.619049072265625,38.095237731933594,36.3636360168457,40,28.571430206298828,23.809524536132813,5.530753135681152,8589934592,2147483648,6077956096,424738816
206,1771996257395,3204,3204,3204,3204,3204,3204,3204,3204,19.047618865966797,14.285715103149414,9.523809432983398,14.285715103149414,15.000000953674316,22.72727394104004,9.523809432983398,5,5.530753135681152,8589934592,2147483648,6066356224,424738816
205,1771996257602,3204,3204,3204,3204,3204,3204,3204,3204,25,25,28.571430206298828,23.809524536132813,4.761904716491699,4.761904716491699,4.761904716491699,5,5.530753135681152,8589934592,2147483648,6068994048,424738816
204,1771996257808,3204,3204,3204,3204,3204,3204,3204,3204,27.272727966308594,23.809524536132813,25,20,0,0,0,0,5.530753135681152,8589934592,2147483648,6068994048,424738816
203,1771996258014,3204,3204,3204,3204,3204,3204,3204,3204,21.052631378173828,20,15.000000953674316,31.81818199157715,4.761904716491699,0,0,4.761904716491699,5.530753135681152,8589934592,2147483648,6069796864,424738816
206,1771996258218,3204,3204,3204,3204,3204,3204,3204,3204,25,23.809524536132813,19.047618865966797,26.3157901763916,0,4.761904716491699,4.761904716491699,0,5.039395809173584,8589934592,2147483648,6069796864,424738816
209,1771996258425,3204,3204,3204,3204,3204,3204,3204,3204,25,31.57894515991211,19.047618865966797,15.000000953674316,0,0,0,0,5.039395809173584,8589934592,2147483648,6065651712,424738816
202,1771996258635,3204,3204,3204,3204,3204,3204,3204,3204,22.72727394104004,36.3636360168457,15.000000953674316,18.18181800842285,0,0,0,0,5.039395809173584,8589934592,2147483648,6065389568,424738816
208,1771996258838,3204,3204,3204,3204,3204,3204,3204,3204,25,25,30.000001907348633,15.000000953674316,5,4.761904716491699,0,0,5.039395809173584,8589934592,2147483648,6064668672,424738816
209,1771996259046,3204,3204,3204,3204,3204,3204,3204,3204,36.3636360168457,28.571430206298828,33.333335876464844,19.047618865966797,0,0,0,0,5.039395809173584,8589934592,2147483648,6065504256,424738816
201,1771996259256,3204,3204,3204,3204,3204,3204,3204,3204,30.000001907348633,33.333335876464844,33.333335876464844,23.809524536132813,9.523809432983398,0,13.636363983154297,4.545454502105713,5.255395889282227,8589934592,2147483648,6065504256,424738816
208,1771996259458,3204,3204,3204,3204,3204,3204,3204,3204,25,30.000001907348633,25,30.000001907348633,30.000001907348633,30.000001907348633,4.761904716491699,0,5.255395889282227,8589934592,2147483648,6066356224,424738816
205,1771996259667,3204,3204,3204,3204,3204,3204,3204,3204,25,19.047618865966797,27.272727966308594,14.285715103149414,0,13.636363983154297,0,0,5.255395889282227,8589934592,2147483648,6063652864,424738816
202,1771996259873,3204,3204,3204,3204,3204,3204,3204,3204,33.333335876464844,25,15.000000953674316,19.047618865966797,4.761904716491699,4.761904716491699,0,4.761904716491699,5.255395889282227,8589934592,2147483648,6063259648,424738816
205,1771996260075,3204,3204,3204,3204,3204,3204,3204,3204,28.571430206298828,33.333335876464844,30.000001907348633,15.000000953674316,4.761904716491699,0,4.761904716491699,4.761904716491699,5.255395889282227,8589934592,2147483648,6071418880,424738816
201,1771996260281,3204,3204,3204,3204,3204,3204,3204,3204,26.3157901763916,20,25,19.047618865966797,0,0,0,0,5.836380958557129,8589934592,2147483648,6071582720,424738816
202,1771996260484,3204,3204,3204,3204,3204,3204,3204,3204,57.142860412597656,50,45,31.57894515991211,9.523809432983398,4.761904716491699,0,4.761904716491699,5.836380958557129,8589934592,2147483648,6075826176,424738816
202,1771996260686,3204,3204,3204,3204,3204,3204,3204,3204,45,40,45,42.105262756347656,0,0,0,0,5.836380958557129,8589934592,2147483648,6075416576,424738816
201,1771996260889,3204,3204,3204,3204,3204,3204,3204,3204,45,42.85714340209961,35,40.90909194946289,0,0,0,0,5.836380958557129,8589934592,2147483648,6074777600,424738816
204,1771996261091,3204,3204,3204,3204,3204,3204,3204,3204,52.6315803527832,36.842105865478516,38.095237731933594,36.842105865478516,5,5,5,0,5.836380958557129,8589934592,2147483648,6076710912,424738816
205,1771996261296,3204,3204,3204,3204,3204,3204,3204,3204,52.38095474243164,35,35,25,9.523809432983398,9.090909004211426,0,4.545454502105713,4.858928203582764,8589934592,2147483648,6077612032,424738816
202,1771996261502,3204,3204,3204,3204,3204,3204,3204,3204,55,52.38095474243164,40,42.85714340209961,30.000001907348633,10.526315689086914,13.636363983154297,0,4.858928203582764,8589934592,2147483648,6077562880,424738816
202,1771996261705,3204,3204,3204,3204,3204,3204,3204,3204,50,45,40,35,0,5,0,0,4.858928203582764,8589934592,2147483648,6077595648,424738816
208,1771996261907,3204,3204,3204,3204,3204,3204,3204,3204,50,45,38.095237731933594,33.333335876464844,5,9.090909004211426,0,0,4.858928203582764,8589934592,2147483648,6077366272,424738816
206,1771996262116,3204,3204,3204,3204,3204,3204,3204,3204,57.142860412597656,52.38095474243164,40,40,4.545454502105713,0,0,0,4.858928203582764,8589934592,2147483648,6078562304,424738816
208,1771996262324,3204,3204,3204,3204,3204,3204,3204,3204,57.894737243652344,35,25,14.285715103149414,28.571430206298828,9.523809432983398,5,5,5.218816757202148,8589934592,2147483648,6077448192,424738816
204,1771996262532,3204,3204,3204,3204,3204,3204,3204,3204,50,47.619049072265625,31.81818199157715,33.333335876464844,0,0,4.545454502105713,0,5.218816757202148,8589934592,2147483648,6079692800,424738816
209,1771996262737,3204,3204,3204,3204,3204,3204,3204,3204,47.36842346191406,35,35,26.3157901763916,0,4.761904716491699,0,4.761904716491699,5.218816757202148,8589934592,2147483648,6079250432,424738816
202,1771996262947,3204,3204,3204,3204,3204,3204,3204,3204,31.81818199157715,19.047618865966797,19.047618865966797,14.285715103149414,0,0,0,0,5.218816757202148,8589934592,2147483648,6078660608,424738816
201,1771996263150,3204,3204,3204,3204,3204,3204,3204,3204,25,25,20,36.3636360168457,4.761904716491699,0,0,0,5.30331563949585,8589934592,2147483648,6078873600,424738816
202,1771996263352,3204,3204,3204,3204,3204,3204,3204,3204,30.000001907348633,28.571430206298828,25,21.052631378173828,0,0,0,0,5.30331563949585,8589934592,2147483648,6078873600,424738816
201,1771996263554,3204,3204,3204,3204,3204,3204,3204,3204,30.000001907348633,31.57894515991211,35,45,10,9.523809432983398,14.285715103149414,9.523809432983398,5.30331563949585,8589934592,2147483648,6083084288,424738816
209,1771996263756,3204,3204,3204,3204,3204,3204,3204,3204,33.333335876464844,28.571430206298828,21.052631378173828,25,30.000001907348633,10,0,4.761904716491699,5.30331563949585,8589934592,2147483648,6071369728,424738816
209,1771996263966,3204,3204,3204,3204,3204,3204,3204,3204,19.047618865966797,19.047618865966797,23.809524536132813,28.571430206298828,4.761904716491699,4.761904716491699,4.761904716491699,4.761904716491699,5.30331563949585,8589934592,2147483648,6073745408,424738816
205,1771996264177,3204,3204,3204,3204,3204,3204,3204,3204,30.000001907348633,28.571430206298828,18.18181800842285,20,4.761904716491699,0,0,0,5.942668914794922,8589934592,2147483648,6107906048,424738816
207,1771996264383,3204,3204,3204,3204,3204,3204,3204,3204,33.333335876464844,30.000001907348633,23.809524536132813,19.047618865966797,0,4.761904716491699,0,0,5.942668914794922,8589934592,2147483648,6107611136,424738816
209,1771996264591,3204,3204,3204,3204,3204,3204,3204,3204,21.052631378173828,25,15.789472579956055,18.18181800842285,15.000000953674316,19.047618865966797,4.761904716491699,0,5.942668914794922,8589934592,2147483648,6109888512,424738816
209,1771996264801,3204,3204,3204,3204,3204,3204,3204,3204,31.81818199157715,27.272727966308594,19.047618865966797,14.285715103149414,4.761904716491699,4.761904716491699,4.761904716491699,4.761904716491699,5.942668914794922,8589934592,2147483648,6109511680,424738816
205,1771996265011,3204,3204,3204,3204,3204,3204,3204,3204,23.809524536132813,30.000001907348633,19.047618865966797,15.000000953674316,0,0,0,0,5.942668914794922,8589934592,2147483648,6110068736,424738816
203,1771996265217,3204,3204,3204,3204,3204,3204,3204,3204,28.571430206298828,33.333335876464844,22.72727394104004,19.047618865966797,0,0,0,0,5.278451919555664,8589934592,2147483648,6109249536,424738816
203,1771996265421,3204,3204,3204,3204,3204,3204,3204,3204,35,47.619049072265625,35,35,33.333335876464844,30.000001907348633,30.000001907348633,28.571430206298828,5.278451919555664,8589934592,2147483648,6109249536,424738816
209,1771996265625,3204,3204,3204,3204,3204,3204,3204,3204,25,21.052631378173828,15.000000953674316,15.000000953674316,4.761904716491699,0,0,0,5.278451919555664,8589934592,2147483648,6087737344,424738816
209,1771996265835,3204,3204,3204,3204,3204,3204,3204,3204,28.571430206298828,28.571430206298828,23.809524536132813,31.81818199157715,27.272727966308594,22.72727394104004,0,4.761904716491699,5.278451919555664,8589934592,2147483648,6085820416,424738816
206,1771996266045,3204,3204,3204,3204,3204,3204,3204,3204,38.095237731933594,47.619049072265625,33.333335876464844,35,25,28.571430206298828,28.571430206298828,20,5.278451919555664,8589934592,2147483648,6089621504,424738816
209,1771996266252,3204,3204,3204,3204,3204,3204,3204,3204,15.789472579956055,23.809524536132813,5,4.761904716491699,5,5,4.761904716491699,4.761904716491699,5.196657180786133,8589934592,2147483648,6090047488,424738816
204,1771996266462,3204,3204,3204,3204,3204,3204,3204,3204,26.086956024169922,30.000001907348633,22.72727394104004,19.047618865966797,0,0,0,0,5.196657180786133,8589934592,2147483648,6089539584,424738816
201,1771996266667,3204,3204,3204,3204,3204,3204,3204,3204,36.842105865478516,28.571430206298828,20,15.000000953674316,0,0,0,0,5.196657180786133,8589934592,2147483648,6090571776,424738816
202,1771996266868,3204,3204,3204,3204,3204,3204,3204,3204,25,25,20,23.809524536132813,5,4.761904716491699,4.761904716491699,4.761904716491699,5.196657180786133,8589934592,2147483648,6090096640,424738816
200,1771996267071,3204,3204,3204,3204,3204,3204,3204,3204,28.571430206298828,28.571430206298828,25,20,0,0,0,0,5.196657180786133,8589934592,2147483648,6090801152,424738816
209,1771996267272,3204,3204,3204,3204,3204,3204,3204,3204,21.052631378173828,21.052631378173828,15.000000953674316,10.526315689086914,10.526315689086914,10.526315689086914,0,4.761904716491699,4.8937296867370605,8589934592,2147483648,6092800000,424738816
201,1771996267482,3204,3204,3204,3204,3204,3204,3204,3204,18.18181800842285,22.72727394104004,14.285715103149414,14.285715103149414,9.523809432983398,9.090909004211426,4.761904716491699,4.761904716491699,4.8937296867370605,8589934592,2147483648,6092718080,424738816
203,1771996267684,3204,3204,3204,3204,3204,3204,3204,3204,26.3157901763916,21.052631378173828,21.052631378173828,28.571430206298828,0,0,0,0,4.8937296867370605,8589934592,2147483648,6084116480,424738816
202,1771996267888,3204,3204,3204,3204,3204,3204,3204,3204,38.095237731933594,23.809524536132813,27.272727966308594,20,19.047618865966797,15.789472579956055,0,0,4.8937296867370605,8589934592,2147483648,6093930496,424738816
206,1771996268091,3204,3204,3204,3204,3204,3204,3204,3204,30.000001907348633,25,21.052631378173828,26.3157901763916,10,18.18181800842285,4.761904716491699,0,4.8937296867370605,8589934592,2147483648,6081904640,424738816
207,1771996268298,3204,3204,3204,3204,3204,3204,3204,3204,28.571430206298828,23.809524536132813,22.72727394104004,22.72727394104004,4.761904716491699,0,0,0,6.156477928161621,8589934592,2147483648,6077530112,424738816
202,1771996268506,3204,3204,3204,3204,3204,3204,3204,3204,25,26.3157901763916,20,14.285715103149414,0,4.761904716491699,4.761904716491699,4.761904716491699,6.156477928161621,8589934592,2147483648,6077562880,424738816
207,1771996268709,3204,3204,3204,3204,3204,3204,3204,3204,30.000001907348633,31.81818199157715,25,25,4.761904716491699,0,0,0,6.156477928161621,8589934592,2147483648,6077972480,424738816
208,1771996268918,3204,3204,3204,3204,3204,3204,3204,3204,28.571430206298828,20,15.000000953674316,23.809524536132813,4.761904716491699,4.761904716491699,4.545454502105713,4.761904716491699,6.156477928161621,8589934592,2147483648,6077612032,424738816
208,1771996269126,3204,3204,3204,3204,3204,3204,3204,3204,42.85714340209961,47.619049072265625,42.85714340209961,30.000001907348633,5,0,4.761904716491699,4.761904716491699,6.156477928161621,8589934592,2147483648,6077612032,424738816
207,1771996269335,3204,3204,3204,3204,3204,3204,3204,3204,28.571430206298828,19.047618865966797,22.72727394104004,15.000000953674316,4.761904716491699,9.523809432983398,4.761904716491699,4.761904716491699,4.8199920654296875,8589934592,2147483648,6077612032,424738816
208,1771996269542,3204,3204,3204,3204,3204,3204,3204,3204,20,25,30.000001907348633,22.72727394104004,9.090909004211426,23.809524536132813,0,0,4.8199920654296875,8589934592,2147483648,6077612032,424738816
209,1771996269752,3204,3204,3204,3204,3204,3204,3204,3204,57.142860412597656,40.90909194946289,28.571430206298828,23.809524536132813,0,4.761904716491699,0,0,4.8199920654296875,8589934592,2147483648,6055133184,424738816
209,1771996269962,3204,3204,3204,3204,3204,3204,3204,3204,33.333335876464844,36.842105865478516,28.571430206298828,35,14.285715103149414,0,0,0,4.8199920654296875,8589934592,2147483648,6065340416,424738816
209,1771996270172,3204,3204,3204,3204,3204,3204,3204,3204,25,27.272727966308594,25,23.809524536132813,20,22.72727394104004,9.523809432983398,4.545454502105713,5.256020545959473,8589934592,2147483648,6054232064,424738816
201,1771996270382,3204,3204,3204,3204,3204,3204,3204,3204,34.78260803222656,33.333335876464844,19.047618865966797,14.285715103149414,4.545454502105713,0,0,0,5.256020545959473,8589934592,2147483648,6054445056,424738816
207,1771996270584,3204,3204,3204,3204,3204,3204,3204,3204,20,40,23.809524536132813,19.047618865966797,0,5,5,0,5.256020545959473,8589934592,2147483648,6054445056,424738816
209,1771996270792,3204,3204,3204,3204,3204,3204,3204,3204,15.789472579956055,28.571430206298828,20,20,4.761904716491699,0,0,0,5.256020545959473,8589934592,2147483648,6058688512,424738816
203,1771996271002,3204,3204,3204,3204,3204,3204,3204,3204,33.333335876464844,25,33.333335876464844,20,4.761904716491699,5,4.761904716491699,4.761904716491699,5.256020545959473,8589934592,2147483648,6058704896,424738816
209,1771996271206,3204,3204,3204,3204,3204,3204,3204,3204,28.571430206298828,35,25,19.047618865966797,5,4.761904716491699,0,4.761904716491699,5.0019707679748535,8589934592,2147483648,6058147840,424738816
207,1771996271416,3204,3204,3204,3204,3204,3204,3204,3204,20,33.333335876464844,19.047618865966797,14.285715103149414,4.761904716491699,4.761904716491699,4.761904716491699,0,5.0019707679748535,8589934592,2147483648,6058246144,424738816
209,1771996271624,3204,3204,3204,3204,3204,3204,3204,3204,23.809524536132813,31.81818199157715,23.809524536132813,19.047618865966797,4.545454502105713,0,0,0,5.0019707679748535,8589934592,2147483648,6058246144,424738816
200,1771996271834,3204,3204,3204,3204,3204,3204,3204,3204,28.571430206298828,30.000001907348633,23.809524536132813,19.047618865966797,5,9.090909004211426,0,4.545454502105713,5.0019707679748535,8589934592,2147483648,6060949504,424738816
201,1771996272035,3204,3204,3204,3204,3204,3204,3204,3204,20,25,28.571430206298828,20,0,0,0,0,5.0019707679748535,8589934592,2147483648,6055428096,424738816
209,1771996272237,3204,3204,3204,3204,3204,3204,3204,3204,40,33.333335876464844,31.57894515991211,25,30.000001907348633,15.000000953674316,9.523809432983398,0,5.314445972442627,8589934592,2147483648,6057377792,424738816
207,1771996272447,3204,3204,3204,3204,3204,3204,3204,3204,9.523809432983398,5,22.72727394104004,9.523809432983398,14.285715103149414,25,4.761904716491699,4.761904716491699,5.314445972442627,8589934592,2147483648,6064537600,424738816
202,1771996272655,3204,3204,3204,3204,3204,3204,3204,3204,30.000001907348633,23.809524536132813,30.000001907348633,19.047618865966797,0,0,0,0,5.314445972442627,8589934592,2147483648,6065012736,424738816
202,1771996272858,3204,3204,3204,3204,3204,3204,3204,3204,30.000001907348633,30.000001907348633,25,15.789472579956055,0,0,0,0,5.314445972442627,8589934592,2147483648,6065356800,424738816
207,1771996273061,3204,3204,3204,3204,3204,3204,3204,3204,19.047618865966797,35,20,14.285715103149414,0,0,0,0,5.314445972442627,8589934592,2147483648,6065356800,424738816
206,1771996273268,3204,3204,3204,3204,3204,3204,3204,3204,30.000001907348633,25,25,19.047618865966797,4.761904716491699,0,4.545454502105713,0,5.064080715179443,8589934592,2147483648,6067978240,424738816
207,1771996273475,3204,3204,3204,3204,3204,3204,3204,3204,28.571430206298828,15.000000953674316,33.333335876464844,14.285715103149414,0,0,0,0,5.064080715179443,8589934592,2147483648,6065143808,424738816
208,1771996273683,3204,3204,3204,3204,3204,3204,3204,3204,23.809524536132813,27.272727966308594,23.809524536132813,30.000001907348633,5,9.090909004211426,4.761904716491699,4.761904716491699,5.064080715179443,8589934592,2147483648,6065143808,424738816
206,1771996273892,3204,3204,3204,3204,3204,3204,3204,3204,33.333335876464844,20,19.047618865966797,23.809524536132813,4.545454502105713,4.545454502105713,0,0,5.064080715179443,8589934592,2147483648,6065405952,424738816
200,1771996274099,3204,3204,3204,3204,3204,3204,3204,3204,30.000001907348633,23.809524536132813,15.000000953674316,30.000001907348633,14.285715103149414,5,5,4.761904716491699,5.064080715179443,8589934592,2147483648,6063407104,424738816
205,1771996274300,3204,3204,3204,3204,3204,3204,3204,3204,35,20,23.809524536132813,25,15.000000953674316,21.052631378173828,14.285715103149414,10,5.088343143463135,8589934592,2147483648,6070566912,424738816
200,1771996274505,3204,3204,3204,3204,3204,3204,3204,3204,30.000001907348633,28.571430206298828,25,15.000000953674316,15.000000953674316,42.85714340209961,4.761904716491699,0,5.088343143463135,8589934592,2147483648,6055051264,424738816
202,1771996274706,3204,3204,3204,3204,3204,3204,3204,3204,23.809524536132813,25,26.3157901763916,19.047618865966797,0,0,0,0,5.088343143463135,8589934592,2147483648,6057312256,424738816
206,1771996274909,3204,3204,3204,3204,3204,3204,3204,3204,21.052631378173828,20,19.047618865966797,28.571430206298828,0,0,0,0,5.088343143463135,8589934592,2147483648,6057410560,424738816
207,1771996275116,3204,3204,3204,3204,3204,3204,3204,3204,27.272727966308594,20,19.047618865966797,26.3157901763916,0,0,0,0,5.088343143463135,8589934592,2147483648,6056083456,424738816
209,1771996275325,3204,3204,3204,3204,3204,3204,3204,3204,25,23.809524536132813,23.809524536132813,27.272727966308594,0,0,0,0,5.135746955871582,8589934592,2147483648,6057164800,424738816
205,1771996275535,3204,3204,3204,3204,3204,3204,3204,3204,38.095237731933594,19.047618865966797,15.000000953674316,14.285715103149414,4.761904716491699,4.761904716491699,0,4.545454502105713,5.135746955871582,8589934592,2147483648,6056968192,424738816
209,1771996275742,3204,3204,3204,3204,3204,3204,3204,3204,35,23.809524536132813,23.809524536132813,15.000000953674316,0,0,0,0,5.135746955871582,8589934592,2147483648,6057213952,424738816
209,1771996275952,3204,3204,3204,3204,3204,3204,3204,3204,27.272727966308594,25,20,19.047618865966797,0,0,0,0,5.135746955871582,8589934592,2147483648,6057181184,424738816
209,1771996276162,3204,3204,3204,3204,3204,3204,3204,3204,23.809524536132813,38.095237731933594,22.72727394104004,14.285715103149414,0,0,0,0,4.979207992553711,8589934592,2147483648,6056951808,424738816
208,1771996276372,3204,3204,3204,3204,3204,3204,3204,3204,35,23.809524536132813,25,15.000000953674316,0,0,0,0,4.979207992553711,8589934592,2147483648,6056968192,424738816
202,1771996276581,3204,3204,3204,3204,3204,3204,3204,3204,33.333335876464844,28.571430206298828,23.809524536132813,19.047618865966797,27.272727966308594,23.809524536132813,4.761904716491699,4.761904716491699,4.979207992553711,8589934592,2147483648,6054543360,424738816
209,1771996276784,3204,3204,3204,3204,3204,3204,3204,3204,31.57894515991211,25,25,15.000000953674316,0,0,0,0,4.979207992553711,8589934592,2147483648,6054543360,424738816
205,1771996276994,3204,3204,3204,3204,3204,3204,3204,3204,27.272727966308594,28.571430206298828,14.285715103149414,19.047618865966797,4.761904716491699,9.090909004211426,4.761904716491699,4.761904716491699,4.979207992553711,8589934592,2147483648,6056460288,424738816
207,1771996277200,3204,3204,3204,3204,3204,3204,3204,3204,30.000001907348633,20,30.000001907348633,19.047618865966797,4.761904716491699,0,4.545454502105713,0,5.338218688964844,8589934592,2147483648,6056771584,424738816
209,1771996277408,3204,3204,3204,3204,3204,3204,3204,3204,14.285715103149414,19.047618865966797,22.72727394104004,4.761904716491699,5.263157844543457,23.809524536132813,5,9.090909004211426,5.338218688964844,8589934592,2147483648,6060081152,424738816
208,1771996277619,3204,3204,3204,3204,3204,3204,3204,3204,19.047618865966797,19.047618865966797,28.571430206298828,14.285715103149414,9.090909004211426,5,4.761904716491699,0,5.338218688964844,8589934592,2147483648,6060081152,424738816
205,1771996277828,3204,3204,3204,3204,3204,3204,3204,3204,28.571430206298828,25,23.809524536132813,28.571430206298828,4.761904716491699,0,0,4.545454502105713,5.338218688964844,8589934592,2147483648,6060081152,424738816
207,1771996278034,3204,3204,3204,3204,3204,3204,3204,3204,15.000000953674316,23.809524536132813,20,35,4.761904716491699,4.761904716491699,4.545454502105713,0,5.338218688964844,8589934592,2147483648,6060097536,424738816
207,1771996278242,3204,3204,3204,3204,3204,3204,3204,3204,25,19.047618865966797,20,23.809524536132813,10,14.285715103149414,9.523809432983398,4.761904716491699,4.701473712921143,8589934592,2147483648,6060179456,424738816
204,1771996278450,3204,3204,3204,3204,3204,3204,3204,3204,28.571430206298828,28.571430206298828,23.809524536132813,19.047618865966797,0,0,0,0,4.701473712921143,8589934592,2147483648,6060228608,424738816
207,1771996278655,3204,3204,3204,3204,3204,3204,3204,3204,33.333335876464844,30.000001907348633,28.571430206298828,25,28.571430206298828,10.526315689086914,5,9.523809432983398,4.701473712921143,8589934592,2147483648,6052380672,424738816
203,1771996278863,3204,3204,3204,3204,3204,3204,3204,3204,20,25,33.333335876464844,22.72727394104004,9.523809432983398,13.636363983154297,4.761904716491699,9.090909004211426,4.701473712921143,8589934592,2147483648,6052265984,424738816
207,1771996279067,3204,3204,3204,3204,3204,3204,3204,3204,28.571430206298828,25,20,35,0,0,0,0,4.701473712921143,8589934592,2147483648,6052380672,424738816
199,1771996279275,3204,3204,3204,3204,3204,3204,3204,3204,19.047618865966797,23.809524536132813,20,30.000001907348633,0,0,0,0,5.063803195953369,8589934592,2147483648,6069223424,424738816
210,1771996279475,3204,3204,3204,3204,3204,3204,3204,3204,30.000001907348633,30.000001907348633,35,25,40,38.095237731933594,30.000001907348633,26.3157901763916,5.063803195953369,8589934592,2147483648,6087491584,424738816
209,1771996279686,3204,3204,3204,3204,3204,3204,3204,3204,15.000000953674316,33.333335876464844,19.047618865966797,14.285715103149414,4.545454502105713,10,0,0,5.063803195953369,8589934592,2147483648,6085296128,424738816
205,1771996279896,3204,3204,3204,3204,3204,3204,3204,3204,28.571430206298828,27.272727966308594,23.809524536132813,19.047618865966797,0,4.761904716491699,0,4.545454502105713,5.063803195953369,8589934592,2147483648,6085410816,424738816
204,1771996280102,3204,3204,3204,3204,3204,3204,3204,3204,28.571430206298828,33.333335876464844,23.809524536132813,15.000000953674316,4.761904716491699,4.761904716491699,4.761904716491699,0,5.063803195953369,8589934592,2147483648,6086000640,424738816
201,1771996280307,3204,3204,3204,3204,3204,3204,3204,3204,35,21.052631378173828,20,20,0,0,0,0,4.99237585067749,8589934592,2147483648,6085967872,424738816
205,1771996280509,3204,3204,3204,3204,3204,3204,3204,3204,30.000001907348633,20,15.000000953674316,19.047618865966797,0,0,0,0,4.99237585067749,8589934592,2147483648,6085820416,424738816
209,1771996280715,3204,3204,3204,3204,3204,3204,3204,3204,38.095237731933594,33.333335876464844,28.571430206298828,20,9.523809432983398,9.523809432983398,0,5,4.99237585067749,8589934592,2147483648,6094405632,424738816
207,1771996280925,3204,3204,3204,3204,3204,3204,3204,3204,33.333335876464844,25,25,19.047618865966797,23.809524536132813,13.636363983154297,4.545454502105713,4.545454502105713,4.99237585067749,8589934592,2147483648,6073827328,424738816
200,1771996281133,3204,3204,3204,3204,3204,3204,3204,3204,26.3157901763916,19.047618865966797,22.72727394104004,14.285715103149414,4.761904716491699,0,4.761904716491699,0,5.342103958129883,8589934592,2147483648,6073188352,424738816
209,1771996281335,3204,3204,3204,3204,3204,3204,3204,3204,33.333335876464844,28.571430206298828,21.052631378173828,20,0,0,0,0,5.342103958129883,8589934592,2147483648,6071091200,424738816
205,1771996281544,3204,3204,3204,3204,3204,3204,3204,3204,33.333335876464844,28.571430206298828,19.047618865966797,10,0,0,0,0,5.342103958129883,8589934592,2147483648,6070910976,424738816
201,1771996281750,3204,3204,3204,3204,3204,3204,3204,3204,25,15.789472579956055,28.571430206298828,22.72727394104004,0,0,0,0,5.342103958129883,8589934592,2147483648,6069239808,424738816
201,1771996281952,3204,3204,3204,3204,3204,3204,3204,3204,42.85714340209961,28.571430206298828,23.809524536132813,15.789472579956055,5,5,4.761904716491699,5,5.342103958129883,8589934592,2147483648,6069207040,424738816
208,1771996282154,3204,3204,3204,3204,3204,3204,3204,3204,30.000001907348633,20,15.789472579956055,15.000000953674316,4.761904716491699,9.090909004211426,0,0,5.35357141494751,8589934592,2147483648,6056853504,424738816
204,1771996282363,3204,3204,3204,3204,3204,3204,3204,3204,33.333335876464844,28.571430206298828,19.047618865966797,18.18181800842285,14.285715103149414,4.761904716491699,0,0,5.35357141494751,8589934592,2147483648,6054510592,424738816
201,1771996282569,3204,3204,3204,3204,3204,3204,3204,3204,25,14.285715103149414,10,9.523809432983398,9.523809432983398,5,4.761904716491699,4.761904716491699,5.35357141494751,8589934592,2147483648,6058393600,424738816
209,1771996282771,3204,3204,3204,3204,3204,3204,3204,3204,31.57894515991211,30.000001907348633,25,15.789472579956055,0,5,5,0,5.35357141494751,8589934592,2147483648,6060294144,424738816
201,1771996282981,3204,3204,3204,3204,3204,3204,3204,3204,38.095237731933594,30.000001907348633,31.81818199157715,23.809524536132813,30.000001907348633,9.523809432983398,4.761904716491699,4.545454502105713,5.35357141494751,8589934592,2147483648,6056345600,424738816
208,1771996283183,3204,3204,3204,3204,3204,3204,3204,3204,30.000001907348633,25,15.000000953674316,15.000000953674316,0,5,0,0,5.135609149932861,8589934592,2147483648,6056378368,424738816
208,1771996283392,3204,3204,3204,3204,3204,3204,3204,3204,27.272727966308594,19.047618865966797,20,38.095237731933594,4.761904716491699,4.761904716491699,4.761904716491699,0,5.135609149932861,8589934592,2147483648,6060523520,424738816
207,1771996283600,3204,3204,3204,3204,3204,3204,3204,3204,38.095237731933594,28.571430206298828,28.571430206298828,19.047618865966797,0,0,0,0,5.135609149932861,8589934592,2147483648,6060326912,424738816
200,1771996283808,3204,3204,3204,3204,3204,3204,3204,3204,28.571430206298828,38.095237731933594,23.809524536132813,19.047618865966797,0,0,0,0,5.135609149932861,8589934592,2147483648,6054526976,424738816
207,1771996284008,3204,3204,3204,3204,3204,3204,3204,3204,15.789472579956055,25,35,15.000000953674316,9.523809432983398,9.523809432983398,5,5,5.135609149932861,8589934592,2147483648,6054690816,424738816
207,1771996284217,3204,3204,3204,3204,3204,3204,3204,3204,33.333335876464844,20,25,23.809524536132813,0,0,0,0,4.7264323234558105,8589934592,2147483648,6054313984,424738816
206,1771996284424,3204,3204,3204,3204,3204,3204,3204,3204,23.809524536132813,20,28.571430206298828,15.000000953674316,4.545454502105713,0,0,0,4.7264323234558105,8589934592,2147483648,6053363712,424738816
209,1771996284631,3204,3204,3204,3204,3204,3204,3204,3204,35,22.72727394104004,19.047618865966797,15.000000953674316,25,10,4.545454502105713,0,4.7264323234558105,8589934592,2147483648,6051823616,424738816
200,1771996284841,3204,3204,3204,3204,3204,3204,3204,3204,33.333335876464844,19.047618865966797,23.809524536132813,14.285715103149414,0,0,0,0,4.7264323234558105,8589934592,2147483648,6054789120,424738816
209,1771996285042,3204,3204,3204,3204,3204,3204,3204,3204,45,26.3157901763916,25,20,15.789472579956055,15.000000953674316,0,5,4.7264323234558105,8589934592,2147483648,6064799744,424738816
209,1771996285252,3204,3204,3204,3204,3204,3204,3204,3204,20,30.000001907348633,20,19.047618865966797,22.72727394104004,9.523809432983398,4.761904716491699,0,5.062923908233643,8589934592,2147483648,6052429824,424738816
209,1771996285462,3204,3204,3204,3204,3204,3204,3204,3204,31.81818199157715,40.90909194946289,23.809524536132813,18.18181800842285,0,0,0,4.545454502105713,5.062923908233643,8589934592,2147483648,6054494208,424738816
204,1771996285672,3204,3204,3204,3204,3204,3204,3204,3204,28.571430206298828,27.272727966308594,19.047618865966797,23.809524536132813,4.545454502105713,9.090909004211426,0,4.545454502105713,5.062923908233643,8589934592,2147483648,6054641664,424738816
207,1771996285877,3204,3204,3204,3204,3204,3204,3204,3204,25,26.3157901763916,19.047618865966797,20,5,4.761904716491699,4.761904716491699,0,5.062923908233643,8589934592,2147483648,6055247872,424738816
202,1771996286085,3204,3204,3204,3204,3204,3204,3204,3204,23.809524536132813,23.809524536132813,25,20,0,0,0,0,5.062923908233643,8589934592,2147483648,6054838272,424738816
200,1771996286288,3204,3204,3204,3204,3204,3204,3204,3204,25,20,28.571430206298828,20,5,0,0,4.761904716491699,5.087203025817871,8589934592,2147483648,6055460864,424738816
209,1771996286489,3204,3204,3204,3204,3204,3204,3204,3204,30.000001907348633,25,15.789472579956055,31.57894515991211,5,5,5,0,5.087203025817871,8589934592,2147483648,6054838272,424738816
201,1771996286699,3204,3204,3204,3204,3204,3204,3204,3204,28.571430206298828,23.809524536132813,22.72727394104004,21.7391300201416,0,0,0,0,5.087203025817871,8589934592,2147483648,6054363136,424738816
204,1771996286902,3204,3204,3204,3204,3204,3204,3204,3204,30.000001907348633,30.000001907348633,35,15.000000953674316,0,4.761904716491699,0,4.761904716491699,5.087203025817871,8589934592,2147483648,6055378944,424738816
209,1771996287107,3204,3204,3204,3204,3204,3204,3204,3204,28.571430206298828,20,40,20,5,0,0,0,5.087203025817871,8589934592,2147483648,6058262528,424738816
200,1771996287317,3204,3204,3204,3204,3204,3204,3204,3204,26.3157901763916,27.272727966308594,28.571430206298828,20,23.809524536132813,20,9.523809432983398,0,4.953560829162598,8589934592,2147483648,6055608320,424738816
207,1771996287518,3204,3204,3204,3204,3204,3204,3204,3204,15.000000953674316,15.000000953674316,30.000001907348633,9.523809432983398,15.000000953674316,15.000000953674316,10,4.761904716491699,4.953560829162598,8589934592,2147483648,6060310528,424738816
208,1771996287726,3204,3204,3204,3204,3204,3204,3204,3204,28.571430206298828,25,20,14.285715103149414,13.636363983154297,9.523809432983398,9.523809432983398,5,4.953560829162598,8589934592,2147483648,6060392448,424738816
209,1771996287935,3204,3204,3204,3204,3204,3204,3204,3204,28.571430206298828,28.571430206298828,27.272727966308594,28.571430206298828,4.761904716491699,4.761904716491699,0,4.761904716491699,4.953560829162598,8589934592,2147483648,6063144960,424738816
204,1771996288145,3204,3204,3204,3204,3204,3204,3204,3204,22.72727394104004,14.285715103149414,19.047618865966797,20,0,0,8.69565200805664,0,5.149054527282715,8589934592,2147483648,6062292992,424738816
208,1771996288350,3204,3204,3204,3204,3204,3204,3204,3204,21.052631378173828,20,30.000001907348633,20,4.761904716491699,5,0,0,5.149054527282715,8589934592,2147483648,6063226880,424738816
209,1771996288559,3204,3204,3204,3204,3204,3204,3204,3204,38.095237731933594,23.809524536132813,19.047618865966797,22.72727394104004,4.761904716491699,4.761904716491699,4.761904716491699,4.761904716491699,5.149054527282715,8589934592,2147483648,6062882816,424738816
209,1771996288769,3204,3204,3204,3204,3204,3204,3204,3204,33.333335876464844,23.809524536132813,15.000000953674316,19.047618865966797,0,0,0,0,5.149054527282715,8589934592,2147483648,6054477824,424738816
203,1771996288979,3204,3204,3204,3204,3204,3204,3204,3204,33.333335876464844,33.333335876464844,27.272727966308594,15.000000953674316,4.761904716491699,4.761904716491699,4.761904716491699,4.545454502105713,5.149054527282715,8589934592,2147483648,6056067072,424738816
203,1771996289183,3204,3204,3204,3204,3204,3204,3204,3204,20,31.57894515991211,20,14.285715103149414,0,0,0,0,5.133469581604004,8589934592,2147483648,6056067072,424738816
202,1771996289387,3204,3204,3204,3204,3204,3204,3204,3204,33.333335876464844,40.90909194946289,25,28.571430206298828,25,19.047618865966797,0,0,5.133469581604004,8589934592,2147483648,6054248448,424738816
209,1771996289590,3204,3204,3204,3204,3204,3204,3204,3204,15.000000953674316,21.052631378173828,25,30.000001907348633,19.047618865966797,20,0,5,5.133469581604004,8589934592,2147483648,6051708928,424738816
202,1771996289800,3204,3204,3204,3204,3204,3204,3204,3204,20,23.809524536132813,14.285715103149414,20,0,0,0,4.545454502105713,5.133469581604004,8589934592,2147483648,6051889152,424738816
200,1771996290003,3204,3204,3204,3204,3204,3204,3204,3204,38.095237731933594,25,23.809524536132813,20,14.285715103149414,14.285715103149414,5,0,5.133469581604004,8589934592,2147483648,6054313984,424738816
206,1771996290203,3204,3204,3204,3204,3204,3204,3204,3204,31.57894515991211,20,15.789472579956055,20,0,0,0,0,5.279849529266357,8589934592,2147483648,6053920768,424738816
208,1771996290410,3204,3204,3204,3204,3204,3204,3204,3204,19.047618865966797,31.81818199157715,23.809524536132813,28.571430206298828,0,0,0,0,5.279849529266357,8589934592,2147483648,6054641664,424738816
209,1771996290619,3204,3204,3204,3204,3204,3204,3204,3204,27.272727966308594,21.052631378173828,15.000000953674316,23.809524536132813,0,0,0,0,5.279849529266357,8589934592,2147483648,6054526976,424738816
206,1771996290829,3204,3204,3204,3204,3204,3204,3204,3204,20,38.095237731933594,22.72727394104004,19.047618865966797,0,4.761904716491699,4.761904716491699,0,5.279849529266357,8589934592,2147483648,6054346752,424738816
209,1771996291035,3204,3204,3204,3204,3204,3204,3204,3204,28.571430206298828,23.809524536132813,25,19.047618865966797,9.523809432983398,5,4.761904716491699,9.523809432983398,5.279849529266357,8589934592,2147483648,6056591360,424738816
201,1771996291245,3204,3204,3204,3204,3204,3204,3204,3204,25,19.047618865966797,33.333335876464844,15.000000953674316,4.761904716491699,4.761904716491699,4.761904716491699,0,4.955837249755859,8589934592,2147483648,6056083456,424738816
209,1771996291447,3204,3204,3204,3204,3204,3204,3204,3204,30.000001907348633,33.333335876464844,35,25,20,5,9.523809432983398,5,4.955837249755859,8589934592,2147483648,6067224576,424738816
208,1771996291658,3204,3204,3204,3204,3204,3204,3204,3204,31.81818199157715,30.000001907348633,27.272727966308594,23.809524536132813,23.809524536132813,15.000000953674316,0,0,4.955837249755859,8589934592,2147483648,6053003264,424738816
201,1771996291866,3204,3204,3204,3204,3204,3204,3204,3204,25,19.047618865966797,15.000000953674316,33.333335876464844,9.090909004211426,9.090909004211426,4.761904716491699,4.761904716491699,4.955837249755859,8589934592,2147483648,6056853504,424738816
206,1771996292068,3204,3204,3204,3204,3204,3204,3204,3204,35,28.571430206298828,25,19.047618865966797,0,4.761904716491699,0,4.761904716491699,4.955837249755859,8589934592,2147483648,6056673280,424738816
209,1771996292275,3204,3204,3204,3204,3204,3204,3204,3204,35,15.789472579956055,10,15.000000953674316,4.761904716491699,0,0,0,5.340890407562256,8589934592,2147483648,6055968768,424738816
206,1771996292485,3204,3204,3204,3204,3204,3204,3204,3204,33.333335876464844,19.047618865966797,22.72727394104004,19.047618865966797,10,15.000000953674316,14.285715103149414,4.761904716491699,5.340890407562256,8589934592,2147483648,6058262528,424738816
209,1771996292692,3204,3204,3204,3204,3204,3204,3204,3204,22.72727394104004,15.000000953674316,15.789472579956055,15.000000953674316,0,4.761904716491699,0,0,5.340890407562256,8589934592,2147483648,6058278912,424738816
199,1771996292902,3204,3204,3204,3204,3204,3204,3204,3204,25,27.272727966308594,36.3636360168457,14.285715103149414,4.761904716491699,4.761904716491699,4.545454502105713,4.761904716491699,5.340890407562256,8589934592,2147483648,6058278912,424738816
209,1771996293102,3204,3204,3204,3204,3204,3204,3204,3204,20,19.047618865966797,31.57894515991211,15.000000953674316,0,0,0,0,5.340890407562256,8589934592,2147483648,6058278912,424738816
208,1771996293312,3204,3204,3204,3204,3204,3204,3204,3204,25,20,33.333335876464844,18.18181800842285,4.761904716491699,4.761904716491699,4.761904716491699,0,4.982640266418457,8589934592,2147483648,6058278912,424738816
201,1771996293521,3204,3204,3204,3204,3204,3204,3204,3204,36.3636360168457,28.571430206298828,38.095237731933594,21.052631378173828,28.571430206298828,27.272727966308594,23.809524536132813,23.809524536132813,4.982640266418457,8589934592,2147483648,6062424064,424738816
201,1771996293723,3204,3204,3204,3204,3204,3204,3204,3204,35,30.000001907348633,35,28.571430206298828,25,15.789472579956055,10.526315689086914,4.761904716491699,4.982640266418457,8589934592,2147483648,6057033728,424738816
201,1771996293925,3204,3204,3204,3204,3204,3204,3204,3204,25,25,40,19.047618865966797,4.761904716491699,0,4.761904716491699,5,4.982640266418457,8589934592,2147483648,6062505984,424738816
208,1771996294127,3204,3204,3204,3204,3204,3204,3204,3204,30.000001907348633,25,23.809524536132813,15.000000953674316,10,14.285715103149414,0,0,4.982640266418457,8589934592,2147483648,6063292416,424738816
206,1771996294335,3204,3204,3204,3204,3204,3204,3204,3204,25,20,25,15.000000953674316,4.761904716491699,0,4.761904716491699,0,5.2080817222595215,8589934592,2147483648,6062260224,424738816
209,1771996294542,3204,3204,3204,3204,3204,3204,3204,3204,22.72727394104004,23.809524536132813,33.333335876464844,19.047618865966797,19.047618865966797,19.047618865966797,9.090909004211426,5,5.2080817222595215,8589934592,2147483648,6061031424,424738816
200,1771996294752,3204,3204,3204,3204,3204,3204,3204,3204,15.000000953674316,33.333335876464844,14.285715103149414,10,0,0,0,0,5.2080817222595215,8589934592,2147483648,6060998656,424738816
204,1771996294953,3204,3204,3204,3204,3204,3204,3204,3204,20,30.000001907348633,20,19.047618865966797,4.761904716491699,5,0,4.761904716491699,5.2080817222595215,8589934592,2147483648,6063243264,424738816
203,1771996295158,3204,3204,3204,3204,3204,3204,3204,3204,20,28.571430206298828,23.809524536132813,15.000000953674316,0,0,0,0,4.942685604095459,8589934592,2147483648,6063030272,424738816
205,1771996295363,3204,3204,3204,3204,3204,3204,3204,3204,23.809524536132813,26.3157901763916,20,10,0,0,0,0,4.942685604095459,8589934592,2147483648,6062604288,424738816
199,1771996295569,3204,3204,3204,3204,3204,3204,3204,3204,15.000000953674316,23.809524536132813,23.809524536132813,28.571430206298828,5,4.761904716491699,5,0,4.942685604095459,8589934592,2147483648,6063079424,424738816
204,1771996295769,3204,3204,3204,3204,3204,3204,3204,3204,25,35,31.57894515991211,20,10,10.526315689086914,5,0,4.942685604095459,8589934592,2147483648,6073614336,424738816
204,1771996295974,3204,3204,3204,3204,3204,3204,3204,3204,42.105262756347656,20,23.809524536132813,20,15.000000953674316,9.523809432983398,5,4.761904716491699,4.942685604095459,8589934592,2147483648,6062178304,424738816
205,1771996296179,3204,3204,3204,3204,3204,3204,3204,3204,27.272727966308594,30.000001907348633,20,23.809524536132813,9.523809432983398,9.523809432983398,4.761904716491699,0,5.667148590087891,8589934592,2147483648,6062243840,424738816
205,1771996296385,3204,3204,3204,3204,3204,3204,3204,3204,28.571430206298828,33.333335876464844,23.809524536132813,20,4.761904716491699,4.761904716491699,0,0,5.667148590087891,8589934592,2147483648,6062243840,424738816
209,1771996296591,3204,3204,3204,3204,3204,3204,3204,3204,15.789472579956055,28.571430206298828,30.000001907348633,19.047618865966797,0,0,0,0,5.667148590087891,8589934592,2147483648,6062440448,424738816
207,1771996296801,3204,3204,3204,3204,3204,3204,3204,3204,33.333335876464844,20,23.809524536132813,19.047618865966797,0,0,0,4.761904716491699,5.667148590087891,8589934592,2147483648,6062014464,424738816
209,1771996297009,3204,3204,3204,3204,3204,3204,3204,3204,38.095237731933594,23.809524536132813,20,19.047618865966797,0,0,0,0,5.667148590087891,8589934592,2147483648,6062456832,424738816
205,1771996297219,3204,3204,3204,3204,3204,3204,3204,3204,33.333335876464844,22.72727394104004,19.047618865966797,10.526315689086914,4.545454502105713,4.545454502105713,4.545454502105713,0,4.977475166320801,8589934592,2147483648,6062080000,424738816
201,1771996297425,3204,3204,3204,3204,3204,3204,3204,3204,33.333335876464844,20,19.047618865966797,23.809524536132813,0,0,0,0,4.977475166320801,8589934592,2147483648,6062080000,424738816
202,1771996297627,3204,3204,3204,3204,3204,3204,3204,3204,15.000000953674316,20,10,14.285715103149414,19.047618865966797,10,4.761904716491699,0,4.977475166320801,8589934592,2147483648,6064259072,424738816
209,1771996297830,3204,3204,3204,3204,3204,3204,3204,3204,30.000001907348633,35,23.809524536132813,20,5.263157844543457,4.761904716491699,4.761904716491699,4.761904716491699,4.977475166320801,8589934592,2147483648,6069813248,424738816
202,1771996298040,3204,3204,3204,3204,3204,3204,3204,3204,33.333335876464844,30.000001907348633,20,28.571430206298828,22.72727394104004,23.809524536132813,10,5,4.977475166320801,8589934592,2147483648,6066880512,424738816
209,1771996298243,3204,3204,3204,3204,3204,3204,3204,3204,30.000001907348633,27.272727966308594,20,23.809524536132813,5,0,4.761904716491699,4.761904716491699,5.037895202636719,8589934592,2147483648,6066929664,424738816
202,1771996298453,3204,3204,3204,3204,3204,3204,3204,3204,33.333335876464844,25,19.047618865966797,15.000000953674316,9.090909004211426,5,5,4.761904716491699,5.037895202636719,8589934592,2147483648,6068961280,424738816
209,1771996298656,3204,3204,3204,3204,3204,3204,3204,3204,20,30.000001907348633,28.571430206298828,15.000000953674316,5.263157844543457,9.523809432983398,4.761904716491699,4.761904716491699,5.037895202636719,8589934592,2147483648,6068551680,424738816
202,1771996298866,3204,3204,3204,3204,3204,3204,3204,3204,19.047618865966797,22.72727394104004,30.000001907348633,14.285715103149414,4.545454502105713,0,0,0,5.037895202636719,8589934592,2147483648,6064226304,424738816
200,1771996299069,3204,3204,3204,3204,3204,3204,3204,3204,40,40,38.095237731933594,20,5,5,4.761904716491699,9.090909004211426,5.037895202636719,8589934592,2147483648,6065373184,424738816
209,1771996299270,3204,3204,3204,3204,3204,3204,3204,3204,31.57894515991211,35,30.000001907348633,20,0,0,0,0,5.0400614738464355,8589934592,2147483648,6062637056,424738816
209,1771996299480,3204,3204,3204,3204,3204,3204,3204,3204,23.809524536132813,35,19.047618865966797,14.285715103149414,9.523809432983398,13.636363983154297,4.761904716491699,0,5.0400614738464355,8589934592,2147483648,6064947200,424738816
201,1771996299690,3204,3204,3204,3204,3204,3204,3204,3204,19.047618865966797,23.809524536132813,15.000000953674316,23.809524536132813,9.090909004211426,14.285715103149414,0,4.761904716491699,5.0400614738464355,8589934592,2147483648,6062768128,424738816
207,1771996299892,3204,3204,3204,3204,3204,3204,3204,3204,23.809524536132813,30.000001907348633,20,33.333335876464844,0,0,4.761904716491699,0,5.0400614738464355,8589934592,2147483648,6062653440,424738816
208,1771996300100,3204,3204,3204,3204,3204,3204,3204,3204,30.000001907348633,28.571430206298828,31.81818199157715,28.571430206298828,22.72727394104004,20,14.285715103149414,9.523809432983398,5.0400614738464355,8589934592,2147483648,6062718976,424738816
209,1771996300309,3204,3204,3204,3204,3204,3204,3204,3204,30.000001907348633,28.571430206298828,20,15.000000953674316,9.523809432983398,0,0,0,5.004283905029297,8589934592,2147483648,6062718976,424738816
206,1771996300518,3204,3204,3204,3204,3204,3204,3204,3204,42.85714340209961,25,25,23.809524536132813,0,0,0,0,5.004283905029297,8589934592,2147483648,6062718976,424738816
204,1771996300725,3204,3204,3204,3204,3204,3204,3204,3204,27.272727966308594,19.047618865966797,31.81818199157715,15.000000953674316,4.761904716491699,4.761904716491699,0,4.761904716491699,5.004283905029297,8589934592,2147483648,6065651712,424738816
202,1771996300930,3204,3204,3204,3204,3204,3204,3204,3204,20,33.333335876464844,20,19.047618865966797,0,0,0,0,5.004283905029297,8589934592,2147483648,6065029120,424738816
202,1771996301133,3204,3204,3204,3204,3204,3204,3204,3204,26.3157901763916,21.052631378173828,35,15.000000953674316,0,0,0,0,5.172802448272705,8589934592,2147483648,6065438720,424738816
201,1771996301335,3204,3204,3204,3204,3204,3204,3204,3204,23.809524536132813,23.809524536132813,30.000001907348633,20,0,0,4.761904716491699,0,5.172802448272705,8589934592,2147483648,6065160192,424738816
209,1771996301537,3204,3204,3204,3204,3204,3204,3204,3204,25,25,33.333335876464844,19.047618865966797,4.761904716491699,4.761904716491699,0,0,5.172802448272705,8589934592,2147483648,6066077696,424738816
206,1771996301747,3204,3204,3204,3204,3204,3204,3204,3204,23.809524536132813,19.047618865966797,25,20,0,0,0,0,5.172802448272705,8589934592,2147483648,6066208768,424738816
209,1771996301953,3204,3204,3204,3204,3204,3204,3204,3204,23.809524536132813,20,28.571430206298828,23.809524536132813,0,0,0,4.545454502105713,5.172802448272705,8589934592,2147483648,6065389568,424738816
209,1771996302163,3204,3204,3204,3204,3204,3204,3204,3204,35,31.81818199157715,25,28.571430206298828,9.523809432983398,4.545454502105713,9.523809432983398,0,5.17160701751709,8589934592,2147483648,6074548224,424738816
209,1771996302373,3204,3204,3204,3204,3204,3204,3204,3204,27.272727966308594,28.571430206298828,23.809524536132813,20,19.047618865966797,14.285715103149414,0,0,5.17160701751709,8589934592,2147483648,6063652864,424738816
208,1771996302583,3204,3204,3204,3204,3204,3204,3204,3204,35,20,19.047618865966797,19.047618865966797,9.523809432983398,10,4.761904716491699,9.523809432983398,5.17160701751709,8589934592,2147483648,6099746816,424738816
209,1771996302792,3204,3204,3204,3204,3204,3204,3204,3204,28.571430206298828,15.000000953674316,14.285715103149414,9.523809432983398,0,4.761904716491699,0,0,5.17160701751709,8589934592,2147483648,6099910656,424738816
201,1771996303002,3204,3204,3204,3204,3204,3204,3204,3204,25,23.809524536132813,20,23.809524536132813,4.545454502105713,0,0,0,5.17160701751709,8589934592,2147483648,6099992576,424738816
203,1771996303204,3204,3204,3204,3204,3204,3204,3204,3204,28.571430206298828,23.809524536132813,20,40,0,0,0,0,4.919789791107178,8589934592,2147483648,6100058112,424738816
208,1771996303408,3204,3204,3204,3204,3204,3204,3204,3204,15.000000953674316,15.789472579956055,18.18181800842285,33.333335876464844,0,0,0,0,4.919789791107178,8589934592,2147483648,6100058112,424738816
201,1771996303617,3204,3204,3204,3204,3204,3204,3204,3204,28.571430206298828,27.272727966308594,23.809524536132813,25,0,0,0,0,4.919789791107178,8589934592,2147483648,6100058112,424738816
209,1771996303818,3204,3204,3204,3204,3204,3204,3204,3204,30.000001907348633,25,21.052631378173828,15.000000953674316,0,0,0,0,4.919789791107178,8589934592,2147483648,6085820416,424738816
204,1771996304028,3204,3204,3204,3204,3204,3204,3204,3204,30.000001907348633,25,22.72727394104004,19.047618865966797,0,0,0,0,4.919789791107178,8589934592,2147483648,6084067328,424738816
208,1771996304233,3204,3204,3204,3204,3204,3204,3204,3204,23.809524536132813,22.72727394104004,15.000000953674316,35,0,0,4.761904716491699,4.545454502105713,4.809491157531738,8589934592,2147483648,6084067328,424738816
207,1771996304442,3204,3204,3204,3204,3204,3204,3204,3204,38.095237731933594,35,25,27.272727966308594,33.333335876464844,31.81818199157715,9.523809432983398,5,4.809491157531738,8589934592,2147483648,6084067328,424738816
209,1771996304650,3204,3204,3204,3204,3204,3204,3204,3204,28.571430206298828,25,28.571430206298828,15.000000953674316,14.285715103149414,25,9.090909004211426,4.761904716491699,4.809491157531738,8589934592,2147483648,6084067328,424738816
208,1771996304860,3204,3204,3204,3204,3204,3204,3204,3204,15.000000953674316,23.809524536132813,23.809524536132813,19.047618865966797,9.090909004211426,4.761904716491699,0,0,4.809491157531738,8589934592,2147483648,6079447040,424738816
209,1771996305069,3204,3204,3204,3204,3204,3204,3204,3204,35,28.571430206298828,23.809524536132813,23.809524536132813,4.761904716491699,4.761904716491699,4.761904716491699,4.761904716491699,4.809491157531738,8589934592,2147483648,6079545344,424738816
204,1771996305279,3204,3204,3204,3204,3204,3204,3204,3204,36.3636360168457,23.809524536132813,15.000000953674316,14.285715103149414,0,0,0,0,5.06345272064209,8589934592,2147483648,6079660032,424738816
201,1771996305484,3204,3204,3204,3204,3204,3204,3204,3204,30.000001907348633,25,23.809524536132813,19.047618865966797,4.761904716491699,4.761904716491699,0,0,5.06345272064209,8589934592,2147483648,6079086592,424738816
209,1771996305685,3204,3204,3204,3204,3204,3204,3204,3204,33.333335876464844,15.789472579956055,25,20,5,5,5,5,5.06345272064209,8589934592,2147483648,6079086592,424738816
206,1771996305895,3204,3204,3204,3204,3204,3204,3204,3204,33.333335876464844,31.81818199157715,28.571430206298828,19.047618865966797,0,0,0,0,5.06345272064209,8589934592,2147483648,6079463424,424738816
206,1771996306102,3204,3204,3204,3204,3204,3204,3204,3204,25,23.809524536132813,19.047618865966797,10.526315689086914,0,0,0,0,5.06345272064209,8589934592,2147483648,6079561728,424738816
207,1771996306309,3204,3204,3204,3204,3204,3204,3204,3204,30.000001907348633,21.052631378173828,15.000000953674316,22.72727394104004,0,4.761904716491699,4.761904716491699,0,4.748875141143799,8589934592,2147483648,6079234048,424738816
208,1771996306516,3204,3204,3204,3204,3204,3204,3204,3204,36.3636360168457,31.81818199157715,28.571430206298828,20,22.72727394104004,19.047618865966797,9.523809432983398,4.545454502105713,4.748875141143799,8589934592,2147483648,6076170240,424738816
207,1771996306725,3204,3204,3204,3204,3204,3204,3204,3204,25,23.809524536132813,28.571430206298828,19.047618865966797,14.285715103149414,5,0,4.761904716491699,4.748875141143799,8589934592,2147483648,6076170240,424738816
208,1771996306933,3204,3204,3204,3204,3204,3204,3204,3204,25,19.047618865966797,20,31.81818199157715,0,0,0,0,4.748875141143799,8589934592,2147483648,6071664640,424738816
208,1771996307142,3204,3204,3204,3204,3204,3204,3204,3204,27.272727966308594,20,23.809524536132813,31.57894515991211,0,0,0,0,5.388348579406738,8589934592,2147483648,6069305344,424738816
209,1771996307351,3204,3204,3204,3204,3204,3204,3204,3204,28.571430206298828,19.047618865966797,19.047618865966797,38.095237731933594,0,4.761904716491699,4.545454502105713,0,5.388348579406738,8589934592,2147483648,6069010432,424738816
207,1771996307560,3204,3204,3204,3204,3204,3204,3204,3204,20,15.000000953674316,14.285715103149414,25,0,0,0,0,5.388348579406738,8589934592,2147483648,6068502528,424738816
200,1771996307769,3204,3204,3204,3204,3204,3204,3204,3204,15.000000953674316,18.18181800842285,10,31.81818199157715,19.047618865966797,9.523809432983398,9.523809432983398,4.761904716491699,5.388348579406738,8589934592,2147483648,6069370880,424738816
209,1771996307970,3204,3204,3204,3204,3204,3204,3204,3204,23.809524536132813,21.052631378173828,23.809524536132813,15.000000953674316,0,0,0,0,5.388348579406738,8589934592,2147483648,6069059584,424738816
205,1771996308180,3204,3204,3204,3204,3204,3204,3204,3204,28.571430206298828,28.571430206298828,23.809524536132813,14.285715103149414,0,0,0,0,4.786351203918457,8589934592,2147483648,6070812672,424738816
201,1771996308386,3204,3204,3204,3204,3204,3204,3204,3204,25,23.809524536132813,20,15.000000953674316,4.761904716491699,0,0,0,4.786351203918457,8589934592,2147483648,6070763520,424738816
209,1771996308588,3204,3204,3204,3204,3204,3204,3204,3204,40,30.000001907348633,30.000001907348633,20,10.526315689086914,19.047618865966797,10,5,4.786351203918457,8589934592,2147483648,6080446464,424738816
202,1771996308798,3204,3204,3204,3204,3204,3204,3204,3204,25,28.571430206298828,28.571430206298828,18.18181800842285,22.72727394104004,10,4.545454502105713,0,4.786351203918457,8589934592,2147483648,6069026816,424738816
206,1771996309001,3204,3204,3204,3204,3204,3204,3204,3204,33.333335876464844,25,33.333335876464844,20,4.761904716491699,4.761904716491699,0,0,4.786351203918457,8589934592,2147483648,6068502528,424738816
209,1771996309208,3204,3204,3204,3204,3204,3204,3204,3204,19.047618865966797,28.571430206298828,30.000001907348633,19.047618865966797,0,0,0,0,5.1236371994018555,8589934592,2147483648,6067732480,424738816
200,1771996309418,3204,3204,3204,3204,3204,3204,3204,3204,23.809524536132813,20,28.571430206298828,10,0,0,4.545454502105713,4.545454502105713,5.1236371994018555,8589934592,2147483648,6067470336,424738816
209,1771996309619,3204,3204,3204,3204,3204,3204,3204,3204,30.000001907348633,28.571430206298828,25,15.000000953674316,5.263157844543457,20,0,10.526315689086914,5.1236371994018555,8589934592,2147483648,6067847168,424738816
204,1771996309829,3204,3204,3204,3204,3204,3204,3204,3204,23.809524536132813,20,28.571430206298828,14.285715103149414,9.090909004211426,0,4.545454502105713,0,5.1236371994018555,8589934592,2147483648,6067208192,424738816
208,1771996310033,3204,3204,3204,3204,3204,3204,3204,3204,30.000001907348633,27.272727966308594,21.052631378173828,19.047618865966797,4.761904716491699,4.761904716491699,0,4.761904716491699,5.1236371994018555,8589934592,2147483648,6065340416,424738816
209,1771996310242,3204,3204,3204,3204,3204,3204,3204,3204,28.571430206298828,26.3157901763916,27.272727966308594,19.047618865966797,0,0,0,0,4.87059211730957,8589934592,2147483648,6067732480,424738816
209,1771996310452,3204,3204,3204,3204,3204,3204,3204,3204,33.333335876464844,28.571430206298828,25,15.000000953674316,0,0,0,0,4.87059211730957,8589934592,2147483648,6067273728,424738816
208,1771996310662,3204,3204,3204,3204,3204,3204,3204,3204,40,23.809524536132813,23.809524536132813,22.72727394104004,4.761904716491699,8.69565200805664,4.761904716491699,0,4.87059211730957,8589934592,2147483648,6067879936,424738816
209,1771996310871,3204,3204,3204,3204,3204,3204,3204,3204,33.333335876464844,25,28.571430206298828,35,28.571430206298828,21.052631378173828,0,0,4.87059211730957,8589934592,2147483648,6064226304,424738816
202,1771996311080,3204,3204,3204,3204,3204,3204,3204,3204,38.095237731933594,40.90909194946289,33.333335876464844,35,25,23.809524536132813,23.809524536132813,23.809524536132813,4.87059211730957,8589934592,2147483648,6064914432,424738816
209,1771996311283,3204,3204,3204,3204,3204,3204,3204,3204,35,25,28.571430206298828,28.571430206298828,23.809524536132813,20,23.809524536132813,22.72727394104004,5.136143684387207,8589934592,2147483648,6069092352,424738816
208,1771996311493,3204,3204,3204,3204,3204,3204,3204,3204,25,30.000001907348633,15.000000953674316,18.18181800842285,0,4.545454502105713,0,0,5.136143684387207,8589934592,2147483648,6068617216,424738816
208,1771996311702,3204,3204,3204,3204,3204,3204,3204,3204,27.272727966308594,22.72727394104004,38.095237731933594,15.000000953674316,0,0,0,0,5.136143684387207,8589934592,2147483648,6096502784,424738816
203,1771996311910,3204,3204,3204,3204,3204,3204,3204,3204,20,23.809524536132813,35,14.285715103149414,4.545454502105713,0,0,0,5.136143684387207,8589934592,2147483648,6096502784,424738816
202,1771996312114,3204,3204,3204,3204,3204,3204,3204,3204,38.095237731933594,21.052631378173828,19.047618865966797,15.789472579956055,0,4.761904716491699,4.761904716491699,0,5.136143684387207,8589934592,2147483648,6096535552,424738816
209,1771996312317,3204,3204,3204,3204,3204,3204,3204,3204,21.052631378173828,25,28.571430206298828,14.285715103149414,0,0,0,0,5.061454772949219,8589934592,2147483648,6096470016,424738816
205,1771996312528,3204,3204,3204,3204,3204,3204,3204,3204,36.3636360168457,33.333335876464844,20,19.047618865966797,9.090909004211426,4.545454502105713,0,4.545454502105713,5.061454772949219,8589934592,2147483648,6096732160,424738816
204,1771996312734,3204,3204,3204,3204,3204,3204,3204,3204,71.42857360839844,59.09090805053711,65,60.000003814697266,5,15.000000953674316,9.523809432983398,5,5.061454772949219,8589934592,2147483648,6109790208,424738816
205,1771996312938,3204,3204,3204,3204,3204,3204,3204,3204,52.6315803527832,55,45.45454788208008,38.095237731933594,28.571430206298828,25,20,0,5.061454772949219,8589934592,2147483648,6095437824,424738816
207,1771996313144,3204,3204,3204,3204,3204,3204,3204,3204,65,50,50,40,5,5,0,0,5.17863130569458,8589934592,2147483648,6100336640,424738816
209,1771996313352,3204,3204,3204,3204,3204,3204,3204,3204,59.09090805053711,52.38095474243164,52.38095474243164,40.90909194946289,4.761904716491699,4.761904716491699,4.545454502105713,4.761904716491699,5.17863130569458,8589934592,2147483648,6107594752,424738816
205,1771996313563,3204,3204,3204,3204,3204,3204,3204,3204,76.19047546386719,76.19047546386719,76.19047546386719,75,0,4.545454502105713,0,0,5.17863130569458,8589934592,2147483648,6107594752,424738816
205,1771996313769,3204,3204,3204,3204,3204,3204,3204,3204,35,30.000001907348633,25,23.809524536132813,0,0,0,0,5.17863130569458,8589934592,2147483648,6107594752,424738816
201,1771996313975,3204,3204,3204,3204,3204,3204,3204,3204,42.85714340209961,33.333335876464844,30.000001907348633,28.571430206298828,9.523809432983398,9.090909004211426,5,4.761904716491699,5.17863130569458,8589934592,2147483648,6107594752,424738816
208,1771996314177,3204,3204,3204,3204,3204,3204,3204,3204,26.3157901763916,30.000001907348633,33.333335876464844,21.052631378173828,0,0,0,0,5.672279357910156,8589934592,2147483648,6103662592,424738816
209,1771996314385,3204,3204,3204,3204,3204,3204,3204,3204,42.85714340209961,45,45,28.571430206298828,19.047618865966797,5,52.38095474243164,4.761904716491699,5.672279357910156,8589934592,2147483648,6087868416,424738816
209,1771996314595,3204,3204,3204,3204,3204,3204,3204,3204,27.272727966308594,22.72727394104004,25,19.047618865966797,71.42857360839844,38.095237731933594,5,0,5.672279357910156,8589934592,2147483648,6083756032,424738816
202,1771996314805,3204,3204,3204,3204,3204,3204,3204,3204,19.047618865966797,20,22.72727394104004,19.047618865966797,23.809524536132813,59.09090805053711,4.761904716491699,0,5.672279357910156,8589934592,2147483648,6087376896,424738816
209,1771996315008,3204,3204,3204,3204,3204,3204,3204,3204,26.3157901763916,35,28.571430206298828,25,100,0,0,0,5.672279357910156,8589934592,2147483648,6087376896,424738816
209,1771996315218,3204,3204,3204,3204,3204,3204,3204,3204,38.095237731933594,23.809524536132813,25,20,23.809524536132813,68.18181610107422,22.72727394104004,9.090909004211426,5.726373672485352,8589934592,2147483648,6087655424,424738816
206,1771996315428,3204,3204,3204,3204,3204,3204,3204,3204,31.81818199157715,27.272727966308594,20,18.18181800842285,19.047618865966797,15.000000953674316,0,19.047618865966797,5.726373672485352,8589934592,2147483648,6091063296,424738816
199,1771996315635,3204,3204,3204,3204,3204,3204,3204,3204,15.000000953674316,19.047618865966797,27.272727966308594,28.571430206298828,19.047618865966797,100,0,0,5.726373672485352,8589934592,2147483648,6097731584,424738816
209,1771996315835,3204,3204,3204,3204,3204,3204,3204,3204,21.052631378173828,21.052631378173828,26.3157901763916,15.789472579956055,0,100,0,0,5.726373672485352,8589934592,2147483648,6088310784,424738816
205,1771996316045,3204,3204,3204,3204,3204,3204,3204,3204,19.047618865966797,23.809524536132813,27.272727966308594,14.285715103149414,18.18181800842285,23.809524536132813,0,0,5.726373672485352,8589934592,2147483648,6088310784,424738816
200,1771996316252,3204,3204,3204,3204,3204,3204,3204,3204,23.809524536132813,19.047618865966797,30.000001907348633,14.285715103149414,19.047618865966797,90.47618865966797,0,0,5.519137382507324,8589934592,2147483648,6087360512,424738816
201,1771996316454,3204,3204,3204,3204,3204,3204,3204,3204,20,20,30.000001907348633,15.000000953674316,40,80.95238494873047,0,0,5.519137382507324,8589934592,2147483648,6087229440,424738816
201,1771996316655,3204,3204,3204,3204,3204,3204,3204,3204,20,21.052631378173828,25,21.052631378173828,5,45,4.761904716491699,0,5.519137382507324,8589934592,2147483648,6087245824,424738816
209,1771996316857,3204,3204,3204,3204,3204,3204,3204,3204,25,15.000000953674316,30.000001907348633,19.047618865966797,95,5.263157844543457,0,0,5.519137382507324,8589934592,2147483648,6087245824,424738816
201,1771996317067,3204,3204,3204,3204,3204,3204,3204,3204,19.047618865966797,19.047618865966797,28.571430206298828,14.285715103149414,52.38095474243164,22.72727394104004,38.095237731933594,0,5.519137382507324,8589934592,2147483648,6087245824,424738816
201,1771996317269,3204,3204,3204,3204,3204,3204,3204,3204,36.842105865478516,30.000001907348633,25,23.809524536132813,55,30.000001907348633,20,9.523809432983398,8.748997688293457,8589934592,2147483648,6073073664,424738816
204,1771996317471,3204,3204,3204,3204,3204,3204,3204,3204,25,33.333335876464844,20,20,0,25,75,0,8.748997688293457,8589934592,2147483648,6073368576,424738816
205,1771996317675,3204,3204,3204,3204,3204,3204,3204,3204,19.047618865966797,26.3157901763916,14.285715103149414,15.000000953674316,4.761904716491699,0,100,0,8.748997688293457,8589934592,2147483648,6069813248,424738816
200,1771996317881,3204,3204,3204,3204,3204,3204,3204,3204,23.809524536132813,23.809524536132813,10.526315689086914,15.000000953674316,55,14.285715103149414,5,10,8.748997688293457,8589934592,2147483648,6073122816,424738816
202,1771996318082,3204,3204,3204,3204,3204,3204,3204,3204,26.3157901763916,25,23.809524536132813,25,60.000003814697266,0,0,0,8.748997688293457,8589934592,2147483648,6073122816,424738816
208,1771996318285,3204,3204,3204,3204,3204,3204,3204,3204,28.571430206298828,35,20,20,42.85714340209961,5,0,0,9.293608665466309,8589934592,2147483648,6072975360,424738816
207,1771996318494,3204,3204,3204,3204,3204,3204,3204,3204,20,36.3636360168457,20,19.047618865966797,40,22.72727394104004,0,0,9.293608665466309,8589934592,2147483648,6072582144,424738816
200,1771996318703,3204,3204,3204,3204,3204,3204,3204,3204,27.272727966308594,25,28.571430206298828,19.047618865966797,63.6363639831543,4.761904716491699,0,0,9.293608665466309,8589934592,2147483648,6070845440,424738816
208,1771996318904,3204,3204,3204,3204,3204,3204,3204,3204,26.3157901763916,21.052631378173828,15.000000953674316,15.000000953674316,42.105262756347656,0,0,0,9.293608665466309,8589934592,2147483648,6070845440,424738816
209,1771996319113,3204,3204,3204,3204,3204,3204,3204,3204,20,28.571430206298828,22.72727394104004,20,25,14.285715103149414,0,0,9.293608665466309,8589934592,2147483648,6070845440,424738816
205,1771996319323,3204,3204,3204,3204,3204,3204,3204,3204,38.095237731933594,42.85714340209961,30.000001907348633,23.809524536132813,57.142860412597656,4.761904716491699,4.761904716491699,9.090909004211426,9.405538558959961,8589934592,2147483648,6073712640,424738816
201,1771996319529,3204,3204,3204,3204,3204,3204,3204,3204,38.095237731933594,33.333335876464844,23.809524536132813,19.047618865966797,52.38095474243164,5,4.761904716491699,0,9.405538558959961,8589934592,2147483648,6060408832,424738816
203,1771996319731,3204,3204,3204,3204,3204,3204,3204,3204,35,25,25,19.047618865966797,70,10,9.523809432983398,0,9.405538558959961,8589934592,2147483648,6060408832,424738816
206,1771996319935,3204,3204,3204,3204,3204,3204,3204,3204,28.571430206298828,25,31.57894515991211,15.789472579956055,55,4.761904716491699,0,0,9.405538558959961,8589934592,2147483648,6060408832,424738816
209,1771996320142,3204,3204,3204,3204,3204,3204,3204,3204,21.052631378173828,20,19.047618865966797,28.571430206298828,28.571430206298828,0,0,0,10.061544418334961,8589934592,2147483648,6060408832,424738816
203,1771996320352,3204,3204,3204,3204,3204,3204,3204,3204,33.333335876464844,31.81818199157715,19.047618865966797,33.333335876464844,57.142860412597656,4.761904716491699,0,4.545454502105713,10.061544418334961,8589934592,2147483648,6063718400,424738816
200,1771996320556,3204,3204,3204,3204,3204,3204,3204,3204,23.809524536132813,21.052631378173828,28.571430206298828,30.000001907348633,55,4.761904716491699,4.761904716491699,0,10.061544418334961,8589934592,2147483648,6061539328,424738816
209,1771996320757,3204,3204,3204,3204,3204,3204,3204,3204,26.3157901763916,30.000001907348633,25,28.571430206298828,33.333335876464844,0,0,0,10.061544418334961,8589934592,2147483648,6064013312,424738816
200,1771996320967,3204,3204,3204,3204,3204,3204,3204,3204,28.571430206298828,28.571430206298828,23.809524536132813,15.000000953674316,50,0,0,0,10.061544418334961,8589934592,2147483648,6064013312,424738816
200,1771996321168,3204,3204,3204,3204,3204,3204,3204,3204,25,30.000001907348633,20,15.789472579956055,60.000003814697266,4.761904716491699,5,4.761904716491699,7.2929205894470215,8589934592,2147483648,6064013312,424738816
206,1771996321369,3204,3204,3204,3204,3204,3204,3204,3204,30.000001907348633,21.052631378173828,20,30.000001907348633,33.333335876464844,0,0,0,7.2929205894470215,8589934592,2147483648,6064816128,424738816
206,1771996321576,3204,3204,3204,3204,3204,3204,3204,3204,33.333335876464844,36.3636360168457,38.095237731933594,33.333335876464844,57.894737243652344,20,14.285715103149414,0,7.2929205894470215,8589934592,2147483648,6063013888,424738816
208,1771996321783,3204,3204,3204,3204,3204,3204,3204,3204,33.333335876464844,30.000001907348633,20,23.809524536132813,54.54545593261719,0,0,4.761904716491699,7.2929205894470215,8589934592,2147483648,6063013888,424738816
209,1771996321992,3204,3204,3204,3204,3204,3204,3204,3204,25,33.333335876464844,25,20,45,4.761904716491699,0,0,7.2929205894470215,8589934592,2147483648,6063013888,424738816
205,1771996322202,3204,3204,3204,3204,3204,3204,3204,3204,15.000000953674316,28.571430206298828,18.18181800842285,19.047618865966797,52.38095474243164,0,0,0,8.617466926574707,8589934592,2147483648,6063013888,424738816
201,1771996322408,3204,3204,3204,3204,3204,3204,3204,3204,38.095237731933594,30.000001907348633,35,31.81818199157715,40,0,4.761904716491699,0,8.617466926574707,8589934592,2147483648,6062604288,424738816
207,1771996322610,3204,3204,3204,3204,3204,3204,3204,3204,30.000001907348633,23.809524536132813,25,20,50,10,0,0,8.617466926574707,8589934592,2147483648,6067732480,424738816
207,1771996322818,3204,3204,3204,3204,3204,3204,3204,3204,28.571430206298828,25,20,15.000000953674316,47.619049072265625,9.523809432983398,4.761904716491699,4.761904716491699,8.617466926574707,8589934592,2147483648,6067732480,424738816
204,1771996323025,3204,3204,3204,3204,3204,3204,3204,3204,33.333335876464844,25,23.809524536132813,20,9.523809432983398,0,4.761904716491699,0,8.617466926574707,8589934592,2147483648,6067732480,424738816
204,1771996323230,3204,3204,3204,3204,3204,3204,3204,3204,26.3157901763916,28.571430206298828,35,20,66.66667175292969,4.761904716491699,0,0,6.790870666503906,8589934592,2147483648,6067732480,424738816
202,1771996323435,3204,3204,3204,3204,3204,3204,3204,3204,38.095237731933594,35,25,23.809524536132813,36.842105865478516,5,0,0,6.790870666503906,8589934592,2147483648,6053167104,424738816
209,1771996323638,3204,3204,3204,3204,3204,3204,3204,3204,40,40,33.333335876464844,25,45,5,15.000000953674316,0,6.790870666503906,8589934592,2147483648,6056935424,424738816
203,1771996323848,3204,3204,3204,3204,3204,3204,3204,3204,28.571430206298828,33.333335876464844,20,19.047618865966797,77.2727279663086,4.761904716491699,0,0,6.790870666503906,8589934592,2147483648,6062718976,424738816
209,1771996324052,3204,3204,3204,3204,3204,3204,3204,3204,35,30.000001907348633,35,21.052631378173828,21.052631378173828,4.761904716491699,0,0,6.790870666503906,8589934592,2147483648,6039044096,424738816
204,1771996324262,3204,3204,3204,3204,3204,3204,3204,3204,23.809524536132813,19.047618865966797,33.333335876464844,13.636363983154297,59.09090805053711,0,4.545454502105713,0,8.151524543762207,8589934592,2147483648,6033211392,424738816
204,1771996324467,3204,3204,3204,3204,3204,3204,3204,3204,30.000001907348633,25,19.047618865966797,19.047618865966797,95,0,0,0,8.151524543762207,8589934592,2147483648,6051577856,424738816
203,1771996324672,3204,3204,3204,3204,3204,3204,3204,3204,50,47.619049072265625,30.000001907348633,30.000001907348633,25,14.285715103149414,0,4.761904716491699,8.151524543762207,8589934592,2147483648,6050332672,424738816
207,1771996324875,3204,3204,3204,3204,3204,3204,3204,3204,30.000001907348633,31.57894515991211,23.809524536132813,30.000001907348633,38.095237731933594,0,0,4.761904716491699,8.151524543762207,8589934592,2147483648,6060523520,424738816
201,1771996325084,3204,3204,3204,3204,3204,3204,3204,3204,42.85714340209961,31.81818199157715,26.3157901763916,25,40,0,0,0,8.151524543762207,8589934592,2147483648,6064226304,424738816
209,1771996325285,3204,3204,3204,3204,3204,3204,3204,3204,26.3157901763916,26.3157901763916,28.571430206298828,20,28.571430206298828,0,5,0,7.436159133911133,8589934592,2147483648,6067208192,424738816
206,1771996325495,3204,3204,3204,3204,3204,3204,3204,3204,28.571430206298828,28.571430206298828,15.000000953674316,18.18181800842285,100,0,0,0,7.436159133911133,8589934592,2147483648,6075039744,424738816
209,1771996325702,3204,3204,3204,3204,3204,3204,3204,3204,33.333335876464844,35,28.571430206298828,30.000001907348633,55,4.761904716491699,4.545454502105713,0,7.436159133911133,8589934592,2147483648,6075367424,424738816
206,1771996325912,3204,3204,3204,3204,3204,3204,3204,3204,33.333335876464844,31.81818199157715,20,28.571430206298828,57.142860412597656,18.18181800842285,0,0,7.436159133911133,8589934592,2147483648,6068797440,424738816
208,1771996326119,3204,3204,3204,3204,3204,3204,3204,3204,35,26.3157901763916,27.272727966308594,33.333335876464844,33.333335876464844,0,0,0,7.436159133911133,8589934592,2147483648,6055526400,424738816
209,1771996326327,3204,3204,3204,3204,3204,3204,3204,3204,25,33.333335876464844,23.809524536132813,25,14.285715103149414,28.571430206298828,4.761904716491699,4.761904716491699,9.078838348388672,8589934592,2147483648,6060883968,424738816
205,1771996326537,3204,3204,3204,3204,3204,3204,3204,3204,36.3636360168457,33.333335876464844,21.052631378173828,36.3636360168457,10.526315689086914,4.761904716491699,0,0,9.078838348388672,8589934592,2147483648,6065668096,424738816
209,1771996326742,3204,3204,3204,3204,3204,3204,3204,3204,25,28.571430206298828,36.3636360168457,20,50,4.761904716491699,4.761904716491699,9.523809432983398,9.078838348388672,8589934592,2147483648,6069174272,424738816
205,1771996326952,3204,3204,3204,3204,3204,3204,3204,3204,33.333335876464844,33.333335876464844,20,25,0,0,0,0,9.078838348388672,8589934592,2147483648,6069764096,424738816
206,1771996327158,3204,3204,3204,3204,3204,3204,3204,3204,42.85714340209961,20,15.000000953674316,19.047618865966797,0,0,0,0,7.742372989654541,8589934592,2147483648,6069682176,424738816
209,1771996327365,3204,3204,3204,3204,3204,3204,3204,3204,30.000001907348633,35,20,25,4.761904716491699,4.761904716491699,4.545454502105713,0,7.742372989654541,8589934592,2147483648,6071369728,424738816
208,1771996327575,3204,3204,3204,3204,3204,3204,3204,3204,20,23.809524536132813,27.272727966308594,19.047618865966797,0,0,0,0,7.742372989654541,8589934592,2147483648,6070943744,424738816
200,1771996327784,3204,3204,3204,3204,3204,3204,3204,3204,27.272727966308594,28.571430206298828,19.047618865966797,19.047618865966797,10,9.523809432983398,10,4.761904716491699,7.742372989654541,8589934592,2147483648,6071402496,424738816
209,1771996327986,3204,3204,3204,3204,3204,3204,3204,3204,31.57894515991211,35,30.000001907348633,33.333335876464844,35,35,5.263157844543457,5,7.742372989654541,8589934592,2147483648,6074908672,424738816
205,1771996328195,3204,3204,3204,3204,3204,3204,3204,3204,33.333335876464844,23.809524536132813,19.047618865966797,35,4.545454502105713,0,4.545454502105713,0,8.301106452941895,8589934592,2147483648,6074712064,424738816
207,1771996328401,3204,3204,3204,3204,3204,3204,3204,3204,23.809524536132813,25,15.000000953674316,30.000001907348633,0,0,4.761904716491699,0,8.301106452941895,8589934592,2147483648,6073958400,424738816
203,1771996328609,3204,3204,3204,3204,3204,3204,3204,3204,20,23.809524536132813,28.571430206298828,27.272727966308594,4.761904716491699,8.69565200805664,0,0,8.301106452941895,8589934592,2147483648,6073647104,424738816
205,1771996328812,3204,3204,3204,3204,3204,3204,3204,3204,33.333335876464844,28.571430206298828,25,23.809524536132813,0,0,4.761904716491699,4.761904716491699,8.301106452941895,8589934592,2147483648,6073335808,424738816
202,1771996329018,3204,3204,3204,3204,3204,3204,3204,3204,35,25,33.333335876464844,26.3157901763916,9.090909004211426,4.761904716491699,0,0,8.301106452941895,8589934592,2147483648,6070583296,424738816
207,1771996329221,3204,3204,3204,3204,3204,3204,3204,3204,30.000001907348633,35,35,23.809524536132813,5,0,4.761904716491699,4.761904716491699,6.087873458862305,8589934592,2147483648,6067535872,424738816
201,1771996329429,3204,3204,3204,3204,3204,3204,3204,3204,28.571430206298828,28.571430206298828,28.571430206298828,25,0,4.545454502105713,0,0,6.087873458862305,8589934592,2147483648,6067535872,424738816
209,1771996329631,3204,3204,3204,3204,3204,3204,3204,3204,25,15.000000953674316,20,35,15.000000953674316,0,0,5,6.087873458862305,8589934592,2147483648,6068879360,424738816
206,1771996329841,3204,3204,3204,3204,3204,3204,3204,3204,33.333335876464844,23.809524536132813,19.047618865966797,22.72727394104004,0,0,0,0,6.087873458862305,8589934592,2147483648,6068649984,424738816
208,1771996330049,3204,3204,3204,3204,3204,3204,3204,3204,38.095237731933594,30.000001907348633,30.000001907348633,35,23.809524536132813,13.636363983154297,4.761904716491699,0,6.087873458862305,8589934592,2147483648,6080937984,424738816
208,1771996330258,3204,3204,3204,3204,3204,3204,3204,3204,28.571430206298828,27.272727966308594,27.272727966308594,15.000000953674316,9.523809432983398,9.523809432983398,0,0,5.181873798370361,8589934592,2147483648,6068305920,424738816
208,1771996330467,3204,3204,3204,3204,3204,3204,3204,3204,30.000001907348633,26.3157901763916,26.3157901763916,33.333335876464844,4.761904716491699,9.523809432983398,9.523809432983398,9.090909004211426,5.181873798370361,8589934592,2147483648,6071369728,424738816
207,1771996330675,3204,3204,3204,3204,3204,3204,3204,3204,28.571430206298828,19.047618865966797,22.72727394104004,19.047618865966797,9.523809432983398,4.761904716491699,4.761904716491699,0,5.181873798370361,8589934592,2147483648,6070927360,424738816
203,1771996330884,3204,3204,3204,3204,3204,3204,3204,3204,30.000001907348633,28.571430206298828,20,13.636363983154297,0,0,4.545454502105713,4.761904716491699,5.181873798370361,8589934592,2147483648,6072057856,424738816
207,1771996331088,3204,3204,3204,3204,3204,3204,3204,3204,31.81818199157715,25,33.333335876464844,15.789472579956055,4.761904716491699,4.761904716491699,0,0,5.181873798370361,8589934592,2147483648,6071730176,424738816
205,1771996331296,3204,3204,3204,3204,3204,3204,3204,3204,15.789472579956055,20,38.095237731933594,14.285715103149414,0,0,0,0,4.928147792816162,8589934592,2147483648,6071730176,424738816
201,1771996331502,3204,3204,3204,3204,3204,3204,3204,3204,23.809524536132813,27.272727966308594,30.000001907348633,19.047618865966797,4.761904716491699,0,4.761904716491699,4.761904716491699,4.928147792816162,8589934592,2147483648,6071730176,424738816
209,1771996331704,3204,3204,3204,3204,3204,3204,3204,3204,30.000001907348633,20,25,21.052631378173828,0,0,0,0,4.928147792816162,8589934592,2147483648,6069927936,424738816
209,1771996331914,3204,3204,3204,3204,3204,3204,3204,3204,20,20,33.333335876464844,23.809524536132813,0,4.761904716491699,0,0,4.928147792816162,8589934592,2147483648,6068584448,424738816
209,1771996332124,3204,3204,3204,3204,3204,3204,3204,3204,33.333335876464844,40.90909194946289,38.095237731933594,31.81818199157715,9.090909004211426,4.761904716491699,4.761904716491699,4.761904716491699,4.928147792816162,8589934592,2147483648,6079381504,424738816
200,1771996332334,3204,3204,3204,3204,3204,3204,3204,3204,31.81818199157715,23.809524536132813,19.047618865966797,19.047618865966797,19.047618865966797,19.047618865966797,0,4.545454502105713,5.313070297241211,8589934592,2147483648,6069108736,424738816
205,1771996332535,3204,3204,3204,3204,3204,3204,3204,3204,25,36.842105865478516,20,20,5,4.761904716491699,5,5,5.313070297241211,8589934592,2147483648,6069239808,424738816
208,1771996332741,3204,3204,3204,3204,3204,3204,3204,3204,20,28.571430206298828,20,28.571430206298828,0,0,0,0,5.313070297241211,8589934592,2147483648,6069551104,424738816
201,1771996332950,3204,3204,3204,3204,3204,3204,3204,3204,30.000001907348633,14.285715103149414,10,5,19.047618865966797,19.047618865966797,14.285715103149414,5,5.313070297241211,8589934592,2147483648,6111805440,424738816
200,1771996333152,3204,3204,3204,3204,3204,3204,3204,3204,33.333335876464844,20,19.047618865966797,20,0,0,0,0,5.120610237121582,8589934592,2147483648,6111805440,424738816
205,1771996333353,3204,3204,3204,3204,3204,3204,3204,3204,45,36.842105865478516,30.000001907348633,21.052631378173828,4.761904716491699,0,0,4.761904716491699,5.120610237121582,8589934592,2147483648,6111805440,424738816
207,1771996333558,3204,3204,3204,3204,3204,3204,3204,3204,35,27.272727966308594,20,19.047618865966797,0,4.545454502105713,4.761904716491699,0,5.120610237121582,8589934592,2147483648,6111805440,424738816
208,1771996333767,3204,3204,3204,3204,3204,3204,3204,3204,36.3636360168457,20,18.18181800842285,19.047618865966797,0,0,0,0,5.120610237121582,8589934592,2147483648,6109478912,424738816
208,1771996333975,3204,3204,3204,3204,3204,3204,3204,3204,36.842105865478516,23.809524536132813,25,23.809524536132813,0,0,0,0,5.120610237121582,8589934592,2147483648,6086410240,424738816
209,1771996334184,3204,3204,3204,3204,3204,3204,3204,3204,76.19047546386719,75,80.95238494873047,75,4.761904716491699,9.523809432983398,0,0,4.903881072998047,8589934592,2147483648,6103760896,424738816
205,1771996334394,3204,3204,3204,3204,3204,3204,3204,3204,80.95238494873047,80.95238494873047,76.19047546386719,68.18181610107422,45.45454788208008,47.619049072265625,31.81818199157715,23.809524536132813,4.903881072998047,8589934592,2147483648,6081249280,424738816
209,1771996334600,3204,3204,3204,3204,3204,3204,3204,3204,71.42857360839844,66.66667175292969,70,60.000003814697266,20,20,4.761904716491699,4.761904716491699,4.903881072998047,8589934592,2147483648,6085132288,424738816
206,1771996334810,3204,3204,3204,3204,3204,3204,3204,3204,52.38095474243164,50,47.619049072265625,36.3636360168457,0,4.761904716491699,0,0,4.903881072998047,8589934592,2147483648,6076530688,424738816
200,1771996335017,3204,3204,3204,3204,3204,3204,3204,3204,50,47.619049072265625,40,36.842105865478516,4.761904716491699,0,0,4.761904716491699,4.903881072998047,8589934592,2147483648,6079594496,424738816
200,1771996335218,3204,3204,3204,3204,3204,3204,3204,3204,30.000001907348633,30.000001907348633,23.809524536132813,23.809524536132813,0,4.761904716491699,0,0,5.278106689453125,8589934592,2147483648,6079594496,424738816
208,1771996335420,3204,3204,3204,3204,3204,3204,3204,3204,35,20,20,20,0,0,0,0,5.278106689453125,8589934592,2147483648,6079594496,424738816
208,1771996335629,3204,3204,3204,3204,3204,3204,3204,3204,23.809524536132813,42.85714340209961,20,20,0,0,4.545454502105713,0,5.278106689453125,8589934592,2147483648,6079594496,424738816
203,1771996335838,3204,3204,3204,3204,3204,3204,3204,3204,25,30.000001907348633,19.047618865966797,23.809524536132813,4.761904716491699,9.090909004211426,4.761904716491699,0,5.278106689453125,8589934592,2147483648,6078382080,424738816
209,1771996336042,3204,3204,3204,3204,3204,3204,3204,3204,28.571430206298828,38.095237731933594,28.571430206298828,20,0,0,0,0,5.278106689453125,8589934592,2147483648,6079938560,424738816
203,1771996336252,3204,3204,3204,3204,3204,3204,3204,3204,28.571430206298828,35,14.285715103149414,13.636363983154297,0,0,0,0,5.203644275665283,8589934592,2147483648,6079479808,424738816
209,1771996336456,3204,3204,3204,3204,3204,3204,3204,3204,45,33.333335876464844,30.000001907348633,30.000001907348633,14.285715103149414,19.047618865966797,5,4.761904716491699,5.203644275665283,8589934592,2147483648,6081757184,424738816
209,1771996336666,3204,3204,3204,3204,3204,3204,3204,3204,28.571430206298828,23.809524536132813,23.809524536132813,18.18181800842285,18.18181800842285,10,0,0,5.203644275665283,8589934592,2147483648,6081757184,424738816
208,1771996336876,3204,3204,3204,3204,3204,3204,3204,3204,33.333335876464844,19.047618865966797,19.047618865966797,26.3157901763916,5,4.761904716491699,4.761904716491699,4.761904716491699,5.203644275665283,8589934592,2147483648,6069731328,424738816
204,1771996337085,3204,3204,3204,3204,3204,3204,3204,3204,35,28.571430206298828,28.571430206298828,19.047618865966797,0,0,0,0,5.203644275665283,8589934592,2147483648,6069813248,424738816
209,1771996337291,3204,3204,3204,3204,3204,3204,3204,3204,27.272727966308594,25,15.000000953674316,28.571430206298828,5,5,5,5,6.550370216369629,8589934592,2147483648,6069469184,424738816
201,1771996337501,3204,3204,3204,3204,3204,3204,3204,3204,25,28.571430206298828,28.571430206298828,23.809524536132813,0,0,0,0,6.550370216369629,8589934592,2147483648,6069846016,424738816
209,1771996337702,3204,3204,3204,3204,3204,3204,3204,3204,25,25,35,20,9.523809432983398,5,0,4.761904716491699,6.550370216369629,8589934592,2147483648,6069862400,424738816
207,1771996337912,3204,3204,3204,3204,3204,3204,3204,3204,18.18181800842285,19.047618865966797,28.571430206298828,5,15.000000953674316,18.18181800842285,9.523809432983398,4.761904716491699,6.550370216369629,8589934592,2147483648,6059900928,424738816
209,1771996338120,3204,3204,3204,3204,3204,3204,3204,3204,15.789472579956055,14.285715103149414,28.571430206298828,18.18181800842285,9.090909004211426,4.761904716491699,0,4.761904716491699,6.550370216369629,8589934592,2147483648,6076596224,424738816
199,1771996338330,3204,3204,3204,3204,3204,3204,3204,3204,27.272727966308594,23.809524536132813,25,20,0,0,4.545454502105713,0,4.890987873077393,8589934592,2147483648,6075957248,424738816
204,1771996338531,3204,3204,3204,3204,3204,3204,3204,3204,30.000001907348633,35,31.57894515991211,23.809524536132813,5,5,5,5,4.890987873077393,8589934592,2147483648,6082805760,424738816
5,1771996338735,3204,3204,3204,3204,3204,3204,3204,3204,30.000001907348633,25,30.434782028198242,25,23.809524536132813,25,4.761904716491699,5,4.890987873077393,8589934592,2147483648,6075678720,424738816
