Delta,Time,CPU_FREQUENCY_0,CPU_FREQUENCY_1,CPU_FREQUENCY_2,CPU_FREQUENCY_3,CPU_FREQUENCY_4,CPU_FREQUENCY_5,CPU_FREQUENCY_6,CPU_FREQUENCY_7,CPU_USAGE_0,CPU_USAGE_1,CPU_USAGE_2,CPU_USAGE_3,CPU_USAGE_4,CPU_USAGE_5,CPU_USAGE_6,CPU_USAGE_7,SYSTEM_POWER (Watts),TOTAL_MEMORY,TOTAL_SWAP,USED_MEMORY,USED_SWAP
0,1772014097844,3204,3204,3204,3204,3204,3204,3204,3204,100,0,NaN,0,NaN,NaN,0,NaN,5.558034896850586,8589934592,2147483648,5923209216,366018560
205,1772014097844,3204,3204,3204,3204,3204,3204,3204,3204,50,NaN,NaN,NaN,0,0,NaN,0,5.558034896850586,8589934592,2147483648,5923667968,366018560
204,1772014098051,3204,3204,3204,3204,3204,3204,3204,3204,21.052631378173828,25,33.333335876464844,18.18181800842285,30.000001907348633,28.571430206298828,9.523809432983398,4.761904716491699,5.558034896850586,8589934592,2147483648,5927682048,366018560
204,1772014098255,3204,3204,3204,3204,3204,3204,3204,3204,95.23809814453125,90.47618865966797,90.47618865966797,94.73684692382813,30.000001907348633,20,14.285715103149414,5.263157844543457,5.558034896850586,8589934592,2147483648,5927682048,366018560
204,1772014098460,3204,3204,3204,3204,3204,3204,3204,3204,50,47.36842346191406,45,47.619049072265625,33.333335876464844,20,5,4.761904716491699,5.286778926849365,8589934592,2147483648,5886214144,366018560
201,1772014098665,3204,3204,3204,3204,3204,3204,3204,3204,66.66667175292969,66.66667175292969,66.66667175292969,61.904762268066406,20,9.523809432983398,5,4.761904716491699,5.286778926849365,8589934592,2147483648,5831884800,366018560
204,1772014098867,3204,3204,3204,3204,3204,3204,3204,3204,45,40,36.842105865478516,21.052631378173828,10,10,5,10,5.286778926849365,8589934592,2147483648,5840551936,366018560
204,1772014099072,3204,3204,3204,3204,3204,3204,3204,3204,36.842105865478516,35,28.571430206298828,28.571430206298828,14.285715103149414,10,13.636363983154297,4.761904716491699,5.286778926849365,8589934592,2147483648,5850234880,366018560
203,1772014099277,3204,3204,3204,3204,3204,3204,3204,3204,52.38095474243164,45.45454788208008,33.333335876464844,25,15.000000953674316,5,5,5,5.286778926849365,8589934592,2147483648,5849546752,366018560
201,1772014099481,3204,3204,3204,3204,3204,3204,3204,3204,45,47.36842346191406,47.36842346191406,42.85714340209961,15.000000953674316,31.81818199157715,10,5,7.639503479003906,8589934592,2147483648,5851348992,366018560
204,1772014099683,3204,3204,3204,3204,3204,3204,3204,3204,70,70,76.19047546386719,65,25,11.111111640930176,10,5,7.639503479003906,8589934592,2147483648,5869633536,366018560
202,1772014099888,3204,3204,3204,3204,3204,3204,3204,3204,76.19047546386719,80,65,65,19.047618865966797,22.72727394104004,9.523809432983398,30.000001907348633,7.639503479003906,8589934592,2147483648,5854986240,366018560
200,1772014100091,3204,3204,3204,3204,3204,3204,3204,3204,68.42105102539063,75,63.15789031982422,55,15.000000953674316,10,5,9.523809432983398,7.639503479003906,8589934592,2147483648,5850660864,366018560
204,1772014100292,3204,3204,3204,3204,3204,3204,3204,3204,76.19047546386719,75,57.142860412597656,55,14.285715103149414,10,0,0,7.639503479003906,8589934592,2147483648,5854052352,366018560
204,1772014100497,3204,3204,3204,3204,3204,3204,3204,3204,70,52.38095474243164,50,70,10.526315689086914,10,13.636363983154297,9.523809432983398,6.414679527282715,8589934592,2147483648,5858951168,366018560
204,1772014100702,3204,3204,3204,3204,3204,3204,3204,3204,70,71.42857360839844,66.66667175292969,75,23.809524536132813,14.285715103149414,15.000000953674316,15.000000953674316,6.414679527282715,8589934592,2147483648,5851774976,366018560
204,1772014100907,3204,3204,3204,3204,3204,3204,3204,3204,61.904762268066406,66.66667175292969,60.000003814697266,66.66667175292969,10,10,5,5,6.414679527282715,8589934592,2147483648,5853790208,366018560
204,1772014101112,3204,3204,3204,3204,3204,3204,3204,3204,66.66667175292969,60.000003814697266,66.66667175292969,80,9.523809432983398,9.523809432983398,4.761904716491699,4.761904716491699,6.414679527282715,8589934592,2147483648,5854871552,366018560
201,1772014101317,3204,3204,3204,3204,3204,3204,3204,3204,68.42105102539063,60.000003814697266,70,47.619049072265625,10,5,0,0,6.414679527282715,8589934592,2147483648,5857886208,366018560
203,1772014101520,3204,3204,3204,3204,3204,3204,3204,3204,55,52.38095474243164,80,60.000003814697266,10,5,4.761904716491699,4.761904716491699,7.028830051422119,8589934592,2147483648,5858476032,366018560
203,1772014101724,3204,3204,3204,3204,3204,3204,3204,3204,68.18181610107422,65,52.38095474243164,65,19.047618865966797,19.047618865966797,19.047618865966797,14.285715103149414,7.028830051422119,8589934592,2147483648,5854969856,366018560
204,1772014101927,3204,3204,3204,3204,3204,3204,3204,3204,68.42105102539063,63.15789031982422,55,66.66667175292969,15.789472579956055,10,5,5,7.028830051422119,8589934592,2147483648,5845434368,366018560
201,1772014102133,3204,3204,3204,3204,3204,3204,3204,3204,50,47.619049072265625,65,57.142860412597656,14.285715103149414,10,5,4.761904716491699,7.028830051422119,8589934592,2147483648,5847334912,366018560
204,1772014102335,3204,3204,3204,3204,3204,3204,3204,3204,40,55,42.85714340209961,63.15789031982422,14.285715103149414,9.523809432983398,5,0,7.028830051422119,8589934592,2147483648,5847334912,366018560
202,1772014102540,3204,3204,3204,3204,3204,3204,3204,3204,50,45,70,23.809524536132813,20,15.000000953674316,14.285715103149414,9.523809432983398,6.649423599243164,8589934592,2147483648,5840912384,366018560
204,1772014102743,3204,3204,3204,3204,3204,3204,3204,3204,60.000003814697266,68.18181610107422,61.904762268066406,70,25,25,10,5.263157844543457,6.649423599243164,8589934592,2147483648,5846810624,366018560
203,1772014102948,3204,3204,3204,3204,3204,3204,3204,3204,35,45,40,47.619049072265625,55,28.571430206298828,5.263157844543457,38.095237731933594,6.649423599243164,8589934592,2147483648,5857394688,366018560
204,1772014103152,3204,3204,3204,3204,3204,3204,3204,3204,55,60.000003814697266,60.000003814697266,45,10,5.263157844543457,9.090909004211426,5,6.649423599243164,8589934592,2147483648,5844434944,366018560
203,1772014103357,3204,3204,3204,3204,3204,3204,3204,3204,76.19047546386719,35,35,35,19.047618865966797,14.285715103149414,10,9.523809432983398,6.649423599243164,8589934592,2147483648,5844434944,366018560
201,1772014103560,3204,3204,3204,3204,3204,3204,3204,3204,42.105262756347656,40,65,33.333335876464844,9.523809432983398,4.761904716491699,4.761904716491699,0,6.266222953796387,8589934592,2147483648,5845991424,366018560
201,1772014103762,3204,3204,3204,3204,3204,3204,3204,3204,59.09090805053711,50,52.38095474243164,42.105262756347656,10.526315689086914,15.000000953674316,5,5,6.266222953796387,8589934592,2147483648,5847269376,366018560
201,1772014103964,3204,3204,3204,3204,3204,3204,3204,3204,47.36842346191406,50,63.15789031982422,57.142860412597656,20,52.6315803527832,10,9.523809432983398,6.266222953796387,8589934592,2147483648,5837946880,366018560
203,1772014104166,3204,3204,3204,3204,3204,3204,3204,3204,60.000003814697266,47.619049072265625,57.142860412597656,50,14.285715103149414,9.523809432983398,0,5,6.266222953796387,8589934592,2147483648,5835669504,366018560
202,1772014104370,3204,3204,3204,3204,3204,3204,3204,3204,47.619049072265625,50,50,25,15.000000953674316,14.285715103149414,5,19.047618865966797,6.266222953796387,8589934592,2147483648,5835882496,366018560
204,1772014104572,3204,3204,3204,3204,3204,3204,3204,3204,40,40,47.619049072265625,55,9.523809432983398,0,9.523809432983398,0,7.198310852050781,8589934592,2147483648,5838274560,366018560
204,1772014104777,3204,3204,3204,3204,3204,3204,3204,3204,50,60.000003814697266,55,33.333335876464844,10,10,5,5,7.198310852050781,8589934592,2147483648,5842714624,366018560
201,1772014104982,3204,3204,3204,3204,3204,3204,3204,3204,57.142860412597656,50,38.095237731933594,35,10,9.523809432983398,0,0,7.198310852050781,8589934592,2147483648,5844697088,366018560
200,1772014105184,3204,3204,3204,3204,3204,3204,3204,3204,42.105262756347656,47.619049072265625,52.6315803527832,47.619049072265625,30.000001907348633,30.000001907348633,20,14.285715103149414,7.198310852050781,8589934592,2147483648,5842911232,366018560
204,1772014105385,3204,3204,3204,3204,3204,3204,3204,3204,60.000003814697266,31.57894515991211,35,36.842105865478516,30.000001907348633,10,9.523809432983398,5,7.198310852050781,8589934592,2147483648,5845745664,366018560
204,1772014105590,3204,3204,3204,3204,3204,3204,3204,3204,70,57.142860412597656,71.42857360839844,66.66667175292969,5,9.523809432983398,0,0,6.810173034667969,8589934592,2147483648,5845123072,366018560
200,1772014105795,3204,3204,3204,3204,3204,3204,3204,3204,66.66667175292969,66.66667175292969,50,42.85714340209961,9.523809432983398,4.761904716491699,0,0,6.810173034667969,8589934592,2147483648,5843632128,366018560
202,1772014105996,3204,3204,3204,3204,3204,3204,3204,3204,57.894737243652344,63.15789031982422,65,52.6315803527832,10,5.263157844543457,5,5,6.810173034667969,8589934592,2147483648,5843632128,366018560
204,1772014106200,3204,3204,3204,3204,3204,3204,3204,3204,61.904762268066406,66.66667175292969,71.42857360839844,60.000003814697266,19.047618865966797,15.000000953674316,14.285715103149414,10,6.810173034667969,8589934592,2147483648,5843632128,366018560
204,1772014106405,3204,3204,3204,3204,3204,3204,3204,3204,66.66667175292969,50,70,57.142860412597656,5.263157844543457,38.095237731933594,10,15.000000953674316,6.462884902954102,8589934592,2147483648,5843632128,366018560
199,1772014106610,3204,3204,3204,3204,3204,3204,3204,3204,55,55,50,55,45,55,0,13.636363983154297,6.462884902954102,8589934592,2147483648,5843255296,366018560
204,1772014106810,3204,3204,3204,3204,3204,3204,3204,3204,50,47.619049072265625,60.000003814697266,50,15.000000953674316,28.571430206298828,50,5.263157844543457,6.462884902954102,8589934592,2147483648,5835096064,366018560
201,1772014107015,3204,3204,3204,3204,3204,3204,3204,3204,57.142860412597656,45,57.142860412597656,55,22.72727394104004,35,57.142860412597656,14.285715103149414,6.462884902954102,8589934592,2147483648,5836767232,366018560
204,1772014107216,3204,3204,3204,3204,3204,3204,3204,3204,52.6315803527832,36.842105865478516,35,50,40,5,40,20,6.462884902954102,8589934592,2147483648,5838389248,366018560
199,1772014107421,3204,3204,3204,3204,3204,3204,3204,3204,38.095237731933594,47.619049072265625,47.36842346191406,47.619049072265625,25,40,4.761904716491699,5,6.517880439758301,8589934592,2147483648,5839192064,366018560
203,1772014107621,3204,3204,3204,3204,3204,3204,3204,3204,50,52.6315803527832,57.142860412597656,45,75,19.047618865966797,0,4.761904716491699,6.517880439758301,8589934592,2147483648,5834489856,366018560
202,1772014107825,3204,3204,3204,3204,3204,3204,3204,3204,35,33.333335876464844,35,20,65,20,4.761904716491699,15.789472579956055,6.517880439758301,8589934592,2147483648,5841649664,366018560
203,1772014108028,3204,3204,3204,3204,3204,3204,3204,3204,47.36842346191406,40,40,45,52.38095474243164,25,5,0,6.517880439758301,8589934592,2147483648,5846777856,366018560
208,1772014108232,3204,3204,3204,3204,3204,3204,3204,3204,54.54545593261719,61.904762268066406,52.38095474243164,40,75,33.333335876464844,5,9.523809432983398,6.517880439758301,8589934592,2147483648,5846663168,366018560
200,1772014108440,3204,3204,3204,3204,3204,3204,3204,3204,45,35,45,38.095237731933594,42.85714340209961,66.66667175292969,4.761904716491699,4.761904716491699,11.882948875427246,8589934592,2147483648,5846663168,366018560
207,1772014108641,3204,3204,3204,3204,3204,3204,3204,3204,40,55,40,40,20,20,9.523809432983398,5,11.882948875427246,8589934592,2147483648,5841879040,366018560
209,1772014108848,3204,3204,3204,3204,3204,3204,3204,3204,45,38.095237731933594,42.85714340209961,38.095237731933594,75,0,0,33.333335876464844,11.882948875427246,8589934592,2147483648,5842141184,366018560
209,1772014109058,3204,3204,3204,3204,3204,3204,3204,3204,50,42.85714340209961,35,45.45454788208008,42.85714340209961,66.66667175292969,0,0,11.882948875427246,8589934592,2147483648,5846515712,366018560
204,1772014109269,3204,3204,3204,3204,3204,3204,3204,3204,35,57.142860412597656,36.3636360168457,40,19.047618865966797,28.571430206298828,4.545454502105713,0,11.882948875427246,8589934592,2147483648,5840797696,366018560
207,1772014109474,3204,3204,3204,3204,3204,3204,3204,3204,38.095237731933594,55,45,33.333335876464844,38.095237731933594,19.047618865966797,68.42105102539063,4.761904716491699,11.431236267089844,8589934592,2147483648,5840797696,366018560
207,1772014109682,3204,3204,3204,3204,3204,3204,3204,3204,55,45,52.38095474243164,50,28.571430206298828,25,40.90909194946289,20,11.431236267089844,8589934592,2147483648,5831868416,366018560
209,1772014109890,3204,3204,3204,3204,3204,3204,3204,3204,61.904762268066406,38.095237731933594,35,30.000001907348633,55,5,28.571430206298828,5,11.431236267089844,8589934592,2147483648,5833965568,366018560
207,1772014110100,3204,3204,3204,3204,3204,3204,3204,3204,42.85714340209961,38.095237731933594,47.619049072265625,47.619049072265625,33.333335876464844,72.7272720336914,5,4.545454502105713,11.431236267089844,8589934592,2147483648,5834309632,366018560
209,1772014110307,3204,3204,3204,3204,3204,3204,3204,3204,35,38.095237731933594,40,71.42857360839844,33.333335876464844,19.047618865966797,14.285715103149414,40,11.431236267089844,8589934592,2147483648,5831180288,366018560
203,1772014110517,3204,3204,3204,3204,3204,3204,3204,3204,42.85714340209961,33.333335876464844,40.90909194946289,42.85714340209961,28.571430206298828,5,4.761904716491699,14.285715103149414,10.022753715515137,8589934592,2147483648,5825232896,366018560
202,1772014110721,3204,3204,3204,3204,3204,3204,3204,3204,30.000001907348633,40,55,42.85714340209961,55,0,0,45,10.022753715515137,8589934592,2147483648,5824806912,366018560
208,1772014110924,3204,3204,3204,3204,3204,3204,3204,3204,33.333335876464844,38.095237731933594,50,50,85,5,14.285715103149414,9.090909004211426,10.022753715515137,8589934592,2147483648,5827674112,366018560
205,1772014111133,3204,3204,3204,3204,3204,3204,3204,3204,47.619049072265625,45,42.85714340209961,40,40.90909194946289,9.090909004211426,4.761904716491699,0,10.022753715515137,8589934592,2147483648,5824200704,366018560
209,1772014111339,3204,3204,3204,3204,3204,3204,3204,3204,26.3157901763916,30.000001907348633,25,28.571430206298828,60.000003814697266,5,4.761904716491699,4.761904716491699,10.022753715515137,8589934592,2147483648,5824200704,366018560
208,1772014111548,3204,3204,3204,3204,3204,3204,3204,3204,23.809524536132813,28.571430206298828,19.047618865966797,14.285715103149414,47.619049072265625,4.761904716491699,0,0,12.391742706298828,8589934592,2147483648,5824200704,366018560
209,1772014111757,3204,3204,3204,3204,3204,3204,3204,3204,23.809524536132813,20,23.809524536132813,10,70,0,8.69565200805664,0,12.391742706298828,8589934592,2147483648,5829722112,366018560
206,1772014111967,3204,3204,3204,3204,3204,3204,3204,3204,28.571430206298828,22.72727394104004,28.571430206298828,13.636363983154297,66.66667175292969,0,0,0,12.391742706298828,8589934592,2147483648,5829525504,366018560
207,1772014112174,3204,3204,3204,3204,3204,3204,3204,3204,35,33.333335876464844,38.095237731933594,25,33.333335876464844,13.636363983154297,0,4.761904716491699,12.391742706298828,8589934592,2147483648,5831753728,366018560
207,1772014112382,3204,3204,3204,3204,3204,3204,3204,3204,23.809524536132813,20,15.000000953674316,14.285715103149414,27.272727966308594,10,4.761904716491699,70,12.391742706298828,8589934592,2147483648,5833162752,366018560
206,1772014112590,3204,3204,3204,3204,3204,3204,3204,3204,35,28.571430206298828,30.000001907348633,28.571430206298828,30.000001907348633,9.523809432983398,0,10,10.491402626037598,8589934592,2147483648,5831802880,366018560
209,1772014112797,3204,3204,3204,3204,3204,3204,3204,3204,40.90909194946289,45,40.90909194946289,35,35,4.761904716491699,4.761904716491699,4.761904716491699,10.491402626037598,8589934592,2147483648,5841944576,366018560
208,1772014113007,3204,3204,3204,3204,3204,3204,3204,3204,25,20,20,19.047618865966797,38.095237731933594,5,0,4.545454502105713,10.491402626037598,8589934592,2147483648,5845696512,366018560
204,1772014113215,3204,3204,3204,3204,3204,3204,3204,3204,33.333335876464844,33.333335876464844,19.047618865966797,19.047618865966797,60.000003814697266,9.523809432983398,0,4.761904716491699,10.491402626037598,8589934592,2147483648,5845696512,366018560
206,1772014113420,3204,3204,3204,3204,3204,3204,3204,3204,25,33.333335876464844,20,15.789472579956055,31.81818199157715,9.523809432983398,9.090909004211426,0,8.907713890075684,8589934592,2147483648,5845696512,366018560
209,1772014113627,3204,3204,3204,3204,3204,3204,3204,3204,25,25,15.000000953674316,14.285715103149414,42.105262756347656,5,4.761904716491699,0,8.907713890075684,8589934592,2147483648,5845696512,366018560
203,1772014113836,3204,3204,3204,3204,3204,3204,3204,3204,28.571430206298828,23.809524536132813,19.047618865966797,23.809524536132813,76.19047546386719,5,0,4.545454502105713,8.907713890075684,8589934592,2147483648,5852119040,366018560
208,1772014114040,3204,3204,3204,3204,3204,3204,3204,3204,30.000001907348633,35,20,15.000000953674316,25,9.090909004211426,5,5,8.907713890075684,8589934592,2147483648,5853216768,366018560
200,1772014114248,3204,3204,3204,3204,3204,3204,3204,3204,28.571430206298828,20,23.809524536132813,14.285715103149414,85,4.761904716491699,0,0,8.907713890075684,8589934592,2147483648,5864767488,366018560
200,1772014114449,3204,3204,3204,3204,3204,3204,3204,3204,31.57894515991211,20,20,19.047618865966797,52.38095474243164,10.526315689086914,10,5,8.515599250793457,8589934592,2147483648,5864767488,366018560
209,1772014114650,3204,3204,3204,3204,3204,3204,3204,3204,30.000001907348633,25,23.809524536132813,20,60.000003814697266,15.000000953674316,25,5,8.515599250793457,8589934592,2147483648,5864767488,366018560
203,1772014114860,3204,3204,3204,3204,3204,3204,3204,3204,33.333335876464844,23.809524536132813,15.000000953674316,15.000000953674316,60.000003814697266,9.523809432983398,9.090909004211426,0,8.515599250793457,8589934592,2147483648,5855363072,366018560
201,1772014115064,3204,3204,3204,3204,3204,3204,3204,3204,25,30.000001907348633,23.809524536132813,15.000000953674316,42.85714340209961,19.047618865966797,5,0,8.515599250793457,8589934592,2147483648,5860032512,366018560
201,1772014115266,3204,3204,3204,3204,3204,3204,3204,3204,40,35,22.22222328186035,35,70,5,21.052631378173828,15.000000953674316,8.515599250793457,8589934592,2147483648,5871419392,366018560
200,1772014115468,3204,3204,3204,3204,3204,3204,3204,3204,33.333335876464844,30.000001907348633,23.809524536132813,25,26.3157901763916,0,9.090909004211426,4.761904716491699,9.43293571472168,8589934592,2147483648,5852315648,366018560
208,1772014115669,3204,3204,3204,3204,3204,3204,3204,3204,31.57894515991211,30.000001907348633,33.333335876464844,38.095237731933594,28.571430206298828,5,31.57894515991211,5,9.43293571472168,8589934592,2147483648,5852315648,366018560
203,1772014115878,3204,3204,3204,3204,3204,3204,3204,3204,28.571430206298828,19.047618865966797,15.000000953674316,15.000000953674316,19.047618865966797,9.523809432983398,0,4.761904716491699,9.43293571472168,8589934592,2147483648,5858869248,366018560
208,1772014116082,3204,3204,3204,3204,3204,3204,3204,3204,25,20,20,35,15.000000953674316,15.000000953674316,25,5,9.43293571472168,8589934592,2147483648,5858344960,366018560
201,1772014116290,3204,3204,3204,3204,3204,3204,3204,3204,19.047618865966797,19.047618865966797,13.636363983154297,23.809524536132813,14.285715103149414,9.523809432983398,21.7391300201416,9.523809432983398,9.43293571472168,8589934592,2147483648,5857230848,366018560
205,1772014116492,3204,3204,3204,3204,3204,3204,3204,3204,30.000001907348633,15.789472579956055,15.789472579956055,35,5,9.523809432983398,0,0,10.4381742477417,8589934592,2147483648,5858312192,366018560
209,1772014116699,3204,3204,3204,3204,3204,3204,3204,3204,42.85714340209961,40.90909194946289,33.333335876464844,35,10,5.263157844543457,9.523809432983398,5,10.4381742477417,8589934592,2147483648,5858312192,366018560
201,1772014116909,3204,3204,3204,3204,3204,3204,3204,3204,28.571430206298828,25,20,22.72727394104004,14.285715103149414,13.636363983154297,9.523809432983398,4.761904716491699,10.4381742477417,8589934592,2147483648,5877252096,366018560
200,1772014117111,3204,3204,3204,3204,3204,3204,3204,3204,26.3157901763916,20,31.81818199157715,5.263157844543457,9.523809432983398,5,0,4.761904716491699,10.4381742477417,8589934592,2147483648,5876531200,366018560
202,1772014117312,3204,3204,3204,3204,3204,3204,3204,3204,15.000000953674316,25,22.22222328186035,14.285715103149414,15.000000953674316,15.000000953674316,10,10,10.4381742477417,8589934592,2147483648,5877907456,366018560
209,1772014117515,3204,3204,3204,3204,3204,3204,3204,3204,23.809524536132813,20,28.571430206298828,15.789472579956055,5,5,5,0,6.069455623626709,8589934592,2147483648,5879152640,366018560
206,1772014117725,3204,3204,3204,3204,3204,3204,3204,3204,20,23.809524536132813,19.047618865966797,13.636363983154297,35,28.571430206298828,14.285715103149414,9.523809432983398,6.069455623626709,8589934592,2147483648,5880823808,366018560
206,1772014117932,3204,3204,3204,3204,3204,3204,3204,3204,23.809524536132813,25,15.000000953674316,15.000000953674316,28.571430206298828,25,19.047618865966797,10,6.069455623626709,8589934592,2147483648,5874696192,366018560
205,1772014118139,3204,3204,3204,3204,3204,3204,3204,3204,15.000000953674316,31.81818199157715,15.000000953674316,9.523809432983398,10,9.523809432983398,5,9.090909004211426,6.069455623626709,8589934592,2147483648,5873942528,366018560
209,1772014118345,3204,3204,3204,3204,3204,3204,3204,3204,35,35,28.571430206298828,23.809524536132813,10,9.523809432983398,9.523809432983398,10,6.069455623626709,8589934592,2147483648,5875515392,366018560
200,1772014118555,3204,3204,3204,3204,3204,3204,3204,3204,23.809524536132813,15.000000953674316,19.047618865966797,10,13.636363983154297,10,9.090909004211426,4.761904716491699,5.292664051055908,8589934592,2147483648,5871288320,366018560
209,1772014118756,3204,3204,3204,3204,3204,3204,3204,3204,33.333335876464844,33.333335876464844,20,15.000000953674316,20,10,5.263157844543457,5.263157844543457,5.292664051055908,8589934592,2147483648,5872582656,366018560
209,1772014118965,3204,3204,3204,3204,3204,3204,3204,3204,31.57894515991211,20,27.272727966308594,28.571430206298828,10,14.285715103149414,14.285715103149414,9.090909004211426,5.292664051055908,8589934592,2147483648,5869256704,366018560
205,1772014119175,3204,3204,3204,3204,3204,3204,3204,3204,22.72727394104004,23.809524536132813,10,19.047618865966797,13.636363983154297,9.523809432983398,9.523809432983398,5,5.292664051055908,8589934592,2147483648,5872549888,366018560
209,1772014119381,3204,3204,3204,3204,3204,3204,3204,3204,33.333335876464844,23.809524536132813,20,19.047618865966797,20,19.047618865966797,10,9.523809432983398,5.292664051055908,8589934592,2147483648,5876416512,366018560
201,1772014119591,3204,3204,3204,3204,3204,3204,3204,3204,19.047618865966797,20,28.571430206298828,9.523809432983398,9.523809432983398,9.523809432983398,9.523809432983398,9.090909004211426,5.784830570220947,8589934592,2147483648,5874876416,366018560
202,1772014119793,3204,3204,3204,3204,3204,3204,3204,3204,25,20,28.571430206298828,15.789472579956055,10,9.523809432983398,4.761904716491699,5,5.784830570220947,8589934592,2147483648,5880954880,366018560
209,1772014119996,3204,3204,3204,3204,3204,3204,3204,3204,21.052631378173828,28.571430206298828,21.052631378173828,10,10,0,0,0,5.784830570220947,8589934592,2147483648,5880004608,366018560
203,1772014120205,3204,3204,3204,3204,3204,3204,3204,3204,23.809524536132813,15.000000953674316,18.18181800842285,14.285715103149414,14.285715103149414,22.72727394104004,13.636363983154297,9.523809432983398,5.784830570220947,8589934592,2147483648,5883396096,366018560
209,1772014120409,3204,3204,3204,3204,3204,3204,3204,3204,25,30.000001907348633,10.526315689086914,19.047618865966797,10,0,0,0,5.40869665145874,8589934592,2147483648,5882937344,366018560
204,1772014120619,3204,3204,3204,3204,3204,3204,3204,3204,36.3636360168457,19.047618865966797,14.285715103149414,14.285715103149414,9.523809432983398,4.761904716491699,4.761904716491699,4.761904716491699,5.40869665145874,8589934592,2147483648,5879709696,366018560
209,1772014120823,3204,3204,3204,3204,3204,3204,3204,3204,21.052631378173828,14.285715103149414,28.571430206298828,14.285715103149414,14.285715103149414,14.285715103149414,5,5,5.40869665145874,8589934592,2147483648,5883002880,366018560
209,1772014121033,3204,3204,3204,3204,3204,3204,3204,3204,23.809524536132813,25,23.809524536132813,15.000000953674316,19.047618865966797,14.285715103149414,4.761904716491699,4.761904716491699,5.40869665145874,8589934592,2147483648,5891686400,366018560
208,1772014121243,3204,3204,3204,3204,3204,3204,3204,3204,38.095237731933594,22.72727394104004,14.285715103149414,14.285715103149414,9.523809432983398,4.761904716491699,9.090909004211426,4.545454502105713,5.40869665145874,8589934592,2147483648,5884592128,366018560
205,1772014121452,3204,3204,3204,3204,3204,3204,3204,3204,28.571430206298828,19.047618865966797,10,14.285715103149414,5,10,5,4.761904716491699,5.059501647949219,8589934592,2147483648,5883035648,366018560
209,1772014121659,3204,3204,3204,3204,3204,3204,3204,3204,28.571430206298828,15.789472579956055,19.047618865966797,15.000000953674316,9.523809432983398,4.761904716491699,0,0,5.059501647949219,8589934592,2147483648,5883035648,366018560
209,1772014121869,3204,3204,3204,3204,3204,3204,3204,3204,30.000001907348633,27.272727966308594,19.047618865966797,14.285715103149414,9.090909004211426,0,0,0,5.059501647949219,8589934592,2147483648,5883035648,366018560
201,1772014122078,3204,3204,3204,3204,3204,3204,3204,3204,28.571430206298828,23.809524536132813,14.285715103149414,14.285715103149414,10,14.285715103149414,4.761904716491699,4.761904716491699,5.059501647949219,8589934592,2147483648,5880446976,366018560
209,1772014122280,3204,3204,3204,3204,3204,3204,3204,3204,33.333335876464844,25,25,14.285715103149414,10,5,4.761904716491699,5,5.059501647949219,8589934592,2147483648,5880856576,366018560
207,1772014122490,3204,3204,3204,3204,3204,3204,3204,3204,35,47.619049072265625,35,30.000001907348633,0,0,4.761904716491699,0,5.080063343048096,8589934592,2147483648,5878054912,366018560
208,1772014122699,3204,3204,3204,3204,3204,3204,3204,3204,50,33.333335876464844,19.047618865966797,28.571430206298828,9.090909004211426,4.761904716491699,4.761904716491699,0,5.080063343048096,8589934592,2147483648,5877170176,366018560
204,1772014122907,3204,3204,3204,3204,3204,3204,3204,3204,23.809524536132813,21.052631378173828,20,33.333335876464844,19.047618865966797,15.000000953674316,4.761904716491699,5,5.080063343048096,8589934592,2147483648,5883052032,366018560
209,1772014123112,3204,3204,3204,3204,3204,3204,3204,3204,28.571430206298828,36.3636360168457,27.272727966308594,15.000000953674316,5,9.090909004211426,0,0,5.080063343048096,8589934592,2147483648,5882806272,366018560
207,1772014123322,3204,3204,3204,3204,3204,3204,3204,3204,38.095237731933594,23.809524536132813,15.000000953674316,19.047618865966797,15.000000953674316,10,5,4.545454502105713,5.080063343048096,8589934592,2147483648,5878120448,366018560
201,1772014123530,3204,3204,3204,3204,3204,3204,3204,3204,15.000000953674316,20,14.285715103149414,15.000000953674316,14.285715103149414,5,4.761904716491699,0,4.915860652923584,8589934592,2147483648,5875924992,366018560
207,1772014123732,3204,3204,3204,3204,3204,3204,3204,3204,25,20,20,10,38.095237731933594,35,15.000000953674316,14.285715103149414,4.915860652923584,8589934592,2147483648,5875351552,366018560
199,1772014123940,3204,3204,3204,3204,3204,3204,3204,3204,23.809524536132813,20,14.285715103149414,14.285715103149414,20,14.285715103149414,13.636363983154297,4.761904716491699,4.915860652923584,8589934592,2147483648,5878562816,366018560
200,1772014124140,3204,3204,3204,3204,3204,3204,3204,3204,25,25,30.000001907348633,14.285715103149414,10,5,0,0,4.915860652923584,8589934592,2147483648,5877121024,366018560
209,1772014124341,3204,3204,3204,3204,3204,3204,3204,3204,25,20,21.052631378173828,15.789472579956055,20,20,10.526315689086914,10,4.915860652923584,8589934592,2147483648,5875744768,366018560
206,1772014124551,3204,3204,3204,3204,3204,3204,3204,3204,20,25,13.636363983154297,9.523809432983398,14.285715103149414,9.523809432983398,18.18181800842285,0,5.495657444000244,8589934592,2147483648,5873385472,366018560
203,1772014124757,3204,3204,3204,3204,3204,3204,3204,3204,23.809524536132813,28.571430206298828,15.789472579956055,20,5,4.761904716491699,4.761904716491699,4.761904716491699,5.495657444000244,8589934592,2147483648,5872844800,366018560
203,1772014124962,3204,3204,3204,3204,3204,3204,3204,3204,20,28.571430206298828,13.636363983154297,13.636363983154297,14.285715103149414,15.000000953674316,9.523809432983398,9.523809432983398,5.495657444000244,8589934592,2147483648,5872353280,366018560
208,1772014125165,3204,3204,3204,3204,3204,3204,3204,3204,25,25,15.000000953674316,10.526315689086914,10,10,5,5,5.495657444000244,8589934592,2147483648,5873270784,366018560
209,1772014125374,3204,3204,3204,3204,3204,3204,3204,3204,18.18181800842285,19.047618865966797,10,4.761904716491699,19.047618865966797,19.047618865966797,5,4.761904716491699,5.495657444000244,8589934592,2147483648,5882544128,366018560
205,1772014125583,3204,3204,3204,3204,3204,3204,3204,3204,20,31.81818199157715,18.18181800842285,19.047618865966797,14.285715103149414,9.523809432983398,9.523809432983398,9.523809432983398,5.696763515472412,8589934592,2147483648,5871583232,366018560
208,1772014125789,3204,3204,3204,3204,3204,3204,3204,3204,23.809524536132813,31.57894515991211,15.000000953674316,15.000000953674316,5,4.761904716491699,4.761904716491699,0,5.696763515472412,8589934592,2147483648,5871812608,366018560
200,1772014125998,3204,3204,3204,3204,3204,3204,3204,3204,25,28.571430206298828,14.285715103149414,14.285715103149414,13.636363983154297,5,4.761904716491699,4.761904716491699,5.696763515472412,8589934592,2147483648,5869797376,366018560
207,1772014126199,3204,3204,3204,3204,3204,3204,3204,3204,35,15.000000953674316,15.000000953674316,15.000000953674316,5.263157844543457,9.523809432983398,0,0,5.696763515472412,8589934592,2147483648,5871566848,366018560
209,1772014126407,3204,3204,3204,3204,3204,3204,3204,3204,30.000001907348633,23.809524536132813,14.285715103149414,14.285715103149414,14.285715103149414,5,9.523809432983398,4.761904716491699,5.276278972625732,8589934592,2147483648,5876645888,366018560
206,1772014126617,3204,3204,3204,3204,3204,3204,3204,3204,27.272727966308594,23.809524536132813,15.000000953674316,14.285715103149414,0,9.090909004211426,0,4.761904716491699,5.276278972625732,8589934592,2147483648,5871927296,366018560
200,1772014126824,3204,3204,3204,3204,3204,3204,3204,3204,33.333335876464844,19.047618865966797,20,10,19.047618865966797,5.263157844543457,4.761904716491699,9.090909004211426,5.276278972625732,8589934592,2147483648,5873074176,366018560
209,1772014127025,3204,3204,3204,3204,3204,3204,3204,3204,16.666667938232422,20,28.571430206298828,14.285715103149414,15.000000953674316,14.285715103149414,14.285715103149414,5.263157844543457,5.276278972625732,8589934592,2147483648,5873647616,366018560
209,1772014127235,3204,3204,3204,3204,3204,3204,3204,3204,31.81818199157715,15.000000953674316,10,9.523809432983398,14.285715103149414,9.523809432983398,5,4.761904716491699,5.276278972625732,8589934592,2147483648,5866045440,366018560
209,1772014127445,3204,3204,3204,3204,3204,3204,3204,3204,28.571430206298828,23.809524536132813,13.636363983154297,15.000000953674316,19.047618865966797,5,4.545454502105713,4.761904716491699,4.962087154388428,8589934592,2147483648,5878382592,366018560
206,1772014127655,3204,3204,3204,3204,3204,3204,3204,3204,23.809524536132813,28.571430206298828,14.285715103149414,14.285715103149414,14.285715103149414,9.090909004211426,5,4.761904716491699,4.962087154388428,8589934592,2147483648,5867126784,366018560
204,1772014127861,3204,3204,3204,3204,3204,3204,3204,3204,30.000001907348633,33.333335876464844,20,14.285715103149414,13.636363983154297,9.523809432983398,4.761904716491699,0,4.962087154388428,8589934592,2147483648,5869551616,366018560
200,1772014128066,3204,3204,3204,3204,3204,3204,3204,3204,20,20,10,19.047618865966797,10.526315689086914,5,5.263157844543457,9.523809432983398,4.962087154388428,8589934592,2147483648,5869551616,366018560
203,1772014128267,3204,3204,3204,3204,3204,3204,3204,3204,23.809524536132813,30.000001907348633,15.000000953674316,5.263157844543457,15.000000953674316,10,13.636363983154297,5,4.962087154388428,8589934592,2147483648,5865291776,366018560
202,1772014128471,3204,3204,3204,3204,3204,3204,3204,3204,20,26.3157901763916,15.000000953674316,22.72727394104004,9.523809432983398,9.523809432983398,5,5,5.025606632232666,8589934592,2147483648,5864964096,366018560
202,1772014128674,3204,3204,3204,3204,3204,3204,3204,3204,15.000000953674316,28.571430206298828,19.047618865966797,5.263157844543457,5.263157844543457,0,0,0,5.025606632232666,8589934592,2147483648,5863669760,366018560
205,1772014128876,3204,3204,3204,3204,3204,3204,3204,3204,25,25,15.000000953674316,20,4.761904716491699,9.523809432983398,0,0,5.025606632232666,8589934592,2147483648,5864538112,366018560
209,1772014129082,3204,3204,3204,3204,3204,3204,3204,3204,20,20,15.000000953674316,25,10,5,4.761904716491699,4.761904716491699,5.025606632232666,8589934592,2147483648,5867241472,366018560
202,1772014129292,3204,3204,3204,3204,3204,3204,3204,3204,19.047618865966797,14.285715103149414,14.285715103149414,27.272727966308594,9.523809432983398,9.523809432983398,0,0,5.025606632232666,8589934592,2147483648,5860589568,366018560
209,1772014129495,3204,3204,3204,3204,3204,3204,3204,3204,28.571430206298828,23.809524536132813,20,20,33.333335876464844,23.809524536132813,14.285715103149414,23.809524536132813,5.036067008972168,8589934592,2147483648,5864128512,366018560
202,1772014129705,3204,3204,3204,3204,3204,3204,3204,3204,20,20,14.285715103149414,9.523809432983398,35,30.000001907348633,28.571430206298828,10,5.036067008972168,8589934592,2147483648,5864554496,366018560
207,1772014129907,3204,3204,3204,3204,3204,3204,3204,3204,20,23.809524536132813,15.000000953674316,21.052631378173828,15.789472579956055,15.000000953674316,5.263157844543457,4.761904716491699,5.036067008972168,8589934592,2147483648,5867765760,366018560
201,1772014130115,3204,3204,3204,3204,3204,3204,3204,3204,42.85714340209961,35,42.85714340209961,27.272727966308594,14.285715103149414,9.523809432983398,9.090909004211426,0,5.036067008972168,8589934592,2147483648,5866897408,366018560
199,1772014130317,3204,3204,3204,3204,3204,3204,3204,3204,20,20,15.789472579956055,21.052631378173828,15.000000953674316,10.526315689086914,5,9.523809432983398,5.036067008972168,8589934592,2147483648,5866700800,366018560
203,1772014130517,3204,3204,3204,3204,3204,3204,3204,3204,25,26.3157901763916,19.047618865966797,15.000000953674316,9.523809432983398,5,0,5,5.179818630218506,8589934592,2147483648,5866061824,366018560
209,1772014130722,3204,3204,3204,3204,3204,3204,3204,3204,15.789472579956055,31.81818199157715,15.000000953674316,9.523809432983398,10,9.523809432983398,5,4.761904716491699,5.179818630218506,8589934592,2147483648,5864128512,366018560
208,1772014130932,3204,3204,3204,3204,3204,3204,3204,3204,31.81818199157715,25,15.000000953674316,20,9.523809432983398,4.761904716491699,8.69565200805664,0,5.179818630218506,8589934592,2147483648,5868503040,366018560
204,1772014131141,3204,3204,3204,3204,3204,3204,3204,3204,20,20,18.18181800842285,19.047618865966797,10,14.285715103149414,5,4.761904716491699,5.179818630218506,8589934592,2147483648,5865324544,366018560
203,1772014131345,3204,3204,3204,3204,3204,3204,3204,3204,36.3636360168457,28.571430206298828,20,25,13.636363983154297,5,0,0,5.179818630218506,8589934592,2147483648,5868388352,366018560
200,1772014131549,3204,3204,3204,3204,3204,3204,3204,3204,31.57894515991211,19.047618865966797,10,14.285715103149414,5.263157844543457,9.523809432983398,5,5,5.900180339813232,8589934592,2147483648,5866258432,366018560
207,1772014131750,3204,3204,3204,3204,3204,3204,3204,3204,35,21.052631378173828,15.000000953674316,15.000000953674316,10,5.263157844543457,5,9.523809432983398,5.900180339813232,8589934592,2147483648,5872271360,366018560
203,1772014131957,3204,3204,3204,3204,3204,3204,3204,3204,28.571430206298828,23.809524536132813,19.047618865966797,14.285715103149414,18.18181800842285,14.285715103149414,13.636363983154297,9.523809432983398,5.900180339813232,8589934592,2147483648,5865586688,366018560
202,1772014132161,3204,3204,3204,3204,3204,3204,3204,3204,25,21.052631378173828,19.047618865966797,5.263157844543457,10,9.523809432983398,4.761904716491699,5,5.900180339813232,8589934592,2147483648,5863702528,366018560
200,1772014132365,3204,3204,3204,3204,3204,3204,3204,3204,30.000001907348633,22.72727394104004,21.052631378173828,15.000000953674316,10,10,0,4.761904716491699,5.900180339813232,8589934592,2147483648,5864538112,366018560
203,1772014132565,3204,3204,3204,3204,3204,3204,3204,3204,15.000000953674316,30.000001907348633,10,13.636363983154297,10,0,5,0,5.090756416320801,8589934592,2147483648,5862408192,366018560
201,1772014132770,3204,3204,3204,3204,3204,3204,3204,3204,19.047618865966797,30.000001907348633,14.285715103149414,5.263157844543457,19.047618865966797,14.285715103149414,10,10,5.090756416320801,8589934592,2147483648,5862408192,366018560
202,1772014132971,3204,3204,3204,3204,3204,3204,3204,3204,21.052631378173828,31.57894515991211,15.789472579956055,14.285715103149414,5,9.523809432983398,5,5,5.090756416320801,8589934592,2147483648,5862408192,366018560
209,1772014133175,3204,3204,3204,3204,3204,3204,3204,3204,33.333335876464844,25,23.809524536132813,10,10,5,4.761904716491699,0,5.090756416320801,8589934592,2147483648,5862408192,366018560
205,1772014133385,3204,3204,3204,3204,3204,3204,3204,3204,23.809524536132813,22.72727394104004,20,14.285715103149414,5,5,4.761904716491699,13.043478012084961,5.090756416320801,8589934592,2147483648,5859098624,366018560
204,1772014133591,3204,3204,3204,3204,3204,3204,3204,3204,20,15.000000953674316,14.285715103149414,30.000001907348633,13.636363983154297,9.090909004211426,4.761904716491699,0,5.060542583465576,8589934592,2147483648,5854904320,366018560
209,1772014133796,3204,3204,3204,3204,3204,3204,3204,3204,28.571430206298828,20,19.047618865966797,33.333335876464844,10,5,0,0,5.060542583465576,8589934592,2147483648,5857837056,366018560
209,1772014134006,3204,3204,3204,3204,3204,3204,3204,3204,15.000000953674316,19.047618865966797,20,14.285715103149414,23.809524536132813,15.000000953674316,9.523809432983398,9.523809432983398,5.060542583465576,8589934592,2147483648,5859786752,366018560
208,1772014134215,3204,3204,3204,3204,3204,3204,3204,3204,22.72727394104004,27.272727966308594,19.047618865966797,5,10,4.761904716491699,9.090909004211426,4.761904716491699,5.060542583465576,8589934592,2147483648,5858754560,366018560
209,1772014134424,3204,3204,3204,3204,3204,3204,3204,3204,25,20,19.047618865966797,14.285715103149414,19.047618865966797,23.809524536132813,10,4.761904716491699,5.1129231452941895,8589934592,2147483648,5863866368,366018560
205,1772014134634,3204,3204,3204,3204,3204,3204,3204,3204,71.42857360839844,57.142860412597656,47.619049072265625,57.142860412597656,18.18181800842285,10,4.761904716491699,4.761904716491699,5.1129231452941895,8589934592,2147483648,5871321088,366018560
207,1772014134840,3204,3204,3204,3204,3204,3204,3204,3204,50,35,33.333335876464844,33.333335876464844,26.3157901763916,19.047618865966797,14.285715103149414,9.523809432983398,5.1129231452941895,8589934592,2147483648,5873139712,366018560
208,1772014135048,3204,3204,3204,3204,3204,3204,3204,3204,28.571430206298828,23.809524536132813,10,10,19.047618865966797,19.047618865966797,14.285715103149414,10,5.1129231452941895,8589934592,2147483648,5872091136,366018560
209,1772014135257,3204,3204,3204,3204,3204,3204,3204,3204,19.047618865966797,14.285715103149414,14.285715103149414,9.523809432983398,15.000000953674316,9.523809432983398,9.523809432983398,9.523809432983398,5.1129231452941895,8589934592,2147483648,5871697920,366018560
209,1772014135467,3204,3204,3204,3204,3204,3204,3204,3204,21.052631378173828,15.000000953674316,23.809524536132813,14.285715103149414,13.636363983154297,9.523809432983398,9.523809432983398,4.761904716491699,5.180525302886963,8589934592,2147483648,5871501312,366018560
204,1772014135677,3204,3204,3204,3204,3204,3204,3204,3204,26.086956024169922,14.285715103149414,30.000001907348633,9.523809432983398,14.285715103149414,9.523809432983398,4.761904716491699,4.761904716491699,5.180525302886963,8589934592,2147483648,5870829568,366018560
207,1772014135882,3204,3204,3204,3204,3204,3204,3204,3204,20,19.047618865966797,28.571430206298828,15.000000953674316,10.526315689086914,10,5,5,5.180525302886963,8589934592,2147483648,5871108096,366018560
200,1772014136090,3204,3204,3204,3204,3204,3204,3204,3204,26.3157901763916,25,22.72727394104004,23.809524536132813,19.047618865966797,14.285715103149414,14.285715103149414,13.636363983154297,5.180525302886963,8589934592,2147483648,5867569152,366018560
208,1772014136291,3204,3204,3204,3204,3204,3204,3204,3204,28.571430206298828,25,15.789472579956055,15.000000953674316,14.285715103149414,5,5,0,5.180525302886963,8589934592,2147483648,5869797376,366018560
206,1772014136501,3204,3204,3204,3204,3204,3204,3204,3204,25,23.809524536132813,14.285715103149414,18.18181800842285,14.285715103149414,9.523809432983398,9.523809432983398,5,5.888993263244629,8589934592,2147483648,5872926720,366018560
204,1772014136707,3204,3204,3204,3204,3204,3204,3204,3204,28.571430206298828,19.047618865966797,10,5.263157844543457,10,9.523809432983398,0,4.761904716491699,5.888993263244629,8589934592,2147483648,5870698496,366018560
205,1772014136912,3204,3204,3204,3204,3204,3204,3204,3204,28.571430206298828,25,14.285715103149414,14.285715103149414,14.285715103149414,5.263157844543457,5,4.761904716491699,5.888993263244629,8589934592,2147483648,5876383744,366018560
206,1772014137117,3204,3204,3204,3204,3204,3204,3204,3204,35,25,20,15.000000953674316,10,9.523809432983398,9.090909004211426,0,5.888993263244629,8589934592,2147483648,5871026176,366018560
207,1772014137324,3204,3204,3204,3204,3204,3204,3204,3204,23.809524536132813,19.047618865966797,10,14.285715103149414,9.523809432983398,5,5,4.761904716491699,5.888993263244629,8589934592,2147483648,5873188864,366018560
209,1772014137532,3204,3204,3204,3204,3204,3204,3204,3204,25,19.047618865966797,19.047618865966797,10,10,13.636363983154297,0,5,5.190739154815674,8589934592,2147483648,5874040832,366018560
208,1772014137742,3204,3204,3204,3204,3204,3204,3204,3204,28.571430206298828,25,14.285715103149414,18.18181800842285,9.090909004211426,0,4.545454502105713,0,5.190739154815674,8589934592,2147483648,5873336320,366018560
205,1772014137950,3204,3204,3204,3204,3204,3204,3204,3204,30.000001907348633,28.571430206298828,14.285715103149414,15.000000953674316,5,9.523809432983398,0,0,5.190739154815674,8589934592,2147483648,5876940800,366018560
209,1772014138156,3204,3204,3204,3204,3204,3204,3204,3204,33.333335876464844,20,10,13.636363983154297,19.047618865966797,9.523809432983398,4.761904716491699,9.090909004211426,5.190739154815674,8589934592,2147483648,5880217600,366018560
209,1772014138366,3204,3204,3204,3204,3204,3204,3204,3204,28.571430206298828,18.18181800842285,14.285715103149414,10,5,4.761904716491699,4.761904716491699,0,5.190739154815674,8589934592,2147483648,5871403008,366018560
208,1772014138576,3204,3204,3204,3204,3204,3204,3204,3204,28.571430206298828,15.000000953674316,19.047618865966797,23.809524536132813,13.636363983154297,9.523809432983398,4.761904716491699,4.761904716491699,5.00938606262207,8589934592,2147483648,5869223936,366018560
204,1772014138785,3204,3204,3204,3204,3204,3204,3204,3204,23.809524536132813,19.047618865966797,19.047618865966797,28.571430206298828,10,9.523809432983398,9.523809432983398,4.761904716491699,5.00938606262207,8589934592,2147483648,5871583232,366018560
200,1772014138991,3204,3204,3204,3204,3204,3204,3204,3204,15.789472579956055,19.047618865966797,19.047618865966797,21.052631378173828,14.285715103149414,5,0,5,5.00938606262207,8589934592,2147483648,5875089408,366018560
209,1772014139192,3204,3204,3204,3204,3204,3204,3204,3204,33.333335876464844,26.3157901763916,15.000000953674316,19.047618865966797,10,10,5,0,5.00938606262207,8589934592,2147483648,5875089408,366018560
209,1772014139402,3204,3204,3204,3204,3204,3204,3204,3204,28.571430206298828,23.809524536132813,10,9.523809432983398,19.047618865966797,27.272727966308594,9.523809432983398,9.523809432983398,4.984633922576904,8589934592,2147483648,5875089408,366018560
207,1772014139611,3204,3204,3204,3204,3204,3204,3204,3204,20,22.72727394104004,14.285715103149414,15.000000953674316,9.523809432983398,5,9.090909004211426,4.761904716491699,4.984633922576904,8589934592,2147483648,5865897984,366018560
204,1772014139819,3204,3204,3204,3204,3204,3204,3204,3204,22.72727394104004,15.000000953674316,28.571430206298828,9.523809432983398,15.000000953674316,14.285715103149414,5,4.761904716491699,4.984633922576904,8589934592,2147483648,5868912640,366018560
208,1772014140024,3204,3204,3204,3204,3204,3204,3204,3204,30.000001907348633,20,19.047618865966797,15.000000953674316,14.285715103149414,10,5,5,4.984633922576904,8589934592,2147483648,5868912640,366018560
205,1772014140233,3204,3204,3204,3204,3204,3204,3204,3204,23.809524536132813,18.18181800842285,15.000000953674316,18.18181800842285,38.095237731933594,28.571430206298828,19.047618865966797,14.285715103149414,4.984633922576904,8589934592,2147483648,5868912640,366018560
205,1772014140439,3204,3204,3204,3204,3204,3204,3204,3204,25,21.052631378173828,15.000000953674316,15.000000953674316,5.263157844543457,5,9.523809432983398,0,5.037740230560303,8589934592,2147483648,5868912640,366018560
204,1772014140645,3204,3204,3204,3204,3204,3204,3204,3204,21.052631378173828,36.3636360168457,19.047618865966797,10,14.285715103149414,10,9.523809432983398,13.636363983154297,5.037740230560303,8589934592,2147483648,5861457920,366018560
209,1772014140850,3204,3204,3204,3204,3204,3204,3204,3204,22.72727394104004,21.052631378173828,15.000000953674316,10,10,13.636363983154297,5,5,5.037740230560303,8589934592,2147483648,5856919552,366018560
201,1772014141059,3204,3204,3204,3204,3204,3204,3204,3204,28.571430206298828,27.272727966308594,23.809524536132813,18.18181800842285,9.523809432983398,5,4.761904716491699,4.761904716491699,5.037740230560303,8589934592,2147483648,5860556800,366018560
205,1772014141261,3204,3204,3204,3204,3204,3204,3204,3204,30.000001907348633,21.052631378173828,15.000000953674316,10.526315689086914,14.285715103149414,9.523809432983398,5,0,5.037740230560303,8589934592,2147483648,5861556224,366018560
208,1772014141467,3204,3204,3204,3204,3204,3204,3204,3204,25,25,14.285715103149414,14.285715103149414,5,5,0,4.761904716491699,5.547050476074219,8589934592,2147483648,5863915520,366018560
204,1772014141676,3204,3204,3204,3204,3204,3204,3204,3204,23.809524536132813,22.72727394104004,15.000000953674316,28.571430206298828,9.523809432983398,0,4.761904716491699,0,5.547050476074219,8589934592,2147483648,5858574336,366018560
202,1772014141881,3204,3204,3204,3204,3204,3204,3204,3204,25,15.789472579956055,14.285715103149414,19.047618865966797,5,9.523809432983398,0,4.761904716491699,5.547050476074219,8589934592,2147483648,5856755712,366018560
205,1772014142084,3204,3204,3204,3204,3204,3204,3204,3204,20,20,20,21.052631378173828,9.523809432983398,9.523809432983398,9.523809432983398,0,5.547050476074219,8589934592,2147483648,5856755712,366018560
207,1772014142290,3204,3204,3204,3204,3204,3204,3204,3204,23.809524536132813,23.809524536132813,19.047618865966797,22.72727394104004,10,5,4.761904716491699,4.761904716491699,5.547050476074219,8589934592,2147483648,5856755712,366018560
201,1772014142498,3204,3204,3204,3204,3204,3204,3204,3204,25,23.809524536132813,20,15.000000953674316,9.523809432983398,5,0,0,5.008922576904297,8589934592,2147483648,5856755712,366018560
200,1772014142700,3204,3204,3204,3204,3204,3204,3204,3204,15.000000953674316,15.789472579956055,30.000001907348633,14.285715103149414,10,9.523809432983398,0,0,5.008922576904297,8589934592,2147483648,5857492992,366018560
209,1772014142900,3204,3204,3204,3204,3204,3204,3204,3204,25,19.047618865966797,25,10.526315689086914,15.000000953674316,10,9.523809432983398,4.761904716491699,5.008922576904297,8589934592,2147483648,5859475456,366018560
209,1772014143111,3204,3204,3204,3204,3204,3204,3204,3204,22.72727394104004,19.047618865966797,14.285715103149414,28.571430206298828,13.636363983154297,5,4.761904716491699,4.761904716491699,5.008922576904297,8589934592,2147483648,5858934784,366018560
209,1772014143320,3204,3204,3204,3204,3204,3204,3204,3204,15.000000953674316,19.047618865966797,9.523809432983398,19.047618865966797,14.285715103149414,13.636363983154297,5,4.761904716491699,5.008922576904297,8589934592,2147483648,5857148928,366018560
209,1772014143531,3204,3204,3204,3204,3204,3204,3204,3204,52.38095474243164,45,42.85714340209961,35,0,4.761904716491699,0,0,5.005047798156738,8589934592,2147483648,5866110976,366018560
209,1772014143740,3204,3204,3204,3204,3204,3204,3204,3204,42.85714340209961,38.095237731933594,42.85714340209961,54.54545593261719,5,4.761904716491699,0,0,5.005047798156738,8589934592,2147483648,5864964096,366018560
206,1772014143950,3204,3204,3204,3204,3204,3204,3204,3204,30.000001907348633,22.72727394104004,20,28.571430206298828,9.090909004211426,5,9.090909004211426,4.761904716491699,5.005047798156738,8589934592,2147483648,5865340928,366018560
208,1772014144157,3204,3204,3204,3204,3204,3204,3204,3204,27.272727966308594,30.000001907348633,22.72727394104004,15.000000953674316,10,4.761904716491699,0,0,5.005047798156738,8589934592,2147483648,5864783872,366018560
209,1772014144366,3204,3204,3204,3204,3204,3204,3204,3204,20,20,15.000000953674316,14.285715103149414,28.571430206298828,25,19.047618865966797,9.523809432983398,5.005047798156738,8589934592,2147483648,5866733568,366018560
201,1772014144576,3204,3204,3204,3204,3204,3204,3204,3204,15.000000953674316,23.809524536132813,19.047618865966797,9.523809432983398,27.272727966308594,33.333335876464844,9.523809432983398,4.761904716491699,5.067518711090088,8589934592,2147483648,5875859456,366018560
208,1772014144778,3204,3204,3204,3204,3204,3204,3204,3204,35,35,28.571430206298828,10.526315689086914,0,9.523809432983398,5,0,5.067518711090088,8589934592,2147483648,5866668032,366018560
209,1772014144986,3204,3204,3204,3204,3204,3204,3204,3204,50,45.45454788208008,40,39.130435943603516,14.285715103149414,4.761904716491699,4.761904716491699,4.761904716491699,5.067518711090088,8589934592,2147483648,5873172480,366018560
201,1772014145196,3204,3204,3204,3204,3204,3204,3204,3204,25,15.789472579956055,28.571430206298828,15.000000953674316,14.285715103149414,5,0,0,5.067518711090088,8589934592,2147483648,5872107520,366018560
202,1772014145398,3204,3204,3204,3204,3204,3204,3204,3204,20,14.285715103149414,15.789472579956055,10,5.263157844543457,9.523809432983398,5,14.285715103149414,5.6993279457092285,8589934592,2147483648,5872107520,366018560
209,1772014145601,3204,3204,3204,3204,3204,3204,3204,3204,25,20,28.571430206298828,19.047618865966797,9.523809432983398,5,4.761904716491699,4.761904716491699,5.6993279457092285,8589934592,2147483648,5872107520,366018560
203,1772014145811,3204,3204,3204,3204,3204,3204,3204,3204,23.809524536132813,14.285715103149414,25,5.263157844543457,9.523809432983398,4.761904716491699,4.545454502105713,0,5.6993279457092285,8589934592,2147483648,5872140288,366018560
201,1772014146015,3204,3204,3204,3204,3204,3204,3204,3204,23.809524536132813,19.047618865966797,28.571430206298828,18.18181800842285,5,9.523809432983398,5,5,5.6993279457092285,8589934592,2147483648,5875580928,366018560
206,1772014146217,3204,3204,3204,3204,3204,3204,3204,3204,21.052631378173828,15.000000953674316,25,15.000000953674316,14.285715103149414,5.263157844543457,5,5,5.6993279457092285,8589934592,2147483648,5872123904,366018560
209,1772014146424,3204,3204,3204,3204,3204,3204,3204,3204,22.72727394104004,15.000000953674316,20,5.263157844543457,10,9.523809432983398,4.761904716491699,0,5.544051170349121,8589934592,2147483648,5874286592,366018560
209,1772014146634,3204,3204,3204,3204,3204,3204,3204,3204,25,19.047618865966797,27.272727966308594,18.18181800842285,9.523809432983398,4.761904716491699,0,4.545454502105713,5.544051170349121,8589934592,2147483648,5873647616,366018560
204,1772014146844,3204,3204,3204,3204,3204,3204,3204,3204,33.333335876464844,15.000000953674316,23.809524536132813,10,9.523809432983398,9.523809432983398,4.761904716491699,0,5.544051170349121,8589934592,2147483648,5873418240,366018560
207,1772014147050,3204,3204,3204,3204,3204,3204,3204,3204,28.571430206298828,23.809524536132813,15.000000953674316,19.047618865966797,5,5,4.761904716491699,0,5.544051170349121,8589934592,2147483648,5872992256,366018560
209,1772014147257,3204,3204,3204,3204,3204,3204,3204,3204,25,28.571430206298828,14.285715103149414,14.285715103149414,9.523809432983398,9.090909004211426,0,4.545454502105713,5.544051170349121,8589934592,2147483648,5872893952,366018560
201,1772014147467,3204,3204,3204,3204,3204,3204,3204,3204,23.809524536132813,23.809524536132813,19.047618865966797,10,5,5,4.761904716491699,9.523809432983398,4.904600620269775,8589934592,2147483648,5872893952,366018560
206,1772014147669,3204,3204,3204,3204,3204,3204,3204,3204,40,31.57894515991211,26.3157901763916,33.333335876464844,33.333335876464844,25,21.052631378173828,20,4.904600620269775,8589934592,2147483648,5872893952,366018560
208,1772014147875,3204,3204,3204,3204,3204,3204,3204,3204,15.000000953674316,15.000000953674316,13.636363983154297,20,4.761904716491699,4.761904716491699,4.761904716491699,0,4.904600620269775,8589934592,2147483648,5873614848,366018560
205,1772014148084,3204,3204,3204,3204,3204,3204,3204,3204,28.571430206298828,22.72727394104004,15.000000953674316,28.571430206298828,10,5,0,0,4.904600620269775,8589934592,2147483648,5871828992,366018560
206,1772014148290,3204,3204,3204,3204,3204,3204,3204,3204,30.000001907348633,20,15.000000953674316,19.047618865966797,13.636363983154297,14.285715103149414,5,9.523809432983398,4.904600620269775,8589934592,2147483648,5870829568,366018560
202,1772014148497,3204,3204,3204,3204,3204,3204,3204,3204,28.571430206298828,23.809524536132813,28.571430206298828,28.571430206298828,5,4.761904716491699,4.761904716491699,0,4.876168727874756,8589934592,2147483648,5870829568,366018560
208,1772014148700,3204,3204,3204,3204,3204,3204,3204,3204,30.000001907348633,20,15.000000953674316,21.052631378173828,10,5.263157844543457,9.523809432983398,4.761904716491699,4.876168727874756,8589934592,2147483648,5870829568,366018560
202,1772014148908,3204,3204,3204,3204,3204,3204,3204,3204,23.809524536132813,20,15.000000953674316,28.571430206298828,19.047618865966797,14.285715103149414,5,5,4.876168727874756,8589934592,2147483648,5865701376,366018560
208,1772014149111,3204,3204,3204,3204,3204,3204,3204,3204,25,23.809524536132813,28.571430206298828,20,10,9.523809432983398,5,5,4.876168727874756,8589934592,2147483648,5866913792,366018560
209,1772014149320,3204,3204,3204,3204,3204,3204,3204,3204,20,15.000000953674316,20,9.523809432983398,10,9.523809432983398,4.761904716491699,9.090909004211426,4.876168727874756,8589934592,2147483648,5869092864,366018560
203,1772014149530,3204,3204,3204,3204,3204,3204,3204,3204,22.72727394104004,14.285715103149414,23.809524536132813,14.285715103149414,19.047618865966797,20,9.523809432983398,4.761904716491699,5.326530933380127,8589934592,2147483648,5869092864,366018560
209,1772014149733,3204,3204,3204,3204,3204,3204,3204,3204,25,36.3636360168457,20,14.285715103149414,9.523809432983398,9.523809432983398,4.761904716491699,0,5.326530933380127,8589934592,2147483648,5869092864,366018560
200,1772014149943,3204,3204,3204,3204,3204,3204,3204,3204,20,25,14.285715103149414,14.285715103149414,14.285715103149414,4.761904716491699,0,4.545454502105713,5.326530933380127,8589934592,2147483648,5871190016,366018560
203,1772014150144,3204,3204,3204,3204,3204,3204,3204,3204,28.571430206298828,30.000001907348633,19.047618865966797,15.000000953674316,10,10,9.523809432983398,5.263157844543457,5.326530933380127,8589934592,2147483648,5871910912,366018560
201,1772014150348,3204,3204,3204,3204,3204,3204,3204,3204,25,30.000001907348633,20,5.263157844543457,9.523809432983398,5,9.523809432983398,0,5.326530933380127,8589934592,2147483648,5869961216,366018560
202,1772014150551,3204,3204,3204,3204,3204,3204,3204,3204,23.809524536132813,20,19.047618865966797,14.285715103149414,5.263157844543457,9.523809432983398,5,5,5.033331394195557,8589934592,2147483648,5868847104,366018560
207,1772014150753,3204,3204,3204,3204,3204,3204,3204,3204,22.22222328186035,25,15.000000953674316,25,14.285715103149414,5.263157844543457,5,4.761904716491699,5.033331394195557,8589934592,2147483648,5868847104,366018560
209,1772014150961,3204,3204,3204,3204,3204,3204,3204,3204,19.047618865966797,23.809524536132813,10,28.571430206298828,15.000000953674316,13.636363983154297,0,4.761904716491699,5.033331394195557,8589934592,2147483648,5878120448,366018560
204,1772014151171,3204,3204,3204,3204,3204,3204,3204,3204,31.81818199157715,20,19.047618865966797,23.809524536132813,13.636363983154297,5,4.761904716491699,0,5.033331394195557,8589934592,2147483648,5867126784,366018560
209,1772014151376,3204,3204,3204,3204,3204,3204,3204,3204,20,23.809524536132813,15.000000953674316,10,5.263157844543457,9.523809432983398,9.523809432983398,9.523809432983398,5.033331394195557,8589934592,2147483648,5866962944,366018560
201,1772014151585,3204,3204,3204,3204,3204,3204,3204,3204,25,25,19.047618865966797,19.047618865966797,13.636363983154297,5,4.761904716491699,4.545454502105713,5.029001235961914,8589934592,2147483648,5867372544,366018560
202,1772014151787,3204,3204,3204,3204,3204,3204,3204,3204,25,19.047618865966797,10,15.000000953674316,31.57894515991211,28.571430206298828,10.526315689086914,5.263157844543457,5.029001235961914,8589934592,2147483648,5867372544,366018560
204,1772014151990,3204,3204,3204,3204,3204,3204,3204,3204,20,15.000000953674316,20,15.000000953674316,31.57894515991211,26.3157901763916,19.047618865966797,10,5.029001235961914,8589934592,2147483648,5874417664,366018560
202,1772014152195,3204,3204,3204,3204,3204,3204,3204,3204,23.809524536132813,25,14.285715103149414,19.047618865966797,9.523809432983398,9.523809432983398,0,9.090909004211426,5.029001235961914,8589934592,2147483648,5873008640,366018560
200,1772014152398,3204,3204,3204,3204,3204,3204,3204,3204,25,30.000001907348633,10,10,14.285715103149414,4.761904716491699,4.761904716491699,0,5.003966808319092,8589934592,2147483648,5874434048,366018560
200,1772014152599,3204,3204,3204,3204,3204,3204,3204,3204,25,19.047618865966797,20,10,5,5.263157844543457,5.263157844543457,5,5.003966808319092,8589934592,2147483648,5875220480,366018560
205,1772014152801,3204,3204,3204,3204,3204,3204,3204,3204,33.333335876464844,15.789472579956055,25,15.000000953674316,10,9.523809432983398,4.761904716491699,0,5.003966808319092,8589934592,2147483648,5874565120,366018560
208,1772014153006,3204,3204,3204,3204,3204,3204,3204,3204,25,19.047618865966797,20,9.523809432983398,5,0,0,0,5.003966808319092,8589934592,2147483648,5875695616,366018560
204,1772014153215,3204,3204,3204,3204,3204,3204,3204,3204,15.000000953674316,20,23.809524536132813,10,14.285715103149414,14.285715103149414,9.523809432983398,9.523809432983398,5.003966808319092,8589934592,2147483648,5871730688,366018560
207,1772014153420,3204,3204,3204,3204,3204,3204,3204,3204,30.000001907348633,15.000000953674316,20,5,14.285715103149414,10,5,5,5.623865127563477,8589934592,2147483648,5870288896,366018560
205,1772014153628,3204,3204,3204,3204,3204,3204,3204,3204,28.571430206298828,27.272727966308594,23.809524536132813,14.285715103149414,9.523809432983398,4.761904716491699,4.761904716491699,0,5.623865127563477,8589934592,2147483648,5870190592,366018560
209,1772014153833,3204,3204,3204,3204,3204,3204,3204,3204,28.571430206298828,15.000000953674316,19.047618865966797,14.285715103149414,10,9.523809432983398,4.761904716491699,9.090909004211426,5.623865127563477,8589934592,2147483648,5870256128,366018560
203,1772014154044,3204,3204,3204,3204,3204,3204,3204,3204,30.000001907348633,23.809524536132813,19.047618865966797,14.285715103149414,9.523809432983398,9.523809432983398,4.761904716491699,4.761904716491699,5.623865127563477,8589934592,2147483648,5872320512,366018560
200,1772014154247,3204,3204,3204,3204,3204,3204,3204,3204,38.095237731933594,20,10,14.285715103149414,5,5,9.523809432983398,0,5.623865127563477,8589934592,2147483648,5870272512,366018560
209,1772014154448,3204,3204,3204,3204,3204,3204,3204,3204,30.000001907348633,25,10.526315689086914,10.526315689086914,19.047618865966797,20,10.526315689086914,5,4.966405868530273,8589934592,2147483648,5872156672,366018560
201,1772014154659,3204,3204,3204,3204,3204,3204,3204,3204,25,27.272727966308594,22.72727394104004,14.285715103149414,9.523809432983398,0,0,0,4.966405868530273,8589934592,2147483648,5871484928,366018560
201,1772014154861,3204,3204,3204,3204,3204,3204,3204,3204,30.000001907348633,21.052631378173828,15.000000953674316,10,5,9.523809432983398,9.523809432983398,0,4.966405868530273,8589934592,2147483648,5871861760,366018560
201,1772014155063,3204,3204,3204,3204,3204,3204,3204,3204,28.571430206298828,15.000000953674316,15.000000953674316,10,20,14.285715103149414,10,5,4.966405868530273,8589934592,2147483648,5874450432,366018560
209,1772014155264,3204,3204,3204,3204,3204,3204,3204,3204,20,15.000000953674316,15.000000953674316,9.523809432983398,25,15.789472579956055,10.526315689086914,10,4.966405868530273,8589934592,2147483648,5874352128,366018560
207,1772014155474,3204,3204,3204,3204,3204,3204,3204,3204,20,19.047618865966797,10,5,10,9.523809432983398,9.090909004211426,0,5.049655437469482,8589934592,2147483648,5865275392,366018560
200,1772014155682,3204,3204,3204,3204,3204,3204,3204,3204,33.333335876464844,19.047618865966797,22.72727394104004,14.285715103149414,9.523809432983398,5,5,9.523809432983398,5.049655437469482,8589934592,2147483648,5865275392,366018560
206,1772014155883,3204,3204,3204,3204,3204,3204,3204,3204,25,15.789472579956055,15.000000953674316,5.263157844543457,10,9.523809432983398,4.761904716491699,4.761904716491699,5.049655437469482,8589934592,2147483648,5865275392,366018560
207,1772014156090,3204,3204,3204,3204,3204,3204,3204,3204,28.571430206298828,19.047618865966797,10,14.285715103149414,15.000000953674316,9.523809432983398,10.526315689086914,5,5.049655437469482,8589934592,2147483648,5862899712,366018560
208,1772014156298,3204,3204,3204,3204,3204,3204,3204,3204,38.095237731933594,23.809524536132813,19.047618865966797,19.047618865966797,19.047618865966797,10,13.636363983154297,5,5.049655437469482,8589934592,2147483648,5863948288,366018560
209,1772014156507,3204,3204,3204,3204,3204,3204,3204,3204,25,19.047618865966797,10,9.523809432983398,9.090909004211426,4.545454502105713,0,4.545454502105713,5.242979049682617,8589934592,2147483648,5864488960,366018560
209,1772014156717,3204,3204,3204,3204,3204,3204,3204,3204,31.81818199157715,20,22.72727394104004,14.285715103149414,5,5,4.545454502105713,0,5.242979049682617,8589934592,2147483648,5865586688,366018560
200,1772014156927,3204,3204,3204,3204,3204,3204,3204,3204,28.571430206298828,18.18181800842285,19.047618865966797,13.636363983154297,9.523809432983398,4.761904716491699,0,0,5.242979049682617,8589934592,2147483648,5864783872,366018560
203,1772014157128,3204,3204,3204,3204,3204,3204,3204,3204,21.052631378173828,21.052631378173828,10.526315689086914,10.526315689086914,30.000001907348633,15.789472579956055,10,13.636363983154297,5.242979049682617,8589934592,2147483648,5867569152,366018560
201,1772014157332,3204,3204,3204,3204,3204,3204,3204,3204,15.000000953674316,33.333335876464844,20,14.285715103149414,33.333335876464844,28.571430206298828,14.285715103149414,0,5.242979049682617,8589934592,2147483648,5871075328,366018560
203,1772014157533,3204,3204,3204,3204,3204,3204,3204,3204,20,15.000000953674316,25,20,15.789472579956055,5,10,5,5.143333911895752,8589934592,2147483648,5868371968,366018560
205,1772014157737,3204,3204,3204,3204,3204,3204,3204,3204,25,28.571430206298828,33.333335876464844,10.526315689086914,9.523809432983398,5,0,0,5.143333911895752,8589934592,2147483648,5869142016,366018560
206,1772014157943,3204,3204,3204,3204,3204,3204,3204,3204,25,21.052631378173828,10,10,5,5,4.761904716491699,4.761904716491699,5.143333911895752,8589934592,2147483648,5868814336,366018560
200,1772014158150,3204,3204,3204,3204,3204,3204,3204,3204,23.809524536132813,35,19.047618865966797,14.285715103149414,10,9.090909004211426,0,0,5.143333911895752,8589934592,2147483648,5866749952,366018560
206,1772014158351,3204,3204,3204,3204,3204,3204,3204,3204,25,28.571430206298828,15.000000953674316,19.047618865966797,13.636363983154297,5,4.761904716491699,0,5.143333911895752,8589934592,2147483648,5867372544,366018560
208,1772014158559,3204,3204,3204,3204,3204,3204,3204,3204,19.047618865966797,23.809524536132813,20,14.285715103149414,5,0,0,0,5.427429676055908,8589934592,2147483648,5865914368,366018560
205,1772014158767,3204,3204,3204,3204,3204,3204,3204,3204,25,28.571430206298828,14.285715103149414,15.000000953674316,9.523809432983398,9.523809432983398,0,4.761904716491699,5.427429676055908,8589934592,2147483648,5865357312,366018560
200,1772014158974,3204,3204,3204,3204,3204,3204,3204,3204,22.72727394104004,25,19.047618865966797,14.285715103149414,5.263157844543457,9.523809432983398,5,9.090909004211426,5.427429676055908,8589934592,2147483648,5864767488,366018560
207,1772014159174,3204,3204,3204,3204,3204,3204,3204,3204,16.666667938232422,35,15.000000953674316,10,9.523809432983398,5,4.761904716491699,0,5.427429676055908,8589934592,2147483648,5865504768,366018560
209,1772014159382,3204,3204,3204,3204,3204,3204,3204,3204,28.571430206298828,28.571430206298828,19.047618865966797,20,5,9.523809432983398,4.761904716491699,4.761904716491699,5.427429676055908,8589934592,2147483648,5866930176,366018560
209,1772014159592,3204,3204,3204,3204,3204,3204,3204,3204,22.72727394104004,15.000000953674316,14.285715103149414,23.809524536132813,23.809524536132813,9.523809432983398,10,0,4.959786415100098,8589934592,2147483648,5873336320,366018560
209,1772014159802,3204,3204,3204,3204,3204,3204,3204,3204,23.809524536132813,19.047618865966797,25,14.285715103149414,13.636363983154297,0,4.761904716491699,4.545454502105713,4.959786415100098,8589934592,2147483648,5867995136,366018560
209,1772014160012,3204,3204,3204,3204,3204,3204,3204,3204,15.789472579956055,30.000001907348633,28.571430206298828,14.285715103149414,4.761904716491699,8.69565200805664,4.545454502105713,0,4.959786415100098,8589934592,2147483648,5865930752,366018560
205,1772014160222,3204,3204,3204,3204,3204,3204,3204,3204,22.72727394104004,22.72727394104004,23.809524536132813,15.000000953674316,5,5,0,0,4.959786415100098,8589934592,2147483648,5868453888,366018560
203,1772014160428,3204,3204,3204,3204,3204,3204,3204,3204,20,25,15.000000953674316,9.523809432983398,19.047618865966797,9.090909004211426,4.761904716491699,4.761904716491699,4.885134220123291,8589934592,2147483648,5868617728,366018560
199,1772014160632,3204,3204,3204,3204,3204,3204,3204,3204,20,35,14.285715103149414,10,10,10,5.263157844543457,9.523809432983398,4.885134220123291,8589934592,2147483648,5868748800,366018560
203,1772014160832,3204,3204,3204,3204,3204,3204,3204,3204,23.809524536132813,28.571430206298828,15.000000953674316,15.000000953674316,5,0,0,0,4.885134220123291,8589934592,2147483648,5871927296,366018560
203,1772014161036,3204,3204,3204,3204,3204,3204,3204,3204,25,21.052631378173828,10,19.047618865966797,10,9.523809432983398,5,4.761904716491699,4.885134220123291,8589934592,2147483648,5870288896,366018560
207,1772014161240,3204,3204,3204,3204,3204,3204,3204,3204,20,30.000001907348633,20,10,9.523809432983398,5,9.090909004211426,0,4.885134220123291,8589934592,2147483648,5870665728,366018560
209,1772014161448,3204,3204,3204,3204,3204,3204,3204,3204,19.047618865966797,27.272727966308594,10,10,14.285715103149414,5,5,5,4.9788594245910645,8589934592,2147483648,5868322816,366018560
209,1772014161658,3204,3204,3204,3204,3204,3204,3204,3204,25,33.333335876464844,18.18181800842285,18.18181800842285,14.285715103149414,13.636363983154297,5,4.761904716491699,4.9788594245910645,8589934592,2147483648,5876105216,366018560
205,1772014161868,3204,3204,3204,3204,3204,3204,3204,3204,22.72727394104004,20,19.047618865966797,14.285715103149414,25,20,14.285715103149414,13.636363983154297,4.9788594245910645,8589934592,2147483648,5867536384,366018560
209,1772014162074,3204,3204,3204,3204,3204,3204,3204,3204,25,23.809524536132813,25,10,23.809524536132813,14.285715103149414,13.636363983154297,5,4.9788594245910645,8589934592,2147483648,5871091712,366018560
202,1772014162284,3204,3204,3204,3204,3204,3204,3204,3204,25,19.047618865966797,25,14.285715103149414,20,19.047618865966797,5,4.761904716491699,4.9788594245910645,8589934592,2147483648,5873926144,366018560
206,1772014162487,3204,3204,3204,3204,3204,3204,3204,3204,28.571430206298828,20,23.809524536132813,10,4.761904716491699,9.523809432983398,0,0,4.9292731285095215,8589934592,2147483648,5871222784,366018560
208,1772014162694,3204,3204,3204,3204,3204,3204,3204,3204,15.000000953674316,19.047618865966797,28.571430206298828,14.285715103149414,10,5,5,4.761904716491699,4.9292731285095215,8589934592,2147483648,5871042560,366018560
207,1772014162903,3204,3204,3204,3204,3204,3204,3204,3204,30.000001907348633,20,15.000000953674316,10,9.523809432983398,5,9.090909004211426,0,4.9292731285095215,8589934592,2147483648,5870518272,366018560
205,1772014163111,3204,3204,3204,3204,3204,3204,3204,3204,22.72727394104004,19.047618865966797,14.285715103149414,28.571430206298828,5,4.761904716491699,4.761904716491699,9.090909004211426,4.9292731285095215,8589934592,2147483648,5870518272,366018560
209,1772014163317,3204,3204,3204,3204,3204,3204,3204,3204,25,28.571430206298828,10,23.809524536132813,14.285715103149414,10,5,5,4.9292731285095215,8589934592,2147483648,5874794496,366018560
208,1772014163527,3204,3204,3204,3204,3204,3204,3204,3204,23.809524536132813,23.809524536132813,22.72727394104004,9.523809432983398,13.636363983154297,4.761904716491699,4.761904716491699,4.761904716491699,5.594361782073975,8589934592,2147483648,5871042560,366018560
203,1772014163736,3204,3204,3204,3204,3204,3204,3204,3204,19.047618865966797,30.000001907348633,19.047618865966797,10,5,9.523809432983398,0,0,5.594361782073975,8589934592,2147483648,5872173056,366018560
202,1772014163940,3204,3204,3204,3204,3204,3204,3204,3204,20,25,10,14.285715103149414,25,10,14.285715103149414,9.523809432983398,5.594361782073975,8589934592,2147483648,5870960640,366018560
208,1772014164143,3204,3204,3204,3204,3204,3204,3204,3204,15.000000953674316,23.809524536132813,20,10,5,9.523809432983398,5,0,5.594361782073975,8589934592,2147483648,5870960640,366018560
204,1772014164351,3204,3204,3204,3204,3204,3204,3204,3204,28.571430206298828,20,28.571430206298828,14.285715103149414,13.636363983154297,5,0,4.761904716491699,5.594361782073975,8589934592,2147483648,5874122752,366018560
209,1772014164556,3204,3204,3204,3204,3204,3204,3204,3204,20,20,25,10,10,22.72727394104004,4.761904716491699,5,4.946201801300049,8589934592,2147483648,5869273088,366018560
209,1772014164766,3204,3204,3204,3204,3204,3204,3204,3204,28.571430206298828,33.333335876464844,35,23.809524536132813,9.090909004211426,0,0,0,4.946201801300049,8589934592,2147483648,5857951744,366018560
201,1772014164976,3204,3204,3204,3204,3204,3204,3204,3204,19.047618865966797,19.047618865966797,22.72727394104004,9.523809432983398,10.526315689086914,14.285715103149414,13.636363983154297,13.636363983154297,4.946201801300049,8589934592,2147483648,5854691328,366018560
203,1772014165178,3204,3204,3204,3204,3204,3204,3204,3204,25,28.571430206298828,15.789472579956055,10,9.523809432983398,9.523809432983398,0,0,4.946201801300049,8589934592,2147483648,5854658560,366018560
208,1772014165382,3204,3204,3204,3204,3204,3204,3204,3204,15.000000953674316,21.052631378173828,19.047618865966797,20,20,10,9.523809432983398,5,4.946201801300049,8589934592,2147483648,5857296384,366018560
207,1772014165591,3204,3204,3204,3204,3204,3204,3204,3204,19.047618865966797,18.18181800842285,14.285715103149414,25,9.523809432983398,9.523809432983398,0,4.545454502105713,5.166989326477051,8589934592,2147483648,5855739904,366018560
207,1772014165799,3204,3204,3204,3204,3204,3204,3204,3204,19.047618865966797,15.000000953674316,10,34.78260803222656,10,5,13.636363983154297,5,5.166989326477051,8589934592,2147483648,5855739904,366018560
206,1772014166007,3204,3204,3204,3204,3204,3204,3204,3204,20,23.809524536132813,23.809524536132813,20,19.047618865966797,5,0,0,5.166989326477051,8589934592,2147483648,5855739904,366018560
209,1772014166213,3204,3204,3204,3204,3204,3204,3204,3204,23.809524536132813,20,14.285715103149414,19.047618865966797,14.285715103149414,13.636363983154297,9.523809432983398,9.523809432983398,5.166989326477051,8589934592,2147483648,5855739904,366018560
209,1772014166423,3204,3204,3204,3204,3204,3204,3204,3204,25,23.809524536132813,19.047618865966797,10,9.523809432983398,5,4.761904716491699,0,5.248072624206543,8589934592,2147483648,5850251264,366018560
205,1772014166633,3204,3204,3204,3204,3204,3204,3204,3204,36.3636360168457,33.333335876464844,23.809524536132813,19.047618865966797,4.761904716491699,9.523809432983398,0,4.761904716491699,5.248072624206543,8589934592,2147483648,5851381760,366018560
209,1772014166839,3204,3204,3204,3204,3204,3204,3204,3204,26.3157901763916,25,15.789472579956055,19.047618865966797,35,25,14.285715103149414,14.285715103149414,5.248072624206543,8589934592,2147483648,5856444416,366018560
204,1772014167048,3204,3204,3204,3204,3204,3204,3204,3204,19.047618865966797,20,13.636363983154297,10,30.000001907348633,28.571430206298828,19.047618865966797,5,5.248072624206543,8589934592,2147483648,5856608256,366018560
208,1772014167253,3204,3204,3204,3204,3204,3204,3204,3204,25,33.333335876464844,15.789472579956055,14.285715103149414,10,5,5,4.761904716491699,5.248072624206543,8589934592,2147483648,5856903168,366018560
203,1772014167462,3204,3204,3204,3204,3204,3204,3204,3204,20,28.571430206298828,18.18181800842285,14.285715103149414,13.636363983154297,9.523809432983398,4.761904716491699,5,4.991136074066162,8589934592,2147483648,5856296960,366018560
206,1772014167666,3204,3204,3204,3204,3204,3204,3204,3204,23.809524536132813,25,15.000000953674316,10,10,9.523809432983398,5,0,4.991136074066162,8589934592,2147483648,5857345536,366018560
209,1772014167873,3204,3204,3204,3204,3204,3204,3204,3204,14.285715103149414,30.000001907348633,14.285715103149414,10,14.285715103149414,5,4.761904716491699,9.090909004211426,4.991136074066162,8589934592,2147483648,5859639296,366018560
209,1772014168083,3204,3204,3204,3204,3204,3204,3204,3204,28.571430206298828,22.72727394104004,23.809524536132813,13.636363983154297,14.285715103149414,14.285715103149414,9.523809432983398,4.761904716491699,4.991136074066162,8589934592,2147483648,5862948864,366018560
207,1772014168293,3204,3204,3204,3204,3204,3204,3204,3204,19.047618865966797,20,15.000000953674316,9.523809432983398,14.285715103149414,14.285715103149414,10,9.523809432983398,4.991136074066162,8589934592,2147483648,5856772096,366018560
205,1772014168500,3204,3204,3204,3204,3204,3204,3204,3204,20,22.72727394104004,27.272727966308594,15.000000953674316,5.263157844543457,9.090909004211426,4.761904716491699,4.761904716491699,5.634511947631836,8589934592,2147483648,5852954624,366018560
209,1772014168706,3204,3204,3204,3204,3204,3204,3204,3204,23.809524536132813,15.000000953674316,26.3157901763916,10,9.523809432983398,0,0,0,5.634511947631836,8589934592,2147483648,5851725824,366018560
205,1772014168916,3204,3204,3204,3204,3204,3204,3204,3204,19.047618865966797,25,27.272727966308594,14.285715103149414,9.523809432983398,9.523809432983398,13.636363983154297,9.523809432983398,5.634511947631836,8589934592,2147483648,5853757440,366018560
206,1772014169121,3204,3204,3204,3204,3204,3204,3204,3204,15.789472579956055,19.047618865966797,15.000000953674316,28.571430206298828,13.636363983154297,4.761904716491699,0,4.761904716491699,5.634511947631836,8589934592,2147483648,5854003200,366018560
209,1772014169328,3204,3204,3204,3204,3204,3204,3204,3204,22.72727394104004,20,19.047618865966797,20,10,9.523809432983398,4.761904716491699,0,5.634511947631836,8589934592,2147483648,5854003200,366018560
209,1772014169538,3204,3204,3204,3204,3204,3204,3204,3204,28.571430206298828,22.72727394104004,19.047618865966797,13.636363983154297,14.285715103149414,14.285715103149414,9.523809432983398,9.523809432983398,5.0450825691223145,8589934592,2147483648,5856346112,366018560
208,1772014169748,3204,3204,3204,3204,3204,3204,3204,3204,23.809524536132813,10.526315689086914,15.000000953674316,10,10,5,4.761904716491699,4.761904716491699,5.0450825691223145,8589934592,2147483648,5855608832,366018560
209,1772014169957,3204,3204,3204,3204,3204,3204,3204,3204,28.571430206298828,27.272727966308594,14.285715103149414,18.18181800842285,9.523809432983398,13.636363983154297,4.761904716491699,4.761904716491699,5.0450825691223145,8589934592,2147483648,5853528064,366018560
202,1772014170167,3204,3204,3204,3204,3204,3204,3204,3204,25,30.000001907348633,14.285715103149414,9.523809432983398,10,5,0,4.761904716491699,5.0450825691223145,8589934592,2147483648,5854838784,366018560
208,1772014170369,3204,3204,3204,3204,3204,3204,3204,3204,25,33.333335876464844,20,15.000000953674316,27.272727966308594,10,13.636363983154297,5,5.0450825691223145,8589934592,2147483648,5858164736,366018560
207,1772014170578,3204,3204,3204,3204,3204,3204,3204,3204,23.809524536132813,19.047618865966797,14.285715103149414,5.263157844543457,5,9.523809432983398,0,4.761904716491699,4.92896842956543,8589934592,2147483648,5854707712,366018560
208,1772014170786,3204,3204,3204,3204,3204,3204,3204,3204,19.047618865966797,15.000000953674316,15.000000953674316,19.047618865966797,19.047618865966797,19.047618865966797,14.285715103149414,9.523809432983398,4.92896842956543,8589934592,2147483648,5854445568,366018560
209,1772014170995,3204,3204,3204,3204,3204,3204,3204,3204,20,28.571430206298828,14.285715103149414,28.571430206298828,4.761904716491699,5,0,4.761904716491699,4.92896842956543,8589934592,2147483648,5854445568,366018560
209,1772014171205,3204,3204,3204,3204,3204,3204,3204,3204,27.272727966308594,28.571430206298828,13.636363983154297,18.18181800842285,10,13.636363983154297,4.761904716491699,4.761904716491699,4.92896842956543,8589934592,2147483648,5854445568,366018560
208,1772014171415,3204,3204,3204,3204,3204,3204,3204,3204,20,30.000001907348633,15.000000953674316,14.285715103149414,13.636363983154297,4.761904716491699,4.761904716491699,0,5.185380935668945,8589934592,2147483648,5854445568,366018560
203,1772014171624,3204,3204,3204,3204,3204,3204,3204,3204,19.047618865966797,27.272727966308594,9.523809432983398,9.523809432983398,10,10,13.636363983154297,9.523809432983398,5.185380935668945,8589934592,2147483648,5855739904,366018560
209,1772014171828,3204,3204,3204,3204,3204,3204,3204,3204,20,30.000001907348633,10,10.526315689086914,14.285715103149414,9.523809432983398,0,4.761904716491699,5.185380935668945,8589934592,2147483648,5859131392,366018560
200,1772014172038,3204,3204,3204,3204,3204,3204,3204,3204,28.571430206298828,23.809524536132813,19.047618865966797,22.72727394104004,9.523809432983398,5,4.761904716491699,0,5.185380935668945,8589934592,2147483648,5857624064,366018560
204,1772014172239,3204,3204,3204,3204,3204,3204,3204,3204,21.052631378173828,20,10.526315689086914,25,5.263157844543457,9.523809432983398,4.761904716491699,4.761904716491699,5.185380935668945,8589934592,2147483648,5855330304,366018560
201,1772014172443,3204,3204,3204,3204,3204,3204,3204,3204,28.571430206298828,25,22.72727394104004,20,14.285715103149414,5,0,9.523809432983398,4.974202632904053,8589934592,2147483648,5862113280,366018560
205,1772014172645,3204,3204,3204,3204,3204,3204,3204,3204,23.809524536132813,30.000001907348633,10.526315689086914,5.263157844543457,15.000000953674316,15.000000953674316,9.523809432983398,5,4.974202632904053,8589934592,2147483648,5853560832,366018560
201,1772014172851,3204,3204,3204,3204,3204,3204,3204,3204,31.57894515991211,20,19.047618865966797,18.18181800842285,9.523809432983398,5,4.761904716491699,4.761904716491699,4.974202632904053,8589934592,2147483648,5855690752,366018560
209,1772014173052,3204,3204,3204,3204,3204,3204,3204,3204,23.809524536132813,25,20,10.526315689086914,10.526315689086914,13.636363983154297,5,0,4.974202632904053,8589934592,2147483648,5852626944,366018560
205,1772014173262,3204,3204,3204,3204,3204,3204,3204,3204,25,23.809524536132813,14.285715103149414,27.272727966308594,13.636363983154297,5.263157844543457,4.761904716491699,4.761904716491699,4.974202632904053,8589934592,2147483648,5851889664,366018560
204,1772014173468,3204,3204,3204,3204,3204,3204,3204,3204,20,23.809524536132813,20,25,5,4.761904716491699,4.761904716491699,0,5.036219120025635,8589934592,2147483648,5854953472,366018560
208,1772014173673,3204,3204,3204,3204,3204,3204,3204,3204,28.571430206298828,25,19.047618865966797,10,10,4.761904716491699,0,4.761904716491699,5.036219120025635,8589934592,2147483648,5852758016,366018560
200,1772014173882,3204,3204,3204,3204,3204,3204,3204,3204,23.809524536132813,23.809524536132813,20,14.285715103149414,38.095237731933594,30.000001907348633,19.047618865966797,13.636363983154297,5.036219120025635,8589934592,2147483648,5858115584,366018560
201,1772014174083,3204,3204,3204,3204,3204,3204,3204,3204,21.052631378173828,25,15.000000953674316,10,30.000001907348633,28.571430206298828,15.000000953674316,5.555555820465088,5.036219120025635,8589934592,2147483648,5859115008,366018560
202,1772014174284,3204,3204,3204,3204,3204,3204,3204,3204,23.809524536132813,31.57894515991211,10,10,15.000000953674316,0,5,9.090909004211426,5.036219120025635,8589934592,2147483648,5859311616,366018560
208,1772014174486,3204,3204,3204,3204,3204,3204,3204,3204,25,23.809524536132813,23.809524536132813,15.000000953674316,15.000000953674316,30.000001907348633,5,10.526315689086914,5.310471057891846,8589934592,2147483648,5866455040,366018560
207,1772014174695,3204,3204,3204,3204,3204,3204,3204,3204,30.000001907348633,19.047618865966797,10,14.285715103149414,9.523809432983398,4.761904716491699,0,4.545454502105713,5.310471057891846,8589934592,2147483648,5859000320,366018560
208,1772014174903,3204,3204,3204,3204,3204,3204,3204,3204,23.809524536132813,30.000001907348633,14.285715103149414,15.000000953674316,10,9.523809432983398,9.523809432983398,0,5.310471057891846,8589934592,2147483648,5860933632,366018560
203,1772014175111,3204,3204,3204,3204,3204,3204,3204,3204,25,23.809524536132813,14.285715103149414,9.523809432983398,9.523809432983398,4.761904716491699,4.761904716491699,4.761904716491699,5.310471057891846,8589934592,2147483648,5859164160,366018560
201,1772014175315,3204,3204,3204,3204,3204,3204,3204,3204,19.047618865966797,14.285715103149414,20,10,19.047618865966797,10,5,10,5.310471057891846,8589934592,2147483648,5856329728,366018560
209,1772014175517,3204,3204,3204,3204,3204,3204,3204,3204,15.000000953674316,15.789472579956055,15.789472579956055,14.285715103149414,19.047618865966797,10,5,4.761904716491699,5.714450359344482,8589934592,2147483648,5857181696,366018560
209,1772014175727,3204,3204,3204,3204,3204,3204,3204,3204,23.809524536132813,15.000000953674316,13.636363983154297,23.809524536132813,5,4.545454502105713,4.545454502105713,0,5.714450359344482,8589934592,2147483648,5856526336,366018560
207,1772014175937,3204,3204,3204,3204,3204,3204,3204,3204,19.047618865966797,14.285715103149414,9.523809432983398,19.047618865966797,15.000000953674316,10,5,9.523809432983398,5.714450359344482,8589934592,2147483648,5860147200,366018560
209,1772014176146,3204,3204,3204,3204,3204,3204,3204,3204,23.809524536132813,27.272727966308594,19.047618865966797,19.047618865966797,9.523809432983398,9.523809432983398,9.090909004211426,4.761904716491699,5.714450359344482,8589934592,2147483648,5856739328,366018560
205,1772014176356,3204,3204,3204,3204,3204,3204,3204,3204,15.000000953674316,20,15.000000953674316,9.523809432983398,13.636363983154297,9.523809432983398,5,4.761904716491699,5.714450359344482,8589934592,2147483648,5855707136,366018560
203,1772014176561,3204,3204,3204,3204,3204,3204,3204,3204,23.809524536132813,22.72727394104004,28.571430206298828,15.000000953674316,14.285715103149414,14.285715103149414,9.523809432983398,9.523809432983398,5.217455863952637,8589934592,2147483648,5856821248,366018560
207,1772014176765,3204,3204,3204,3204,3204,3204,3204,3204,20,15.789472579956055,30.000001907348633,15.000000953674316,15.789472579956055,5,5,0,5.217455863952637,8589934592,2147483648,5855117312,366018560
209,1772014176973,3204,3204,3204,3204,3204,3204,3204,3204,23.809524536132813,19.047618865966797,28.571430206298828,15.000000953674316,4.761904716491699,0,0,4.761904716491699,5.217455863952637,8589934592,2147483648,5856362496,366018560
204,1772014177183,3204,3204,3204,3204,3204,3204,3204,3204,19.047618865966797,23.809524536132813,20,14.285715103149414,14.285715103149414,9.523809432983398,9.090909004211426,0,5.217455863952637,8589934592,2147483648,5857804288,366018560
209,1772014177388,3204,3204,3204,3204,3204,3204,3204,3204,20,25,18.18181800842285,14.285715103149414,10,5,4.761904716491699,4.761904716491699,5.0774054527282715,8589934592,2147483648,5861310464,366018560
200,1772014177598,3204,3204,3204,3204,3204,3204,3204,3204,19.047618865966797,19.047618865966797,10,28.571430206298828,14.285715103149414,13.636363983154297,5,5,5.0774054527282715,8589934592,2147483648,5858738176,366018560
208,1772014177799,3204,3204,3204,3204,3204,3204,3204,3204,25,20,15.000000953674316,25,10,10,5,5,5.0774054527282715,8589934592,2147483648,5858738176,366018560
209,1772014178007,3204,3204,3204,3204,3204,3204,3204,3204,19.047618865966797,33.333335876464844,14.285715103149414,15.000000953674316,14.285715103149414,5,4.761904716491699,4.761904716491699,5.0774054527282715,8589934592,2147483648,5856837632,366018560
209,1772014178217,3204,3204,3204,3204,3204,3204,3204,3204,30.000001907348633,23.809524536132813,15.000000953674316,14.285715103149414,9.523809432983398,13.636363983154297,9.523809432983398,4.761904716491699,5.0774054527282715,8589934592,2147483648,5855526912,366018560
209,1772014178427,3204,3204,3204,3204,3204,3204,3204,3204,38.095237731933594,40,23.809524536132813,38.095237731933594,9.523809432983398,5,4.761904716491699,9.523809432983398,4.967891216278076,8589934592,2147483648,5858983936,366018560
202,1772014178636,3204,3204,3204,3204,3204,3204,3204,3204,19.047618865966797,28.571430206298828,20,9.523809432983398,5,9.090909004211426,4.761904716491699,0,4.967891216278076,8589934592,2147483648,5855739904,366018560
209,1772014178839,3204,3204,3204,3204,3204,3204,3204,3204,20,28.571430206298828,19.047618865966797,14.285715103149414,20,10,5,10,4.967891216278076,8589934592,2147483648,5865275392,366018560
209,1772014179049,3204,3204,3204,3204,3204,3204,3204,3204,23.809524536132813,25,23.809524536132813,14.285715103149414,13.636363983154297,9.523809432983398,4.761904716491699,0,4.967891216278076,8589934592,2147483648,5856706560,366018560
209,1772014179259,3204,3204,3204,3204,3204,3204,3204,3204,25,33.333335876464844,14.285715103149414,10,13.636363983154297,5,4.761904716491699,9.090909004211426,4.967891216278076,8589934592,2147483648,5855969280,366018560
209,1772014179468,3204,3204,3204,3204,3204,3204,3204,3204,22.72727394104004,23.809524536132813,22.72727394104004,14.285715103149414,25,19.047618865966797,13.636363983154297,9.090909004211426,5.028834819793701,8589934592,2147483648,5854543872,366018560
203,1772014179678,3204,3204,3204,3204,3204,3204,3204,3204,15.000000953674316,15.000000953674316,30.000001907348633,14.285715103149414,9.523809432983398,4.761904716491699,0,0,5.028834819793701,8589934592,2147483648,5854298112,366018560
207,1772014179882,3204,3204,3204,3204,3204,3204,3204,3204,23.809524536132813,18.18181800842285,20,15.000000953674316,10,14.285715103149414,4.761904716491699,4.761904716491699,5.028834819793701,8589934592,2147483648,5854789632,366018560
209,1772014180090,3204,3204,3204,3204,3204,3204,3204,3204,20,20,23.809524536132813,14.285715103149414,14.285715103149414,5,5,4.761904716491699,5.028834819793701,8589934592,2147483648,5853347840,366018560
203,1772014180300,3204,3204,3204,3204,3204,3204,3204,3204,22.72727394104004,15.000000953674316,28.571430206298828,13.636363983154297,19.047618865966797,14.285715103149414,9.523809432983398,9.523809432983398,5.028834819793701,8589934592,2147483648,5855002624,366018560
207,1772014180504,3204,3204,3204,3204,3204,3204,3204,3204,25,30.000001907348633,23.809524536132813,11.111111640930176,5.263157844543457,5,4.761904716491699,0,4.998408317565918,8589934592,2147483648,5855002624,366018560
209,1772014180711,3204,3204,3204,3204,3204,3204,3204,3204,30.000001907348633,31.81818199157715,42.105262756347656,31.81818199157715,9.090909004211426,4.761904716491699,0,0,4.998408317565918,8589934592,2147483648,5855002624,366018560
206,1772014180921,3204,3204,3204,3204,3204,3204,3204,3204,30.000001907348633,25,23.809524536132813,9.523809432983398,14.285715103149414,9.523809432983398,14.285715103149414,4.761904716491699,4.998408317565918,8589934592,2147483648,5865422848,366018560
203,1772014181128,3204,3204,3204,3204,3204,3204,3204,3204,28.571430206298828,23.809524536132813,15.000000953674316,14.285715103149414,5.263157844543457,5,0,0,4.998408317565918,8589934592,2147483648,5856002048,366018560
209,1772014181332,3204,3204,3204,3204,3204,3204,3204,3204,20,25,18.18181800842285,15.789472579956055,13.636363983154297,9.523809432983398,9.523809432983398,5,4.998408317565918,8589934592,2147483648,5855412224,366018560
199,1772014181542,3204,3204,3204,3204,3204,3204,3204,3204,42.85714340209961,30.000001907348633,35,22.72727394104004,28.571430206298828,23.809524536132813,9.523809432983398,9.523809432983398,5.099523067474365,8589934592,2147483648,5856559104,366018560
199,1772014181742,3204,3204,3204,3204,3204,3204,3204,3204,50,42.85714340209961,36.842105865478516,25,36.842105865478516,26.3157901763916,15.000000953674316,15.000000953674316,5.099523067474365,8589934592,2147483648,5862768640,366018560
202,1772014181943,3204,3204,3204,3204,3204,3204,3204,3204,50,57.894737243652344,42.85714340209961,35,25,19.047618865966797,10.526315689086914,5,5.099523067474365,8589934592,2147483648,5875974144,366018560
204,1772014182145,3204,3204,3204,3204,3204,3204,3204,3204,52.38095474243164,47.619049072265625,42.85714340209961,36.842105865478516,10,10,9.090909004211426,5,5.099523067474365,8589934592,2147483648,5880201216,366018560
200,1772014182350,3204,3204,3204,3204,3204,3204,3204,3204,35,35,26.3157901763916,40,10,10,5.263157844543457,4.761904716491699,5.099523067474365,8589934592,2147483648,5878923264,366018560
208,1772014182551,3204,3204,3204,3204,3204,3204,3204,3204,21.052631378173828,25,15.000000953674316,28.571430206298828,5.263157844543457,0,4.761904716491699,10,5.221739768981934,8589934592,2147483648,5878808576,366018560
207,1772014182759,3204,3204,3204,3204,3204,3204,3204,3204,28.571430206298828,23.809524536132813,19.047618865966797,15.000000953674316,13.636363983154297,9.523809432983398,0,0,5.221739768981934,8589934592,2147483648,5878808576,366018560
199,1772014182967,3204,3204,3204,3204,3204,3204,3204,3204,33.333335876464844,25,10,13.636363983154297,14.285715103149414,9.523809432983398,9.523809432983398,5,5.221739768981934,8589934592,2147483648,5880938496,366018560
209,1772014183167,3204,3204,3204,3204,3204,3204,3204,3204,40,35,38.095237731933594,31.57894515991211,20,15.000000953674316,10,9.523809432983398,5.221739768981934,8589934592,2147483648,5888098304,366018560
208,1772014183378,3204,3204,3204,3204,3204,3204,3204,3204,23.809524536132813,23.809524536132813,19.047618865966797,19.047618865966797,9.523809432983398,4.761904716491699,4.761904716491699,0,5.221739768981934,8589934592,2147483648,5885558784,366018560
209,1772014183587,3204,3204,3204,3204,3204,3204,3204,3204,30.000001907348633,22.72727394104004,19.047618865966797,23.809524536132813,10,10,4.761904716491699,9.090909004211426,6.47997522354126,8589934592,2147483648,5886869504,366018560
203,1772014183797,3204,3204,3204,3204,3204,3204,3204,3204,14.285715103149414,15.000000953674316,20,13.636363983154297,18.18181800842285,13.636363983154297,9.523809432983398,9.523809432983398,6.47997522354126,8589934592,2147483648,5885411328,366018560
205,1772014184000,3204,3204,3204,3204,3204,3204,3204,3204,25,25,28.571430206298828,5.263157844543457,10,5.263157844543457,5,5,6.47997522354126,8589934592,2147483648,5886492672,366018560
209,1772014184207,3204,3204,3204,3204,3204,3204,3204,3204,19.047618865966797,19.047618865966797,20,9.523809432983398,10,13.636363983154297,9.523809432983398,4.761904716491699,6.47997522354126,8589934592,2147483648,5885886464,366018560
209,1772014184417,3204,3204,3204,3204,3204,3204,3204,3204,20,20,18.18181800842285,19.047618865966797,14.285715103149414,20,5,5,5.17881441116333,8589934592,2147483648,5888065536,366018560
204,1772014184627,3204,3204,3204,3204,3204,3204,3204,3204,22.72727394104004,19.047618865966797,10.526315689086914,28.571430206298828,9.523809432983398,4.761904716491699,4.545454502105713,13.636363983154297,5.17881441116333,8589934592,2147483648,5884821504,366018560
209,1772014184832,3204,3204,3204,3204,3204,3204,3204,3204,15.000000953674316,19.047618865966797,13.636363983154297,25,10,14.285715103149414,5,4.761904716491699,5.17881441116333,8589934592,2147483648,5885444096,366018560
205,1772014185042,3204,3204,3204,3204,3204,3204,3204,3204,23.809524536132813,20,15.000000953674316,23.809524536132813,14.285715103149414,10,13.636363983154297,5,5.17881441116333,8589934592,2147483648,5884329984,366018560
205,1772014185247,3204,3204,3204,3204,3204,3204,3204,3204,20,22.72727394104004,9.523809432983398,19.047618865966797,19.047618865966797,9.523809432983398,0,4.761904716491699,5.17881441116333,8589934592,2147483648,5892718592,366018560
202,1772014185454,3204,3204,3204,3204,3204,3204,3204,3204,19.047618865966797,15.789472579956055,15.000000953674316,15.000000953674316,10,5,5,0,5.140688419342041,8589934592,2147483648,5884182528,366018560
200,1772014185657,3204,3204,3204,3204,3204,3204,3204,3204,20,28.571430206298828,15.000000953674316,20,14.285715103149414,14.285715103149414,5,5,5.140688419342041,8589934592,2147483648,5884313600,366018560
207,1772014185858,3204,3204,3204,3204,3204,3204,3204,3204,25,25,14.285715103149414,15.000000953674316,10,10,10,5,5.140688419342041,8589934592,2147483648,5884362752,366018560
209,1772014186065,3204,3204,3204,3204,3204,3204,3204,3204,25,28.571430206298828,15.000000953674316,14.285715103149414,10,9.523809432983398,0,4.761904716491699,5.140688419342041,8589934592,2147483648,5886967808,366018560
200,1772014186275,3204,3204,3204,3204,3204,3204,3204,3204,18.18181800842285,15.789472579956055,28.571430206298828,4.761904716491699,9.523809432983398,5,8.69565200805664,0,5.140688419342041,8589934592,2147483648,5884821504,366018560
207,1772014186476,3204,3204,3204,3204,3204,3204,3204,3204,20,28.571430206298828,20,10.526315689086914,5,9.523809432983398,5,5,5.3114423751831055,8589934592,2147483648,5885509632,366018560
209,1772014186684,3204,3204,3204,3204,3204,3204,3204,3204,25,33.333335876464844,14.285715103149414,22.72727394104004,9.523809432983398,4.761904716491699,0,0,5.3114423751831055,8589934592,2147483648,5884444672,366018560
201,1772014186894,3204,3204,3204,3204,3204,3204,3204,3204,23.809524536132813,23.809524536132813,14.285715103149414,5,9.523809432983398,5,4.761904716491699,8.69565200805664,5.3114423751831055,8589934592,2147483648,5883609088,366018560
201,1772014187096,3204,3204,3204,3204,3204,3204,3204,3204,15.789472579956055,25,15.000000953674316,10,15.000000953674316,10,5,5.263157844543457,5.3114423751831055,8589934592,2147483648,5883756544,366018560
209,1772014187297,3204,3204,3204,3204,3204,3204,3204,3204,23.809524536132813,20,15.000000953674316,28.571430206298828,10,9.523809432983398,9.523809432983398,4.761904716491699,5.3114423751831055,8589934592,2147483648,5882724352,366018560
202,1772014187507,3204,3204,3204,3204,3204,3204,3204,3204,25,20,15.000000953674316,10,14.285715103149414,5,4.761904716491699,0,4.961043834686279,8589934592,2147483648,5882724352,366018560
203,1772014187710,3204,3204,3204,3204,3204,3204,3204,3204,23.809524536132813,23.809524536132813,42.85714340209961,15.000000953674316,10,9.523809432983398,0,4.761904716491699,4.961043834686279,8589934592,2147483648,5882724352,366018560
209,1772014187914,3204,3204,3204,3204,3204,3204,3204,3204,33.333335876464844,19.047618865966797,15.000000953674316,9.523809432983398,9.523809432983398,9.523809432983398,4.761904716491699,0,4.961043834686279,8589934592,2147483648,5882724352,366018560
209,1772014188124,3204,3204,3204,3204,3204,3204,3204,3204,21.052631378173828,15.000000953674316,19.047618865966797,10,14.285715103149414,10,9.523809432983398,9.090909004211426,4.961043834686279,8589934592,2147483648,5879119872,366018560
201,1772014188334,3204,3204,3204,3204,3204,3204,3204,3204,31.81818199157715,28.571430206298828,19.047618865966797,18.18181800842285,5,0,0,0,4.961043834686279,8589934592,2147483648,5877350400,366018560
203,1772014188536,3204,3204,3204,3204,3204,3204,3204,3204,30.000001907348633,15.789472579956055,10,10,9.523809432983398,10,4.761904716491699,0,4.997413635253906,8589934592,2147483648,5877563392,366018560
208,1772014188740,3204,3204,3204,3204,3204,3204,3204,3204,21.052631378173828,22.72727394104004,20,21.052631378173828,10,13.636363983154297,5,9.090909004211426,4.997413635253906,8589934592,2147483648,5881020416,366018560
199,1772014188949,3204,3204,3204,3204,3204,3204,3204,3204,28.571430206298828,15.000000953674316,14.285715103149414,18.18181800842285,35,25,10,10,4.997413635253906,8589934592,2147483648,5879431168,366018560
209,1772014189149,3204,3204,3204,3204,3204,3204,3204,3204,25,20,15.789472579956055,21.052631378173828,20,15.789472579956055,14.285715103149414,5,4.997413635253906,8589934592,2147483648,5881954304,366018560
199,1772014189359,3204,3204,3204,3204,3204,3204,3204,3204,18.18181800842285,14.285715103149414,13.636363983154297,18.18181800842285,14.285715103149414,9.523809432983398,5,5,4.997413635253906,8589934592,2147483648,5878874112,366018560
209,1772014189559,3204,3204,3204,3204,3204,3204,3204,3204,21.052631378173828,25,15.000000953674316,20,15.000000953674316,25,9.523809432983398,9.090909004211426,4.982740879058838,8589934592,2147483648,5884411904,366018560
203,1772014189770,3204,3204,3204,3204,3204,3204,3204,3204,23.809524536132813,28.571430206298828,10,14.285715103149414,9.523809432983398,9.090909004211426,9.090909004211426,0,4.982740879058838,8589934592,2147483648,5880692736,366018560
205,1772014189974,3204,3204,3204,3204,3204,3204,3204,3204,28.571430206298828,15.789472579956055,14.285715103149414,5.263157844543457,20,15.000000953674316,5.263157844543457,10,4.982740879058838,8589934592,2147483648,5878284288,366018560
209,1772014190180,3204,3204,3204,3204,3204,3204,3204,3204,25,25,14.285715103149414,14.285715103149414,23.809524536132813,15.000000953674316,10,4.761904716491699,4.982740879058838,8589934592,2147483648,5881430016,366018560
208,1772014190390,3204,3204,3204,3204,3204,3204,3204,3204,23.809524536132813,27.272727966308594,14.285715103149414,5,14.285715103149414,13.636363983154297,9.090909004211426,5,5.512802600860596,8589934592,2147483648,5879103488,366018560
207,1772014190599,3204,3204,3204,3204,3204,3204,3204,3204,10,23.809524536132813,15.000000953674316,17.39130401611328,14.285715103149414,10,9.523809432983398,9.523809432983398,5.512802600860596,8589934592,2147483648,5882380288,366018560
200,1772014190807,3204,3204,3204,3204,3204,3204,3204,3204,36.3636360168457,20,14.285715103149414,10,10,5,4.761904716491699,9.090909004211426,5.512802600860596,8589934592,2147483648,5879021568,366018560
208,1772014191008,3204,3204,3204,3204,3204,3204,3204,3204,26.3157901763916,23.809524536132813,10.526315689086914,15.000000953674316,19.047618865966797,14.285715103149414,5.263157844543457,5,5.512802600860596,8589934592,2147483648,5881511936,366018560
206,1772014191217,3204,3204,3204,3204,3204,3204,3204,3204,19.047618865966797,25,19.047618865966797,10,15.000000953674316,14.285715103149414,9.523809432983398,5,5.512802600860596,8589934592,2147483648,5883625472,366018560
204,1772014191424,3204,3204,3204,3204,3204,3204,3204,3204,15.000000953674316,19.047618865966797,14.285715103149414,14.285715103149414,14.285715103149414,10,9.523809432983398,9.090909004211426,5.454987525939941,8589934592,2147483648,5880545280,366018560
209,1772014191628,3204,3204,3204,3204,3204,3204,3204,3204,19.047618865966797,23.809524536132813,14.285715103149414,28.571430206298828,10,10,15.000000953674316,5,5.454987525939941,8589934592,2147483648,5892161536,366018560
209,1772014191839,3204,3204,3204,3204,3204,3204,3204,3204,28.571430206298828,20,14.285715103149414,25,9.523809432983398,9.090909004211426,4.545454502105713,0,5.454987525939941,8589934592,2147483648,5881315328,366018560
208,1772014192048,3204,3204,3204,3204,3204,3204,3204,3204,14.285715103149414,14.285715103149414,14.285715103149414,18.18181800842285,18.18181800842285,9.523809432983398,9.523809432983398,9.523809432983398,5.454987525939941,8589934592,2147483648,5881921536,366018560
202,1772014192257,3204,3204,3204,3204,3204,3204,3204,3204,30.000001907348633,28.571430206298828,15.000000953674316,10,5,9.523809432983398,0,0,5.454987525939941,8589934592,2147483648,5883838464,366018560
201,1772014192460,3204,3204,3204,3204,3204,3204,3204,3204,23.809524536132813,25,20,15.000000953674316,9.523809432983398,5,4.761904716491699,4.761904716491699,5.200342655181885,8589934592,2147483648,5881184256,366018560
203,1772014192662,3204,3204,3204,3204,3204,3204,3204,3204,26.3157901763916,25,15.000000953674316,20,5.263157844543457,10,0,0,5.200342655181885,8589934592,2147483648,5882920960,366018560
202,1772014192865,3204,3204,3204,3204,3204,3204,3204,3204,25,20,23.809524536132813,19.047618865966797,9.523809432983398,0,0,0,5.200342655181885,8589934592,2147483648,5879840768,366018560
209,1772014193068,3204,3204,3204,3204,3204,3204,3204,3204,23.809524536132813,19.047618865966797,15.000000953674316,25,5.263157844543457,5,4.761904716491699,5,5.200342655181885,8589934592,2147483648,5877022720,366018560
209,1772014193278,3204,3204,3204,3204,3204,3204,3204,3204,19.047618865966797,15.000000953674316,10,27.272727966308594,14.285715103149414,14.285715103149414,9.523809432983398,9.090909004211426,5.200342655181885,8589934592,2147483648,5879873536,366018560
201,1772014193488,3204,3204,3204,3204,3204,3204,3204,3204,23.809524536132813,14.285715103149414,18.18181800842285,23.809524536132813,9.090909004211426,4.761904716491699,4.761904716491699,4.761904716491699,5.00023889541626,8589934592,2147483648,5880643584,366018560
207,1772014193690,3204,3204,3204,3204,3204,3204,3204,3204,20,21.052631378173828,15.000000953674316,30.000001907348633,5.263157844543457,9.523809432983398,0,0,5.00023889541626,8589934592,2147483648,5881659392,366018560
204,1772014193898,3204,3204,3204,3204,3204,3204,3204,3204,20,23.809524536132813,15.000000953674316,28.571430206298828,14.285715103149414,15.000000953674316,9.523809432983398,5,5.00023889541626,8589934592,2147483648,5880807424,366018560
209,1772014194103,3204,3204,3204,3204,3204,3204,3204,3204,25,19.047618865966797,19.047618865966797,10.526315689086914,5,5,0,0,5.00023889541626,8589934592,2147483648,5877383168,366018560
209,1772014194313,3204,3204,3204,3204,3204,3204,3204,3204,27.272727966308594,18.18181800842285,14.285715103149414,23.809524536132813,14.285715103149414,13.636363983154297,4.761904716491699,9.090909004211426,5.00023889541626,8589934592,2147483648,5879349248,366018560
209,1772014194523,3204,3204,3204,3204,3204,3204,3204,3204,15.000000953674316,21.052631378173828,15.000000953674316,14.285715103149414,28.571430206298828,9.523809432983398,0,0,4.93930721282959,8589934592,2147483648,5880020992,366018560
209,1772014194733,3204,3204,3204,3204,3204,3204,3204,3204,19.047618865966797,28.571430206298828,19.047618865966797,14.285715103149414,9.523809432983398,0,8.69565200805664,0,4.93930721282959,8589934592,2147483648,5880856576,366018560
204,1772014194943,3204,3204,3204,3204,3204,3204,3204,3204,28.571430206298828,28.571430206298828,10,14.285715103149414,13.636363983154297,9.523809432983398,4.761904716491699,9.523809432983398,4.93930721282959,8589934592,2147483648,5880414208,366018560
209,1772014195148,3204,3204,3204,3204,3204,3204,3204,3204,15.000000953674316,35,14.285715103149414,15.000000953674316,5,4.761904716491699,0,0,4.93930721282959,8589934592,2147483648,5879005184,366018560
209,1772014195358,3204,3204,3204,3204,3204,3204,3204,3204,23.809524536132813,27.272727966308594,22.72727394104004,13.636363983154297,9.523809432983398,4.761904716491699,4.761904716491699,4.761904716491699,4.93930721282959,8589934592,2147483648,5880676352,366018560
208,1772014195568,3204,3204,3204,3204,3204,3204,3204,3204,14.285715103149414,23.809524536132813,10,5,19.047618865966797,9.523809432983398,4.761904716491699,0,4.946346282958984,8589934592,2147483648,5879742464,366018560
202,1772014195777,3204,3204,3204,3204,3204,3204,3204,3204,27.272727966308594,25,18.18181800842285,19.047618865966797,10,10,4.761904716491699,4.761904716491699,4.946346282958984,8589934592,2147483648,5882396672,366018560
200,1772014195980,3204,3204,3204,3204,3204,3204,3204,3204,26.3157901763916,20,15.789472579956055,14.285715103149414,23.809524536132813,14.285715103149414,10,5,4.946346282958984,8589934592,2147483648,5890719744,366018560
200,1772014196181,3204,3204,3204,3204,3204,3204,3204,3204,25,28.571430206298828,15.789472579956055,21.052631378173828,10,15.000000953674316,5,5,4.946346282958984,8589934592,2147483648,5882429440,366018560
207,1772014196382,3204,3204,3204,3204,3204,3204,3204,3204,25,25,19.047618865966797,9.523809432983398,10,0,0,0,4.946346282958984,8589934592,2147483648,5881446400,366018560
209,1772014196590,3204,3204,3204,3204,3204,3204,3204,3204,23.809524536132813,20,14.285715103149414,10.526315689086914,5,9.090909004211426,0,0,5.1800432205200195,8589934592,2147483648,5878431744,366018560
203,1772014196800,3204,3204,3204,3204,3204,3204,3204,3204,20,14.285715103149414,28.571430206298828,19.047618865966797,9.090909004211426,5,4.761904716491699,9.090909004211426,5.1800432205200195,8589934592,2147483648,5893603328,366018560
202,1772014197004,3204,3204,3204,3204,3204,3204,3204,3204,23.809524536132813,19.047618865966797,25,14.285715103149414,10,9.523809432983398,5,0,5.1800432205200195,8589934592,2147483648,5925273600,366018560
208,1772014197207,3204,3204,3204,3204,3204,3204,3204,3204,26.3157901763916,26.3157901763916,30.000001907348633,15.000000953674316,10,5,0,5,5.1800432205200195,8589934592,2147483648,5927976960,366018560
202,1772014197416,3204,3204,3204,3204,3204,3204,3204,3204,23.809524536132813,23.809524536132813,19.047618865966797,9.523809432983398,9.523809432983398,4.761904716491699,8.69565200805664,0,5.210684776306152,8589934592,2147483648,5926879232,366018560
208,1772014197619,3204,3204,3204,3204,3204,3204,3204,3204,23.809524536132813,15.000000953674316,5.263157844543457,15.000000953674316,5.263157844543457,10,5,5,5.210684776306152,8589934592,2147483648,5926617088,366018560
209,1772014197828,3204,3204,3204,3204,3204,3204,3204,3204,15.789472579956055,15.000000953674316,28.571430206298828,14.285715103149414,14.285715103149414,9.523809432983398,0,4.761904716491699,5.210684776306152,8589934592,2147483648,5925289984,366018560
200,1772014198038,3204,3204,3204,3204,3204,3204,3204,3204,21.7391300201416,26.086956024169922,27.272727966308594,14.285715103149414,13.636363983154297,4.761904716491699,4.761904716491699,0,5.210684776306152,8589934592,2147483648,5923782656,366018560
202,1772014198238,3204,3204,3204,3204,3204,3204,3204,3204,22.22222328186035,26.3157901763916,25,15.000000953674316,20,10.526315689086914,9.523809432983398,10,5.210684776306152,8589934592,2147483648,5892833280,366018560
204,1772014198442,3204,3204,3204,3204,3204,3204,3204,3204,36.3636360168457,20,15.000000953674316,15.000000953674316,10,14.285715103149414,5,4.761904716491699,4.912511348724365,8589934592,2147483648,5888409600,366018560
202,1772014198647,3204,3204,3204,3204,3204,3204,3204,3204,20,25,15.000000953674316,9.523809432983398,5,5,0,4.761904716491699,4.912511348724365,8589934592,2147483648,5888032768,366018560
206,1772014198849,3204,3204,3204,3204,3204,3204,3204,3204,25,28.571430206298828,15.000000953674316,15.000000953674316,14.285715103149414,9.523809432983398,5,5,4.912511348724365,8589934592,2147483648,5889490944,366018560
207,1772014199057,3204,3204,3204,3204,3204,3204,3204,3204,30.000001907348633,15.000000953674316,14.285715103149414,5,14.285715103149414,10,9.523809432983398,0,4.912511348724365,8589934592,2147483648,5891211264,366018560
203,1772014199265,3204,3204,3204,3204,3204,3204,3204,3204,28.571430206298828,19.047618865966797,23.809524536132813,14.285715103149414,10.526315689086914,14.285715103149414,5,9.090909004211426,4.912511348724365,8589934592,2147483648,5892816896,366018560
209,1772014199469,3204,3204,3204,3204,3204,3204,3204,3204,21.052631378173828,23.809524536132813,28.571430206298828,15.000000953674316,9.523809432983398,20,4.761904716491699,5,5.078559875488281,8589934592,2147483648,5890572288,366018560
201,1772014199679,3204,3204,3204,3204,3204,3204,3204,3204,22.72727394104004,15.000000953674316,23.809524536132813,9.523809432983398,9.090909004211426,4.761904716491699,4.545454502105713,0,5.078559875488281,8589934592,2147483648,5890244608,366018560
204,1772014199881,3204,3204,3204,3204,3204,3204,3204,3204,21.052631378173828,30.000001907348633,21.052631378173828,15.000000953674316,5.263157844543457,10,0,5,5.078559875488281,8589934592,2147483648,5889867776,366018560
203,1772014200086,3204,3204,3204,3204,3204,3204,3204,3204,31.81818199157715,23.809524536132813,15.000000953674316,14.285715103149414,10,5,4.761904716491699,0,5.078559875488281,8589934592,2147483648,5892603904,366018560
206,1772014200290,3204,3204,3204,3204,3204,3204,3204,3204,30.000001907348633,25,22.72727394104004,10,20,13.636363983154297,5,4.761904716491699,5.078559875488281,8589934592,2147483648,5903941632,366018560
209,1772014200497,3204,3204,3204,3204,3204,3204,3204,3204,30.000001907348633,20,15.000000953674316,14.285715103149414,13.636363983154297,0,4.761904716491699,0,4.944230079650879,8589934592,2147483648,5891915776,366018560
209,1772014200707,3204,3204,3204,3204,3204,3204,3204,3204,19.047618865966797,19.047618865966797,20,9.523809432983398,14.285715103149414,13.636363983154297,14.285715103149414,4.761904716491699,4.944230079650879,8589934592,2147483648,5888671744,366018560
199,1772014200917,3204,3204,3204,3204,3204,3204,3204,3204,28.571430206298828,19.047618865966797,23.809524536132813,19.047618865966797,5,4.761904716491699,0,4.545454502105713,4.944230079650879,8589934592,2147483648,5880807424,366018560
203,1772014201117,3204,3204,3204,3204,3204,3204,3204,3204,25,20,28.571430206298828,5.263157844543457,9.523809432983398,5,0,0,4.944230079650879,8589934592,2147483648,5885624320,366018560
209,1772014201321,3204,3204,3204,3204,3204,3204,3204,3204,25,25,15.000000953674316,10,10,10,5,5,4.944230079650879,8589934592,2147483648,5885624320,366018560
209,1772014201531,3204,3204,3204,3204,3204,3204,3204,3204,28.571430206298828,19.047618865966797,10,14.285715103149414,9.523809432983398,0,4.545454502105713,0,5.010537624359131,8589934592,2147483648,5883494400,366018560
209,1772014201741,3204,3204,3204,3204,3204,3204,3204,3204,28.571430206298828,23.809524536132813,19.047618865966797,13.636363983154297,9.090909004211426,9.090909004211426,4.761904716491699,0,5.010537624359131,8589934592,2147483648,5886951424,366018560
209,1772014201951,3204,3204,3204,3204,3204,3204,3204,3204,28.571430206298828,19.047618865966797,10,13.636363983154297,10,9.523809432983398,4.761904716491699,4.761904716491699,5.010537624359131,8589934592,2147483648,5884231680,366018560
202,1772014202161,3204,3204,3204,3204,3204,3204,3204,3204,42.85714340209961,28.571430206298828,31.81818199157715,15.000000953674316,10,4.761904716491699,4.761904716491699,4.761904716491699,5.010537624359131,8589934592,2147483648,5879267328,366018560
209,1772014202364,3204,3204,3204,3204,3204,3204,3204,3204,25,26.3157901763916,33.333335876464844,15.000000953674316,14.285715103149414,14.285715103149414,0,0,5.010537624359131,8589934592,2147483648,5886689280,366018560
209,1772014202574,3204,3204,3204,3204,3204,3204,3204,3204,15.000000953674316,22.72727394104004,10.526315689086914,19.047618865966797,20,10,9.523809432983398,4.761904716491699,4.973123073577881,8589934592,2147483648,5878284288,366018560
203,1772014202784,3204,3204,3204,3204,3204,3204,3204,3204,27.272727966308594,20,18.18181800842285,20,9.523809432983398,9.090909004211426,4.545454502105713,4.545454502105713,4.973123073577881,8589934592,2147483648,5880643584,366018560
206,1772014202988,3204,3204,3204,3204,3204,3204,3204,3204,15.000000953674316,28.571430206298828,23.809524536132813,14.285715103149414,9.523809432983398,5.263157844543457,5,5,4.973123073577881,8589934592,2147483648,5878382592,366018560
209,1772014203195,3204,3204,3204,3204,3204,3204,3204,3204,21.052631378173828,30.000001907348633,26.3157901763916,19.047618865966797,14.285715103149414,9.523809432983398,0,0,4.973123073577881,8589934592,2147483648,5870977024,366018560
201,1772014203405,3204,3204,3204,3204,3204,3204,3204,3204,30.434782028198242,23.809524536132813,14.285715103149414,15.000000953674316,15.000000953674316,14.285715103149414,9.523809432983398,9.523809432983398,5.204138278961182,8589934592,2147483648,5871042560,366018560
209,1772014203607,3204,3204,3204,3204,3204,3204,3204,3204,22.22222328186035,20,23.809524536132813,14.285715103149414,10,5.263157844543457,10,5,5.204138278961182,8589934592,2147483648,5871058944,366018560
200,1772014203817,3204,3204,3204,3204,3204,3204,3204,3204,34.78260803222656,22.72727394104004,15.000000953674316,10,13.636363983154297,9.090909004211426,0,4.545454502105713,5.204138278961182,8589934592,2147483648,5874712576,366018560
207,1772014204018,3204,3204,3204,3204,3204,3204,3204,3204,15.789472579956055,15.000000953674316,28.571430206298828,10,10.526315689086914,10,5,5,5.204138278961182,8589934592,2147483648,5872910336,366018560
209,1772014204225,3204,3204,3204,3204,3204,3204,3204,3204,20,20,35,19.047618865966797,13.636363983154297,9.523809432983398,4.761904716491699,0,5.204138278961182,8589934592,2147483648,5872910336,366018560
209,1772014204435,3204,3204,3204,3204,3204,3204,3204,3204,33.333335876464844,23.809524536132813,22.72727394104004,19.047618865966797,15.000000953674316,14.285715103149414,9.523809432983398,4.761904716491699,5.311458110809326,8589934592,2147483648,5872910336,366018560
204,1772014204646,3204,3204,3204,3204,3204,3204,3204,3204,23.809524536132813,20,20,14.285715103149414,23.809524536132813,19.047618865966797,5,10,5.311458110809326,8589934592,2147483648,5868929024,366018560
200,1772014204851,3204,3204,3204,3204,3204,3204,3204,3204,23.809524536132813,28.571430206298828,20,10.526315689086914,5,0,4.761904716491699,4.545454502105713,5.311458110809326,8589934592,2147483648,5871616000,366018560
207,1772014205052,3204,3204,3204,3204,3204,3204,3204,3204,20,30.000001907348633,19.047618865966797,22.72727394104004,10,13.636363983154297,5,5,5.311458110809326,8589934592,2147483648,5869125632,366018560
206,1772014205260,3204,3204,3204,3204,3204,3204,3204,3204,25,28.571430206298828,15.000000953674316,15.000000953674316,13.636363983154297,5,4.761904716491699,4.761904716491699,5.311458110809326,8589934592,2147483648,5870845952,366018560
208,1772014205467,3204,3204,3204,3204,3204,3204,3204,3204,23.809524536132813,15.000000953674316,23.809524536132813,9.523809432983398,10,5,9.523809432983398,5,5.041739463806152,8589934592,2147483648,5866668032,366018560
202,1772014205676,3204,3204,3204,3204,3204,3204,3204,3204,20,19.047618865966797,15.000000953674316,9.523809432983398,23.809524536132813,14.285715103149414,5,9.523809432983398,5.041739463806152,8589934592,2147483648,5868814336,366018560
202,1772014205879,3204,3204,3204,3204,3204,3204,3204,3204,28.571430206298828,31.57894515991211,20,10,5,10,5,5,5.041739463806152,8589934592,2147483648,5869453312,366018560
208,1772014206082,3204,3204,3204,3204,3204,3204,3204,3204,15.789472579956055,28.571430206298828,10,15.000000953674316,10,9.523809432983398,9.090909004211426,0,5.041739463806152,8589934592,2147483648,5871976448,366018560
202,1772014206291,3204,3204,3204,3204,3204,3204,3204,3204,23.809524536132813,33.333335876464844,13.636363983154297,10,14.285715103149414,5,4.761904716491699,4.761904716491699,5.041739463806152,8589934592,2147483648,5875089408,366018560
206,1772014206494,3204,3204,3204,3204,3204,3204,3204,3204,22.72727394104004,30.000001907348633,20,14.285715103149414,4.761904716491699,9.523809432983398,0,0,5.456480503082275,8589934592,2147483648,5872369664,366018560
207,1772014206701,3204,3204,3204,3204,3204,3204,3204,3204,21.052631378173828,33.333335876464844,15.000000953674316,14.285715103149414,15.000000953674316,4.761904716491699,5,4.545454502105713,5.456480503082275,8589934592,2147483648,5881544704,366018560
206,1772014206909,3204,3204,3204,3204,3204,3204,3204,3204,20,25,14.285715103149414,10,14.285715103149414,10,4.761904716491699,5,5.456480503082275,8589934592,2147483648,5872156672,366018560
207,1772014207116,3204,3204,3204,3204,3204,3204,3204,3204,27.272727966308594,15.000000953674316,25,9.523809432983398,0,4.761904716491699,4.761904716491699,0,5.456480503082275,8589934592,2147483648,5873205248,366018560
209,1772014207324,3204,3204,3204,3204,3204,3204,3204,3204,20,22.72727394104004,23.809524536132813,19.047618865966797,14.285715103149414,5,4.761904716491699,4.761904716491699,5.456480503082275,8589934592,2147483648,5875892224,366018560
201,1772014207533,3204,3204,3204,3204,3204,3204,3204,3204,25,19.047618865966797,14.285715103149414,10,4.761904716491699,4.545454502105713,0,0,5.074429512023926,8589934592,2147483648,5872107520,366018560
201,1772014207736,3204,3204,3204,3204,3204,3204,3204,3204,23.809524536132813,15.000000953674316,19.047618865966797,9.523809432983398,10,5.263157844543457,5,5,5.074429512023926,8589934592,2147483648,5870567424,366018560
206,1772014207937,3204,3204,3204,3204,3204,3204,3204,3204,30.000001907348633,20,25,10,10,9.523809432983398,5,5,5.074429512023926,8589934592,2147483648,5871599616,366018560
205,1772014208145,3204,3204,3204,3204,3204,3204,3204,3204,23.809524536132813,15.000000953674316,15.000000953674316,14.285715103149414,14.285715103149414,10,9.523809432983398,4.761904716491699,5.074429512023926,8589934592,2147483648,5871828992,366018560
209,1772014208351,3204,3204,3204,3204,3204,3204,3204,3204,40,25,30.000001907348633,31.57894515991211,9.523809432983398,4.761904716491699,4.761904716491699,0,5.074429512023926,8589934592,2147483648,5872533504,366018560
209,1772014208561,3204,3204,3204,3204,3204,3204,3204,3204,28.571430206298828,23.809524536132813,22.72727394104004,18.18181800842285,5,4.761904716491699,0,0,4.985499382019043,8589934592,2147483648,5870026752,366018560
206,1772014208771,3204,3204,3204,3204,3204,3204,3204,3204,28.571430206298828,19.047618865966797,15.000000953674316,14.285715103149414,22.72727394104004,9.523809432983398,5,9.090909004211426,4.985499382019043,8589934592,2147483648,5880102912,366018560
206,1772014208978,3204,3204,3204,3204,3204,3204,3204,3204,33.333335876464844,22.72727394104004,19.047618865966797,9.523809432983398,5.263157844543457,9.523809432983398,9.090909004211426,4.545454502105713,4.985499382019043,8589934592,2147483648,5870927872,366018560
204,1772014209185,3204,3204,3204,3204,3204,3204,3204,3204,30.000001907348633,15.789472579956055,14.285715103149414,10,14.285715103149414,4.761904716491699,4.761904716491699,0,4.985499382019043,8589934592,2147483648,5871255552,366018560
206,1772014209391,3204,3204,3204,3204,3204,3204,3204,3204,28.571430206298828,19.047618865966797,25,19.047618865966797,4.761904716491699,0,0,4.761904716491699,4.980413436889648,8589934592,2147483648,5870813184,366018560
206,1772014209597,3204,3204,3204,3204,3204,3204,3204,3204,25,20,23.809524536132813,10,9.523809432983398,14.285715103149414,15.000000953674316,0,4.980413436889648,8589934592,2147483648,5869387776,366018560
208,1772014209804,3204,3204,3204,3204,3204,3204,3204,3204,23.809524536132813,19.047618865966797,20,14.285715103149414,5,4.761904716491699,0,0,4.980413436889648,8589934592,2147483648,5870977024,366018560
206,1772014210013,3204,3204,3204,3204,3204,3204,3204,3204,23.809524536132813,28.571430206298828,23.809524536132813,19.047618865966797,14.285715103149414,9.523809432983398,9.090909004211426,4.761904716491699,4.980413436889648,8589934592,2147483648,5868552192,366018560
199,1772014210220,3204,3204,3204,3204,3204,3204,3204,3204,20,30.000001907348633,14.285715103149414,5.263157844543457,9.523809432983398,4.761904716491699,4.761904716491699,0,4.980413436889648,8589934592,2147483648,5868978176,366018560
205,1772014210420,3204,3204,3204,3204,3204,3204,3204,3204,25,30.000001907348633,20,19.047618865966797,15.000000953674316,0,0,0,4.909416198730469,8589934592,2147483648,5870829568,366018560
201,1772014210625,3204,3204,3204,3204,3204,3204,3204,3204,20,23.809524536132813,15.000000953674316,10,10,9.523809432983398,5,0,4.909416198730469,8589934592,2147483648,5872336896,366018560
203,1772014210827,3204,3204,3204,3204,3204,3204,3204,3204,25,15.789472579956055,15.000000953674316,15.000000953674316,10,5,9.090909004211426,4.761904716491699,4.909416198730469,8589934592,2147483648,5874286592,366018560
201,1772014211032,3204,3204,3204,3204,3204,3204,3204,3204,28.571430206298828,28.571430206298828,15.000000953674316,19.047618865966797,15.000000953674316,10,5.263157844543457,0,4.909416198730469,8589934592,2147483648,5873221632,366018560
209,1772014211233,3204,3204,3204,3204,3204,3204,3204,3204,15.000000953674316,19.047618865966797,20,25,5,5,0,5,4.909416198730469,8589934592,2147483648,5870387200,366018560
209,1772014211444,3204,3204,3204,3204,3204,3204,3204,3204,23.809524536132813,20,19.047618865966797,23.809524536132813,13.636363983154297,13.636363983154297,4.761904716491699,9.090909004211426,4.947626113891602,8589934592,2147483648,5869109248,366018560
202,1772014211654,3204,3204,3204,3204,3204,3204,3204,3204,20,14.285715103149414,9.523809432983398,19.047618865966797,10,0,4.761904716491699,0,4.947626113891602,8589934592,2147483648,5868830720,366018560
209,1772014211856,3204,3204,3204,3204,3204,3204,3204,3204,25,25,15.000000953674316,25,19.047618865966797,19.047618865966797,14.285715103149414,9.523809432983398,4.947626113891602,8589934592,2147483648,5871550464,366018560
207,1772014212066,3204,3204,3204,3204,3204,3204,3204,3204,27.272727966308594,19.047618865966797,19.047618865966797,14.285715103149414,15.000000953674316,10,5,5,4.947626113891602,8589934592,2147483648,5867192320,366018560
209,1772014212274,3204,3204,3204,3204,3204,3204,3204,3204,25,20,14.285715103149414,14.285715103149414,14.285715103149414,9.523809432983398,13.636363983154297,4.761904716491699,4.947626113891602,8589934592,2147483648,5867192320,366018560
201,1772014212484,3204,3204,3204,3204,3204,3204,3204,3204,15.000000953674316,18.18181800842285,14.285715103149414,20,14.285715103149414,9.523809432983398,4.761904716491699,5,5.040950775146484,8589934592,2147483648,5867192320,366018560
209,1772014212686,3204,3204,3204,3204,3204,3204,3204,3204,20,15.000000953674316,10,25,10,10,5.263157844543457,9.523809432983398,5.040950775146484,8589934592,2147483648,5867192320,366018560
203,1772014212896,3204,3204,3204,3204,3204,3204,3204,3204,19.047618865966797,15.000000953674316,28.571430206298828,27.272727966308594,9.523809432983398,4.761904716491699,4.761904716491699,4.545454502105713,5.040950775146484,8589934592,2147483648,5868044288,366018560
200,1772014213100,3204,3204,3204,3204,3204,3204,3204,3204,23.809524536132813,15.000000953674316,15.000000953674316,15.000000953674316,23.809524536132813,15.000000953674316,14.285715103149414,10,5.040950775146484,8589934592,2147483648,5877006336,366018560
203,1772014213301,3204,3204,3204,3204,3204,3204,3204,3204,15.000000953674316,19.047618865966797,15.000000953674316,30.000001907348633,15.000000953674316,14.285715103149414,10,5,5.040950775146484,8589934592,2147483648,5877006336,366018560
205,1772014213505,3204,3204,3204,3204,3204,3204,3204,3204,21.052631378173828,20,20,20,10,10,5,5,5.297733306884766,8589934592,2147483648,5877006336,366018560
203,1772014213711,3204,3204,3204,3204,3204,3204,3204,3204,22.72727394104004,15.000000953674316,28.571430206298828,9.523809432983398,9.523809432983398,9.523809432983398,4.761904716491699,4.761904716491699,5.297733306884766,8589934592,2147483648,5877006336,366018560
207,1772014213916,3204,3204,3204,3204,3204,3204,3204,3204,30.000001907348633,23.809524536132813,25,10,5.263157844543457,5,9.523809432983398,5,5.297733306884766,8589934592,2147483648,5869797376,366018560
208,1772014214124,3204,3204,3204,3204,3204,3204,3204,3204,19.047618865966797,25,19.047618865966797,14.285715103149414,9.090909004211426,5,0,0,5.297733306884766,8589934592,2147483648,5868601344,366018560
209,1772014214334,3204,3204,3204,3204,3204,3204,3204,3204,20,28.571430206298828,14.285715103149414,9.523809432983398,15.000000953674316,9.523809432983398,9.523809432983398,5,5.297733306884766,8589934592,2147483648,5868683264,366018560
200,1772014214543,3204,3204,3204,3204,3204,3204,3204,3204,23.809524536132813,20,15.000000953674316,14.285715103149414,18.18181800842285,23.809524536132813,10,13.636363983154297,5.1468095779418945,8589934592,2147483648,5868322816,366018560
206,1772014214744,3204,3204,3204,3204,3204,3204,3204,3204,20,28.571430206298828,15.000000953674316,10,10,10,4.761904716491699,5,5.1468095779418945,8589934592,2147483648,5865439232,366018560
206,1772014214951,3204,3204,3204,3204,3204,3204,3204,3204,20,25,23.809524536132813,15.000000953674316,10,4.761904716491699,0,0,5.1468095779418945,8589934592,2147483648,5866307584,366018560
209,1772014215159,3204,3204,3204,3204,3204,3204,3204,3204,28.571430206298828,27.272727966308594,14.285715103149414,19.047618865966797,9.523809432983398,9.523809432983398,13.636363983154297,4.545454502105713,5.1468095779418945,8589934592,2147483648,5870649344,366018560
201,1772014215369,3204,3204,3204,3204,3204,3204,3204,3204,23.809524536132813,25,15.000000953674316,10,10,4.761904716491699,4.761904716491699,0,5.1468095779418945,8589934592,2147483648,5869158400,366018560
202,1772014215570,3204,3204,3204,3204,3204,3204,3204,3204,40,42.105262756347656,33.333335876464844,33.333335876464844,5,0,0,5,4.988637924194336,8589934592,2147483648,5871861760,366018560
207,1772014215774,3204,3204,3204,3204,3204,3204,3204,3204,10.526315689086914,23.809524536132813,10.526315689086914,5,19.047618865966797,19.047618865966797,5,9.523809432983398,4.988637924194336,8589934592,2147483648,5871861760,366018560
208,1772014215982,3204,3204,3204,3204,3204,3204,3204,3204,28.571430206298828,35,19.047618865966797,15.000000953674316,5,0,9.090909004211426,4.761904716491699,4.988637924194336,8589934592,2147483648,5873090560,366018560
199,1772014216191,3204,3204,3204,3204,3204,3204,3204,3204,28.571430206298828,27.272727966308594,14.285715103149414,9.523809432983398,23.809524536132813,19.047618865966797,9.523809432983398,5,4.988637924194336,8589934592,2147483648,5871648768,366018560
207,1772014216391,3204,3204,3204,3204,3204,3204,3204,3204,25,20,15.000000953674316,19.047618865966797,10,9.523809432983398,0,4.761904716491699,5.379096508026123,8589934592,2147483648,5875056640,366018560
209,1772014216599,3204,3204,3204,3204,3204,3204,3204,3204,14.285715103149414,30.000001907348633,15.000000953674316,10,14.285715103149414,5,5,5,5.379096508026123,8589934592,2147483648,5872549888,366018560
209,1772014216809,3204,3204,3204,3204,3204,3204,3204,3204,28.571430206298828,23.809524536132813,14.285715103149414,14.285715103149414,4.761904716491699,4.761904716491699,4.545454502105713,0,5.379096508026123,8589934592,2147483648,5874745344,366018560
208,1772014217019,3204,3204,3204,3204,3204,3204,3204,3204,20,23.809524536132813,22.72727394104004,19.047618865966797,14.285715103149414,9.523809432983398,4.761904716491699,4.761904716491699,5.379096508026123,8589934592,2147483648,5877055488,366018560
202,1772014217228,3204,3204,3204,3204,3204,3204,3204,3204,22.72727394104004,19.047618865966797,14.285715103149414,28.571430206298828,9.523809432983398,9.523809432983398,4.761904716491699,0,5.379096508026123,8589934592,2147483648,5877006336,366018560
204,1772014217431,3204,3204,3204,3204,3204,3204,3204,3204,31.57894515991211,20,21.052631378173828,15.000000953674316,15.000000953674316,10,5,9.090909004211426,5.322045803070068,8589934592,2147483648,5878104064,366018560
209,1772014217635,3204,3204,3204,3204,3204,3204,3204,3204,19.047618865966797,23.809524536132813,25,10,9.523809432983398,9.523809432983398,0,0,5.322045803070068,8589934592,2147483648,5878087680,366018560
204,1772014217845,3204,3204,3204,3204,3204,3204,3204,3204,19.047618865966797,15.000000953674316,31.81818199157715,14.285715103149414,9.523809432983398,4.761904716491699,4.761904716491699,0,5.322045803070068,8589934592,2147483648,5875302400,366018560
202,1772014218050,3204,3204,3204,3204,3204,3204,3204,3204,25,19.047618865966797,35,14.285715103149414,5,0,4.761904716491699,4.761904716491699,5.322045803070068,8589934592,2147483648,5873696768,366018560
204,1772014218253,3204,3204,3204,3204,3204,3204,3204,3204,30.000001907348633,15.789472579956055,20,10,10,9.523809432983398,0,0,5.322045803070068,8589934592,2147483648,5872877568,366018560
207,1772014218458,3204,3204,3204,3204,3204,3204,3204,3204,35,23.809524536132813,19.047618865966797,15.000000953674316,9.523809432983398,5,4.761904716491699,4.761904716491699,5.041015625,8589934592,2147483648,5875908608,366018560
200,1772014218666,3204,3204,3204,3204,3204,3204,3204,3204,23.809524536132813,28.571430206298828,23.809524536132813,10,10,9.523809432983398,4.761904716491699,0,5.041015625,8589934592,2147483648,5874155520,366018560
200,1772014218866,3204,3204,3204,3204,3204,3204,3204,3204,25,15.789472579956055,10.526315689086914,13.636363983154297,9.523809432983398,0,0,5,5.041015625,8589934592,2147483648,5875122176,366018560
209,1772014219068,3204,3204,3204,3204,3204,3204,3204,3204,30.000001907348633,23.809524536132813,25,10.526315689086914,5.263157844543457,10,5,0,5.041015625,8589934592,2147483648,5876006912,366018560
203,1772014219278,3204,3204,3204,3204,3204,3204,3204,3204,23.809524536132813,20,9.523809432983398,14.285715103149414,13.636363983154297,4.761904716491699,4.545454502105713,4.545454502105713,5.041015625,8589934592,2147483648,5875187712,366018560
201,1772014219482,3204,3204,3204,3204,3204,3204,3204,3204,28.571430206298828,25,25,20,15.000000953674316,19.047618865966797,20,5,4.874006748199463,8589934592,2147483648,5883232256,366018560
209,1772014219684,3204,3204,3204,3204,3204,3204,3204,3204,15.789472579956055,19.047618865966797,28.571430206298828,10,5.263157844543457,5,0,4.761904716491699,4.874006748199463,8589934592,2147483648,5883232256,366018560
204,1772014219894,3204,3204,3204,3204,3204,3204,3204,3204,19.047618865966797,15.000000953674316,20,14.285715103149414,13.636363983154297,4.761904716491699,4.761904716491699,0,4.874006748199463,8589934592,2147483648,5883232256,366018560
209,1772014220098,3204,3204,3204,3204,3204,3204,3204,3204,25,23.809524536132813,28.571430206298828,27.272727966308594,10,5,0,4.761904716491699,4.874006748199463,8589934592,2147483648,5874728960,366018560
201,1772014220309,3204,3204,3204,3204,3204,3204,3204,3204,18.18181800842285,15.000000953674316,14.285715103149414,21.052631378173828,14.285715103149414,13.636363983154297,9.090909004211426,4.761904716491699,4.874006748199463,8589934592,2147483648,5875793920,366018560
204,1772014220510,3204,3204,3204,3204,3204,3204,3204,3204,31.57894515991211,23.809524536132813,20,20,5,0,5,0,4.904482364654541,8589934592,2147483648,5875302400,366018560
207,1772014220715,3204,3204,3204,3204,3204,3204,3204,3204,19.047618865966797,14.285715103149414,14.285715103149414,23.809524536132813,14.285715103149414,9.523809432983398,10,5,4.904482364654541,8589934592,2147483648,5874679808,366018560
209,1772014220924,3204,3204,3204,3204,3204,3204,3204,3204,23.809524536132813,15.000000953674316,10,19.047618865966797,15.000000953674316,14.285715103149414,4.761904716491699,9.523809432983398,4.904482364654541,8589934592,2147483648,5876416512,366018560
200,1772014221133,3204,3204,3204,3204,3204,3204,3204,3204,25,20,14.285715103149414,14.285715103149414,4.761904716491699,0,4.761904716491699,0,4.904482364654541,8589934592,2147483648,5875843072,366018560
209,1772014221335,3204,3204,3204,3204,3204,3204,3204,3204,15.000000953674316,19.047618865966797,10,15.789472579956055,19.047618865966797,15.000000953674316,10,10,4.904482364654541,8589934592,2147483648,5875499008,366018560
203,1772014221545,3204,3204,3204,3204,3204,3204,3204,3204,28.571430206298828,23.809524536132813,19.047618865966797,22.72727394104004,9.523809432983398,4.545454502105713,4.545454502105713,4.545454502105713,5.139878273010254,8589934592,2147483648,5873631232,366018560
208,1772014221748,3204,3204,3204,3204,3204,3204,3204,3204,23.809524536132813,15.000000953674316,10,25,15.789472579956055,15.000000953674316,5,5,5.139878273010254,8589934592,2147483648,5875089408,366018560
200,1772014221958,3204,3204,3204,3204,3204,3204,3204,3204,19.047618865966797,20,19.047618865966797,22.72727394104004,9.523809432983398,5,5,4.761904716491699,5.139878273010254,8589934592,2147483648,5875515392,366018560
200,1772014222158,3204,3204,3204,3204,3204,3204,3204,3204,21.052631378173828,23.809524536132813,15.000000953674316,26.3157901763916,15.000000953674316,14.285715103149414,9.523809432983398,5,5.139878273010254,8589934592,2147483648,5878120448,366018560
206,1772014222360,3204,3204,3204,3204,3204,3204,3204,3204,25,35,15.000000953674316,10.526315689086914,14.285715103149414,5,5,0,5.139878273010254,8589934592,2147483648,5877055488,366018560
200,1772014222566,3204,3204,3204,3204,3204,3204,3204,3204,23.809524536132813,20,19.047618865966797,19.047618865966797,5,9.523809432983398,5,4.761904716491699,4.992841720581055,8589934592,2147483648,5876449280,366018560
206,1772014222767,3204,3204,3204,3204,3204,3204,3204,3204,30.000001907348633,33.333335876464844,15.789472579956055,15.000000953674316,14.285715103149414,0,0,9.523809432983398,4.992841720581055,8589934592,2147483648,5873975296,366018560
209,1772014222974,3204,3204,3204,3204,3204,3204,3204,3204,20,33.333335876464844,19.047618865966797,14.285715103149414,5.263157844543457,9.523809432983398,5,4.761904716491699,4.992841720581055,8589934592,2147483648,5873303552,366018560
209,1772014223184,3204,3204,3204,3204,3204,3204,3204,3204,23.809524536132813,30.000001907348633,14.285715103149414,18.18181800842285,13.636363983154297,9.523809432983398,4.761904716491699,0,4.992841720581055,8589934592,2147483648,5875695616,366018560
204,1772014223394,3204,3204,3204,3204,3204,3204,3204,3204,19.047618865966797,25,15.000000953674316,10,9.523809432983398,5,9.090909004211426,0,4.9724507331848145,8589934592,2147483648,5874991104,366018560
209,1772014223598,3204,3204,3204,3204,3204,3204,3204,3204,26.3157901763916,33.333335876464844,22.72727394104004,15.000000953674316,5,9.090909004211426,0,0,4.9724507331848145,8589934592,2147483648,5874991104,366018560
209,1772014223809,3204,3204,3204,3204,3204,3204,3204,3204,22.72727394104004,28.571430206298828,10,13.636363983154297,9.523809432983398,5,0,4.761904716491699,4.9724507331848145,8589934592,2147483648,5874991104,366018560
201,1772014224018,3204,3204,3204,3204,3204,3204,3204,3204,28.571430206298828,25,23.809524536132813,15.000000953674316,9.523809432983398,4.761904716491699,0,9.090909004211426,4.9724507331848145,8589934592,2147483648,5874991104,366018560
207,1772014224220,3204,3204,3204,3204,3204,3204,3204,3204,26.3157901763916,15.000000953674316,23.809524536132813,10,5.263157844543457,5,5,0,4.9724507331848145,8589934592,2147483648,5873958912,366018560
205,1772014224428,3204,3204,3204,3204,3204,3204,3204,3204,28.571430206298828,22.72727394104004,15.789472579956055,9.523809432983398,13.636363983154297,4.761904716491699,0,0,4.947157382965088,8589934592,2147483648,5874089984,366018560
201,1772014224634,3204,3204,3204,3204,3204,3204,3204,3204,28.571430206298828,20,23.809524536132813,15.000000953674316,20,26.3157901763916,14.285715103149414,9.523809432983398,4.947157382965088,8589934592,2147483648,5873074176,366018560
209,1772014224836,3204,3204,3204,3204,3204,3204,3204,3204,15.789472579956055,20,25,10,5,9.090909004211426,0,0,4.947157382965088,8589934592,2147483648,5873139712,366018560
209,1772014225046,3204,3204,3204,3204,3204,3204,3204,3204,22.72727394104004,19.047618865966797,23.809524536132813,9.523809432983398,9.523809432983398,5,9.090909004211426,0,4.947157382965088,8589934592,2147483648,5874122752,366018560
206,1772014225256,3204,3204,3204,3204,3204,3204,3204,3204,23.809524536132813,15.000000953674316,28.571430206298828,18.18181800842285,9.523809432983398,9.090909004211426,0,4.761904716491699,4.947157382965088,8589934592,2147483648,5866323968,366018560
203,1772014225463,3204,3204,3204,3204,3204,3204,3204,3204,15.000000953674316,14.285715103149414,14.285715103149414,0,20,15.000000953674316,14.285715103149414,14.285715103149414,4.845432281494141,8589934592,2147483648,5868699648,366018560
205,1772014225666,3204,3204,3204,3204,3204,3204,3204,3204,20,15.000000953674316,25,14.285715103149414,14.285715103149414,15.000000953674316,14.285715103149414,5,4.845432281494141,8589934592,2147483648,5869371392,366018560
209,1772014225872,3204,3204,3204,3204,3204,3204,3204,3204,19.047618865966797,14.285715103149414,19.047618865966797,14.285715103149414,20,14.285715103149414,5,5,4.845432281494141,8589934592,2147483648,5878235136,366018560
209,1772014226082,3204,3204,3204,3204,3204,3204,3204,3204,25,19.047618865966797,23.809524536132813,5,13.636363983154297,9.523809432983398,9.523809432983398,9.090909004211426,4.845432281494141,8589934592,2147483648,5870026752,366018560
206,1772014226292,3204,3204,3204,3204,3204,3204,3204,3204,14.285715103149414,23.809524536132813,25,14.285715103149414,14.285715103149414,10,9.523809432983398,9.523809432983398,4.845432281494141,8589934592,2147483648,5869568000,366018560
207,1772014226499,3204,3204,3204,3204,3204,3204,3204,3204,19.047618865966797,19.047618865966797,20,14.285715103149414,5.263157844543457,9.090909004211426,0,0,5.410525798797607,8589934592,2147483648,5867225088,366018560
206,1772014226707,3204,3204,3204,3204,3204,3204,3204,3204,23.809524536132813,15.789472579956055,33.333335876464844,14.285715103149414,13.636363983154297,5.263157844543457,4.761904716491699,4.761904716491699,5.410525798797607,8589934592,2147483648,5868683264,366018560
204,1772014226914,3204,3204,3204,3204,3204,3204,3204,3204,25,14.285715103149414,28.571430206298828,15.000000953674316,5,14.285715103149414,5,5,5.410525798797607,8589934592,2147483648,5869076480,366018560
204,1772014227118,3204,3204,3204,3204,3204,3204,3204,3204,20,20,33.333335876464844,19.047618865966797,14.285715103149414,9.523809432983398,4.761904716491699,0,5.410525798797607,8589934592,2147483648,5871304704,366018560
201,1772014227323,3204,3204,3204,3204,3204,3204,3204,3204,25,23.809524536132813,20,10,10,5,4.761904716491699,5,5.410525798797607,8589934592,2147483648,5869977600,366018560
209,1772014227525,3204,3204,3204,3204,3204,3204,3204,3204,28.571430206298828,20,10.526315689086914,21.052631378173828,10,9.523809432983398,5,5,5.228204727172852,8589934592,2147483648,5869764608,366018560
205,1772014227735,3204,3204,3204,3204,3204,3204,3204,3204,28.571430206298828,23.809524536132813,31.81818199157715,18.18181800842285,4.761904716491699,0,4.761904716491699,0,5.228204727172852,8589934592,2147483648,5870911488,366018560
209,1772014227940,3204,3204,3204,3204,3204,3204,3204,3204,25,15.000000953674316,20,15.000000953674316,10,9.523809432983398,0,4.761904716491699,5.228204727172852,8589934592,2147483648,5870206976,366018560
209,1772014228150,3204,3204,3204,3204,3204,3204,3204,3204,23.809524536132813,20,23.809524536132813,18.18181800842285,18.18181800842285,13.636363983154297,13.636363983154297,4.761904716491699,5.228204727172852,8589934592,2147483648,5870206976,366018560
204,1772014228360,3204,3204,3204,3204,3204,3204,3204,3204,28.571430206298828,22.72727394104004,10,15.000000953674316,9.523809432983398,5,0,4.761904716491699,5.228204727172852,8589934592,2147483648,5868175360,366018560
209,1772014228565,3204,3204,3204,3204,3204,3204,3204,3204,25,30.000001907348633,19.047618865966797,15.000000953674316,20,14.285715103149414,9.523809432983398,5,4.952045440673828,8589934592,2147483648,5871222784,366018560
209,1772014228775,3204,3204,3204,3204,3204,3204,3204,3204,19.047618865966797,19.047618865966797,9.523809432983398,9.523809432983398,19.047618865966797,10,9.523809432983398,9.090909004211426,4.952045440673828,8589934592,2147483648,5868306432,366018560
209,1772014228985,3204,3204,3204,3204,3204,3204,3204,3204,20,19.047618865966797,14.285715103149414,27.272727966308594,5,9.523809432983398,5,0,4.952045440673828,8589934592,2147483648,5868257280,366018560
201,1772014229195,3204,3204,3204,3204,3204,3204,3204,3204,23.809524536132813,14.285715103149414,14.285715103149414,30.000001907348633,13.636363983154297,4.761904716491699,4.545454502105713,4.761904716491699,4.952045440673828,8589934592,2147483648,5871337472,366018560
204,1772014229397,3204,3204,3204,3204,3204,3204,3204,3204,25,23.809524536132813,15.000000953674316,23.809524536132813,10,5,0,0,4.966020584106445,8589934592,2147483648,5869355008,366018560
209,1772014229601,3204,3204,3204,3204,3204,3204,3204,3204,23.809524536132813,30.000001907348633,23.809524536132813,15.000000953674316,25,14.285715103149414,0,9.090909004211426,4.966020584106445,8589934592,2147483648,5872238592,366018560
209,1772014229811,3204,3204,3204,3204,3204,3204,3204,3204,19.047618865966797,15.000000953674316,10,15.000000953674316,9.523809432983398,5,9.090909004211426,0,4.966020584106445,8589934592,2147483648,5869993984,366018560
209,1772014230021,3204,3204,3204,3204,3204,3204,3204,3204,23.809524536132813,15.000000953674316,23.809524536132813,18.18181800842285,14.285715103149414,13.636363983154297,4.761904716491699,4.761904716491699,4.966020584106445,8589934592,2147483648,5871665152,366018560
208,1772014230232,3204,3204,3204,3204,3204,3204,3204,3204,33.333335876464844,23.809524536132813,18.18181800842285,10,14.285715103149414,5,5,4.761904716491699,4.966020584106445,8589934592,2147483648,5871665152,366018560
206,1772014230440,3204,3204,3204,3204,3204,3204,3204,3204,25,18.18181800842285,15.000000953674316,14.285715103149414,10,9.523809432983398,4.761904716491699,4.761904716491699,5.209683895111084,8589934592,2147483648,5870092288,366018560
209,1772014230647,3204,3204,3204,3204,3204,3204,3204,3204,23.809524536132813,20,21.052631378173828,14.285715103149414,13.636363983154297,9.523809432983398,4.761904716491699,4.761904716491699,5.209683895111084,8589934592,2147483648,5871812608,366018560
209,1772014230857,3204,3204,3204,3204,3204,3204,3204,3204,19.047618865966797,15.000000953674316,21.7391300201416,14.285715103149414,10,5,9.090909004211426,0,5.209683895111084,8589934592,2147483648,5870157824,366018560
200,1772014231066,3204,3204,3204,3204,3204,3204,3204,3204,14.285715103149414,22.72727394104004,25,9.523809432983398,14.285715103149414,9.523809432983398,0,0,5.209683895111084,8589934592,2147483648,5871845376,366018560
200,1772014231267,3204,3204,3204,3204,3204,3204,3204,3204,25,20,15.000000953674316,35,10,9.523809432983398,5,5,5.209683895111084,8589934592,2147483648,5870796800,366018560
204,1772014231468,3204,3204,3204,3204,3204,3204,3204,3204,15.789472579956055,25,15.000000953674316,25,5,5,0,0,5.1500630378723145,8589934592,2147483648,5872812032,366018560
201,1772014231673,3204,3204,3204,3204,3204,3204,3204,3204,28.571430206298828,20,15.000000953674316,20,5,5,4.761904716491699,0,5.1500630378723145,8589934592,2147483648,5872680960,366018560
207,1772014231875,3204,3204,3204,3204,3204,3204,3204,3204,30.000001907348633,19.047618865966797,10,10,10,0,0,4.761904716491699,5.1500630378723145,8589934592,2147483648,5871140864,366018560
206,1772014232083,3204,3204,3204,3204,3204,3204,3204,3204,20,20,28.571430206298828,14.285715103149414,9.090909004211426,9.090909004211426,8.69565200805664,4.545454502105713,5.1500630378723145,8589934592,2147483648,5871534080,366018560
209,1772014232290,3204,3204,3204,3204,3204,3204,3204,3204,25,19.047618865966797,19.047618865966797,9.523809432983398,10.526315689086914,10,5,5,5.1500630378723145,8589934592,2147483648,5872910336,366018560
206,1772014232500,3204,3204,3204,3204,3204,3204,3204,3204,27.272727966308594,20,14.285715103149414,14.285715103149414,18.18181800842285,14.285715103149414,9.523809432983398,10,4.929133415222168,8589934592,2147483648,5867356160,366018560
203,1772014232707,3204,3204,3204,3204,3204,3204,3204,3204,28.571430206298828,19.047618865966797,15.000000953674316,23.809524536132813,33.333335876464844,20,15.000000953674316,18.18181800842285,4.929133415222168,8589934592,2147483648,5873369088,366018560
206,1772014232911,3204,3204,3204,3204,3204,3204,3204,3204,21.052631378173828,23.809524536132813,19.047618865966797,5.263157844543457,5.263157844543457,9.523809432983398,4.761904716491699,0,4.929133415222168,8589934592,2147483648,5873369088,366018560
209,1772014233117,3204,3204,3204,3204,3204,3204,3204,3204,28.571430206298828,15.789472579956055,14.285715103149414,19.047618865966797,14.285715103149414,10,9.523809432983398,9.523809432983398,4.929133415222168,8589934592,2147483648,5873369088,366018560
204,1772014233327,3204,3204,3204,3204,3204,3204,3204,3204,23.809524536132813,27.272727966308594,15.000000953674316,9.523809432983398,9.523809432983398,9.523809432983398,5,4.761904716491699,4.929133415222168,8589934592,2147483648,5873369088,366018560
207,1772014233532,3204,3204,3204,3204,3204,3204,3204,3204,19.047618865966797,30.000001907348633,14.285715103149414,10,14.285715103149414,5,5,5,4.931421756744385,8589934592,2147483648,5871960064,366018560
202,1772014233740,3204,3204,3204,3204,3204,3204,3204,3204,25,23.809524536132813,15.789472579956055,31.81818199157715,9.523809432983398,9.523809432983398,4.761904716491699,4.761904716491699,4.931421756744385,8589934592,2147483648,5877317632,366018560
205,1772014233943,3204,3204,3204,3204,3204,3204,3204,3204,28.571430206298828,26.3157901763916,15.000000953674316,15.000000953674316,10.526315689086914,10,5,5,4.931421756744385,8589934592,2147483648,5920604160,366018560
209,1772014234148,3204,3204,3204,3204,3204,3204,3204,3204,20,28.571430206298828,14.285715103149414,15.000000953674316,9.523809432983398,10,4.761904716491699,0,4.931421756744385,8589934592,2147483648,5922717696,366018560
202,1772014234359,3204,3204,3204,3204,3204,3204,3204,3204,20,14.285715103149414,13.636363983154297,19.047618865966797,9.523809432983398,13.636363983154297,4.761904716491699,4.761904716491699,4.931421756744385,8589934592,2147483648,5920276480,366018560
203,1772014234561,3204,3204,3204,3204,3204,3204,3204,3204,28.571430206298828,15.789472579956055,15.000000953674316,25,20,21.052631378173828,5.263157844543457,5,5.467539310455322,8589934592,2147483648,5921259520,366018560
203,1772014234765,3204,3204,3204,3204,3204,3204,3204,3204,15.789472579956055,22.72727394104004,15.000000953674316,20,14.285715103149414,9.523809432983398,4.761904716491699,0,5.467539310455322,8589934592,2147483648,5922275328,366018560
199,1772014234969,3204,3204,3204,3204,3204,3204,3204,3204,28.571430206298828,15.000000953674316,15.000000953674316,19.047618865966797,10,5,4.761904716491699,4.761904716491699,5.467539310455322,8589934592,2147483648,5918867456,366018560
201,1772014235169,3204,3204,3204,3204,3204,3204,3204,3204,20,21.052631378173828,30.000001907348633,25,10,9.523809432983398,5,5,5.467539310455322,8589934592,2147483648,5890965504,366018560
204,1772014235371,3204,3204,3204,3204,3204,3204,3204,3204,25,20,10,15.000000953674316,5,0,0,0,5.467539310455322,8589934592,2147483648,5885755392,366018560
206,1772014235576,3204,3204,3204,3204,3204,3204,3204,3204,25,19.047618865966797,19.047618865966797,25,9.523809432983398,4.761904716491699,4.761904716491699,4.545454502105713,5.092409610748291,8589934592,2147483648,5884624896,366018560
206,1772014235783,3204,3204,3204,3204,3204,3204,3204,3204,19.047618865966797,25,10,28.571430206298828,15.000000953674316,9.523809432983398,0,0,5.092409610748291,8589934592,2147483648,5887803392,366018560
208,1772014235989,3204,3204,3204,3204,3204,3204,3204,3204,15.000000953674316,10,14.285715103149414,30.000001907348633,10,5,5,4.761904716491699,5.092409610748291,8589934592,2147483648,5886509056,366018560
204,1772014236198,3204,3204,3204,3204,3204,3204,3204,3204,19.047618865966797,31.81818199157715,14.285715103149414,28.571430206298828,9.523809432983398,9.523809432983398,0,0,5.092409610748291,8589934592,2147483648,5889441792,366018560
205,1772014236403,3204,3204,3204,3204,3204,3204,3204,3204,25,15.000000953674316,15.000000953674316,23.809524536132813,9.523809432983398,4.761904716491699,4.761904716491699,4.761904716491699,5.156370639801025,8589934592,2147483648,5886558208,366018560
205,1772014236609,3204,3204,3204,3204,3204,3204,3204,3204,27.272727966308594,23.809524536132813,15.000000953674316,20,19.047618865966797,0,4.761904716491699,0,5.156370639801025,8589934592,2147483648,5894291456,366018560
201,1772014236815,3204,3204,3204,3204,3204,3204,3204,3204,21.052631378173828,25,18.18181800842285,23.809524536132813,10,9.090909004211426,4.761904716491699,0,5.156370639801025,8589934592,2147483648,5885198336,366018560
205,1772014237017,3204,3204,3204,3204,3204,3204,3204,3204,20,23.809524536132813,15.789472579956055,15.789472579956055,10,5,5,5,5.156370639801025,8589934592,2147483648,5885198336,366018560
209,1772014237223,3204,3204,3204,3204,3204,3204,3204,3204,28.571430206298828,25,20,14.285715103149414,9.523809432983398,5,0,0,5.156370639801025,8589934592,2147483648,5885198336,366018560
207,1772014237433,3204,3204,3204,3204,3204,3204,3204,3204,28.571430206298828,23.809524536132813,19.047618865966797,5,5,4.761904716491699,4.761904716491699,4.545454502105713,5.03721809387207,8589934592,2147483648,5885198336,366018560
205,1772014237641,3204,3204,3204,3204,3204,3204,3204,3204,19.047618865966797,20,9.523809432983398,14.285715103149414,9.523809432983398,4.761904716491699,4.761904716491699,0,5.03721809387207,8589934592,2147483648,5871730688,366018560
207,1772014237847,3204,3204,3204,3204,3204,3204,3204,3204,26.3157901763916,23.809524536132813,15.000000953674316,18.18181800842285,14.285715103149414,9.523809432983398,4.761904716491699,4.545454502105713,5.03721809387207,8589934592,2147483648,5871927296,366018560
209,1772014238055,3204,3204,3204,3204,3204,3204,3204,3204,27.272727966308594,20,14.285715103149414,10,5,4.761904716491699,5,4.761904716491699,5.03721809387207,8589934592,2147483648,5868208128,366018560
203,1772014238264,3204,3204,3204,3204,3204,3204,3204,3204,30.000001907348633,28.571430206298828,15.000000953674316,19.047618865966797,9.523809432983398,5,4.761904716491699,4.761904716491699,5.03721809387207,8589934592,2147483648,5872074752,366018560
209,1772014238468,3204,3204,3204,3204,3204,3204,3204,3204,25,28.571430206298828,23.809524536132813,40,13.636363983154297,5,0,0,5.0882978439331055,8589934592,2147483648,5872074752,366018560
209,1772014238678,3204,3204,3204,3204,3204,3204,3204,3204,40.90909194946289,35,33.333335876464844,23.809524536132813,15.789472579956055,19.047618865966797,18.18181800842285,14.285715103149414,5.0882978439331055,8589934592,2147483648,5870338048,366018560
206,1772014238888,3204,3204,3204,3204,3204,3204,3204,3204,15.000000953674316,19.047618865966797,14.285715103149414,15.000000953674316,31.81818199157715,28.571430206298828,20,19.047618865966797,5.0882978439331055,8589934592,2147483648,5867831296,366018560
201,1772014239095,3204,3204,3204,3204,3204,3204,3204,3204,19.047618865966797,15.000000953674316,15.000000953674316,27.272727966308594,5.263157844543457,9.523809432983398,9.523809432983398,5,5.0882978439331055,8589934592,2147483648,5868191744,366018560
201,1772014239297,3204,3204,3204,3204,3204,3204,3204,3204,25,28.571430206298828,14.285715103149414,21.052631378173828,14.285715103149414,10,4.761904716491699,0,5.0882978439331055,8589934592,2147483648,5872402432,366018560
209,1772014239498,3204,3204,3204,3204,3204,3204,3204,3204,21.052631378173828,33.333335876464844,15.789472579956055,14.285715103149414,15.000000953674316,21.052631378173828,5.263157844543457,9.523809432983398,5.004936218261719,8589934592,2147483648,5873434624,366018560
200,1772014239709,3204,3204,3204,3204,3204,3204,3204,3204,19.047618865966797,20,23.809524536132813,14.285715103149414,14.285715103149414,14.285715103149414,4.761904716491699,4.761904716491699,5.004936218261719,8589934592,2147483648,5873303552,366018560
200,1772014239910,3204,3204,3204,3204,3204,3204,3204,3204,19.047618865966797,10.526315689086914,28.571430206298828,10,14.285715103149414,14.285715103149414,10,5,5.004936218261719,8589934592,2147483648,5872975872,366018560
209,1772014240111,3204,3204,3204,3204,3204,3204,3204,3204,25,19.047618865966797,21.052631378173828,15.000000953674316,5.263157844543457,10,5,5,5.004936218261719,8589934592,2147483648,5871190016,366018560
209,1772014240321,3204,3204,3204,3204,3204,3204,3204,3204,28.571430206298828,19.047618865966797,22.72727394104004,9.523809432983398,13.636363983154297,9.090909004211426,4.761904716491699,4.761904716491699,5.004936218261719,8589934592,2147483648,5871321088,366018560
205,1772014240531,3204,3204,3204,3204,3204,3204,3204,3204,20,15.000000953674316,25,10,0,4.761904716491699,0,0,5.667588710784912,8589934592,2147483648,5871992832,366018560
206,1772014240737,3204,3204,3204,3204,3204,3204,3204,3204,28.571430206298828,27.272727966308594,23.809524536132813,14.285715103149414,18.18181800842285,10,4.761904716491699,0,5.667588710784912,8589934592,2147483648,5874221056,366018560
208,1772014240944,3204,3204,3204,3204,3204,3204,3204,3204,20,20,15.000000953674316,15.000000953674316,15.000000953674316,5.263157844543457,5,4.761904716491699,5.667588710784912,8589934592,2147483648,5882363904,366018560
209,1772014241153,3204,3204,3204,3204,3204,3204,3204,3204,33.333335876464844,20,22.72727394104004,18.18181800842285,14.285715103149414,13.636363983154297,9.090909004211426,9.090909004211426,5.667588710784912,8589934592,2147483648,5873287168,366018560
205,1772014241363,3204,3204,3204,3204,3204,3204,3204,3204,28.571430206298828,28.571430206298828,15.000000953674316,10,13.636363983154297,9.090909004211426,0,0,5.667588710784912,8589934592,2147483648,5871222784,366018560
199,1772014241569,3204,3204,3204,3204,3204,3204,3204,3204,25,19.047618865966797,14.285715103149414,14.285715103149414,5,0,4.761904716491699,0,5.157425403594971,8589934592,2147483648,5871304704,366018560
203,1772014241770,3204,3204,3204,3204,3204,3204,3204,3204,35,21.052631378173828,20,15.000000953674316,10,9.523809432983398,0,5,5.157425403594971,8589934592,2147483648,5873008640,366018560
203,1772014241974,3204,3204,3204,3204,3204,3204,3204,3204,23.809524536132813,19.047618865966797,25,5.263157844543457,5,5,4.761904716491699,0,5.157425403594971,8589934592,2147483648,5869518848,366018560
206,1772014242177,3204,3204,3204,3204,3204,3204,3204,3204,30.000001907348633,15.000000953674316,25,13.636363983154297,9.523809432983398,5,0,4.761904716491699,5.157425403594971,8589934592,2147483648,5870419968,366018560
206,1772014242384,3204,3204,3204,3204,3204,3204,3204,3204,30.000001907348633,19.047618865966797,22.72727394104004,15.789472579956055,5.263157844543457,4.761904716491699,0,0,4.981719493865967,8589934592,2147483648,5871190016,366018560
206,1772014242591,3204,3204,3204,3204,3204,3204,3204,3204,22.72727394104004,30.000001907348633,10.526315689086914,13.636363983154297,9.090909004211426,4.761904716491699,9.090909004211426,0,4.981719493865967,8589934592,2147483648,5871714304,366018560
200,1772014242799,3204,3204,3204,3204,3204,3204,3204,3204,15.789472579956055,28.571430206298828,23.809524536132813,10,9.523809432983398,5,0,0,4.981719493865967,8589934592,2147483648,5873909760,366018560
209,1772014243000,3204,3204,3204,3204,3204,3204,3204,3204,25,15.789472579956055,20,14.285715103149414,15.789472579956055,15.000000953674316,10,10,4.981719493865967,8589934592,2147483648,5881004032,366018560
207,1772014243210,3204,3204,3204,3204,3204,3204,3204,3204,22.72727394104004,22.72727394104004,28.571430206298828,10,9.090909004211426,4.761904716491699,4.545454502105713,4.761904716491699,4.981719493865967,8589934592,2147483648,5872697344,366018560
202,1772014243418,3204,3204,3204,3204,3204,3204,3204,3204,20,23.809524536132813,30.000001907348633,15.000000953674316,14.285715103149414,9.523809432983398,9.523809432983398,9.090909004211426,4.87082052230835,8589934592,2147483648,5872058368,366018560
209,1772014243620,3204,3204,3204,3204,3204,3204,3204,3204,15.000000953674316,20,25,14.285715103149414,5.263157844543457,5,0,0,4.87082052230835,8589934592,2147483648,5872058368,366018560
202,1772014243830,3204,3204,3204,3204,3204,3204,3204,3204,28.571430206298828,23.809524536132813,28.571430206298828,18.18181800842285,9.523809432983398,4.761904716491699,4.761904716491699,4.761904716491699,4.87082052230835,8589934592,2147483648,5874483200,366018560
203,1772014244033,3204,3204,3204,3204,3204,3204,3204,3204,23.809524536132813,15.789472579956055,23.809524536132813,15.789472579956055,10,14.285715103149414,5,5,4.87082052230835,8589934592,2147483648,5875040256,366018560
202,1772014244238,3204,3204,3204,3204,3204,3204,3204,3204,21.052631378173828,20,28.571430206298828,15.000000953674316,9.523809432983398,0,0,0,4.87082052230835,8589934592,2147483648,5876318208,366018560
203,1772014244440,3204,3204,3204,3204,3204,3204,3204,3204,23.809524536132813,28.571430206298828,21.052631378173828,15.000000953674316,10,9.523809432983398,9.090909004211426,4.761904716491699,4.980496883392334,8589934592,2147483648,5871828992,366018560
209,1772014244644,3204,3204,3204,3204,3204,3204,3204,3204,20,30.000001907348633,10,9.523809432983398,15.000000953674316,23.809524536132813,20,5,4.980496883392334,8589934592,2147483648,5872500736,366018560
209,1772014244854,3204,3204,3204,3204,3204,3204,3204,3204,23.809524536132813,23.809524536132813,22.72727394104004,15.000000953674316,9.523809432983398,5,4.761904716491699,0,4.980496883392334,8589934592,2147483648,5870993408,366018560
208,1772014245063,3204,3204,3204,3204,3204,3204,3204,3204,15.000000953674316,20,20,18.18181800842285,9.523809432983398,9.090909004211426,0,4.545454502105713,4.980496883392334,8589934592,2147483648,5872713728,366018560
200,1772014245272,3204,3204,3204,3204,3204,3204,3204,3204,19.047618865966797,23.809524536132813,22.72727394104004,15.000000953674316,28.571430206298828,15.000000953674316,14.285715103149414,14.285715103149414,4.980496883392334,8589934592,2147483648,5874876416,366018560
208,1772014245473,3204,3204,3204,3204,3204,3204,3204,3204,21.052631378173828,23.809524536132813,15.000000953674316,14.285715103149414,5.263157844543457,5,4.761904716491699,0,5.028242588043213,8589934592,2147483648,5873205248,366018560
208,1772014245682,3204,3204,3204,3204,3204,3204,3204,3204,23.809524536132813,30.000001907348633,15.000000953674316,5,13.636363983154297,9.523809432983398,4.761904716491699,4.761904716491699,5.028242588043213,8589934592,2147483648,5873205248,366018560
207,1772014245891,3204,3204,3204,3204,3204,3204,3204,3204,23.809524536132813,28.571430206298828,9.523809432983398,10,10,10,0,0,5.028242588043213,8589934592,2147483648,5873991680,366018560
202,1772014246098,3204,3204,3204,3204,3204,3204,3204,3204,28.571430206298828,23.809524536132813,15.000000953674316,14.285715103149414,9.523809432983398,9.523809432983398,4.761904716491699,4.761904716491699,5.028242588043213,8589934592,2147483648,5873926144,366018560
208,1772014246301,3204,3204,3204,3204,3204,3204,3204,3204,15.000000953674316,25,19.047618865966797,9.523809432983398,15.000000953674316,20,10,4.761904716491699,5.028242588043213,8589934592,2147483648,5872123904,366018560
205,1772014246510,3204,3204,3204,3204,3204,3204,3204,3204,19.047618865966797,19.047618865966797,25,19.047618865966797,4.761904716491699,0,4.761904716491699,0,5.42218017578125,8589934592,2147483648,5867847680,366018560
209,1772014246716,3204,3204,3204,3204,3204,3204,3204,3204,23.809524536132813,23.809524536132813,27.272727966308594,5,14.285715103149414,9.523809432983398,0,0,5.42218017578125,8589934592,2147483648,5868486656,366018560
206,1772014246926,3204,3204,3204,3204,3204,3204,3204,3204,25,20,20,14.285715103149414,10,9.523809432983398,4.761904716491699,9.090909004211426,5.42218017578125,8589934592,2147483648,5870305280,366018560
206,1772014247134,3204,3204,3204,3204,3204,3204,3204,3204,23.809524536132813,19.047618865966797,23.809524536132813,5,14.285715103149414,14.285715103149414,9.523809432983398,4.761904716491699,5.42218017578125,8589934592,2147483648,5866307584,366018560
209,1772014247341,3204,3204,3204,3204,3204,3204,3204,3204,20,15.000000953674316,30.000001907348633,19.047618865966797,9.523809432983398,14.285715103149414,4.761904716491699,5,5.42218017578125,8589934592,2147483648,5879529472,366018560
203,1772014247550,3204,3204,3204,3204,3204,3204,3204,3204,19.047618865966797,23.809524536132813,14.285715103149414,14.285715103149414,10,5,4.761904716491699,4.761904716491699,5.0736494064331055,8589934592,2147483648,5866553344,366018560
206,1772014247755,3204,3204,3204,3204,3204,3204,3204,3204,23.809524536132813,25,20,9.523809432983398,9.523809432983398,9.523809432983398,4.761904716491699,5,5.0736494064331055,8589934592,2147483648,5866553344,366018560
209,1772014247962,3204,3204,3204,3204,3204,3204,3204,3204,25,33.333335876464844,15.000000953674316,10,9.523809432983398,5,0,0,5.0736494064331055,8589934592,2147483648,5867634688,366018560
209,1772014248172,3204,3204,3204,3204,3204,3204,3204,3204,19.047618865966797,23.809524536132813,22.72727394104004,14.285715103149414,9.523809432983398,13.636363983154297,5,9.090909004211426,5.0736494064331055,8589934592,2147483648,5869355008,366018560
200,1772014248382,3204,3204,3204,3204,3204,3204,3204,3204,23.809524536132813,30.000001907348633,15.000000953674316,14.285715103149414,9.523809432983398,5,9.090909004211426,4.545454502105713,5.0736494064331055,8589934592,2147483648,5869404160,366018560
207,1772014248583,3204,3204,3204,3204,3204,3204,3204,3204,30.000001907348633,28.571430206298828,15.000000953674316,14.285715103149414,10.526315689086914,14.285715103149414,5,5.263157844543457,5.088468074798584,8589934592,2147483648,5869404160,366018560
209,1772014248791,3204,3204,3204,3204,3204,3204,3204,3204,25,15.000000953674316,14.285715103149414,10,9.523809432983398,10,9.523809432983398,9.090909004211426,5.088468074798584,8589934592,2147483648,5869404160,366018560
205,1772014249000,3204,3204,3204,3204,3204,3204,3204,3204,28.571430206298828,23.809524536132813,15.000000953674316,19.047618865966797,13.636363983154297,9.523809432983398,0,0,5.088468074798584,8589934592,2147483648,5870501888,366018560
209,1772014249206,3204,3204,3204,3204,3204,3204,3204,3204,23.809524536132813,15.000000953674316,13.636363983154297,0,15.000000953674316,10,10,9.523809432983398,5.088468074798584,8589934592,2147483648,5869453312,366018560
204,1772014249416,3204,3204,3204,3204,3204,3204,3204,3204,30.000001907348633,28.571430206298828,15.000000953674316,18.18181800842285,9.523809432983398,14.285715103149414,9.090909004211426,4.761904716491699,4.910369396209717,8589934592,2147483648,5872287744,366018560
209,1772014249621,3204,3204,3204,3204,3204,3204,3204,3204,23.809524536132813,28.571430206298828,15.000000953674316,10,20,9.523809432983398,15.000000953674316,0,4.910369396209717,8589934592,2147483648,5868077056,366018560
207,1772014249831,3204,3204,3204,3204,3204,3204,3204,3204,15.000000953674316,28.571430206298828,22.72727394104004,13.636363983154297,14.285715103149414,14.285715103149414,9.090909004211426,5,4.910369396209717,8589934592,2147483648,5871648768,366018560
205,1772014250039,3204,3204,3204,3204,3204,3204,3204,3204,22.72727394104004,20,21.052631378173828,14.285715103149414,9.523809432983398,5,0,4.545454502105713,4.910369396209717,8589934592,2147483648,5870747648,366018560
203,1772014250245,3204,3204,3204,3204,3204,3204,3204,3204,20,19.047618865966797,27.272727966308594,15.000000953674316,5,0,0,4.761904716491699,4.910369396209717,8589934592,2147483648,5869486080,366018560
208,1772014250449,3204,3204,3204,3204,3204,3204,3204,3204,23.809524536132813,19.047618865966797,20,15.000000953674316,10,14.285715103149414,9.523809432983398,5,5.1197028160095215,8589934592,2147483648,5868699648,366018560
208,1772014250657,3204,3204,3204,3204,3204,3204,3204,3204,25,21.052631378173828,23.809524536132813,14.285715103149414,9.523809432983398,0,4.761904716491699,0,5.1197028160095215,8589934592,2147483648,5867683840,366018560
206,1772014250866,3204,3204,3204,3204,3204,3204,3204,3204,20,27.272727966308594,28.571430206298828,9.523809432983398,13.636363983154297,4.761904716491699,0,4.761904716491699,5.1197028160095215,8589934592,2147483648,5866815488,366018560
204,1772014251073,3204,3204,3204,3204,3204,3204,3204,3204,22.72727394104004,15.000000953674316,20,10,5,13.636363983154297,4.761904716491699,0,5.1197028160095215,8589934592,2147483648,5868142592,366018560
205,1772014251278,3204,3204,3204,3204,3204,3204,3204,3204,20,19.047618865966797,33.333335876464844,14.285715103149414,10,5,0,0,5.1197028160095215,8589934592,2147483648,5867421696,366018560
201,1772014251484,3204,3204,3204,3204,3204,3204,3204,3204,25,20,23.809524536132813,15.000000953674316,5,10,4.761904716491699,4.761904716491699,5.056161403656006,8589934592,2147483648,5867782144,366018560
204,1772014251686,3204,3204,3204,3204,3204,3204,3204,3204,20,20,22.22222328186035,10,15.000000953674316,9.523809432983398,9.523809432983398,5,5.056161403656006,8589934592,2147483648,5867782144,366018560
209,1772014251890,3204,3204,3204,3204,3204,3204,3204,3204,15.000000953674316,15.000000953674316,28.571430206298828,14.285715103149414,14.285715103149414,5,4.761904716491699,4.761904716491699,5.056161403656006,8589934592,2147483648,5867782144,366018560
202,1772014252100,3204,3204,3204,3204,3204,3204,3204,3204,28.571430206298828,20,18.18181800842285,9.523809432983398,9.523809432983398,9.523809432983398,0,4.761904716491699,5.056161403656006,8589934592,2147483648,5869142016,366018560
209,1772014252303,3204,3204,3204,3204,3204,3204,3204,3204,28.571430206298828,31.81818199157715,10,5.263157844543457,10,0,4.761904716491699,0,5.056161403656006,8589934592,2147483648,5870075904,366018560
209,1772014252514,3204,3204,3204,3204,3204,3204,3204,3204,30.000001907348633,20,19.047618865966797,18.18181800842285,9.090909004211426,5,0,4.761904716491699,4.8803887367248535,8589934592,2147483648,5869060096,366018560
205,1772014252724,3204,3204,3204,3204,3204,3204,3204,3204,28.571430206298828,23.809524536132813,14.285715103149414,10,5,4.545454502105713,0,0,4.8803887367248535,8589934592,2147483648,5867454464,366018560
202,1772014252929,3204,3204,3204,3204,3204,3204,3204,3204,23.809524536132813,23.809524536132813,15.000000953674316,19.047618865966797,10,10,9.523809432983398,4.761904716491699,4.8803887367248535,8589934592,2147483648,5866455040,366018560
202,1772014253132,3204,3204,3204,3204,3204,3204,3204,3204,20,15.000000953674316,15.000000953674316,20,9.090909004211426,0,4.761904716491699,0,4.8803887367248535,8589934592,2147483648,5865029632,366018560
205,1772014253335,3204,3204,3204,3204,3204,3204,3204,3204,15.000000953674316,15.000000953674316,10,23.809524536132813,5.263157844543457,14.285715103149414,0,5,4.8803887367248535,8589934592,2147483648,5867110400,366018560
207,1772014253540,3204,3204,3204,3204,3204,3204,3204,3204,25,15.000000953674316,19.047618865966797,23.809524536132813,10,0,4.761904716491699,0,4.906907081604004,8589934592,2147483648,5866618880,366018560
209,1772014253748,3204,3204,3204,3204,3204,3204,3204,3204,25,22.72727394104004,15.000000953674316,30.000001907348633,14.285715103149414,9.523809432983398,0,0,4.906907081604004,8589934592,2147483648,5876465664,366018560
201,1772014253958,3204,3204,3204,3204,3204,3204,3204,3204,27.272727966308594,20,15.000000953674316,14.285715103149414,9.523809432983398,4.761904716491699,9.090909004211426,0,4.906907081604004,8589934592,2147483648,5865390080,366018560
209,1772014254160,3204,3204,3204,3204,3204,3204,3204,3204,20,26.3157901763916,19.047618865966797,5.263157844543457,14.285715103149414,14.285715103149414,5,5,4.906907081604004,8589934592,2147483648,5863014400,366018560
201,1772014254370,3204,3204,3204,3204,3204,3204,3204,3204,23.809524536132813,27.272727966308594,14.285715103149414,14.285715103149414,10,5,4.761904716491699,4.761904716491699,4.906907081604004,8589934592,2147483648,5864357888,366018560
205,1772014254572,3204,3204,3204,3204,3204,3204,3204,3204,20,20,20,15.000000953674316,20,30.000001907348633,10,13.636363983154297,4.887148857116699,8589934592,2147483648,5864357888,366018560
209,1772014254778,3204,3204,3204,3204,3204,3204,3204,3204,23.809524536132813,23.809524536132813,19.047618865966797,15.000000953674316,13.636363983154297,5,5,0,4.887148857116699,8589934592,2147483648,5864357888,366018560
206,1772014254988,3204,3204,3204,3204,3204,3204,3204,3204,20,25,23.809524536132813,22.72727394104004,5,9.523809432983398,4.545454502105713,4.761904716491699,4.887148857116699,8589934592,2147483648,5864357888,366018560
201,1772014255195,3204,3204,3204,3204,3204,3204,3204,3204,15.000000953674316,10,5,20,15.000000953674316,14.285715103149414,10,5,4.887148857116699,8589934592,2147483648,5861965824,366018560
209,1772014255396,3204,3204,3204,3204,3204,3204,3204,3204,25,23.809524536132813,15.000000953674316,28.571430206298828,14.285715103149414,10,5,5,5.049401760101318,8589934592,2147483648,5861359616,366018560
209,1772014255607,3204,3204,3204,3204,3204,3204,3204,3204,23.809524536132813,30.000001907348633,14.285715103149414,14.285715103149414,9.523809432983398,9.090909004211426,4.761904716491699,9.523809432983398,5.049401760101318,8589934592,2147483648,5865177088,366018560
201,1772014255816,3204,3204,3204,3204,3204,3204,3204,3204,23.809524536132813,27.272727966308594,14.285715103149414,5,10,0,4.761904716491699,4.761904716491699,5.049401760101318,8589934592,2147483648,5863931904,366018560
207,1772014256018,3204,3204,3204,3204,3204,3204,3204,3204,28.571430206298828,21.052631378173828,23.809524536132813,15.000000953674316,19.047618865966797,15.000000953674316,9.523809432983398,5,5.049401760101318,8589934592,2147483648,5867208704,366018560
207,1772014256226,3204,3204,3204,3204,3204,3204,3204,3204,30.000001907348633,22.72727394104004,20,14.285715103149414,9.523809432983398,9.523809432983398,0,4.761904716491699,5.049401760101318,8589934592,2147483648,5864669184,366018560
209,1772014256434,3204,3204,3204,3204,3204,3204,3204,3204,30.000001907348633,15.000000953674316,20,14.285715103149414,10,9.523809432983398,9.523809432983398,9.090909004211426,5.255096912384033,8589934592,2147483648,5867257856,366018560
202,1772014256644,3204,3204,3204,3204,3204,3204,3204,3204,23.809524536132813,19.047618865966797,22.72727394104004,14.285715103149414,9.523809432983398,9.523809432983398,0,0,5.255096912384033,8589934592,2147483648,5863735296,366018560
209,1772014256847,3204,3204,3204,3204,3204,3204,3204,3204,28.571430206298828,25,20,10,10,5,5,4.761904716491699,5.255096912384033,8589934592,2147483648,5863735296,366018560
202,1772014257057,3204,3204,3204,3204,3204,3204,3204,3204,25,25,23.809524536132813,19.047618865966797,9.523809432983398,4.761904716491699,0,0,5.255096912384033,8589934592,2147483648,5867241472,366018560
209,1772014257260,3204,3204,3204,3204,3204,3204,3204,3204,30.000001907348633,28.571430206298828,15.789472579956055,20,15.000000953674316,15.000000953674316,13.636363983154297,5,5.255096912384033,8589934592,2147483648,5865160704,366018560
205,1772014257470,3204,3204,3204,3204,3204,3204,3204,3204,28.571430206298828,20,19.047618865966797,14.285715103149414,4.761904716491699,0,0,0,5.183568000793457,8589934592,2147483648,5868634112,366018560
200,1772014257676,3204,3204,3204,3204,3204,3204,3204,3204,19.047618865966797,14.285715103149414,14.285715103149414,28.571430206298828,10,9.090909004211426,4.761904716491699,5,5.183568000793457,8589934592,2147483648,5866618880,366018560
203,1772014257877,3204,3204,3204,3204,3204,3204,3204,3204,20,20,20,20,13.636363983154297,5.263157844543457,0,4.761904716491699,5.183568000793457,8589934592,2147483648,5867257856,366018560
208,1772014258081,3204,3204,3204,3204,3204,3204,3204,3204,25,20,15.000000953674316,25,15.000000953674316,5,9.090909004211426,9.523809432983398,5.183568000793457,8589934592,2147483648,5879922688,366018560
204,1772014258290,3204,3204,3204,3204,3204,3204,3204,3204,19.047618865966797,14.285715103149414,14.285715103149414,28.571430206298828,5,9.523809432983398,4.761904716491699,0,5.183568000793457,8589934592,2147483648,5865455616,366018560
203,1772014258495,3204,3204,3204,3204,3204,3204,3204,3204,20,25,15.000000953674316,10,14.285715103149414,9.523809432983398,5,9.523809432983398,5.100461006164551,8589934592,2147483648,5867732992,366018560
209,1772014258698,3204,3204,3204,3204,3204,3204,3204,3204,23.809524536132813,23.809524536132813,14.285715103149414,23.809524536132813,5.263157844543457,5,0,0,5.100461006164551,8589934592,2147483648,5865242624,366018560
208,1772014258909,3204,3204,3204,3204,3204,3204,3204,3204,25,14.285715103149414,15.000000953674316,10,9.523809432983398,4.761904716491699,0,0,5.100461006164551,8589934592,2147483648,5864456192,366018560
203,1772014259117,3204,3204,3204,3204,3204,3204,3204,3204,19.047618865966797,23.809524536132813,19.047618865966797,33.333335876464844,13.636363983154297,9.523809432983398,4.761904716491699,4.761904716491699,5.100461006164551,8589934592,2147483648,5868568576,366018560
200,1772014259322,3204,3204,3204,3204,3204,3204,3204,3204,20,19.047618865966797,14.285715103149414,25,5,4.761904716491699,4.761904716491699,0,5.100461006164551,8589934592,2147483648,5865537536,366018560
204,1772014259523,3204,3204,3204,3204,3204,3204,3204,3204,28.571430206298828,21.052631378173828,20,20,15.000000953674316,10.526315689086914,5,10,4.952629566192627,8589934592,2147483648,5871321088,366018560
203,1772014259728,3204,3204,3204,3204,3204,3204,3204,3204,15.789472579956055,20,19.047618865966797,28.571430206298828,5,9.090909004211426,9.523809432983398,4.761904716491699,4.952629566192627,8589934592,2147483648,5866635264,366018560
207,1772014259932,3204,3204,3204,3204,3204,3204,3204,3204,15.000000953674316,19.047618865966797,10.526315689086914,20,10,5,5,4.761904716491699,4.952629566192627,8589934592,2147483648,5866389504,366018560
200,1772014260140,3204,3204,3204,3204,3204,3204,3204,3204,36.3636360168457,30.000001907348633,22.72727394104004,19.047618865966797,13.636363983154297,5,9.523809432983398,0,4.952629566192627,8589934592,2147483648,5878448128,366018560
209,1772014260341,3204,3204,3204,3204,3204,3204,3204,3204,21.052631378173828,15.000000953674316,15.789472579956055,10,10,4.761904716491699,0,5,4.952629566192627,8589934592,2147483648,5864423424,366018560
201,1772014260550,3204,3204,3204,3204,3204,3204,3204,3204,22.72727394104004,15.000000953674316,15.000000953674316,25,5,5,4.761904716491699,0,4.8793840408325195,8589934592,2147483648,5866913792,366018560
207,1772014260753,3204,3204,3204,3204,3204,3204,3204,3204,20,22.72727394104004,19.047618865966797,33.333335876464844,10,14.285715103149414,5,5,4.8793840408325195,8589934592,2147483648,5865390080,366018560
208,1772014260960,3204,3204,3204,3204,3204,3204,3204,3204,15.000000953674316,10,10,15.000000953674316,9.523809432983398,9.523809432983398,5,9.523809432983398,4.8793840408325195,8589934592,2147483648,5864259584,366018560
204,1772014261169,3204,3204,3204,3204,3204,3204,3204,3204,25,28.571430206298828,23.809524536132813,19.047618865966797,13.636363983154297,5,9.090909004211426,4.761904716491699,4.8793840408325195,8589934592,2147483648,5864259584,366018560
207,1772014261374,3204,3204,3204,3204,3204,3204,3204,3204,28.571430206298828,20,14.285715103149414,14.285715103149414,10.526315689086914,10,5,5,4.8793840408325195,8589934592,2147483648,5871681536,366018560
202,1772014261582,3204,3204,3204,3204,3204,3204,3204,3204,42.85714340209961,20,19.047618865966797,14.285715103149414,9.523809432983398,4.761904716491699,4.761904716491699,4.761904716491699,5.128940105438232,8589934592,2147483648,5871583232,366018560
209,1772014261785,3204,3204,3204,3204,3204,3204,3204,3204,25,28.571430206298828,10.526315689086914,15.000000953674316,14.285715103149414,10,0,4.761904716491699,5.128940105438232,8589934592,2147483648,5871583232,366018560
203,1772014261995,3204,3204,3204,3204,3204,3204,3204,3204,25,15.000000953674316,14.285715103149414,9.523809432983398,4.761904716491699,4.761904716491699,4.761904716491699,0,5.128940105438232,8589934592,2147483648,5871583232,366018560
204,1772014262199,3204,3204,3204,3204,3204,3204,3204,3204,36.3636360168457,28.571430206298828,19.047618865966797,15.000000953674316,10,9.523809432983398,0,5,5.128940105438232,8589934592,2147483648,5871583232,366018560
209,1772014262404,3204,3204,3204,3204,3204,3204,3204,3204,30.000001907348633,20,19.047618865966797,10,15.000000953674316,10,14.285715103149414,4.761904716491699,4.9864044189453125,8589934592,2147483648,5867536384,366018560
202,1772014262614,3204,3204,3204,3204,3204,3204,3204,3204,33.333335876464844,25,10,14.285715103149414,4.761904716491699,4.761904716491699,0,0,4.9864044189453125,8589934592,2147483648,5865390080,366018560
200,1772014262817,3204,3204,3204,3204,3204,3204,3204,3204,26.3157901763916,22.72727394104004,15.000000953674316,15.000000953674316,15.000000953674316,9.523809432983398,5,5,4.9864044189453125,8589934592,2147483648,5866569728,366018560
209,1772014263018,3204,3204,3204,3204,3204,3204,3204,3204,28.571430206298828,15.789472579956055,19.047618865966797,19.047618865966797,10,5.263157844543457,5,0,4.9864044189453125,8589934592,2147483648,5866192896,366018560
207,1772014263228,3204,3204,3204,3204,3204,3204,3204,3204,23.809524536132813,28.571430206298828,20,15.000000953674316,4.761904716491699,4.761904716491699,0,4.545454502105713,4.9864044189453125,8589934592,2147483648,5864767488,366018560
209,1772014263436,3204,3204,3204,3204,3204,3204,3204,3204,15.000000953674316,25,14.285715103149414,13.636363983154297,14.285715103149414,5,5,0,4.913208961486816,8589934592,2147483648,5865422848,366018560
209,1772014263646,3204,3204,3204,3204,3204,3204,3204,3204,28.571430206298828,22.72727394104004,28.571430206298828,14.285715103149414,5,13.043478012084961,4.761904716491699,4.761904716491699,4.913208961486816,8589934592,2147483648,5867225088,366018560
203,1772014263856,3204,3204,3204,3204,3204,3204,3204,3204,33.333335876464844,38.095237731933594,36.3636360168457,35,9.090909004211426,0,8.69565200805664,4.761904716491699,4.913208961486816,8589934592,2147483648,5867290624,366018560
207,1772014264059,3204,3204,3204,3204,3204,3204,3204,3204,21.052631378173828,20,15.789472579956055,30.000001907348633,14.285715103149414,5,0,4.761904716491699,4.913208961486816,8589934592,2147483648,5868634112,366018560
209,1772014264267,3204,3204,3204,3204,3204,3204,3204,3204,22.72727394104004,15.000000953674316,15.000000953674316,19.047618865966797,5.263157844543457,9.523809432983398,4.761904716491699,4.761904716491699,4.913208961486816,8589934592,2147483648,5866274816,366018560
204,1772014264477,3204,3204,3204,3204,3204,3204,3204,3204,28.571430206298828,28.571430206298828,28.571430206298828,19.047618865966797,18.18181800842285,5,5,0,4.9252777099609375,8589934592,2147483648,5877907456,366018560
205,1772014264682,3204,3204,3204,3204,3204,3204,3204,3204,52.6315803527832,50,42.85714340209961,38.095237731933594,14.285715103149414,22.72727394104004,9.523809432983398,0,4.9252777099609375,8589934592,2147483648,5871599616,366018560
204,1772014264888,3204,3204,3204,3204,3204,3204,3204,3204,50,52.38095474243164,40,40,20,15.000000953674316,4.761904716491699,4.761904716491699,4.9252777099609375,8589934592,2147483648,5874253824,366018560
209,1772014265093,3204,3204,3204,3204,3204,3204,3204,3204,52.6315803527832,40,38.095237731933594,25,14.285715103149414,10,10,10,4.9252777099609375,8589934592,2147483648,5887868928,366018560
209,1772014265303,3204,3204,3204,3204,3204,3204,3204,3204,47.619049072265625,38.095237731933594,33.333335876464844,31.81818199157715,10,9.523809432983398,4.761904716491699,4.761904716491699,4.9252777099609375,8589934592,2147483648,5885247488,366018560
203,1772014265513,3204,3204,3204,3204,3204,3204,3204,3204,22.72727394104004,27.272727966308594,14.285715103149414,10,14.285715103149414,9.523809432983398,9.090909004211426,4.761904716491699,5.1884050369262695,8589934592,2147483648,5886279680,366018560
204,1772014265717,3204,3204,3204,3204,3204,3204,3204,3204,26.3157901763916,25,19.047618865966797,10,5,9.523809432983398,5,0,5.1884050369262695,8589934592,2147483648,5886328832,366018560
209,1772014265922,3204,3204,3204,3204,3204,3204,3204,3204,23.809524536132813,20,10,14.285715103149414,14.285715103149414,5,15.000000953674316,5,5.1884050369262695,8589934592,2147483648,5886509056,366018560
205,1772014266132,3204,3204,3204,3204,3204,3204,3204,3204,52.38095474243164,42.85714340209961,45,42.85714340209961,9.523809432983398,4.761904716491699,0,4.761904716491699,5.1884050369262695,8589934592,2147483648,5897469952,366018560
205,1772014266337,3204,3204,3204,3204,3204,3204,3204,3204,30.000001907348633,33.333335876464844,40,20,10,5,5,9.090909004211426,5.1884050369262695,8589934592,2147483648,5890277376,366018560
209,1772014266543,3204,3204,3204,3204,3204,3204,3204,3204,23.809524536132813,15.789472579956055,28.571430206298828,14.285715103149414,14.285715103149414,9.523809432983398,0,0,5.767813682556152,8589934592,2147483648,5889212416,366018560
204,1772014266753,3204,3204,3204,3204,3204,3204,3204,3204,23.809524536132813,28.571430206298828,23.809524536132813,14.285715103149414,14.285715103149414,4.761904716491699,13.636363983154297,4.761904716491699,5.767813682556152,8589934592,2147483648,5881184256,366018560
208,1772014266958,3204,3204,3204,3204,3204,3204,3204,3204,25,19.047618865966797,10,15.000000953674316,14.285715103149414,9.523809432983398,4.761904716491699,5,5.767813682556152,8589934592,2147483648,5881200640,366018560
204,1772014267167,3204,3204,3204,3204,3204,3204,3204,3204,28.571430206298828,23.809524536132813,23.809524536132813,15.000000953674316,9.523809432983398,5,0,0,5.767813682556152,8589934592,2147483648,5885460480,366018560
209,1772014267372,3204,3204,3204,3204,3204,3204,3204,3204,20,15.789472579956055,15.000000953674316,10,5.263157844543457,14.285715103149414,4.761904716491699,4.761904716491699,5.767813682556152,8589934592,2147483648,5882888192,366018560
209,1772014267582,3204,3204,3204,3204,3204,3204,3204,3204,33.333335876464844,22.72727394104004,14.285715103149414,13.636363983154297,14.285715103149414,5,4.761904716491699,4.761904716491699,5.106837272644043,8589934592,2147483648,5883478016,366018560
203,1772014267792,3204,3204,3204,3204,3204,3204,3204,3204,23.809524536132813,20,13.636363983154297,13.636363983154297,13.636363983154297,9.090909004211426,9.523809432983398,4.761904716491699,5.106837272644043,8589934592,2147483648,5881151488,366018560
209,1772014267996,3204,3204,3204,3204,3204,3204,3204,3204,15.789472579956055,31.81818199157715,10,10.526315689086914,10,5,4.761904716491699,0,5.106837272644043,8589934592,2147483648,5932466176,366018560
209,1772014268206,3204,3204,3204,3204,3204,3204,3204,3204,22.72727394104004,26.3157901763916,19.047618865966797,13.636363983154297,5,5,0,0,5.106837272644043,8589934592,2147483648,5931581440,366018560
209,1772014268416,3204,3204,3204,3204,3204,3204,3204,3204,42.85714340209961,22.72727394104004,33.333335876464844,20,13.636363983154297,13.636363983154297,4.761904716491699,4.761904716491699,4.955942153930664,8589934592,2147483648,5931433984,366018560
201,1772014268626,3204,3204,3204,3204,3204,3204,3204,3204,19.047618865966797,23.809524536132813,28.571430206298828,14.285715103149414,10,4.761904716491699,4.761904716491699,4.545454502105713,4.955942153930664,8589934592,2147483648,5934579712,366018560
207,1772014268828,3204,3204,3204,3204,3204,3204,3204,3204,20,25,15.789472579956055,15.000000953674316,10,10,0,10,4.955942153930664,8589934592,2147483648,5931859968,366018560
203,1772014269036,3204,3204,3204,3204,3204,3204,3204,3204,28.571430206298828,20,22.72727394104004,20,13.636363983154297,5,9.523809432983398,0,4.955942153930664,8589934592,2147483648,5925076992,366018560
200,1772014269240,3204,3204,3204,3204,3204,3204,3204,3204,20,25,25,14.285715103149414,5,9.523809432983398,0,0,4.955942153930664,8589934592,2147483648,5923307520,366018560
204,1772014269441,3204,3204,3204,3204,3204,3204,3204,3204,21.052631378173828,23.809524536132813,20,15.000000953674316,15.000000953674316,10,5.263157844543457,9.523809432983398,4.99424409866333,8589934592,2147483648,5905973248,366018560
205,1772014269646,3204,3204,3204,3204,3204,3204,3204,3204,28.571430206298828,21.052631378173828,30.000001907348633,19.047618865966797,28.571430206298828,10,4.761904716491699,0,4.99424409866333,8589934592,2147483648,5902516224,366018560
206,1772014269853,3204,3204,3204,3204,3204,3204,3204,3204,28.571430206298828,23.809524536132813,15.000000953674316,14.285715103149414,5,4.761904716491699,0,0,4.99424409866333,8589934592,2147483648,5899501568,366018560
207,1772014270059,3204,3204,3204,3204,3204,3204,3204,3204,25,23.809524536132813,19.047618865966797,15.000000953674316,9.523809432983398,9.523809432983398,5,9.090909004211426,4.99424409866333,8589934592,2147483648,5896814592,366018560
208,1772014270267,3204,3204,3204,3204,3204,3204,3204,3204,20,20,20,10,15.000000953674316,15.000000953674316,13.636363983154297,5,4.99424409866333,8589934592,2147483648,5894324224,366018560
207,1772014270476,3204,3204,3204,3204,3204,3204,3204,3204,22.72727394104004,27.272727966308594,22.72727394104004,14.285715103149414,9.523809432983398,4.761904716491699,0,4.761904716491699,5.060819149017334,8589934592,2147483648,5893996544,366018560
207,1772014270684,3204,3204,3204,3204,3204,3204,3204,3204,21.052631378173828,25,15.000000953674316,14.285715103149414,9.523809432983398,9.090909004211426,0,0,5.060819149017334,8589934592,2147483648,5897306112,366018560
209,1772014270892,3204,3204,3204,3204,3204,3204,3204,3204,22.72727394104004,15.000000953674316,14.285715103149414,15.000000953674316,20,10.526315689086914,9.523809432983398,5,5.060819149017334,8589934592,2147483648,5905793024,366018560
204,1772014271102,3204,3204,3204,3204,3204,3204,3204,3204,15.000000953674316,14.285715103149414,15.000000953674316,23.809524536132813,13.636363983154297,9.523809432983398,4.761904716491699,4.761904716491699,5.060819149017334,8589934592,2147483648,5897043968,366018560
203,1772014271307,3204,3204,3204,3204,3204,3204,3204,3204,28.571430206298828,23.809524536132813,14.285715103149414,20,10.526315689086914,9.523809432983398,9.523809432983398,9.523809432983398,5.060819149017334,8589934592,2147483648,5894864896,366018560
202,1772014271511,3204,3204,3204,3204,3204,3204,3204,3204,25,20,23.809524536132813,19.047618865966797,9.523809432983398,9.523809432983398,0,0,5.04337739944458,8589934592,2147483648,5896994816,366018560
202,1772014271714,3204,3204,3204,3204,3204,3204,3204,3204,25,15.000000953674316,30.000001907348633,15.000000953674316,14.285715103149414,5.263157844543457,9.523809432983398,5,5.04337739944458,8589934592,2147483648,5885755392,366018560
202,1772014271917,3204,3204,3204,3204,3204,3204,3204,3204,15.000000953674316,19.047618865966797,21.052631378173828,9.523809432983398,10,5,0,9.523809432983398,5.04337739944458,8589934592,2147483648,5883740160,366018560
209,1772014272120,3204,3204,3204,3204,3204,3204,3204,3204,23.809524536132813,15.000000953674316,23.809524536132813,15.000000953674316,10.526315689086914,14.285715103149414,9.523809432983398,5,5.04337739944458,8589934592,2147483648,5881708544,366018560
201,1772014272330,3204,3204,3204,3204,3204,3204,3204,3204,23.809524536132813,25,14.285715103149414,15.000000953674316,9.090909004211426,4.761904716491699,4.761904716491699,4.545454502105713,5.04337739944458,8589934592,2147483648,5880332288,366018560
204,1772014272532,3204,3204,3204,3204,3204,3204,3204,3204,25,19.047618865966797,15.000000953674316,27.272727966308594,10.526315689086914,5.263157844543457,5,5.263157844543457,5.126391887664795,8589934592,2147483648,5880709120,366018560
202,1772014272737,3204,3204,3204,3204,3204,3204,3204,3204,25,20,15.000000953674316,21.052631378173828,9.523809432983398,9.090909004211426,4.761904716491699,0,5.126391887664795,8589934592,2147483648,5882576896,366018560
203,1772014272940,3204,3204,3204,3204,3204,3204,3204,3204,38.095237731933594,19.047618865966797,20,14.285715103149414,5,5,5,4.761904716491699,5.126391887664795,8589934592,2147483648,5878366208,366018560
204,1772014273144,3204,3204,3204,3204,3204,3204,3204,3204,31.57894515991211,26.3157901763916,19.047618865966797,15.789472579956055,23.809524536132813,15.000000953674316,5,0,5.126391887664795,8589934592,2147483648,5881430016,366018560
209,1772014273349,3204,3204,3204,3204,3204,3204,3204,3204,19.047618865966797,19.047618865966797,14.285715103149414,28.571430206298828,5,5,5,5,5.126391887664795,8589934592,2147483648,5881430016,366018560
201,1772014273559,3204,3204,3204,3204,3204,3204,3204,3204,19.047618865966797,15.000000953674316,5.263157844543457,19.047618865966797,13.636363983154297,9.090909004211426,4.545454502105713,4.545454502105713,4.965752124786377,8589934592,2147483648,5881430016,366018560
205,1772014273761,3204,3204,3204,3204,3204,3204,3204,3204,30.000001907348633,23.809524536132813,15.000000953674316,35,0,0,0,0,4.965752124786377,8589934592,2147483648,5880053760,366018560
206,1772014273967,3204,3204,3204,3204,3204,3204,3204,3204,25,25,22.72727394104004,14.285715103149414,13.636363983154297,5,4.761904716491699,4.761904716491699,4.965752124786377,8589934592,2147483648,5929074688,366018560
209,1772014274174,3204,3204,3204,3204,3204,3204,3204,3204,23.809524536132813,23.809524536132813,15.000000953674316,10,10,9.523809432983398,0,4.761904716491699,4.965752124786377,8589934592,2147483648,5931548672,366018560
208,1772014274384,3204,3204,3204,3204,3204,3204,3204,3204,20,33.333335876464844,14.285715103149414,14.285715103149414,5,4.761904716491699,4.761904716491699,0,4.97696590423584,8589934592,2147483648,5929582592,366018560
204,1772014274593,3204,3204,3204,3204,3204,3204,3204,3204,23.809524536132813,25,14.285715103149414,13.636363983154297,33.333335876464844,10,5,4.761904716491699,4.97696590423584,8589934592,2147483648,5929254912,366018560
200,1772014274798,3204,3204,3204,3204,3204,3204,3204,3204,20,23.809524536132813,15.000000953674316,15.000000953674316,9.523809432983398,13.636363983154297,9.090909004211426,4.761904716491699,4.97696590423584,8589934592,2147483648,5929369600,366018560
206,1772014274999,3204,3204,3204,3204,3204,3204,3204,3204,28.571430206298828,20,19.047618865966797,5.263157844543457,10,0,0,0,4.97696590423584,8589934592,2147483648,5925830656,366018560
209,1772014275207,3204,3204,3204,3204,3204,3204,3204,3204,25,20,15.000000953674316,22.72727394104004,14.285715103149414,19.047618865966797,5,5,4.97696590423584,8589934592,2147483648,5909397504,366018560
209,1772014275417,3204,3204,3204,3204,3204,3204,3204,3204,22.72727394104004,33.333335876464844,14.285715103149414,9.523809432983398,14.285715103149414,5,5,9.090909004211426,4.900637149810791,8589934592,2147483648,5895553024,366018560
206,1772014275627,3204,3204,3204,3204,3204,3204,3204,3204,15.789472579956055,14.285715103149414,25,5,0,4.545454502105713,8.69565200805664,0,4.900637149810791,8589934592,2147483648,5895192576,366018560
209,1772014275834,3204,3204,3204,3204,3204,3204,3204,3204,28.571430206298828,20,19.047618865966797,14.285715103149414,14.285715103149414,9.523809432983398,5,4.761904716491699,4.900637149810791,8589934592,2147483648,5895258112,366018560
200,1772014276044,3204,3204,3204,3204,3204,3204,3204,3204,27.272727966308594,18.18181800842285,14.285715103149414,15.000000953674316,10,5,4.761904716491699,0,4.900637149810791,8589934592,2147483648,5896617984,366018560
202,1772014276245,3204,3204,3204,3204,3204,3204,3204,3204,25,25,21.052631378173828,23.809524536132813,13.636363983154297,14.285715103149414,5,5,4.900637149810791,8589934592,2147483648,5897764864,366018560
209,1772014276448,3204,3204,3204,3204,3204,3204,3204,3204,15.000000953674316,10.526315689086914,9.523809432983398,30.000001907348633,5.263157844543457,0,5,4.761904716491699,5.173483848571777,8589934592,2147483648,5896257536,366018560
209,1772014276658,3204,3204,3204,3204,3204,3204,3204,3204,19.047618865966797,22.72727394104004,30.000001907348633,14.285715103149414,9.523809432983398,13.636363983154297,4.545454502105713,0,5.173483848571777,8589934592,2147483648,5894848512,366018560
209,1772014276868,3204,3204,3204,3204,3204,3204,3204,3204,28.571430206298828,20,27.272727966308594,14.285715103149414,13.636363983154297,5,5,4.761904716491699,5.173483848571777,8589934592,2147483648,5895962624,366018560
209,1772014277079,3204,3204,3204,3204,3204,3204,3204,3204,15.789472579956055,19.047618865966797,23.809524536132813,5,5.263157844543457,9.090909004211426,4.761904716491699,4.761904716491699,5.173483848571777,8589934592,2147483648,5896781824,366018560
209,1772014277288,3204,3204,3204,3204,3204,3204,3204,3204,31.81818199157715,23.809524536132813,19.047618865966797,13.636363983154297,18.18181800842285,10,5,13.636363983154297,5.173483848571777,8589934592,2147483648,5906087936,366018560
208,1772014277499,3204,3204,3204,3204,3204,3204,3204,3204,28.571430206298828,22.72727394104004,19.047618865966797,14.285715103149414,9.523809432983398,9.090909004211426,8.69565200805664,0,4.920629024505615,8589934592,2147483648,5897420800,366018560
201,1772014277707,3204,3204,3204,3204,3204,3204,3204,3204,20,25,19.047618865966797,25,9.523809432983398,5,0,4.761904716491699,4.920629024505615,8589934592,2147483648,5897420800,366018560
4,1772014277910,3204,3204,3204,3204,3204,3204,3204,3204,23.809524536132813,30.000001907348633,15.000000953674316,14.285715103149414,10,5,5,0,4.920629024505615,8589934592,2147483648,5882200064,366018560
