Delta,Time,CPU_FREQUENCY_0,CPU_FREQUENCY_1,CPU_FREQUENCY_2,CPU_FREQUENCY_3,CPU_FREQUENCY_4,CPU_FREQUENCY_5,CPU_FREQUENCY_6,CPU_FREQUENCY_7,CPU_USAGE_0,CPU_USAGE_1,CPU_USAGE_2,CPU_USAGE_3,CPU_USAGE_4,CPU_USAGE_5,CPU_USAGE_6,CPU_USAGE_7,SYSTEM_POWER (Watts),TOTAL_MEMORY,TOTAL_SWAP,USED_MEMORY,USED_SWAP
0,1772008663334,3204,3204,3204,3204,3204,3204,3204,3204,100,50,NaN,50,NaN,50,0,NaN,5.716104030609131,8589934592,2147483648,6021136384,407961600
203,1772008663334,3204,3204,3204,3204,3204,3204,3204,3204,100,NaN,0,NaN,100,NaN,NaN,0,5.716104030609131,8589934592,2147483648,6021840896,407961600
206,1772008663538,3204,3204,3204,3204,3204,3204,3204,3204,23.809524536132813,20,10,14.285715103149414,5,5,4.761904716491699,4.761904716491699,5.716104030609131,8589934592,2147483648,6022561792,407961600
209,1772008663745,3204,3204,3204,3204,3204,3204,3204,3204,63.15789031982422,65,66.66667175292969,60.000003814697266,19.047618865966797,0,0,0,5.084352493286133,8589934592,2147483648,6033195008,407961600
209,1772008663955,3204,3204,3204,3204,3204,3204,3204,3204,42.85714340209961,47.619049072265625,42.85714340209961,33.333335876464844,23.809524536132813,18.18181800842285,0,0,5.084352493286133,8589934592,2147483648,6027264000,407961600
206,1772008664164,3204,3204,3204,3204,3204,3204,3204,3204,65,54.54545593261719,47.619049072265625,52.38095474243164,0,0,0,0,5.084352493286133,8589934592,2147483648,6016942080,407961600
206,1772008664371,3204,3204,3204,3204,3204,3204,3204,3204,45.45454788208008,36.842105865478516,40,30.000001907348633,0,0,0,0,5.084352493286133,8589934592,2147483648,6008143872,407961600
203,1772008664577,3204,3204,3204,3204,3204,3204,3204,3204,45,36.3636360168457,30.000001907348633,33.333335876464844,4.761904716491699,4.761904716491699,0,0,5.084352493286133,8589934592,2147483648,6003703808,407961600
199,1772008664781,3204,3204,3204,3204,3204,3204,3204,3204,57.142860412597656,47.36842346191406,42.85714340209961,31.57894515991211,0,0,4.761904716491699,0,6.764420032501221,8589934592,2147483648,6007537664,407961600
205,1772008664981,3204,3204,3204,3204,3204,3204,3204,3204,50,60.000003814697266,45,52.38095474243164,19.047618865966797,10,5.263157844543457,14.285715103149414,6.764420032501221,8589934592,2147483648,5989056512,407961600
209,1772008665188,3204,3204,3204,3204,3204,3204,3204,3204,42.105262756347656,47.619049072265625,38.095237731933594,33.333335876464844,10,14.285715103149414,4.761904716491699,5,6.764420032501221,8589934592,2147483648,5985763328,407961600
207,1772008665398,3204,3204,3204,3204,3204,3204,3204,3204,77.2727279663086,76.19047546386719,71.42857360839844,70,23.809524536132813,33.333335876464844,9.523809432983398,0,6.764420032501221,8589934592,2147483648,5976997888,407961600
202,1772008665606,3204,3204,3204,3204,3204,3204,3204,3204,70,75,70,71.42857360839844,5,5,0,0,6.764420032501221,8589934592,2147483648,5978619904,407961600
201,1772008665809,3204,3204,3204,3204,3204,3204,3204,3204,61.904762268066406,55,55,90.47618865966797,0,0,0,0,6.250730514526367,8589934592,2147483648,5979635712,407961600
201,1772008666011,3204,3204,3204,3204,3204,3204,3204,3204,80,61.904762268066406,70,65,5,4.761904716491699,9.090909004211426,4.761904716491699,6.250730514526367,8589934592,2147483648,5980160000,407961600
199,1772008666214,3204,3204,3204,3204,3204,3204,3204,3204,60.000003814697266,65,60.000003814697266,85,35,5,0,0,6.250730514526367,8589934592,2147483648,5980717056,407961600
201,1772008666414,3204,3204,3204,3204,3204,3204,3204,3204,60.000003814697266,63.15789031982422,60.000003814697266,61.904762268066406,0,0,0,0,6.250730514526367,8589934592,2147483648,5981732864,407961600
200,1772008666616,3204,3204,3204,3204,3204,3204,3204,3204,71.42857360839844,55,52.38095474243164,63.15789031982422,0,0,0,0,6.250730514526367,8589934592,2147483648,5982584832,407961600
206,1772008666816,3204,3204,3204,3204,3204,3204,3204,3204,73.68421173095703,66.66667175292969,70,70,4.761904716491699,0,0,0,7.016392707824707,8589934592,2147483648,5979734016,407961600
209,1772008667023,3204,3204,3204,3204,3204,3204,3204,3204,60.000003814697266,71.42857360839844,55,71.42857360839844,0,0,0,0,7.016392707824707,8589934592,2147483648,5980897280,407961600
199,1772008667233,3204,3204,3204,3204,3204,3204,3204,3204,52.38095474243164,50,61.904762268066406,60.000003814697266,4.761904716491699,0,4.545454502105713,0,7.016392707824707,8589934592,2147483648,5973950464,407961600
204,1772008667433,3204,3204,3204,3204,3204,3204,3204,3204,60.000003814697266,70,55,60.000003814697266,16.666667938232422,23.809524536132813,0,10,7.016392707824707,8589934592,2147483648,5966872576,407961600
201,1772008667638,3204,3204,3204,3204,3204,3204,3204,3204,47.619049072265625,47.619049072265625,50,50,4.545454502105713,4.761904716491699,0,0,6.780618667602539,8589934592,2147483648,5967904768,407961600
209,1772008667839,3204,3204,3204,3204,3204,3204,3204,3204,57.894737243652344,60.000003814697266,65,80.95238494873047,47.36842346191406,15.000000953674316,0,30.000001907348633,6.780618667602539,8589934592,2147483648,5967904768,407961600
204,1772008668049,3204,3204,3204,3204,3204,3204,3204,3204,54.54545593261719,42.85714340209961,63.6363639831543,42.85714340209961,9.090909004211426,5,4.761904716491699,4.761904716491699,6.780618667602539,8589934592,2147483648,5956861952,407961600
209,1772008668254,3204,3204,3204,3204,3204,3204,3204,3204,63.15789031982422,55,70,65,0,0,0,0,6.780618667602539,8589934592,2147483648,5954830336,407961600
207,1772008668463,3204,3204,3204,3204,3204,3204,3204,3204,47.619049072265625,38.095237731933594,61.904762268066406,47.619049072265625,4.761904716491699,0,0,0,6.780618667602539,8589934592,2147483648,5954830336,407961600
209,1772008668671,3204,3204,3204,3204,3204,3204,3204,3204,47.619049072265625,47.619049072265625,61.904762268066406,57.142860412597656,0,0,0,0,6.515259742736816,8589934592,2147483648,5954830336,407961600
208,1772008668881,3204,3204,3204,3204,3204,3204,3204,3204,61.904762268066406,65,70,66.66667175292969,45,28.571430206298828,4.761904716491699,0,6.515259742736816,8589934592,2147483648,5954830336,407961600
202,1772008669090,3204,3204,3204,3204,3204,3204,3204,3204,54.54545593261719,47.619049072265625,52.38095474243164,61.904762268066406,13.636363983154297,4.545454502105713,0,9.523809432983398,6.515259742736816,8589934592,2147483648,5940543488,407961600
207,1772008669292,3204,3204,3204,3204,3204,3204,3204,3204,73.68421173095703,70,76.19047546386719,68.42105102539063,5,5,5,0,6.515259742736816,8589934592,2147483648,5938462720,407961600
209,1772008669500,3204,3204,3204,3204,3204,3204,3204,3204,61.904762268066406,57.142860412597656,52.38095474243164,54.54545593261719,19.047618865966797,14.285715103149414,9.090909004211426,0,6.515259742736816,8589934592,2147483648,5925175296,407961600
203,1772008669710,3204,3204,3204,3204,3204,3204,3204,3204,42.85714340209961,38.095237731933594,55,38.095237731933594,9.523809432983398,9.523809432983398,0,0,6.9724812507629395,8589934592,2147483648,5917114368,407961600
208,1772008669915,3204,3204,3204,3204,3204,3204,3204,3204,50,45,55,40,0,0,0,0,6.9724812507629395,8589934592,2147483648,5919948800,407961600
202,1772008670123,3204,3204,3204,3204,3204,3204,3204,3204,52.38095474243164,52.38095474243164,52.38095474243164,38.095237731933594,0,0,0,4.545454502105713,6.9724812507629395,8589934592,2147483648,5919227904,407961600
202,1772008670326,3204,3204,3204,3204,3204,3204,3204,3204,45,50,45,47.36842346191406,0,0,0,0,6.9724812507629395,8589934592,2147483648,5921013760,407961600
208,1772008670529,3204,3204,3204,3204,3204,3204,3204,3204,85,75,76.19047546386719,80.95238494873047,4.761904716491699,0,0,0,6.9724812507629395,8589934592,2147483648,5923258368,407961600
209,1772008670738,3204,3204,3204,3204,3204,3204,3204,3204,66.66667175292969,66.66667175292969,80,61.904762268066406,0,0,0,0,7.461917877197266,8589934592,2147483648,5923258368,407961600
202,1772008670948,3204,3204,3204,3204,3204,3204,3204,3204,52.38095474243164,47.619049072265625,47.619049072265625,40,0,0,0,0,7.461917877197266,8589934592,2147483648,5923258368,407961600
209,1772008671151,3204,3204,3204,3204,3204,3204,3204,3204,50,42.105262756347656,40,38.095237731933594,0,0,0,0,7.461917877197266,8589934592,2147483648,5922897920,407961600
202,1772008671361,3204,3204,3204,3204,3204,3204,3204,3204,61.904762268066406,72.7272720336914,63.6363639831543,70,0,0,0,0,7.461917877197266,8589934592,2147483648,5923913728,407961600
209,1772008671563,3204,3204,3204,3204,3204,3204,3204,3204,55,55,52.6315803527832,42.85714340209961,5,9.090909004211426,0,0,7.461917877197266,8589934592,2147483648,5925453824,407961600
207,1772008671773,3204,3204,3204,3204,3204,3204,3204,3204,42.85714340209961,42.85714340209961,33.333335876464844,33.333335876464844,25,15.789472579956055,0,5,6.31464147567749,8589934592,2147483648,5928910848,407961600
202,1772008671981,3204,3204,3204,3204,3204,3204,3204,3204,80,76.19047546386719,80,75,9.090909004211426,4.761904716491699,4.545454502105713,0,6.31464147567749,8589934592,2147483648,5925666816,407961600
200,1772008672183,3204,3204,3204,3204,3204,3204,3204,3204,57.142860412597656,52.6315803527832,45.45454788208008,57.142860412597656,80,25,15.789472579956055,0,6.31464147567749,8589934592,2147483648,5928894464,407961600
208,1772008672384,3204,3204,3204,3204,3204,3204,3204,3204,60.000003814697266,45,52.6315803527832,42.105262756347656,80,4.761904716491699,0,5,6.31464147567749,8589934592,2147483648,5930582016,407961600
209,1772008672593,3204,3204,3204,3204,3204,3204,3204,3204,45,40.90909194946289,42.85714340209961,47.619049072265625,38.095237731933594,4.761904716491699,0,0,6.31464147567749,8589934592,2147483648,5931679744,407961600
209,1772008672803,3204,3204,3204,3204,3204,3204,3204,3204,40.90909194946289,55,71.42857360839844,52.38095474243164,85,4.761904716491699,4.545454502105713,0,6.591115474700928,8589934592,2147483648,5931302912,407961600
207,1772008673013,3204,3204,3204,3204,3204,3204,3204,3204,36.842105865478516,52.38095474243164,66.66667175292969,28.571430206298828,81.81818389892578,0,0,0,6.591115474700928,8589934592,2147483648,5932171264,407961600
208,1772008673221,3204,3204,3204,3204,3204,3204,3204,3204,42.85714340209961,23.809524536132813,45,52.38095474243164,15.000000953674316,14.285715103149414,0,0,6.591115474700928,8589934592,2147483648,5932990464,407961600
208,1772008673430,3204,3204,3204,3204,3204,3204,3204,3204,45.45454788208008,35,45.45454788208008,42.85714340209961,54.54545593261719,0,19.047618865966797,0,6.591115474700928,8589934592,2147483648,5931761664,407961600
206,1772008673639,3204,3204,3204,3204,3204,3204,3204,3204,42.85714340209961,54.54545593261719,42.85714340209961,40,71.42857360839844,4.545454502105713,19.047618865966797,0,8.993569374084473,8589934592,2147483648,5931335680,407961600
209,1772008673846,3204,3204,3204,3204,3204,3204,3204,3204,55,65,47.619049072265625,50,47.36842346191406,15.789472579956055,9.523809432983398,18.18181800842285,8.993569374084473,8589934592,2147483648,5924601856,407961600
208,1772008674056,3204,3204,3204,3204,3204,3204,3204,3204,33.333335876464844,38.095237731933594,31.57894515991211,60.000003814697266,85.71428680419922,8.69565200805664,5,0,8.993569374084473,8589934592,2147483648,5925683200,407961600
205,1772008674265,3204,3204,3204,3204,3204,3204,3204,3204,42.85714340209961,38.095237731933594,42.85714340209961,68.18181610107422,71.42857360839844,0,0,0,8.993569374084473,8589934592,2147483648,5927550976,407961600
209,1772008674471,3204,3204,3204,3204,3204,3204,3204,3204,45,30.000001907348633,38.095237731933594,42.105262756347656,28.571430206298828,0,0,0,8.993569374084473,8589934592,2147483648,5926453248,407961600
201,1772008674681,3204,3204,3204,3204,3204,3204,3204,3204,47.619049072265625,42.85714340209961,50,42.85714340209961,80.95238494873047,9.090909004211426,0,0,10.359125137329102,8589934592,2147483648,5927763968,407961600
205,1772008674882,3204,3204,3204,3204,3204,3204,3204,3204,45,35,47.619049072265625,38.095237731933594,90,10.526315689086914,0,0,10.359125137329102,8589934592,2147483648,5933203456,407961600
208,1772008675087,3204,3204,3204,3204,3204,3204,3204,3204,33.333335876464844,42.85714340209961,30.000001907348633,55,38.095237731933594,4.761904716491699,0,0,10.359125137329102,8589934592,2147483648,5933203456,407961600
201,1772008675297,3204,3204,3204,3204,3204,3204,3204,3204,30.000001907348633,42.85714340209961,36.3636360168457,50,33.333335876464844,50,22.72727394104004,0,10.359125137329102,8589934592,2147483648,5934563328,407961600
209,1772008675499,3204,3204,3204,3204,3204,3204,3204,3204,33.333335876464844,30.000001907348633,42.105262756347656,60.000003814697266,5,95.23809814453125,0,0,10.359125137329102,8589934592,2147483648,5938561024,407961600
208,1772008675708,3204,3204,3204,3204,3204,3204,3204,3204,35,40,45.45454788208008,50,33.333335876464844,25,0,0,9.67298698425293,8589934592,2147483648,5925470208,407961600
209,1772008675917,3204,3204,3204,3204,3204,3204,3204,3204,42.85714340209961,42.85714340209961,60.000003814697266,38.095237731933594,71.42857360839844,31.81818199157715,9.090909004211426,9.523809432983398,9.67298698425293,8589934592,2147483648,5925470208,407961600
206,1772008676127,3204,3204,3204,3204,3204,3204,3204,3204,47.619049072265625,47.619049072265625,52.38095474243164,45,20,61.904762268066406,20,0,9.67298698425293,8589934592,2147483648,5925470208,407961600
204,1772008676334,3204,3204,3204,3204,3204,3204,3204,3204,33.333335876464844,35,40,50,47.619049072265625,0,0,0,9.67298698425293,8589934592,2147483648,5919801344,407961600
208,1772008676538,3204,3204,3204,3204,3204,3204,3204,3204,42.105262756347656,35,42.85714340209961,52.6315803527832,42.85714340209961,57.894737243652344,0,0,9.67298698425293,8589934592,2147483648,5923356672,407961600
206,1772008676747,3204,3204,3204,3204,3204,3204,3204,3204,36.3636360168457,31.81818199157715,55,40.90909194946289,19.047618865966797,86.36363983154297,0,0,10.846994400024414,8589934592,2147483648,5927026688,407961600
208,1772008676954,3204,3204,3204,3204,3204,3204,3204,3204,42.105262756347656,45,33.333335876464844,40,38.095237731933594,0,0,0,10.846994400024414,8589934592,2147483648,5925208064,407961600
200,1772008677164,3204,3204,3204,3204,3204,3204,3204,3204,50,45,42.85714340209961,38.095237731933594,45,47.619049072265625,4.545454502105713,13.636363983154297,10.846994400024414,8589934592,2147483648,5927501824,407961600
200,1772008677364,3204,3204,3204,3204,3204,3204,3204,3204,50,47.619049072265625,45,42.105262756347656,10,90.47618865966797,0,0,10.846994400024414,8589934592,2147483648,5928927232,407961600
207,1772008677565,3204,3204,3204,3204,3204,3204,3204,3204,28.571430206298828,26.3157901763916,25,20,35,0,0,0,10.846994400024414,8589934592,2147483648,5928927232,407961600
200,1772008677773,3204,3204,3204,3204,3204,3204,3204,3204,30.000001907348633,33.333335876464844,30.000001907348633,28.571430206298828,95.23809814453125,0,0,0,10.698410987854004,8589934592,2147483648,5927567360,407961600
209,1772008677974,3204,3204,3204,3204,3204,3204,3204,3204,30.000001907348633,31.57894515991211,21.052631378173828,25,5,94.73684692382813,0,0,10.698410987854004,8589934592,2147483648,5930631168,407961600
209,1772008678184,3204,3204,3204,3204,3204,3204,3204,3204,38.095237731933594,36.3636360168457,31.81818199157715,25,33.333335876464844,28.571430206298828,4.761904716491699,14.285715103149414,10.698410987854004,8589934592,2147483648,5912903680,407961600
207,1772008678394,3204,3204,3204,3204,3204,3204,3204,3204,33.333335876464844,28.571430206298828,23.809524536132813,27.272727966308594,71.42857360839844,0,0,0,10.698410987854004,8589934592,2147483648,5913214976,407961600
202,1772008678602,3204,3204,3204,3204,3204,3204,3204,3204,33.333335876464844,30.000001907348633,25,25,80.95238494873047,0,18.18181800842285,0,10.698410987854004,8589934592,2147483648,5913919488,407961600
209,1772008678805,3204,3204,3204,3204,3204,3204,3204,3204,30.000001907348633,38.095237731933594,25,20,55,27.272727966308594,5,4.761904716491699,9.865211486816406,8589934592,2147483648,5914230784,407961600
205,1772008679015,3204,3204,3204,3204,3204,3204,3204,3204,30.000001907348633,30.000001907348633,28.571430206298828,23.809524536132813,52.38095474243164,4.761904716491699,0,0,9.865211486816406,8589934592,2147483648,5926207488,407961600
204,1772008679222,3204,3204,3204,3204,3204,3204,3204,3204,38.095237731933594,35,28.571430206298828,33.333335876464844,50,0,0,0,9.865211486816406,8589934592,2147483648,5904531456,407961600
207,1772008679427,3204,3204,3204,3204,3204,3204,3204,3204,30.000001907348633,33.333335876464844,33.333335876464844,30.000001907348633,40,9.523809432983398,5,4.761904716491699,9.865211486816406,8589934592,2147483648,5909299200,407961600
202,1772008679636,3204,3204,3204,3204,3204,3204,3204,3204,35,33.333335876464844,25,27.272727966308594,54.54545593261719,0,0,0,10.019366264343262,8589934592,2147483648,5922422784,407961600
203,1772008679839,3204,3204,3204,3204,3204,3204,3204,3204,47.619049072265625,40,36.842105865478516,36.842105865478516,21.052631378173828,5,0,0,10.019366264343262,8589934592,2147483648,5911166976,407961600
202,1772008680044,3204,3204,3204,3204,3204,3204,3204,3204,52.6315803527832,47.36842346191406,47.619049072265625,50,76.19047546386719,0,0,0,10.019366264343262,8589934592,2147483648,5936529408,407961600
209,1772008680247,3204,3204,3204,3204,3204,3204,3204,3204,57.142860412597656,52.38095474243164,52.6315803527832,47.619049072265625,60.000003814697266,20,9.523809432983398,0,10.019366264343262,8589934592,2147483648,5930827776,407961600
206,1772008680457,3204,3204,3204,3204,3204,3204,3204,3204,42.85714340209961,40,45.45454788208008,40,14.285715103149414,9.090909004211426,0,0,10.019366264343262,8589934592,2147483648,5931597824,407961600
202,1772008680663,3204,3204,3204,3204,3204,3204,3204,3204,40,38.095237731933594,33.333335876464844,33.333335876464844,95,5,4.761904716491699,0,8.738274574279785,8589934592,2147483648,5942050816,407961600
204,1772008680866,3204,3204,3204,3204,3204,3204,3204,3204,57.142860412597656,55,47.36842346191406,45,55,0,0,4.761904716491699,8.738274574279785,8589934592,2147483648,5940248576,407961600
208,1772008681071,3204,3204,3204,3204,3204,3204,3204,3204,57.894737243652344,50,47.619049072265625,47.619049072265625,30.000001907348633,0,0,0,8.738274574279785,8589934592,2147483648,5956452352,407961600
203,1772008681280,3204,3204,3204,3204,3204,3204,3204,3204,45.45454788208008,38.095237731933594,35,30.000001907348633,28.571430206298828,4.545454502105713,4.761904716491699,0,8.738274574279785,8589934592,2147483648,5972901888,407961600
206,1772008681484,3204,3204,3204,3204,3204,3204,3204,3204,50,50,47.619049072265625,42.85714340209961,35,0,0,0,8.738274574279785,8589934592,2147483648,5969887232,407961600
200,1772008681691,3204,3204,3204,3204,3204,3204,3204,3204,45,38.095237731933594,35,30.000001907348633,75,5,4.761904716491699,0,9.552176475524902,8589934592,2147483648,5977210880,407961600
204,1772008681892,3204,3204,3204,3204,3204,3204,3204,3204,52.6315803527832,52.6315803527832,30.000001907348633,35,80.95238494873047,4.761904716491699,5,0,9.552176475524902,8589934592,2147483648,5970444288,407961600
202,1772008682097,3204,3204,3204,3204,3204,3204,3204,3204,38.095237731933594,28.571430206298828,30.000001907348633,30.000001907348633,5,5,0,0,9.552176475524902,8589934592,2147483648,5970444288,407961600
204,1772008682300,3204,3204,3204,3204,3204,3204,3204,3204,40,40,38.095237731933594,30.000001907348633,42.105262756347656,25,0,4.761904716491699,9.552176475524902,8589934592,2147483648,5970444288,407961600
209,1772008682504,3204,3204,3204,3204,3204,3204,3204,3204,38.095237731933594,33.333335876464844,30.000001907348633,28.571430206298828,50,9.523809432983398,5,0,9.552176475524902,8589934592,2147483648,5961564160,407961600
209,1772008682715,3204,3204,3204,3204,3204,3204,3204,3204,35,26.3157901763916,33.333335876464844,25,0,4.761904716491699,4.545454502105713,0,8.944891929626465,8589934592,2147483648,5961711616,407961600
209,1772008682924,3204,3204,3204,3204,3204,3204,3204,3204,33.333335876464844,33.333335876464844,33.333335876464844,28.571430206298828,42.85714340209961,0,0,4.545454502105713,8.944891929626465,8589934592,2147483648,5962104832,407961600
209,1772008683134,3204,3204,3204,3204,3204,3204,3204,3204,30.000001907348633,28.571430206298828,25,23.809524536132813,0,0,0,0,8.944891929626465,8589934592,2147483648,5959565312,407961600
209,1772008683344,3204,3204,3204,3204,3204,3204,3204,3204,42.85714340209961,42.85714340209961,38.095237731933594,33.333335876464844,4.761904716491699,9.090909004211426,4.545454502105713,4.761904716491699,8.944891929626465,8589934592,2147483648,5959745536,407961600
206,1772008683554,3204,3204,3204,3204,3204,3204,3204,3204,36.3636360168457,31.81818199157715,33.333335876464844,23.809524536132813,33.333335876464844,0,0,14.285715103149414,8.944891929626465,8589934592,2147483648,5959876608,407961600
209,1772008683761,3204,3204,3204,3204,3204,3204,3204,3204,42.105262756347656,35,38.095237731933594,35,20,5,0,0,8.953866958618164,8589934592,2147483648,5962334208,407961600
205,1772008683971,3204,3204,3204,3204,3204,3204,3204,3204,45.45454788208008,47.619049072265625,45,40.90909194946289,13.636363983154297,0,0,0,8.953866958618164,8589934592,2147483648,5962334208,407961600
203,1772008684177,3204,3204,3204,3204,3204,3204,3204,3204,38.095237731933594,30.000001907348633,38.095237731933594,35,5,4.761904716491699,4.545454502105713,0,8.953866958618164,8589934592,2147483648,5962334208,407961600
209,1772008684381,3204,3204,3204,3204,3204,3204,3204,3204,47.36842346191406,50,45,42.105262756347656,0,4.761904716491699,0,0,8.953866958618164,8589934592,2147483648,5962334208,407961600
209,1772008684591,3204,3204,3204,3204,3204,3204,3204,3204,52.38095474243164,47.619049072265625,47.619049072265625,45.45454788208008,28.571430206298828,55,23.809524536132813,15.000000953674316,8.953866958618164,8589934592,2147483648,5964791808,407961600
206,1772008684801,3204,3204,3204,3204,3204,3204,3204,3204,50,52.38095474243164,52.38095474243164,45,4.545454502105713,0,0,0,5.892058372497559,8589934592,2147483648,5967020032,407961600
205,1772008685007,3204,3204,3204,3204,3204,3204,3204,3204,50,40,35,38.095237731933594,5,9.523809432983398,4.761904716491699,4.545454502105713,5.892058372497559,8589934592,2147483648,5978259456,407961600
206,1772008685214,3204,3204,3204,3204,3204,3204,3204,3204,35,42.85714340209961,33.333335876464844,30.000001907348633,0,0,0,0,5.892058372497559,8589934592,2147483648,5978259456,407961600
208,1772008685421,3204,3204,3204,3204,3204,3204,3204,3204,35,38.095237731933594,30.000001907348633,28.571430206298828,0,0,0,0,5.892058372497559,8589934592,2147483648,5978259456,407961600
209,1772008685630,3204,3204,3204,3204,3204,3204,3204,3204,38.095237731933594,30.000001907348633,23.809524536132813,23.809524536132813,0,4.761904716491699,4.761904716491699,4.761904716491699,6.805795192718506,8589934592,2147483648,5977243648,407961600
208,1772008685840,3204,3204,3204,3204,3204,3204,3204,3204,35,33.333335876464844,38.095237731933594,28.571430206298828,4.545454502105713,0,0,0,6.805795192718506,8589934592,2147483648,5977407488,407961600
200,1772008686049,3204,3204,3204,3204,3204,3204,3204,3204,31.81818199157715,35,30.000001907348633,28.571430206298828,0,0,0,0,6.805795192718506,8589934592,2147483648,5977374720,407961600
204,1772008686250,3204,3204,3204,3204,3204,3204,3204,3204,36.842105865478516,38.095237731933594,33.333335876464844,30.000001907348633,0,0,0,0,6.805795192718506,8589934592,2147483648,5977128960,407961600
201,1772008686455,3204,3204,3204,3204,3204,3204,3204,3204,42.85714340209961,42.105262756347656,35,30.000001907348633,0,0,0,0,6.805795192718506,8589934592,2147483648,5977128960,407961600
208,1772008686657,3204,3204,3204,3204,3204,3204,3204,3204,42.105262756347656,45.45454788208008,35,35,33.333335876464844,10,5,0,5.629909038543701,8589934592,2147483648,5961891840,407961600
204,1772008686866,3204,3204,3204,3204,3204,3204,3204,3204,38.095237731933594,31.57894515991211,33.333335876464844,23.809524536132813,4.761904716491699,9.523809432983398,0,0,5.629909038543701,8589934592,2147483648,5961908224,407961600
201,1772008687071,3204,3204,3204,3204,3204,3204,3204,3204,33.333335876464844,28.571430206298828,25,25,0,0,0,0,5.629909038543701,8589934592,2147483648,5963137024,407961600
202,1772008687273,3204,3204,3204,3204,3204,3204,3204,3204,25,25,28.571430206298828,20,0,0,0,0,5.629909038543701,8589934592,2147483648,5962252288,407961600
207,1772008687476,3204,3204,3204,3204,3204,3204,3204,3204,35,35,26.3157901763916,30.000001907348633,0,0,0,0,5.629909038543701,8589934592,2147483648,5962219520,407961600
201,1772008687684,3204,3204,3204,3204,3204,3204,3204,3204,42.85714340209961,35,33.333335876464844,36.3636360168457,4.761904716491699,9.090909004211426,0,0,5.258188247680664,8589934592,2147483648,5962285056,407961600
199,1772008687886,3204,3204,3204,3204,3204,3204,3204,3204,60.000003814697266,61.904762268066406,55,52.6315803527832,0,0,0,0,5.258188247680664,8589934592,2147483648,5962956800,407961600
209,1772008688087,3204,3204,3204,3204,3204,3204,3204,3204,31.57894515991211,25,30.000001907348633,25,0,0,0,4.761904716491699,5.258188247680664,8589934592,2147483648,5965512704,407961600
203,1772008688296,3204,3204,3204,3204,3204,3204,3204,3204,33.333335876464844,30.000001907348633,28.571430206298828,23.809524536132813,9.090909004211426,4.761904716491699,4.761904716491699,0,5.258188247680664,8589934592,2147483648,5965987840,407961600
205,1772008688500,3204,3204,3204,3204,3204,3204,3204,3204,30.000001907348633,33.333335876464844,25,23.809524536132813,0,0,0,0,5.258188247680664,8589934592,2147483648,5965561856,407961600
209,1772008688706,3204,3204,3204,3204,3204,3204,3204,3204,47.619049072265625,36.842105865478516,50,47.36842346191406,10.526315689086914,0,4.761904716491699,0,5.269647598266602,8589934592,2147483648,5964693504,407961600
204,1772008688916,3204,3204,3204,3204,3204,3204,3204,3204,28.571430206298828,31.81818199157715,25,28.571430206298828,22.72727394104004,23.809524536132813,19.047618865966797,0,5.269647598266602,8589934592,2147483648,5954945024,407961600
201,1772008689121,3204,3204,3204,3204,3204,3204,3204,3204,25,21.052631378173828,31.81818199157715,23.809524536132813,0,0,0,0,5.269647598266602,8589934592,2147483648,5954945024,407961600
209,1772008689324,3204,3204,3204,3204,3204,3204,3204,3204,30.000001907348633,38.095237731933594,25,25,0,5,4.761904716491699,4.761904716491699,5.269647598266602,8589934592,2147483648,5954945024,407961600
203,1772008689534,3204,3204,3204,3204,3204,3204,3204,3204,33.333335876464844,33.333335876464844,28.571430206298828,23.809524536132813,0,0,0,0,5.269647598266602,8589934592,2147483648,5954945024,407961600
209,1772008689738,3204,3204,3204,3204,3204,3204,3204,3204,30.000001907348633,25,26.3157901763916,25,0,0,0,0,5.667943954467773,8589934592,2147483648,5956976640,407961600
202,1772008689948,3204,3204,3204,3204,3204,3204,3204,3204,42.85714340209961,38.095237731933594,31.81818199157715,33.333335876464844,4.761904716491699,4.761904716491699,0,4.545454502105713,5.667943954467773,8589934592,2147483648,5956321280,407961600
205,1772008690151,3204,3204,3204,3204,3204,3204,3204,3204,35,30.000001907348633,25,28.571430206298828,0,0,0,0,5.667943954467773,8589934592,2147483648,5956337664,407961600
206,1772008690357,3204,3204,3204,3204,3204,3204,3204,3204,33.333335876464844,30.000001907348633,30.000001907348633,25,0,4.761904716491699,0,0,5.667943954467773,8589934592,2147483648,5956337664,407961600
209,1772008690563,3204,3204,3204,3204,3204,3204,3204,3204,35,38.095237731933594,33.333335876464844,30.000001907348633,4.545454502105713,0,4.545454502105713,4.545454502105713,5.667943954467773,8589934592,2147483648,5956337664,407961600
203,1772008690773,3204,3204,3204,3204,3204,3204,3204,3204,35,28.571430206298828,25,27.272727966308594,4.761904716491699,4.761904716491699,0,4.761904716491699,5.587687969207764,8589934592,2147483648,5958254592,407961600
203,1772008690977,3204,3204,3204,3204,3204,3204,3204,3204,38.095237731933594,47.619049072265625,38.095237731933594,35,30.000001907348633,20,9.523809432983398,0,5.587687969207764,8589934592,2147483648,5958959104,407961600
199,1772008691181,3204,3204,3204,3204,3204,3204,3204,3204,36.842105865478516,33.333335876464844,25,30.000001907348633,4.761904716491699,4.761904716491699,4.761904716491699,4.761904716491699,5.587687969207764,8589934592,2147483648,5959090176,407961600
202,1772008691381,3204,3204,3204,3204,3204,3204,3204,3204,30.000001907348633,36.3636360168457,30.000001907348633,21.052631378173828,0,0,0,0,5.587687969207764,8589934592,2147483648,5959090176,407961600
209,1772008691584,3204,3204,3204,3204,3204,3204,3204,3204,33.333335876464844,35,30.000001907348633,23.809524536132813,0,0,0,0,5.587687969207764,8589934592,2147483648,5959090176,407961600
205,1772008691794,3204,3204,3204,3204,3204,3204,3204,3204,35,30.000001907348633,25,28.571430206298828,0,0,0,0,5.319831371307373,8589934592,2147483648,5958647808,407961600
203,1772008692000,3204,3204,3204,3204,3204,3204,3204,3204,38.095237731933594,35,36.3636360168457,33.333335876464844,4.545454502105713,4.761904716491699,0,0,5.319831371307373,8589934592,2147483648,5946032128,407961600
201,1772008692205,3204,3204,3204,3204,3204,3204,3204,3204,30.000001907348633,27.272727966308594,30.000001907348633,21.052631378173828,0,0,0,0,5.319831371307373,8589934592,2147483648,5945835520,407961600
202,1772008692406,3204,3204,3204,3204,3204,3204,3204,3204,45,42.105262756347656,45,42.85714340209961,0,0,4.761904716491699,0,5.319831371307373,8589934592,2147483648,5946146816,407961600
201,1772008692609,3204,3204,3204,3204,3204,3204,3204,3204,33.333335876464844,28.571430206298828,25,15.789472579956055,0,0,0,0,5.319831371307373,8589934592,2147483648,5945606144,407961600
209,1772008692811,3204,3204,3204,3204,3204,3204,3204,3204,31.57894515991211,31.57894515991211,38.095237731933594,33.333335876464844,0,0,0,0,5.553994178771973,8589934592,2147483648,5945671680,407961600
206,1772008693021,3204,3204,3204,3204,3204,3204,3204,3204,35,38.095237731933594,35,35,18.18181800842285,13.636363983154297,13.636363983154297,5,5.553994178771973,8589934592,2147483648,5957304320,407961600
203,1772008693228,3204,3204,3204,3204,3204,3204,3204,3204,33.333335876464844,33.333335876464844,33.333335876464844,28.571430206298828,10,14.285715103149414,0,4.545454502105713,5.553994178771973,8589934592,2147483648,5945982976,407961600
205,1772008693432,3204,3204,3204,3204,3204,3204,3204,3204,36.3636360168457,30.000001907348633,30.000001907348633,33.333335876464844,5,0,0,0,5.553994178771973,8589934592,2147483648,5946097664,407961600
209,1772008693638,3204,3204,3204,3204,3204,3204,3204,3204,26.3157901763916,35,30.000001907348633,25,0,0,0,0,5.235568046569824,8589934592,2147483648,5946179584,407961600
209,1772008693848,3204,3204,3204,3204,3204,3204,3204,3204,38.095237731933594,36.3636360168457,33.333335876464844,25,9.090909004211426,23.809524536132813,0,0,5.235568046569824,8589934592,2147483648,5946163200,407961600
207,1772008694058,3204,3204,3204,3204,3204,3204,3204,3204,33.333335876464844,35,25,27.272727966308594,0,0,0,0,5.235568046569824,8589934592,2147483648,5946359808,407961600
200,1772008694266,3204,3204,3204,3204,3204,3204,3204,3204,25,23.809524536132813,27.272727966308594,20,0,0,0,0,5.235568046569824,8589934592,2147483648,5946441728,407961600
209,1772008694467,3204,3204,3204,3204,3204,3204,3204,3204,33.333335876464844,26.3157901763916,21.052631378173828,23.809524536132813,0,0,0,0,5.235568046569824,8589934592,2147483648,5946572800,407961600
208,1772008694677,3204,3204,3204,3204,3204,3204,3204,3204,33.333335876464844,33.333335876464844,27.272727966308594,20,0,0,0,0,5.438819408416748,8589934592,2147483648,5949112320,407961600
205,1772008694886,3204,3204,3204,3204,3204,3204,3204,3204,30.000001907348633,28.571430206298828,25,23.809524536132813,0,0,0,0,5.438819408416748,8589934592,2147483648,5949161472,407961600
209,1772008695092,3204,3204,3204,3204,3204,3204,3204,3204,38.095237731933594,35,35,33.333335876464844,4.761904716491699,0,4.761904716491699,0,5.438819408416748,8589934592,2147483648,5949194240,407961600
209,1772008695302,3204,3204,3204,3204,3204,3204,3204,3204,38.095237731933594,28.571430206298828,30.000001907348633,28.571430206298828,25,31.81818199157715,0,4.545454502105713,5.438819408416748,8589934592,2147483648,5949063168,407961600
205,1772008695512,3204,3204,3204,3204,3204,3204,3204,3204,30.000001907348633,31.81818199157715,27.272727966308594,25,0,0,0,0,5.438819408416748,8589934592,2147483648,5949063168,407961600
209,1772008695718,3204,3204,3204,3204,3204,3204,3204,3204,31.81818199157715,26.3157901763916,28.571430206298828,33.333335876464844,4.761904716491699,0,0,0,5.167149543762207,8589934592,2147483648,5949063168,407961600
200,1772008695928,3204,3204,3204,3204,3204,3204,3204,3204,26.3157901763916,31.81818199157715,30.000001907348633,19.047618865966797,0,0,0,0,5.167149543762207,8589934592,2147483648,5949423616,407961600
207,1772008696129,3204,3204,3204,3204,3204,3204,3204,3204,38.095237731933594,31.57894515991211,28.571430206298828,40,4.761904716491699,4.761904716491699,4.761904716491699,0,5.167149543762207,8589934592,2147483648,5949587456,407961600
209,1772008696338,3204,3204,3204,3204,3204,3204,3204,3204,52.38095474243164,52.38095474243164,47.36842346191406,45,0,0,0,0,5.167149543762207,8589934592,2147483648,5951700992,407961600
206,1772008696548,3204,3204,3204,3204,3204,3204,3204,3204,45,42.85714340209961,45.45454788208008,42.85714340209961,0,0,0,0,5.167149543762207,8589934592,2147483648,5951193088,407961600
201,1772008696754,3204,3204,3204,3204,3204,3204,3204,3204,35,33.333335876464844,20,23.809524536132813,4.761904716491699,0,0,0,5.450139999389648,8589934592,2147483648,5950636032,407961600
202,1772008696956,3204,3204,3204,3204,3204,3204,3204,3204,35,36.842105865478516,30.000001907348633,26.3157901763916,0,4.761904716491699,0,4.761904716491699,5.450139999389648,8589934592,2147483648,5950717952,407961600
204,1772008697159,3204,3204,3204,3204,3204,3204,3204,3204,33.333335876464844,31.57894515991211,30.000001907348633,28.571430206298828,0,0,0,0,5.450139999389648,8589934592,2147483648,5950554112,407961600
206,1772008697364,3204,3204,3204,3204,3204,3204,3204,3204,35,33.333335876464844,38.095237731933594,30.000001907348633,23.809524536132813,14.285715103149414,14.285715103149414,5,5.450139999389648,8589934592,2147483648,5958418432,407961600
208,1772008697571,3204,3204,3204,3204,3204,3204,3204,3204,35,38.095237731933594,30.000001907348633,33.333335876464844,4.761904716491699,10,0,0,5.450139999389648,8589934592,2147483648,5958418432,407961600
204,1772008697780,3204,3204,3204,3204,3204,3204,3204,3204,28.571430206298828,28.571430206298828,23.809524536132813,23.809524536132813,0,0,0,0,5.696836948394775,8589934592,2147483648,5958418432,407961600
208,1772008697985,3204,3204,3204,3204,3204,3204,3204,3204,35,30.000001907348633,33.333335876464844,25,0,4.761904716491699,0,0,5.696836948394775,8589934592,2147483648,5950472192,407961600
205,1772008698194,3204,3204,3204,3204,3204,3204,3204,3204,30.000001907348633,28.571430206298828,35,28.571430206298828,4.545454502105713,0,4.761904716491699,4.545454502105713,5.696836948394775,8589934592,2147483648,5950701568,407961600
202,1772008698401,3204,3204,3204,3204,3204,3204,3204,3204,28.571430206298828,28.571430206298828,28.571430206298828,20,0,0,4.761904716491699,0,5.696836948394775,8589934592,2147483648,5950734336,407961600
202,1772008698603,3204,3204,3204,3204,3204,3204,3204,3204,52.38095474243164,50,55,55,0,0,0,0,5.696836948394775,8589934592,2147483648,5950816256,407961600
209,1772008698806,3204,3204,3204,3204,3204,3204,3204,3204,50,55,60.000003814697266,57.142860412597656,5,23.809524536132813,0,0,5.43687105178833,8589934592,2147483648,5952323584,407961600
205,1772008699016,3204,3204,3204,3204,3204,3204,3204,3204,57.142860412597656,47.619049072265625,50,45,0,0,0,0,5.43687105178833,8589934592,2147483648,5947260928,407961600
207,1772008699222,3204,3204,3204,3204,3204,3204,3204,3204,26.3157901763916,30.000001907348633,30.000001907348633,27.272727966308594,0,0,0,0,5.43687105178833,8589934592,2147483648,5947260928,407961600
204,1772008699430,3204,3204,3204,3204,3204,3204,3204,3204,77.2727279663086,80,76.19047546386719,75,19.047618865966797,19.047618865966797,5,4.761904716491699,5.43687105178833,8589934592,2147483648,5947260928,407961600
201,1772008699635,3204,3204,3204,3204,3204,3204,3204,3204,45,54.54545593261719,42.105262756347656,50,15.000000953674316,10,0,0,5.136282920837402,8589934592,2147483648,5947260928,407961600
208,1772008699837,3204,3204,3204,3204,3204,3204,3204,3204,60.000003814697266,72.22222137451172,60.000003814697266,65,0,4.761904716491699,0,0,5.136282920837402,8589934592,2147483648,5947260928,407961600
207,1772008700047,3204,3204,3204,3204,3204,3204,3204,3204,55,56.52173614501953,57.142860412597656,52.38095474243164,0,0,0,0,5.136282920837402,8589934592,2147483648,5961531392,407961600
204,1772008700255,3204,3204,3204,3204,3204,3204,3204,3204,59.09090805053711,50,52.38095474243164,47.619049072265625,0,0,0,0,5.136282920837402,8589934592,2147483648,5962153984,407961600
202,1772008700460,3204,3204,3204,3204,3204,3204,3204,3204,55,55,47.619049072265625,47.36842346191406,4.761904716491699,0,4.761904716491699,4.761904716491699,5.136282920837402,8589934592,2147483648,5964251136,407961600
201,1772008700664,3204,3204,3204,3204,3204,3204,3204,3204,50,55,52.38095474243164,47.619049072265625,0,0,0,0,6.08775520324707,8589934592,2147483648,5964660736,407961600
201,1772008700866,3204,3204,3204,3204,3204,3204,3204,3204,66.66667175292969,65,73.68421173095703,61.904762268066406,4.761904716491699,0,0,0,6.08775520324707,8589934592,2147483648,5965381632,407961600
201,1772008701068,3204,3204,3204,3204,3204,3204,3204,3204,55,55,50,52.6315803527832,0,5,0,4.761904716491699,6.08775520324707,8589934592,2147483648,5965742080,407961600
207,1772008701271,3204,3204,3204,3204,3204,3204,3204,3204,52.6315803527832,55,55,54.54545593261719,4.761904716491699,0,0,0,6.08775520324707,8589934592,2147483648,5965201408,407961600
199,1772008701479,3204,3204,3204,3204,3204,3204,3204,3204,54.54545593261719,54.54545593261719,54.54545593261719,42.105262756347656,0,4.761904716491699,0,0,6.08775520324707,8589934592,2147483648,5965201408,407961600
202,1772008701680,3204,3204,3204,3204,3204,3204,3204,3204,52.6315803527832,52.6315803527832,52.6315803527832,57.142860412597656,30.000001907348633,20,5,0,5.823314189910889,8589934592,2147483648,5965201408,407961600
202,1772008701884,3204,3204,3204,3204,3204,3204,3204,3204,66.66667175292969,75,75,60.000003814697266,0,5,0,0,5.823314189910889,8589934592,2147483648,5965201408,407961600
204,1772008702087,3204,3204,3204,3204,3204,3204,3204,3204,68.42105102539063,71.42857360839844,66.66667175292969,65,4.761904716491699,4.761904716491699,4.761904716491699,4.761904716491699,5.823314189910889,8589934592,2147483648,5953585152,407961600
208,1772008702292,3204,3204,3204,3204,3204,3204,3204,3204,52.38095474243164,45,50,47.619049072265625,0,0,0,0,5.823314189910889,8589934592,2147483648,5944164352,407961600
202,1772008702501,3204,3204,3204,3204,3204,3204,3204,3204,47.619049072265625,50,47.619049072265625,55,0,0,0,0,5.823314189910889,8589934592,2147483648,5946392576,407961600
207,1772008702704,3204,3204,3204,3204,3204,3204,3204,3204,55,47.36842346191406,47.619049072265625,50,0,0,0,0,5.923589706420898,8589934592,2147483648,5946769408,407961600
207,1772008702914,3204,3204,3204,3204,3204,3204,3204,3204,63.6363639831543,61.904762268066406,55,66.66667175292969,0,4.761904716491699,0,0,5.923589706420898,8589934592,2147483648,5947179008,407961600
205,1772008703122,3204,3204,3204,3204,3204,3204,3204,3204,45,45,42.85714340209961,42.85714340209961,0,0,0,0,5.923589706420898,8589934592,2147483648,5947588608,407961600
208,1772008703329,3204,3204,3204,3204,3204,3204,3204,3204,45,47.619049072265625,45,42.85714340209961,0,0,0,0,5.923589706420898,8589934592,2147483648,5947981824,407961600
199,1772008703538,3204,3204,3204,3204,3204,3204,3204,3204,52.38095474243164,42.85714340209961,45,38.095237731933594,0,0,0,0,5.923589706420898,8589934592,2147483648,5948358656,407961600
206,1772008703739,3204,3204,3204,3204,3204,3204,3204,3204,55,60.000003814697266,57.142860412597656,55,14.285715103149414,15.000000953674316,9.090909004211426,0,6.229065418243408,8589934592,2147483648,5948358656,407961600
207,1772008703947,3204,3204,3204,3204,3204,3204,3204,3204,61.904762268066406,57.142860412597656,66.66667175292969,60.000003814697266,10,23.809524536132813,0,0,6.229065418243408,8589934592,2147483648,5948358656,407961600
206,1772008704155,3204,3204,3204,3204,3204,3204,3204,3204,57.142860412597656,47.619049072265625,47.619049072265625,50,4.761904716491699,9.523809432983398,0,0,6.229065418243408,8589934592,2147483648,5952094208,407961600
203,1772008704363,3204,3204,3204,3204,3204,3204,3204,3204,57.894737243652344,60.000003814697266,47.36842346191406,55,0,4.545454502105713,0,0,6.229065418243408,8589934592,2147483648,5952061440,407961600
209,1772008704568,3204,3204,3204,3204,3204,3204,3204,3204,52.38095474243164,55,47.619049072265625,47.619049072265625,0,0,0,0,6.229065418243408,8589934592,2147483648,5952061440,407961600
209,1772008704777,3204,3204,3204,3204,3204,3204,3204,3204,61.904762268066406,57.142860412597656,63.6363639831543,57.142860412597656,4.761904716491699,0,0,4.761904716491699,5.979411602020264,8589934592,2147483648,5952061440,407961600
208,1772008704987,3204,3204,3204,3204,3204,3204,3204,3204,42.85714340209961,42.85714340209961,52.38095474243164,45,0,0,0,0,5.979411602020264,8589934592,2147483648,5952061440,407961600
203,1772008705196,3204,3204,3204,3204,3204,3204,3204,3204,33.333335876464844,25,25,23.809524536132813,0,0,4.761904716491699,0,5.979411602020264,8589934592,2147483648,5950750720,407961600
203,1772008705400,3204,3204,3204,3204,3204,3204,3204,3204,40,38.095237731933594,40,31.57894515991211,0,0,0,0,5.979411602020264,8589934592,2147483648,5951111168,407961600
211,1772008705605,3204,3204,3204,3204,3204,3204,3204,3204,45,40,47.619049072265625,36.3636360168457,0,4.545454502105713,0,0,5.979411602020264,8589934592,2147483648,5949341696,407961600
209,1772008705816,3204,3204,3204,3204,3204,3204,3204,3204,45.45454788208008,38.095237731933594,33.333335876464844,35,4.545454502105713,0,0,0,6.377320766448975,8589934592,2147483648,5949620224,407961600
200,1772008706027,3204,3204,3204,3204,3204,3204,3204,3204,36.842105865478516,42.85714340209961,35,38.095237731933594,33.333335876464844,14.285715103149414,14.285715103149414,4.761904716491699,6.377320766448975,8589934592,2147483648,5949620224,407961600
205,1772008706227,3204,3204,3204,3204,3204,3204,3204,3204,33.333335876464844,33.333335876464844,25,25,5,5,0,0,6.377320766448975,8589934592,2147483648,5949702144,407961600
201,1772008706434,3204,3204,3204,3204,3204,3204,3204,3204,50,42.105262756347656,47.619049072265625,47.619049072265625,0,0,0,4.545454502105713,6.377320766448975,8589934592,2147483648,5950832640,407961600
201,1772008706636,3204,3204,3204,3204,3204,3204,3204,3204,50,47.619049072265625,50,47.36842346191406,50,63.15789031982422,0,0,5.748871326446533,8589934592,2147483648,5956501504,407961600
209,1772008706838,3204,3204,3204,3204,3204,3204,3204,3204,35,36.842105865478516,33.333335876464844,33.333335876464844,45,57.142860412597656,0,0,5.748871326446533,8589934592,2147483648,5954895872,407961600
203,1772008707048,3204,3204,3204,3204,3204,3204,3204,3204,28.571430206298828,27.272727966308594,25,19.047618865966797,0,77.2727279663086,0,0,5.748871326446533,8589934592,2147483648,5954486272,407961600
200,1772008707252,3204,3204,3204,3204,3204,3204,3204,3204,28.571430206298828,21.052631378173828,20,25,40,21.052631378173828,0,0,5.748871326446533,8589934592,2147483648,5954617344,407961600
209,1772008707454,3204,3204,3204,3204,3204,3204,3204,3204,21.052631378173828,20,20,20,20,4.761904716491699,0,80,5.748871326446533,8589934592,2147483648,5954404352,407961600
209,1772008707663,3204,3204,3204,3204,3204,3204,3204,3204,28.571430206298828,28.571430206298828,23.809524536132813,20,0,0,4.545454502105713,76.19047546386719,6.555265426635742,8589934592,2147483648,5954568192,407961600
202,1772008707873,3204,3204,3204,3204,3204,3204,3204,3204,20,20,23.809524536132813,19.047618865966797,22.72727394104004,0,0,38.095237731933594,6.555265426635742,8589934592,2147483648,5954551808,407961600
205,1772008708076,3204,3204,3204,3204,3204,3204,3204,3204,33.333335876464844,33.333335876464844,25,23.809524536132813,80,28.571430206298828,0,5,6.555265426635742,8589934592,2147483648,5963333632,407961600
201,1772008708281,3204,3204,3204,3204,3204,3204,3204,3204,35,28.571430206298828,35,35,45,26.3157901763916,19.047618865966797,0,6.555265426635742,8589934592,2147483648,5951668224,407961600
200,1772008708483,3204,3204,3204,3204,3204,3204,3204,3204,33.333335876464844,25,20,20,19.047618865966797,23.809524536132813,23.809524536132813,0,6.555265426635742,8589934592,2147483648,5951275008,407961600
202,1772008708684,3204,3204,3204,3204,3204,3204,3204,3204,21.052631378173828,21.052631378173828,20,15.000000953674316,89.47368621826172,30.000001907348633,0,0,10.632745742797852,8589934592,2147483648,5951684608,407961600
201,1772008708887,3204,3204,3204,3204,3204,3204,3204,3204,33.333335876464844,25,25,25,52.38095474243164,55,5.263157844543457,4.761904716491699,10.632745742797852,8589934592,2147483648,5954011136,407961600
206,1772008709089,3204,3204,3204,3204,3204,3204,3204,3204,26.3157901763916,28.571430206298828,20,23.809524536132813,15.789472579956055,23.809524536132813,4.761904716491699,0,10.632745742797852,8589934592,2147483648,5954502656,407961600
208,1772008709295,3204,3204,3204,3204,3204,3204,3204,3204,23.809524536132813,15.789472579956055,23.809524536132813,15.000000953674316,100,0,0,0,10.632745742797852,8589934592,2147483648,5954666496,407961600
205,1772008709505,3204,3204,3204,3204,3204,3204,3204,3204,45,40.90909194946289,38.095237731933594,35,71.42857360839844,30.000001907348633,14.285715103149414,0,10.632745742797852,8589934592,2147483648,5963874304,407961600
206,1772008709710,3204,3204,3204,3204,3204,3204,3204,3204,28.571430206298828,25,40,23.809524536132813,5,33.333335876464844,0,0,9.62063217163086,8589934592,2147483648,5965086720,407961600
209,1772008709917,3204,3204,3204,3204,3204,3204,3204,3204,26.3157901763916,28.571430206298828,23.809524536132813,20,4.761904716491699,100,0,0,9.62063217163086,8589934592,2147483648,5965168640,407961600
209,1772008710127,3204,3204,3204,3204,3204,3204,3204,3204,31.81818199157715,30.000001907348633,25,27.272727966308594,14.285715103149414,90.47618865966797,4.761904716491699,0,9.62063217163086,8589934592,2147483648,5965168640,407961600
199,1772008710337,3204,3204,3204,3204,3204,3204,3204,3204,25,28.571430206298828,23.809524536132813,15.000000953674316,27.272727966308594,14.285715103149414,23.809524536132813,0,9.62063217163086,8589934592,2147483648,5953257472,407961600
200,1772008710538,3204,3204,3204,3204,3204,3204,3204,3204,33.333335876464844,30.000001907348633,30.000001907348633,23.809524536132813,0,5,78.94737243652344,20,9.62063217163086,8589934592,2147483648,5952831488,407961600
208,1772008710738,3204,3204,3204,3204,3204,3204,3204,3204,26.3157901763916,20,25,15.789472579956055,50,30.000001907348633,0,23.809524536132813,10.370769500732422,8589934592,2147483648,5952880640,407961600
208,1772008710947,3204,3204,3204,3204,3204,3204,3204,3204,28.571430206298828,23.809524536132813,20,19.047618865966797,86.36363983154297,0,0,0,10.370769500732422,8589934592,2147483648,5952880640,407961600
206,1772008711157,3204,3204,3204,3204,3204,3204,3204,3204,25,25,27.272727966308594,23.809524536132813,42.85714340209961,59.09090805053711,0,0,10.370769500732422,8589934592,2147483648,5952880640,407961600
201,1772008711363,3204,3204,3204,3204,3204,3204,3204,3204,47.619049072265625,45,45,35,80,0,0,0,10.370769500732422,8589934592,2147483648,5963677696,407961600
205,1772008711565,3204,3204,3204,3204,3204,3204,3204,3204,42.85714340209961,42.85714340209961,36.842105865478516,30.000001907348633,52.38095474243164,0,4.761904716491699,0,10.370769500732422,8589934592,2147483648,5956796416,407961600
203,1772008711771,3204,3204,3204,3204,3204,3204,3204,3204,25,25,27.272727966308594,20,0,0,60.000003814697266,42.85714340209961,10.080567359924316,8589934592,2147483648,5956796416,407961600
208,1772008711975,3204,3204,3204,3204,3204,3204,3204,3204,25,28.571430206298828,20,19.047618865966797,0,0,0,90,10.080567359924316,8589934592,2147483648,5956648960,407961600
209,1772008712184,3204,3204,3204,3204,3204,3204,3204,3204,28.571430206298828,25,28.571430206298828,23.809524536132813,4.545454502105713,0,0,45.45454788208008,10.080567359924316,8589934592,2147483648,5953568768,407961600
207,1772008712394,3204,3204,3204,3204,3204,3204,3204,3204,35,38.095237731933594,30.000001907348633,25,61.904762268066406,9.523809432983398,19.047618865966797,30.000001907348633,10.080567359924316,8589934592,2147483648,5941018624,407961600
209,1772008712602,3204,3204,3204,3204,3204,3204,3204,3204,28.571430206298828,20,23.809524536132813,19.047618865966797,30.000001907348633,9.523809432983398,0,0,10.080567359924316,8589934592,2147483648,5941723136,407961600
204,1772008712812,3204,3204,3204,3204,3204,3204,3204,3204,38.095237731933594,38.095237731933594,28.571430206298828,23.809524536132813,50,4.545454502105713,0,0,10.249841690063477,8589934592,2147483648,5935742976,407961600
203,1772008713017,3204,3204,3204,3204,3204,3204,3204,3204,31.57894515991211,36.3636360168457,30.000001907348633,33.333335876464844,45,0,0,0,10.249841690063477,8589934592,2147483648,5937348608,407961600
208,1772008713221,3204,3204,3204,3204,3204,3204,3204,3204,28.571430206298828,26.3157901763916,25,20,35,0,4.761904716491699,9.523809432983398,10.249841690063477,8589934592,2147483648,5940166656,407961600
199,1772008713430,3204,3204,3204,3204,3204,3204,3204,3204,25,25,23.809524536132813,25,52.38095474243164,4.761904716491699,0,0,10.249841690063477,8589934592,2147483648,5960581120,407961600
206,1772008713630,3204,3204,3204,3204,3204,3204,3204,3204,45,42.85714340209961,36.842105865478516,25,15.000000953674316,0,0,0,9.486716270446777,8589934592,2147483648,5957009408,407961600
209,1772008713837,3204,3204,3204,3204,3204,3204,3204,3204,35,30.000001907348633,33.333335876464844,33.333335876464844,55,9.523809432983398,14.285715103149414,4.761904716491699,9.486716270446777,8589934592,2147483648,5965856768,407961600
203,1772008714047,3204,3204,3204,3204,3204,3204,3204,3204,52.38095474243164,45,42.85714340209961,35,66.66667175292969,0,0,0,9.486716270446777,8589934592,2147483648,5949145088,407961600
209,1772008714251,3204,3204,3204,3204,3204,3204,3204,3204,47.619049072265625,47.619049072265625,45,42.85714340209961,10,4.545454502105713,0,0,9.486716270446777,8589934592,2147483648,5953142784,407961600
205,1772008714461,3204,3204,3204,3204,3204,3204,3204,3204,45,35,40,38.095237731933594,80.95238494873047,15.000000953674316,9.523809432983398,0,9.486716270446777,8589934592,2147483648,5972443136,407961600
203,1772008714667,3204,3204,3204,3204,3204,3204,3204,3204,35,38.095237731933594,33.333335876464844,40,50,4.761904716491699,0,4.761904716491699,8.399458885192871,8589934592,2147483648,5957156864,407961600
209,1772008714871,3204,3204,3204,3204,3204,3204,3204,3204,42.85714340209961,35,25,23.809524536132813,10,0,0,0,8.399458885192871,8589934592,2147483648,5963956224,407961600
205,1772008715081,3204,3204,3204,3204,3204,3204,3204,3204,52.38095474243164,42.85714340209961,38.095237731933594,35,38.095237731933594,0,4.545454502105713,0,8.399458885192871,8589934592,2147483648,5971427328,407961600
209,1772008715288,3204,3204,3204,3204,3204,3204,3204,3204,31.57894515991211,30.000001907348633,30.000001907348633,25,85.71428680419922,0,0,0,8.399458885192871,8589934592,2147483648,5971525632,407961600
199,1772008715498,3204,3204,3204,3204,3204,3204,3204,3204,33.333335876464844,35,27.272727966308594,23.809524536132813,5,4.545454502105713,0,0,8.399458885192871,8589934592,2147483648,5970477056,407961600
205,1772008715698,3204,3204,3204,3204,3204,3204,3204,3204,30.000001907348633,33.333335876464844,26.3157901763916,23.809524536132813,61.904762268066406,0,13.636363983154297,27.272727966308594,9.6991548538208,8589934592,2147483648,5977964544,407961600
207,1772008715905,3204,3204,3204,3204,3204,3204,3204,3204,38.095237731933594,30.000001907348633,25,30.000001907348633,75,0,0,0,9.6991548538208,8589934592,2147483648,5971984384,407961600
201,1772008716113,3204,3204,3204,3204,3204,3204,3204,3204,31.57894515991211,28.571430206298828,33.333335876464844,25,14.285715103149414,0,0,0,9.6991548538208,8589934592,2147483648,5972639744,407961600
201,1772008716315,3204,3204,3204,3204,3204,3204,3204,3204,38.095237731933594,40,33.333335876464844,28.571430206298828,60.000003814697266,0,0,0,9.6991548538208,8589934592,2147483648,5970935808,407961600
207,1772008716516,3204,3204,3204,3204,3204,3204,3204,3204,36.842105865478516,30.000001907348633,30.000001907348633,21.052631378173828,20,42.85714340209961,5,5,9.6991548538208,8589934592,2147483648,5978488832,407961600
203,1772008716724,3204,3204,3204,3204,3204,3204,3204,3204,42.85714340209961,45,31.57894515991211,31.81818199157715,25,15.000000953674316,9.090909004211426,0,8.090594291687012,8589934592,2147483648,5967560704,407961600
209,1772008716928,3204,3204,3204,3204,3204,3204,3204,3204,38.095237731933594,40,33.333335876464844,31.57894515991211,0,9.523809432983398,0,4.761904716491699,8.090594291687012,8589934592,2147483648,5968543744,407961600
209,1772008717138,3204,3204,3204,3204,3204,3204,3204,3204,30.000001907348633,33.333335876464844,20,28.571430206298828,0,0,0,0,8.090594291687012,8589934592,2147483648,5967724544,407961600
209,1772008717348,3204,3204,3204,3204,3204,3204,3204,3204,40.90909194946289,33.333335876464844,31.81818199157715,25,0,0,0,0,8.090594291687012,8589934592,2147483648,5967904768,407961600
208,1772008717558,3204,3204,3204,3204,3204,3204,3204,3204,35,33.333335876464844,25,30.434782028198242,0,0,0,0,8.090594291687012,8589934592,2147483648,5967921152,407961600
208,1772008717767,3204,3204,3204,3204,3204,3204,3204,3204,33.333335876464844,33.333335876464844,28.571430206298828,25,0,0,0,0,8.779397010803223,8589934592,2147483648,5967757312,407961600
200,1772008717976,3204,3204,3204,3204,3204,3204,3204,3204,35,26.3157901763916,28.571430206298828,23.809524536132813,4.761904716491699,0,0,0,8.779397010803223,8589934592,2147483648,5968330752,407961600
200,1772008718177,3204,3204,3204,3204,3204,3204,3204,3204,38.095237731933594,33.333335876464844,30.000001907348633,30.000001907348633,4.761904716491699,4.761904716491699,0,0,8.779397010803223,8589934592,2147483648,5968330752,407961600
209,1772008718378,3204,3204,3204,3204,3204,3204,3204,3204,25,33.333335876464844,30.000001907348633,21.052631378173828,0,0,0,0,8.779397010803223,8589934592,2147483648,5968330752,407961600
200,1772008718588,3204,3204,3204,3204,3204,3204,3204,3204,42.85714340209961,42.85714340209961,47.619049072265625,42.85714340209961,0,0,4.545454502105713,0,8.779397010803223,8589934592,2147483648,5968117760,407961600
209,1772008718789,3204,3204,3204,3204,3204,3204,3204,3204,42.105262756347656,36.842105865478516,35,40,30.000001907348633,21.052631378173828,10,0,5.508042335510254,8589934592,2147483648,5969985536,407961600
204,1772008718999,3204,3204,3204,3204,3204,3204,3204,3204,33.333335876464844,38.095237731933594,25,31.81818199157715,15.000000953674316,9.090909004211426,0,0,5.508042335510254,8589934592,2147483648,5968756736,407961600
209,1772008719205,3204,3204,3204,3204,3204,3204,3204,3204,35,33.333335876464844,31.81818199157715,26.3157901763916,4.761904716491699,0,0,0,5.508042335510254,8589934592,2147483648,5968871424,407961600
200,1772008719415,3204,3204,3204,3204,3204,3204,3204,3204,33.333335876464844,30.000001907348633,31.57894515991211,27.272727966308594,0,0,0,0,5.508042335510254,8589934592,2147483648,5969051648,407961600
203,1772008719616,3204,3204,3204,3204,3204,3204,3204,3204,31.57894515991211,40,30.000001907348633,42.105262756347656,0,5,0,0,5.508042335510254,8589934592,2147483648,5970968576,407961600
201,1772008719820,3204,3204,3204,3204,3204,3204,3204,3204,33.333335876464844,28.571430206298828,28.571430206298828,23.809524536132813,0,0,0,0,5.293176174163818,8589934592,2147483648,5970903040,407961600
204,1772008720023,3204,3204,3204,3204,3204,3204,3204,3204,38.095237731933594,42.105262756347656,35,30.000001907348633,0,0,0,0,5.293176174163818,8589934592,2147483648,5971148800,407961600
200,1772008720228,3204,3204,3204,3204,3204,3204,3204,3204,75,71.42857360839844,71.42857360839844,70,10,5,4.761904716491699,4.761904716491699,5.293176174163818,8589934592,2147483648,5971148800,407961600
206,1772008720429,3204,3204,3204,3204,3204,3204,3204,3204,47.619049072265625,42.105262756347656,42.105262756347656,40,0,5,0,0,5.293176174163818,8589934592,2147483648,5971148800,407961600
205,1772008720637,3204,3204,3204,3204,3204,3204,3204,3204,36.842105865478516,42.85714340209961,40.90909194946289,30.000001907348633,0,0,0,0,5.62946081161499,8589934592,2147483648,5977751552,407961600
209,1772008720843,3204,3204,3204,3204,3204,3204,3204,3204,38.095237731933594,33.333335876464844,30.000001907348633,28.571430206298828,18.18181800842285,9.523809432983398,9.523809432983398,0,5.62946081161499,8589934592,2147483648,5974736896,407961600
208,1772008721053,3204,3204,3204,3204,3204,3204,3204,3204,33.333335876464844,28.571430206298828,23.809524536132813,33.333335876464844,20,10,0,4.545454502105713,5.62946081161499,8589934592,2147483648,5963284480,407961600
204,1772008721262,3204,3204,3204,3204,3204,3204,3204,3204,25,15.000000953674316,23.809524536132813,15.000000953674316,18.18181800842285,9.523809432983398,19.047618865966797,4.761904716491699,5.62946081161499,8589934592,2147483648,5963284480,407961600
199,1772008721467,3204,3204,3204,3204,3204,3204,3204,3204,23.809524536132813,23.809524536132813,20,19.047618865966797,10,4.761904716491699,0,0,5.62946081161499,8589934592,2147483648,5963284480,407961600
202,1772008721668,3204,3204,3204,3204,3204,3204,3204,3204,31.57894515991211,26.3157901763916,25,20,0,0,0,0,6.071856498718262,8589934592,2147483648,5947867136,407961600
210,1772008721871,3204,3204,3204,3204,3204,3204,3204,3204,38.095237731933594,30.000001907348633,30.000001907348633,33.333335876464844,4.761904716491699,5,4.761904716491699,5,6.071856498718262,8589934592,2147483648,5947162624,407961600
201,1772008722082,3204,3204,3204,3204,3204,3204,3204,3204,30.000001907348633,28.571430206298828,19.047618865966797,20,0,0,0,0,6.071856498718262,8589934592,2147483648,5947195392,407961600
199,1772008722283,3204,3204,3204,3204,3204,3204,3204,3204,28.571430206298828,28.571430206298828,26.3157901763916,28.571430206298828,0,0,0,0,6.071856498718262,8589934592,2147483648,5947277312,407961600
204,1772008722484,3204,3204,3204,3204,3204,3204,3204,3204,26.3157901763916,26.3157901763916,28.571430206298828,21.052631378173828,5,5,0,4.761904716491699,6.071856498718262,8589934592,2147483648,5947375616,407961600
207,1772008722689,3204,3204,3204,3204,3204,3204,3204,3204,28.571430206298828,28.571430206298828,20,23.809524536132813,0,0,0,0,5.783329963684082,8589934592,2147483648,5947490304,407961600
207,1772008722897,3204,3204,3204,3204,3204,3204,3204,3204,30.000001907348633,21.052631378173828,25,20,0,0,4.545454502105713,0,5.783329963684082,8589934592,2147483648,5947588608,407961600
202,1772008723105,3204,3204,3204,3204,3204,3204,3204,3204,35,38.095237731933594,28.571430206298828,31.81818199157715,38.095237731933594,23.809524536132813,4.761904716491699,5,5.783329963684082,8589934592,2147483648,5947211776,407961600
207,1772008723308,3204,3204,3204,3204,3204,3204,3204,3204,23.809524536132813,28.571430206298828,20,21.052631378173828,0,0,0,0,5.783329963684082,8589934592,2147483648,5947326464,407961600
207,1772008723516,3204,3204,3204,3204,3204,3204,3204,3204,33.333335876464844,23.809524536132813,23.809524536132813,23.809524536132813,0,0,0,0,5.783329963684082,8589934592,2147483648,5947588608,407961600
205,1772008723724,3204,3204,3204,3204,3204,3204,3204,3204,35,30.000001907348633,30.000001907348633,23.809524536132813,0,0,0,0,5.113610744476318,8589934592,2147483648,5947654144,407961600
209,1772008723930,3204,3204,3204,3204,3204,3204,3204,3204,25,33.333335876464844,28.571430206298828,20,9.523809432983398,21.052631378173828,0,0,5.113610744476318,8589934592,2147483648,5947670528,407961600
201,1772008724140,3204,3204,3204,3204,3204,3204,3204,3204,31.81818199157715,25,23.809524536132813,19.047618865966797,0,4.545454502105713,0,0,5.113610744476318,8589934592,2147483648,5947834368,407961600
202,1772008724342,3204,3204,3204,3204,3204,3204,3204,3204,30.000001907348633,35,35,25,0,4.761904716491699,0,0,5.113610744476318,8589934592,2147483648,5943427072,407961600
209,1772008724545,3204,3204,3204,3204,3204,3204,3204,3204,26.3157901763916,28.571430206298828,20,15.000000953674316,0,0,0,0,5.113610744476318,8589934592,2147483648,5944868864,407961600
205,1772008724755,3204,3204,3204,3204,3204,3204,3204,3204,28.571430206298828,26.3157901763916,25,31.81818199157715,0,0,0,0,5.38251256942749,8589934592,2147483648,5944590336,407961600
205,1772008724961,3204,3204,3204,3204,3204,3204,3204,3204,33.333335876464844,31.81818199157715,27.272727966308594,25,0,0,0,0,5.38251256942749,8589934592,2147483648,5944606720,407961600
200,1772008725167,3204,3204,3204,3204,3204,3204,3204,3204,35,35,30.000001907348633,28.571430206298828,23.809524536132813,10.526315689086914,4.761904716491699,4.761904716491699,5.38251256942749,8589934592,2147483648,5956304896,407961600
205,1772008725369,3204,3204,3204,3204,3204,3204,3204,3204,30.000001907348633,30.000001907348633,25,21.052631378173828,5,15.000000953674316,0,0,5.38251256942749,8589934592,2147483648,5944541184,407961600
207,1772008725574,3204,3204,3204,3204,3204,3204,3204,3204,33.333335876464844,20,20,14.285715103149414,0,0,0,4.761904716491699,5.38251256942749,8589934592,2147483648,5944573952,407961600
201,1772008725782,3204,3204,3204,3204,3204,3204,3204,3204,28.571430206298828,23.809524536132813,27.272727966308594,20,0,0,0,0,5.146590232849121,8589934592,2147483648,5944115200,407961600
203,1772008725984,3204,3204,3204,3204,3204,3204,3204,3204,26.3157901763916,20,21.052631378173828,20,5,4.761904716491699,0,0,5.146590232849121,8589934592,2147483648,5944164352,407961600
207,1772008726187,3204,3204,3204,3204,3204,3204,3204,3204,40,42.85714340209961,30.000001907348633,30.000001907348633,9.090909004211426,9.523809432983398,0,0,5.146590232849121,8589934592,2147483648,5944197120,407961600
208,1772008726395,3204,3204,3204,3204,3204,3204,3204,3204,23.809524536132813,25,28.571430206298828,27.272727966308594,0,0,0,0,5.146590232849121,8589934592,2147483648,5943934976,407961600
204,1772008726604,3204,3204,3204,3204,3204,3204,3204,3204,38.095237731933594,33.333335876464844,30.000001907348633,25,0,0,0,0,5.146590232849121,8589934592,2147483648,5944655872,407961600
203,1772008726809,3204,3204,3204,3204,3204,3204,3204,3204,35,35,33.333335876464844,30.000001907348633,0,0,0,0,5.357057571411133,8589934592,2147483648,5944115200,407961600
202,1772008727013,3204,3204,3204,3204,3204,3204,3204,3204,30.000001907348633,30.000001907348633,30.000001907348633,28.571430206298828,0,0,0,0,5.357057571411133,8589934592,2147483648,5944164352,407961600
209,1772008727216,3204,3204,3204,3204,3204,3204,3204,3204,30.000001907348633,30.000001907348633,28.571430206298828,30.000001907348633,5,4.761904716491699,4.761904716491699,0,5.357057571411133,8589934592,2147483648,5944180736,407961600
200,1772008727426,3204,3204,3204,3204,3204,3204,3204,3204,36.3636360168457,33.333335876464844,30.000001907348633,25,28.571430206298828,25,0,4.545454502105713,5.357057571411133,8589934592,2147483648,5943902208,407961600
202,1772008727627,3204,3204,3204,3204,3204,3204,3204,3204,26.3157901763916,30.000001907348633,28.571430206298828,23.809524536132813,0,0,0,0,5.101312637329102,8589934592,2147483648,5943902208,407961600
207,1772008727830,3204,3204,3204,3204,3204,3204,3204,3204,30.000001907348633,33.333335876464844,30.000001907348633,21.052631378173828,0,0,9.523809432983398,0,5.101312637329102,8589934592,2147483648,5943902208,407961600
209,1772008728038,3204,3204,3204,3204,3204,3204,3204,3204,45,40,40,38.095237731933594,0,0,0,0,5.101312637329102,8589934592,2147483648,5945589760,407961600
206,1772008728248,3204,3204,3204,3204,3204,3204,3204,3204,33.333335876464844,33.333335876464844,28.571430206298828,27.272727966308594,0,4.545454502105713,0,0,5.101312637329102,8589934592,2147483648,5945704448,407961600
209,1772008728454,3204,3204,3204,3204,3204,3204,3204,3204,33.333335876464844,30.000001907348633,25,20,0,0,0,0,5.101312637329102,8589934592,2147483648,5945851904,407961600
201,1772008728664,3204,3204,3204,3204,3204,3204,3204,3204,33.333335876464844,28.571430206298828,33.333335876464844,25,0,0,0,0,5.35813570022583,8589934592,2147483648,5945819136,407961600
209,1772008728866,3204,3204,3204,3204,3204,3204,3204,3204,60.000003814697266,42.105262756347656,35,50,19.047618865966797,15.000000953674316,0,0,5.35813570022583,8589934592,2147483648,5951471616,407961600
204,1772008729076,3204,3204,3204,3204,3204,3204,3204,3204,38.095237731933594,31.81818199157715,40.90909194946289,52.38095474243164,0,0,0,0,5.35813570022583,8589934592,2147483648,5951520768,407961600
207,1772008729282,3204,3204,3204,3204,3204,3204,3204,3204,35,35,30.000001907348633,23.809524536132813,10,9.523809432983398,5,0,5.35813570022583,8589934592,2147483648,5953339392,407961600
201,1772008729490,3204,3204,3204,3204,3204,3204,3204,3204,47.619049072265625,45.45454788208008,45,42.85714340209961,40,20,9.523809432983398,9.523809432983398,5.35813570022583,8589934592,2147483648,5954256896,407961600
207,1772008729692,3204,3204,3204,3204,3204,3204,3204,3204,65,68.42105102539063,60.000003814697266,55,4.761904716491699,14.285715103149414,0,0,5.144800662994385,8589934592,2147483648,5959237632,407961600
203,1772008729900,3204,3204,3204,3204,3204,3204,3204,3204,25,33.333335876464844,23.809524536132813,25,0,0,0,0,5.144800662994385,8589934592,2147483648,5959434240,407961600
200,1772008730104,3204,3204,3204,3204,3204,3204,3204,3204,33.333335876464844,25,25,23.809524536132813,0,0,0,0,5.144800662994385,8589934592,2147483648,5959221248,407961600
203,1772008730305,3204,3204,3204,3204,3204,3204,3204,3204,35,30.000001907348633,25,15.789472579956055,0,0,0,0,5.144800662994385,8589934592,2147483648,5959254016,407961600
209,1772008730510,3204,3204,3204,3204,3204,3204,3204,3204,30.000001907348633,35,30.000001907348633,31.81818199157715,4.761904716491699,4.761904716491699,0,0,5.144800662994385,8589934592,2147483648,5959254016,407961600
203,1772008730720,3204,3204,3204,3204,3204,3204,3204,3204,33.333335876464844,33.333335876464844,27.272727966308594,25,0,0,0,0,6.260137557983398,8589934592,2147483648,5958582272,407961600
209,1772008730923,3204,3204,3204,3204,3204,3204,3204,3204,35,31.57894515991211,30.000001907348633,35,0,4.761904716491699,0,4.545454502105713,6.260137557983398,8589934592,2147483648,5958828032,407961600
201,1772008731134,3204,3204,3204,3204,3204,3204,3204,3204,33.333335876464844,34.78260803222656,25,23.809524536132813,4.545454502105713,0,0,0,6.260137557983398,8589934592,2147483648,5958844416,407961600
205,1772008731336,3204,3204,3204,3204,3204,3204,3204,3204,30.000001907348633,31.57894515991211,33.333335876464844,25,4.761904716491699,0,4.761904716491699,0,6.260137557983398,8589934592,2147483648,5958893568,407961600
209,1772008731542,3204,3204,3204,3204,3204,3204,3204,3204,35,42.85714340209961,30.000001907348633,28.571430206298828,10.526315689086914,4.761904716491699,4.761904716491699,4.761904716491699,6.260137557983398,8589934592,2147483648,5968592896,407961600
202,1772008731752,3204,3204,3204,3204,3204,3204,3204,3204,33.333335876464844,25,28.571430206298828,25,21.7391300201416,15.000000953674316,0,4.761904716491699,5.371955871582031,8589934592,2147483648,5958680576,407961600
201,1772008731955,3204,3204,3204,3204,3204,3204,3204,3204,33.333335876464844,28.571430206298828,25,28.571430206298828,0,4.761904716491699,0,0,5.371955871582031,8589934592,2147483648,5959286784,407961600
207,1772008732157,3204,3204,3204,3204,3204,3204,3204,3204,26.3157901763916,27.77777862548828,25,20,0,0,0,0,5.371955871582031,8589934592,2147483648,5958762496,407961600
207,1772008732365,3204,3204,3204,3204,3204,3204,3204,3204,38.095237731933594,36.3636360168457,30.000001907348633,28.571430206298828,0,0,0,0,5.371955871582031,8589934592,2147483648,5958860800,407961600
205,1772008732573,3204,3204,3204,3204,3204,3204,3204,3204,40,38.095237731933594,31.81818199157715,25,0,0,0,4.761904716491699,5.371955871582031,8589934592,2147483648,5958877184,407961600
204,1772008732779,3204,3204,3204,3204,3204,3204,3204,3204,38.095237731933594,30.000001907348633,31.57894515991211,33.333335876464844,4.761904716491699,0,0,0,5.224023342132568,8589934592,2147483648,5959876608,407961600
202,1772008732984,3204,3204,3204,3204,3204,3204,3204,3204,38.095237731933594,38.095237731933594,30.000001907348633,33.333335876464844,0,0,4.761904716491699,0,5.224023342132568,8589934592,2147483648,5959974912,407961600
206,1772008733186,3204,3204,3204,3204,3204,3204,3204,3204,26.3157901763916,21.052631378173828,31.81818199157715,21.052631378173828,0,0,0,0,5.224023342132568,8589934592,2147483648,5959860224,407961600
209,1772008733393,3204,3204,3204,3204,3204,3204,3204,3204,38.095237731933594,38.095237731933594,26.3157901763916,25,0,0,0,0,5.224023342132568,8589934592,2147483648,5959909376,407961600
209,1772008733604,3204,3204,3204,3204,3204,3204,3204,3204,35,38.095237731933594,28.571430206298828,28.571430206298828,4.761904716491699,9.090909004211426,4.761904716491699,0,5.224023342132568,8589934592,2147483648,5958664192,407961600
209,1772008733813,3204,3204,3204,3204,3204,3204,3204,3204,42.85714340209961,38.095237731933594,38.095237731933594,40.90909194946289,25,15.000000953674316,9.523809432983398,5,5.360793113708496,8589934592,2147483648,5961072640,407961600
206,1772008734023,3204,3204,3204,3204,3204,3204,3204,3204,30.000001907348633,25,27.272727966308594,23.809524536132813,9.090909004211426,9.090909004211426,0,0,5.360793113708496,8589934592,2147483648,5952634880,407961600
207,1772008734230,3204,3204,3204,3204,3204,3204,3204,3204,33.333335876464844,30.000001907348633,21.052631378173828,25,4.761904716491699,0,0,0,5.360793113708496,8589934592,2147483648,5954846720,407961600
209,1772008734438,3204,3204,3204,3204,3204,3204,3204,3204,36.3636360168457,36.3636360168457,28.571430206298828,33.333335876464844,0,0,0,4.545454502105713,5.360793113708496,8589934592,2147483648,5954895872,407961600
207,1772008734648,3204,3204,3204,3204,3204,3204,3204,3204,30.000001907348633,33.333335876464844,27.272727966308594,25,0,0,4.761904716491699,0,5.349551200866699,8589934592,2147483648,5955534848,407961600
207,1772008734855,3204,3204,3204,3204,3204,3204,3204,3204,35,35,25,23.809524536132813,0,0,0,0,5.349551200866699,8589934592,2147483648,5954748416,407961600
207,1772008735063,3204,3204,3204,3204,3204,3204,3204,3204,28.571430206298828,25,30.000001907348633,20,0,0,0,0,5.349551200866699,8589934592,2147483648,5954781184,407961600
209,1772008735271,3204,3204,3204,3204,3204,3204,3204,3204,30.000001907348633,31.81818199157715,23.809524536132813,23.809524536132813,4.761904716491699,9.090909004211426,0,0,5.349551200866699,8589934592,2147483648,5954797568,407961600
209,1772008735481,3204,3204,3204,3204,3204,3204,3204,3204,33.333335876464844,35,28.571430206298828,28.571430206298828,0,0,0,0,5.349551200866699,8589934592,2147483648,5954781184,407961600
202,1772008735691,3204,3204,3204,3204,3204,3204,3204,3204,31.81818199157715,28.571430206298828,25,23.809524536132813,4.761904716491699,0,0,0,5.546051979064941,8589934592,2147483648,5954043904,407961600
207,1772008735894,3204,3204,3204,3204,3204,3204,3204,3204,45,35,40,35,25,9.523809432983398,4.761904716491699,0,5.546051979064941,8589934592,2147483648,5963186176,407961600
209,1772008736102,3204,3204,3204,3204,3204,3204,3204,3204,28.571430206298828,28.571430206298828,27.272727966308594,33.333335876464844,9.523809432983398,9.523809432983398,0,0,5.546051979064941,8589934592,2147483648,5954109440,407961600
208,1772008736312,3204,3204,3204,3204,3204,3204,3204,3204,47.36842346191406,42.85714340209961,42.85714340209961,38.095237731933594,4.761904716491699,4.761904716491699,0,4.545454502105713,5.546051979064941,8589934592,2147483648,5954224128,407961600
204,1772008736521,3204,3204,3204,3204,3204,3204,3204,3204,57.142860412597656,52.38095474243164,50,47.619049072265625,0,0,4.545454502105713,0,5.546051979064941,8589934592,2147483648,5955715072,407961600
205,1772008736726,3204,3204,3204,3204,3204,3204,3204,3204,42.85714340209961,45,40,45,4.761904716491699,0,0,0,5.198575973510742,8589934592,2147483648,5955354624,407961600
209,1772008736932,3204,3204,3204,3204,3204,3204,3204,3204,30.000001907348633,35,33.333335876464844,28.571430206298828,0,0,0,0,5.198575973510742,8589934592,2147483648,5955354624,407961600
201,1772008737142,3204,3204,3204,3204,3204,3204,3204,3204,28.571430206298828,30.000001907348633,28.571430206298828,21.052631378173828,0,0,0,0,5.198575973510742,8589934592,2147483648,5954846720,407961600
209,1772008737345,3204,3204,3204,3204,3204,3204,3204,3204,33.333335876464844,33.333335876464844,30.000001907348633,31.81818199157715,4.761904716491699,5,0,0,5.198575973510742,8589934592,2147483648,5954879488,407961600
210,1772008737555,3204,3204,3204,3204,3204,3204,3204,3204,30.000001907348633,25,28.571430206298828,25,4.761904716491699,0,0,4.545454502105713,5.198575973510742,8589934592,2147483648,5954863104,407961600
199,1772008737766,3204,3204,3204,3204,3204,3204,3204,3204,33.333335876464844,36.3636360168457,25,31.81818199157715,0,0,0,0,5.920647621154785,8589934592,2147483648,5954846720,407961600
209,1772008737966,3204,3204,3204,3204,3204,3204,3204,3204,42.105262756347656,40,35,31.57894515991211,5.555555820465088,5,4.761904716491699,0,5.920647621154785,8589934592,2147483648,5954846720,407961600
207,1772008738176,3204,3204,3204,3204,3204,3204,3204,3204,36.3636360168457,30.000001907348633,33.333335876464844,25,22.72727394104004,22.72727394104004,0,0,5.920647621154785,8589934592,2147483648,5954797568,407961600
208,1772008738384,3204,3204,3204,3204,3204,3204,3204,3204,26.3157901763916,33.333335876464844,23.809524536132813,27.272727966308594,0,0,4.545454502105713,0,5.920647621154785,8589934592,2147483648,5954535424,407961600
202,1772008738593,3204,3204,3204,3204,3204,3204,3204,3204,36.3636360168457,28.571430206298828,23.809524536132813,25,0,0,0,0,5.920647621154785,8589934592,2147483648,5954387968,407961600
201,1772008738796,3204,3204,3204,3204,3204,3204,3204,3204,30.000001907348633,30.000001907348633,35,25,5,4.761904716491699,4.545454502105713,4.761904716491699,5.240908622741699,8589934592,2147483648,5954486272,407961600
202,1772008738998,3204,3204,3204,3204,3204,3204,3204,3204,31.57894515991211,35,25,30.000001907348633,0,20,0,0,5.240908622741699,8589934592,2147483648,5954322432,407961600
202,1772008739201,3204,3204,3204,3204,3204,3204,3204,3204,33.333335876464844,25,28.571430206298828,23.809524536132813,0,0,0,0,5.240908622741699,8589934592,2147483648,5953978368,407961600
209,1772008739403,3204,3204,3204,3204,3204,3204,3204,3204,35,35,31.57894515991211,26.3157901763916,4.761904716491699,0,0,0,5.240908622741699,8589934592,2147483648,5954846720,407961600
209,1772008739613,3204,3204,3204,3204,3204,3204,3204,3204,33.333335876464844,28.571430206298828,23.809524536132813,23.809524536132813,0,0,0,0,5.240908622741699,8589934592,2147483648,5954846720,407961600
206,1772008739823,3204,3204,3204,3204,3204,3204,3204,3204,28.571430206298828,33.333335876464844,23.809524536132813,22.72727394104004,0,0,0,0,5.489622116088867,8589934592,2147483648,5954846720,407961600
205,1772008740030,3204,3204,3204,3204,3204,3204,3204,3204,38.095237731933594,35,30.000001907348633,26.3157901763916,4.761904716491699,4.761904716491699,0,0,5.489622116088867,8589934592,2147483648,5954846720,407961600
205,1772008740235,3204,3204,3204,3204,3204,3204,3204,3204,40,38.095237731933594,33.333335876464844,33.333335876464844,33.333335876464844,10,4.761904716491699,4.761904716491699,5.489622116088867,8589934592,2147483648,5964070912,407961600
204,1772008740442,3204,3204,3204,3204,3204,3204,3204,3204,45,36.842105865478516,40,33.333335876464844,4.761904716491699,0,0,0,5.489622116088867,8589934592,2147483648,5964382208,407961600
203,1772008740646,3204,3204,3204,3204,3204,3204,3204,3204,40,38.095237731933594,35,38.095237731933594,0,4.761904716491699,0,0,5.1726813316345215,8589934592,2147483648,5964513280,407961600
205,1772008740851,3204,3204,3204,3204,3204,3204,3204,3204,38.095237731933594,38.095237731933594,33.333335876464844,26.3157901763916,0,0,0,0,5.1726813316345215,8589934592,2147483648,5964562432,407961600
204,1772008741057,3204,3204,3204,3204,3204,3204,3204,3204,35,31.57894515991211,30.000001907348633,31.81818199157715,4.761904716491699,9.090909004211426,4.761904716491699,9.090909004211426,5.1726813316345215,8589934592,2147483648,5964660736,407961600
209,1772008741262,3204,3204,3204,3204,3204,3204,3204,3204,70,76.19047546386719,80,65,0,0,0,0,5.1726813316345215,8589934592,2147483648,5968510976,407961600
210,1772008741471,3204,3204,3204,3204,3204,3204,3204,3204,50,47.619049072265625,57.142860412597656,42.85714340209961,0,0,0,0,5.1726813316345215,8589934592,2147483648,5969625088,407961600
201,1772008741682,3204,3204,3204,3204,3204,3204,3204,3204,38.095237731933594,42.85714340209961,38.095237731933594,40,4.761904716491699,0,0,4.545454502105713,5.5792975425720215,8589934592,2147483648,5969510400,407961600
207,1772008741884,3204,3204,3204,3204,3204,3204,3204,3204,55,47.619049072265625,47.619049072265625,45,0,0,0,0,5.5792975425720215,8589934592,2147483648,5969657856,407961600
207,1772008742091,3204,3204,3204,3204,3204,3204,3204,3204,47.619049072265625,42.85714340209961,42.85714340209961,38.095237731933594,4.761904716491699,0,0,0,5.5792975425720215,8589934592,2147483648,5970411520,407961600
206,1772008742299,3204,3204,3204,3204,3204,3204,3204,3204,47.36842346191406,50,45,38.095237731933594,31.81818199157715,23.809524536132813,4.761904716491699,0,5.5792975425720215,8589934592,2147483648,5981454336,407961600
209,1772008742505,3204,3204,3204,3204,3204,3204,3204,3204,55,50,50,50,15.789472579956055,15.000000953674316,4.761904716491699,0,5.5792975425720215,8589934592,2147483648,5969231872,407961600
207,1772008742716,3204,3204,3204,3204,3204,3204,3204,3204,40.90909194946289,40,38.095237731933594,38.095237731933594,4.545454502105713,4.761904716491699,0,0,5.652952671051025,8589934592,2147483648,5969690624,407961600
209,1772008742924,3204,3204,3204,3204,3204,3204,3204,3204,38.095237731933594,36.3636360168457,33.333335876464844,30.000001907348633,0,0,0,0,5.652952671051025,8589934592,2147483648,5969330176,407961600
201,1772008743133,3204,3204,3204,3204,3204,3204,3204,3204,35,35,40,31.81818199157715,52.38095474243164,4.761904716491699,28.571430206298828,4.761904716491699,5.652952671051025,8589934592,2147483648,5973114880,407961600
209,1772008743335,3204,3204,3204,3204,3204,3204,3204,3204,47.36842346191406,38.095237731933594,40,36.842105865478516,0,5,0,0,5.652952671051025,8589934592,2147483648,5970214912,407961600
209,1772008743545,3204,3204,3204,3204,3204,3204,3204,3204,40.90909194946289,35,31.81818199157715,33.333335876464844,0,0,0,0,5.652952671051025,8589934592,2147483648,5970427904,407961600
205,1772008743755,3204,3204,3204,3204,3204,3204,3204,3204,38.095237731933594,38.095237731933594,28.571430206298828,33.333335876464844,4.761904716491699,4.761904716491699,0,0,6.175625324249268,8589934592,2147483648,5970575360,407961600
209,1772008743961,3204,3204,3204,3204,3204,3204,3204,3204,40,40,31.57894515991211,33.333335876464844,5,20,0,0,6.175625324249268,8589934592,2147483648,5970690048,407961600
202,1772008744171,3204,3204,3204,3204,3204,3204,3204,3204,25,28.571430206298828,19.047618865966797,23.809524536132813,45.45454788208008,0,0,0,6.175625324249268,8589934592,2147483648,5970771968,407961600
209,1772008744374,3204,3204,3204,3204,3204,3204,3204,3204,47.619049072265625,40,38.095237731933594,35,14.285715103149414,9.523809432983398,5,5,6.175625324249268,8589934592,2147483648,5980209152,407961600
201,1772008744584,3204,3204,3204,3204,3204,3204,3204,3204,42.85714340209961,38.095237731933594,35,33.333335876464844,25,14.285715103149414,0,0,6.175625324249268,8589934592,2147483648,5968805888,407961600
207,1772008744786,3204,3204,3204,3204,3204,3204,3204,3204,35,30.000001907348633,33.333335876464844,25,0,0,0,0,6.369572639465332,8589934592,2147483648,5970935808,407961600
206,1772008744994,3204,3204,3204,3204,3204,3204,3204,3204,40.90909194946289,33.333335876464844,25,28.571430206298828,4.545454502105713,0,4.545454502105713,0,6.369572639465332,8589934592,2147483648,5971197952,407961600
203,1772008745201,3204,3204,3204,3204,3204,3204,3204,3204,31.57894515991211,30.000001907348633,33.333335876464844,25,0,0,0,0,6.369572639465332,8589934592,2147483648,5971197952,407961600
206,1772008745404,3204,3204,3204,3204,3204,3204,3204,3204,40,38.095237731933594,30.000001907348633,30.000001907348633,0,4.761904716491699,0,5,6.369572639465332,8589934592,2147483648,5971427328,407961600
205,1772008745611,3204,3204,3204,3204,3204,3204,3204,3204,38.095237731933594,30.000001907348633,38.095237731933594,28.571430206298828,0,0,0,0,6.369572639465332,8589934592,2147483648,5971230720,407961600
201,1772008745817,3204,3204,3204,3204,3204,3204,3204,3204,30.000001907348633,30.000001907348633,28.571430206298828,30.000001907348633,4.761904716491699,4.761904716491699,4.761904716491699,0,5.774075508117676,8589934592,2147483648,5971165184,407961600
201,1772008746019,3204,3204,3204,3204,3204,3204,3204,3204,35,30.000001907348633,31.57894515991211,23.809524536132813,0,0,0,0,5.774075508117676,8589934592,2147483648,5971410944,407961600
208,1772008746221,3204,3204,3204,3204,3204,3204,3204,3204,30.000001907348633,30.000001907348633,30.000001907348633,21.052631378173828,0,0,0,0,5.774075508117676,8589934592,2147483648,5971361792,407961600
206,1772008746430,3204,3204,3204,3204,3204,3204,3204,3204,25,23.809524536132813,27.272727966308594,23.809524536132813,9.090909004211426,0,0,4.761904716491699,5.774075508117676,8589934592,2147483648,5971902464,407961600
202,1772008746637,3204,3204,3204,3204,3204,3204,3204,3204,42.85714340209961,35,31.57894515991211,28.571430206298828,26.3157901763916,10,4.761904716491699,0,5.207649230957031,8589934592,2147483648,5971197952,407961600
209,1772008746839,3204,3204,3204,3204,3204,3204,3204,3204,33.333335876464844,28.571430206298828,33.333335876464844,25,4.761904716491699,4.761904716491699,0,0,5.207649230957031,8589934592,2147483648,5971279872,407961600
209,1772008747049,3204,3204,3204,3204,3204,3204,3204,3204,30.000001907348633,33.333335876464844,28.571430206298828,23.809524536132813,4.761904716491699,9.090909004211426,4.545454502105713,0,5.207649230957031,8589934592,2147483648,5971394560,407961600
200,1772008747259,3204,3204,3204,3204,3204,3204,3204,3204,28.571430206298828,33.333335876464844,28.571430206298828,19.047618865966797,0,0,0,0,5.207649230957031,8589934592,2147483648,5971427328,407961600
209,1772008747460,3204,3204,3204,3204,3204,3204,3204,3204,55,57.894737243652344,55,52.6315803527832,4.761904716491699,5,0,0,5.207649230957031,8589934592,2147483648,5970739200,407961600
201,1772008747669,3204,3204,3204,3204,3204,3204,3204,3204,47.619049072265625,42.85714340209961,35,33.333335876464844,0,0,0,0,5.261662483215332,8589934592,2147483648,5972279296,407961600
203,1772008747871,3204,3204,3204,3204,3204,3204,3204,3204,40,36.842105865478516,35,25,4.761904716491699,0,0,0,5.261662483215332,8589934592,2147483648,5972443136,407961600
208,1772008748075,3204,3204,3204,3204,3204,3204,3204,3204,35,33.333335876464844,25,33.333335876464844,0,0,0,0,5.261662483215332,8589934592,2147483648,5972295680,407961600
206,1772008748284,3204,3204,3204,3204,3204,3204,3204,3204,33.333335876464844,30.000001907348633,33.333335876464844,28.571430206298828,0,0,0,0,5.261662483215332,8589934592,2147483648,5972361216,407961600
204,1772008748491,3204,3204,3204,3204,3204,3204,3204,3204,40,36.3636360168457,30.000001907348633,30.000001907348633,0,4.761904716491699,4.545454502105713,4.761904716491699,5.261662483215332,8589934592,2147483648,5970739200,407961600
209,1772008748696,3204,3204,3204,3204,3204,3204,3204,3204,50,42.105262756347656,45,50,14.285715103149414,5,0,0,5.668490409851074,8589934592,2147483648,5980585984,407961600
209,1772008748906,3204,3204,3204,3204,3204,3204,3204,3204,36.3636360168457,36.3636360168457,33.333335876464844,28.571430206298828,38.095237731933594,14.285715103149414,5,4.761904716491699,5.668490409851074,8589934592,2147483648,5969362944,407961600
199,1772008749117,3204,3204,3204,3204,3204,3204,3204,3204,33.333335876464844,25,31.81818199157715,23.809524536132813,4.761904716491699,0,0,0,5.668490409851074,8589934592,2147483648,5970444288,407961600
203,1772008749317,3204,3204,3204,3204,3204,3204,3204,3204,36.842105865478516,33.333335876464844,31.57894515991211,25,4.761904716491699,4.761904716491699,4.761904716491699,0,5.668490409851074,8589934592,2147483648,5970395136,407961600
207,1772008749521,3204,3204,3204,3204,3204,3204,3204,3204,33.333335876464844,35,33.333335876464844,30.000001907348633,0,0,0,0,5.668490409851074,8589934592,2147483648,5970329600,407961600
201,1772008749729,3204,3204,3204,3204,3204,3204,3204,3204,33.333335876464844,30.000001907348633,30.000001907348633,33.333335876464844,0,0,0,0,5.314613342285156,8589934592,2147483648,5970313216,407961600
202,1772008749931,3204,3204,3204,3204,3204,3204,3204,3204,31.57894515991211,30.000001907348633,30.000001907348633,25,4.761904716491699,4.761904716491699,0,9.090909004211426,5.314613342285156,8589934592,2147483648,5966757888,407961600
209,1772008750134,3204,3204,3204,3204,3204,3204,3204,3204,33.333335876464844,33.333335876464844,30.000001907348633,25,0,4.761904716491699,0,0,5.314613342285156,8589934592,2147483648,5966741504,407961600
208,1772008750344,3204,3204,3204,3204,3204,3204,3204,3204,26.3157901763916,30.000001907348633,36.3636360168457,31.81818199157715,0,0,0,0,5.314613342285156,8589934592,2147483648,5966741504,407961600
200,1772008750553,3204,3204,3204,3204,3204,3204,3204,3204,38.095237731933594,33.333335876464844,30.000001907348633,25,4.545454502105713,4.761904716491699,4.761904716491699,0,5.314613342285156,8589934592,2147483648,5966069760,407961600
201,1772008750755,3204,3204,3204,3204,3204,3204,3204,3204,30.000001907348633,30.000001907348633,23.809524536132813,20,0,0,0,0,5.5873332023620605,8589934592,2147483648,5966086144,407961600
206,1772008750956,3204,3204,3204,3204,3204,3204,3204,3204,40,42.85714340209961,35,35,33.333335876464844,5.263157844543457,5,9.523809432983398,5.5873332023620605,8589934592,2147483648,5966086144,407961600
208,1772008751163,3204,3204,3204,3204,3204,3204,3204,3204,38.095237731933594,31.57894515991211,33.333335876464844,33.333335876464844,4.761904716491699,9.090909004211426,0,0,5.5873332023620605,8589934592,2147483648,5966086144,407961600
209,1772008751372,3204,3204,3204,3204,3204,3204,3204,3204,33.333335876464844,36.3636360168457,25,23.809524536132813,0,0,0,4.761904716491699,5.5873332023620605,8589934592,2147483648,5966086144,407961600
209,1772008751582,3204,3204,3204,3204,3204,3204,3204,3204,33.333335876464844,30.000001907348633,28.571430206298828,20,0,0,0,0,5.5873332023620605,8589934592,2147483648,5944803328,407961600
207,1772008751792,3204,3204,3204,3204,3204,3204,3204,3204,25,23.809524536132813,23.809524536132813,27.272727966308594,9.090909004211426,4.761904716491699,4.545454502105713,0,5.372508525848389,8589934592,2147483648,5944983552,407961600
202,1772008752000,3204,3204,3204,3204,3204,3204,3204,3204,38.095237731933594,35,25,25,0,0,0,0,5.372508525848389,8589934592,2147483648,5944770560,407961600
201,1772008752204,3204,3204,3204,3204,3204,3204,3204,3204,35,31.81818199157715,30.000001907348633,23.809524536132813,0,5,0,0,5.372508525848389,8589934592,2147483648,5943967744,407961600
208,1772008752406,3204,3204,3204,3204,3204,3204,3204,3204,33.333335876464844,27.77777862548828,28.571430206298828,26.3157901763916,0,0,0,0,5.372508525848389,8589934592,2147483648,5943263232,407961600
206,1772008752615,3204,3204,3204,3204,3204,3204,3204,3204,30.000001907348633,27.272727966308594,25,23.809524536132813,0,0,0,0,5.372508525848389,8589934592,2147483648,5943410688,407961600
205,1772008752821,3204,3204,3204,3204,3204,3204,3204,3204,33.333335876464844,30.000001907348633,28.571430206298828,25,4.545454502105713,0,0,0,5.420257568359375,8589934592,2147483648,5943492608,407961600
205,1772008753028,3204,3204,3204,3204,3204,3204,3204,3204,35,35,31.57894515991211,33.333335876464844,15.000000953674316,9.523809432983398,4.761904716491699,0,5.420257568359375,8589934592,2147483648,5952503808,407961600
209,1772008753234,3204,3204,3204,3204,3204,3204,3204,3204,42.85714340209961,38.095237731933594,36.3636360168457,33.333335876464844,14.285715103149414,14.285715103149414,4.761904716491699,0,5.420257568359375,8589934592,2147483648,5943689216,407961600
205,1772008753444,3204,3204,3204,3204,3204,3204,3204,3204,33.333335876464844,35,35,35,0,0,0,4.545454502105713,5.420257568359375,8589934592,2147483648,5943246848,407961600
208,1772008753651,3204,3204,3204,3204,3204,3204,3204,3204,31.57894515991211,36.3636360168457,31.81818199157715,28.571430206298828,0,0,0,0,5.099020957946777,8589934592,2147483648,5941854208,407961600
209,1772008753859,3204,3204,3204,3204,3204,3204,3204,3204,31.81818199157715,30.000001907348633,25,28.571430206298828,0,19.047618865966797,0,0,5.099020957946777,8589934592,2147483648,5939085312,407961600
201,1772008754069,3204,3204,3204,3204,3204,3204,3204,3204,35,33.333335876464844,33.333335876464844,23.809524536132813,0,4.761904716491699,0,0,5.099020957946777,8589934592,2147483648,5936594944,407961600
205,1772008754271,3204,3204,3204,3204,3204,3204,3204,3204,35,33.333335876464844,26.3157901763916,25,0,0,4.761904716491699,0,5.099020957946777,8589934592,2147483648,5936627712,407961600
201,1772008754478,3204,3204,3204,3204,3204,3204,3204,3204,52.38095474243164,57.894737243652344,52.38095474243164,50,9.090909004211426,0,0,0,5.099020957946777,8589934592,2147483648,5937758208,407961600
209,1772008754680,3204,3204,3204,3204,3204,3204,3204,3204,52.38095474243164,42.85714340209961,42.85714340209961,45,0,5,0,0,5.485739231109619,8589934592,2147483648,5938331648,407961600
204,1772008754889,3204,3204,3204,3204,3204,3204,3204,3204,31.57894515991211,25,25,23.809524536132813,0,0,4.761904716491699,4.545454502105713,5.485739231109619,8589934592,2147483648,5938380800,407961600
205,1772008755094,3204,3204,3204,3204,3204,3204,3204,3204,33.333335876464844,35,21.052631378173828,30.000001907348633,4.761904716491699,5,0,0,5.485739231109619,8589934592,2147483648,5942263808,407961600
200,1772008755300,3204,3204,3204,3204,3204,3204,3204,3204,30.000001907348633,33.333335876464844,28.571430206298828,23.809524536132813,28.571430206298828,15.000000953674316,5,0,5.485739231109619,8589934592,2147483648,5945999360,407961600
200,1772008755501,3204,3204,3204,3204,3204,3204,3204,3204,42.85714340209961,35,30.000001907348633,35,9.523809432983398,9.523809432983398,4.761904716491699,4.761904716491699,5.485739231109619,8589934592,2147483648,5947015168,407961600
202,1772008755702,3204,3204,3204,3204,3204,3204,3204,3204,47.36842346191406,45,45,40,0,0,0,0,5.587461471557617,8589934592,2147483648,5947047936,407961600
205,1772008755905,3204,3204,3204,3204,3204,3204,3204,3204,26.3157901763916,25,28.571430206298828,20,0,0,0,0,5.587461471557617,8589934592,2147483648,5947064320,407961600
202,1772008756110,3204,3204,3204,3204,3204,3204,3204,3204,38.095237731933594,35,30.000001907348633,28.571430206298828,5,4.761904716491699,4.761904716491699,4.761904716491699,5.587461471557617,8589934592,2147483648,5947211776,407961600
207,1772008756313,3204,3204,3204,3204,3204,3204,3204,3204,38.095237731933594,35,30.000001907348633,25,0,0,0,0,5.587461471557617,8589934592,2147483648,5947228160,407961600
204,1772008756521,3204,3204,3204,3204,3204,3204,3204,3204,38.095237731933594,42.85714340209961,38.095237731933594,35,0,4.761904716491699,0,0,5.587461471557617,8589934592,2147483648,5948948480,407961600
209,1772008756726,3204,3204,3204,3204,3204,3204,3204,3204,31.57894515991211,30.000001907348633,25,23.809524536132813,0,0,0,0,5.664956569671631,8589934592,2147483648,5948522496,407961600
209,1772008756936,3204,3204,3204,3204,3204,3204,3204,3204,42.85714340209961,33.333335876464844,33.333335876464844,30.000001907348633,4.761904716491699,0,0,4.761904716491699,5.664956569671631,8589934592,2147483648,5948522496,407961600
208,1772008757146,3204,3204,3204,3204,3204,3204,3204,3204,31.81818199157715,25,28.571430206298828,22.72727394104004,0,4.761904716491699,4.545454502105713,0,5.664956569671631,8589934592,2147483648,5948506112,407961600
209,1772008757355,3204,3204,3204,3204,3204,3204,3204,3204,36.842105865478516,38.095237731933594,33.333335876464844,30.000001907348633,28.571430206298828,9.523809432983398,0,0,5.664956569671631,8589934592,2147483648,5948506112,407961600
201,1772008757565,3204,3204,3204,3204,3204,3204,3204,3204,40.90909194946289,40.90909194946289,30.000001907348633,36.3636360168457,4.761904716491699,9.523809432983398,0,0,5.664956569671631,8589934592,2147483648,5948506112,407961600
209,1772008757768,3204,3204,3204,3204,3204,3204,3204,3204,25,26.3157901763916,25,21.052631378173828,0,0,0,0,5.3126444816589355,8589934592,2147483648,5945425920,407961600
209,1772008757978,3204,3204,3204,3204,3204,3204,3204,3204,28.571430206298828,28.571430206298828,22.72727394104004,23.809524536132813,0,0,0,0,5.3126444816589355,8589934592,2147483648,5943476224,407961600
209,1772008758187,3204,3204,3204,3204,3204,3204,3204,3204,30.000001907348633,28.571430206298828,28.571430206298828,23.809524536132813,4.761904716491699,4.761904716491699,0,0,5.3126444816589355,8589934592,2147483648,5939462144,407961600
206,1772008758397,3204,3204,3204,3204,3204,3204,3204,3204,33.333335876464844,31.81818199157715,20,20,0,0,0,0,5.3126444816589355,8589934592,2147483648,5939478528,407961600
203,1772008758605,3204,3204,3204,3204,3204,3204,3204,3204,33.333335876464844,30.000001907348633,20,18.18181800842285,0,0,0,0,5.3126444816589355,8589934592,2147483648,5939314688,407961600
199,1772008758808,3204,3204,3204,3204,3204,3204,3204,3204,35,35,33.333335876464844,26.3157901763916,9.090909004211426,4.761904716491699,4.761904716491699,0,5.561540603637695,8589934592,2147483648,5939380224,407961600
205,1772008759009,3204,3204,3204,3204,3204,3204,3204,3204,36.842105865478516,30.000001907348633,25,33.333335876464844,0,21.052631378173828,0,0,5.561540603637695,8589934592,2147483648,5939412992,407961600
207,1772008759215,3204,3204,3204,3204,3204,3204,3204,3204,33.333335876464844,25,28.571430206298828,20,4.761904716491699,4.761904716491699,0,0,5.561540603637695,8589934592,2147483648,5939888128,407961600
209,1772008759423,3204,3204,3204,3204,3204,3204,3204,3204,47.619049072265625,38.095237731933594,35,36.3636360168457,9.523809432983398,9.523809432983398,0,4.761904716491699,5.561540603637695,8589934592,2147483648,5949505536,407961600
203,1772008759633,3204,3204,3204,3204,3204,3204,3204,3204,28.571430206298828,23.809524536132813,23.809524536132813,20,20,15.000000953674316,0,0,5.08261251449585,8589934592,2147483648,5941280768,407961600
203,1772008759838,3204,3204,3204,3204,3204,3204,3204,3204,38.095237731933594,31.57894515991211,28.571430206298828,30.000001907348633,0,0,0,0,5.08261251449585,8589934592,2147483648,5940346880,407961600
203,1772008760042,3204,3204,3204,3204,3204,3204,3204,3204,26.3157901763916,28.571430206298828,25,15.000000953674316,0,0,0,0,5.08261251449585,8589934592,2147483648,5940330496,407961600
201,1772008760246,3204,3204,3204,3204,3204,3204,3204,3204,33.333335876464844,30.000001907348633,30.000001907348633,25,4.761904716491699,0,0,0,5.08261251449585,8589934592,2147483648,5940002816,407961600
205,1772008760449,3204,3204,3204,3204,3204,3204,3204,3204,26.3157901763916,33.333335876464844,31.57894515991211,23.809524536132813,0,4.761904716491699,0,0,5.08261251449585,8589934592,2147483648,5939396608,407961600
206,1772008760655,3204,3204,3204,3204,3204,3204,3204,3204,33.333335876464844,30.000001907348633,19.047618865966797,15.789472579956055,0,0,0,0,5.40043830871582,8589934592,2147483648,5939412992,407961600
208,1772008760862,3204,3204,3204,3204,3204,3204,3204,3204,33.333335876464844,23.809524536132813,33.333335876464844,28.571430206298828,4.761904716491699,0,0,0,5.40043830871582,8589934592,2147483648,5939314688,407961600
209,1772008761071,3204,3204,3204,3204,3204,3204,3204,3204,35,33.333335876464844,25,27.272727966308594,0,0,0,0,5.40043830871582,8589934592,2147483648,5939478528,407961600
201,1772008761281,3204,3204,3204,3204,3204,3204,3204,3204,33.333335876464844,30.000001907348633,23.809524536132813,20,0,0,0,0,5.40043830871582,8589934592,2147483648,5940314112,407961600
209,1772008761483,3204,3204,3204,3204,3204,3204,3204,3204,40,45,40,35,4.761904716491699,4.761904716491699,4.761904716491699,0,5.40043830871582,8589934592,2147483648,5940609024,407961600
209,1772008761693,3204,3204,3204,3204,3204,3204,3204,3204,33.333335876464844,33.333335876464844,28.571430206298828,31.81818199157715,21.052631378173828,23.809524536132813,4.761904716491699,14.285715103149414,5.236374378204346,8589934592,2147483648,5940789248,407961600
208,1772008761904,3204,3204,3204,3204,3204,3204,3204,3204,25,20,28.571430206298828,15.000000953674316,9.090909004211426,0,4.761904716491699,0,5.236374378204346,8589934592,2147483648,5940756480,407961600
201,1772008762113,3204,3204,3204,3204,3204,3204,3204,3204,27.272727966308594,27.272727966308594,23.809524536132813,20,0,0,0,0,5.236374378204346,8589934592,2147483648,5940740096,407961600
209,1772008762316,3204,3204,3204,3204,3204,3204,3204,3204,35,20,25,23.809524536132813,0,0,0,0,5.236374378204346,8589934592,2147483648,5940740096,407961600
207,1772008762526,3204,3204,3204,3204,3204,3204,3204,3204,35,35,33.333335876464844,31.81818199157715,4.545454502105713,4.545454502105713,0,0,5.236374378204346,8589934592,2147483648,5940772864,407961600
203,1772008762734,3204,3204,3204,3204,3204,3204,3204,3204,28.571430206298828,28.571430206298828,23.809524536132813,15.789472579956055,0,0,0,0,5.390240669250488,8589934592,2147483648,5940772864,407961600
208,1772008762938,3204,3204,3204,3204,3204,3204,3204,3204,38.095237731933594,25,20,19.047618865966797,0,0,0,0,5.390240669250488,8589934592,2147483648,5940314112,407961600
203,1772008763147,3204,3204,3204,3204,3204,3204,3204,3204,25,27.272727966308594,28.571430206298828,25,0,0,0,0,5.390240669250488,8589934592,2147483648,5934727168,407961600
201,1772008763351,3204,3204,3204,3204,3204,3204,3204,3204,31.57894515991211,31.57894515991211,26.3157901763916,23.809524536132813,0,0,0,0,5.390240669250488,8589934592,2147483648,5934743552,407961600
209,1772008763553,3204,3204,3204,3204,3204,3204,3204,3204,33.333335876464844,25,23.809524536132813,20,0,0,0,0,5.390240669250488,8589934592,2147483648,5934727168,407961600
204,1772008763763,3204,3204,3204,3204,3204,3204,3204,3204,38.095237731933594,36.3636360168457,38.095237731933594,30.000001907348633,22.72727394104004,19.047618865966797,4.761904716491699,4.545454502105713,5.257426738739014,8589934592,2147483648,5943607296,407961600
209,1772008763967,3204,3204,3204,3204,3204,3204,3204,3204,40,31.57894515991211,30.000001907348633,36.3636360168457,5.263157844543457,38.095237731933594,0,0,5.257426738739014,8589934592,2147483648,5934956544,407961600
202,1772008764177,3204,3204,3204,3204,3204,3204,3204,3204,36.3636360168457,33.333335876464844,28.571430206298828,30.000001907348633,0,0,0,0,5.257426738739014,8589934592,2147483648,5934989312,407961600
209,1772008764380,3204,3204,3204,3204,3204,3204,3204,3204,31.57894515991211,30.000001907348633,30.000001907348633,25,4.761904716491699,0,0,0,5.257426738739014,8589934592,2147483648,5935087616,407961600
199,1772008764590,3204,3204,3204,3204,3204,3204,3204,3204,33.333335876464844,28.571430206298828,28.571430206298828,28.571430206298828,0,4.761904716491699,0,0,5.257426738739014,8589934592,2147483648,5935497216,407961600
209,1772008764790,3204,3204,3204,3204,3204,3204,3204,3204,36.842105865478516,40,35,35,0,0,0,0,5.051858425140381,8589934592,2147483648,5935628288,407961600
203,1772008765000,3204,3204,3204,3204,3204,3204,3204,3204,31.81818199157715,28.571430206298828,20,23.809524536132813,0,0,0,0,5.051858425140381,8589934592,2147483648,5935644672,407961600
208,1772008765205,3204,3204,3204,3204,3204,3204,3204,3204,21.052631378173828,26.3157901763916,20,20,4.761904716491699,0,4.761904716491699,0,5.051858425140381,8589934592,2147483648,5935579136,407961600
207,1772008765413,3204,3204,3204,3204,3204,3204,3204,3204,38.095237731933594,31.81818199157715,31.81818199157715,28.571430206298828,0,0,0,0,5.051858425140381,8589934592,2147483648,5935169536,407961600
208,1772008765621,3204,3204,3204,3204,3204,3204,3204,3204,31.81818199157715,25,30.000001907348633,23.809524536132813,4.761904716491699,4.761904716491699,0,0,5.051858425140381,8589934592,2147483648,5935054848,407961600
203,1772008765830,3204,3204,3204,3204,3204,3204,3204,3204,35,33.333335876464844,30.000001907348633,25,5,0,4.761904716491699,0,5.495574951171875,8589934592,2147483648,5945556992,407961600
208,1772008766034,3204,3204,3204,3204,3204,3204,3204,3204,35,33.333335876464844,36.3636360168457,28.571430206298828,20,15.000000953674316,4.761904716491699,9.090909004211426,5.495574951171875,8589934592,2147483648,5935202304,407961600
203,1772008766243,3204,3204,3204,3204,3204,3204,3204,3204,33.333335876464844,25,25,28.571430206298828,4.761904716491699,4.761904716491699,0,0,5.495574951171875,8589934592,2147483648,5935316992,407961600
207,1772008766447,3204,3204,3204,3204,3204,3204,3204,3204,35,33.333335876464844,23.809524536132813,21.052631378173828,0,0,0,0,5.495574951171875,8589934592,2147483648,5935316992,407961600
206,1772008766654,3204,3204,3204,3204,3204,3204,3204,3204,28.571430206298828,30.000001907348633,25,23.809524536132813,4.545454502105713,4.761904716491699,0,0,5.1737380027771,8589934592,2147483648,5935349760,407961600
209,1772008766862,3204,3204,3204,3204,3204,3204,3204,3204,38.095237731933594,33.333335876464844,30.000001907348633,28.571430206298828,0,0,0,0,5.1737380027771,8589934592,2147483648,5908660224,407961600
204,1772008767072,3204,3204,3204,3204,3204,3204,3204,3204,20,20,19.047618865966797,27.272727966308594,0,0,0,0,5.1737380027771,8589934592,2147483648,5908742144,407961600
206,1772008767277,3204,3204,3204,3204,3204,3204,3204,3204,33.333335876464844,28.571430206298828,28.571430206298828,20,0,0,4.761904716491699,0,5.1737380027771,8589934592,2147483648,5908709376,407961600
207,1772008767484,3204,3204,3204,3204,3204,3204,3204,3204,26.3157901763916,30.000001907348633,25,21.052631378173828,0,4.761904716491699,0,0,5.1737380027771,8589934592,2147483648,5908709376,407961600
206,1772008767692,3204,3204,3204,3204,3204,3204,3204,3204,33.333335876464844,28.571430206298828,19.047618865966797,23.809524536132813,4.761904716491699,0,0,0,5.4270524978637695,8589934592,2147483648,5908709376,407961600
205,1772008767898,3204,3204,3204,3204,3204,3204,3204,3204,47.619049072265625,45,45,42.85714340209961,0,0,0,0,5.4270524978637695,8589934592,2147483648,5908709376,407961600
204,1772008768105,3204,3204,3204,3204,3204,3204,3204,3204,60.000003814697266,50,47.619049072265625,55,33.333335876464844,15.000000953674316,4.545454502105713,0,5.4270524978637695,8589934592,2147483648,5914312704,407961600
202,1772008768310,3204,3204,3204,3204,3204,3204,3204,3204,28.571430206298828,36.3636360168457,30.000001907348633,27.272727966308594,0,4.761904716491699,0,0,5.4270524978637695,8589934592,2147483648,5913772032,407961600
209,1772008768513,3204,3204,3204,3204,3204,3204,3204,3204,30.000001907348633,26.3157901763916,25,25,4.761904716491699,0,0,4.761904716491699,5.4270524978637695,8589934592,2147483648,5913772032,407961600
205,1772008768723,3204,3204,3204,3204,3204,3204,3204,3204,33.333335876464844,31.81818199157715,25,20,0,0,0,0,5.2221760749816895,8589934592,2147483648,5913870336,407961600
209,1772008768928,3204,3204,3204,3204,3204,3204,3204,3204,36.842105865478516,35,38.095237731933594,35,0,27.272727966308594,4.761904716491699,0,5.2221760749816895,8589934592,2147483648,5915787264,407961600
206,1772008769139,3204,3204,3204,3204,3204,3204,3204,3204,36.3636360168457,35,36.3636360168457,27.272727966308594,8.69565200805664,0,0,0,5.2221760749816895,8589934592,2147483648,5915639808,407961600
208,1772008769346,3204,3204,3204,3204,3204,3204,3204,3204,30.000001907348633,28.571430206298828,20,20,0,0,0,0,5.2221760749816895,8589934592,2147483648,5916344320,407961600
208,1772008769555,3204,3204,3204,3204,3204,3204,3204,3204,28.571430206298828,23.809524536132813,30.000001907348633,20,0,0,0,0,5.2221760749816895,8589934592,2147483648,5915525120,407961600
207,1772008769763,3204,3204,3204,3204,3204,3204,3204,3204,38.095237731933594,33.333335876464844,31.81818199157715,27.272727966308594,0,0,0,0,5.663041114807129,8589934592,2147483648,5915525120,407961600
208,1772008769971,3204,3204,3204,3204,3204,3204,3204,3204,33.333335876464844,25,30.000001907348633,25,4.761904716491699,4.761904716491699,0,0,5.663041114807129,8589934592,2147483648,5915525120,407961600
209,1772008770180,3204,3204,3204,3204,3204,3204,3204,3204,38.095237731933594,42.85714340209961,33.333335876464844,33.333335876464844,10,14.285715103149414,0,0,5.663041114807129,8589934592,2147483648,5925617664,407961600
205,1772008770390,3204,3204,3204,3204,3204,3204,3204,3204,35,30.000001907348633,28.571430206298828,28.571430206298828,18.18181800842285,14.285715103149414,0,4.545454502105713,5.663041114807129,8589934592,2147483648,5915115520,407961600
205,1772008770597,3204,3204,3204,3204,3204,3204,3204,3204,30.000001907348633,33.333335876464844,23.809524536132813,25,0,0,0,0,5.663041114807129,8589934592,2147483648,5915344896,407961600
201,1772008770803,3204,3204,3204,3204,3204,3204,3204,3204,38.095237731933594,33.333335876464844,26.3157901763916,20,0,0,0,0,5.323337078094482,8589934592,2147483648,5915312128,407961600
205,1772008771005,3204,3204,3204,3204,3204,3204,3204,3204,45,35,33.333335876464844,28.571430206298828,0,0,5,0,5.323337078094482,8589934592,2147483648,5916065792,407961600
202,1772008771211,3204,3204,3204,3204,3204,3204,3204,3204,35,38.095237731933594,30.000001907348633,33.333335876464844,4.761904716491699,4.761904716491699,0,0,5.323337078094482,8589934592,2147483648,5916098560,407961600
206,1772008771414,3204,3204,3204,3204,3204,3204,3204,3204,33.333335876464844,22.22222328186035,28.571430206298828,20,0,0,0,0,5.323337078094482,8589934592,2147483648,5916033024,407961600
208,1772008771621,3204,3204,3204,3204,3204,3204,3204,3204,30.000001907348633,33.333335876464844,26.3157901763916,33.333335876464844,0,4.761904716491699,0,0,5.323337078094482,8589934592,2147483648,5916557312,407961600
209,1772008771830,3204,3204,3204,3204,3204,3204,3204,3204,33.333335876464844,33.333335876464844,27.272727966308594,20,0,0,0,0,5.51490592956543,8589934592,2147483648,5913100288,407961600
199,1772008772040,3204,3204,3204,3204,3204,3204,3204,3204,45,40,42.85714340209961,35,4.545454502105713,4.761904716491699,0,4.545454502105713,5.51490592956543,8589934592,2147483648,5913133056,407961600
209,1772008772240,3204,3204,3204,3204,3204,3204,3204,3204,30.000001907348633,28.571430206298828,21.052631378173828,20,0,0,4.761904716491699,0,5.51490592956543,8589934592,2147483648,5914574848,407961600
199,1772008772450,3204,3204,3204,3204,3204,3204,3204,3204,38.095237731933594,28.571430206298828,36.3636360168457,27.272727966308594,30.000001907348633,20,0,0,5.51490592956543,8589934592,2147483648,5912854528,407961600
204,1772008772651,3204,3204,3204,3204,3204,3204,3204,3204,25,30.000001907348633,21.052631378173828,21.052631378173828,4.761904716491699,0,4.761904716491699,0,5.337245941162109,8589934592,2147483648,5912936448,407961600
209,1772008772856,3204,3204,3204,3204,3204,3204,3204,3204,30.000001907348633,30.000001907348633,28.571430206298828,23.809524536132813,0,0,0,0,5.337245941162109,8589934592,2147483648,5913444352,407961600
200,1772008773066,3204,3204,3204,3204,3204,3204,3204,3204,28.571430206298828,28.571430206298828,23.809524536132813,28.571430206298828,0,4.545454502105713,0,0,5.337245941162109,8589934592,2147483648,5913477120,407961600
204,1772008773267,3204,3204,3204,3204,3204,3204,3204,3204,35,33.333335876464844,30.000001907348633,25,0,0,0,0,5.337245941162109,8589934592,2147483648,5913362432,407961600
207,1772008773473,3204,3204,3204,3204,3204,3204,3204,3204,30.000001907348633,31.57894515991211,25,25,0,0,0,0,5.337245941162109,8589934592,2147483648,5913280512,407961600
206,1772008773681,3204,3204,3204,3204,3204,3204,3204,3204,33.333335876464844,28.571430206298828,28.571430206298828,28.571430206298828,0,4.545454502105713,0,0,5.559329509735107,8589934592,2147483648,5914591232,407961600
209,1772008773888,3204,3204,3204,3204,3204,3204,3204,3204,30.000001907348633,35,30.000001907348633,28.571430206298828,4.761904716491699,15.000000953674316,4.761904716491699,0,5.559329509735107,8589934592,2147483648,5916835840,407961600
202,1772008774098,3204,3204,3204,3204,3204,3204,3204,3204,38.095237731933594,31.81818199157715,30.000001907348633,25,4.545454502105713,9.090909004211426,0,0,5.559329509735107,8589934592,2147483648,5914099712,407961600
206,1772008774301,3204,3204,3204,3204,3204,3204,3204,3204,33.333335876464844,26.3157901763916,20,20,0,0,0,0,5.559329509735107,8589934592,2147483648,5914099712,407961600
209,1772008774507,3204,3204,3204,3204,3204,3204,3204,3204,30.000001907348633,38.095237731933594,28.571430206298828,33.333335876464844,21.052631378173828,14.285715103149414,0,0,5.559329509735107,8589934592,2147483648,5914083328,407961600
203,1772008774718,3204,3204,3204,3204,3204,3204,3204,3204,33.333335876464844,30.000001907348633,28.571430206298828,19.047618865966797,9.090909004211426,10,0,4.545454502105713,5.200509071350098,8589934592,2147483648,5914345472,407961600
209,1772008774921,3204,3204,3204,3204,3204,3204,3204,3204,25,30.000001907348633,25,20,0,0,0,0,5.200509071350098,8589934592,2147483648,5914345472,407961600
205,1772008775131,3204,3204,3204,3204,3204,3204,3204,3204,28.571430206298828,31.81818199157715,23.809524536132813,20,0,0,0,0,5.200509071350098,8589934592,2147483648,5914345472,407961600
208,1772008775338,3204,3204,3204,3204,3204,3204,3204,3204,33.333335876464844,25,19.047618865966797,23.809524536132813,4.545454502105713,0,0,0,5.200509071350098,8589934592,2147483648,5914083328,407961600
207,1772008775547,3204,3204,3204,3204,3204,3204,3204,3204,30.000001907348633,33.333335876464844,28.571430206298828,27.272727966308594,0,0,0,0,5.200509071350098,8589934592,2147483648,5914050560,407961600
207,1772008775755,3204,3204,3204,3204,3204,3204,3204,3204,28.571430206298828,25,25,20,4.545454502105713,0,0,0,5.497168064117432,8589934592,2147483648,5914034176,407961600
208,1772008775963,3204,3204,3204,3204,3204,3204,3204,3204,33.333335876464844,28.571430206298828,23.809524536132813,19.047618865966797,0,0,0,0,5.497168064117432,8589934592,2147483648,5913870336,407961600
202,1772008776171,3204,3204,3204,3204,3204,3204,3204,3204,26.3157901763916,30.000001907348633,28.571430206298828,25,0,0,0,0,5.497168064117432,8589934592,2147483648,5914116096,407961600
209,1772008776374,3204,3204,3204,3204,3204,3204,3204,3204,38.095237731933594,33.333335876464844,35,28.571430206298828,5,4.761904716491699,4.761904716491699,0,5.497168064117432,8589934592,2147483648,5914165248,407961600
209,1772008776584,3204,3204,3204,3204,3204,3204,3204,3204,38.095237731933594,38.095237731933594,38.095237731933594,35,10,14.285715103149414,0,0,5.497168064117432,8589934592,2147483648,5926600704,407961600
201,1772008776794,3204,3204,3204,3204,3204,3204,3204,3204,33.333335876464844,23.809524536132813,28.571430206298828,19.047618865966797,18.18181800842285,14.285715103149414,0,0,5.14872407913208,8589934592,2147483648,5926600704,407961600
206,1772008776997,3204,3204,3204,3204,3204,3204,3204,3204,30.000001907348633,40,26.3157901763916,25,0,0,0,0,5.14872407913208,8589934592,2147483648,5926600704,407961600
209,1772008777204,3204,3204,3204,3204,3204,3204,3204,3204,33.333335876464844,33.333335876464844,38.095237731933594,28.571430206298828,4.761904716491699,0,4.545454502105713,4.761904716491699,5.14872407913208,8589934592,2147483648,5926600704,407961600
207,1772008777413,3204,3204,3204,3204,3204,3204,3204,3204,40,40,33.333335876464844,28.571430206298828,0,4.545454502105713,0,0,5.14872407913208,8589934592,2147483648,5917868032,407961600
201,1772008777621,3204,3204,3204,3204,3204,3204,3204,3204,38.095237731933594,35,35,33.333335876464844,4.761904716491699,0,0,4.761904716491699,5.14872407913208,8589934592,2147483648,5917884416,407961600
206,1772008777823,3204,3204,3204,3204,3204,3204,3204,3204,35,36.3636360168457,36.3636360168457,35,0,4.761904716491699,0,0,5.41599702835083,8589934592,2147483648,5917786112,407961600
206,1772008778031,3204,3204,3204,3204,3204,3204,3204,3204,35,26.3157901763916,26.3157901763916,25,0,0,0,0,5.41599702835083,8589934592,2147483648,5917097984,407961600
206,1772008778238,3204,3204,3204,3204,3204,3204,3204,3204,31.81818199157715,33.333335876464844,23.809524536132813,23.809524536132813,4.761904716491699,0,4.545454502105713,4.761904716491699,5.41599702835083,8589934592,2147483648,5917081600,407961600
205,1772008778444,3204,3204,3204,3204,3204,3204,3204,3204,36.842105865478516,47.619049072265625,40,35,5,5,0,0,5.41599702835083,8589934592,2147483648,5917245440,407961600
207,1772008778651,3204,3204,3204,3204,3204,3204,3204,3204,47.619049072265625,35,47.619049072265625,42.85714340209961,4.761904716491699,0,4.545454502105713,4.761904716491699,5.494568347930908,8589934592,2147483648,5915557888,407961600
209,1772008778858,3204,3204,3204,3204,3204,3204,3204,3204,38.095237731933594,47.619049072265625,33.333335876464844,33.333335876464844,33.333335876464844,22.72727394104004,4.761904716491699,0,5.494568347930908,8589934592,2147483648,5915787264,407961600
209,1772008779069,3204,3204,3204,3204,3204,3204,3204,3204,35,35,30.000001907348633,25,5,15.000000953674316,4.761904716491699,0,5.494568347930908,8589934592,2147483648,5915754496,407961600
208,1772008779279,3204,3204,3204,3204,3204,3204,3204,3204,38.095237731933594,28.571430206298828,31.81818199157715,33.333335876464844,0,0,0,0,5.494568347930908,8589934592,2147483648,5916475392,407961600
208,1772008779488,3204,3204,3204,3204,3204,3204,3204,3204,38.095237731933594,33.333335876464844,30.000001907348633,33.333335876464844,8.69565200805664,9.090909004211426,0,0,5.494568347930908,8589934592,2147483648,5917818880,407961600
207,1772008779696,3204,3204,3204,3204,3204,3204,3204,3204,33.333335876464844,35,33.333335876464844,33.333335876464844,0,0,0,4.545454502105713,5.439673900604248,8589934592,2147483648,5917556736,407961600
203,1772008779905,3204,3204,3204,3204,3204,3204,3204,3204,30.000001907348633,33.333335876464844,30.000001907348633,28.571430206298828,0,0,0,0,5.439673900604248,8589934592,2147483648,5917655040,407961600
204,1772008780109,3204,3204,3204,3204,3204,3204,3204,3204,33.333335876464844,30.000001907348633,33.333335876464844,26.3157901763916,0,4.761904716491699,0,0,5.439673900604248,8589934592,2147483648,5917655040,407961600
209,1772008780313,3204,3204,3204,3204,3204,3204,3204,3204,35,31.81818199157715,20,23.809524536132813,0,0,0,0,5.439673900604248,8589934592,2147483648,5917655040,407961600
203,1772008780524,3204,3204,3204,3204,3204,3204,3204,3204,38.095237731933594,26.3157901763916,33.333335876464844,23.809524536132813,4.545454502105713,0,0,0,5.439673900604248,8589934592,2147483648,5917196288,407961600
208,1772008780728,3204,3204,3204,3204,3204,3204,3204,3204,26.3157901763916,33.333335876464844,20,20,0,0,0,0,5.962951183319092,8589934592,2147483648,5917212672,407961600
206,1772008780938,3204,3204,3204,3204,3204,3204,3204,3204,38.095237731933594,33.333335876464844,38.095237731933594,31.81818199157715,25,5,0,0,5.962951183319092,8589934592,2147483648,5921751040,407961600
208,1772008781145,3204,3204,3204,3204,3204,3204,3204,3204,38.095237731933594,30.000001907348633,23.809524536132813,15.789472579956055,9.523809432983398,14.285715103149414,4.761904716491699,0,5.962951183319092,8589934592,2147483648,5917392896,407961600
207,1772008781355,3204,3204,3204,3204,3204,3204,3204,3204,28.571430206298828,28.571430206298828,23.809524536132813,22.72727394104004,4.545454502105713,0,0,4.761904716491699,5.962951183319092,8589934592,2147483648,5918048256,407961600
203,1772008781563,3204,3204,3204,3204,3204,3204,3204,3204,35,33.333335876464844,38.095237731933594,28.571430206298828,0,0,0,0,5.962951183319092,8589934592,2147483648,5917933568,407961600
203,1772008781767,3204,3204,3204,3204,3204,3204,3204,3204,33.333335876464844,25,26.3157901763916,25,0,5,0,0,5.33246374130249,8589934592,2147483648,5917917184,407961600
205,1772008781971,3204,3204,3204,3204,3204,3204,3204,3204,33.333335876464844,30.000001907348633,25,25,0,0,0,0,5.33246374130249,8589934592,2147483648,5917917184,407961600
209,1772008782177,3204,3204,3204,3204,3204,3204,3204,3204,31.57894515991211,28.571430206298828,31.81818199157715,28.571430206298828,0,0,4.545454502105713,0,5.33246374130249,8589934592,2147483648,5917917184,407961600
209,1772008782387,3204,3204,3204,3204,3204,3204,3204,3204,28.571430206298828,28.571430206298828,25,20,0,0,0,0,5.33246374130249,8589934592,2147483648,5917917184,407961600
208,1772008782597,3204,3204,3204,3204,3204,3204,3204,3204,33.333335876464844,30.000001907348633,28.571430206298828,28.571430206298828,0,0,0,0,5.33246374130249,8589934592,2147483648,5917802496,407961600
202,1772008782806,3204,3204,3204,3204,3204,3204,3204,3204,28.571430206298828,33.333335876464844,25,28.571430206298828,4.545454502105713,0,0,0,5.516490459442139,8589934592,2147483648,5917196288,407961600
209,1772008783009,3204,3204,3204,3204,3204,3204,3204,3204,40,35,30.000001907348633,30.000001907348633,0,20,0,0,5.516490459442139,8589934592,2147483648,5927124992,407961600
199,1772008783220,3204,3204,3204,3204,3204,3204,3204,3204,28.571430206298828,28.571430206298828,31.81818199157715,19.047618865966797,22.72727394104004,18.18181800842285,0,0,5.516490459442139,8589934592,2147483648,5917196288,407961600
207,1772008783420,3204,3204,3204,3204,3204,3204,3204,3204,36.842105865478516,35,31.57894515991211,26.3157901763916,0,0,0,0,5.516490459442139,8589934592,2147483648,5917278208,407961600
206,1772008783628,3204,3204,3204,3204,3204,3204,3204,3204,45.45454788208008,45,40,38.095237731933594,0,0,0,0,5.191937446594238,8589934592,2147483648,5917229056,407961600
208,1772008783834,3204,3204,3204,3204,3204,3204,3204,3204,30.000001907348633,28.571430206298828,28.571430206298828,23.809524536132813,0,0,0,0,5.191937446594238,8589934592,2147483648,5918408704,407961600
209,1772008784043,3204,3204,3204,3204,3204,3204,3204,3204,40,33.333335876464844,28.571430206298828,25,4.761904716491699,23.809524536132813,0,0,5.191937446594238,8589934592,2147483648,5918408704,407961600
202,1772008784253,3204,3204,3204,3204,3204,3204,3204,3204,33.333335876464844,30.000001907348633,28.571430206298828,31.81818199157715,4.761904716491699,0,4.545454502105713,4.545454502105713,5.191937446594238,8589934592,2147483648,5918408704,407961600
209,1772008784457,3204,3204,3204,3204,3204,3204,3204,3204,30.000001907348633,33.333335876464844,25,20,0,0,0,0,5.191937446594238,8589934592,2147483648,5918408704,407961600
207,1772008784667,3204,3204,3204,3204,3204,3204,3204,3204,30.000001907348633,25,31.81818199157715,23.809524536132813,0,4.545454502105713,0,0,5.637507915496826,8589934592,2147483648,5919227904,407961600
208,1772008784875,3204,3204,3204,3204,3204,3204,3204,3204,31.81818199157715,33.333335876464844,20,25,4.545454502105713,0,0,0,5.637507915496826,8589934592,2147483648,5919277056,407961600
206,1772008785084,3204,3204,3204,3204,3204,3204,3204,3204,38.095237731933594,33.333335876464844,30.000001907348633,28.571430206298828,0,0,0,0,5.637507915496826,8589934592,2147483648,5918834688,407961600
202,1772008785291,3204,3204,3204,3204,3204,3204,3204,3204,35,33.333335876464844,36.3636360168457,36.3636360168457,20,9.090909004211426,4.761904716491699,0,5.637507915496826,8589934592,2147483648,5917409280,407961600
208,1772008785494,3204,3204,3204,3204,3204,3204,3204,3204,33.333335876464844,31.57894515991211,26.3157901763916,21.052631378173828,18.18181800842285,5,5,0,5.637507915496826,8589934592,2147483648,5917409280,407961600
206,1772008785703,3204,3204,3204,3204,3204,3204,3204,3204,30.000001907348633,28.571430206298828,28.571430206298828,30.000001907348633,0,0,0,0,5.447328567504883,8589934592,2147483648,5917949952,407961600
206,1772008785910,3204,3204,3204,3204,3204,3204,3204,3204,35,36.3636360168457,28.571430206298828,23.809524536132813,0,5,0,4.761904716491699,5.447328567504883,8589934592,2147483648,5918474240,407961600
208,1772008786117,3204,3204,3204,3204,3204,3204,3204,3204,33.333335876464844,31.57894515991211,25,28.571430206298828,0,0,0,0,5.447328567504883,8589934592,2147483648,5918375936,407961600
201,1772008786326,3204,3204,3204,3204,3204,3204,3204,3204,36.842105865478516,36.3636360168457,33.333335876464844,28.571430206298828,0,0,0,0,5.447328567504883,8589934592,2147483648,5918851072,407961600
208,1772008786529,3204,3204,3204,3204,3204,3204,3204,3204,40.90909194946289,31.57894515991211,25,25,4.761904716491699,0,0,0,5.447328567504883,8589934592,2147483648,5918851072,407961600
206,1772008786738,3204,3204,3204,3204,3204,3204,3204,3204,30.000001907348633,33.333335876464844,28.571430206298828,25,0,4.545454502105713,4.545454502105713,0,5.586759567260742,8589934592,2147483648,5918801920,407961600
205,1772008786945,3204,3204,3204,3204,3204,3204,3204,3204,33.333335876464844,28.571430206298828,23.809524536132813,23.809524536132813,4.761904716491699,0,0,0,5.586759567260742,8589934592,2147483648,5918834688,407961600
203,1772008787151,3204,3204,3204,3204,3204,3204,3204,3204,28.571430206298828,30.000001907348633,26.3157901763916,23.809524536132813,0,0,0,0,5.586759567260742,8589934592,2147483648,5918834688,407961600
208,1772008787355,3204,3204,3204,3204,3204,3204,3204,3204,40,35,33.333335876464844,30.000001907348633,20,10,4.761904716491699,15.000000953674316,5.586759567260742,8589934592,2147483648,5918834688,407961600
202,1772008787563,3204,3204,3204,3204,3204,3204,3204,3204,38.095237731933594,38.095237731933594,30.000001907348633,25,9.523809432983398,9.523809432983398,0,4.545454502105713,5.586759567260742,8589934592,2147483648,5918834688,407961600
204,1772008787766,3204,3204,3204,3204,3204,3204,3204,3204,31.57894515991211,35,36.3636360168457,28.571430206298828,0,0,0,0,5.429121494293213,8589934592,2147483648,5918982144,407961600
199,1772008787971,3204,3204,3204,3204,3204,3204,3204,3204,33.333335876464844,35,30.000001907348633,28.571430206298828,0,0,0,0,5.429121494293213,8589934592,2147483648,5918818304,407961600
204,1772008788171,3204,3204,3204,3204,3204,3204,3204,3204,36.842105865478516,25,26.3157901763916,26.3157901763916,4.761904716491699,9.523809432983398,0,0,5.429121494293213,8589934592,2147483648,5918441472,407961600
200,1772008788376,3204,3204,3204,3204,3204,3204,3204,3204,35,35,33.333335876464844,25,0,0,4.761904716491699,0,5.429121494293213,8589934592,2147483648,5918441472,407961600
204,1772008788577,3204,3204,3204,3204,3204,3204,3204,3204,33.333335876464844,33.333335876464844,25,25,5,0,0,0,5.429121494293213,8589934592,2147483648,5919358976,407961600
209,1772008788783,3204,3204,3204,3204,3204,3204,3204,3204,30.000001907348633,30.000001907348633,30.000001907348633,25,0,0,0,0,5.517543792724609,8589934592,2147483648,5919309824,407961600
209,1772008788993,3204,3204,3204,3204,3204,3204,3204,3204,28.571430206298828,33.333335876464844,28.571430206298828,27.272727966308594,4.761904716491699,23.809524536132813,0,0,5.517543792724609,8589934592,2147483648,5917573120,407961600
209,1772008789203,3204,3204,3204,3204,3204,3204,3204,3204,28.571430206298828,28.571430206298828,23.809524536132813,20,0,0,0,4.545454502105713,5.517543792724609,8589934592,2147483648,5917655040,407961600
209,1772008789413,3204,3204,3204,3204,3204,3204,3204,3204,35,35,28.571430206298828,31.81818199157715,9.523809432983398,5,4.545454502105713,0,5.517543792724609,8589934592,2147483648,5926027264,407961600
201,1772008789623,3204,3204,3204,3204,3204,3204,3204,3204,47.619049072265625,40.90909194946289,38.095237731933594,30.000001907348633,19.047618865966797,22.72727394104004,4.545454502105713,0,5.517543792724609,8589934592,2147483648,5926027264,407961600
209,1772008789825,3204,3204,3204,3204,3204,3204,3204,3204,30.000001907348633,31.57894515991211,26.3157901763916,23.809524536132813,0,0,0,0,5.29334020614624,8589934592,2147483648,5917130752,407961600
206,1772008790035,3204,3204,3204,3204,3204,3204,3204,3204,31.81818199157715,23.809524536132813,31.81818199157715,20,0,0,0,0,5.29334020614624,8589934592,2147483648,5916672000,407961600
207,1772008790242,3204,3204,3204,3204,3204,3204,3204,3204,30.000001907348633,28.571430206298828,20,19.047618865966797,4.761904716491699,4.761904716491699,0,4.761904716491699,5.29334020614624,8589934592,2147483648,5916688384,407961600
209,1772008790450,3204,3204,3204,3204,3204,3204,3204,3204,30.000001907348633,20,20,23.809524536132813,0,0,0,0,5.29334020614624,8589934592,2147483648,5916753920,407961600
209,1772008790660,3204,3204,3204,3204,3204,3204,3204,3204,28.571430206298828,30.000001907348633,28.571430206298828,25,4.545454502105713,0,0,0,5.620543956756592,8589934592,2147483648,5917147136,407961600
209,1772008790870,3204,3204,3204,3204,3204,3204,3204,3204,33.333335876464844,40.90909194946289,33.333335876464844,28.571430206298828,4.761904716491699,4.761904716491699,0,4.761904716491699,5.620543956756592,8589934592,2147483648,5917982720,407961600
209,1772008791080,3204,3204,3204,3204,3204,3204,3204,3204,35,28.571430206298828,23.809524536132813,23.809524536132813,0,0,0,0,5.620543956756592,8589934592,2147483648,5917982720,407961600
206,1772008791290,3204,3204,3204,3204,3204,3204,3204,3204,33.333335876464844,33.333335876464844,33.333335876464844,31.81818199157715,0,4.545454502105713,4.545454502105713,0,5.620543956756592,8589934592,2147483648,5918359552,407961600
207,1772008791497,3204,3204,3204,3204,3204,3204,3204,3204,38.095237731933594,30.000001907348633,25,25,4.761904716491699,0,0,0,5.620543956756592,8589934592,2147483648,5917999104,407961600
209,1772008791705,3204,3204,3204,3204,3204,3204,3204,3204,33.333335876464844,38.095237731933594,33.333335876464844,25,23.809524536132813,14.285715103149414,0,9.523809432983398,5.430675029754639,8589934592,2147483648,5917343744,407961600
201,1772008791916,3204,3204,3204,3204,3204,3204,3204,3204,40,38.095237731933594,38.095237731933594,33.333335876464844,4.761904716491699,9.090909004211426,4.545454502105713,0,5.430675029754639,8589934592,2147483648,5917343744,407961600
207,1772008792118,3204,3204,3204,3204,3204,3204,3204,3204,33.333335876464844,30.000001907348633,28.571430206298828,23.809524536132813,4.761904716491699,0,0,0,5.430675029754639,8589934592,2147483648,5917327360,407961600
203,1772008792326,3204,3204,3204,3204,3204,3204,3204,3204,30.000001907348633,35,31.57894515991211,26.3157901763916,0,0,0,0,5.430675029754639,8589934592,2147483648,5917442048,407961600
208,1772008792530,3204,3204,3204,3204,3204,3204,3204,3204,30.000001907348633,30.000001907348633,28.571430206298828,25,0,0,0,4.761904716491699,5.430675029754639,8589934592,2147483648,5917523968,407961600
207,1772008792739,3204,3204,3204,3204,3204,3204,3204,3204,38.095237731933594,28.571430206298828,33.333335876464844,27.272727966308594,0,0,0,0,5.51258659362793,8589934592,2147483648,5917523968,407961600
203,1772008792947,3204,3204,3204,3204,3204,3204,3204,3204,25,33.333335876464844,25,20,4.761904716491699,0,0,0,5.51258659362793,8589934592,2147483648,5917196288,407961600
203,1772008793151,3204,3204,3204,3204,3204,3204,3204,3204,38.095237731933594,30.000001907348633,30.000001907348633,25,0,0,0,0,5.51258659362793,8589934592,2147483648,5917114368,407961600
208,1772008793354,3204,3204,3204,3204,3204,3204,3204,3204,30.000001907348633,33.333335876464844,25,31.81818199157715,0,4.761904716491699,0,0,5.51258659362793,8589934592,2147483648,5919129600,407961600
209,1772008793563,3204,3204,3204,3204,3204,3204,3204,3204,28.571430206298828,25,31.81818199157715,25,0,0,0,0,5.51258659362793,8589934592,2147483648,5918162944,407961600
208,1772008793773,3204,3204,3204,3204,3204,3204,3204,3204,35,38.095237731933594,25,28.571430206298828,14.285715103149414,5.263157844543457,21.7391300201416,4.761904716491699,5.42940092086792,8589934592,2147483648,5928402944,407961600
209,1772008793982,3204,3204,3204,3204,3204,3204,3204,3204,38.095237731933594,33.333335876464844,38.095237731933594,28.571430206298828,14.285715103149414,34.78260803222656,0,0,5.42940092086792,8589934592,2147483648,5918343168,407961600
208,1772008794192,3204,3204,3204,3204,3204,3204,3204,3204,42.85714340209961,42.85714340209961,38.095237731933594,35,4.761904716491699,0,0,0,5.42940092086792,8589934592,2147483648,5918752768,407961600
201,1772008794401,3204,3204,3204,3204,3204,3204,3204,3204,35,30.000001907348633,30.000001907348633,28.571430206298828,4.761904716491699,4.545454502105713,0,0,5.42940092086792,8589934592,2147483648,5918785536,407961600
202,1772008794604,3204,3204,3204,3204,3204,3204,3204,3204,33.333335876464844,30.000001907348633,25,28.571430206298828,4.761904716491699,0,0,0,5.42940092086792,8589934592,2147483648,5918801920,407961600
205,1772008794807,3204,3204,3204,3204,3204,3204,3204,3204,35,30.000001907348633,23.809524536132813,20,0,0,0,0,5.2363457679748535,8589934592,2147483648,5918736384,407961600
207,1772008795013,3204,3204,3204,3204,3204,3204,3204,3204,33.333335876464844,33.333335876464844,25,25,0,0,4.761904716491699,0,5.2363457679748535,8589934592,2147483648,5917851648,407961600
204,1772008795221,3204,3204,3204,3204,3204,3204,3204,3204,25,30.000001907348633,25,19.047618865966797,0,0,0,0,5.2363457679748535,8589934592,2147483648,5917933568,407961600
205,1772008795426,3204,3204,3204,3204,3204,3204,3204,3204,35,25,28.571430206298828,20,0,0,0,0,5.2363457679748535,8589934592,2147483648,5917982720,407961600
200,1772008795633,3204,3204,3204,3204,3204,3204,3204,3204,28.571430206298828,25,28.571430206298828,25,5,4.761904716491699,0,4.545454502105713,5.855004787445068,8589934592,2147483648,5917999104,407961600
209,1772008795834,3204,3204,3204,3204,3204,3204,3204,3204,42.105262756347656,38.095237731933594,35,30.000001907348633,0,5,0,0,5.855004787445068,8589934592,2147483648,5926961152,407961600
205,1772008796044,3204,3204,3204,3204,3204,3204,3204,3204,38.095237731933594,33.333335876464844,30.000001907348633,31.81818199157715,19.047618865966797,19.047618865966797,0,0,5.855004787445068,8589934592,2147483648,5918457856,407961600
204,1772008796250,3204,3204,3204,3204,3204,3204,3204,3204,38.095237731933594,40,28.571430206298828,25,9.523809432983398,4.761904716491699,4.761904716491699,0,5.855004787445068,8589934592,2147483648,5917851648,407961600
206,1772008796455,3204,3204,3204,3204,3204,3204,3204,3204,50,47.619049072265625,45,45,0,0,0,0,5.855004787445068,8589934592,2147483648,5918212096,407961600
208,1772008796662,3204,3204,3204,3204,3204,3204,3204,3204,28.571430206298828,25,20,19.047618865966797,4.761904716491699,0,0,0,5.2596435546875,8589934592,2147483648,5918228480,407961600
208,1772008796871,3204,3204,3204,3204,3204,3204,3204,3204,33.333335876464844,33.333335876464844,31.81818199157715,33.333335876464844,0,0,0,0,5.2596435546875,8589934592,2147483648,5918261248,407961600
200,1772008797080,3204,3204,3204,3204,3204,3204,3204,3204,50,50,50,45,0,0,0,0,5.2596435546875,8589934592,2147483648,5919195136,407961600
206,1772008797281,3204,3204,3204,3204,3204,3204,3204,3204,38.095237731933594,40,35,33.333335876464844,0,0,0,0,5.2596435546875,8589934592,2147483648,5921226752,407961600
209,1772008797488,3204,3204,3204,3204,3204,3204,3204,3204,30.000001907348633,33.333335876464844,23.809524536132813,25,0,0,0,0,5.2596435546875,8589934592,2147483648,5919211520,407961600
204,1772008797698,3204,3204,3204,3204,3204,3204,3204,3204,28.571430206298828,28.571430206298828,28.571430206298828,25,4.545454502105713,4.545454502105713,0,0,5.6867594718933105,8589934592,2147483648,5918703616,407961600
209,1772008797903,3204,3204,3204,3204,3204,3204,3204,3204,35,28.571430206298828,33.333335876464844,28.571430206298828,0,0,0,4.545454502105713,5.6867594718933105,8589934592,2147483648,5918703616,407961600
205,1772008798113,3204,3204,3204,3204,3204,3204,3204,3204,45.45454788208008,45,36.842105865478516,33.333335876464844,19.047618865966797,23.809524536132813,9.523809432983398,0,5.6867594718933105,8589934592,2147483648,5918605312,407961600
209,1772008798318,3204,3204,3204,3204,3204,3204,3204,3204,33.333335876464844,35,36.3636360168457,35,9.523809432983398,5,4.761904716491699,0,5.6867594718933105,8589934592,2147483648,5919997952,407961600
206,1772008798529,3204,3204,3204,3204,3204,3204,3204,3204,36.3636360168457,36.3636360168457,30.000001907348633,28.571430206298828,0,0,0,0,5.6867594718933105,8589934592,2147483648,5920669696,407961600
208,1772008798736,3204,3204,3204,3204,3204,3204,3204,3204,38.095237731933594,35,33.333335876464844,28.571430206298828,0,0,0,0,5.583722114562988,8589934592,2147483648,5920964608,407961600
209,1772008798944,3204,3204,3204,3204,3204,3204,3204,3204,28.571430206298828,33.333335876464844,25,28.571430206298828,4.761904716491699,27.272727966308594,0,4.761904716491699,5.583722114562988,8589934592,2147483648,5920571392,407961600
209,1772008799155,3204,3204,3204,3204,3204,3204,3204,3204,30.000001907348633,28.571430206298828,27.272727966308594,28.571430206298828,0,0,0,0,5.583722114562988,8589934592,2147483648,5920587776,407961600
205,1772008799365,3204,3204,3204,3204,3204,3204,3204,3204,33.333335876464844,25,33.333335876464844,23.809524536132813,0,4.761904716491699,4.545454502105713,0,5.583722114562988,8589934592,2147483648,5921636352,407961600
209,1772008799571,3204,3204,3204,3204,3204,3204,3204,3204,33.333335876464844,33.333335876464844,25,25,0,0,0,0,5.583722114562988,8589934592,2147483648,5921619968,407961600
203,1772008799781,3204,3204,3204,3204,3204,3204,3204,3204,33.333335876464844,33.333335876464844,28.571430206298828,23.809524536132813,9.090909004211426,0,0,4.545454502105713,5.503625392913818,8589934592,2147483648,5921603584,407961600
200,1772008799985,3204,3204,3204,3204,3204,3204,3204,3204,31.57894515991211,35,25,28.571430206298828,0,0,0,0,5.503625392913818,8589934592,2147483648,5921095680,407961600
209,1772008800186,3204,3204,3204,3204,3204,3204,3204,3204,65,70,55,57.894737243652344,10,15.000000953674316,0,5,5.503625392913818,8589934592,2147483648,5947097088,407961600
203,1772008800397,3204,3204,3204,3204,3204,3204,3204,3204,40.90909194946289,33.333335876464844,33.333335876464844,33.333335876464844,19.047618865966797,9.523809432983398,4.545454502105713,0,5.503625392913818,8589934592,2147483648,5934792704,407961600
209,1772008800601,3204,3204,3204,3204,3204,3204,3204,3204,45,40,40,38.095237731933594,0,0,0,0,5.503625392913818,8589934592,2147483648,5935169536,407961600
206,1772008800811,3204,3204,3204,3204,3204,3204,3204,3204,38.095237731933594,38.095237731933594,40,28.571430206298828,4.761904716491699,4.545454502105713,0,0,5.200559616088867,8589934592,2147483648,5936480256,407961600
205,1772008801019,3204,3204,3204,3204,3204,3204,3204,3204,40,35,33.333335876464844,28.571430206298828,0,0,0,0,5.200559616088867,8589934592,2147483648,5936480256,407961600
209,1772008801224,3204,3204,3204,3204,3204,3204,3204,3204,40,38.095237731933594,33.333335876464844,31.57894515991211,0,0,0,0,5.200559616088867,8589934592,2147483648,5936709632,407961600
209,1772008801434,3204,3204,3204,3204,3204,3204,3204,3204,38.095237731933594,38.095237731933594,35,38.095237731933594,4.761904716491699,4.761904716491699,0,4.761904716491699,5.200559616088867,8589934592,2147483648,5936185344,407961600
206,1772008801644,3204,3204,3204,3204,3204,3204,3204,3204,38.095237731933594,40,31.81818199157715,28.571430206298828,0,0,0,0,5.623591423034668,8589934592,2147483648,5936185344,407961600
208,1772008801850,3204,3204,3204,3204,3204,3204,3204,3204,38.095237731933594,33.333335876464844,35,35,0,0,0,0,5.623591423034668,8589934592,2147483648,5936185344,407961600
207,1772008802059,3204,3204,3204,3204,3204,3204,3204,3204,35,38.095237731933594,33.333335876464844,25,0,0,0,0,5.623591423034668,8589934592,2147483648,5936185344,407961600
209,1772008802267,3204,3204,3204,3204,3204,3204,3204,3204,25,25,30.000001907348633,22.72727394104004,5,4.761904716491699,9.090909004211426,0,5.623591423034668,8589934592,2147483648,5937512448,407961600
205,1772008802478,3204,3204,3204,3204,3204,3204,3204,3204,28.571430206298828,27.272727966308594,23.809524536132813,25,22.72727394104004,22.72727394104004,0,13.636363983154297,5.623591423034668,8589934592,2147483648,5931663360,407961600
203,1772008802684,3204,3204,3204,3204,3204,3204,3204,3204,33.333335876464844,31.57894515991211,33.333335876464844,23.809524536132813,0,0,0,0,5.387627601623535,8589934592,2147483648,5931663360,407961600
209,1772008802888,3204,3204,3204,3204,3204,3204,3204,3204,33.333335876464844,31.81818199157715,25,25,0,0,0,0,5.387627601623535,8589934592,2147483648,5931597824,407961600
205,1772008803098,3204,3204,3204,3204,3204,3204,3204,3204,30.000001907348633,31.57894515991211,33.333335876464844,27.272727966308594,0,0,0,0,5.387627601623535,8589934592,2147483648,5928943616,407961600
204,1772008803305,3204,3204,3204,3204,3204,3204,3204,3204,25,28.571430206298828,25,25,0,0,0,0,5.387627601623535,8589934592,2147483648,5929156608,407961600
202,1772008803510,3204,3204,3204,3204,3204,3204,3204,3204,33.333335876464844,25,23.809524536132813,23.809524536132813,4.761904716491699,0,4.545454502105713,0,5.387627601623535,8589934592,2147483648,5929189376,407961600
207,1772008803713,3204,3204,3204,3204,3204,3204,3204,3204,30.000001907348633,33.333335876464844,30.000001907348633,21.052631378173828,0,0,0,0,5.386888027191162,8589934592,2147483648,5928943616,407961600
203,1772008803921,3204,3204,3204,3204,3204,3204,3204,3204,38.095237731933594,33.333335876464844,30.000001907348633,27.272727966308594,0,14.285715103149414,0,0,5.386888027191162,8589934592,2147483648,5929369600,407961600
206,1772008804124,3204,3204,3204,3204,3204,3204,3204,3204,30.000001907348633,25,28.571430206298828,25,4.761904716491699,10,0,0,5.386888027191162,8589934592,2147483648,5928271872,407961600
205,1772008804331,3204,3204,3204,3204,3204,3204,3204,3204,35,31.57894515991211,35,30.000001907348633,4.761904716491699,4.761904716491699,0,0,5.386888027191162,8589934592,2147483648,5928239104,407961600
199,1772008804538,3204,3204,3204,3204,3204,3204,3204,3204,47.619049072265625,45.45454788208008,40,38.095237731933594,25,10,4.761904716491699,14.285715103149414,5.386888027191162,8589934592,2147483648,5928681472,407961600
207,1772008804738,3204,3204,3204,3204,3204,3204,3204,3204,31.57894515991211,30.000001907348633,33.333335876464844,30.000001907348633,5,5,0,0,5.085160732269287,8589934592,2147483648,5928681472,407961600
207,1772008804947,3204,3204,3204,3204,3204,3204,3204,3204,31.81818199157715,30.000001907348633,33.333335876464844,20,4.545454502105713,8.69565200805664,4.545454502105713,4.761904716491699,5.085160732269287,8589934592,2147483648,5928681472,407961600
209,1772008805155,3204,3204,3204,3204,3204,3204,3204,3204,33.333335876464844,33.333335876464844,25,25,0,0,0,0,5.085160732269287,8589934592,2147483648,5928681472,407961600
209,1772008805365,3204,3204,3204,3204,3204,3204,3204,3204,35,30.000001907348633,36.3636360168457,27.272727966308594,0,0,0,0,5.085160732269287,8589934592,2147483648,5928091648,407961600
204,1772008805575,3204,3204,3204,3204,3204,3204,3204,3204,30.000001907348633,33.333335876464844,30.000001907348633,28.571430206298828,0,4.761904716491699,0,0,5.085160732269287,8589934592,2147483648,5928304640,407961600
208,1772008805780,3204,3204,3204,3204,3204,3204,3204,3204,28.571430206298828,28.571430206298828,25,20,4.761904716491699,0,0,0,5.514563083648682,8589934592,2147483648,5928288256,407961600
209,1772008805989,3204,3204,3204,3204,3204,3204,3204,3204,33.333335876464844,25,28.571430206298828,23.809524536132813,0,0,0,0,5.514563083648682,8589934592,2147483648,5928288256,407961600
209,1772008806199,3204,3204,3204,3204,3204,3204,3204,3204,28.571430206298828,33.333335876464844,30.000001907348633,23.809524536132813,0,0,0,0,5.514563083648682,8589934592,2147483648,5928288256,407961600
207,1772008806409,3204,3204,3204,3204,3204,3204,3204,3204,40,36.3636360168457,31.81818199157715,23.809524536132813,0,0,0,0,5.514563083648682,8589934592,2147483648,5928534016,407961600
209,1772008806617,3204,3204,3204,3204,3204,3204,3204,3204,42.85714340209961,45,30.000001907348633,33.333335876464844,18.18181800842285,14.285715103149414,9.090909004211426,0,5.514563083648682,8589934592,2147483648,5938921472,407961600
206,1772008806827,3204,3204,3204,3204,3204,3204,3204,3204,28.571430206298828,33.333335876464844,23.809524536132813,23.809524536132813,14.285715103149414,14.285715103149414,0,0,5.284453392028809,8589934592,2147483648,5928386560,407961600
209,1772008807034,3204,3204,3204,3204,3204,3204,3204,3204,25,25,27.272727966308594,25,0,0,0,0,5.284453392028809,8589934592,2147483648,5928386560,407961600
205,1772008807244,3204,3204,3204,3204,3204,3204,3204,3204,33.333335876464844,36.3636360168457,25,25,4.545454502105713,0,0,4.545454502105713,5.284453392028809,8589934592,2147483648,5928386560,407961600
208,1772008807451,3204,3204,3204,3204,3204,3204,3204,3204,28.571430206298828,25,23.809524536132813,23.809524536132813,0,0,0,0,5.284453392028809,8589934592,2147483648,5928091648,407961600
206,1772008807659,3204,3204,3204,3204,3204,3204,3204,3204,25,25,21.052631378173828,23.809524536132813,0,0,0,0,5.186391830444336,8589934592,2147483648,5928124416,407961600
209,1772008807867,3204,3204,3204,3204,3204,3204,3204,3204,28.571430206298828,28.571430206298828,31.81818199157715,23.809524536132813,0,4.761904716491699,0,0,5.186391830444336,8589934592,2147483648,5928091648,407961600
202,1772008808077,3204,3204,3204,3204,3204,3204,3204,3204,28.571430206298828,33.333335876464844,20,23.809524536132813,0,0,0,0,5.186391830444336,8589934592,2147483648,5928206336,407961600
200,1772008808280,3204,3204,3204,3204,3204,3204,3204,3204,21.052631378173828,25,23.809524536132813,21.052631378173828,0,0,0,0,5.186391830444336,8589934592,2147483648,5930106880,407961600
206,1772008808481,3204,3204,3204,3204,3204,3204,3204,3204,38.095237731933594,40,40,35,0,4.761904716491699,5,0,5.186391830444336,8589934592,2147483648,5929254912,407961600
200,1772008808688,3204,3204,3204,3204,3204,3204,3204,3204,38.095237731933594,52.38095474243164,60.000003814697266,45.45454788208008,9.523809432983398,0,0,0,5.321338653564453,8589934592,2147483648,5932695552,407961600
209,1772008808889,3204,3204,3204,3204,3204,3204,3204,3204,36.842105865478516,31.57894515991211,30.000001907348633,26.3157901763916,25,20,5.263157844543457,4.761904716491699,5.321338653564453,8589934592,2147483648,5927452672,407961600
204,1772008809099,3204,3204,3204,3204,3204,3204,3204,3204,33.333335876464844,28.571430206298828,28.571430206298828,23.809524536132813,27.272727966308594,0,0,0,5.321338653564453,8589934592,2147483648,5927567360,407961600
207,1772008809305,3204,3204,3204,3204,3204,3204,3204,3204,30.000001907348633,28.571430206298828,25,25,0,0,0,0,5.321338653564453,8589934592,2147483648,5927665664,407961600
203,1772008809513,3204,3204,3204,3204,3204,3204,3204,3204,33.333335876464844,33.333335876464844,23.809524536132813,27.272727966308594,4.761904716491699,4.761904716491699,4.761904716491699,0,5.321338653564453,8589934592,2147483648,5927616512,407961600
202,1772008809718,3204,3204,3204,3204,3204,3204,3204,3204,30.000001907348633,30.000001907348633,28.571430206298828,21.052631378173828,0,0,0,0,5.111128807067871,8589934592,2147483648,5927714816,407961600
201,1772008809921,3204,3204,3204,3204,3204,3204,3204,3204,35,35,26.3157901763916,31.81818199157715,0,9.090909004211426,0,4.761904716491699,5.111128807067871,8589934592,2147483648,5922717696,407961600
202,1772008810123,3204,3204,3204,3204,3204,3204,3204,3204,35,40,36.3636360168457,31.57894515991211,0,0,0,0,5.111128807067871,8589934592,2147483648,5919801344,407961600
209,1772008810326,3204,3204,3204,3204,3204,3204,3204,3204,38.095237731933594,33.333335876464844,26.3157901763916,25,0,0,0,0,5.111128807067871,8589934592,2147483648,5919817728,407961600
209,1772008810536,3204,3204,3204,3204,3204,3204,3204,3204,35,35,23.809524536132813,28.571430206298828,0,0,0,0,5.111128807067871,8589934592,2147483648,5919866880,407961600
207,1772008810746,3204,3204,3204,3204,3204,3204,3204,3204,33.333335876464844,30.000001907348633,28.571430206298828,23.809524536132813,4.761904716491699,0,0,0,5.481921195983887,8589934592,2147483648,5919916032,407961600
209,1772008810955,3204,3204,3204,3204,3204,3204,3204,3204,33.333335876464844,33.333335876464844,26.3157901763916,23.809524536132813,15.000000953674316,15.000000953674316,13.636363983154297,14.285715103149414,5.481921195983887,8589934592,2147483648,5919916032,407961600
201,1772008811165,3204,3204,3204,3204,3204,3204,3204,3204,28.571430206298828,38.095237731933594,31.81818199157715,25,9.090909004211426,4.761904716491699,0,0,5.481921195983887,8589934592,2147483648,5920096256,407961600
209,1772008811367,3204,3204,3204,3204,3204,3204,3204,3204,35,30.000001907348633,25,33.333335876464844,0,0,0,0,5.481921195983887,8589934592,2147483648,5920423936,407961600
206,1772008811577,3204,3204,3204,3204,3204,3204,3204,3204,30.000001907348633,28.571430206298828,33.333335876464844,23.809524536132813,4.545454502105713,4.545454502105713,0,0,5.481921195983887,8589934592,2147483648,5920440320,407961600
209,1772008811784,3204,3204,3204,3204,3204,3204,3204,3204,33.333335876464844,30.000001907348633,23.809524536132813,20,5,0,0,4.761904716491699,5.370399475097656,8589934592,2147483648,5921161216,407961600
202,1772008811994,3204,3204,3204,3204,3204,3204,3204,3204,28.571430206298828,27.272727966308594,25,23.809524536132813,0,4.545454502105713,0,0,5.370399475097656,8589934592,2147483648,5921062912,407961600
201,1772008812197,3204,3204,3204,3204,3204,3204,3204,3204,30.000001907348633,26.3157901763916,25,23.809524536132813,0,0,0,0,5.370399475097656,8589934592,2147483648,5920112640,407961600
209,1772008812399,3204,3204,3204,3204,3204,3204,3204,3204,35,33.333335876464844,33.333335876464844,26.3157901763916,0,0,0,0,5.370399475097656,8589934592,2147483648,5920194560,407961600
203,1772008812609,3204,3204,3204,3204,3204,3204,3204,3204,33.333335876464844,38.095237731933594,28.571430206298828,28.571430206298828,4.545454502105713,0,0,0,5.370399475097656,8589934592,2147483648,5919735808,407961600
200,1772008812813,3204,3204,3204,3204,3204,3204,3204,3204,30.000001907348633,26.3157901763916,25,25,0,4.761904716491699,4.761904716491699,0,5.4077677726745605,8589934592,2147483648,5919621120,407961600
209,1772008813014,3204,3204,3204,3204,3204,3204,3204,3204,40,38.095237731933594,35,35,10.526315689086914,4.761904716491699,5,4.761904716491699,5.4077677726745605,8589934592,2147483648,5930057728,407961600
209,1772008813224,3204,3204,3204,3204,3204,3204,3204,3204,33.333335876464844,33.333335876464844,25,23.809524536132813,27.272727966308594,15.000000953674316,0,0,5.4077677726745605,8589934592,2147483648,5919752192,407961600
209,1772008813434,3204,3204,3204,3204,3204,3204,3204,3204,28.571430206298828,23.809524536132813,23.809524536132813,19.047618865966797,0,0,0,0,5.4077677726745605,8589934592,2147483648,5919752192,407961600
206,1772008813644,3204,3204,3204,3204,3204,3204,3204,3204,30.000001907348633,35,36.3636360168457,28.571430206298828,0,0,0,0,5.1256914138793945,8589934592,2147483648,5919981568,407961600
209,1772008813851,3204,3204,3204,3204,3204,3204,3204,3204,33.333335876464844,33.333335876464844,25,23.809524536132813,0,0,0,0,5.1256914138793945,8589934592,2147483648,5920047104,407961600
209,1772008814061,3204,3204,3204,3204,3204,3204,3204,3204,31.81818199157715,38.095237731933594,33.333335876464844,30.000001907348633,19.047618865966797,9.523809432983398,9.090909004211426,0,5.1256914138793945,8589934592,2147483648,5919866880,407961600
208,1772008814271,3204,3204,3204,3204,3204,3204,3204,3204,31.57894515991211,30.000001907348633,38.095237731933594,28.571430206298828,0,4.761904716491699,0,0,5.1256914138793945,8589934592,2147483648,5920980992,407961600
203,1772008814480,3204,3204,3204,3204,3204,3204,3204,3204,33.333335876464844,31.81818199157715,25,23.809524536132813,0,0,0,0,5.1256914138793945,8589934592,2147483648,5920980992,407961600
206,1772008814684,3204,3204,3204,3204,3204,3204,3204,3204,38.095237731933594,31.57894515991211,33.333335876464844,35,9.523809432983398,5,0,4.761904716491699,5.399540424346924,8589934592,2147483648,5920735232,407961600
202,1772008814891,3204,3204,3204,3204,3204,3204,3204,3204,40,42.85714340209961,45,33.333335876464844,0,0,0,0,5.399540424346924,8589934592,2147483648,5921079296,407961600
203,1772008815094,3204,3204,3204,3204,3204,3204,3204,3204,25,28.571430206298828,25,20,0,0,0,0,5.399540424346924,8589934592,2147483648,5921161216,407961600
209,1772008815298,3204,3204,3204,3204,3204,3204,3204,3204,40,31.57894515991211,40,35,30.000001907348633,25,4.761904716491699,0,5.399540424346924,8589934592,2147483648,5921013760,407961600
204,1772008815508,3204,3204,3204,3204,3204,3204,3204,3204,28.571430206298828,38.095237731933594,27.272727966308594,20,0,0,0,0,5.399540424346924,8589934592,2147483648,5921095680,407961600
207,1772008815713,3204,3204,3204,3204,3204,3204,3204,3204,33.333335876464844,23.809524536132813,20,19.047618865966797,0,0,0,0,5.195152282714844,8589934592,2147483648,5921013760,407961600
206,1772008815921,3204,3204,3204,3204,3204,3204,3204,3204,33.333335876464844,30.000001907348633,28.571430206298828,28.571430206298828,9.090909004211426,4.761904716491699,4.761904716491699,4.761904716491699,5.195152282714844,8589934592,2147483648,5921013760,407961600
204,1772008816129,3204,3204,3204,3204,3204,3204,3204,3204,25,33.333335876464844,25,23.809524536132813,0,0,0,0,5.195152282714844,8589934592,2147483648,5921013760,407961600
200,1772008816333,3204,3204,3204,3204,3204,3204,3204,3204,38.095237731933594,30.000001907348633,30.000001907348633,25,0,0,0,0,5.195152282714844,8589934592,2147483648,5921013760,407961600
202,1772008816534,3204,3204,3204,3204,3204,3204,3204,3204,30.000001907348633,35,20,20,0,0,0,0,5.195152282714844,8589934592,2147483648,5921013760,407961600
209,1772008816736,3204,3204,3204,3204,3204,3204,3204,3204,27.77777862548828,33.333335876464844,33.333335876464844,25,0,0,0,0,5.43403959274292,8589934592,2147483648,5922078720,407961600
208,1772008816946,3204,3204,3204,3204,3204,3204,3204,3204,36.3636360168457,30.000001907348633,25,23.809524536132813,0,4.545454502105713,0,0,5.43403959274292,8589934592,2147483648,5922144256,407961600
205,1772008817155,3204,3204,3204,3204,3204,3204,3204,3204,28.571430206298828,28.571430206298828,19.047618865966797,19.047618865966797,0,0,0,0,5.43403959274292,8589934592,2147483648,5922193408,407961600
199,1772008817361,3204,3204,3204,3204,3204,3204,3204,3204,33.333335876464844,25,20,20,20,9.523809432983398,10,5,5.43403959274292,8589934592,2147483648,5931843584,407961600
209,1772008817561,3204,3204,3204,3204,3204,3204,3204,3204,27.77777862548828,30.000001907348633,30.000001907348633,20,10,5.263157844543457,0,0,5.43403959274292,8589934592,2147483648,5921898496,407961600
201,1772008817772,3204,3204,3204,3204,3204,3204,3204,3204,31.81818199157715,28.571430206298828,19.047618865966797,20,0,0,0,0,5.079206466674805,8589934592,2147483648,5921898496,407961600
206,1772008817974,3204,3204,3204,3204,3204,3204,3204,3204,40,25,30.000001907348633,27.272727966308594,4.761904716491699,4.761904716491699,0,0,5.079206466674805,8589934592,2147483648,5921914880,407961600
209,1772008818181,3204,3204,3204,3204,3204,3204,3204,3204,40,55,52.38095474243164,45,0,0,0,0,5.079206466674805,8589934592,2147483648,5922242560,407961600
208,1772008818391,3204,3204,3204,3204,3204,3204,3204,3204,42.85714340209961,50,45,50,0,0,0,0,5.079206466674805,8589934592,2147483648,5922291712,407961600
209,1772008818600,3204,3204,3204,3204,3204,3204,3204,3204,42.85714340209961,40,45.45454788208008,50,4.761904716491699,4.761904716491699,4.545454502105713,4.761904716491699,5.079206466674805,8589934592,2147483648,5922291712,407961600
206,1772008818810,3204,3204,3204,3204,3204,3204,3204,3204,30.000001907348633,28.571430206298828,23.809524536132813,23.809524536132813,0,0,0,0,5.3977437019348145,8589934592,2147483648,5922291712,407961600
209,1772008819017,3204,3204,3204,3204,3204,3204,3204,3204,27.272727966308594,28.571430206298828,20,20,0,15.000000953674316,5.263157844543457,0,5.3977437019348145,8589934592,2147483648,5923291136,407961600
207,1772008819227,3204,3204,3204,3204,3204,3204,3204,3204,30.000001907348633,20,23.809524536132813,19.047618865966797,4.545454502105713,0,0,0,5.3977437019348145,8589934592,2147483648,5923225600,407961600
209,1772008819435,3204,3204,3204,3204,3204,3204,3204,3204,42.85714340209961,35,33.333335876464844,30.000001907348633,4.761904716491699,4.761904716491699,9.090909004211426,10,5.3977437019348145,8589934592,2147483648,5933629440,407961600
204,1772008819645,3204,3204,3204,3204,3204,3204,3204,3204,38.095237731933594,36.3636360168457,38.095237731933594,33.333335876464844,14.285715103149414,14.285715103149414,4.761904716491699,0,5.203314304351807,8589934592,2147483648,5933629440,407961600
208,1772008819851,3204,3204,3204,3204,3204,3204,3204,3204,35,35,25,28.571430206298828,0,0,0,0,5.203314304351807,8589934592,2147483648,5922766848,407961600
203,1772008820060,3204,3204,3204,3204,3204,3204,3204,3204,38.095237731933594,40,38.095237731933594,33.333335876464844,4.761904716491699,0,0,0,5.203314304351807,8589934592,2147483648,5922603008,407961600
209,1772008820263,3204,3204,3204,3204,3204,3204,3204,3204,31.57894515991211,36.3636360168457,30.000001907348633,25,0,4.761904716491699,0,0,5.203314304351807,8589934592,2147483648,5922586624,407961600
209,1772008820473,3204,3204,3204,3204,3204,3204,3204,3204,31.81818199157715,25,25,25,0,0,0,0,5.203314304351807,8589934592,2147483648,5922684928,407961600
199,1772008820683,3204,3204,3204,3204,3204,3204,3204,3204,33.333335876464844,36.3636360168457,33.333335876464844,31.81818199157715,4.761904716491699,4.761904716491699,0,4.761904716491699,5.391537189483643,8589934592,2147483648,5922799616,407961600
204,1772008820884,3204,3204,3204,3204,3204,3204,3204,3204,36.842105865478516,26.3157901763916,35,30.000001907348633,0,0,0,0,5.391537189483643,8589934592,2147483648,5922848768,407961600
209,1772008821089,3204,3204,3204,3204,3204,3204,3204,3204,38.095237731933594,35,28.571430206298828,30.000001907348633,0,0,4.761904716491699,0,5.391537189483643,8589934592,2147483648,5922865152,407961600
201,1772008821299,3204,3204,3204,3204,3204,3204,3204,3204,33.333335876464844,28.571430206298828,25,19.047618865966797,0,0,0,0,5.391537189483643,8589934592,2147483648,5922734080,407961600
206,1772008821500,3204,3204,3204,3204,3204,3204,3204,3204,35,35,28.571430206298828,30.000001907348633,4.761904716491699,0,0,0,5.391537189483643,8589934592,2147483648,5920899072,407961600
202,1772008821707,3204,3204,3204,3204,3204,3204,3204,3204,35,35,38.095237731933594,30.000001907348633,28.571430206298828,22.72727394104004,4.761904716491699,18.18181800842285,5.327885627746582,8589934592,2147483648,5918736384,407961600
202,1772008821910,3204,3204,3204,3204,3204,3204,3204,3204,33.333335876464844,30.000001907348633,21.052631378173828,23.809524536132813,0,0,0,0,5.327885627746582,8589934592,2147483648,5918638080,407961600
209,1772008822113,3204,3204,3204,3204,3204,3204,3204,3204,35,33.333335876464844,30.000001907348633,25,0,0,0,0,5.327885627746582,8589934592,2147483648,5918720000,407961600
209,1772008822323,3204,3204,3204,3204,3204,3204,3204,3204,35,33.333335876464844,38.095237731933594,28.571430206298828,0,0,0,0,5.327885627746582,8589934592,2147483648,5918932992,407961600
208,1772008822533,3204,3204,3204,3204,3204,3204,3204,3204,33.333335876464844,30.000001907348633,28.571430206298828,25,0,0,0,0,5.327885627746582,8589934592,2147483648,5918916608,407961600
204,1772008822742,3204,3204,3204,3204,3204,3204,3204,3204,38.095237731933594,33.333335876464844,36.3636360168457,28.571430206298828,0,0,0,0,5.266164302825928,8589934592,2147483648,5918916608,407961600
207,1772008822946,3204,3204,3204,3204,3204,3204,3204,3204,25,25,21.052631378173828,23.809524536132813,0,0,0,0,5.266164302825928,8589934592,2147483648,5918916608,407961600
209,1772008823154,3204,3204,3204,3204,3204,3204,3204,3204,28.571430206298828,30.000001907348633,25,25,0,0,0,0,5.266164302825928,8589934592,2147483648,5918965760,407961600
208,1772008823365,3204,3204,3204,3204,3204,3204,3204,3204,30.000001907348633,31.81818199157715,22.72727394104004,19.047618865966797,4.545454502105713,4.761904716491699,0,0,5.266164302825928,8589934592,2147483648,5918965760,407961600
205,1772008823574,3204,3204,3204,3204,3204,3204,3204,3204,36.3636360168457,38.095237731933594,33.333335876464844,28.571430206298828,0,0,0,0,5.266164302825928,8589934592,2147483648,5918965760,407961600
209,1772008823780,3204,3204,3204,3204,3204,3204,3204,3204,35,35,33.333335876464844,33.333335876464844,19.047618865966797,10,13.636363983154297,0,5.334862232208252,8589934592,2147483648,5918965760,407961600
209,1772008823990,3204,3204,3204,3204,3204,3204,3204,3204,33.333335876464844,30.000001907348633,30.000001907348633,25,9.523809432983398,31.81818199157715,0,0,5.334862232208252,8589934592,2147483648,5920014336,407961600
204,1772008824200,3204,3204,3204,3204,3204,3204,3204,3204,28.571430206298828,31.81818199157715,20,23.809524536132813,0,0,0,0,5.334862232208252,8589934592,2147483648,5920030720,407961600
205,1772008824405,3204,3204,3204,3204,3204,3204,3204,3204,25,21.052631378173828,27.272727966308594,20,0,0,0,4.761904716491699,5.334862232208252,8589934592,2147483648,5920079872,407961600
206,1772008824611,3204,3204,3204,3204,3204,3204,3204,3204,38.095237731933594,31.81818199157715,26.3157901763916,28.571430206298828,0,0,0,0,5.334862232208252,8589934592,2147483648,5919391744,407961600
207,1772008824817,3204,3204,3204,3204,3204,3204,3204,3204,30.000001907348633,30.000001907348633,22.72727394104004,23.809524536132813,4.545454502105713,4.545454502105713,4.545454502105713,0,5.140361785888672,8589934592,2147483648,5919440896,407961600
208,1772008825025,3204,3204,3204,3204,3204,3204,3204,3204,30.000001907348633,28.571430206298828,25,20,0,0,0,0,5.140361785888672,8589934592,2147483648,5919293440,407961600
202,1772008825234,3204,3204,3204,3204,3204,3204,3204,3204,30.000001907348633,33.333335876464844,25,23.809524536132813,0,0,0,0,5.140361785888672,8589934592,2147483648,5919309824,407961600
207,1772008825438,3204,3204,3204,3204,3204,3204,3204,3204,33.333335876464844,30.000001907348633,25,15.000000953674316,0,0,0,0,5.140361785888672,8589934592,2147483648,5919604736,407961600
208,1772008825645,3204,3204,3204,3204,3204,3204,3204,3204,30.000001907348633,30.000001907348633,27.272727966308594,27.272727966308594,0,0,0,0,5.4788126945495605,8589934592,2147483648,5919342592,407961600
201,1772008825854,3204,3204,3204,3204,3204,3204,3204,3204,36.3636360168457,38.095237731933594,40,26.3157901763916,15.000000953674316,4.761904716491699,0,0,5.4788126945495605,8589934592,2147483648,5929828352,407961600
206,1772008826056,3204,3204,3204,3204,3204,3204,3204,3204,26.3157901763916,25,20,28.571430206298828,22.72727394104004,10,0,4.761904716491699,5.4788126945495605,8589934592,2147483648,5919293440,407961600
209,1772008826263,3204,3204,3204,3204,3204,3204,3204,3204,33.333335876464844,33.333335876464844,30.000001907348633,23.809524536132813,0,0,4.761904716491699,0,5.4788126945495605,8589934592,2147483648,5919375360,407961600
207,1772008826473,3204,3204,3204,3204,3204,3204,3204,3204,38.095237731933594,23.809524536132813,31.81818199157715,23.809524536132813,0,0,0,0,5.4788126945495605,8589934592,2147483648,5919375360,407961600
204,1772008826681,3204,3204,3204,3204,3204,3204,3204,3204,35,33.333335876464844,25,28.571430206298828,4.761904716491699,4.761904716491699,0,4.761904716491699,5.201260566711426,8589934592,2147483648,5919375360,407961600
205,1772008826886,3204,3204,3204,3204,3204,3204,3204,3204,38.095237731933594,26.3157901763916,30.000001907348633,25,0,0,0,0,5.201260566711426,8589934592,2147483648,5919375360,407961600
208,1772008827092,3204,3204,3204,3204,3204,3204,3204,3204,35,33.333335876464844,28.571430206298828,23.809524536132813,4.761904716491699,4.545454502105713,0,0,5.201260566711426,8589934592,2147483648,5919358976,407961600
205,1772008827301,3204,3204,3204,3204,3204,3204,3204,3204,30.000001907348633,25,28.571430206298828,25,0,0,0,0,5.201260566711426,8589934592,2147483648,5919342592,407961600
205,1772008827507,3204,3204,3204,3204,3204,3204,3204,3204,31.81818199157715,25,20,20,0,0,0,0,5.201260566711426,8589934592,2147483648,5919342592,407961600
209,1772008827713,3204,3204,3204,3204,3204,3204,3204,3204,30.000001907348633,33.333335876464844,28.571430206298828,23.809524536132813,0,0,0,0,5.450291633605957,8589934592,2147483648,5919342592,407961600
206,1772008827923,3204,3204,3204,3204,3204,3204,3204,3204,30.000001907348633,33.333335876464844,30.000001907348633,25,0,0,0,0,5.450291633605957,8589934592,2147483648,5919342592,407961600
207,1772008828129,3204,3204,3204,3204,3204,3204,3204,3204,40,33.333335876464844,38.095237731933594,36.3636360168457,28.571430206298828,20,4.761904716491699,4.761904716491699,5.450291633605957,8589934592,2147483648,5918244864,407961600
206,1772008828338,3204,3204,3204,3204,3204,3204,3204,3204,31.81818199157715,25,25,25,0,4.761904716491699,0,0,5.450291633605957,8589934592,2147483648,5918326784,407961600
209,1772008828545,3204,3204,3204,3204,3204,3204,3204,3204,65,60.000003814697266,59.09090805053711,75,4.761904716491699,4.761904716491699,0,0,5.450291633605957,8589934592,2147483648,5925978112,407961600
208,1772008828755,3204,3204,3204,3204,3204,3204,3204,3204,52.38095474243164,47.619049072265625,45,42.85714340209961,14.285715103149414,14.285715103149414,4.545454502105713,0,5.137608528137207,8589934592,2147483648,5933891584,407961600
209,1772008828963,3204,3204,3204,3204,3204,3204,3204,3204,57.142860412597656,57.142860412597656,52.38095474243164,45,19.047618865966797,10,0,0,5.137608528137207,8589934592,2147483648,5944508416,407961600
203,1772008829173,3204,3204,3204,3204,3204,3204,3204,3204,38.095237731933594,38.095237731933594,42.85714340209961,77.2727279663086,5,9.090909004211426,0,0,5.137608528137207,8589934592,2147483648,5948981248,407961600
204,1772008829379,3204,3204,3204,3204,3204,3204,3204,3204,90,85.71428680419922,85.71428680419922,85.71428680419922,4.545454502105713,0,0,4.761904716491699,5.137608528137207,8589934592,2147483648,5953323008,407961600
205,1772008829584,3204,3204,3204,3204,3204,3204,3204,3204,28.571430206298828,38.095237731933594,21.052631378173828,23.809524536132813,0,0,0,0,5.137608528137207,8589934592,2147483648,5953323008,407961600
209,1772008829790,3204,3204,3204,3204,3204,3204,3204,3204,40,50,52.38095474243164,25,0,0,0,0,5.772083759307861,8589934592,2147483648,5953323008,407961600
199,1772008830001,3204,3204,3204,3204,3204,3204,3204,3204,42.85714340209961,42.85714340209961,38.095237731933594,38.095237731933594,0,0,0,0,5.772083759307861,8589934592,2147483648,5953323008,407961600
203,1772008830201,3204,3204,3204,3204,3204,3204,3204,3204,30.000001907348633,35,30.000001907348633,31.57894515991211,57.894737243652344,10,27.272727966308594,0,5.772083759307861,8589934592,2147483648,5956222976,407961600
207,1772008830406,3204,3204,3204,3204,3204,3204,3204,3204,40,36.842105865478516,33.333335876464844,30.000001907348633,38.095237731933594,71.42857360839844,5,0,5.772083759307861,8589934592,2147483648,5946589184,407961600
202,1772008830614,3204,3204,3204,3204,3204,3204,3204,3204,25,33.333335876464844,25,22.72727394104004,19.047618865966797,25,5,14.285715103149414,5.772083759307861,8589934592,2147483648,5946818560,407961600
204,1772008830817,3204,3204,3204,3204,3204,3204,3204,3204,35,25,26.3157901763916,20,0,40,38.095237731933594,0,6.179227828979492,8589934592,2147483648,5946900480,407961600
209,1772008831021,3204,3204,3204,3204,3204,3204,3204,3204,33.333335876464844,28.571430206298828,31.81818199157715,23.809524536132813,61.904762268066406,4.761904716491699,35,0,6.179227828979492,8589934592,2147483648,5946949632,407961600
206,1772008831231,3204,3204,3204,3204,3204,3204,3204,3204,28.571430206298828,28.571430206298828,25,20,65,0,0,0,6.179227828979492,8589934592,2147483648,5946982400,407961600
200,1772008831438,3204,3204,3204,3204,3204,3204,3204,3204,28.571430206298828,25,23.809524536132813,25,71.42857360839844,57.142860412597656,0,0,6.179227828979492,8589934592,2147483648,5962170368,407961600
209,1772008831639,3204,3204,3204,3204,3204,3204,3204,3204,21.052631378173828,30.000001907348633,25,20,100,0,0,0,8.200889587402344,8589934592,2147483648,5960892416,407961600
205,1772008831849,3204,3204,3204,3204,3204,3204,3204,3204,33.333335876464844,27.272727966308594,25,28.571430206298828,72.7272720336914,0,0,4.545454502105713,8.200889587402344,8589934592,2147483648,5960974336,407961600
209,1772008832054,3204,3204,3204,3204,3204,3204,3204,3204,25,21.052631378173828,28.571430206298828,20,73.68421173095703,4.761904716491699,0,0,8.200889587402344,8589934592,2147483648,5960007680,407961600
209,1772008832264,3204,3204,3204,3204,3204,3204,3204,3204,38.095237731933594,33.333335876464844,35,28.571430206298828,77.2727279663086,35,9.090909004211426,10,8.200889587402344,8589934592,2147483648,5943001088,407961600
201,1772008832475,3204,3204,3204,3204,3204,3204,3204,3204,28.571430206298828,28.571430206298828,31.81818199157715,23.809524536132813,42.85714340209961,22.72727394104004,19.047618865966797,5,8.200889587402344,8589934592,2147483648,5933989888,407961600
209,1772008832676,3204,3204,3204,3204,3204,3204,3204,3204,30.000001907348633,30.000001907348633,21.052631378173828,20,100,0,0,0,9.810147285461426,8589934592,2147483648,5933989888,407961600
209,1772008832886,3204,3204,3204,3204,3204,3204,3204,3204,28.571430206298828,28.571430206298828,27.272727966308594,31.81818199157715,100,9.523809432983398,0,0,9.810147285461426,8589934592,2147483648,5933989888,407961600
206,1772008833096,3204,3204,3204,3204,3204,3204,3204,3204,23.809524536132813,23.809524536132813,25,20,33.333335876464844,23.809524536132813,0,4.761904716491699,9.810147285461426,8589934592,2147483648,5933989888,407961600
199,1772008833302,3204,3204,3204,3204,3204,3204,3204,3204,30.000001907348633,25,23.809524536132813,19.047618865966797,85.71428680419922,9.523809432983398,4.761904716491699,9.523809432983398,9.810147285461426,8589934592,2147483648,5934759936,407961600
204,1772008833503,3204,3204,3204,3204,3204,3204,3204,3204,30.000001907348633,25,20,20,60.000003814697266,0,40,0,9.810147285461426,8589934592,2147483648,5935349760,407961600
203,1772008833707,3204,3204,3204,3204,3204,3204,3204,3204,23.809524536132813,20,23.809524536132813,20,0,0,55,0,10.404291152954102,8589934592,2147483648,5935054848,407961600
204,1772008833911,3204,3204,3204,3204,3204,3204,3204,3204,26.3157901763916,30.000001907348633,25,25,0,0,80,0,10.404291152954102,8589934592,2147483648,5935022080,407961600
209,1772008834116,3204,3204,3204,3204,3204,3204,3204,3204,28.571430206298828,28.571430206298828,20,20,25,76.19047546386719,23.809524536132813,0,10.404291152954102,8589934592,2147483648,5933154304,407961600
205,1772008834326,3204,3204,3204,3204,3204,3204,3204,3204,20,20,25,19.047618865966797,52.38095474243164,9.523809432983398,0,0,10.404291152954102,8589934592,2147483648,5932466176,407961600
202,1772008834531,3204,3204,3204,3204,3204,3204,3204,3204,38.095237731933594,38.095237731933594,30.000001907348633,33.333335876464844,18.18181800842285,40,25,33.333335876464844,10.404291152954102,8589934592,2147483648,5932449792,407961600
203,1772008834734,3204,3204,3204,3204,3204,3204,3204,3204,30.000001907348633,25,25,15.789472579956055,0,100,0,0,10.219989776611328,8589934592,2147483648,5932105728,407961600
206,1772008834938,3204,3204,3204,3204,3204,3204,3204,3204,28.571430206298828,33.333335876464844,31.81818199157715,23.809524536132813,5.263157844543457,33.333335876464844,30.000001907348633,4.761904716491699,10.219989776611328,8589934592,2147483648,5932105728,407961600
207,1772008835144,3204,3204,3204,3204,3204,3204,3204,3204,26.3157901763916,21.052631378173828,25,19.047618865966797,0,0,57.142860412597656,0,10.219989776611328,8589934592,2147483648,5932105728,407961600
209,1772008835352,3204,3204,3204,3204,3204,3204,3204,3204,28.571430206298828,33.333335876464844,20,20,0,0,100,0,10.219989776611328,8589934592,2147483648,5931794432,407961600
201,1772008835562,3204,3204,3204,3204,3204,3204,3204,3204,23.809524536132813,27.272727966308594,28.571430206298828,28.571430206298828,0,0,80.95238494873047,0,10.219989776611328,8589934592,2147483648,5932515328,407961600
206,1772008835764,3204,3204,3204,3204,3204,3204,3204,3204,35,31.57894515991211,25,28.571430206298828,9.090909004211426,14.285715103149414,42.105262756347656,0,9.389593124389648,8589934592,2147483648,5932171264,407961600
200,1772008835971,3204,3204,3204,3204,3204,3204,3204,3204,28.571430206298828,23.809524536132813,27.272727966308594,25,0,100,0,0,9.389593124389648,8589934592,2147483648,5932056576,407961600
207,1772008836172,3204,3204,3204,3204,3204,3204,3204,3204,26.3157901763916,25,21.052631378173828,10.526315689086914,21.052631378173828,30.000001907348633,0,0,9.389593124389648,8589934592,2147483648,5932056576,407961600
201,1772008836380,3204,3204,3204,3204,3204,3204,3204,3204,28.571430206298828,35,23.809524536132813,27.272727966308594,54.54545593261719,0,0,0,9.389593124389648,8589934592,2147483648,5949259776,407961600
208,1772008836582,3204,3204,3204,3204,3204,3204,3204,3204,50,35,36.842105865478516,26.3157901763916,47.36842346191406,10,9.090909004211426,13.636363983154297,9.389593124389648,8589934592,2147483648,5933940736,407961600
204,1772008836792,3204,3204,3204,3204,3204,3204,3204,3204,35,38.095237731933594,36.3636360168457,36.3636360168457,50,5,0,0,9.518973350524902,8589934592,2147483648,5935382528,407961600
208,1772008836997,3204,3204,3204,3204,3204,3204,3204,3204,45,40,35,26.3157901763916,36.842105865478516,0,0,0,9.518973350524902,8589934592,2147483648,5920997376,407961600
207,1772008837206,3204,3204,3204,3204,3204,3204,3204,3204,38.095237731933594,38.095237731933594,33.333335876464844,28.571430206298828,28.571430206298828,4.761904716491699,4.761904716491699,19.047618865966797,9.518973350524902,8589934592,2147483648,5921914880,407961600
209,1772008837414,3204,3204,3204,3204,3204,3204,3204,3204,38.095237731933594,38.095237731933594,30.000001907348633,36.3636360168457,75,0,0,0,9.518973350524902,8589934592,2147483648,5930041344,407961600
209,1772008837624,3204,3204,3204,3204,3204,3204,3204,3204,38.095237731933594,40,38.095237731933594,35,27.272727966308594,19.047618865966797,4.761904716491699,0,9.321407318115234,8589934592,2147483648,5920342016,407961600
203,1772008837834,3204,3204,3204,3204,3204,3204,3204,3204,35,28.571430206298828,25,15.000000953674316,47.619049072265625,4.545454502105713,0,0,9.321407318115234,8589934592,2147483648,5910790144,407961600
205,1772008838039,3204,3204,3204,3204,3204,3204,3204,3204,30.000001907348633,25,27.272727966308594,23.809524536132813,95,0,0,0,9.321407318115234,8589934592,2147483648,5918916608,407961600
208,1772008838244,3204,3204,3204,3204,3204,3204,3204,3204,42.85714340209961,45,45,38.095237731933594,33.333335876464844,4.761904716491699,0,0,9.321407318115234,8589934592,2147483648,5920210944,407961600
203,1772008838453,3204,3204,3204,3204,3204,3204,3204,3204,35,31.81818199157715,21.052631378173828,25,35,0,0,0,9.321407318115234,8589934592,2147483648,5944983552,407961600
209,1772008838657,3204,3204,3204,3204,3204,3204,3204,3204,45,47.36842346191406,52.38095474243164,42.85714340209961,38.095237731933594,0,4.761904716491699,0,9.175405502319336,8589934592,2147483648,5950095360,407961600
202,1772008838867,3204,3204,3204,3204,3204,3204,3204,3204,31.81818199157715,33.333335876464844,23.809524536132813,20,60.000003814697266,23.809524536132813,15.000000953674316,4.545454502105713,9.175405502319336,8589934592,2147483648,5960482816,407961600
199,1772008839070,3204,3204,3204,3204,3204,3204,3204,3204,30.000001907348633,20,23.809524536132813,23.809524536132813,90.47618865966797,15.000000953674316,0,0,9.175405502319336,8589934592,2147483648,5960482816,407961600
207,1772008839270,3204,3204,3204,3204,3204,3204,3204,3204,31.57894515991211,25,22.22222328186035,21.052631378173828,10.526315689086914,0,0,0,9.175405502319336,8589934592,2147483648,5960482816,407961600
199,1772008839478,3204,3204,3204,3204,3204,3204,3204,3204,38.095237731933594,35,27.272727966308594,23.809524536132813,61.904762268066406,4.761904716491699,0,0,9.175405502319336,8589934592,2147483648,5949505536,407961600
208,1772008839679,3204,3204,3204,3204,3204,3204,3204,3204,26.3157901763916,30.000001907348633,26.3157901763916,26.3157901763916,10,0,0,0,8.306811332702637,8589934592,2147483648,5943427072,407961600
208,1772008839888,3204,3204,3204,3204,3204,3204,3204,3204,33.333335876464844,28.571430206298828,19.047618865966797,23.809524536132813,10,47.619049072265625,4.761904716491699,0,8.306811332702637,8589934592,2147483648,5944229888,407961600
202,1772008840097,3204,3204,3204,3204,3204,3204,3204,3204,50,47.619049072265625,45,40.90909194946289,4.545454502105713,4.761904716491699,4.545454502105713,0,8.306811332702637,8589934592,2147483648,5945131008,407961600
207,1772008840299,3204,3204,3204,3204,3204,3204,3204,3204,33.333335876464844,31.57894515991211,33.333335876464844,20,45,4.761904716491699,0,0,8.306811332702637,8589934592,2147483648,5945065472,407961600
209,1772008840507,3204,3204,3204,3204,3204,3204,3204,3204,33.333335876464844,28.571430206298828,28.571430206298828,30.000001907348633,0,0,0,0,8.306811332702637,8589934592,2147483648,5945589760,407961600
203,1772008840717,3204,3204,3204,3204,3204,3204,3204,3204,40,27.272727966308594,20,23.809524536132813,0,0,0,0,9.254173278808594,8589934592,2147483648,5945606144,407961600
209,1772008840921,3204,3204,3204,3204,3204,3204,3204,3204,38.095237731933594,36.842105865478516,33.333335876464844,30.000001907348633,25,15.000000953674316,10,4.761904716491699,9.254173278808594,8589934592,2147483648,5945819136,407961600
208,1772008841131,3204,3204,3204,3204,3204,3204,3204,3204,25,27.272727966308594,20,19.047618865966797,13.636363983154297,4.761904716491699,0,0,9.254173278808594,8589934592,2147483648,5945884672,407961600
209,1772008841340,3204,3204,3204,3204,3204,3204,3204,3204,38.095237731933594,35,36.3636360168457,28.571430206298828,0,0,0,0,9.254173278808594,8589934592,2147483648,5946277888,407961600
209,1772008841550,3204,3204,3204,3204,3204,3204,3204,3204,30.000001907348633,23.809524536132813,30.000001907348633,28.571430206298828,0,4.761904716491699,0,0,9.254173278808594,8589934592,2147483648,5945933824,407961600
204,1772008841760,3204,3204,3204,3204,3204,3204,3204,3204,38.095237731933594,38.095237731933594,33.333335876464844,35,4.545454502105713,0,0,4.545454502105713,6.096009731292725,8589934592,2147483648,5946540032,407961600
209,1772008841965,3204,3204,3204,3204,3204,3204,3204,3204,33.333335876464844,26.3157901763916,26.3157901763916,23.809524536132813,0,0,4.761904716491699,0,6.096009731292725,8589934592,2147483648,5946966016,407961600
207,1772008842174,3204,3204,3204,3204,3204,3204,3204,3204,35,36.3636360168457,36.3636360168457,38.095237731933594,0,0,0,0,6.096009731292725,8589934592,2147483648,5940805632,407961600
209,1772008842383,3204,3204,3204,3204,3204,3204,3204,3204,36.3636360168457,35,30.000001907348633,28.571430206298828,0,0,0,0,6.096009731292725,8589934592,2147483648,5940871168,407961600
206,1772008842593,3204,3204,3204,3204,3204,3204,3204,3204,30.000001907348633,25,31.81818199157715,19.047618865966797,0,9.090909004211426,0,0,6.096009731292725,8589934592,2147483648,5940854784,407961600
208,1772008842800,3204,3204,3204,3204,3204,3204,3204,3204,33.333335876464844,33.333335876464844,28.571430206298828,30.000001907348633,4.545454502105713,0,0,0,5.4193806648254395,8589934592,2147483648,5941215232,407961600
209,1772008843009,3204,3204,3204,3204,3204,3204,3204,3204,35,40.90909194946289,26.3157901763916,28.571430206298828,9.523809432983398,5,4.545454502105713,0,5.4193806648254395,8589934592,2147483648,5950193664,407961600
209,1772008843218,3204,3204,3204,3204,3204,3204,3204,3204,36.3636360168457,30.000001907348633,33.333335876464844,28.571430206298828,19.047618865966797,14.285715103149414,0,4.761904716491699,5.4193806648254395,8589934592,2147483648,5939494912,407961600
5,1772008843428,3204,3204,3204,3204,3204,3204,3204,3204,25,28.571430206298828,23.809524536132813,20,0,0,0,0,5.4193806648254395,8589934592,2147483648,5939134464,407961600
