Delta,Time,CPU_FREQUENCY_0,CPU_FREQUENCY_1,CPU_FREQUENCY_2,CPU_FREQUENCY_3,CPU_FREQUENCY_4,CPU_FREQUENCY_5,CPU_FREQUENCY_6,CPU_FREQUENCY_7,CPU_USAGE_0,CPU_USAGE_1,CPU_USAGE_2,CPU_USAGE_3,CPU_USAGE_4,CPU_USAGE_5,CPU_USAGE_6,CPU_USAGE_7,SYSTEM_POWER (Watts),TOTAL_MEMORY,TOTAL_SWAP,USED_MEMORY,USED_SWAP
0,1772000235676,3204,3204,3204,3204,3204,3204,3204,3204,50,0,0,100,0,0,0,0,6.614662170410156,8589934592,2147483648,6246170624,407961600
209,1772000235677,3204,3204,3204,3204,3204,3204,3204,3204,NaN,NaN,100,NaN,NaN,0,0,0,6.614662170410156,8589934592,2147483648,6246170624,407961600
209,1772000235887,3204,3204,3204,3204,3204,3204,3204,3204,54.54545593261719,52.38095474243164,47.619049072265625,45.45454788208008,0,0,4.545454502105713,0,6.614662170410156,8589934592,2147483648,6246170624,407961600
209,1772000236096,3204,3204,3204,3204,3204,3204,3204,3204,50,47.619049072265625,55,42.85714340209961,0,0,0,0,6.489261150360107,8589934592,2147483648,6246170624,407961600
206,1772000236306,3204,3204,3204,3204,3204,3204,3204,3204,57.142860412597656,57.142860412597656,47.619049072265625,45,9.523809432983398,9.523809432983398,0,0,6.489261150360107,8589934592,2147483648,6244728832,407961600
209,1772000236513,3204,3204,3204,3204,3204,3204,3204,3204,85.71428680419922,90.47618865966797,85.71428680419922,85,9.523809432983398,9.523809432983398,9.523809432983398,9.523809432983398,6.489261150360107,8589934592,2147483648,6254346240,407961600
207,1772000236724,3204,3204,3204,3204,3204,3204,3204,3204,66.66667175292969,61.904762268066406,66.66667175292969,61.904762268066406,19.047618865966797,10,5,4.761904716491699,6.489261150360107,8589934592,2147483648,6261440512,407961600
208,1772000236931,3204,3204,3204,3204,3204,3204,3204,3204,85,85,90,80.95238494873047,5,4.761904716491699,4.761904716491699,0,6.489261150360107,8589934592,2147483648,6268354560,407961600
205,1772000237140,3204,3204,3204,3204,3204,3204,3204,3204,70,57.142860412597656,66.66667175292969,61.904762268066406,4.761904716491699,9.090909004211426,0,4.761904716491699,7.2100830078125,8589934592,2147483648,6286508032,407961600
210,1772000237346,3204,3204,3204,3204,3204,3204,3204,3204,68.18181610107422,66.66667175292969,66.66667175292969,61.904762268066406,36.3636360168457,30.000001907348633,28.571430206298828,13.636363983154297,7.2100830078125,8589934592,2147483648,6250381312,407961600
208,1772000237558,3204,3204,3204,3204,3204,3204,3204,3204,71.42857360839844,61.904762268066406,66.66667175292969,66.66667175292969,5,4.761904716491699,0,0,7.2100830078125,8589934592,2147483648,6252396544,407961600
207,1772000237767,3204,3204,3204,3204,3204,3204,3204,3204,70,71.42857360839844,60.000003814697266,70,14.285715103149414,9.523809432983398,4.761904716491699,5,7.2100830078125,8589934592,2147483648,6245171200,407961600
204,1772000237975,3204,3204,3204,3204,3204,3204,3204,3204,61.904762268066406,70,60.000003814697266,68.18181610107422,0,0,4.545454502105713,0,6.979321002960205,8589934592,2147483648,6231818240,407961600
208,1772000238180,3204,3204,3204,3204,3204,3204,3204,3204,55,55,54.54545593261719,60.000003814697266,15.000000953674316,10,0,4.761904716491699,6.979321002960205,8589934592,2147483648,6212583424,407961600
209,1772000238389,3204,3204,3204,3204,3204,3204,3204,3204,66.66667175292969,52.38095474243164,55,61.904762268066406,28.571430206298828,23.809524536132813,18.18181800842285,4.761904716491699,6.979321002960205,8589934592,2147483648,6177849344,407961600
204,1772000238599,3204,3204,3204,3204,3204,3204,3204,3204,100,95.23809814453125,95.23809814453125,95.23809814453125,10,19.047618865966797,4.761904716491699,10,6.979321002960205,8589934592,2147483648,6161776640,407961600
204,1772000238807,3204,3204,3204,3204,3204,3204,3204,3204,100,100,100,100,4.545454502105713,9.090909004211426,0,0,6.979321002960205,8589934592,2147483648,6161776640,407961600
202,1772000239012,3204,3204,3204,3204,3204,3204,3204,3204,95,95,95,95,14.285715103149414,15.000000953674316,4.761904716491699,20,7.486490726470947,8589934592,2147483648,6161776640,407961600
205,1772000239215,3204,3204,3204,3204,3204,3204,3204,3204,90.47618865966797,85,95,85.71428680419922,26.3157901763916,15.000000953674316,5,0,7.486490726470947,8589934592,2147483648,6161776640,407961600
209,1772000239421,3204,3204,3204,3204,3204,3204,3204,3204,85.71428680419922,80,85.71428680419922,90,20,20,4.761904716491699,9.523809432983398,7.486490726470947,8589934592,2147483648,6113837056,407961600
209,1772000239631,3204,3204,3204,3204,3204,3204,3204,3204,90,80.95238494873047,90.47618865966797,80.95238494873047,40.90909194946289,40.90909194946289,30.000001907348633,18.18181800842285,7.486490726470947,8589934592,2147483648,6113116160,407961600
205,1772000239841,3204,3204,3204,3204,3204,3204,3204,3204,77.2727279663086,71.42857360839844,90.47618865966797,77.2727279663086,33.333335876464844,33.333335876464844,13.636363983154297,5,7.486490726470947,8589934592,2147483648,6119571456,407961600
206,1772000240047,3204,3204,3204,3204,3204,3204,3204,3204,85,80,76.19047546386719,80,10.526315689086914,10,9.523809432983398,9.523809432983398,8.284796714782715,8589934592,2147483648,6119276544,407961600
207,1772000240254,3204,3204,3204,3204,3204,3204,3204,3204,85.71428680419922,90.90909576416016,95,95,4.761904716491699,0,0,0,8.284796714782715,8589934592,2147483648,6118752256,407961600
201,1772000240462,3204,3204,3204,3204,3204,3204,3204,3204,85,90,80.95238494873047,85.71428680419922,9.523809432983398,9.523809432983398,4.761904716491699,0,8.284796714782715,8589934592,2147483648,6122815488,407961600
207,1772000240664,3204,3204,3204,3204,3204,3204,3204,3204,85.71428680419922,80,85,80,25,35,5,10,8.284796714782715,8589934592,2147483648,6126665728,407961600
200,1772000240872,3204,3204,3204,3204,3204,3204,3204,3204,80,85,76.19047546386719,72.7272720336914,47.619049072265625,15.000000953674316,9.523809432983398,4.761904716491699,8.284796714782715,8589934592,2147483648,6133809152,407961600
202,1772000241073,3204,3204,3204,3204,3204,3204,3204,3204,80.95238494873047,76.19047546386719,80,78.94737243652344,40,5,0,0,10.418155670166016,8589934592,2147483648,6137430016,407961600
203,1772000241276,3204,3204,3204,3204,3204,3204,3204,3204,85,90,80,80.95238494873047,31.57894515991211,0,0,14.285715103149414,10.418155670166016,8589934592,2147483648,6137380864,407961600
209,1772000241480,3204,3204,3204,3204,3204,3204,3204,3204,80,80,75,80,47.619049072265625,9.090909004211426,9.523809432983398,0,10.418155670166016,8589934592,2147483648,6142050304,407961600
208,1772000241690,3204,3204,3204,3204,3204,3204,3204,3204,85.71428680419922,85.71428680419922,81.81818389892578,80.95238494873047,47.619049072265625,25,9.523809432983398,4.761904716491699,10.418155670166016,8589934592,2147483648,6138494976,407961600
207,1772000241898,3204,3204,3204,3204,3204,3204,3204,3204,80,77.2727279663086,70,75,52.38095474243164,9.090909004211426,0,0,10.418155670166016,8589934592,2147483648,6134644736,407961600
206,1772000242106,3204,3204,3204,3204,3204,3204,3204,3204,85.71428680419922,85,76.19047546386719,70,33.333335876464844,0,9.090909004211426,0,9.640357971191406,8589934592,2147483648,6137004032,407961600
209,1772000242313,3204,3204,3204,3204,3204,3204,3204,3204,85,85,80,86.36363983154297,50,0,0,0,9.640357971191406,8589934592,2147483648,6138888192,407961600
200,1772000242523,3204,3204,3204,3204,3204,3204,3204,3204,76.19047546386719,66.66667175292969,76.19047546386719,76.19047546386719,59.09090805053711,0,0,0,9.640357971191406,8589934592,2147483648,6138478592,407961600
209,1772000242723,3204,3204,3204,3204,3204,3204,3204,3204,80,70,78.94737243652344,75,50,4.761904716491699,0,0,9.640357971191406,8589934592,2147483648,6137069568,407961600
205,1772000242933,3204,3204,3204,3204,3204,3204,3204,3204,75,70,72.7272720336914,70,45.45454788208008,14.285715103149414,0,4.545454502105713,9.640357971191406,8589934592,2147483648,6139297792,407961600
206,1772000243140,3204,3204,3204,3204,3204,3204,3204,3204,77.2727279663086,71.42857360839844,75,61.904762268066406,50,0,0,0,11.31166934967041,8589934592,2147483648,6140166144,407961600
209,1772000243346,3204,3204,3204,3204,3204,3204,3204,3204,75,71.42857360839844,65,75,40,5,14.285715103149414,0,11.31166934967041,8589934592,2147483648,6142443520,407961600
202,1772000243557,3204,3204,3204,3204,3204,3204,3204,3204,71.42857360839844,80,71.42857360839844,71.42857360839844,33.333335876464844,4.761904716491699,19.047618865966797,0,11.31166934967041,8589934592,2147483648,6146441216,407961600
203,1772000243760,3204,3204,3204,3204,3204,3204,3204,3204,90,80,80,80,33.333335876464844,26.3157901763916,9.523809432983398,0,11.31166934967041,8589934592,2147483648,6116573184,407961600
206,1772000243964,3204,3204,3204,3204,3204,3204,3204,3204,75,70,66.66667175292969,65,30.000001907348633,14.285715103149414,5,5,11.31166934967041,8589934592,2147483648,6115213312,407961600
201,1772000244171,3204,3204,3204,3204,3204,3204,3204,3204,65,57.142860412597656,61.904762268066406,57.142860412597656,28.571430206298828,9.523809432983398,0,0,10.792903900146484,8589934592,2147483648,6128336896,407961600
206,1772000244373,3204,3204,3204,3204,3204,3204,3204,3204,70,70,78.94737243652344,65,5,5,4.761904716491699,0,10.792903900146484,8589934592,2147483648,6125813760,407961600
206,1772000244582,3204,3204,3204,3204,3204,3204,3204,3204,76.19047546386719,80.95238494873047,71.42857360839844,70,0,0,0,4.545454502105713,10.792903900146484,8589934592,2147483648,6121619456,407961600
208,1772000244789,3204,3204,3204,3204,3204,3204,3204,3204,70,52.38095474243164,70,57.142860412597656,14.285715103149414,10,5,4.761904716491699,10.792903900146484,8589934592,2147483648,6126485504,407961600
206,1772000244998,3204,3204,3204,3204,3204,3204,3204,3204,81.81818389892578,85,80.95238494873047,86.36363983154297,47.619049072265625,0,0,0,10.5003080368042,8589934592,2147483648,6121619456,407961600
208,1772000245204,3204,3204,3204,3204,3204,3204,3204,3204,85.71428680419922,85.71428680419922,90.47618865966797,89.47368621826172,50,4.761904716491699,4.761904716491699,0,10.5003080368042,8589934592,2147483648,6122700800,407961600
209,1772000245413,3204,3204,3204,3204,3204,3204,3204,3204,75,76.19047546386719,71.42857360839844,61.904762268066406,61.904762268066406,9.090909004211426,0,9.090909004211426,10.5003080368042,8589934592,2147483648,6122438656,407961600
208,1772000245623,3204,3204,3204,3204,3204,3204,3204,3204,80.95238494873047,70,76.19047546386719,66.66667175292969,60.000003814697266,4.761904716491699,0,0,10.5003080368042,8589934592,2147483648,6124765184,407961600
207,1772000245832,3204,3204,3204,3204,3204,3204,3204,3204,80,72.7272720336914,71.42857360839844,70,42.85714340209961,10.526315689086914,5,0,10.5003080368042,8589934592,2147483648,6112608256,407961600
206,1772000246040,3204,3204,3204,3204,3204,3204,3204,3204,71.42857360839844,75,75,72.7272720336914,59.09090805053711,18.18181800842285,9.090909004211426,4.761904716491699,8.022807121276855,8589934592,2147483648,6113427456,407961600
206,1772000246246,3204,3204,3204,3204,3204,3204,3204,3204,95,85,85,80,52.6315803527832,0,0,0,8.022807121276855,8589934592,2147483648,6113329152,407961600
208,1772000246453,3204,3204,3204,3204,3204,3204,3204,3204,72.7272720336914,71.42857360839844,72.7272720336914,75,42.85714340209961,5,0,0,8.022807121276855,8589934592,2147483648,6107529216,407961600
209,1772000246661,3204,3204,3204,3204,3204,3204,3204,3204,80,76.19047546386719,75,72.7272720336914,55,4.545454502105713,0,0,8.022807121276855,8589934592,2147483648,6116655104,407961600
201,1772000246871,3204,3204,3204,3204,3204,3204,3204,3204,71.42857360839844,85,77.2727279663086,80.95238494873047,27.272727966308594,9.523809432983398,0,0,8.022807121276855,8589934592,2147483648,6117031936,407961600
209,1772000247073,3204,3204,3204,3204,3204,3204,3204,3204,85.71428680419922,75,89.47368621826172,73.68421173095703,42.85714340209961,0,0,0,11.468387603759766,8589934592,2147483648,6120062976,407961600
208,1772000247283,3204,3204,3204,3204,3204,3204,3204,3204,68.42105102539063,68.18181610107422,71.42857360839844,80.95238494873047,47.36842346191406,0,0,0,11.468387603759766,8589934592,2147483648,6127648768,407961600
205,1772000247491,3204,3204,3204,3204,3204,3204,3204,3204,86.36363983154297,85,85.71428680419922,85.71428680419922,28.571430206298828,10,4.761904716491699,4.761904716491699,11.468387603759766,8589934592,2147483648,6127648768,407961600
206,1772000247697,3204,3204,3204,3204,3204,3204,3204,3204,85,80,85,90,23.809524536132813,9.523809432983398,0,0,11.468387603759766,8589934592,2147483648,6140674048,407961600
209,1772000247904,3204,3204,3204,3204,3204,3204,3204,3204,95.23809814453125,95.23809814453125,95.23809814453125,95.23809814453125,47.619049072265625,35,28.571430206298828,28.571430206298828,11.468387603759766,8589934592,2147483648,6143148032,407961600
207,1772000248114,3204,3204,3204,3204,3204,3204,3204,3204,80.95238494873047,90.47618865966797,80.95238494873047,85.71428680419922,65,33.333335876464844,23.809524536132813,14.285715103149414,11.046792984008789,8589934592,2147483648,6145474560,407961600
200,1772000248322,3204,3204,3204,3204,3204,3204,3204,3204,75,71.42857360839844,73.68421173095703,65,47.619049072265625,14.285715103149414,0,4.545454502105713,11.046792984008789,8589934592,2147483648,6137298944,407961600
208,1772000248523,3204,3204,3204,3204,3204,3204,3204,3204,85,70,76.19047546386719,61.904762268066406,75,5,4.761904716491699,0,11.046792984008789,8589934592,2147483648,6151307264,407961600
206,1772000248731,3204,3204,3204,3204,3204,3204,3204,3204,86.36363983154297,80,85.71428680419922,85,52.38095474243164,0,0,0,11.046792984008789,8589934592,2147483648,6156828672,407961600
207,1772000248938,3204,3204,3204,3204,3204,3204,3204,3204,80,80.95238494873047,80.95238494873047,85.71428680419922,52.38095474243164,5,0,4.545454502105713,11.046792984008789,8589934592,2147483648,6151585792,407961600
209,1772000249146,3204,3204,3204,3204,3204,3204,3204,3204,85.71428680419922,90,85.71428680419922,90.47618865966797,55,23.809524536132813,15.000000953674316,9.523809432983398,9.881928443908691,8589934592,2147483648,6151585792,407961600
201,1772000249356,3204,3204,3204,3204,3204,3204,3204,3204,95,90.47618865966797,90,90.47618865966797,52.38095474243164,0,4.545454502105713,0,9.881928443908691,8589934592,2147483648,6151585792,407961600
209,1772000249558,3204,3204,3204,3204,3204,3204,3204,3204,90,76.19047546386719,85.71428680419922,75,50,4.761904716491699,0,0,9.881928443908691,8589934592,2147483648,6151585792,407961600
204,1772000249768,3204,3204,3204,3204,3204,3204,3204,3204,66.66667175292969,71.42857360839844,60.000003814697266,60.000003814697266,14.285715103149414,4.761904716491699,4.761904716491699,4.761904716491699,9.881928443908691,8589934592,2147483648,6102253568,407961600
209,1772000249973,3204,3204,3204,3204,3204,3204,3204,3204,80,85,80,80,4.761904716491699,0,0,0,11.085190773010254,8589934592,2147483648,6101401600,407961600
208,1772000250183,3204,3204,3204,3204,3204,3204,3204,3204,77.2727279663086,85.71428680419922,81.81818389892578,77.2727279663086,25,23.809524536132813,14.285715103149414,4.761904716491699,11.085190773010254,8589934592,2147483648,6105677824,407961600
206,1772000250391,3204,3204,3204,3204,3204,3204,3204,3204,76.19047546386719,71.42857360839844,80,71.42857360839844,23.809524536132813,4.761904716491699,9.090909004211426,4.761904716491699,11.085190773010254,8589934592,2147483648,6098173952,407961600
207,1772000250598,3204,3204,3204,3204,3204,3204,3204,3204,70,75,80,76.19047546386719,9.090909004211426,5,0,0,11.085190773010254,8589934592,2147483648,6100729856,407961600
209,1772000250806,3204,3204,3204,3204,3204,3204,3204,3204,52.38095474243164,52.38095474243164,45.45454788208008,47.619049072265625,57.894737243652344,14.285715103149414,9.523809432983398,10,11.085190773010254,8589934592,2147483648,6102712320,407961600
207,1772000251016,3204,3204,3204,3204,3204,3204,3204,3204,60.000003814697266,55,42.85714340209961,45,47.619049072265625,13.636363983154297,9.523809432983398,4.761904716491699,9.772031784057617,8589934592,2147483648,6103891968,407961600
205,1772000251224,3204,3204,3204,3204,3204,3204,3204,3204,40,54.54545593261719,57.142860412597656,40,66.66667175292969,10,4.761904716491699,9.090909004211426,9.772031784057617,8589934592,2147483648,6105219072,407961600
209,1772000251430,3204,3204,3204,3204,3204,3204,3204,3204,54.54545593261719,65,47.36842346191406,52.38095474243164,60.000003814697266,0,0,0,9.772031784057617,8589934592,2147483648,6093897728,407961600
199,1772000251640,3204,3204,3204,3204,3204,3204,3204,3204,45,50,42.85714340209961,47.619049072265625,36.3636360168457,13.636363983154297,0,0,9.772031784057617,8589934592,2147483648,6093651968,407961600
205,1772000251840,3204,3204,3204,3204,3204,3204,3204,3204,50,50,52.38095474243164,45,60.000003814697266,4.761904716491699,0,0,9.772031784057617,8589934592,2147483648,6094733312,407961600
209,1772000252046,3204,3204,3204,3204,3204,3204,3204,3204,60.000003814697266,61.904762268066406,63.15789031982422,45,47.619049072265625,0,4.545454502105713,4.545454502105713,8.12619686126709,8589934592,2147483648,6095536128,407961600
209,1772000252255,3204,3204,3204,3204,3204,3204,3204,3204,52.38095474243164,47.619049072265625,54.54545593261719,45,40,38.095237731933594,15.000000953674316,10,8.12619686126709,8589934592,2147483648,6088687616,407961600
205,1772000252465,3204,3204,3204,3204,3204,3204,3204,3204,61.904762268066406,80.95238494873047,57.142860412597656,50,52.38095474243164,10,14.285715103149414,4.761904716491699,8.12619686126709,8589934592,2147483648,6058328064,407961600
208,1772000252671,3204,3204,3204,3204,3204,3204,3204,3204,50,45,55,45,52.38095474243164,4.761904716491699,0,0,8.12619686126709,8589934592,2147483648,6060834816,407961600
209,1772000252879,3204,3204,3204,3204,3204,3204,3204,3204,52.38095474243164,54.54545593261719,55,50,50,9.090909004211426,4.761904716491699,4.761904716491699,8.12619686126709,8589934592,2147483648,6068224000,407961600
205,1772000253089,3204,3204,3204,3204,3204,3204,3204,3204,71.42857360839844,65,61.904762268066406,70,52.38095474243164,0,0,4.545454502105713,9.579553604125977,8589934592,2147483648,6072451072,407961600
201,1772000253296,3204,3204,3204,3204,3204,3204,3204,3204,57.142860412597656,55,52.38095474243164,55,30.000001907348633,5,4.761904716491699,4.761904716491699,9.579553604125977,8589934592,2147483648,6076858368,407961600
204,1772000253498,3204,3204,3204,3204,3204,3204,3204,3204,50,52.38095474243164,60.000003814697266,33.333335876464844,57.142860412597656,15.000000953674316,5.263157844543457,0,9.579553604125977,8589934592,2147483648,6084657152,407961600
201,1772000253702,3204,3204,3204,3204,3204,3204,3204,3204,55,45,40,55,55,0,4.761904716491699,4.761904716491699,9.579553604125977,8589934592,2147483648,6086623232,407961600
208,1772000253904,3204,3204,3204,3204,3204,3204,3204,3204,60.000003814697266,40,47.619049072265625,40,21.052631378173828,4.761904716491699,0,0,9.579553604125977,8589934592,2147483648,6089211904,407961600
209,1772000254113,3204,3204,3204,3204,3204,3204,3204,3204,66.66667175292969,50,47.619049072265625,38.095237731933594,63.6363639831543,5,23.809524536132813,0,10.392783164978027,8589934592,2147483648,6090047488,407961600
201,1772000254323,3204,3204,3204,3204,3204,3204,3204,3204,57.142860412597656,50,47.619049072265625,42.85714340209961,50,4.761904716491699,0,0,10.392783164978027,8589934592,2147483648,6090489856,407961600
209,1772000254524,3204,3204,3204,3204,3204,3204,3204,3204,55,55,57.894737243652344,52.6315803527832,40,20,0,0,10.392783164978027,8589934592,2147483648,6079676416,407961600
203,1772000254734,3204,3204,3204,3204,3204,3204,3204,3204,52.38095474243164,45,47.619049072265625,47.619049072265625,54.54545593261719,9.090909004211426,9.090909004211426,4.761904716491699,10.392783164978027,8589934592,2147483648,6080512000,407961600
199,1772000254939,3204,3204,3204,3204,3204,3204,3204,3204,35,57.142860412597656,42.85714340209961,52.38095474243164,55,0,0,0,10.392783164978027,8589934592,2147483648,6082510848,407961600
209,1772000255139,3204,3204,3204,3204,3204,3204,3204,3204,47.36842346191406,42.105262756347656,57.894737243652344,40,36.842105865478516,5,0,0,8.905869483947754,8589934592,2147483648,6082641920,407961600
206,1772000255349,3204,3204,3204,3204,3204,3204,3204,3204,80.95238494873047,76.19047546386719,72.7272720336914,75,40.90909194946289,0,4.761904716491699,4.545454502105713,8.905869483947754,8589934592,2147483648,6092193792,407961600
208,1772000255555,3204,3204,3204,3204,3204,3204,3204,3204,61.904762268066406,57.142860412597656,50,55,5,4.761904716491699,0,0,8.905869483947754,8589934592,2147483648,6092193792,407961600
208,1772000255764,3204,3204,3204,3204,3204,3204,3204,3204,61.904762268066406,52.38095474243164,50,52.38095474243164,4.761904716491699,9.523809432983398,4.761904716491699,0,8.905869483947754,8589934592,2147483648,6092193792,407961600
209,1772000255973,3204,3204,3204,3204,3204,3204,3204,3204,76.19047546386719,80,85.71428680419922,76.19047546386719,52.38095474243164,36.842105865478516,33.333335876464844,38.095237731933594,9.283759117126465,8589934592,2147483648,5898698752,407961600
199,1772000256183,3204,3204,3204,3204,3204,3204,3204,3204,76.19047546386719,71.42857360839844,66.66667175292969,63.6363639831543,15.000000953674316,18.18181800842285,9.523809432983398,9.090909004211426,9.283759117126465,8589934592,2147483648,5911150592,407961600
207,1772000256383,3204,3204,3204,3204,3204,3204,3204,3204,68.42105102539063,70,76.19047546386719,60.000003814697266,45.45454788208008,5,0,0,9.283759117126465,8589934592,2147483648,5923225600,407961600
209,1772000256591,3204,3204,3204,3204,3204,3204,3204,3204,85.71428680419922,85.71428680419922,73.68421173095703,76.19047546386719,47.36842346191406,40,28.571430206298828,31.81818199157715,9.283759117126465,8589934592,2147483648,5938446336,407961600
204,1772000256801,3204,3204,3204,3204,3204,3204,3204,3204,57.142860412597656,55,57.142860412597656,70,47.619049072265625,18.18181800842285,13.636363983154297,9.523809432983398,9.283759117126465,8589934592,2147483648,5940887552,407961600
206,1772000257006,3204,3204,3204,3204,3204,3204,3204,3204,60.000003814697266,52.38095474243164,66.66667175292969,60.000003814697266,25,5.263157844543457,5,4.761904716491699,8.719987869262695,8589934592,2147483648,5939396608,407961600
207,1772000257213,3204,3204,3204,3204,3204,3204,3204,3204,61.904762268066406,60.000003814697266,50,71.42857360839844,47.619049072265625,0,0,0,8.719987869262695,8589934592,2147483648,5950832640,407961600
203,1772000257421,3204,3204,3204,3204,3204,3204,3204,3204,57.142860412597656,59.09090805053711,52.38095474243164,52.38095474243164,30.000001907348633,4.545454502105713,0,0,8.719987869262695,8589934592,2147483648,5951094784,407961600
209,1772000257625,3204,3204,3204,3204,3204,3204,3204,3204,50,55,57.142860412597656,55,38.095237731933594,5,5,0,8.719987869262695,8589934592,2147483648,5965676544,407961600
205,1772000257835,3204,3204,3204,3204,3204,3204,3204,3204,45,45,52.6315803527832,40,60.000003814697266,4.761904716491699,4.761904716491699,0,8.719987869262695,8589934592,2147483648,5968953344,407961600
204,1772000258041,3204,3204,3204,3204,3204,3204,3204,3204,60.000003814697266,47.619049072265625,42.85714340209961,57.142860412597656,40.90909194946289,20,0,4.761904716491699,9.734869003295898,8589934592,2147483648,5980471296,407961600
203,1772000258246,3204,3204,3204,3204,3204,3204,3204,3204,40,40,57.142860412597656,45,84.21052551269531,0,0,0,9.734869003295898,8589934592,2147483648,5988876288,407961600
205,1772000258450,3204,3204,3204,3204,3204,3204,3204,3204,52.38095474243164,45,45,52.38095474243164,40,9.523809432983398,0,0,9.734869003295898,8589934592,2147483648,5976080384,407961600
209,1772000258655,3204,3204,3204,3204,3204,3204,3204,3204,52.38095474243164,52.38095474243164,60.000003814697266,35,66.66667175292969,4.761904716491699,4.761904716491699,0,9.734869003295898,8589934592,2147483648,5986910208,407961600
209,1772000258866,3204,3204,3204,3204,3204,3204,3204,3204,57.142860412597656,45,54.54545593261719,57.142860412597656,76.19047546386719,23.809524536132813,5,4.545454502105713,9.734869003295898,8589934592,2147483648,5982519296,407961600
209,1772000259075,3204,3204,3204,3204,3204,3204,3204,3204,65,71.42857360839844,55,50,19.047618865966797,23.809524536132813,4.761904716491699,0,9.871991157531738,8589934592,2147483648,5982601216,407961600
202,1772000259286,3204,3204,3204,3204,3204,3204,3204,3204,40.90909194946289,61.904762268066406,42.85714340209961,38.095237731933594,70,10,13.043478012084961,22.72727394104004,9.871991157531738,8589934592,2147483648,6001197056,407961600
200,1772000259489,3204,3204,3204,3204,3204,3204,3204,3204,52.6315803527832,57.142860412597656,45,45.45454788208008,52.38095474243164,4.761904716491699,0,0,9.871991157531738,8589934592,2147483648,5993480192,407961600
205,1772000259689,3204,3204,3204,3204,3204,3204,3204,3204,55,50,40,42.105262756347656,20,15.000000953674316,4.761904716491699,0,9.871991157531738,8589934592,2147483648,5996412928,407961600
203,1772000259895,3204,3204,3204,3204,3204,3204,3204,3204,60.000003814697266,63.15789031982422,57.142860412597656,52.38095474243164,20,19.047618865966797,10,4.545454502105713,9.871991157531738,8589934592,2147483648,6001590272,407961600
207,1772000260099,3204,3204,3204,3204,3204,3204,3204,3204,55,42.85714340209961,50,42.105262756347656,10,0,0,0,11.161186218261719,8589934592,2147483648,6002819072,407961600
209,1772000260306,3204,3204,3204,3204,3204,3204,3204,3204,50,60.000003814697266,52.38095474243164,47.619049072265625,9.523809432983398,9.523809432983398,4.761904716491699,0,11.161186218261719,8589934592,2147483648,6005571584,407961600
208,1772000260516,3204,3204,3204,3204,3204,3204,3204,3204,68.18181610107422,47.619049072265625,55,50,14.285715103149414,0,0,36.3636360168457,11.161186218261719,8589934592,2147483648,6007357440,407961600
204,1772000260725,3204,3204,3204,3204,3204,3204,3204,3204,52.38095474243164,50,52.38095474243164,42.85714340209961,60.000003814697266,0,0,0,11.161186218261719,8589934592,2147483648,6007472128,407961600
208,1772000260929,3204,3204,3204,3204,3204,3204,3204,3204,60.000003814697266,50,60.000003814697266,47.619049072265625,61.904762268066406,15.000000953674316,13.636363983154297,5,11.161186218261719,8589934592,2147483648,6008963072,407961600
204,1772000261138,3204,3204,3204,3204,3204,3204,3204,3204,60.000003814697266,45,50,45,61.904762268066406,4.545454502105713,0,0,9.965282440185547,8589934592,2147483648,6011158528,407961600
209,1772000261343,3204,3204,3204,3204,3204,3204,3204,3204,61.904762268066406,50,35,42.85714340209961,50,15.000000953674316,0,0,9.965282440185547,8589934592,2147483648,6011846656,407961600
208,1772000261553,3204,3204,3204,3204,3204,3204,3204,3204,54.54545593261719,57.142860412597656,45,54.54545593261719,15.000000953674316,0,0,0,9.965282440185547,8589934592,2147483648,6016745472,407961600
209,1772000261762,3204,3204,3204,3204,3204,3204,3204,3204,45,57.142860412597656,57.142860412597656,45,65.21739196777344,4.545454502105713,4.545454502105713,4.545454502105713,9.965282440185547,8589934592,2147483648,6016745472,407961600
204,1772000261973,3204,3204,3204,3204,3204,3204,3204,3204,55,50,42.85714340209961,42.85714340209961,57.142860412597656,4.545454502105713,0,0,9.578839302062988,8589934592,2147483648,6016745472,407961600
206,1772000262177,3204,3204,3204,3204,3204,3204,3204,3204,52.38095474243164,47.619049072265625,55,45,26.3157901763916,5,10,0,9.578839302062988,8589934592,2147483648,6018007040,407961600
209,1772000262384,3204,3204,3204,3204,3204,3204,3204,3204,55,42.85714340209961,52.38095474243164,50,47.619049072265625,10,0,14.285715103149414,9.578839302062988,8589934592,2147483648,6018383872,407961600
202,1772000262593,3204,3204,3204,3204,3204,3204,3204,3204,42.85714340209961,57.142860412597656,47.619049072265625,42.85714340209961,80,0,0,0,9.578839302062988,8589934592,2147483648,6018449408,407961600
209,1772000262796,3204,3204,3204,3204,3204,3204,3204,3204,40,57.894737243652344,45,40,31.81818199157715,14.285715103149414,9.523809432983398,10,9.578839302062988,8589934592,2147483648,6018449408,407961600
206,1772000263006,3204,3204,3204,3204,3204,3204,3204,3204,52.38095474243164,52.38095474243164,57.142860412597656,45.45454788208008,50,40,5,4.761904716491699,9.427730560302734,8589934592,2147483648,6020595712,407961600
209,1772000263213,3204,3204,3204,3204,3204,3204,3204,3204,65,38.095237731933594,47.619049072265625,45,76.19047546386719,9.523809432983398,9.090909004211426,0,9.427730560302734,8589934592,2147483648,6009143296,407961600
200,1772000263423,3204,3204,3204,3204,3204,3204,3204,3204,54.54545593261719,52.38095474243164,40,38.095237731933594,40,9.523809432983398,4.761904716491699,0,9.427730560302734,8589934592,2147483648,5993971712,407961600
200,1772000263623,3204,3204,3204,3204,3204,3204,3204,3204,42.105262756347656,45,40,50,80.95238494873047,5,0,0,9.427730560302734,8589934592,2147483648,6008799232,407961600
204,1772000263824,3204,3204,3204,3204,3204,3204,3204,3204,60.000003814697266,52.6315803527832,50,30.000001907348633,75,20,0,0,9.427730560302734,8589934592,2147483648,6011486208,407961600
209,1772000264029,3204,3204,3204,3204,3204,3204,3204,3204,42.85714340209961,57.142860412597656,42.85714340209961,45,36.842105865478516,5,10,0,9.87285327911377,8589934592,2147483648,6013353984,407961600
206,1772000264240,3204,3204,3204,3204,3204,3204,3204,3204,47.619049072265625,47.619049072265625,38.095237731933594,52.38095474243164,77.2727279663086,4.761904716491699,9.090909004211426,0,9.87285327911377,8589934592,2147483648,6011846656,407961600
201,1772000264447,3204,3204,3204,3204,3204,3204,3204,3204,45,50,52.38095474243164,40,90,4.761904716491699,0,4.761904716491699,9.87285327911377,8589934592,2147483648,6012092416,407961600
208,1772000264649,3204,3204,3204,3204,3204,3204,3204,3204,52.38095474243164,47.619049072265625,47.36842346191406,40.90909194946289,40,0,0,0,9.87285327911377,8589934592,2147483648,6014173184,407961600
209,1772000264858,3204,3204,3204,3204,3204,3204,3204,3204,47.36842346191406,52.38095474243164,38.095237731933594,50,80.95238494873047,23.809524536132813,0,0,9.87285327911377,8589934592,2147483648,6014189568,407961600
209,1772000265068,3204,3204,3204,3204,3204,3204,3204,3204,45.45454788208008,65,52.38095474243164,42.85714340209961,77.2727279663086,14.285715103149414,4.761904716491699,4.761904716491699,10.441051483154297,8589934592,2147483648,6026133504,407961600
205,1772000265278,3204,3204,3204,3204,3204,3204,3204,3204,52.38095474243164,57.142860412597656,35,52.38095474243164,45,14.285715103149414,10,0,10.441051483154297,8589934592,2147483648,6012698624,407961600
203,1772000265484,3204,3204,3204,3204,3204,3204,3204,3204,40,47.619049072265625,47.619049072265625,35,61.904762268066406,0,4.545454502105713,4.545454502105713,10.441051483154297,8589934592,2147483648,6012731392,407961600
209,1772000265689,3204,3204,3204,3204,3204,3204,3204,3204,47.619049072265625,55,42.85714340209961,45,57.142860412597656,4.761904716491699,0,0,10.441051483154297,8589934592,2147483648,6012633088,407961600
202,1772000265898,3204,3204,3204,3204,3204,3204,3204,3204,52.38095474243164,57.142860412597656,38.095237731933594,42.85714340209961,35,0,4.761904716491699,0,10.441051483154297,8589934592,2147483648,6014238720,407961600
200,1772000266101,3204,3204,3204,3204,3204,3204,3204,3204,47.36842346191406,40,47.36842346191406,47.619049072265625,85,4.761904716491699,0,0,10.542452812194824,8589934592,2147483648,6014091264,407961600
209,1772000266302,3204,3204,3204,3204,3204,3204,3204,3204,45,55,31.57894515991211,47.36842346191406,70,5,0,0,10.542452812194824,8589934592,2147483648,6014369792,407961600
208,1772000266513,3204,3204,3204,3204,3204,3204,3204,3204,38.095237731933594,47.619049072265625,54.54545593261719,42.85714340209961,33.333335876464844,4.761904716491699,0,0,10.542452812194824,8589934592,2147483648,6014402560,407961600
209,1772000266721,3204,3204,3204,3204,3204,3204,3204,3204,42.85714340209961,45,45,47.619049072265625,38.095237731933594,4.545454502105713,0,57.142860412597656,10.542452812194824,8589934592,2147483648,6009569280,407961600
204,1772000266931,3204,3204,3204,3204,3204,3204,3204,3204,42.85714340209961,61.904762268066406,57.142860412597656,36.3636360168457,0,0,4.545454502105713,100,10.542452812194824,8589934592,2147483648,6009618432,407961600
208,1772000267136,3204,3204,3204,3204,3204,3204,3204,3204,61.904762268066406,50,40.90909194946289,31.57894515991211,9.523809432983398,0,0,26.3157901763916,9.489350318908691,8589934592,2147483648,6009651200,407961600
209,1772000267345,3204,3204,3204,3204,3204,3204,3204,3204,60.000003814697266,50,45,61.904762268066406,47.619049072265625,28.571430206298828,35,0,9.489350318908691,8589934592,2147483648,6014091264,407961600
209,1772000267555,3204,3204,3204,3204,3204,3204,3204,3204,60.000003814697266,40,42.85714340209961,47.619049072265625,30.000001907348633,0,33.333335876464844,40.90909194946289,9.489350318908691,8589934592,2147483648,6031015936,407961600
200,1772000267764,3204,3204,3204,3204,3204,3204,3204,3204,54.54545593261719,52.38095474243164,40,52.38095474243164,4.761904716491699,38.095237731933594,0,0,9.489350318908691,8589934592,2147483648,6031294464,407961600
206,1772000267965,3204,3204,3204,3204,3204,3204,3204,3204,65,55,42.85714340209961,42.105262756347656,45,50,38.095237731933594,47.619049072265625,9.489350318908691,8589934592,2147483648,6031147008,407961600
209,1772000268173,3204,3204,3204,3204,3204,3204,3204,3204,45,57.142860412597656,40,45.45454788208008,14.285715103149414,85,5,0,10.182638168334961,8589934592,2147483648,6031147008,407961600
205,1772000268383,3204,3204,3204,3204,3204,3204,3204,3204,52.38095474243164,52.38095474243164,57.142860412597656,45,4.761904716491699,13.636363983154297,14.285715103149414,36.3636360168457,10.182638168334961,8589934592,2147483648,6021988352,407961600
208,1772000268588,3204,3204,3204,3204,3204,3204,3204,3204,50,50,47.619049072265625,38.095237731933594,22.72727394104004,66.66667175292969,23.809524536132813,0,10.182638168334961,8589934592,2147483648,6030950400,407961600
200,1772000268797,3204,3204,3204,3204,3204,3204,3204,3204,52.38095474243164,52.38095474243164,40,38.095237731933594,47.36842346191406,14.285715103149414,4.761904716491699,0,10.182638168334961,8589934592,2147483648,6010847232,407961600
207,1772000268997,3204,3204,3204,3204,3204,3204,3204,3204,60.000003814697266,57.894737243652344,47.36842346191406,47.36842346191406,25,0,0,4.761904716491699,10.87578296661377,8589934592,2147483648,5998968832,407961600
201,1772000269205,3204,3204,3204,3204,3204,3204,3204,3204,55,50,40.90909194946289,47.619049072265625,76.19047546386719,14.285715103149414,4.761904716491699,20,10.87578296661377,8589934592,2147483648,6013894656,407961600
206,1772000269408,3204,3204,3204,3204,3204,3204,3204,3204,57.142860412597656,47.36842346191406,45,60.000003814697266,40,42.85714340209961,0,9.523809432983398,10.87578296661377,8589934592,2147483648,6008832000,407961600
207,1772000269615,3204,3204,3204,3204,3204,3204,3204,3204,60.000003814697266,57.142860412597656,55,40.90909194946289,23.809524536132813,5,0,0,10.87578296661377,8589934592,2147483648,6000803840,407961600
206,1772000269823,3204,3204,3204,3204,3204,3204,3204,3204,42.85714340209961,47.619049072265625,50,45,90,28.571430206298828,9.523809432983398,0,10.87578296661377,8589934592,2147483648,6020202496,407961600
200,1772000270029,3204,3204,3204,3204,3204,3204,3204,3204,47.36842346191406,60.000003814697266,40.90909194946289,45,38.095237731933594,0,33.333335876464844,4.545454502105713,11.190367698669434,8589934592,2147483648,6009962496,407961600
209,1772000270230,3204,3204,3204,3204,3204,3204,3204,3204,47.619049072265625,50,45,47.36842346191406,84.21052551269531,0,5,0,11.190367698669434,8589934592,2147483648,6016860160,407961600
203,1772000270440,3204,3204,3204,3204,3204,3204,3204,3204,63.6363639831543,52.38095474243164,42.85714340209961,40.90909194946289,71.42857360839844,4.545454502105713,9.523809432983398,0,11.190367698669434,8589934592,2147483648,6008750080,407961600
202,1772000270643,3204,3204,3204,3204,3204,3204,3204,3204,57.894737243652344,61.904762268066406,68.42105102539063,60.000003814697266,9.523809432983398,0,4.761904716491699,0,11.190367698669434,8589934592,2147483648,6012813312,407961600
208,1772000270846,3204,3204,3204,3204,3204,3204,3204,3204,55,52.6315803527832,57.142860412597656,52.38095474243164,25,15.000000953674316,0,0,11.190367698669434,8589934592,2147483648,6030163968,407961600
207,1772000271055,3204,3204,3204,3204,3204,3204,3204,3204,65,61.904762268066406,60.000003814697266,55,4.761904716491699,4.761904716491699,0,0,11.87170696258545,8589934592,2147483648,6043500544,407961600
203,1772000271262,3204,3204,3204,3204,3204,3204,3204,3204,57.142860412597656,57.142860412597656,47.619049072265625,60.000003814697266,35,15.000000953674316,0,0,11.87170696258545,8589934592,2147483648,6039027712,407961600
209,1772000271466,3204,3204,3204,3204,3204,3204,3204,3204,55,57.894737243652344,55,61.904762268066406,25,42.85714340209961,14.285715103149414,9.523809432983398,11.87170696258545,8589934592,2147483648,6039240704,407961600
205,1772000271676,3204,3204,3204,3204,3204,3204,3204,3204,45.45454788208008,57.142860412597656,57.142860412597656,40,45.45454788208008,19.047618865966797,15.000000953674316,9.523809432983398,11.87170696258545,8589934592,2147483648,6022643712,407961600
206,1772000271882,3204,3204,3204,3204,3204,3204,3204,3204,50,50,55,54.54545593261719,14.285715103149414,10,4.761904716491699,0,11.87170696258545,8589934592,2147483648,6022938624,407961600
208,1772000272089,3204,3204,3204,3204,3204,3204,3204,3204,45,65,38.095237731933594,40,10,13.636363983154297,4.761904716491699,0,9.751045227050781,8589934592,2147483648,6023495680,407961600
207,1772000272298,3204,3204,3204,3204,3204,3204,3204,3204,59.09090805053711,57.142860412597656,52.38095474243164,60.000003814697266,4.545454502105713,0,0,4.545454502105713,9.751045227050781,8589934592,2147483648,6022070272,407961600
208,1772000272505,3204,3204,3204,3204,3204,3204,3204,3204,55,50,47.619049072265625,47.619049072265625,60.000003814697266,9.523809432983398,9.523809432983398,0,9.751045227050781,8589934592,2147483648,6021251072,407961600
206,1772000272714,3204,3204,3204,3204,3204,3204,3204,3204,52.38095474243164,50,52.6315803527832,38.095237731933594,15.000000953674316,5,0,4.761904716491699,9.751045227050781,8589934592,2147483648,6021431296,407961600
209,1772000272921,3204,3204,3204,3204,3204,3204,3204,3204,65,57.142860412597656,68.18181610107422,60.000003814697266,38.095237731933594,33.333335876464844,47.619049072265625,30.000001907348633,9.751045227050781,8589934592,2147483648,6022103040,407961600
208,1772000273131,3204,3204,3204,3204,3204,3204,3204,3204,33.333335876464844,42.85714340209961,76.19047546386719,28.571430206298828,14.285715103149414,10,14.285715103149414,9.090909004211426,7.897055149078369,8589934592,2147483648,6023872512,407961600
201,1772000273339,3204,3204,3204,3204,3204,3204,3204,3204,66.66667175292969,38.095237731933594,42.85714340209961,45,42.85714340209961,4.761904716491699,4.761904716491699,4.761904716491699,7.897055149078369,8589934592,2147483648,6023872512,407961600
209,1772000273541,3204,3204,3204,3204,3204,3204,3204,3204,55,55,50,42.85714340209961,26.3157901763916,10,20,5,7.897055149078369,8589934592,2147483648,6027444224,407961600
204,1772000273752,3204,3204,3204,3204,3204,3204,3204,3204,57.142860412597656,50,50,47.619049072265625,27.272727966308594,47.619049072265625,4.761904716491699,9.523809432983398,7.897055149078369,8589934592,2147483648,6026182656,407961600
205,1772000273956,3204,3204,3204,3204,3204,3204,3204,3204,52.38095474243164,47.36842346191406,61.904762268066406,57.142860412597656,10,14.285715103149414,0,4.761904716491699,7.897055149078369,8589934592,2147483648,6026379264,407961600
209,1772000274162,3204,3204,3204,3204,3204,3204,3204,3204,84.21052551269531,76.19047546386719,85.71428680419922,90,20,23.809524536132813,33.333335876464844,0,7.301655292510986,8589934592,2147483648,6027771904,407961600
207,1772000274372,3204,3204,3204,3204,3204,3204,3204,3204,63.6363639831543,66.66667175292969,70,61.904762268066406,36.3636360168457,4.761904716491699,9.523809432983398,0,7.301655292510986,8589934592,2147483648,6031458304,407961600
209,1772000274580,3204,3204,3204,3204,3204,3204,3204,3204,65,66.66667175292969,66.66667175292969,60.000003814697266,5,0,4.761904716491699,4.761904716491699,7.301655292510986,8589934592,2147483648,6032408576,407961600
205,1772000274790,3204,3204,3204,3204,3204,3204,3204,3204,61.904762268066406,66.66667175292969,66.66667175292969,61.904762268066406,50,9.523809432983398,9.523809432983398,0,7.301655292510986,8589934592,2147483648,6033833984,407961600
209,1772000274996,3204,3204,3204,3204,3204,3204,3204,3204,57.142860412597656,65,57.142860412597656,72.7272720336914,47.619049072265625,4.761904716491699,0,0,7.138941764831543,8589934592,2147483648,6034554880,407961600
205,1772000275206,3204,3204,3204,3204,3204,3204,3204,3204,76.19047546386719,85.71428680419922,75,80,0,4.761904716491699,0,0,7.138941764831543,8589934592,2147483648,6033866752,407961600
209,1772000275412,3204,3204,3204,3204,3204,3204,3204,3204,50,40,55,60.000003814697266,0,0,0,0,7.138941764831543,8589934592,2147483648,6034014208,407961600
199,1772000275622,3204,3204,3204,3204,3204,3204,3204,3204,63.6363639831543,59.09090805053711,59.09090805053711,52.38095474243164,4.545454502105713,0,0,0,7.138941764831543,8589934592,2147483648,6033408000,407961600
207,1772000275823,3204,3204,3204,3204,3204,3204,3204,3204,57.894737243652344,68.42105102539063,50,61.904762268066406,25,31.57894515991211,15.000000953674316,0,7.138941764831543,8589934592,2147483648,6035079168,407961600
206,1772000276030,3204,3204,3204,3204,3204,3204,3204,3204,54.54545593261719,52.38095474243164,60.000003814697266,40,38.095237731933594,36.3636360168457,19.047618865966797,33.333335876464844,8.03128719329834,8589934592,2147483648,6022250496,407961600
200,1772000276237,3204,3204,3204,3204,3204,3204,3204,3204,52.6315803527832,76.19047546386719,52.38095474243164,60.000003814697266,60.000003814697266,5,0,55,8.03128719329834,8589934592,2147483648,6022414336,407961600
200,1772000276438,3204,3204,3204,3204,3204,3204,3204,3204,50,45,55,40,100,5,0,0,8.03128719329834,8589934592,2147483648,6022414336,407961600
209,1772000276640,3204,3204,3204,3204,3204,3204,3204,3204,61.904762268066406,50,50,42.85714340209961,5,0,52.38095474243164,4.761904716491699,8.03128719329834,8589934592,2147483648,6022807552,407961600
205,1772000276849,3204,3204,3204,3204,3204,3204,3204,3204,45,50,57.142860412597656,42.85714340209961,68.18181610107422,18.18181800842285,55,0,8.03128719329834,8589934592,2147483648,6023069696,407961600
200,1772000277055,3204,3204,3204,3204,3204,3204,3204,3204,60.000003814697266,42.85714340209961,42.85714340209961,52.38095474243164,65,0,14.285715103149414,0,7.227437973022461,8589934592,2147483648,6023069696,407961600
206,1772000277256,3204,3204,3204,3204,3204,3204,3204,3204,55,65,50,42.105262756347656,5,42.105262756347656,9.523809432983398,0,7.227437973022461,8589934592,2147483648,6023069696,407961600
209,1772000277463,3204,3204,3204,3204,3204,3204,3204,3204,59.09090805053711,45,47.36842346191406,45,15.000000953674316,80.95238494873047,10,14.285715103149414,7.227437973022461,8589934592,2147483648,6023069696,407961600
205,1772000277673,3204,3204,3204,3204,3204,3204,3204,3204,60.000003814697266,52.38095474243164,40.90909194946289,38.095237731933594,36.3636360168457,72.7272720336914,4.761904716491699,9.090909004211426,7.227437973022461,8589934592,2147483648,6030589952,407961600
209,1772000277879,3204,3204,3204,3204,3204,3204,3204,3204,45,59.09090805053711,45,52.38095474243164,40,10,4.761904716491699,5.263157844543457,7.227437973022461,8589934592,2147483648,6031114240,407961600
203,1772000278089,3204,3204,3204,3204,3204,3204,3204,3204,54.54545593261719,55,42.85714340209961,47.619049072265625,50,70,19.047618865966797,4.545454502105713,12.018199920654297,8589934592,2147483648,6031130624,407961600
205,1772000278292,3204,3204,3204,3204,3204,3204,3204,3204,55,47.36842346191406,55,42.85714340209961,54.54545593261719,35,20,9.523809432983398,12.018199920654297,8589934592,2147483648,6033375232,407961600
209,1772000278498,3204,3204,3204,3204,3204,3204,3204,3204,50,45.45454788208008,40,50,5.263157844543457,31.81818199157715,35,0,12.018199920654297,8589934592,2147483648,6019956736,407961600
209,1772000278708,3204,3204,3204,3204,3204,3204,3204,3204,59.09090805053711,40,42.85714340209961,33.333335876464844,18.18181800842285,15.000000953674316,57.142860412597656,19.047618865966797,12.018199920654297,8589934592,2147483648,6020317184,407961600
209,1772000278918,3204,3204,3204,3204,3204,3204,3204,3204,65,47.619049072265625,42.85714340209961,42.85714340209961,60.000003814697266,42.85714340209961,4.545454502105713,0,12.018199920654297,8589934592,2147483648,6021283840,407961600
209,1772000279128,3204,3204,3204,3204,3204,3204,3204,3204,45,52.38095474243164,42.85714340209961,45,68.18181610107422,9.090909004211426,0,42.85714340209961,10.758360862731934,8589934592,2147483648,6021791744,407961600
205,1772000279338,3204,3204,3204,3204,3204,3204,3204,3204,54.54545593261719,42.85714340209961,45.45454788208008,38.095237731933594,0,0,0,100,10.758360862731934,8589934592,2147483648,6023905280,407961600
203,1772000279543,3204,3204,3204,3204,3204,3204,3204,3204,47.619049072265625,38.095237731933594,50,50,0,0,0,42.85714340209961,10.758360862731934,8589934592,2147483648,6024462336,407961600
206,1772000279747,3204,3204,3204,3204,3204,3204,3204,3204,40,40,60.000003814697266,33.333335876464844,0,95.23809814453125,0,0,10.758360862731934,8589934592,2147483648,6024478720,407961600
207,1772000279954,3204,3204,3204,3204,3204,3204,3204,3204,36.842105865478516,45,52.38095474243164,52.38095474243164,47.619049072265625,57.894737243652344,0,0,10.758360862731934,8589934592,2147483648,6024593408,407961600
206,1772000280162,3204,3204,3204,3204,3204,3204,3204,3204,68.18181610107422,52.38095474243164,55,57.142860412597656,23.809524536132813,42.85714340209961,42.85714340209961,18.18181800842285,12.031543731689453,8589934592,2147483648,6031949824,407961600
205,1772000280369,3204,3204,3204,3204,3204,3204,3204,3204,50,61.904762268066406,52.38095474243164,47.36842346191406,0,100,0,0,12.031543731689453,8589934592,2147483648,6032261120,407961600
206,1772000280575,3204,3204,3204,3204,3204,3204,3204,3204,66.66667175292969,50,55,57.142860412597656,40,57.142860412597656,0,0,12.031543731689453,8589934592,2147483648,6031720448,407961600
209,1772000280781,3204,3204,3204,3204,3204,3204,3204,3204,60.000003814697266,50,57.142860412597656,47.619049072265625,13.636363983154297,35,20,10.526315689086914,12.031543731689453,8589934592,2147483648,6035734528,407961600
207,1772000280992,3204,3204,3204,3204,3204,3204,3204,3204,57.142860412597656,52.38095474243164,47.619049072265625,60.000003814697266,0,4.761904716491699,81.81818389892578,22.72727394104004,10.949402809143066,8589934592,2147483648,6036111360,407961600
204,1772000281200,3204,3204,3204,3204,3204,3204,3204,3204,52.38095474243164,52.38095474243164,47.619049072265625,52.38095474243164,70,4.761904716491699,0,0,10.949402809143066,8589934592,2147483648,6035980288,407961600
209,1772000281405,3204,3204,3204,3204,3204,3204,3204,3204,50,52.38095474243164,55,50,66.66667175292969,0,0,0,10.949402809143066,8589934592,2147483648,6036324352,407961600
205,1772000281615,3204,3204,3204,3204,3204,3204,3204,3204,61.904762268066406,38.095237731933594,42.85714340209961,55,66.66667175292969,8.69565200805664,0,0,10.949402809143066,8589934592,2147483648,6037880832,407961600
209,1772000281821,3204,3204,3204,3204,3204,3204,3204,3204,57.142860412597656,52.6315803527832,45,47.619049072265625,50,0,0,0,10.949402809143066,8589934592,2147483648,6039060480,407961600
208,1772000282031,3204,3204,3204,3204,3204,3204,3204,3204,60.000003814697266,59.09090805053711,57.142860412597656,45,42.85714340209961,0,0,0,11.991250991821289,8589934592,2147483648,6026706944,407961600
207,1772000282239,3204,3204,3204,3204,3204,3204,3204,3204,52.38095474243164,50,55,42.85714340209961,55,14.285715103149414,5,9.523809432983398,11.991250991821289,8589934592,2147483648,6044794880,407961600
206,1772000282447,3204,3204,3204,3204,3204,3204,3204,3204,55,52.38095474243164,57.142860412597656,50,38.095237731933594,0,4.761904716491699,0,11.991250991821289,8589934592,2147483648,6044794880,407961600
201,1772000282654,3204,3204,3204,3204,3204,3204,3204,3204,52.38095474243164,47.36842346191406,42.85714340209961,42.85714340209961,38.095237731933594,4.761904716491699,0,0,11.991250991821289,8589934592,2147483648,6044794880,407961600
208,1772000282857,3204,3204,3204,3204,3204,3204,3204,3204,50,42.85714340209961,50,50,75,0,0,0,11.991250991821289,8589934592,2147483648,6065176576,407961600
209,1772000283066,3204,3204,3204,3204,3204,3204,3204,3204,66.66667175292969,52.38095474243164,50,35,19.047618865966797,4.761904716491699,0,0,9.775710105895996,8589934592,2147483648,6055559168,407961600
201,1772000283276,3204,3204,3204,3204,3204,3204,3204,3204,52.38095474243164,42.85714340209961,47.619049072265625,40.90909194946289,61.904762268066406,35,4.761904716491699,0,9.775710105895996,8589934592,2147483648,6052495360,407961600
200,1772000283478,3204,3204,3204,3204,3204,3204,3204,3204,60.000003814697266,47.36842346191406,40,42.105262756347656,90,4.761904716491699,0,0,9.775710105895996,8589934592,2147483648,6048677888,407961600
201,1772000283679,3204,3204,3204,3204,3204,3204,3204,3204,68.42105102539063,65,66.66667175292969,65,15.789472579956055,10,5,5,9.775710105895996,8589934592,2147483648,6071549952,407961600
200,1772000283881,3204,3204,3204,3204,3204,3204,3204,3204,61.904762268066406,66.66667175292969,47.36842346191406,57.142860412597656,31.81818199157715,14.285715103149414,0,0,9.775710105895996,8589934592,2147483648,6069993472,407961600
210,1772000284081,3204,3204,3204,3204,3204,3204,3204,3204,57.894737243652344,57.894737243652344,55,55,42.105262756347656,10.526315689086914,0,0,10.168758392333984,8589934592,2147483648,6085525504,407961600
209,1772000284292,3204,3204,3204,3204,3204,3204,3204,3204,80.95238494873047,80.95238494873047,80.95238494873047,85,23.809524536132813,14.285715103149414,4.761904716491699,9.090909004211426,10.168758392333984,8589934592,2147483648,6087114752,407961600
203,1772000284502,3204,3204,3204,3204,3204,3204,3204,3204,90.47618865966797,85.71428680419922,80.95238494873047,85.71428680419922,80,19.047618865966797,10,20,10.168758392333984,8589934592,2147483648,6087114752,407961600
200,1772000284705,3204,3204,3204,3204,3204,3204,3204,3204,52.38095474243164,52.38095474243164,52.38095474243164,50,42.85714340209961,0,0,0,10.168758392333984,8589934592,2147483648,6087114752,407961600
206,1772000284906,3204,3204,3204,3204,3204,3204,3204,3204,65,60.000003814697266,63.15789031982422,61.904762268066406,15.789472579956055,15.000000953674316,5,9.523809432983398,10.168758392333984,8589934592,2147483648,6111444992,407961600
208,1772000285113,3204,3204,3204,3204,3204,3204,3204,3204,85,89.47368621826172,90.47618865966797,85,63.6363639831543,57.142860412597656,28.571430206298828,27.272727966308594,9.32660961151123,8589934592,2147483648,6132924416,407961600
202,1772000285321,3204,3204,3204,3204,3204,3204,3204,3204,95,86.36363983154297,85.71428680419922,86.36363983154297,47.619049072265625,19.047618865966797,5,5,9.32660961151123,8589934592,2147483648,6134185984,407961600
209,1772000285524,3204,3204,3204,3204,3204,3204,3204,3204,90.47618865966797,90,85,84.21052551269531,10.526315689086914,5,0,0,9.32660961151123,8589934592,2147483648,6124781568,407961600
203,1772000285734,3204,3204,3204,3204,3204,3204,3204,3204,85.71428680419922,95.23809814453125,95.23809814453125,81.81818389892578,10,19.047618865966797,13.636363983154297,4.761904716491699,9.32660961151123,8589934592,2147483648,6124781568,407961600
199,1772000285937,3204,3204,3204,3204,3204,3204,3204,3204,85,90,85,90,9.090909004211426,5,0,4.761904716491699,9.32660961151123,8589934592,2147483648,6127534080,407961600
209,1772000286138,3204,3204,3204,3204,3204,3204,3204,3204,90,84.21052551269531,90,90,5.263157844543457,9.523809432983398,65,0,10.293566703796387,8589934592,2147483648,6128664576,407961600
216,1772000286347,3204,3204,3204,3204,3204,3204,3204,3204,85.71428680419922,90.90909576416016,90.47618865966797,90.47618865966797,22.72727394104004,14.285715103149414,9.523809432983398,4.761904716491699,10.293566703796387,8589934592,2147483648,6130352128,407961600
204,1772000286564,3204,3204,3204,3204,3204,3204,3204,3204,95.45454406738281,90.90909576416016,90.90909576416016,90.47618865966797,38.095237731933594,33.333335876464844,23.809524536132813,30.434782028198242,10.293566703796387,8589934592,2147483648,6131187712,407961600
207,1772000286768,3204,3204,3204,3204,3204,3204,3204,3204,76.19047546386719,85,90,85,33.333335876464844,35,19.047618865966797,10,10.293566703796387,8589934592,2147483648,6122422272,407961600
201,1772000286975,3204,3204,3204,3204,3204,3204,3204,3204,90,95.23809814453125,90.47618865966797,90.47618865966797,15.000000953674316,14.285715103149414,9.523809432983398,0,10.239651679992676,8589934592,2147483648,6121504768,407961600
202,1772000287178,3204,3204,3204,3204,3204,3204,3204,3204,80,84.21052551269531,85.71428680419922,90,45,45,45,30.000001907348633,10.239651679992676,8589934592,2147483648,6130827264,407961600
203,1772000287380,3204,3204,3204,3204,3204,3204,3204,3204,85,85.71428680419922,89.47368621826172,80,20,20,10,10,10.239651679992676,8589934592,2147483648,6117801984,407961600
206,1772000287584,3204,3204,3204,3204,3204,3204,3204,3204,95,85,85,90.47618865966797,23.809524536132813,14.285715103149414,5,5,10.239651679992676,8589934592,2147483648,6119243776,407961600
205,1772000287791,3204,3204,3204,3204,3204,3204,3204,3204,80.95238494873047,86.36363983154297,95.23809814453125,90,28.571430206298828,4.761904716491699,0,0,10.239651679992676,8589934592,2147483648,6120259584,407961600
209,1772000287997,3204,3204,3204,3204,3204,3204,3204,3204,80,80,90.47618865966797,90.47618865966797,5.263157844543457,10,4.761904716491699,9.090909004211426,9.607805252075195,8589934592,2147483648,6119473152,407961600
206,1772000288207,3204,3204,3204,3204,3204,3204,3204,3204,81.81818389892578,95,90.47618865966797,85.71428680419922,4.761904716491699,0,4.761904716491699,4.761904716491699,9.607805252075195,8589934592,2147483648,6123438080,407961600
204,1772000288413,3204,3204,3204,3204,3204,3204,3204,3204,84.21052551269531,90.47618865966797,90,85.71428680419922,9.523809432983398,5,0,0,9.607805252075195,8589934592,2147483648,6125223936,407961600
204,1772000288618,3204,3204,3204,3204,3204,3204,3204,3204,90.47618865966797,85.71428680419922,90.47618865966797,85.71428680419922,10,14.285715103149414,9.090909004211426,5,9.607805252075195,8589934592,2147483648,6115131392,407961600
207,1772000288823,3204,3204,3204,3204,3204,3204,3204,3204,90.47618865966797,90.47618865966797,85,78.94737243652344,28.571430206298828,28.571430206298828,15.000000953674316,5,9.607805252075195,8589934592,2147483648,6109495296,407961600
205,1772000289031,3204,3204,3204,3204,3204,3204,3204,3204,100,95,95.23809814453125,86.36363983154297,4.761904716491699,0,0,0,9.38650894165039,8589934592,2147483648,6110740480,407961600
208,1772000289238,3204,3204,3204,3204,3204,3204,3204,3204,86.36363983154297,71.42857360839844,90,73.68421173095703,19.047618865966797,5,0,0,9.38650894165039,8589934592,2147483648,6094864384,407961600
208,1772000289447,3204,3204,3204,3204,3204,3204,3204,3204,65,66.66667175292969,68.18181610107422,77.2727279663086,4.761904716491699,4.761904716491699,4.545454502105713,4.761904716491699,9.38650894165039,8589934592,2147483648,6096764928,407961600
201,1772000289656,3204,3204,3204,3204,3204,3204,3204,3204,70,68.42105102539063,61.904762268066406,61.904762268066406,0,4.545454502105713,0,0,9.38650894165039,8589934592,2147483648,6096912384,407961600
209,1772000289858,3204,3204,3204,3204,3204,3204,3204,3204,72.7272720336914,59.09090805053711,70,68.42105102539063,0,0,0,0,9.38650894165039,8589934592,2147483648,6093701120,407961600
203,1772000290068,3204,3204,3204,3204,3204,3204,3204,3204,80,70,65,57.142860412597656,4.545454502105713,4.761904716491699,0,4.761904716491699,7.685949325561523,8589934592,2147483648,6095634432,407961600
209,1772000290272,3204,3204,3204,3204,3204,3204,3204,3204,71.42857360839844,75,60.000003814697266,63.6363639831543,5,5,4.761904716491699,0,7.685949325561523,8589934592,2147483648,6091866112,407961600
208,1772000290482,3204,3204,3204,3204,3204,3204,3204,3204,55,63.6363639831543,63.6363639831543,57.894737243652344,0,4.545454502105713,0,0,7.685949325561523,8589934592,2147483648,6093307904,407961600
207,1772000290691,3204,3204,3204,3204,3204,3204,3204,3204,61.904762268066406,52.38095474243164,45,40.90909194946289,4.545454502105713,0,0,4.761904716491699,7.685949325561523,8589934592,2147483648,6093307904,407961600
205,1772000290899,3204,3204,3204,3204,3204,3204,3204,3204,52.38095474243164,60.000003814697266,50,40,23.809524536132813,20,14.285715103149414,0,7.685949325561523,8589934592,2147483648,6093307904,407961600
202,1772000291105,3204,3204,3204,3204,3204,3204,3204,3204,55,47.619049072265625,40,45.45454788208008,10,9.090909004211426,4.761904716491699,0,7.077775955200195,8589934592,2147483648,6077972480,407961600
204,1772000291308,3204,3204,3204,3204,3204,3204,3204,3204,52.38095474243164,65,52.38095474243164,42.105262756347656,5,10,0,9.523809432983398,7.077775955200195,8589934592,2147483648,6079447040,407961600
208,1772000291513,3204,3204,3204,3204,3204,3204,3204,3204,42.105262756347656,50,52.6315803527832,42.85714340209961,15.000000953674316,10,9.523809432983398,5,7.077775955200195,8589934592,2147483648,6078758912,407961600
207,1772000291723,3204,3204,3204,3204,3204,3204,3204,3204,57.142860412597656,42.85714340209961,42.85714340209961,42.85714340209961,4.545454502105713,0,0,0,7.077775955200195,8589934592,2147483648,6078791680,407961600
206,1772000291931,3204,3204,3204,3204,3204,3204,3204,3204,47.619049072265625,52.38095474243164,61.904762268066406,35,0,0,0,0,7.077775955200195,8589934592,2147483648,6078775296,407961600
202,1772000292138,3204,3204,3204,3204,3204,3204,3204,3204,57.142860412597656,50,52.38095474243164,35,0,0,4.761904716491699,0,6.503050804138184,8589934592,2147483648,6078824448,407961600
203,1772000292341,3204,3204,3204,3204,3204,3204,3204,3204,42.85714340209961,50,55,38.095237731933594,0,0,0,0,6.503050804138184,8589934592,2147483648,6078578688,407961600
200,1772000292545,3204,3204,3204,3204,3204,3204,3204,3204,52.6315803527832,47.619049072265625,47.619049072265625,60.000003814697266,0,0,0,0,6.503050804138184,8589934592,2147483648,6077661184,407961600
208,1772000292746,3204,3204,3204,3204,3204,3204,3204,3204,45,42.105262756347656,57.894737243652344,45,0,5,0,0,6.503050804138184,8589934592,2147483648,6077775872,407961600
209,1772000292955,3204,3204,3204,3204,3204,3204,3204,3204,61.904762268066406,59.09090805053711,47.619049072265625,50,22.72727394104004,9.523809432983398,5,4.761904716491699,6.503050804138184,8589934592,2147483648,6088785920,407961600
207,1772000293165,3204,3204,3204,3204,3204,3204,3204,3204,45.45454788208008,66.66667175292969,52.38095474243164,26.3157901763916,14.285715103149414,14.285715103149414,4.761904716491699,4.761904716491699,6.371031761169434,8589934592,2147483648,6078332928,407961600
206,1772000293373,3204,3204,3204,3204,3204,3204,3204,3204,55,52.6315803527832,40,45.45454788208008,0,4.761904716491699,0,0,6.371031761169434,8589934592,2147483648,6080053248,407961600
207,1772000293579,3204,3204,3204,3204,3204,3204,3204,3204,52.38095474243164,52.38095474243164,42.85714340209961,40,4.761904716491699,0,0,0,6.371031761169434,8589934592,2147483648,6080004096,407961600
208,1772000293787,3204,3204,3204,3204,3204,3204,3204,3204,42.105262756347656,45.45454788208008,38.095237731933594,47.619049072265625,10,4.761904716491699,4.761904716491699,5,6.371031761169434,8589934592,2147483648,6083149824,407961600
209,1772000293997,3204,3204,3204,3204,3204,3204,3204,3204,54.54545593261719,55,50,33.333335876464844,0,4.761904716491699,4.761904716491699,4.545454502105713,5.932722568511963,8589934592,2147483648,6084296704,407961600
209,1772000294206,3204,3204,3204,3204,3204,3204,3204,3204,47.619049072265625,47.619049072265625,54.54545593261719,45,9.090909004211426,19.047618865966797,0,0,5.932722568511963,8589934592,2147483648,6082805760,407961600
203,1772000294417,3204,3204,3204,3204,3204,3204,3204,3204,61.904762268066406,45.45454788208008,40,45.45454788208008,0,9.090909004211426,0,0,5.932722568511963,8589934592,2147483648,6082445312,407961600
201,1772000294621,3204,3204,3204,3204,3204,3204,3204,3204,57.894737243652344,42.105262756347656,45,50,0,0,0,0,5.932722568511963,8589934592,2147483648,6078578688,407961600
204,1772000294823,3204,3204,3204,3204,3204,3204,3204,3204,52.38095474243164,60.000003814697266,42.85714340209961,42.105262756347656,0,0,0,0,5.932722568511963,8589934592,2147483648,6073303040,407961600
209,1772000295028,3204,3204,3204,3204,3204,3204,3204,3204,55,60.000003814697266,57.894737243652344,45.45454788208008,14.285715103149414,5,0,0,6.153491020202637,8589934592,2147483648,6073303040,407961600
204,1772000295237,3204,3204,3204,3204,3204,3204,3204,3204,66.66667175292969,60.869564056396484,57.142860412597656,60.000003814697266,25,20,8.69565200805664,0,6.153491020202637,8589934592,2147483648,6094159872,407961600
206,1772000295442,3204,3204,3204,3204,3204,3204,3204,3204,57.142860412597656,36.842105865478516,61.904762268066406,35,4.761904716491699,0,0,4.545454502105713,6.153491020202637,8589934592,2147483648,6094094336,407961600
209,1772000295649,3204,3204,3204,3204,3204,3204,3204,3204,52.38095474243164,52.38095474243164,35,50,0,0,0,0,6.153491020202637,8589934592,2147483648,6094110720,407961600
204,1772000295859,3204,3204,3204,3204,3204,3204,3204,3204,60.000003814697266,52.38095474243164,54.54545593261719,40,5,4.761904716491699,4.545454502105713,0,6.153491020202637,8589934592,2147483648,6095683584,407961600
205,1772000296064,3204,3204,3204,3204,3204,3204,3204,3204,61.904762268066406,57.894737243652344,42.105262756347656,50,9.523809432983398,9.523809432983398,0,0,5.873264312744141,8589934592,2147483648,6096437248,407961600
208,1772000296270,3204,3204,3204,3204,3204,3204,3204,3204,47.36842346191406,66.66667175292969,47.619049072265625,38.095237731933594,4.761904716491699,0,0,0,5.873264312744141,8589934592,2147483648,6095699968,407961600
207,1772000296479,3204,3204,3204,3204,3204,3204,3204,3204,63.6363639831543,42.85714340209961,38.095237731933594,47.619049072265625,0,0,0,0,5.873264312744141,8589934592,2147483648,6095732736,407961600
201,1772000296687,3204,3204,3204,3204,3204,3204,3204,3204,45,38.095237731933594,57.142860412597656,45,0,4.761904716491699,4.761904716491699,0,5.873264312744141,8589934592,2147483648,6095732736,407961600
200,1772000296889,3204,3204,3204,3204,3204,3204,3204,3204,42.85714340209961,57.894737243652344,50,38.095237731933594,4.761904716491699,0,0,4.761904716491699,5.873264312744141,8589934592,2147483648,6095732736,407961600
201,1772000297090,3204,3204,3204,3204,3204,3204,3204,3204,47.36842346191406,42.85714340209961,60.000003814697266,45,0,4.761904716491699,0,0,6.465925216674805,8589934592,2147483648,6095732736,407961600
200,1772000297292,3204,3204,3204,3204,3204,3204,3204,3204,55,60.000003814697266,50,42.105262756347656,15.789472579956055,15.789472579956055,0,0,6.465925216674805,8589934592,2147483648,6091161600,407961600
207,1772000297492,3204,3204,3204,3204,3204,3204,3204,3204,55,47.36842346191406,50,40,14.285715103149414,5,0,0,6.465925216674805,8589934592,2147483648,6082625536,407961600
209,1772000297700,3204,3204,3204,3204,3204,3204,3204,3204,45.45454788208008,57.142860412597656,47.619049072265625,40,0,4.761904716491699,0,0,6.465925216674805,8589934592,2147483648,6082134016,407961600
209,1772000297910,3204,3204,3204,3204,3204,3204,3204,3204,47.36842346191406,42.85714340209961,45,54.54545593261719,0,0,0,0,6.465925216674805,8589934592,2147483648,6082117632,407961600
209,1772000298120,3204,3204,3204,3204,3204,3204,3204,3204,59.09090805053711,45,52.38095474243164,71.42857360839844,30.000001907348633,28.571430206298828,28.571430206298828,23.809524536132813,5.996654510498047,8589934592,2147483648,6082838528,407961600
207,1772000298330,3204,3204,3204,3204,3204,3204,3204,3204,52.38095474243164,40.90909194946289,38.095237731933594,42.85714340209961,9.090909004211426,9.090909004211426,0,4.761904716491699,5.996654510498047,8589934592,2147483648,6078808064,407961600
209,1772000298537,3204,3204,3204,3204,3204,3204,3204,3204,55,57.142860412597656,50,57.142860412597656,0,0,0,0,5.996654510498047,8589934592,2147483648,6081953792,407961600
206,1772000298747,3204,3204,3204,3204,3204,3204,3204,3204,65,61.904762268066406,57.142860412597656,42.85714340209961,15.000000953674316,9.090909004211426,9.090909004211426,4.761904716491699,5.996654510498047,8589934592,2147483648,6092079104,407961600
207,1772000298954,3204,3204,3204,3204,3204,3204,3204,3204,54.54545593261719,45,52.38095474243164,33.333335876464844,4.545454502105713,0,0,0,5.996654510498047,8589934592,2147483648,6092177408,407961600
209,1772000299161,3204,3204,3204,3204,3204,3204,3204,3204,50,47.619049072265625,45,47.36842346191406,15.789472579956055,10,4.761904716491699,5,6.2074127197265625,8589934592,2147483648,6094667776,407961600
209,1772000299371,3204,3204,3204,3204,3204,3204,3204,3204,52.38095474243164,57.142860412597656,54.54545593261719,54.54545593261719,13.636363983154297,9.523809432983398,0,0,6.2074127197265625,8589934592,2147483648,6090588160,407961600
209,1772000299582,3204,3204,3204,3204,3204,3204,3204,3204,40,50,52.38095474243164,47.619049072265625,15.000000953674316,14.285715103149414,0,0,6.2074127197265625,8589934592,2147483648,6081970176,407961600
205,1772000299791,3204,3204,3204,3204,3204,3204,3204,3204,45.45454788208008,45.45454788208008,38.095237731933594,57.142860412597656,4.761904716491699,9.090909004211426,4.761904716491699,0,6.2074127197265625,8589934592,2147483648,6073729024,407961600
206,1772000299997,3204,3204,3204,3204,3204,3204,3204,3204,55,50,52.6315803527832,42.85714340209961,4.761904716491699,0,4.761904716491699,4.545454502105713,6.66787576675415,8589934592,2147483648,6073729024,407961600
199,1772000300204,3204,3204,3204,3204,3204,3204,3204,3204,57.142860412597656,40,40.90909194946289,42.105262756347656,0,0,0,0,6.66787576675415,8589934592,2147483648,6073729024,407961600
199,1772000300404,3204,3204,3204,3204,3204,3204,3204,3204,45,57.142860412597656,50,45,4.761904716491699,5,0,0,6.66787576675415,8589934592,2147483648,6071271424,407961600
205,1772000300604,3204,3204,3204,3204,3204,3204,3204,3204,55,45,40,50,5,5,5,0,6.66787576675415,8589934592,2147483648,6071386112,407961600
203,1772000300810,3204,3204,3204,3204,3204,3204,3204,3204,45,55,40,50,4.761904716491699,0,0,4.545454502105713,6.66787576675415,8589934592,2147483648,6071992320,407961600
205,1772000301014,3204,3204,3204,3204,3204,3204,3204,3204,47.619049072265625,50,61.904762268066406,38.095237731933594,0,0,0,0,6.299836158752441,8589934592,2147483648,6071992320,407961600
208,1772000301221,3204,3204,3204,3204,3204,3204,3204,3204,55,52.38095474243164,40,45,14.285715103149414,14.285715103149414,4.761904716491699,4.761904716491699,6.299836158752441,8589934592,2147483648,6071992320,407961600
202,1772000301429,3204,3204,3204,3204,3204,3204,3204,3204,57.142860412597656,60.000003814697266,55,45.45454788208008,10,9.523809432983398,0,4.761904716491699,6.299836158752441,8589934592,2147483648,6077317120,407961600
206,1772000301632,3204,3204,3204,3204,3204,3204,3204,3204,60.000003814697266,60.000003814697266,57.142860412597656,47.36842346191406,28.571430206298828,21.052631378173828,9.090909004211426,0,6.299836158752441,8589934592,2147483648,6074662912,407961600
207,1772000301839,3204,3204,3204,3204,3204,3204,3204,3204,45,57.142860412597656,57.142860412597656,38.095237731933594,0,4.761904716491699,0,0,6.299836158752441,8589934592,2147483648,6074810368,407961600
205,1772000302047,3204,3204,3204,3204,3204,3204,3204,3204,52.38095474243164,57.142860412597656,40,38.095237731933594,4.761904716491699,4.761904716491699,0,4.761904716491699,5.847727298736572,8589934592,2147483648,6074925056,407961600
199,1772000302253,3204,3204,3204,3204,3204,3204,3204,3204,55,45,47.619049072265625,55,0,0,4.761904716491699,0,5.847727298736572,8589934592,2147483648,6075023360,407961600
207,1772000302453,3204,3204,3204,3204,3204,3204,3204,3204,57.142860412597656,52.38095474243164,40,40,5,10,5,5.263157844543457,5.847727298736572,8589934592,2147483648,6075449344,407961600
202,1772000302660,3204,3204,3204,3204,3204,3204,3204,3204,40,50,42.105262756347656,52.38095474243164,4.761904716491699,0,0,0,5.847727298736572,8589934592,2147483648,6075154432,407961600
200,1772000302863,3204,3204,3204,3204,3204,3204,3204,3204,47.619049072265625,47.619049072265625,57.142860412597656,40,0,5,0,4.761904716491699,5.847727298736572,8589934592,2147483648,6074269696,407961600
201,1772000303064,3204,3204,3204,3204,3204,3204,3204,3204,40,52.6315803527832,52.38095474243164,35,14.285715103149414,10,4.761904716491699,0,6.666901588439941,8589934592,2147483648,6074335232,407961600
201,1772000303265,3204,3204,3204,3204,3204,3204,3204,3204,52.6315803527832,45,47.36842346191406,35,5,5,5,5,6.666901588439941,8589934592,2147483648,6074433536,407961600
209,1772000303467,3204,3204,3204,3204,3204,3204,3204,3204,60.000003814697266,55,47.619049072265625,40,0,0,0,0,6.666901588439941,8589934592,2147483648,6076448768,407961600
209,1772000303677,3204,3204,3204,3204,3204,3204,3204,3204,66.66667175292969,52.38095474243164,55,45,20,9.523809432983398,0,4.545454502105713,6.666901588439941,8589934592,2147483648,6084575232,407961600
208,1772000303887,3204,3204,3204,3204,3204,3204,3204,3204,52.38095474243164,42.85714340209961,42.85714340209961,50,22.72727394104004,14.285715103149414,14.285715103149414,0,6.666901588439941,8589934592,2147483648,6079823872,407961600
209,1772000304096,3204,3204,3204,3204,3204,3204,3204,3204,52.38095474243164,55,47.619049072265625,42.85714340209961,9.523809432983398,9.523809432983398,9.523809432983398,4.761904716491699,6.188494682312012,8589934592,2147483648,6081413120,407961600
201,1772000304306,3204,3204,3204,3204,3204,3204,3204,3204,55,42.85714340209961,57.142860412597656,42.85714340209961,0,0,13.636363983154297,0,6.188494682312012,8589934592,2147483648,6079496192,407961600
204,1772000304508,3204,3204,3204,3204,3204,3204,3204,3204,47.619049072265625,52.38095474243164,55,52.6315803527832,5,9.523809432983398,5,0,6.188494682312012,8589934592,2147483648,6079479808,407961600
208,1772000304712,3204,3204,3204,3204,3204,3204,3204,3204,57.142860412597656,55,50,47.619049072265625,4.761904716491699,4.761904716491699,0,4.761904716491699,6.188494682312012,8589934592,2147483648,6080004096,407961600
207,1772000304921,3204,3204,3204,3204,3204,3204,3204,3204,45,47.619049072265625,47.619049072265625,47.619049072265625,4.761904716491699,0,4.545454502105713,0,6.188494682312012,8589934592,2147483648,6074417152,407961600
199,1772000305129,3204,3204,3204,3204,3204,3204,3204,3204,52.38095474243164,50,55,38.095237731933594,0,4.761904716491699,0,4.545454502105713,6.199158668518066,8589934592,2147483648,6074662912,407961600
207,1772000305330,3204,3204,3204,3204,3204,3204,3204,3204,45,55,57.142860412597656,45,5,5,0,0,6.199158668518066,8589934592,2147483648,6074499072,407961600
208,1772000305537,3204,3204,3204,3204,3204,3204,3204,3204,55,42.85714340209961,35,57.142860412597656,4.761904716491699,0,4.545454502105713,4.545454502105713,6.199158668518066,8589934592,2147483648,6074761216,407961600
209,1772000305746,3204,3204,3204,3204,3204,3204,3204,3204,61.904762268066406,47.619049072265625,38.095237731933594,50,4.761904716491699,4.761904716491699,4.761904716491699,0,6.199158668518066,8589934592,2147483648,6074941440,407961600
209,1772000305956,3204,3204,3204,3204,3204,3204,3204,3204,50,50,42.85714340209961,61.904762268066406,38.095237731933594,10,5,4.761904716491699,6.199158668518066,8589934592,2147483648,6073548800,407961600
204,1772000306166,3204,3204,3204,3204,3204,3204,3204,3204,57.894737243652344,47.619049072265625,50,47.619049072265625,4.761904716491699,9.090909004211426,0,0,6.419040679931641,8589934592,2147483648,6073548800,407961600
208,1772000306371,3204,3204,3204,3204,3204,3204,3204,3204,47.619049072265625,57.142860412597656,52.38095474243164,35,4.761904716491699,4.761904716491699,4.761904716491699,4.761904716491699,6.419040679931641,8589934592,2147483648,6073712640,407961600
200,1772000306579,3204,3204,3204,3204,3204,3204,3204,3204,50,60.000003814697266,47.619049072265625,38.095237731933594,0,0,0,0,6.419040679931641,8589934592,2147483648,6074351616,407961600
208,1772000306780,3204,3204,3204,3204,3204,3204,3204,3204,60.000003814697266,52.38095474243164,45,40,4.761904716491699,5,0,0,6.419040679931641,8589934592,2147483648,6074417152,407961600
202,1772000306989,3204,3204,3204,3204,3204,3204,3204,3204,59.09090805053711,45,42.85714340209961,38.095237731933594,0,0,0,0,6.395104885101318,8589934592,2147483648,6074302464,407961600
209,1772000307192,3204,3204,3204,3204,3204,3204,3204,3204,36.842105865478516,52.38095474243164,50,55,9.090909004211426,5.263157844543457,5,4.761904716491699,6.395104885101318,8589934592,2147483648,6074630144,407961600
203,1772000307402,3204,3204,3204,3204,3204,3204,3204,3204,54.54545593261719,47.619049072265625,38.095237731933594,52.38095474243164,0,4.545454502105713,0,4.761904716491699,6.395104885101318,8589934592,2147483648,6074122240,407961600
203,1772000307606,3204,3204,3204,3204,3204,3204,3204,3204,50,40,61.904762268066406,50,10,5.263157844543457,9.523809432983398,0,6.395104885101318,8589934592,2147483648,6075695104,407961600
206,1772000307809,3204,3204,3204,3204,3204,3204,3204,3204,55,55,42.105262756347656,38.095237731933594,20,22.72727394104004,14.285715103149414,9.523809432983398,6.395104885101318,8589934592,2147483648,6077399040,407961600
209,1772000308016,3204,3204,3204,3204,3204,3204,3204,3204,55,52.38095474243164,55,40,23.809524536132813,10,5,0,6.120669841766357,8589934592,2147483648,6087983104,407961600
202,1772000308226,3204,3204,3204,3204,3204,3204,3204,3204,47.619049072265625,60.000003814697266,59.09090805053711,42.85714340209961,33.333335876464844,33.333335876464844,28.571430206298828,28.571430206298828,6.120669841766357,8589934592,2147483648,6077480960,407961600
201,1772000308429,3204,3204,3204,3204,3204,3204,3204,3204,60.000003814697266,47.619049072265625,45,25,5,9.523809432983398,5,0,6.120669841766357,8589934592,2147483648,6078038016,407961600
207,1772000308631,3204,3204,3204,3204,3204,3204,3204,3204,47.619049072265625,65,40,45,0,0,0,0,6.120669841766357,8589934592,2147483648,6077808640,407961600
209,1772000308839,3204,3204,3204,3204,3204,3204,3204,3204,50,52.38095474243164,45,42.85714340209961,9.523809432983398,5,10,4.761904716491699,6.120669841766357,8589934592,2147483648,6080741376,407961600
208,1772000309049,3204,3204,3204,3204,3204,3204,3204,3204,50,42.85714340209961,38.095237731933594,45,9.523809432983398,4.761904716491699,4.761904716491699,4.761904716491699,6.545662879943848,8589934592,2147483648,6080659456,407961600
209,1772000309258,3204,3204,3204,3204,3204,3204,3204,3204,45,45,40.90909194946289,61.904762268066406,5,23.809524536132813,0,0,6.545662879943848,8589934592,2147483648,6080659456,407961600
204,1772000309468,3204,3204,3204,3204,3204,3204,3204,3204,47.619049072265625,61.904762268066406,47.619049072265625,36.3636360168457,4.761904716491699,5,8.69565200805664,4.761904716491699,6.545662879943848,8589934592,2147483648,6080659456,407961600
209,1772000309673,3204,3204,3204,3204,3204,3204,3204,3204,55,42.85714340209961,50,45,0,0,0,0,6.545662879943848,8589934592,2147483648,6081003520,407961600
202,1772000309882,3204,3204,3204,3204,3204,3204,3204,3204,50,50,52.38095474243164,45,9.090909004211426,4.761904716491699,0,0,6.545662879943848,8589934592,2147483648,6079512576,407961600
209,1772000310086,3204,3204,3204,3204,3204,3204,3204,3204,45,47.619049072265625,70,40,10,9.523809432983398,15.000000953674316,9.523809432983398,6.839250087738037,8589934592,2147483648,6088278016,407961600
209,1772000310296,3204,3204,3204,3204,3204,3204,3204,3204,65,47.619049072265625,40,45.45454788208008,20,10,0,0,6.839250087738037,8589934592,2147483648,6074990592,407961600
203,1772000310505,3204,3204,3204,3204,3204,3204,3204,3204,57.142860412597656,40,50,42.85714340209961,4.761904716491699,4.545454502105713,0,4.545454502105713,6.839250087738037,8589934592,2147483648,6075023360,407961600
205,1772000310709,3204,3204,3204,3204,3204,3204,3204,3204,55,65,60.000003814697266,50,4.761904716491699,5,4.761904716491699,0,6.839250087738037,8589934592,2147483648,6063341568,407961600
208,1772000310915,3204,3204,3204,3204,3204,3204,3204,3204,54.54545593261719,40,55,45,10,5,5,4.761904716491699,6.839250087738037,8589934592,2147483648,6063833088,407961600
204,1772000311124,3204,3204,3204,3204,3204,3204,3204,3204,65,40.90909194946289,38.095237731933594,42.85714340209961,4.761904716491699,4.761904716491699,0,0,5.893008232116699,8589934592,2147483648,6057558016,407961600
205,1772000311329,3204,3204,3204,3204,3204,3204,3204,3204,50,45,57.142860412597656,45,0,4.761904716491699,0,0,5.893008232116699,8589934592,2147483648,6057558016,407961600
203,1772000311535,3204,3204,3204,3204,3204,3204,3204,3204,55,50,45,38.095237731933594,4.761904716491699,4.761904716491699,4.761904716491699,4.545454502105713,5.893008232116699,8589934592,2147483648,6057558016,407961600
209,1772000311739,3204,3204,3204,3204,3204,3204,3204,3204,47.619049072265625,52.38095474243164,47.619049072265625,55,0,0,0,0,5.893008232116699,8589934592,2147483648,6057803776,407961600
209,1772000311949,3204,3204,3204,3204,3204,3204,3204,3204,47.619049072265625,57.142860412597656,42.105262756347656,42.85714340209961,4.761904716491699,4.761904716491699,4.761904716491699,0,5.893008232116699,8589934592,2147483648,6064111616,407961600
209,1772000312159,3204,3204,3204,3204,3204,3204,3204,3204,61.904762268066406,47.619049072265625,45.45454788208008,50,0,0,0,4.545454502105713,6.611711502075195,8589934592,2147483648,6064226304,407961600
202,1772000312369,3204,3204,3204,3204,3204,3204,3204,3204,60.000003814697266,55,61.904762268066406,45,38.095237731933594,20,4.761904716491699,0,6.611711502075195,8589934592,2147483648,6062768128,407961600
206,1772000312572,3204,3204,3204,3204,3204,3204,3204,3204,42.85714340209961,42.85714340209961,55,47.619049072265625,4.761904716491699,4.761904716491699,0,0,6.611711502075195,8589934592,2147483648,6063325184,407961600
206,1772000312779,3204,3204,3204,3204,3204,3204,3204,3204,50,57.142860412597656,47.619049072265625,47.619049072265625,0,0,0,4.545454502105713,6.611711502075195,8589934592,2147483648,6066503680,407961600
209,1772000312986,3204,3204,3204,3204,3204,3204,3204,3204,52.38095474243164,42.85714340209961,55,40,9.090909004211426,4.761904716491699,4.545454502105713,0,5.887106418609619,8589934592,2147483648,6066651136,407961600
208,1772000313196,3204,3204,3204,3204,3204,3204,3204,3204,47.619049072265625,47.36842346191406,38.095237731933594,45,10,14.285715103149414,9.523809432983398,4.761904716491699,5.887106418609619,8589934592,2147483648,6066651136,407961600
207,1772000313405,3204,3204,3204,3204,3204,3204,3204,3204,47.619049072265625,59.09090805053711,42.85714340209961,38.095237731933594,0,4.545454502105713,0,0,5.887106418609619,8589934592,2147483648,6066651136,407961600
203,1772000313613,3204,3204,3204,3204,3204,3204,3204,3204,85,85.71428680419922,85.71428680419922,81.81818389892578,5,5,4.761904716491699,5,5.887106418609619,8589934592,2147483648,6066651136,407961600
201,1772000313817,3204,3204,3204,3204,3204,3204,3204,3204,80,65,68.42105102539063,60.000003814697266,9.523809432983398,4.761904716491699,5,4.761904716491699,5.887106418609619,8589934592,2147483648,6080315392,407961600
209,1772000314019,3204,3204,3204,3204,3204,3204,3204,3204,65,68.42105102539063,66.66667175292969,65,15.000000953674316,10.526315689086914,15.000000953674316,10,6.212688446044922,8589934592,2147483648,6071599104,407961600
209,1772000314228,3204,3204,3204,3204,3204,3204,3204,3204,61.904762268066406,63.6363639831543,60.000003814697266,61.904762268066406,22.72727394104004,9.523809432983398,0,0,6.212688446044922,8589934592,2147483648,6059425792,407961600
201,1772000314438,3204,3204,3204,3204,3204,3204,3204,3204,59.09090805053711,61.904762268066406,63.6363639831543,47.619049072265625,21.052631378173828,9.523809432983398,4.545454502105713,0,6.212688446044922,8589934592,2147483648,6075711488,407961600
205,1772000314640,3204,3204,3204,3204,3204,3204,3204,3204,65,52.6315803527832,57.142860412597656,60.000003814697266,13.636363983154297,10,0,0,6.212688446044922,8589934592,2147483648,6076481536,407961600
209,1772000314846,3204,3204,3204,3204,3204,3204,3204,3204,70,80.95238494873047,84.21052551269531,75,0,4.761904716491699,0,4.761904716491699,6.212688446044922,8589934592,2147483648,6077284352,407961600
200,1772000315056,3204,3204,3204,3204,3204,3204,3204,3204,47.619049072265625,57.142860412597656,54.54545593261719,47.619049072265625,9.523809432983398,4.761904716491699,9.090909004211426,4.761904716491699,6.885062217712402,8589934592,2147483648,6077530112,407961600
204,1772000315257,3204,3204,3204,3204,3204,3204,3204,3204,65,60.000003814697266,57.894737243652344,60.000003814697266,5.263157844543457,5.263157844543457,5,0,6.885062217712402,8589934592,2147483648,6077612032,407961600
207,1772000315461,3204,3204,3204,3204,3204,3204,3204,3204,47.619049072265625,55,57.142860412597656,47.619049072265625,4.545454502105713,0,0,0,6.885062217712402,8589934592,2147483648,6075957248,407961600
201,1772000315669,3204,3204,3204,3204,3204,3204,3204,3204,57.894737243652344,57.142860412597656,61.904762268066406,45,57.142860412597656,4.761904716491699,30.000001907348633,4.761904716491699,6.885062217712402,8589934592,2147483648,6074384384,407961600
200,1772000315871,3204,3204,3204,3204,3204,3204,3204,3204,45,55,40,40,50,35,20,0,6.885062217712402,8589934592,2147483648,6074384384,407961600
204,1772000316073,3204,3204,3204,3204,3204,3204,3204,3204,52.38095474243164,52.38095474243164,45,50,78.94737243652344,0,0,0,7.3853654861450195,8589934592,2147483648,6074990592,407961600
209,1772000316277,3204,3204,3204,3204,3204,3204,3204,3204,52.38095474243164,47.36842346191406,42.105262756347656,50,47.619049072265625,57.142860412597656,0,4.545454502105713,7.3853654861450195,8589934592,2147483648,6075318272,407961600
209,1772000316487,3204,3204,3204,3204,3204,3204,3204,3204,55,47.619049072265625,54.54545593261719,50,28.571430206298828,57.142860412597656,18.18181800842285,0,7.3853654861450195,8589934592,2147483648,6078840832,407961600
208,1772000316697,3204,3204,3204,3204,3204,3204,3204,3204,42.85714340209961,42.85714340209961,47.619049072265625,45,20,33.333335876464844,25,9.523809432983398,7.3853654861450195,8589934592,2147483648,6073647104,407961600
202,1772000316906,3204,3204,3204,3204,3204,3204,3204,3204,50,52.38095474243164,42.85714340209961,42.85714340209961,72.7272720336914,30.000001907348633,18.18181800842285,0,7.3853654861450195,8589934592,2147483648,6076547072,407961600
200,1772000317108,3204,3204,3204,3204,3204,3204,3204,3204,52.6315803527832,45,40,55,90,15.000000953674316,0,0,8.831875801086426,8589934592,2147483648,6079889408,407961600
200,1772000317309,3204,3204,3204,3204,3204,3204,3204,3204,55,55,40,35,30.000001907348633,23.809524536132813,15.000000953674316,5,8.831875801086426,8589934592,2147483648,6080790528,407961600
202,1772000317510,3204,3204,3204,3204,3204,3204,3204,3204,52.38095474243164,55,40,36.842105865478516,45,70,0,0,8.831875801086426,8589934592,2147483648,6080839680,407961600
210,1772000317713,3204,3204,3204,3204,3204,3204,3204,3204,47.36842346191406,50,50,45.45454788208008,80,30.000001907348633,4.761904716491699,4.761904716491699,8.831875801086426,8589934592,2147483648,6082052096,407961600
209,1772000317923,3204,3204,3204,3204,3204,3204,3204,3204,57.142860412597656,52.38095474243164,52.38095474243164,50,52.38095474243164,19.047618865966797,0,0,8.831875801086426,8589934592,2147483648,6081036288,407961600
206,1772000318132,3204,3204,3204,3204,3204,3204,3204,3204,50,57.142860412597656,47.619049072265625,45,18.18181800842285,71.42857360839844,0,19.047618865966797,11.401954650878906,8589934592,2147483648,6082805760,407961600
204,1772000318339,3204,3204,3204,3204,3204,3204,3204,3204,45,47.619049072265625,31.57894515991211,50,21.052631378173828,80,4.761904716491699,0,11.401954650878906,8589934592,2147483648,6083395584,407961600
209,1772000318544,3204,3204,3204,3204,3204,3204,3204,3204,45,40,50,55,23.809524536132813,23.809524536132813,0,0,11.401954650878906,8589934592,2147483648,6082281472,407961600
209,1772000318754,3204,3204,3204,3204,3204,3204,3204,3204,60.000003814697266,55,55,50,61.904762268066406,52.38095474243164,4.761904716491699,0,11.401954650878906,8589934592,2147483648,6077300736,407961600
209,1772000318964,3204,3204,3204,3204,3204,3204,3204,3204,54.54545593261719,45.45454788208008,50,54.54545593261719,38.095237731933594,47.619049072265625,14.285715103149414,13.636363983154297,11.401954650878906,8589934592,2147483648,6073794560,407961600
209,1772000319174,3204,3204,3204,3204,3204,3204,3204,3204,60.000003814697266,45,47.619049072265625,45,19.047618865966797,47.619049072265625,0,0,10.783768653869629,8589934592,2147483648,6087131136,407961600
206,1772000319384,3204,3204,3204,3204,3204,3204,3204,3204,57.142860412597656,57.142860412597656,50,45.45454788208008,9.523809432983398,80.95238494873047,9.090909004211426,4.761904716491699,10.783768653869629,8589934592,2147483648,6092914688,407961600
209,1772000319591,3204,3204,3204,3204,3204,3204,3204,3204,57.142860412597656,55,61.904762268066406,60.000003814697266,60.000003814697266,55,10,9.523809432983398,10.783768653869629,8589934592,2147483648,6088081408,407961600
204,1772000319801,3204,3204,3204,3204,3204,3204,3204,3204,57.142860412597656,42.85714340209961,35,42.85714340209961,63.6363639831543,63.6363639831543,57.142860412597656,66.66667175292969,10.783768653869629,8589934592,2147483648,6099648512,407961600
205,1772000320006,3204,3204,3204,3204,3204,3204,3204,3204,45,42.85714340209961,38.095237731933594,38.095237731933594,55,55,63.15789031982422,30.000001907348633,11.493706703186035,8589934592,2147483648,6131957760,407961600
205,1772000320212,3204,3204,3204,3204,3204,3204,3204,3204,65,60.000003814697266,55,50,80,80.95238494873047,68.18181610107422,61.904762268066406,11.493706703186035,8589934592,2147483648,6158090240,407961600
202,1772000320417,3204,3204,3204,3204,3204,3204,3204,3204,57.142860412597656,45,40,40,13.636363983154297,55,4.761904716491699,4.761904716491699,11.493706703186035,8589934592,2147483648,6159237120,407961600
208,1772000320620,3204,3204,3204,3204,3204,3204,3204,3204,45,57.142860412597656,45,40,15.789472579956055,57.142860412597656,0,30.000001907348633,11.493706703186035,8589934592,2147483648,6157238272,407961600
201,1772000320829,3204,3204,3204,3204,3204,3204,3204,3204,55,60.000003814697266,52.38095474243164,47.619049072265625,28.571430206298828,20,4.761904716491699,60.000003814697266,11.493706703186035,8589934592,2147483648,6157238272,407961600
209,1772000321032,3204,3204,3204,3204,3204,3204,3204,3204,55,50,50,42.85714340209961,23.809524536132813,80.95238494873047,5,0,13.52369499206543,8589934592,2147483648,6154649600,407961600
205,1772000321242,3204,3204,3204,3204,3204,3204,3204,3204,54.54545593261719,40.90909194946289,47.36842346191406,40,95,5,0,8.69565200805664,13.52369499206543,8589934592,2147483648,6150275072,407961600
205,1772000321448,3204,3204,3204,3204,3204,3204,3204,3204,60.000003814697266,52.38095474243164,42.85714340209961,40,38.095237731933594,4.761904716491699,0,0,13.52369499206543,8589934592,2147483648,6133743616,407961600
207,1772000321654,3204,3204,3204,3204,3204,3204,3204,3204,52.38095474243164,42.105262756347656,47.619049072265625,47.619049072265625,65,14.285715103149414,4.761904716491699,0,13.52369499206543,8589934592,2147483648,6144737280,407961600
209,1772000321862,3204,3204,3204,3204,3204,3204,3204,3204,65,52.38095474243164,47.619049072265625,40,38.095237731933594,0,0,0,13.52369499206543,8589934592,2147483648,6148554752,407961600
207,1772000322072,3204,3204,3204,3204,3204,3204,3204,3204,47.619049072265625,47.619049072265625,50,50,25,4.761904716491699,4.545454502105713,4.545454502105713,13.226822853088379,8589934592,2147483648,6149718016,407961600
202,1772000322280,3204,3204,3204,3204,3204,3204,3204,3204,52.38095474243164,55,45,50,61.904762268066406,4.761904716491699,4.761904716491699,0,13.226822853088379,8589934592,2147483648,6166577152,407961600
201,1772000322483,3204,3204,3204,3204,3204,3204,3204,3204,65,47.619049072265625,52.38095474243164,47.619049072265625,33.333335876464844,9.523809432983398,0,4.761904716491699,13.226822853088379,8589934592,2147483648,6166577152,407961600
201,1772000322685,3204,3204,3204,3204,3204,3204,3204,3204,42.105262756347656,55,36.842105865478516,45,36.842105865478516,10,4.761904716491699,0,13.226822853088379,8589934592,2147483648,6166577152,407961600
206,1772000322887,3204,3204,3204,3204,3204,3204,3204,3204,52.38095474243164,45,61.904762268066406,52.6315803527832,75,5,9.523809432983398,0,13.226822853088379,8589934592,2147483648,6166577152,407961600
209,1772000323093,3204,3204,3204,3204,3204,3204,3204,3204,60.000003814697266,60.000003814697266,50,57.142860412597656,23.809524536132813,5,0,4.545454502105713,9.000551223754883,8589934592,2147483648,6178226176,407961600
204,1772000323304,3204,3204,3204,3204,3204,3204,3204,3204,33.333335876464844,47.619049072265625,52.38095474243164,42.85714340209961,80.95238494873047,9.523809432983398,4.761904716491699,0,9.000551223754883,8589934592,2147483648,6189350912,407961600
200,1772000323509,3204,3204,3204,3204,3204,3204,3204,3204,57.142860412597656,60.000003814697266,50,40,60.000003814697266,0,0,0,9.000551223754883,8589934592,2147483648,6185435136,407961600
202,1772000323710,3204,3204,3204,3204,3204,3204,3204,3204,57.894737243652344,60.000003814697266,50,52.38095474243164,5,20,0,0,9.000551223754883,8589934592,2147483648,6193872896,407961600
207,1772000323912,3204,3204,3204,3204,3204,3204,3204,3204,42.85714340209961,57.142860412597656,45,36.842105865478516,19.047618865966797,20,0,0,9.000551223754883,8589934592,2147483648,6216417280,407961600
209,1772000324120,3204,3204,3204,3204,3204,3204,3204,3204,45,40,42.85714340209961,40.90909194946289,45,9.523809432983398,4.761904716491699,4.761904716491699,9.194622993469238,8589934592,2147483648,6227574784,407961600
202,1772000324330,3204,3204,3204,3204,3204,3204,3204,3204,42.85714340209961,60.000003814697266,47.619049072265625,36.842105865478516,52.38095474243164,9.090909004211426,4.761904716491699,0,9.194622993469238,8589934592,2147483648,6226608128,407961600
202,1772000324533,3204,3204,3204,3204,3204,3204,3204,3204,55,50,35,38.095237731933594,85,5.263157844543457,5,4.761904716491699,9.194622993469238,8589934592,2147483648,6233931776,407961600
209,1772000324735,3204,3204,3204,3204,3204,3204,3204,3204,55,59.09090805053711,55,47.619049072265625,31.57894515991211,0,0,0,9.194622993469238,8589934592,2147483648,6226395136,407961600
208,1772000324945,3204,3204,3204,3204,3204,3204,3204,3204,35,47.36842346191406,52.38095474243164,38.095237731933594,63.6363639831543,4.545454502105713,4.545454502105713,0,9.194622993469238,8589934592,2147483648,6226395136,407961600
204,1772000325154,3204,3204,3204,3204,3204,3204,3204,3204,57.142860412597656,45.45454788208008,42.85714340209961,47.36842346191406,80.95238494873047,15.000000953674316,14.285715103149414,13.636363983154297,8.612454414367676,8589934592,2147483648,6205227008,407961600
199,1772000325359,3204,3204,3204,3204,3204,3204,3204,3204,57.142860412597656,57.894737243652344,45,40,5,0,0,0,8.612454414367676,8589934592,2147483648,6202294272,407961600
200,1772000325559,3204,3204,3204,3204,3204,3204,3204,3204,52.6315803527832,57.142860412597656,40,36.3636360168457,65,30.000001907348633,0,0,8.612454414367676,8589934592,2147483648,6202294272,407961600
207,1772000325761,3204,3204,3204,3204,3204,3204,3204,3204,50,42.105262756347656,50,52.6315803527832,15.000000953674316,0,0,0,8.612454414367676,8589934592,2147483648,6202294272,407961600
206,1772000325968,3204,3204,3204,3204,3204,3204,3204,3204,52.38095474243164,42.85714340209961,55,40,5,4.761904716491699,4.545454502105713,0,9.058801651000977,8589934592,2147483648,6202294272,407961600
201,1772000326175,3204,3204,3204,3204,3204,3204,3204,3204,71.42857360839844,70,63.6363639831543,61.904762268066406,5,5,0,4.545454502105713,9.058801651000977,8589934592,2147483648,6210174976,407961600
202,1772000326377,3204,3204,3204,3204,3204,3204,3204,3204,68.42105102539063,66.66667175292969,52.6315803527832,57.142860412597656,19.047618865966797,10,5,0,9.058801651000977,8589934592,2147483648,6220939264,407961600
206,1772000326581,3204,3204,3204,3204,3204,3204,3204,3204,72.7272720336914,70,70,65,50,40,21.052631378173828,20,9.058801651000977,8589934592,2147483648,6233145344,407961600
209,1772000326787,3204,3204,3204,3204,3204,3204,3204,3204,65,55,57.142860412597656,65,19.047618865966797,18.18181800842285,9.523809432983398,4.761904716491699,9.058801651000977,8589934592,2147483648,6241304576,407961600
204,1772000326997,3204,3204,3204,3204,3204,3204,3204,3204,55,61.904762268066406,52.38095474243164,57.142860412597656,30.000001907348633,15.000000953674316,4.545454502105713,0,9.395841598510742,8589934592,2147483648,6232244224,407961600
206,1772000327202,3204,3204,3204,3204,3204,3204,3204,3204,47.619049072265625,42.85714340209961,40,35,35,15.000000953674316,5,4.761904716491699,9.395841598510742,8589934592,2147483648,6233767936,407961600
203,1772000327409,3204,3204,3204,3204,3204,3204,3204,3204,45,45,40,40,33.333335876464844,4.761904716491699,4.545454502105713,4.761904716491699,9.395841598510742,8589934592,2147483648,6225166336,407961600
208,1772000327612,3204,3204,3204,3204,3204,3204,3204,3204,50,60.000003814697266,50,47.619049072265625,31.57894515991211,0,0,0,9.395841598510742,8589934592,2147483648,6229016576,407961600
209,1772000327821,3204,3204,3204,3204,3204,3204,3204,3204,52.38095474243164,42.85714340209961,40,38.095237731933594,40,27.272727966308594,10.526315689086914,9.523809432983398,9.395841598510742,8589934592,2147483648,6230704128,407961600
205,1772000328031,3204,3204,3204,3204,3204,3204,3204,3204,52.6315803527832,50,42.85714340209961,40,47.619049072265625,15.789472579956055,9.523809432983398,4.761904716491699,8.071314811706543,8589934592,2147483648,6231719936,407961600
208,1772000328237,3204,3204,3204,3204,3204,3204,3204,3204,60.000003814697266,52.6315803527832,47.619049072265625,50,55,42.85714340209961,33.333335876464844,26.3157901763916,8.071314811706543,8589934592,2147483648,6227279872,407961600
200,1772000328446,3204,3204,3204,3204,3204,3204,3204,3204,40,50,30.000001907348633,33.333335876464844,45,25,14.285715103149414,9.090909004211426,8.071314811706543,8589934592,2147483648,6230425600,407961600
205,1772000328648,3204,3204,3204,3204,3204,3204,3204,3204,52.6315803527832,45,36.842105865478516,35,36.842105865478516,25,15.000000953674316,0,8.071314811706543,8589934592,2147483648,6232522752,407961600
208,1772000328854,3204,3204,3204,3204,3204,3204,3204,3204,45,45,31.81818199157715,26.3157901763916,50,5,0,4.761904716491699,8.071314811706543,8589934592,2147483648,6234374144,407961600
209,1772000329063,3204,3204,3204,3204,3204,3204,3204,3204,47.619049072265625,45,35,38.095237731933594,55,5,0,0,10.309805870056152,8589934592,2147483648,6223560704,407961600
209,1772000329272,3204,3204,3204,3204,3204,3204,3204,3204,55,45,36.842105865478516,36.3636360168457,50,19.047618865966797,9.090909004211426,0,10.309805870056152,8589934592,2147483648,6217662464,407961600
207,1772000329482,3204,3204,3204,3204,3204,3204,3204,3204,50,50,45.45454788208008,35,31.57894515991211,9.523809432983398,0,4.545454502105713,10.309805870056152,8589934592,2147483648,6208716800,407961600
207,1772000329690,3204,3204,3204,3204,3204,3204,3204,3204,42.85714340209961,40,33.333335876464844,30.000001907348633,33.333335876464844,0,0,0,10.309805870056152,8589934592,2147483648,6208487424,407961600
201,1772000329898,3204,3204,3204,3204,3204,3204,3204,3204,45,45,31.57894515991211,38.095237731933594,26.3157901763916,0,0,0,10.309805870056152,8589934592,2147483648,6208487424,407961600
203,1772000330100,3204,3204,3204,3204,3204,3204,3204,3204,50,40,38.095237731933594,30.000001907348633,30.000001907348633,4.761904716491699,4.761904716491699,0,11.616425514221191,8589934592,2147483648,6208487424,407961600
205,1772000330304,3204,3204,3204,3204,3204,3204,3204,3204,45,45,40,35,26.3157901763916,0,0,0,11.616425514221191,8589934592,2147483648,6204719104,407961600
208,1772000330510,3204,3204,3204,3204,3204,3204,3204,3204,45,45,45,35,30.000001907348633,0,0,0,11.616425514221191,8589934592,2147483648,6202114048,407961600
209,1772000330720,3204,3204,3204,3204,3204,3204,3204,3204,45,38.095237731933594,38.095237731933594,33.333335876464844,28.571430206298828,0,0,4.761904716491699,11.616425514221191,8589934592,2147483648,6202294272,407961600
204,1772000330930,3204,3204,3204,3204,3204,3204,3204,3204,50,42.105262756347656,45,38.095237731933594,26.3157901763916,0,0,0,11.616425514221191,8589934592,2147483648,6202458112,407961600
202,1772000331135,3204,3204,3204,3204,3204,3204,3204,3204,38.095237731933594,45.45454788208008,40,30.000001907348633,30.000001907348633,0,0,4.545454502105713,9.464715957641602,8589934592,2147483648,6201933824,407961600
200,1772000331338,3204,3204,3204,3204,3204,3204,3204,3204,40,42.105262756347656,38.095237731933594,35,26.3157901763916,4.761904716491699,0,0,9.464715957641602,8589934592,2147483648,6202572800,407961600
201,1772000331539,3204,3204,3204,3204,3204,3204,3204,3204,47.36842346191406,47.36842346191406,42.105262756347656,35,35,15.000000953674316,5,0,9.464715957641602,8589934592,2147483648,6199345152,407961600
200,1772000331741,3204,3204,3204,3204,3204,3204,3204,3204,40,38.095237731933594,35,35,30.000001907348633,0,4.761904716491699,0,9.464715957641602,8589934592,2147483648,6200803328,407961600
205,1772000331942,3204,3204,3204,3204,3204,3204,3204,3204,50,45,31.57894515991211,36.842105865478516,26.3157901763916,0,0,0,9.464715957641602,8589934592,2147483648,6201278464,407961600
200,1772000332147,3204,3204,3204,3204,3204,3204,3204,3204,47.619049072265625,45,45.45454788208008,42.85714340209961,30.000001907348633,5,4.761904716491699,4.545454502105713,8.338299751281738,8589934592,2147483648,6200950784,407961600
207,1772000332348,3204,3204,3204,3204,3204,3204,3204,3204,63.15789031982422,57.894737243652344,63.15789031982422,47.36842346191406,30.000001907348633,4.761904716491699,0,0,8.338299751281738,8589934592,2147483648,6202540032,407961600
201,1772000332556,3204,3204,3204,3204,3204,3204,3204,3204,55,61.904762268066406,57.142860412597656,57.142860412597656,25,0,0,0,8.338299751281738,8589934592,2147483648,6202769408,407961600
205,1772000332758,3204,3204,3204,3204,3204,3204,3204,3204,61.904762268066406,55,60.000003814697266,60.000003814697266,30.000001907348633,0,0,0,8.338299751281738,8589934592,2147483648,6208061440,407961600
209,1772000332964,3204,3204,3204,3204,3204,3204,3204,3204,78.94737243652344,75,70,65,31.57894515991211,4.761904716491699,0,0,8.338299751281738,8589934592,2147483648,6208454656,407961600
206,1772000333173,3204,3204,3204,3204,3204,3204,3204,3204,80,76.19047546386719,71.42857360839844,72.7272720336914,25,0,0,0,8.750262260437012,8589934592,2147483648,6209044480,407961600
202,1772000333380,3204,3204,3204,3204,3204,3204,3204,3204,72.7272720336914,73.68421173095703,68.42105102539063,63.15789031982422,31.57894515991211,0,4.761904716491699,0,8.750262260437012,8589934592,2147483648,6210945024,407961600
205,1772000333583,3204,3204,3204,3204,3204,3204,3204,3204,73.68421173095703,71.42857360839844,66.66667175292969,55,33.333335876464844,4.761904716491699,0,5,8.750262260437012,8589934592,2147483648,6191300608,407961600
207,1772000333789,3204,3204,3204,3204,3204,3204,3204,3204,70,75,60.000003814697266,57.142860412597656,35,14.285715103149414,0,0,8.750262260437012,8589934592,2147483648,6178619392,407961600
208,1772000333997,3204,3204,3204,3204,3204,3204,3204,3204,80,70,70,71.42857360839844,26.3157901763916,0,4.761904716491699,0,8.834046363830566,8589934592,2147483648,6177964032,407961600
209,1772000334205,3204,3204,3204,3204,3204,3204,3204,3204,71.42857360839844,66.66667175292969,66.66667175292969,60.000003814697266,38.095237731933594,20,4.761904716491699,0,8.834046363830566,8589934592,2147483648,6177964032,407961600
206,1772000334416,3204,3204,3204,3204,3204,3204,3204,3204,76.19047546386719,75,75,60.000003814697266,30.000001907348633,0,0,4.545454502105713,8.834046363830566,8589934592,2147483648,6186811392,407961600
207,1772000334623,3204,3204,3204,3204,3204,3204,3204,3204,80,75,76.19047546386719,66.66667175292969,30.000001907348633,0,0,0,8.834046363830566,8589934592,2147483648,6187286528,407961600
207,1772000334831,3204,3204,3204,3204,3204,3204,3204,3204,76.19047546386719,75,78.94737243652344,70,28.571430206298828,0,0,0,8.834046363830566,8589934592,2147483648,6187286528,407961600
201,1772000335039,3204,3204,3204,3204,3204,3204,3204,3204,84.21052551269531,76.19047546386719,68.18181610107422,71.42857360839844,31.57894515991211,0,0,0,9.505144119262695,8589934592,2147483648,6187286528,407961600
203,1772000335242,3204,3204,3204,3204,3204,3204,3204,3204,76.19047546386719,70,70,65,30.000001907348633,4.761904716491699,0,0,9.505144119262695,8589934592,2147483648,6187286528,407961600
207,1772000335446,3204,3204,3204,3204,3204,3204,3204,3204,70,65,75,61.904762268066406,26.3157901763916,0,0,0,9.505144119262695,8589934592,2147483648,6183436288,407961600
208,1772000335654,3204,3204,3204,3204,3204,3204,3204,3204,55,61.904762268066406,60.000003814697266,55,30.000001907348633,0,4.545454502105713,0,9.505144119262695,8589934592,2147483648,6183452672,407961600
207,1772000335863,3204,3204,3204,3204,3204,3204,3204,3204,66.66667175292969,65,61.904762268066406,60.000003814697266,38.095237731933594,14.285715103149414,0,9.090909004211426,9.505144119262695,8589934592,2147483648,6181388288,407961600
208,1772000336070,3204,3204,3204,3204,3204,3204,3204,3204,61.904762268066406,66.66667175292969,57.894737243652344,50,26.3157901763916,0,0,0,9.531220436096191,8589934592,2147483648,6181175296,407961600
208,1772000336279,3204,3204,3204,3204,3204,3204,3204,3204,60.000003814697266,60.000003814697266,59.09090805053711,57.142860412597656,28.571430206298828,0,4.761904716491699,0,9.531220436096191,8589934592,2147483648,6181421056,407961600
203,1772000336488,3204,3204,3204,3204,3204,3204,3204,3204,55,65,60.000003814697266,57.142860412597656,45,28.571430206298828,28.571430206298828,28.571430206298828,9.531220436096191,8589934592,2147483648,6170034176,407961600
208,1772000336693,3204,3204,3204,3204,3204,3204,3204,3204,60.000003814697266,55,47.619049072265625,65,30.000001907348633,0,0,0,9.531220436096191,8589934592,2147483648,6171738112,407961600
199,1772000336902,3204,3204,3204,3204,3204,3204,3204,3204,55,61.904762268066406,60.000003814697266,45.45454788208008,30.000001907348633,0,0,0,9.531220436096191,8589934592,2147483648,6171836416,407961600
201,1772000337103,3204,3204,3204,3204,3204,3204,3204,3204,75,60.000003814697266,60.000003814697266,63.15789031982422,50,35,30.000001907348633,25,9.223816871643066,8589934592,2147483648,6165250048,407961600
201,1772000337304,3204,3204,3204,3204,3204,3204,3204,3204,60.000003814697266,70,60.000003814697266,57.894737243652344,60.000003814697266,35,9.523809432983398,10,9.223816871643066,8589934592,2147483648,6165250048,407961600
204,1772000337506,3204,3204,3204,3204,3204,3204,3204,3204,60.000003814697266,57.894737243652344,55,47.619049072265625,40,15.000000953674316,5,0,9.223816871643066,8589934592,2147483648,6208225280,407961600
201,1772000337711,3204,3204,3204,3204,3204,3204,3204,3204,50,50,50,57.894737243652344,5,4.761904716491699,0,0,9.223816871643066,8589934592,2147483648,6202441728,407961600
208,1772000337913,3204,3204,3204,3204,3204,3204,3204,3204,75,70,70,65,40,20,15.000000953674316,15.000000953674316,9.223816871643066,8589934592,2147483648,6202441728,407961600
209,1772000338122,3204,3204,3204,3204,3204,3204,3204,3204,66.66667175292969,72.7272720336914,68.18181610107422,72.7272720336914,23.809524536132813,9.523809432983398,4.761904716491699,0,9.531949996948242,8589934592,2147483648,6202441728,407961600
205,1772000338331,3204,3204,3204,3204,3204,3204,3204,3204,71.42857360839844,71.42857360839844,73.68421173095703,66.66667175292969,45,50,28.571430206298828,5,9.531949996948242,8589934592,2147483648,6202441728,407961600
208,1772000338537,3204,3204,3204,3204,3204,3204,3204,3204,60.000003814697266,55,65,50,28.571430206298828,38.095237731933594,0,0,9.531949996948242,8589934592,2147483648,6229475328,407961600
209,1772000338746,3204,3204,3204,3204,3204,3204,3204,3204,57.142860412597656,47.619049072265625,50,57.142860412597656,28.571430206298828,33.333335876464844,0,0,9.531949996948242,8589934592,2147483648,6229098496,407961600
200,1772000338956,3204,3204,3204,3204,3204,3204,3204,3204,61.904762268066406,65,57.142860412597656,50,35,14.285715103149414,4.761904716491699,9.090909004211426,9.531949996948242,8589934592,2147483648,6231703552,407961600
208,1772000339157,3204,3204,3204,3204,3204,3204,3204,3204,45,47.619049072265625,45,50,19.047618865966797,15.000000953674316,9.523809432983398,0,10.303817749023438,8589934592,2147483648,6235570176,407961600
209,1772000339366,3204,3204,3204,3204,3204,3204,3204,3204,42.85714340209961,55,45,45.45454788208008,9.523809432983398,9.090909004211426,14.285715103149414,0,10.303817749023438,8589934592,2147483648,6235570176,407961600
209,1772000339576,3204,3204,3204,3204,3204,3204,3204,3204,52.38095474243164,50,50,38.095237731933594,0,0,0,0,10.303817749023438,8589934592,2147483648,6233276416,407961600
207,1772000339785,3204,3204,3204,3204,3204,3204,3204,3204,45,55,40,38.095237731933594,0,0,0,4.545454502105713,10.303817749023438,8589934592,2147483648,6233276416,407961600
209,1772000339993,3204,3204,3204,3204,3204,3204,3204,3204,61.904762268066406,47.619049072265625,65,45,14.285715103149414,10,4.545454502105713,0,8.969058990478516,8589934592,2147483648,6230048768,407961600
206,1772000340203,3204,3204,3204,3204,3204,3204,3204,3204,66.66667175292969,60.000003814697266,59.09090805053711,57.142860412597656,9.523809432983398,23.809524536132813,0,0,8.969058990478516,8589934592,2147483648,6230048768,407961600
209,1772000340410,3204,3204,3204,3204,3204,3204,3204,3204,60.000003814697266,59.09090805053711,45,55,4.761904716491699,4.761904716491699,0,0,8.969058990478516,8589934592,2147483648,6230048768,407961600
201,1772000340621,3204,3204,3204,3204,3204,3204,3204,3204,57.142860412597656,40,59.09090805053711,52.38095474243164,9.523809432983398,9.523809432983398,0,4.761904716491699,8.969058990478516,8589934592,2147483648,6221938688,407961600
199,1772000340823,3204,3204,3204,3204,3204,3204,3204,3204,45,57.142860412597656,47.36842346191406,55,5,5,4.761904716491699,0,8.969058990478516,8589934592,2147483648,6222479360,407961600
208,1772000341023,3204,3204,3204,3204,3204,3204,3204,3204,60.000003814697266,57.894737243652344,57.142860412597656,47.619049072265625,5,5,5,4.761904716491699,7.435507297515869,8589934592,2147483648,6217957376,407961600
205,1772000341232,3204,3204,3204,3204,3204,3204,3204,3204,52.38095474243164,47.619049072265625,55,50,0,4.545454502105713,0,0,7.435507297515869,8589934592,2147483648,6217940992,407961600
203,1772000341438,3204,3204,3204,3204,3204,3204,3204,3204,60.000003814697266,50,57.142860412597656,52.38095474243164,4.761904716491699,0,0,0,7.435507297515869,8589934592,2147483648,6217940992,407961600
203,1772000341642,3204,3204,3204,3204,3204,3204,3204,3204,52.38095474243164,57.142860412597656,55,55,4.761904716491699,0,4.761904716491699,4.761904716491699,7.435507297515869,8589934592,2147483648,6216433664,407961600
209,1772000341846,3204,3204,3204,3204,3204,3204,3204,3204,50,65,50,45,0,4.761904716491699,0,0,7.435507297515869,8589934592,2147483648,6217400320,407961600
206,1772000342056,3204,3204,3204,3204,3204,3204,3204,3204,50,57.142860412597656,47.619049072265625,36.3636360168457,14.285715103149414,13.636363983154297,13.043478012084961,4.761904716491699,6.347375392913818,8589934592,2147483648,6217711616,407961600
208,1772000342263,3204,3204,3204,3204,3204,3204,3204,3204,50,52.38095474243164,61.904762268066406,50,38.095237731933594,35,5,13.636363983154297,6.347375392913818,8589934592,2147483648,6222348288,407961600
204,1772000342473,3204,3204,3204,3204,3204,3204,3204,3204,70,40,40,42.85714340209961,5,9.523809432983398,4.761904716491699,0,6.347375392913818,8589934592,2147483648,6222315520,407961600
209,1772000342677,3204,3204,3204,3204,3204,3204,3204,3204,61.904762268066406,47.619049072265625,42.85714340209961,35,9.090909004211426,4.761904716491699,0,4.761904716491699,6.347375392913818,8589934592,2147483648,6222741504,407961600
200,1772000342887,3204,3204,3204,3204,3204,3204,3204,3204,42.85714340209961,47.619049072265625,50,38.095237731933594,9.523809432983398,9.523809432983398,4.761904716491699,4.761904716491699,6.347375392913818,8589934592,2147483648,6222544896,407961600
199,1772000343088,3204,3204,3204,3204,3204,3204,3204,3204,50,50,40,55,5,0,5,0,6.32570219039917,8589934592,2147483648,6220496896,407961600
207,1772000343288,3204,3204,3204,3204,3204,3204,3204,3204,57.894737243652344,52.6315803527832,33.333335876464844,35,10.526315689086914,14.285715103149414,5,5,6.32570219039917,8589934592,2147483648,6220333056,407961600
209,1772000343496,3204,3204,3204,3204,3204,3204,3204,3204,59.09090805053711,52.38095474243164,50,40,0,0,0,0,6.32570219039917,8589934592,2147483648,6220333056,407961600
205,1772000343706,3204,3204,3204,3204,3204,3204,3204,3204,55,47.619049072265625,45.45454788208008,36.3636360168457,4.761904716491699,4.761904716491699,4.761904716491699,4.545454502105713,6.32570219039917,8589934592,2147483648,6223429632,407961600
205,1772000343912,3204,3204,3204,3204,3204,3204,3204,3204,55,52.38095474243164,40,36.842105865478516,4.545454502105713,0,0,0,6.32570219039917,8589934592,2147483648,6223052800,407961600
209,1772000344118,3204,3204,3204,3204,3204,3204,3204,3204,42.85714340209961,45,55,45.45454788208008,5,4.761904716491699,4.761904716491699,0,6.5408244132995605,8589934592,2147483648,6223413248,407961600
209,1772000344327,3204,3204,3204,3204,3204,3204,3204,3204,57.142860412597656,52.38095474243164,47.619049072265625,40,38.095237731933594,27.272727966308594,10,4.761904716491699,6.5408244132995605,8589934592,2147483648,6225215488,407961600
207,1772000344538,3204,3204,3204,3204,3204,3204,3204,3204,52.38095474243164,50,47.619049072265625,42.85714340209961,19.047618865966797,5,4.545454502105713,0,6.5408244132995605,8589934592,2147483648,6217859072,407961600
207,1772000344746,3204,3204,3204,3204,3204,3204,3204,3204,61.904762268066406,47.619049072265625,47.619049072265625,45,0,4.545454502105713,0,0,6.5408244132995605,8589934592,2147483648,6218072064,407961600
201,1772000344954,3204,3204,3204,3204,3204,3204,3204,3204,60.000003814697266,47.619049072265625,45,38.095237731933594,0,0,0,0,6.5408244132995605,8589934592,2147483648,6218792960,407961600
203,1772000345155,3204,3204,3204,3204,3204,3204,3204,3204,38.095237731933594,50,45,52.38095474243164,5,0,0,0,6.107316493988037,8589934592,2147483648,6218743808,407961600
206,1772000345360,3204,3204,3204,3204,3204,3204,3204,3204,47.36842346191406,52.38095474243164,52.38095474243164,45,0,4.761904716491699,0,0,6.107316493988037,8589934592,2147483648,6214795264,407961600
205,1772000345567,3204,3204,3204,3204,3204,3204,3204,3204,47.619049072265625,50,40,42.85714340209961,9.523809432983398,5,4.761904716491699,4.761904716491699,6.107316493988037,8589934592,2147483648,6214696960,407961600
209,1772000345773,3204,3204,3204,3204,3204,3204,3204,3204,42.85714340209961,50,36.3636360168457,45,14.285715103149414,14.285715103149414,5,0,6.107316493988037,8589934592,2147483648,6214516736,407961600
205,1772000345983,3204,3204,3204,3204,3204,3204,3204,3204,57.142860412597656,52.38095474243164,40,38.095237731933594,0,0,0,0,6.431148052215576,8589934592,2147483648,6213779456,407961600
205,1772000346188,3204,3204,3204,3204,3204,3204,3204,3204,38.095237731933594,50,47.619049072265625,55,4.761904716491699,5,4.761904716491699,4.761904716491699,6.431148052215576,8589934592,2147483648,6211272704,407961600
209,1772000346395,3204,3204,3204,3204,3204,3204,3204,3204,55,50,52.6315803527832,52.38095474243164,14.285715103149414,5,0,0,6.431148052215576,8589934592,2147483648,6221086720,407961600
200,1772000346605,3204,3204,3204,3204,3204,3204,3204,3204,45,65,40.90909194946289,47.619049072265625,15.000000953674316,22.72727394104004,0,0,6.431148052215576,8589934592,2147483648,6195576832,407961600
206,1772000346806,3204,3204,3204,3204,3204,3204,3204,3204,45,65,55,40,4.761904716491699,0,0,0,6.431148052215576,8589934592,2147483648,6196494336,407961600
206,1772000347013,3204,3204,3204,3204,3204,3204,3204,3204,45.45454788208008,47.619049072265625,52.38095474243164,38.095237731933594,0,0,0,0,6.104726314544678,8589934592,2147483648,6196510720,407961600
209,1772000347219,3204,3204,3204,3204,3204,3204,3204,3204,52.6315803527832,47.619049072265625,50,45,0,0,0,0,6.104726314544678,8589934592,2147483648,6196641792,407961600
205,1772000347429,3204,3204,3204,3204,3204,3204,3204,3204,52.38095474243164,38.095237731933594,52.38095474243164,38.095237731933594,9.523809432983398,9.523809432983398,13.043478012084961,9.090909004211426,6.104726314544678,8589934592,2147483648,6175047680,407961600
209,1772000347634,3204,3204,3204,3204,3204,3204,3204,3204,52.38095474243164,40,45,50,0,0,0,0,6.104726314544678,8589934592,2147483648,6175064064,407961600
209,1772000347844,3204,3204,3204,3204,3204,3204,3204,3204,57.142860412597656,47.619049072265625,50,36.842105865478516,4.545454502105713,0,0,0,6.104726314544678,8589934592,2147483648,6176882688,407961600
200,1772000348054,3204,3204,3204,3204,3204,3204,3204,3204,57.142860412597656,47.619049072265625,50,40.90909194946289,0,0,0,0,6.147530555725098,8589934592,2147483648,6177046528,407961600
207,1772000348255,3204,3204,3204,3204,3204,3204,3204,3204,40,52.6315803527832,45,60.000003814697266,0,0,0,0,6.147530555725098,8589934592,2147483648,6177357824,407961600
207,1772000348462,3204,3204,3204,3204,3204,3204,3204,3204,36.842105865478516,42.85714340209961,57.142860412597656,42.85714340209961,5,9.090909004211426,4.761904716491699,4.761904716491699,6.147530555725098,8589934592,2147483648,6180012032,407961600
202,1772000348670,3204,3204,3204,3204,3204,3204,3204,3204,54.54545593261719,61.904762268066406,60.000003814697266,42.105262756347656,28.571430206298828,19.047618865966797,0,0,6.147530555725098,8589934592,2147483648,6180143104,407961600
209,1772000348874,3204,3204,3204,3204,3204,3204,3204,3204,50,50,55,47.619049072265625,10,10,4.761904716491699,0,6.147530555725098,8589934592,2147483648,6179749888,407961600
207,1772000349083,3204,3204,3204,3204,3204,3204,3204,3204,59.09090805053711,52.38095474243164,52.38095474243164,66.66667175292969,4.545454502105713,0,0,4.545454502105713,5.850338935852051,8589934592,2147483648,6179373056,407961600
209,1772000349291,3204,3204,3204,3204,3204,3204,3204,3204,50,42.85714340209961,38.095237731933594,40,15.000000953674316,27.272727966308594,4.761904716491699,14.285715103149414,5.850338935852051,8589934592,2147483648,6185615360,407961600
209,1772000349501,3204,3204,3204,3204,3204,3204,3204,3204,55,47.619049072265625,45,40.90909194946289,15.000000953674316,10.526315689086914,13.636363983154297,9.523809432983398,5.850338935852051,8589934592,2147483648,6186270720,407961600
209,1772000349711,3204,3204,3204,3204,3204,3204,3204,3204,57.142860412597656,52.38095474243164,54.54545593261719,47.619049072265625,4.545454502105713,4.545454502105713,0,0,5.850338935852051,8589934592,2147483648,6179569664,407961600
209,1772000349921,3204,3204,3204,3204,3204,3204,3204,3204,42.85714340209961,61.904762268066406,42.85714340209961,45,5,9.523809432983398,4.545454502105713,4.761904716491699,5.850338935852051,8589934592,2147483648,6180356096,407961600
205,1772000350131,3204,3204,3204,3204,3204,3204,3204,3204,38.095237731933594,52.38095474243164,52.38095474243164,38.095237731933594,9.090909004211426,9.090909004211426,0,4.761904716491699,6.20712947845459,8589934592,2147483648,6179864576,407961600
205,1772000350337,3204,3204,3204,3204,3204,3204,3204,3204,52.38095474243164,42.105262756347656,55,61.904762268066406,0,0,4.761904716491699,0,6.20712947845459,8589934592,2147483648,6186221568,407961600
205,1772000350543,3204,3204,3204,3204,3204,3204,3204,3204,47.36842346191406,47.619049072265625,35,60.000003814697266,5,4.761904716491699,4.761904716491699,0,6.20712947845459,8589934592,2147483648,6184632320,407961600
206,1772000350749,3204,3204,3204,3204,3204,3204,3204,3204,68.18181610107422,52.38095474243164,42.85714340209961,47.619049072265625,23.809524536132813,20,5,4.761904716491699,6.20712947845459,8589934592,2147483648,6184632320,407961600
201,1772000350956,3204,3204,3204,3204,3204,3204,3204,3204,50,50,61.904762268066406,42.85714340209961,14.285715103149414,15.000000953674316,4.761904716491699,4.761904716491699,6.20712947845459,8589934592,2147483648,6185549824,407961600
200,1772000351158,3204,3204,3204,3204,3204,3204,3204,3204,55,50,50,42.105262756347656,5,4.761904716491699,0,0,6.625216007232666,8589934592,2147483648,6186106880,407961600
207,1772000351359,3204,3204,3204,3204,3204,3204,3204,3204,50,57.142860412597656,65,40,25,25,23.809524536132813,25,6.625216007232666,8589934592,2147483648,6187139072,407961600
202,1772000351567,3204,3204,3204,3204,3204,3204,3204,3204,57.142860412597656,40,57.142860412597656,42.85714340209961,4.761904716491699,5,0,0,6.625216007232666,8589934592,2147483648,6187220992,407961600
203,1772000351771,3204,3204,3204,3204,3204,3204,3204,3204,45,45,40,50,5,4.761904716491699,4.761904716491699,4.761904716491699,6.625216007232666,8589934592,2147483648,6187220992,407961600
200,1772000351975,3204,3204,3204,3204,3204,3204,3204,3204,55,60.000003814697266,42.105262756347656,38.095237731933594,4.761904716491699,5,0,4.761904716491699,6.441441059112549,8589934592,2147483648,6187237376,407961600
208,1772000352176,3204,3204,3204,3204,3204,3204,3204,3204,40,50,50,47.36842346191406,0,0,0,0,6.441441059112549,8589934592,2147483648,6188023808,407961600
206,1772000352384,3204,3204,3204,3204,3204,3204,3204,3204,38.095237731933594,47.619049072265625,50,52.38095474243164,0,4.761904716491699,4.545454502105713,0,6.441441059112549,8589934592,2147483648,6187958272,407961600
207,1772000352591,3204,3204,3204,3204,3204,3204,3204,3204,42.85714340209961,42.85714340209961,45,59.09090805053711,9.090909004211426,0,4.761904716491699,0,6.441441059112549,8589934592,2147483648,6186303488,407961600
209,1772000352799,3204,3204,3204,3204,3204,3204,3204,3204,55,57.142860412597656,45.45454788208008,45,4.761904716491699,0,0,0,6.441441059112549,8589934592,2147483648,6186418176,407961600
209,1772000353009,3204,3204,3204,3204,3204,3204,3204,3204,61.904762268066406,52.38095474243164,45,38.095237731933594,25,27.272727966308594,5,9.090909004211426,6.4769697189331055,8589934592,2147483648,6184960000,407961600
203,1772000353218,3204,3204,3204,3204,3204,3204,3204,3204,47.619049072265625,60.000003814697266,61.904762268066406,38.095237731933594,4.761904716491699,4.761904716491699,4.545454502105713,4.761904716491699,6.4769697189331055,8589934592,2147483648,6188007424,407961600
202,1772000353422,3204,3204,3204,3204,3204,3204,3204,3204,50,38.095237731933594,45,42.105262756347656,10,10,0,0,6.4769697189331055,8589934592,2147483648,6187630592,407961600
199,1772000353626,3204,3204,3204,3204,3204,3204,3204,3204,47.619049072265625,45,57.142860412597656,47.619049072265625,0,0,4.761904716491699,0,6.4769697189331055,8589934592,2147483648,6187597824,407961600
206,1772000353826,3204,3204,3204,3204,3204,3204,3204,3204,45,47.36842346191406,55,30.000001907348633,9.523809432983398,5,0,5,6.4769697189331055,8589934592,2147483648,6187499520,407961600
200,1772000354033,3204,3204,3204,3204,3204,3204,3204,3204,50,47.619049072265625,45,45,4.761904716491699,4.761904716491699,4.545454502105713,0,6.038411617279053,8589934592,2147483648,6185500672,407961600
209,1772000354234,3204,3204,3204,3204,3204,3204,3204,3204,60.000003814697266,47.619049072265625,45,42.85714340209961,10.526315689086914,30.000001907348633,0,0,6.038411617279053,8589934592,2147483648,6189400064,407961600
203,1772000354444,3204,3204,3204,3204,3204,3204,3204,3204,47.619049072265625,40,57.142860412597656,35,4.761904716491699,4.545454502105713,4.545454502105713,4.545454502105713,6.038411617279053,8589934592,2147483648,6189154304,407961600
207,1772000354648,3204,3204,3204,3204,3204,3204,3204,3204,52.38095474243164,55,40,45.45454788208008,4.761904716491699,0,5,0,6.038411617279053,8589934592,2147483648,6188695552,407961600
207,1772000354856,3204,3204,3204,3204,3204,3204,3204,3204,45,52.38095474243164,61.904762268066406,36.842105865478516,0,4.545454502105713,0,0,6.038411617279053,8589934592,2147483648,6188924928,407961600
207,1772000355063,3204,3204,3204,3204,3204,3204,3204,3204,55,52.38095474243164,57.142860412597656,47.619049072265625,19.047618865966797,15.000000953674316,9.523809432983398,4.545454502105713,6.276239395141602,8589934592,2147483648,6201524224,407961600
201,1772000355271,3204,3204,3204,3204,3204,3204,3204,3204,47.619049072265625,45,55,38.095237731933594,5,14.285715103149414,4.761904716491699,0,6.276239395141602,8589934592,2147483648,6190120960,407961600
203,1772000355474,3204,3204,3204,3204,3204,3204,3204,3204,52.38095474243164,60.000003814697266,40,45,0,0,0,0,6.276239395141602,8589934592,2147483648,6187728896,407961600
207,1772000355677,3204,3204,3204,3204,3204,3204,3204,3204,45,52.38095474243164,42.85714340209961,45,0,0,0,0,6.276239395141602,8589934592,2147483648,6187532288,407961600
206,1772000355884,3204,3204,3204,3204,3204,3204,3204,3204,50,50,52.38095474243164,47.619049072265625,5,4.761904716491699,0,4.761904716491699,6.276239395141602,8589934592,2147483648,6187565056,407961600
203,1772000356091,3204,3204,3204,3204,3204,3204,3204,3204,42.85714340209961,47.619049072265625,50,50,4.545454502105713,0,0,0,6.054964542388916,8589934592,2147483648,6187597824,407961600
199,1772000356296,3204,3204,3204,3204,3204,3204,3204,3204,50,42.85714340209961,42.105262756347656,52.38095474243164,4.761904716491699,4.761904716491699,4.761904716491699,0,6.054964542388916,8589934592,2147483648,6187139072,407961600
209,1772000356496,3204,3204,3204,3204,3204,3204,3204,3204,55,42.105262756347656,52.38095474243164,42.105262756347656,0,5,0,0,6.054964542388916,8589934592,2147483648,6187089920,407961600
209,1772000356706,3204,3204,3204,3204,3204,3204,3204,3204,45,57.142860412597656,52.38095474243164,36.3636360168457,4.545454502105713,0,0,0,6.054964542388916,8589934592,2147483648,6187089920,407961600
204,1772000356916,3204,3204,3204,3204,3204,3204,3204,3204,57.142860412597656,47.619049072265625,50,42.85714340209961,0,4.545454502105713,0,0,6.054964542388916,8589934592,2147483648,6187089920,407961600
209,1772000357120,3204,3204,3204,3204,3204,3204,3204,3204,52.38095474243164,55,52.6315803527832,50,14.285715103149414,5,4.761904716491699,4.761904716491699,6.203768730163574,8589934592,2147483648,6197657600,407961600
206,1772000357331,3204,3204,3204,3204,3204,3204,3204,3204,57.142860412597656,59.09090805053711,45,42.85714340209961,20,15.000000953674316,4.545454502105713,0,6.203768730163574,8589934592,2147483648,6186565632,407961600
208,1772000357537,3204,3204,3204,3204,3204,3204,3204,3204,55,40,50,42.85714340209961,4.761904716491699,4.761904716491699,0,0,6.203768730163574,8589934592,2147483648,6186582016,407961600
207,1772000357746,3204,3204,3204,3204,3204,3204,3204,3204,50,45,45,52.38095474243164,4.761904716491699,4.761904716491699,4.761904716491699,4.761904716491699,6.203768730163574,8589934592,2147483648,6186614784,407961600
208,1772000357954,3204,3204,3204,3204,3204,3204,3204,3204,55,54.54545593261719,38.095237731933594,35,4.761904716491699,0,0,0,6.203768730163574,8589934592,2147483648,6186729472,407961600
209,1772000358162,3204,3204,3204,3204,3204,3204,3204,3204,50,65,42.85714340209961,38.095237731933594,4.761904716491699,4.761904716491699,4.545454502105713,4.761904716491699,5.865480422973633,8589934592,2147483648,6186762240,407961600
207,1772000358372,3204,3204,3204,3204,3204,3204,3204,3204,50,42.85714340209961,45.45454788208008,42.85714340209961,4.761904716491699,18.18181800842285,5,4.761904716491699,5.865480422973633,8589934592,2147483648,6186762240,407961600
200,1772000358580,3204,3204,3204,3204,3204,3204,3204,3204,60.000003814697266,47.619049072265625,47.36842346191406,52.38095474243164,0,0,0,0,5.865480422973633,8589934592,2147483648,6190006272,407961600
203,1772000358781,3204,3204,3204,3204,3204,3204,3204,3204,47.619049072265625,45,47.619049072265625,57.894737243652344,5,4.761904716491699,4.761904716491699,0,5.865480422973633,8589934592,2147483648,6190039040,407961600
209,1772000358985,3204,3204,3204,3204,3204,3204,3204,3204,35,50,55,45,0,5,0,0,6.161929130554199,8589934592,2147483648,6188040192,407961600
209,1772000359195,3204,3204,3204,3204,3204,3204,3204,3204,47.619049072265625,47.619049072265625,45,50,13.636363983154297,10,4.761904716491699,4.761904716491699,6.161929130554199,8589934592,2147483648,6189858816,407961600
207,1772000359406,3204,3204,3204,3204,3204,3204,3204,3204,70,42.85714340209961,50,38.095237731933594,23.809524536132813,36.3636360168457,10,9.523809432983398,6.161929130554199,8589934592,2147483648,6192906240,407961600
205,1772000359614,3204,3204,3204,3204,3204,3204,3204,3204,57.142860412597656,38.095237731933594,42.85714340209961,45,5,9.523809432983398,9.090909004211426,4.761904716491699,6.161929130554199,8589934592,2147483648,6194266112,407961600
201,1772000359820,3204,3204,3204,3204,3204,3204,3204,3204,55,50,45,52.38095474243164,4.761904716491699,4.761904716491699,4.761904716491699,4.761904716491699,6.161929130554199,8589934592,2147483648,6185828352,407961600
200,1772000360022,3204,3204,3204,3204,3204,3204,3204,3204,61.904762268066406,80,55,55,15.000000953674316,5,0,4.761904716491699,6.02509069442749,8589934592,2147483648,6186582016,407961600
209,1772000360223,3204,3204,3204,3204,3204,3204,3204,3204,73.68421173095703,70,70,61.904762268066406,14.285715103149414,0,4.761904716491699,20,6.02509069442749,8589934592,2147483648,6186696704,407961600
208,1772000360433,3204,3204,3204,3204,3204,3204,3204,3204,71.42857360839844,66.66667175292969,66.66667175292969,60.000003814697266,4.761904716491699,4.761904716491699,0,0,6.02509069442749,8589934592,2147483648,6181748736,407961600
202,1772000360643,3204,3204,3204,3204,3204,3204,3204,3204,54.54545593261719,40,57.142860412597656,42.85714340209961,4.761904716491699,0,4.545454502105713,4.545454502105713,6.02509069442749,8589934592,2147483648,6181650432,407961600
205,1772000360845,3204,3204,3204,3204,3204,3204,3204,3204,50,50,50,35,5,5,0,0,6.02509069442749,8589934592,2147483648,6181650432,407961600
199,1772000361051,3204,3204,3204,3204,3204,3204,3204,3204,50,55,55,45,0,0,0,0,6.502760887145996,8589934592,2147483648,6181650432,407961600
207,1772000361251,3204,3204,3204,3204,3204,3204,3204,3204,55,50,57.142860412597656,38.095237731933594,0,5,0,0,6.502760887145996,8589934592,2147483648,6182420480,407961600
208,1772000361459,3204,3204,3204,3204,3204,3204,3204,3204,57.142860412597656,55,55,55,19.047618865966797,10,9.523809432983398,4.761904716491699,6.502760887145996,8589934592,2147483648,6191267840,407961600
203,1772000361668,3204,3204,3204,3204,3204,3204,3204,3204,50,59.09090805053711,52.38095474243164,35,14.285715103149414,13.636363983154297,0,0,6.502760887145996,8589934592,2147483648,6181568512,407961600
208,1772000361872,3204,3204,3204,3204,3204,3204,3204,3204,47.619049072265625,63.15789031982422,42.85714340209961,38.095237731933594,0,0,0,4.545454502105713,6.502760887145996,8589934592,2147483648,6181601280,407961600
207,1772000362081,3204,3204,3204,3204,3204,3204,3204,3204,50,47.619049072265625,60.000003814697266,40,0,0,0,0,6.36362886428833,8589934592,2147483648,6181601280,407961600
206,1772000362289,3204,3204,3204,3204,3204,3204,3204,3204,50,50,45,47.619049072265625,0,4.761904716491699,0,0,6.36362886428833,8589934592,2147483648,6182322176,407961600
207,1772000362496,3204,3204,3204,3204,3204,3204,3204,3204,55,52.38095474243164,42.85714340209961,38.095237731933594,0,0,4.545454502105713,0,6.36362886428833,8589934592,2147483648,6182109184,407961600
208,1772000362704,3204,3204,3204,3204,3204,3204,3204,3204,52.38095474243164,52.38095474243164,50,40,9.523809432983398,5,5,0,6.36362886428833,8589934592,2147483648,6183059456,407961600
207,1772000362913,3204,3204,3204,3204,3204,3204,3204,3204,40,57.142860412597656,52.6315803527832,38.095237731933594,9.090909004211426,4.761904716491699,4.761904716491699,4.761904716491699,6.36362886428833,8589934592,2147483648,6182240256,407961600
207,1772000363121,3204,3204,3204,3204,3204,3204,3204,3204,47.619049072265625,52.38095474243164,57.142860412597656,40.90909194946289,4.761904716491699,4.761904716491699,4.761904716491699,4.761904716491699,6.3421854972839355,8589934592,2147483648,6182240256,407961600
209,1772000363329,3204,3204,3204,3204,3204,3204,3204,3204,61.904762268066406,45,54.54545593261719,30.000001907348633,5,5,4.761904716491699,0,6.3421854972839355,8589934592,2147483648,6183895040,407961600
209,1772000363539,3204,3204,3204,3204,3204,3204,3204,3204,45,42.85714340209961,65,42.85714340209961,10.526315689086914,13.636363983154297,4.761904716491699,4.761904716491699,6.3421854972839355,8589934592,2147483648,6194282496,407961600
206,1772000363749,3204,3204,3204,3204,3204,3204,3204,3204,52.38095474243164,38.095237731933594,52.38095474243164,47.619049072265625,30.434782028198242,19.047618865966797,19.047618865966797,9.523809432983398,6.3421854972839355,8589934592,2147483648,6183501824,407961600
208,1772000363956,3204,3204,3204,3204,3204,3204,3204,3204,72.7272720336914,65,65,70,25,23.809524536132813,20,23.809524536132813,6.3421854972839355,8589934592,2147483648,6185762816,407961600
207,1772000364164,3204,3204,3204,3204,3204,3204,3204,3204,45,47.619049072265625,52.38095474243164,52.38095474243164,9.523809432983398,5,5,4.761904716491699,6.1115007400512695,8589934592,2147483648,6185762816,407961600
206,1772000364372,3204,3204,3204,3204,3204,3204,3204,3204,40,38.095237731933594,66.66667175292969,28.571430206298828,19.047618865966797,14.285715103149414,27.272727966308594,0,6.1115007400512695,8589934592,2147483648,6166659072,407961600
209,1772000364579,3204,3204,3204,3204,3204,3204,3204,3204,45.45454788208008,47.619049072265625,50,42.85714340209961,4.761904716491699,4.761904716491699,0,9.090909004211426,6.1115007400512695,8589934592,2147483648,6182797312,407961600
206,1772000364789,3204,3204,3204,3204,3204,3204,3204,3204,50,40,59.09090805053711,45,0,0,0,0,6.1115007400512695,8589934592,2147483648,6182748160,407961600
203,1772000364996,3204,3204,3204,3204,3204,3204,3204,3204,47.619049072265625,57.142860412597656,42.85714340209961,50,4.761904716491699,5,4.761904716491699,0,6.923667907714844,8589934592,2147483648,6183993344,407961600
205,1772000365200,3204,3204,3204,3204,3204,3204,3204,3204,45,57.142860412597656,45,45,4.761904716491699,0,0,4.761904716491699,6.923667907714844,8589934592,2147483648,6184124416,407961600
206,1772000365406,3204,3204,3204,3204,3204,3204,3204,3204,50,55,45,38.095237731933594,0,4.761904716491699,0,0,6.923667907714844,8589934592,2147483648,6181371904,407961600
209,1772000365612,3204,3204,3204,3204,3204,3204,3204,3204,61.904762268066406,45,40,45,0,0,0,0,6.923667907714844,8589934592,2147483648,6181797888,407961600
206,1772000365822,3204,3204,3204,3204,3204,3204,3204,3204,68.18181610107422,47.619049072265625,54.54545593261719,47.619049072265625,27.272727966308594,23.809524536132813,8.69565200805664,0,6.923667907714844,8589934592,2147483648,6168576000,407961600
209,1772000366029,3204,3204,3204,3204,3204,3204,3204,3204,50,61.904762268066406,36.842105865478516,42.105262756347656,20,15.000000953674316,5,9.523809432983398,6.142090320587158,8589934592,2147483648,6170787840,407961600
208,1772000366239,3204,3204,3204,3204,3204,3204,3204,3204,45,50,52.173912048339844,40.90909194946289,4.761904716491699,4.545454502105713,0,0,6.142090320587158,8589934592,2147483648,6170525696,407961600
205,1772000366448,3204,3204,3204,3204,3204,3204,3204,3204,47.619049072265625,57.142860412597656,45,40,4.761904716491699,5,4.761904716491699,4.761904716491699,6.142090320587158,8589934592,2147483648,6169395200,407961600
201,1772000366654,3204,3204,3204,3204,3204,3204,3204,3204,55,52.38095474243164,45,40.90909194946289,0,0,0,0,6.142090320587158,8589934592,2147483648,6169214976,407961600
208,1772000366855,3204,3204,3204,3204,3204,3204,3204,3204,45,55,47.619049072265625,40,5,0,0,0,6.142090320587158,8589934592,2147483648,6169051136,407961600
202,1772000367064,3204,3204,3204,3204,3204,3204,3204,3204,54.54545593261719,42.85714340209961,45,52.6315803527832,0,4.761904716491699,0,0,6.218583583831787,8589934592,2147483648,6169018368,407961600
208,1772000367267,3204,3204,3204,3204,3204,3204,3204,3204,40,45,52.38095474243164,50,0,0,0,0,6.218583583831787,8589934592,2147483648,6169067520,407961600
207,1772000367476,3204,3204,3204,3204,3204,3204,3204,3204,50,45,52.38095474243164,45,4.761904716491699,4.761904716491699,4.761904716491699,4.761904716491699,6.218583583831787,8589934592,2147483648,6169018368,407961600
207,1772000367683,3204,3204,3204,3204,3204,3204,3204,3204,57.142860412597656,50,47.36842346191406,45,0,4.761904716491699,0,0,6.218583583831787,8589934592,2147483648,6169378816,407961600
202,1772000367891,3204,3204,3204,3204,3204,3204,3204,3204,52.38095474243164,61.904762268066406,57.142860412597656,47.619049072265625,18.18181800842285,10,9.523809432983398,0,6.218583583831787,8589934592,2147483648,6173097984,407961600
199,1772000368094,3204,3204,3204,3204,3204,3204,3204,3204,65,47.36842346191406,50,50,26.3157901763916,20,5,9.523809432983398,5.946479797363281,8589934592,2147483648,6169165824,407961600
205,1772000368295,3204,3204,3204,3204,3204,3204,3204,3204,36.842105865478516,60.000003814697266,45,45,0,4.761904716491699,0,0,5.946479797363281,8589934592,2147483648,6168543232,407961600
207,1772000368500,3204,3204,3204,3204,3204,3204,3204,3204,52.38095474243164,47.619049072265625,47.619049072265625,38.095237731933594,13.636363983154297,10.526315689086914,4.761904716491699,0,5.946479797363281,8589934592,2147483648,6168313856,407961600
207,1772000368708,3204,3204,3204,3204,3204,3204,3204,3204,40,50,45,45,0,9.090909004211426,4.761904716491699,4.761904716491699,5.946479797363281,8589934592,2147483648,6168182784,407961600
205,1772000368916,3204,3204,3204,3204,3204,3204,3204,3204,52.38095474243164,52.38095474243164,38.095237731933594,47.619049072265625,4.761904716491699,0,0,0,5.946479797363281,8589934592,2147483648,6167658496,407961600
209,1772000369123,3204,3204,3204,3204,3204,3204,3204,3204,54.54545593261719,61.904762268066406,52.38095474243164,38.095237731933594,4.761904716491699,4.761904716491699,0,0,6.058962345123291,8589934592,2147483648,6167658496,407961600
209,1772000369332,3204,3204,3204,3204,3204,3204,3204,3204,55,52.38095474243164,42.85714340209961,42.85714340209961,20,0,0,0,6.058962345123291,8589934592,2147483648,6167658496,407961600
200,1772000369542,3204,3204,3204,3204,3204,3204,3204,3204,50,45,42.85714340209961,42.85714340209961,14.285715103149414,4.761904716491699,0,9.523809432983398,6.058962345123291,8589934592,2147483648,6176473088,407961600
207,1772000369743,3204,3204,3204,3204,3204,3204,3204,3204,45,47.619049072265625,60.000003814697266,36.842105865478516,4.761904716491699,5,4.761904716491699,4.761904716491699,6.058962345123291,8589934592,2147483648,6177226752,407961600
204,1772000369950,3204,3204,3204,3204,3204,3204,3204,3204,50,45,61.904762268066406,50,10,9.090909004211426,0,4.761904716491699,6.058962345123291,8589934592,2147483648,6181158912,407961600
209,1772000370156,3204,3204,3204,3204,3204,3204,3204,3204,52.173912048339844,47.619049072265625,47.36842346191406,54.54545593261719,25,30.000001907348633,10,0,6.25973653793335,8589934592,2147483648,6177439744,407961600
206,1772000370366,3204,3204,3204,3204,3204,3204,3204,3204,45,50,45.45454788208008,42.85714340209961,4.761904716491699,5,8.69565200805664,4.761904716491699,6.25973653793335,8589934592,2147483648,6177439744,407961600
209,1772000370573,3204,3204,3204,3204,3204,3204,3204,3204,55,42.85714340209961,50,31.57894515991211,9.523809432983398,9.523809432983398,5,4.761904716491699,6.25973653793335,8589934592,2147483648,6172262400,407961600
200,1772000370783,3204,3204,3204,3204,3204,3204,3204,3204,52.38095474243164,52.38095474243164,45.45454788208008,38.095237731933594,9.523809432983398,4.761904716491699,4.761904716491699,4.761904716491699,6.25973653793335,8589934592,2147483648,6171656192,407961600
209,1772000370983,3204,3204,3204,3204,3204,3204,3204,3204,40,52.6315803527832,60.000003814697266,38.095237731933594,4.761904716491699,0,0,5,6.115912914276123,8589934592,2147483648,6171033600,407961600
203,1772000371194,3204,3204,3204,3204,3204,3204,3204,3204,57.142860412597656,54.54545593261719,40,36.3636360168457,4.761904716491699,8.69565200805664,4.761904716491699,0,6.115912914276123,8589934592,2147483648,6171033600,407961600
207,1772000371398,3204,3204,3204,3204,3204,3204,3204,3204,55,47.36842346191406,50,47.36842346191406,0,5,0,0,6.115912914276123,8589934592,2147483648,6171033600,407961600
205,1772000371606,3204,3204,3204,3204,3204,3204,3204,3204,61.904762268066406,47.619049072265625,38.095237731933594,38.095237731933594,4.545454502105713,0,0,0,6.115912914276123,8589934592,2147483648,6170902528,407961600
208,1772000371811,3204,3204,3204,3204,3204,3204,3204,3204,47.619049072265625,38.095237731933594,57.142860412597656,47.619049072265625,0,5,4.761904716491699,4.761904716491699,6.115912914276123,8589934592,2147483648,6170902528,407961600
208,1772000372020,3204,3204,3204,3204,3204,3204,3204,3204,60.000003814697266,42.85714340209961,42.85714340209961,47.619049072265625,5,4.761904716491699,5,0,6.428839683532715,8589934592,2147483648,6170935296,407961600
209,1772000372229,3204,3204,3204,3204,3204,3204,3204,3204,47.619049072265625,55,55,50,22.72727394104004,19.047618865966797,0,14.285715103149414,6.428839683532715,8589934592,2147483648,6120292352,407961600
200,1772000372439,3204,3204,3204,3204,3204,3204,3204,3204,57.142860412597656,50,42.85714340209961,38.095237731933594,0,5,4.545454502105713,0,6.428839683532715,8589934592,2147483648,6121390080,407961600
205,1772000372639,3204,3204,3204,3204,3204,3204,3204,3204,45,47.36842346191406,47.36842346191406,47.36842346191406,5,4.761904716491699,0,0,6.428839683532715,8589934592,2147483648,6121390080,407961600
207,1772000372846,3204,3204,3204,3204,3204,3204,3204,3204,45,42.85714340209961,50,57.142860412597656,4.761904716491699,0,0,0,6.428839683532715,8589934592,2147483648,6123503616,407961600
209,1772000373054,3204,3204,3204,3204,3204,3204,3204,3204,47.619049072265625,55,40,52.38095474243164,0,0,0,0,5.953932762145996,8589934592,2147483648,6123552768,407961600
200,1772000373264,3204,3204,3204,3204,3204,3204,3204,3204,55,52.38095474243164,57.142860412597656,40,0,9.090909004211426,4.761904716491699,4.545454502105713,5.953932762145996,8589934592,2147483648,6123012096,407961600
205,1772000373465,3204,3204,3204,3204,3204,3204,3204,3204,42.85714340209961,42.85714340209961,45,42.85714340209961,14.285715103149414,10,14.285715103149414,0,5.953932762145996,8589934592,2147483648,6123601920,407961600
203,1772000373671,3204,3204,3204,3204,3204,3204,3204,3204,55,52.38095474243164,40,35,4.761904716491699,0,0,4.545454502105713,5.953932762145996,8589934592,2147483648,6123651072,407961600
203,1772000373875,3204,3204,3204,3204,3204,3204,3204,3204,55,47.36842346191406,40,47.619049072265625,0,4.761904716491699,0,0,5.953932762145996,8589934592,2147483648,6122946560,407961600
204,1772000374079,3204,3204,3204,3204,3204,3204,3204,3204,57.142860412597656,40,47.619049072265625,45,0,0,0,0,6.22686767578125,8589934592,2147483648,6122946560,407961600
209,1772000374284,3204,3204,3204,3204,3204,3204,3204,3204,63.15789031982422,45.45454788208008,40,60.000003814697266,23.809524536132813,19.047618865966797,0,9.523809432983398,6.22686767578125,8589934592,2147483648,6134906880,407961600
209,1772000374494,3204,3204,3204,3204,3204,3204,3204,3204,50,40,50,38.095237731933594,28.571430206298828,23.809524536132813,13.636363983154297,0,6.22686767578125,8589934592,2147483648,6134906880,407961600
207,1772000374705,3204,3204,3204,3204,3204,3204,3204,3204,47.619049072265625,47.619049072265625,52.6315803527832,38.095237731933594,0,0,0,0,6.22686767578125,8589934592,2147483648,6127927296,407961600
209,1772000374912,3204,3204,3204,3204,3204,3204,3204,3204,50,50,50,42.85714340209961,0,0,0,0,6.22686767578125,8589934592,2147483648,6127976448,407961600
209,1772000375123,3204,3204,3204,3204,3204,3204,3204,3204,55,50,52.38095474243164,57.142860412597656,4.545454502105713,0,0,4.545454502105713,6.082187652587891,8589934592,2147483648,6128451584,407961600
201,1772000375333,3204,3204,3204,3204,3204,3204,3204,3204,57.142860412597656,42.85714340209961,52.38095474243164,35,0,4.545454502105713,0,0,6.082187652587891,8589934592,2147483648,6128451584,407961600
209,1772000375534,3204,3204,3204,3204,3204,3204,3204,3204,52.6315803527832,57.894737243652344,60.000003814697266,38.095237731933594,0,5,5,0,6.082187652587891,8589934592,2147483648,6128451584,407961600
209,1772000375744,3204,3204,3204,3204,3204,3204,3204,3204,50,47.619049072265625,50,47.619049072265625,4.545454502105713,0,0,0,6.082187652587891,8589934592,2147483648,6137430016,407961600
207,1772000375954,3204,3204,3204,3204,3204,3204,3204,3204,57.142860412597656,40.90909194946289,50,45,0,0,0,0,6.082187652587891,8589934592,2147483648,6137462784,407961600
209,1772000376162,3204,3204,3204,3204,3204,3204,3204,3204,57.894737243652344,45,55,45.45454788208008,5,9.523809432983398,4.761904716491699,4.761904716491699,6.28776741027832,8589934592,2147483648,6137282560,407961600
209,1772000376372,3204,3204,3204,3204,3204,3204,3204,3204,56.52173614501953,57.142860412597656,47.619049072265625,47.619049072265625,9.523809432983398,0,4.761904716491699,4.761904716491699,6.28776741027832,8589934592,2147483648,6148866048,407961600
204,1772000376582,3204,3204,3204,3204,3204,3204,3204,3204,50,50,59.09090805053711,45,23.809524536132813,27.272727966308594,0,0,6.28776741027832,8589934592,2147483648,6136840192,407961600
205,1772000376787,3204,3204,3204,3204,3204,3204,3204,3204,50,50,47.36842346191406,50,0,4.761904716491699,0,0,6.28776741027832,8589934592,2147483648,6136905728,407961600
205,1772000376993,3204,3204,3204,3204,3204,3204,3204,3204,57.142860412597656,54.54545593261719,42.85714340209961,42.85714340209961,4.761904716491699,0,4.761904716491699,9.090909004211426,5.9834885597229,8589934592,2147483648,6136922112,407961600
199,1772000377199,3204,3204,3204,3204,3204,3204,3204,3204,42.85714340209961,55,50,47.619049072265625,4.761904716491699,4.761904716491699,4.761904716491699,4.761904716491699,5.9834885597229,8589934592,2147483648,6136922112,407961600
204,1772000377399,3204,3204,3204,3204,3204,3204,3204,3204,47.36842346191406,55,40,60.000003814697266,5,4.761904716491699,5,0,5.9834885597229,8589934592,2147483648,6137036800,407961600
203,1772000377604,3204,3204,3204,3204,3204,3204,3204,3204,42.85714340209961,45,52.38095474243164,35,5,0,0,4.761904716491699,5.9834885597229,8589934592,2147483648,6137069568,407961600
207,1772000377808,3204,3204,3204,3204,3204,3204,3204,3204,60.000003814697266,45,50,45,4.761904716491699,4.761904716491699,0,0,5.9834885597229,8589934592,2147483648,6137184256,407961600
203,1772000378016,3204,3204,3204,3204,3204,3204,3204,3204,47.619049072265625,59.09090805053711,42.85714340209961,42.85714340209961,0,0,0,0,6.288883686065674,8589934592,2147483648,6137479168,407961600
200,1772000378220,3204,3204,3204,3204,3204,3204,3204,3204,47.36842346191406,47.36842346191406,55,42.85714340209961,4.761904716491699,5,4.761904716491699,0,6.288883686065674,8589934592,2147483648,6139576320,407961600
209,1772000378421,3204,3204,3204,3204,3204,3204,3204,3204,38.095237731933594,61.904762268066406,50,36.842105865478516,5,5,5,4.761904716491699,6.288883686065674,8589934592,2147483648,6139609088,407961600
207,1772000378631,3204,3204,3204,3204,3204,3204,3204,3204,66.66667175292969,55,47.619049072265625,38.095237731933594,38.095237731933594,50,28.571430206298828,33.333335876464844,6.288883686065674,8589934592,2147483648,6151503872,407961600
207,1772000378841,3204,3204,3204,3204,3204,3204,3204,3204,40,52.38095474243164,40,42.85714340209961,4.761904716491699,5,4.761904716491699,0,6.288883686065674,8589934592,2147483648,6137790464,407961600
209,1772000379049,3204,3204,3204,3204,3204,3204,3204,3204,61.904762268066406,61.904762268066406,52.38095474243164,57.142860412597656,0,0,0,0,6.059582233428955,8589934592,2147483648,6137806848,407961600
209,1772000379258,3204,3204,3204,3204,3204,3204,3204,3204,38.095237731933594,52.38095474243164,47.619049072265625,52.38095474243164,10,19.047618865966797,13.636363983154297,4.545454502105713,6.059582233428955,8589934592,2147483648,6137888768,407961600
203,1772000379468,3204,3204,3204,3204,3204,3204,3204,3204,47.619049072265625,52.38095474243164,45.45454788208008,42.85714340209961,9.090909004211426,0,0,0,6.059582233428955,8589934592,2147483648,6137888768,407961600
207,1772000379673,3204,3204,3204,3204,3204,3204,3204,3204,52.6315803527832,55,33.333335876464844,40,10,9.090909004211426,4.545454502105713,4.545454502105713,6.059582233428955,8589934592,2147483648,6137888768,407961600
206,1772000379880,3204,3204,3204,3204,3204,3204,3204,3204,63.6363639831543,42.85714340209961,45,40,0,0,0,0,6.059582233428955,8589934592,2147483648,6141493248,407961600
206,1772000380087,3204,3204,3204,3204,3204,3204,3204,3204,57.142860412597656,50,40,50,0,0,0,0,6.950860977172852,8589934592,2147483648,6142296064,407961600
209,1772000380294,3204,3204,3204,3204,3204,3204,3204,3204,50,60.000003814697266,60.000003814697266,50,4.761904716491699,4.761904716491699,0,0,6.950860977172852,8589934592,2147483648,6142951424,407961600
201,1772000380504,3204,3204,3204,3204,3204,3204,3204,3204,42.85714340209961,59.09090805053711,45.45454788208008,38.095237731933594,4.761904716491699,4.761904716491699,4.761904716491699,0,6.950860977172852,8589934592,2147483648,6142869504,407961600
207,1772000380706,3204,3204,3204,3204,3204,3204,3204,3204,60.000003814697266,60.000003814697266,52.6315803527832,50,10,10,0,4.761904716491699,6.950860977172852,8589934592,2147483648,6154223616,407961600
207,1772000380914,3204,3204,3204,3204,3204,3204,3204,3204,50,52.38095474243164,47.619049072265625,50,19.047618865966797,19.047618865966797,0,0,6.950860977172852,8589934592,2147483648,6141362176,407961600
206,1772000381122,3204,3204,3204,3204,3204,3204,3204,3204,52.6315803527832,57.142860412597656,38.095237731933594,38.095237731933594,0,0,4.761904716491699,0,6.049858093261719,8589934592,2147483648,6141198336,407961600
209,1772000381329,3204,3204,3204,3204,3204,3204,3204,3204,52.38095474243164,50,55,42.85714340209961,0,0,0,0,6.049858093261719,8589934592,2147483648,6141247488,407961600
206,1772000381539,3204,3204,3204,3204,3204,3204,3204,3204,42.85714340209961,55,50,50,4.761904716491699,5,0,0,6.049858093261719,8589934592,2147483648,6141050880,407961600
206,1772000381746,3204,3204,3204,3204,3204,3204,3204,3204,52.38095474243164,50,57.142860412597656,40.90909194946289,0,0,4.761904716491699,4.545454502105713,6.049858093261719,8589934592,2147483648,6141083648,407961600
207,1772000381954,3204,3204,3204,3204,3204,3204,3204,3204,40,57.142860412597656,45,50,13.043478012084961,4.761904716491699,0,0,6.049858093261719,8589934592,2147483648,6141657088,407961600
209,1772000382162,3204,3204,3204,3204,3204,3204,3204,3204,47.619049072265625,55,35,52.38095474243164,0,0,0,0,6.2991509437561035,8589934592,2147483648,6141591552,407961600
207,1772000382372,3204,3204,3204,3204,3204,3204,3204,3204,47.619049072265625,42.85714340209961,57.142860412597656,42.85714340209961,0,4.761904716491699,4.545454502105713,4.545454502105713,6.2991509437561035,8589934592,2147483648,6141640704,407961600
201,1772000382580,3204,3204,3204,3204,3204,3204,3204,3204,47.619049072265625,66.66667175292969,50,38.095237731933594,9.523809432983398,9.090909004211426,4.761904716491699,5,6.2991509437561035,8589934592,2147483648,6141755392,407961600
204,1772000382782,3204,3204,3204,3204,3204,3204,3204,3204,42.105262756347656,50,40,52.6315803527832,0,0,0,0,6.2991509437561035,8589934592,2147483648,6141804544,407961600
209,1772000382986,3204,3204,3204,3204,3204,3204,3204,3204,71.42857360839844,50,52.6315803527832,47.619049072265625,25,25,5,4.761904716491699,5.87227725982666,8589934592,2147483648,6144016384,407961600
203,1772000383196,3204,3204,3204,3204,3204,3204,3204,3204,57.142860412597656,42.85714340209961,42.85714340209961,47.619049072265625,4.761904716491699,4.761904716491699,4.545454502105713,0,5.87227725982666,8589934592,2147483648,6145409024,407961600
203,1772000383400,3204,3204,3204,3204,3204,3204,3204,3204,50,45,55,40,0,0,0,0,5.87227725982666,8589934592,2147483648,6145851392,407961600
208,1772000383604,3204,3204,3204,3204,3204,3204,3204,3204,65,40,38.095237731933594,45,9.523809432983398,5,5,0,5.87227725982666,8589934592,2147483648,6145900544,407961600
201,1772000383812,3204,3204,3204,3204,3204,3204,3204,3204,47.619049072265625,50,57.142860412597656,33.333335876464844,0,4.545454502105713,0,4.545454502105713,5.87227725982666,8589934592,2147483648,6145835008,407961600
208,1772000384014,3204,3204,3204,3204,3204,3204,3204,3204,45,57.894737243652344,40,52.38095474243164,5,0,0,0,6.165225982666016,8589934592,2147483648,6145933312,407961600
204,1772000384222,3204,3204,3204,3204,3204,3204,3204,3204,52.38095474243164,47.619049072265625,45,40,9.523809432983398,13.636363983154297,4.761904716491699,4.761904716491699,6.165225982666016,8589934592,2147483648,6147702784,407961600
206,1772000384427,3204,3204,3204,3204,3204,3204,3204,3204,55,45,47.619049072265625,42.85714340209961,0,5,14.285715103149414,0,6.165225982666016,8589934592,2147483648,6145900544,407961600
206,1772000384634,3204,3204,3204,3204,3204,3204,3204,3204,42.85714340209961,47.619049072265625,40,55,15.000000953674316,9.523809432983398,5,10,6.165225982666016,8589934592,2147483648,6144507904,407961600
205,1772000384842,3204,3204,3204,3204,3204,3204,3204,3204,52.38095474243164,52.38095474243164,42.85714340209961,47.619049072265625,0,0,0,4.761904716491699,6.165225982666016,8589934592,2147483648,6144524288,407961600
207,1772000385047,3204,3204,3204,3204,3204,3204,3204,3204,70,50,47.619049072265625,50,19.047618865966797,18.18181800842285,4.761904716491699,0,6.051734447479248,8589934592,2147483648,6157156352,407961600
200,1772000385256,3204,3204,3204,3204,3204,3204,3204,3204,47.619049072265625,55,38.095237731933594,45,20,10,4.761904716491699,0,6.051734447479248,8589934592,2147483648,6144819200,407961600
209,1772000385457,3204,3204,3204,3204,3204,3204,3204,3204,52.6315803527832,47.619049072265625,47.36842346191406,40,4.761904716491699,4.761904716491699,0,5,6.051734447479248,8589934592,2147483648,6144835584,407961600
209,1772000385667,3204,3204,3204,3204,3204,3204,3204,3204,45.45454788208008,66.66667175292969,42.85714340209961,36.3636360168457,0,0,0,0,6.051734447479248,8589934592,2147483648,6144802816,407961600
203,1772000385877,3204,3204,3204,3204,3204,3204,3204,3204,45,45,52.38095474243164,38.095237731933594,9.090909004211426,9.523809432983398,9.090909004211426,4.761904716491699,6.051734447479248,8589934592,2147483648,6144819200,407961600
200,1772000386081,3204,3204,3204,3204,3204,3204,3204,3204,52.38095474243164,47.619049072265625,47.619049072265625,50,0,0,0,0,6.01003360748291,8589934592,2147483648,6144770048,407961600
208,1772000386282,3204,3204,3204,3204,3204,3204,3204,3204,52.6315803527832,47.36842346191406,47.36842346191406,42.105262756347656,9.523809432983398,5,0,4.761904716491699,6.01003360748291,8589934592,2147483648,6144966656,407961600
200,1772000386491,3204,3204,3204,3204,3204,3204,3204,3204,52.38095474243164,42.85714340209961,52.38095474243164,36.3636360168457,4.761904716491699,4.761904716491699,4.761904716491699,4.761904716491699,6.01003360748291,8589934592,2147483648,6144917504,407961600
209,1772000386691,3204,3204,3204,3204,3204,3204,3204,3204,47.619049072265625,52.38095474243164,50,47.36842346191406,0,4.761904716491699,0,0,6.01003360748291,8589934592,2147483648,6144360448,407961600
203,1772000386901,3204,3204,3204,3204,3204,3204,3204,3204,50,45,45.45454788208008,50,4.761904716491699,4.761904716491699,4.761904716491699,4.545454502105713,6.01003360748291,8589934592,2147483648,6144360448,407961600
209,1772000387105,3204,3204,3204,3204,3204,3204,3204,3204,68.18181610107422,60.000003814697266,45,30.000001907348633,5,5,0,0,6.231770992279053,8589934592,2147483648,6148259840,407961600
205,1772000387315,3204,3204,3204,3204,3204,3204,3204,3204,52.6315803527832,50,55,38.095237731933594,27.272727966308594,14.285715103149414,13.636363983154297,0,6.231770992279053,8589934592,2147483648,6144557056,407961600
208,1772000387521,3204,3204,3204,3204,3204,3204,3204,3204,66.66667175292969,38.095237731933594,52.38095474243164,33.333335876464844,0,0,0,4.545454502105713,6.231770992279053,8589934592,2147483648,6144589824,407961600
203,1772000387730,3204,3204,3204,3204,3204,3204,3204,3204,52.38095474243164,50,35,50,4.761904716491699,4.761904716491699,4.761904716491699,0,6.231770992279053,8589934592,2147483648,6144589824,407961600
204,1772000387935,3204,3204,3204,3204,3204,3204,3204,3204,52.38095474243164,50,47.619049072265625,50,5,0,0,0,6.231770992279053,8589934592,2147483648,6149914624,407961600
209,1772000388139,3204,3204,3204,3204,3204,3204,3204,3204,47.36842346191406,61.904762268066406,35,50,4.761904716491699,9.090909004211426,0,0,5.930420875549316,8589934592,2147483648,6149980160,407961600
209,1772000388349,3204,3204,3204,3204,3204,3204,3204,3204,42.85714340209961,52.38095474243164,47.619049072265625,36.3636360168457,0,0,0,0,5.930420875549316,8589934592,2147483648,6149783552,407961600
207,1772000388559,3204,3204,3204,3204,3204,3204,3204,3204,52.38095474243164,45,47.619049072265625,47.619049072265625,4.545454502105713,9.090909004211426,4.761904716491699,4.761904716491699,5.930420875549316,8589934592,2147483648,6149783552,407961600
207,1772000388766,3204,3204,3204,3204,3204,3204,3204,3204,57.142860412597656,47.619049072265625,47.619049072265625,35,0,0,0,0,5.930420875549316,8589934592,2147483648,6149783552,407961600
200,1772000388974,3204,3204,3204,3204,3204,3204,3204,3204,50,45,45,42.85714340209961,9.090909004211426,4.761904716491699,0,0,6.3095927238464355,8589934592,2147483648,6149783552,407961600
202,1772000389175,3204,3204,3204,3204,3204,3204,3204,3204,55,52.38095474243164,42.85714340209961,42.85714340209961,0,0,4.761904716491699,0,6.3095927238464355,8589934592,2147483648,6150488064,407961600
209,1772000389377,3204,3204,3204,3204,3204,3204,3204,3204,63.6363639831543,60.000003814697266,50,40,40,33.333335876464844,10,5,6.3095927238464355,8589934592,2147483648,6150045696,407961600
205,1772000389587,3204,3204,3204,3204,3204,3204,3204,3204,55,52.38095474243164,40,40,9.523809432983398,5,14.285715103149414,0,6.3095927238464355,8589934592,2147483648,6139150336,407961600
209,1772000389793,3204,3204,3204,3204,3204,3204,3204,3204,45,40,57.142860412597656,38.095237731933594,0,4.761904716491699,0,0,6.3095927238464355,8589934592,2147483648,6153977856,407961600
208,1772000390004,3204,3204,3204,3204,3204,3204,3204,3204,40.90909194946289,57.142860412597656,42.85714340209961,47.619049072265625,4.545454502105713,0,0,0,6.1724958419799805,8589934592,2147483648,6153977856,407961600
209,1772000390212,3204,3204,3204,3204,3204,3204,3204,3204,50,42.85714340209961,52.38095474243164,50,4.545454502105713,0,0,4.545454502105713,6.1724958419799805,8589934592,2147483648,6152486912,407961600
206,1772000390422,3204,3204,3204,3204,3204,3204,3204,3204,45,45,42.85714340209961,57.142860412597656,0,4.761904716491699,0,0,6.1724958419799805,8589934592,2147483648,6152552448,407961600
200,1772000390629,3204,3204,3204,3204,3204,3204,3204,3204,47.619049072265625,52.38095474243164,45,47.619049072265625,0,0,4.761904716491699,0,6.1724958419799805,8589934592,2147483648,6152994816,407961600
208,1772000390830,3204,3204,3204,3204,3204,3204,3204,3204,52.38095474243164,52.38095474243164,40,55,4.761904716491699,0,0,0,6.1724958419799805,8589934592,2147483648,6152880128,407961600
201,1772000391039,3204,3204,3204,3204,3204,3204,3204,3204,45,45,52.38095474243164,45,0,4.761904716491699,0,0,6.477567672729492,8589934592,2147483648,6152486912,407961600
209,1772000391241,3204,3204,3204,3204,3204,3204,3204,3204,55,40,60.000003814697266,42.85714340209961,4.761904716491699,0,0,0,6.477567672729492,8589934592,2147483648,6152617984,407961600
203,1772000391451,3204,3204,3204,3204,3204,3204,3204,3204,57.142860412597656,52.38095474243164,61.904762268066406,52.38095474243164,19.047618865966797,13.636363983154297,0,0,6.477567672729492,8589934592,2147483648,6161367040,407961600
204,1772000391655,3204,3204,3204,3204,3204,3204,3204,3204,40,60.000003814697266,50,50,20,10,4.761904716491699,4.761904716491699,6.477567672729492,8589934592,2147483648,6161367040,407961600
202,1772000391860,3204,3204,3204,3204,3204,3204,3204,3204,50,60.000003814697266,45,30.000001907348633,5,5,4.761904716491699,4.761904716491699,6.477567672729492,8589934592,2147483648,6161367040,407961600
201,1772000392062,3204,3204,3204,3204,3204,3204,3204,3204,60.000003814697266,52.38095474243164,40,45,5,5,5,0,5.981863498687744,8589934592,2147483648,6161367040,407961600
205,1772000392264,3204,3204,3204,3204,3204,3204,3204,3204,55,47.36842346191406,50,38.095237731933594,4.761904716491699,4.761904716491699,0,4.761904716491699,5.981863498687744,8589934592,2147483648,6151766016,407961600
209,1772000392470,3204,3204,3204,3204,3204,3204,3204,3204,50,57.142860412597656,42.85714340209961,50,5,5,4.761904716491699,4.761904716491699,5.981863498687744,8589934592,2147483648,6151880704,407961600
209,1772000392680,3204,3204,3204,3204,3204,3204,3204,3204,55,59.09090805053711,38.095237731933594,45,0,0,4.761904716491699,0,5.981863498687744,8589934592,2147483648,6151929856,407961600
206,1772000392890,3204,3204,3204,3204,3204,3204,3204,3204,61.904762268066406,50,36.3636360168457,40.90909194946289,8.69565200805664,4.545454502105713,0,4.545454502105713,5.981863498687744,8589934592,2147483648,6145392640,407961600
209,1772000393097,3204,3204,3204,3204,3204,3204,3204,3204,52.38095474243164,47.619049072265625,35,60.000003814697266,5,4.761904716491699,4.761904716491699,4.761904716491699,6.310352325439453,8589934592,2147483648,6145392640,407961600
206,1772000393307,3204,3204,3204,3204,3204,3204,3204,3204,40,47.619049072265625,60.000003814697266,42.85714340209961,0,4.761904716491699,0,0,6.310352325439453,8589934592,2147483648,6146441216,407961600
209,1772000393514,3204,3204,3204,3204,3204,3204,3204,3204,52.38095474243164,57.142860412597656,42.85714340209961,52.38095474243164,4.761904716491699,4.761904716491699,0,0,6.310352325439453,8589934592,2147483648,6146588672,407961600
203,1772000393724,3204,3204,3204,3204,3204,3204,3204,3204,52.38095474243164,45,42.85714340209961,47.619049072265625,40,20,9.523809432983398,10,6.310352325439453,8589934592,2147483648,6148063232,407961600
209,1772000393928,3204,3204,3204,3204,3204,3204,3204,3204,57.142860412597656,45,55,35,4.761904716491699,4.761904716491699,0,4.761904716491699,6.310352325439453,8589934592,2147483648,6148014080,407961600
201,1772000394138,3204,3204,3204,3204,3204,3204,3204,3204,40,50,47.619049072265625,47.619049072265625,4.761904716491699,0,0,0,6.05375337600708,8589934592,2147483648,6147817472,407961600
209,1772000394340,3204,3204,3204,3204,3204,3204,3204,3204,55,55,45,45,10,23.809524536132813,4.761904716491699,5,6.05375337600708,8589934592,2147483648,6147915776,407961600
205,1772000394550,3204,3204,3204,3204,3204,3204,3204,3204,54.54545593261719,45,47.619049072265625,47.619049072265625,0,0,0,0,6.05375337600708,8589934592,2147483648,6147948544,407961600
208,1772000394756,3204,3204,3204,3204,3204,3204,3204,3204,40,52.38095474243164,45,33.333335876464844,23.809524536132813,10,5,4.761904716491699,6.05375337600708,8589934592,2147483648,6147948544,407961600
206,1772000394965,3204,3204,3204,3204,3204,3204,3204,3204,45,42.85714340209961,54.54545593261719,60.000003814697266,0,0,0,0,6.05375337600708,8589934592,2147483648,6147948544,407961600
207,1772000395173,3204,3204,3204,3204,3204,3204,3204,3204,45.45454788208008,52.38095474243164,42.85714340209961,47.619049072265625,0,4.761904716491699,0,0,6.276959419250488,8589934592,2147483648,6147948544,407961600
200,1772000395381,3204,3204,3204,3204,3204,3204,3204,3204,50,50,45,47.619049072265625,4.761904716491699,4.761904716491699,4.761904716491699,4.761904716491699,6.276959419250488,8589934592,2147483648,6158319616,407961600
207,1772000395581,3204,3204,3204,3204,3204,3204,3204,3204,50,50,47.619049072265625,45,5,0,0,0,6.276959419250488,8589934592,2147483648,6158827520,407961600
209,1772000395789,3204,3204,3204,3204,3204,3204,3204,3204,55,66.66667175292969,50,55,23.809524536132813,19.047618865966797,4.761904716491699,0,6.276959419250488,8589934592,2147483648,6158827520,407961600
207,1772000395999,3204,3204,3204,3204,3204,3204,3204,3204,47.619049072265625,47.619049072265625,40,50,9.523809432983398,5,0,0,6.066389083862305,8589934592,2147483648,6158827520,407961600
205,1772000396207,3204,3204,3204,3204,3204,3204,3204,3204,50,55,42.85714340209961,45,0,4.545454502105713,9.090909004211426,0,6.066389083862305,8589934592,2147483648,6158827520,407961600
208,1772000396413,3204,3204,3204,3204,3204,3204,3204,3204,47.36842346191406,61.904762268066406,33.333335876464844,47.619049072265625,0,0,0,0,6.066389083862305,8589934592,2147483648,6155124736,407961600
208,1772000396622,3204,3204,3204,3204,3204,3204,3204,3204,47.619049072265625,57.142860412597656,42.85714340209961,40,4.761904716491699,4.761904716491699,0,4.545454502105713,6.066389083862305,8589934592,2147483648,6155026432,407961600
208,1772000396831,3204,3204,3204,3204,3204,3204,3204,3204,42.85714340209961,40,45,52.38095474243164,0,0,0,0,6.066389083862305,8589934592,2147483648,6155042816,407961600
201,1772000397039,3204,3204,3204,3204,3204,3204,3204,3204,47.619049072265625,57.142860412597656,59.09090805053711,45.45454788208008,0,0,0,0,6.2698774337768555,8589934592,2147483648,6155157504,407961600
209,1772000397241,3204,3204,3204,3204,3204,3204,3204,3204,55,52.38095474243164,40,47.36842346191406,4.761904716491699,4.761904716491699,5,0,6.2698774337768555,8589934592,2147483648,6155157504,407961600
204,1772000397451,3204,3204,3204,3204,3204,3204,3204,3204,47.619049072265625,42.105262756347656,47.619049072265625,52.38095474243164,0,0,0,0,6.2698774337768555,8589934592,2147483648,6156353536,407961600
208,1772000397655,3204,3204,3204,3204,3204,3204,3204,3204,50,47.619049072265625,52.6315803527832,40,4.761904716491699,4.761904716491699,0,0,6.2698774337768555,8589934592,2147483648,6155960320,407961600
210,1772000397864,3204,3204,3204,3204,3204,3204,3204,3204,55,61.904762268066406,57.142860412597656,42.85714340209961,14.285715103149414,9.523809432983398,4.761904716491699,4.545454502105713,6.2698774337768555,8589934592,2147483648,6165757952,407961600
208,1772000398074,3204,3204,3204,3204,3204,3204,3204,3204,45.45454788208008,52.38095474243164,47.619049072265625,47.619049072265625,14.285715103149414,10,5,0,5.823386192321777,8589934592,2147483648,6155812864,407961600
205,1772000398283,3204,3204,3204,3204,3204,3204,3204,3204,55,55,42.85714340209961,38.095237731933594,4.761904716491699,9.090909004211426,4.545454502105713,0,5.823386192321777,8589934592,2147483648,6155845632,407961600
204,1772000398489,3204,3204,3204,3204,3204,3204,3204,3204,45.45454788208008,52.38095474243164,52.38095474243164,35,0,4.761904716491699,0,0,5.823386192321777,8589934592,2147483648,6155665408,407961600
200,1772000398694,3204,3204,3204,3204,3204,3204,3204,3204,50,47.619049072265625,42.105262756347656,57.142860412597656,9.523809432983398,5,9.523809432983398,5,5.823386192321777,8589934592,2147483648,6157565952,407961600
202,1772000398895,3204,3204,3204,3204,3204,3204,3204,3204,63.15789031982422,65,71.42857360839844,65,5,0,0,4.761904716491699,5.823386192321777,8589934592,2147483648,6162907136,407961600
204,1772000399098,3204,3204,3204,3204,3204,3204,3204,3204,76.19047546386719,75,65,70,0,4.761904716491699,0,0,6.013835430145264,8589934592,2147483648,6162907136,407961600
209,1772000399302,3204,3204,3204,3204,3204,3204,3204,3204,80,63.15789031982422,66.66667175292969,60.000003814697266,19.047618865966797,25,13.636363983154297,0,6.013835430145264,8589934592,2147483648,6162907136,407961600
203,1772000399513,3204,3204,3204,3204,3204,3204,3204,3204,71.42857360839844,59.09090805053711,70,61.904762268066406,0,0,0,0,6.013835430145264,8589934592,2147483648,6162513920,407961600
205,1772000399717,3204,3204,3204,3204,3204,3204,3204,3204,52.38095474243164,42.105262756347656,52.38095474243164,42.85714340209961,14.285715103149414,4.761904716491699,4.761904716491699,9.523809432983398,6.013835430145264,8589934592,2147483648,6168559616,407961600
208,1772000399923,3204,3204,3204,3204,3204,3204,3204,3204,63.15789031982422,54.54545593261719,55,55,4.761904716491699,0,0,0,6.013835430145264,8589934592,2147483648,6179782656,407961600
206,1772000400132,3204,3204,3204,3204,3204,3204,3204,3204,95.45454406738281,100,100,95.45454406738281,25,27.272727966308594,9.523809432983398,9.090909004211426,6.246481418609619,8589934592,2147483648,6192185344,407961600
207,1772000400339,3204,3204,3204,3204,3204,3204,3204,3204,78.94737243652344,70,65,68.42105102539063,4.761904716491699,0,0,0,6.246481418609619,8589934592,2147483648,6195609600,407961600
201,1772000400546,3204,3204,3204,3204,3204,3204,3204,3204,71.42857360839844,71.42857360839844,60.000003814697266,59.09090805053711,0,0,0,0,6.246481418609619,8589934592,2147483648,6198640640,407961600
204,1772000400749,3204,3204,3204,3204,3204,3204,3204,3204,59.09090805053711,55,57.142860412597656,57.894737243652344,5,5,4.761904716491699,4.761904716491699,6.246481418609619,8589934592,2147483648,6199230464,407961600
204,1772000400953,3204,3204,3204,3204,3204,3204,3204,3204,63.15789031982422,61.904762268066406,65,57.142860412597656,25,9.523809432983398,0,0,6.246481418609619,8589934592,2147483648,6199230464,407961600
204,1772000401159,3204,3204,3204,3204,3204,3204,3204,3204,66.66667175292969,63.15789031982422,66.66667175292969,57.142860412597656,80.95238494873047,0,0,0,7.317993640899658,8589934592,2147483648,6199230464,407961600
206,1772000401363,3204,3204,3204,3204,3204,3204,3204,3204,55,65,57.142860412597656,45,80.95238494873047,4.545454502105713,0,0,7.317993640899658,8589934592,2147483648,6199230464,407961600
209,1772000401570,3204,3204,3204,3204,3204,3204,3204,3204,57.142860412597656,50,45,50,5,30.000001907348633,0,0,7.317993640899658,8589934592,2147483648,6193135616,407961600
207,1772000401781,3204,3204,3204,3204,3204,3204,3204,3204,40,50,57.142860412597656,45,100,0,4.545454502105713,0,7.317993640899658,8589934592,2147483648,6191923200,407961600
208,1772000401989,3204,3204,3204,3204,3204,3204,3204,3204,52.38095474243164,47.619049072265625,50,47.619049072265625,100,0,0,0,6.832855701446533,8589934592,2147483648,6193168384,407961600
205,1772000402200,3204,3204,3204,3204,3204,3204,3204,3204,55,47.619049072265625,59.09090805053711,54.54545593261719,23.809524536132813,45,20,13.636363983154297,6.832855701446533,8589934592,2147483648,6188105728,407961600
209,1772000402406,3204,3204,3204,3204,3204,3204,3204,3204,52.38095474243164,60.000003814697266,40,47.619049072265625,47.619049072265625,23.809524536132813,4.761904716491699,5,6.832855701446533,8589934592,2147483648,6176817152,407961600
209,1772000402615,3204,3204,3204,3204,3204,3204,3204,3204,47.619049072265625,47.619049072265625,42.85714340209961,57.142860412597656,52.38095474243164,0,0,0,6.832855701446533,8589934592,2147483648,6176555008,407961600
209,1772000402825,3204,3204,3204,3204,3204,3204,3204,3204,59.09090805053711,38.095237731933594,50,45,5,18.18181800842285,13.636363983154297,0,6.832855701446533,8589934592,2147483648,6177538048,407961600
204,1772000403035,3204,3204,3204,3204,3204,3204,3204,3204,45,38.095237731933594,57.894737243652344,50,57.142860412597656,0,0,0,10.982913970947266,8589934592,2147483648,6177832960,407961600
203,1772000403239,3204,3204,3204,3204,3204,3204,3204,3204,55,50,45.45454788208008,52.38095474243164,55,0,4.761904716491699,0,10.982913970947266,8589934592,2147483648,6177832960,407961600
204,1772000403443,3204,3204,3204,3204,3204,3204,3204,3204,52.38095474243164,47.619049072265625,57.894737243652344,40,47.619049072265625,5,0,0,10.982913970947266,8589934592,2147483648,6177832960,407961600
209,1772000403648,3204,3204,3204,3204,3204,3204,3204,3204,45,40,65,38.095237731933594,55,4.761904716491699,0,4.761904716491699,10.982913970947266,8589934592,2147483648,6178045952,407961600
207,1772000403858,3204,3204,3204,3204,3204,3204,3204,3204,57.142860412597656,47.619049072265625,47.619049072265625,40,42.85714340209961,4.761904716491699,0,0,10.982913970947266,8589934592,2147483648,6178111488,407961600
206,1772000404065,3204,3204,3204,3204,3204,3204,3204,3204,52.38095474243164,55,42.85714340209961,42.85714340209961,42.85714340209961,0,0,0,9.66307258605957,8589934592,2147483648,6177570816,407961600
209,1772000404271,3204,3204,3204,3204,3204,3204,3204,3204,55,60.000003814697266,47.619049072265625,52.38095474243164,55,23.809524536132813,14.285715103149414,5,9.66307258605957,8589934592,2147483648,6185697280,407961600
200,1772000404482,3204,3204,3204,3204,3204,3204,3204,3204,55,50,60.000003814697266,45,59.09090805053711,14.285715103149414,9.090909004211426,0,9.66307258605957,8589934592,2147483648,6175522816,407961600
206,1772000404682,3204,3204,3204,3204,3204,3204,3204,3204,38.095237731933594,55,45,47.619049072265625,35,0,5.263157844543457,0,9.66307258605957,8589934592,2147483648,6178865152,407961600
209,1772000404889,3204,3204,3204,3204,3204,3204,3204,3204,42.105262756347656,55,38.095237731933594,50,60.000003814697266,10,4.761904716491699,4.761904716491699,9.66307258605957,8589934592,2147483648,6183501824,407961600
200,1772000405099,3204,3204,3204,3204,3204,3204,3204,3204,45.45454788208008,47.619049072265625,55,45.45454788208008,66.66667175292969,4.545454502105713,4.761904716491699,4.545454502105713,9.521286964416504,8589934592,2147483648,6183534592,407961600
205,1772000405300,3204,3204,3204,3204,3204,3204,3204,3204,42.105262756347656,45,45,47.36842346191406,31.57894515991211,0,0,0,9.521286964416504,8589934592,2147483648,6183485440,407961600
210,1772000405506,3204,3204,3204,3204,3204,3204,3204,3204,57.142860412597656,50,42.85714340209961,47.619049072265625,66.66667175292969,0,0,0,9.521286964416504,8589934592,2147483648,6183485440,407961600
202,1772000405716,3204,3204,3204,3204,3204,3204,3204,3204,61.904762268066406,57.142860412597656,57.142860412597656,61.904762268066406,66.66667175292969,27.272727966308594,18.18181800842285,15.000000953674316,9.521286964416504,8589934592,2147483648,6186270720,407961600
209,1772000405919,3204,3204,3204,3204,3204,3204,3204,3204,45,47.619049072265625,38.095237731933594,40,28.571430206298828,10.526315689086914,5.263157844543457,5,9.521286964416504,8589934592,2147483648,6182469632,407961600
202,1772000406129,3204,3204,3204,3204,3204,3204,3204,3204,47.619049072265625,42.85714340209961,57.142860412597656,35,65,19.047618865966797,4.761904716491699,4.761904716491699,10.044623374938965,8589934592,2147483648,6180110336,407961600
208,1772000406332,3204,3204,3204,3204,3204,3204,3204,3204,55,45,52.6315803527832,47.619049072265625,55,4.761904716491699,4.761904716491699,0,10.044623374938965,8589934592,2147483648,6179454976,407961600
209,1772000406540,3204,3204,3204,3204,3204,3204,3204,3204,57.142860412597656,65,47.619049072265625,45,50,15.000000953674316,9.090909004211426,0,10.044623374938965,8589934592,2147483648,6177783808,407961600
203,1772000406750,3204,3204,3204,3204,3204,3204,3204,3204,47.619049072265625,52.38095474243164,52.38095474243164,45.45454788208008,61.904762268066406,0,0,4.761904716491699,10.044623374938965,8589934592,2147483648,6177882112,407961600
208,1772000406953,3204,3204,3204,3204,3204,3204,3204,3204,45,52.38095474243164,45,47.36842346191406,71.42857360839844,0,0,0,10.044623374938965,8589934592,2147483648,6177947648,407961600
209,1772000407162,3204,3204,3204,3204,3204,3204,3204,3204,47.619049072265625,52.6315803527832,52.38095474243164,47.619049072265625,28.571430206298828,4.545454502105713,0,0,9.949779510498047,8589934592,2147483648,6178848768,407961600
208,1772000407372,3204,3204,3204,3204,3204,3204,3204,3204,47.619049072265625,47.619049072265625,52.38095474243164,47.619049072265625,65,0,0,0,9.949779510498047,8589934592,2147483648,6178603008,407961600
205,1772000407581,3204,3204,3204,3204,3204,3204,3204,3204,50,47.619049072265625,50,42.85714340209961,42.85714340209961,0,0,0,9.949779510498047,8589934592,2147483648,6180503552,407961600
202,1772000407787,3204,3204,3204,3204,3204,3204,3204,3204,57.142860412597656,50,38.095237731933594,50,50,5,4.761904716491699,0,9.949779510498047,8589934592,2147483648,6179880960,407961600
203,1772000407990,3204,3204,3204,3204,3204,3204,3204,3204,45,57.142860412597656,42.105262756347656,45,61.904762268066406,4.761904716491699,0,0,10.45226001739502,8589934592,2147483648,6179782656,407961600
204,1772000408193,3204,3204,3204,3204,3204,3204,3204,3204,47.36842346191406,47.36842346191406,57.142860412597656,42.85714340209961,50,4.761904716491699,10,0,10.45226001739502,8589934592,2147483648,6179880960,407961600
208,1772000408399,3204,3204,3204,3204,3204,3204,3204,3204,54.54545593261719,54.54545593261719,55,35,57.142860412597656,0,0,0,10.45226001739502,8589934592,2147483648,6179848192,407961600
203,1772000408608,3204,3204,3204,3204,3204,3204,3204,3204,50,60.000003814697266,61.904762268066406,55,52.38095474243164,9.523809432983398,8.69565200805664,4.545454502105713,10.45226001739502,8589934592,2147483648,6177619968,407961600
200,1772000408811,3204,3204,3204,3204,3204,3204,3204,3204,47.619049072265625,42.85714340209961,57.142860412597656,38.095237731933594,20,10,0,0,10.45226001739502,8589934592,2147483648,6177554432,407961600
207,1772000409013,3204,3204,3204,3204,3204,3204,3204,3204,52.6315803527832,60.000003814697266,63.15789031982422,60.000003814697266,55,0,4.761904716491699,0,9.185056686401367,8589934592,2147483648,6176063488,407961600
201,1772000409221,3204,3204,3204,3204,3204,3204,3204,3204,52.38095474243164,40,52.38095474243164,45,60.000003814697266,4.761904716491699,0,0,9.185056686401367,8589934592,2147483648,6176079872,407961600
202,1772000409422,3204,3204,3204,3204,3204,3204,3204,3204,55,50,45,38.095237731933594,30.000001907348633,14.285715103149414,0,0,9.185056686401367,8589934592,2147483648,6176096256,407961600
205,1772000409625,3204,3204,3204,3204,3204,3204,3204,3204,50,47.619049072265625,60.000003814697266,45,52.38095474243164,5,4.761904716491699,4.761904716491699,9.185056686401367,8589934592,2147483648,6176079872,407961600
205,1772000409831,3204,3204,3204,3204,3204,3204,3204,3204,47.619049072265625,55,38.095237731933594,55,52.6315803527832,5,0,4.761904716491699,9.185056686401367,8589934592,2147483648,6181076992,407961600
209,1772000410037,3204,3204,3204,3204,3204,3204,3204,3204,45,47.619049072265625,47.619049072265625,50,40.90909194946289,0,0,4.545454502105713,9.57547664642334,8589934592,2147483648,6181224448,407961600
206,1772000410246,3204,3204,3204,3204,3204,3204,3204,3204,55,40,60.000003814697266,45,40,0,4.545454502105713,0,9.57547664642334,8589934592,2147483648,6181289984,407961600
209,1772000410453,3204,3204,3204,3204,3204,3204,3204,3204,61.904762268066406,47.619049072265625,40,47.619049072265625,52.38095474243164,0,0,0,9.57547664642334,8589934592,2147483648,6181519360,407961600
207,1772000410663,3204,3204,3204,3204,3204,3204,3204,3204,52.38095474243164,47.619049072265625,45.45454788208008,65,52.38095474243164,9.090909004211426,0,0,9.57547664642334,8589934592,2147483648,6192201728,407961600
207,1772000410871,3204,3204,3204,3204,3204,3204,3204,3204,55,50,45,42.85714340209961,57.142860412597656,15.000000953674316,9.523809432983398,0,9.57547664642334,8589934592,2147483648,6179520512,407961600
207,1772000411079,3204,3204,3204,3204,3204,3204,3204,3204,38.095237731933594,55,47.619049072265625,47.619049072265625,52.38095474243164,0,0,0,9.125303268432617,8589934592,2147483648,6178652160,407961600
202,1772000411287,3204,3204,3204,3204,3204,3204,3204,3204,47.619049072265625,47.619049072265625,55,40,42.85714340209961,0,0,4.545454502105713,9.125303268432617,8589934592,2147483648,6177325056,407961600
205,1772000411489,3204,3204,3204,3204,3204,3204,3204,3204,55,45,55,45,55,0,0,0,9.125303268432617,8589934592,2147483648,6177095680,407961600
201,1772000411696,3204,3204,3204,3204,3204,3204,3204,3204,57.142860412597656,45.45454788208008,50,42.85714340209961,50,0,0,0,9.125303268432617,8589934592,2147483648,6175129600,407961600
207,1772000411898,3204,3204,3204,3204,3204,3204,3204,3204,63.15789031982422,52.6315803527832,40,35,40,4.761904716491699,9.523809432983398,0,9.125303268432617,8589934592,2147483648,6174343168,407961600
204,1772000412106,3204,3204,3204,3204,3204,3204,3204,3204,59.09090805053711,33.333335876464844,52.6315803527832,45,14.285715103149414,0,0,0,8.581047058105469,8589934592,2147483648,6178013184,407961600
205,1772000412311,3204,3204,3204,3204,3204,3204,3204,3204,47.36842346191406,47.619049072265625,61.904762268066406,40.90909194946289,50,0,0,0,8.581047058105469,8589934592,2147483648,6188367872,407961600
206,1772000412517,3204,3204,3204,3204,3204,3204,3204,3204,54.54545593261719,47.36842346191406,52.38095474243164,40,47.619049072265625,0,0,0,8.581047058105469,8589934592,2147483648,6178504704,407961600
204,1772000412724,3204,3204,3204,3204,3204,3204,3204,3204,55,52.38095474243164,50,40,50,0,0,0,8.581047058105469,8589934592,2147483648,6168903680,407961600
207,1772000412930,3204,3204,3204,3204,3204,3204,3204,3204,65,47.619049072265625,70,45,57.142860412597656,19.047618865966797,10,0,8.581047058105469,8589934592,2147483648,6181502976,407961600
200,1772000413138,3204,3204,3204,3204,3204,3204,3204,3204,52.38095474243164,45,47.619049072265625,47.619049072265625,50,0,0,0,8.982001304626465,8589934592,2147483648,6182141952,407961600
209,1772000413339,3204,3204,3204,3204,3204,3204,3204,3204,50,60.000003814697266,57.894737243652344,42.85714340209961,10,5,0,4.761904716491699,8.982001304626465,8589934592,2147483648,6187319296,407961600
207,1772000413549,3204,3204,3204,3204,3204,3204,3204,3204,52.38095474243164,47.619049072265625,50,47.36842346191406,71.42857360839844,4.761904716491699,0,0,8.982001304626465,8589934592,2147483648,6188662784,407961600
208,1772000413757,3204,3204,3204,3204,3204,3204,3204,3204,45,55,47.619049072265625,45.45454788208008,66.66667175292969,4.761904716491699,4.761904716491699,0,8.982001304626465,8589934592,2147483648,6188662784,407961600
202,1772000413967,3204,3204,3204,3204,3204,3204,3204,3204,55,47.619049072265625,57.142860412597656,52.38095474243164,10,5,0,0,9.266441345214844,8589934592,2147483648,6184845312,407961600
202,1772000414170,3204,3204,3204,3204,3204,3204,3204,3204,60.000003814697266,61.904762268066406,55,57.894737243652344,28.571430206298828,0,0,0,9.266441345214844,8589934592,2147483648,6200229888,407961600
209,1772000414372,3204,3204,3204,3204,3204,3204,3204,3204,71.42857360839844,60.000003814697266,65,68.18181610107422,15.000000953674316,9.523809432983398,10,0,9.266441345214844,8589934592,2147483648,6212829184,407961600
208,1772000414582,3204,3204,3204,3204,3204,3204,3204,3204,61.904762268066406,57.894737243652344,55,50,15.000000953674316,0,0,4.545454502105713,9.266441345214844,8589934592,2147483648,6216581120,407961600
208,1772000414791,3204,3204,3204,3204,3204,3204,3204,3204,45,61.904762268066406,33.333335876464844,47.619049072265625,95.45454406738281,4.761904716491699,0,0,9.266441345214844,8589934592,2147483648,6216581120,407961600
205,1772000415000,3204,3204,3204,3204,3204,3204,3204,3204,47.619049072265625,61.904762268066406,50,57.142860412597656,57.894737243652344,19.047618865966797,13.636363983154297,9.090909004211426,8.769950866699219,8589934592,2147483648,6213107712,407961600
202,1772000415206,3204,3204,3204,3204,3204,3204,3204,3204,57.142860412597656,47.619049072265625,40.90909194946289,45,68.18181610107422,5,0,0,8.769950866699219,8589934592,2147483648,6220447744,407961600
207,1772000415409,3204,3204,3204,3204,3204,3204,3204,3204,47.36842346191406,35,47.36842346191406,50,95,0,0,0,8.769950866699219,8589934592,2147483648,6213337088,407961600
204,1772000415617,3204,3204,3204,3204,3204,3204,3204,3204,45.45454788208008,45,52.38095474243164,60.000003814697266,35,4.761904716491699,0,0,8.769950866699219,8589934592,2147483648,6214320128,407961600
5,1772000415821,3204,3204,3204,3204,3204,3204,3204,3204,50,52.38095474243164,70,47.619049072265625,50,0,0,5,8.769950866699219,8589934592,2147483648,6213451776,407961600
