Delta,Time,CPU_FREQUENCY_0,CPU_FREQUENCY_1,CPU_FREQUENCY_2,CPU_FREQUENCY_3,CPU_FREQUENCY_4,CPU_FREQUENCY_5,CPU_FREQUENCY_6,CPU_FREQUENCY_7,CPU_USAGE_0,CPU_USAGE_1,CPU_USAGE_2,CPU_USAGE_3,CPU_USAGE_4,CPU_USAGE_5,CPU_USAGE_6,CPU_USAGE_7,SYSTEM_POWER (Watts),TOTAL_MEMORY,TOTAL_SWAP,USED_MEMORY,USED_SWAP
0,1772009750111,3204,3204,3204,3204,3204,3204,3204,3204,0,0,0,NaN,NaN,0,0,NaN,4.576430797576904,8589934592,2147483648,5823643648,407961600
204,1772009750111,3204,3204,3204,3204,3204,3204,3204,3204,NaN,NaN,NaN,0,0,100,0,0,4.576430797576904,8589934592,2147483648,5823954944,407961600
204,1772009750316,3204,3204,3204,3204,3204,3204,3204,3204,33.333335876464844,25,31.81818199157715,30.000001907348633,5,4.761904716491699,4.761904716491699,0,4.576430797576904,8589934592,2147483648,5825839104,407961600
202,1772009750521,3204,3204,3204,3204,3204,3204,3204,3204,85,80.95238494873047,80,80.95238494873047,4.761904716491699,5,0,0,4.576430797576904,8589934592,2147483648,5825839104,407961600
203,1772009750726,3204,3204,3204,3204,3204,3204,3204,3204,75,70,75,65,19.047618865966797,4.761904716491699,5,4.761904716491699,4.573587417602539,8589934592,2147483648,5850710016,407961600
200,1772009750929,3204,3204,3204,3204,3204,3204,3204,3204,50,52.38095474243164,52.38095474243164,42.85714340209961,21.052631378173828,26.3157901763916,9.523809432983398,9.090909004211426,4.573587417602539,8589934592,2147483648,5861883904,407961600
204,1772009751130,3204,3204,3204,3204,3204,3204,3204,3204,40,50,36.842105865478516,40,14.285715103149414,5,5,0,4.573587417602539,8589934592,2147483648,5841338368,407961600
204,1772009751335,3204,3204,3204,3204,3204,3204,3204,3204,40,31.57894515991211,38.095237731933594,21.052631378173828,4.761904716491699,4.761904716491699,0,0,4.573587417602539,8589934592,2147483648,5833555968,407961600
204,1772009751539,3204,3204,3204,3204,3204,3204,3204,3204,42.85714340209961,42.85714340209961,35,42.85714340209961,0,0,4.761904716491699,4.761904716491699,4.573587417602539,8589934592,2147483648,5834735616,407961600
204,1772009751744,3204,3204,3204,3204,3204,3204,3204,3204,55,52.38095474243164,47.619049072265625,50,20,14.285715103149414,4.761904716491699,5,5.8148417472839355,8589934592,2147483648,5832556544,407961600
200,1772009751949,3204,3204,3204,3204,3204,3204,3204,3204,60.000003814697266,50,47.36842346191406,38.095237731933594,14.285715103149414,14.285715103149414,10,4.761904716491699,5.8148417472839355,8589934592,2147483648,5819088896,407961600
202,1772009752150,3204,3204,3204,3204,3204,3204,3204,3204,47.619049072265625,42.105262756347656,33.333335876464844,30.000001907348633,0,0,0,0,5.8148417472839355,8589934592,2147483648,5814370304,407961600
204,1772009752353,3204,3204,3204,3204,3204,3204,3204,3204,73.68421173095703,61.904762268066406,60.000003814697266,61.904762268066406,0,4.761904716491699,0,0,5.8148417472839355,8589934592,2147483648,5803065344,407961600
204,1772009752558,3204,3204,3204,3204,3204,3204,3204,3204,80.95238494873047,78.94737243652344,70,73.68421173095703,25,20,9.090909004211426,4.761904716491699,5.8148417472839355,8589934592,2147483648,5805293568,407961600
204,1772009752763,3204,3204,3204,3204,3204,3204,3204,3204,71.42857360839844,71.42857360839844,61.904762268066406,57.142860412597656,0,0,0,0,6.322644233703613,8589934592,2147483648,5804507136,407961600
203,1772009752968,3204,3204,3204,3204,3204,3204,3204,3204,75,71.42857360839844,70,89.47368621826172,14.285715103149414,0,0,0,6.322644233703613,8589934592,2147483648,5805277184,407961600
204,1772009753173,3204,3204,3204,3204,3204,3204,3204,3204,50,60.000003814697266,33.333335876464844,40.90909194946289,23.809524536132813,0,0,0,6.322644233703613,8589934592,2147483648,5803671552,407961600
204,1772009753378,3204,3204,3204,3204,3204,3204,3204,3204,47.619049072265625,47.619049072265625,55,40,0,0,0,0,6.322644233703613,8589934592,2147483648,5788516352,407961600
203,1772009753583,3204,3204,3204,3204,3204,3204,3204,3204,52.38095474243164,52.38095474243164,40,38.095237731933594,0,0,0,0,6.322644233703613,8589934592,2147483648,5786157056,407961600
204,1772009753786,3204,3204,3204,3204,3204,3204,3204,3204,73.68421173095703,60.000003814697266,76.19047546386719,60.000003814697266,5,5,5,4.761904716491699,6.486988544464111,8589934592,2147483648,5788123136,407961600
200,1772009753991,3204,3204,3204,3204,3204,3204,3204,3204,66.66667175292969,60.000003814697266,60.000003814697266,60.000003814697266,30.000001907348633,61.904762268066406,25,35,6.486988544464111,8589934592,2147483648,5784682496,407961600
203,1772009754192,3204,3204,3204,3204,3204,3204,3204,3204,50,45,60.000003814697266,42.85714340209961,0,5,0,0,6.486988544464111,8589934592,2147483648,5786533888,407961600
202,1772009754396,3204,3204,3204,3204,3204,3204,3204,3204,57.142860412597656,38.095237731933594,47.619049072265625,36.842105865478516,4.761904716491699,0,0,0,6.486988544464111,8589934592,2147483648,5790416896,407961600
204,1772009754599,3204,3204,3204,3204,3204,3204,3204,3204,63.15789031982422,47.36842346191406,68.42105102539063,42.85714340209961,0,4.761904716491699,4.761904716491699,0,5.753571033477783,8589934592,2147483648,5793775616,407961600
202,1772009754804,3204,3204,3204,3204,3204,3204,3204,3204,57.142860412597656,57.142860412597656,76.19047546386719,61.904762268066406,4.761904716491699,0,0,0,5.753571033477783,8589934592,2147483648,5788499968,407961600
200,1772009755006,3204,3204,3204,3204,3204,3204,3204,3204,55,45,55,57.894737243652344,25,10,5,33.333335876464844,5.753571033477783,8589934592,2147483648,5795741696,407961600
199,1772009755207,3204,3204,3204,3204,3204,3204,3204,3204,52.38095474243164,47.36842346191406,50,47.619049072265625,5,5,0,0,5.753571033477783,8589934592,2147483648,5797134336,407961600
202,1772009755407,3204,3204,3204,3204,3204,3204,3204,3204,47.36842346191406,47.619049072265625,50,52.6315803527832,15.000000953674316,14.285715103149414,9.523809432983398,5.263157844543457,5.753571033477783,8589934592,2147483648,5795528704,407961600
203,1772009755610,3204,3204,3204,3204,3204,3204,3204,3204,50,40,47.619049072265625,42.85714340209961,0,0,4.761904716491699,0,6.674814701080322,8589934592,2147483648,5792759808,407961600
202,1772009755814,3204,3204,3204,3204,3204,3204,3204,3204,50,30.000001907348633,50,45,0,0,0,0,6.674814701080322,8589934592,2147483648,5792137216,407961600
204,1772009756017,3204,3204,3204,3204,3204,3204,3204,3204,52.38095474243164,57.142860412597656,35,45,10,14.285715103149414,0,10,6.674814701080322,8589934592,2147483648,5787582464,407961600
199,1772009756222,3204,3204,3204,3204,3204,3204,3204,3204,45,50,38.095237731933594,33.333335876464844,10,10.526315689086914,0,0,6.674814701080322,8589934592,2147483648,5781831680,407961600
204,1772009756423,3204,3204,3204,3204,3204,3204,3204,3204,68.42105102539063,45,40,35,0,0,0,0,6.674814701080322,8589934592,2147483648,5786304512,407961600
204,1772009756628,3204,3204,3204,3204,3204,3204,3204,3204,63.6363639831543,33.333335876464844,47.619049072265625,30.000001907348633,0,4.761904716491699,4.761904716491699,4.761904716491699,6.667985439300537,8589934592,2147483648,5782011904,407961600
204,1772009756833,3204,3204,3204,3204,3204,3204,3204,3204,68.42105102539063,50,55,66.66667175292969,27.272727966308594,19.047618865966797,19.047618865966797,20,6.667985439300537,8589934592,2147483648,5786402816,407961600
202,1772009757038,3204,3204,3204,3204,3204,3204,3204,3204,47.619049072265625,45,21.052631378173828,45,0,5,0,4.761904716491699,6.667985439300537,8589934592,2147483648,5782339584,407961600
202,1772009757240,3204,3204,3204,3204,3204,3204,3204,3204,45,45,42.85714340209961,35,0,0,0,0,6.667985439300537,8589934592,2147483648,5780897792,407961600
203,1772009757443,3204,3204,3204,3204,3204,3204,3204,3204,42.85714340209961,42.85714340209961,60.000003814697266,38.095237731933594,5,0,4.761904716491699,0,6.667985439300537,8589934592,2147483648,5785042944,407961600
204,1772009757647,3204,3204,3204,3204,3204,3204,3204,3204,40,42.105262756347656,35,30.000001907348633,0,0,0,0,5.622150897979736,8589934592,2147483648,5778915328,407961600
200,1772009757852,3204,3204,3204,3204,3204,3204,3204,3204,50,40.90909194946289,28.571430206298828,40,0,0,0,0,5.622150897979736,8589934592,2147483648,5785403392,407961600
202,1772009758053,3204,3204,3204,3204,3204,3204,3204,3204,66.66667175292969,57.894737243652344,60.000003814697266,61.904762268066406,0,4.761904716491699,0,0,5.622150897979736,8589934592,2147483648,5788778496,407961600
201,1772009758255,3204,3204,3204,3204,3204,3204,3204,3204,55,60.000003814697266,38.095237731933594,31.57894515991211,35,15.000000953674316,4.761904716491699,4.761904716491699,5.622150897979736,8589934592,2147483648,5762318336,407961600
200,1772009758457,3204,3204,3204,3204,3204,3204,3204,3204,63.15789031982422,61.904762268066406,63.15789031982422,70,5,5,0,0,5.622150897979736,8589934592,2147483648,5762318336,407961600
201,1772009758658,3204,3204,3204,3204,3204,3204,3204,3204,55,65,55,60.000003814697266,0,4.761904716491699,0,0,5.8841352462768555,8589934592,2147483648,5762318336,407961600
204,1772009758860,3204,3204,3204,3204,3204,3204,3204,3204,61.904762268066406,68.42105102539063,65,57.142860412597656,9.523809432983398,0,4.761904716491699,4.761904716491699,5.8841352462768555,8589934592,2147483648,5768708096,407961600
204,1772009759065,3204,3204,3204,3204,3204,3204,3204,3204,57.894737243652344,52.38095474243164,61.904762268066406,50,0,4.761904716491699,0,0,5.8841352462768555,8589934592,2147483648,5781602304,407961600
201,1772009759270,3204,3204,3204,3204,3204,3204,3204,3204,36.3636360168457,38.095237731933594,71.42857360839844,40,0,0,0,0,5.8841352462768555,8589934592,2147483648,5781602304,407961600
201,1772009759472,3204,3204,3204,3204,3204,3204,3204,3204,52.6315803527832,42.105262756347656,60.000003814697266,47.619049072265625,4.761904716491699,0,5,0,5.8841352462768555,8589934592,2147483648,5781602304,407961600
200,1772009759674,3204,3204,3204,3204,3204,3204,3204,3204,42.85714340209961,45,50,52.6315803527832,21.052631378173828,23.809524536132813,0,0,5.972973346710205,8589934592,2147483648,5781602304,407961600
204,1772009759874,3204,3204,3204,3204,3204,3204,3204,3204,60.000003814697266,66.66667175292969,42.105262756347656,52.38095474243164,90,31.57894515991211,0,9.523809432983398,5.972973346710205,8589934592,2147483648,5788418048,407961600
200,1772009760079,3204,3204,3204,3204,3204,3204,3204,3204,45,38.095237731933594,52.38095474243164,28.571430206298828,45.45454788208008,18.18181800842285,23.809524536132813,35,5.972973346710205,8589934592,2147483648,5790760960,407961600
204,1772009760280,3204,3204,3204,3204,3204,3204,3204,3204,50,47.36842346191406,45,26.3157901763916,27.77777862548828,15.789472579956055,0,19.047618865966797,5.972973346710205,8589934592,2147483648,5769838592,407961600
204,1772009760485,3204,3204,3204,3204,3204,3204,3204,3204,50,47.619049072265625,35,28.571430206298828,4.761904716491699,60.000003814697266,42.85714340209961,0,5.972973346710205,8589934592,2147483648,5777752064,407961600
204,1772009760690,3204,3204,3204,3204,3204,3204,3204,3204,45,26.3157901763916,28.571430206298828,45,0,95.23809814453125,0,0,5.884589672088623,8589934592,2147483648,5776883712,407961600
204,1772009760895,3204,3204,3204,3204,3204,3204,3204,3204,19.047618865966797,28.571430206298828,55,35,68.18181610107422,0,0,0,5.884589672088623,8589934592,2147483648,5782142976,407961600
202,1772009761099,3204,3204,3204,3204,3204,3204,3204,3204,45,40,42.85714340209961,23.809524536132813,100,0,0,0,5.884589672088623,8589934592,2147483648,5781094400,407961600
202,1772009761302,3204,3204,3204,3204,3204,3204,3204,3204,40,40,36.842105865478516,20,71.42857360839844,5,0,0,5.884589672088623,8589934592,2147483648,5781094400,407961600
203,1772009761505,3204,3204,3204,3204,3204,3204,3204,3204,47.619049072265625,36.3636360168457,45.45454788208008,25,75,23.809524536132813,0,0,5.884589672088623,8589934592,2147483648,5781094400,407961600
200,1772009761709,3204,3204,3204,3204,3204,3204,3204,3204,55,26.3157901763916,20,35,45,70,0,0,11.037354469299316,8589934592,2147483648,5781094400,407961600
204,1772009761909,3204,3204,3204,3204,3204,3204,3204,3204,45,25,30.000001907348633,45,30.000001907348633,45,0,0,11.037354469299316,8589934592,2147483648,5788467200,407961600
204,1772009762114,3204,3204,3204,3204,3204,3204,3204,3204,42.85714340209961,38.095237731933594,30.000001907348633,38.095237731933594,0,28.571430206298828,0,70,11.037354469299316,8589934592,2147483648,5775491072,407961600
204,1772009762319,3204,3204,3204,3204,3204,3204,3204,3204,35,42.85714340209961,35,25,33.333335876464844,33.333335876464844,0,52.38095474243164,11.037354469299316,8589934592,2147483648,5770887168,407961600
200,1772009762524,3204,3204,3204,3204,3204,3204,3204,3204,47.36842346191406,63.15789031982422,47.619049072265625,38.095237731933594,38.095237731933594,60.000003814697266,13.636363983154297,0,11.037354469299316,8589934592,2147483648,5763973120,407961600
203,1772009762725,3204,3204,3204,3204,3204,3204,3204,3204,40.90909194946289,38.095237731933594,45,31.57894515991211,0,36.842105865478516,0,66.66667175292969,10.5777587890625,8589934592,2147483648,5763760128,407961600
204,1772009762929,3204,3204,3204,3204,3204,3204,3204,3204,26.3157901763916,52.6315803527832,25,42.85714340209961,30.000001907348633,0,26.3157901763916,40,10.5777587890625,8589934592,2147483648,5769789440,407961600
204,1772009763134,3204,3204,3204,3204,3204,3204,3204,3204,33.333335876464844,38.095237731933594,47.619049072265625,28.571430206298828,90.47618865966797,0,4.545454502105713,0,10.5777587890625,8589934592,2147483648,5769527296,407961600
204,1772009763338,3204,3204,3204,3204,3204,3204,3204,3204,50,35,42.105262756347656,30.000001907348633,95,14.285715103149414,0,5,10.5777587890625,8589934592,2147483648,5768855552,407961600
204,1772009763543,3204,3204,3204,3204,3204,3204,3204,3204,42.85714340209961,42.85714340209961,33.333335876464844,38.095237731933594,4.761904716491699,65,0,0,10.5777587890625,8589934592,2147483648,5769445376,407961600
202,1772009763748,3204,3204,3204,3204,3204,3204,3204,3204,35,50,33.333335876464844,31.57894515991211,0,10,0,85,11.208844184875488,8589934592,2147483648,5767512064,407961600
204,1772009763951,3204,3204,3204,3204,3204,3204,3204,3204,35,38.095237731933594,25,28.571430206298828,0,0,0,100,11.208844184875488,8589934592,2147483648,5772591104,407961600
204,1772009764156,3204,3204,3204,3204,3204,3204,3204,3204,15.000000953674316,20,15.000000953674316,14.285715103149414,0,23.809524536132813,0,40.90909194946289,11.208844184875488,8589934592,2147483648,5768708096,407961600
200,1772009764361,3204,3204,3204,3204,3204,3204,3204,3204,25,25,19.047618865966797,25,0,61.904762268066406,0,40,11.208844184875488,8589934592,2147483648,5771411456,407961600
204,1772009764563,3204,3204,3204,3204,3204,3204,3204,3204,38.095237731933594,38.095237731933594,45,35,9.523809432983398,35,9.523809432983398,63.15789031982422,11.208844184875488,8589934592,2147483648,5771411456,407961600
204,1772009764768,3204,3204,3204,3204,3204,3204,3204,3204,35,45,35,15.000000953674316,19.047618865966797,68.18181610107422,0,0,10.939043045043945,8589934592,2147483648,5771411456,407961600
204,1772009764972,3204,3204,3204,3204,3204,3204,3204,3204,30.000001907348633,23.809524536132813,20,23.809524536132813,10,47.36842346191406,19.047618865966797,4.761904716491699,10.939043045043945,8589934592,2147483648,5778079744,407961600
201,1772009765178,3204,3204,3204,3204,3204,3204,3204,3204,28.571430206298828,15.789472579956055,19.047618865966797,15.000000953674316,52.38095474243164,5,0,0,10.939043045043945,8589934592,2147483648,5769265152,407961600
202,1772009765380,3204,3204,3204,3204,3204,3204,3204,3204,26.3157901763916,28.571430206298828,25,20,52.6315803527832,4.761904716491699,0,5,10.939043045043945,8589934592,2147483648,5763465216,407961600
204,1772009765583,3204,3204,3204,3204,3204,3204,3204,3204,23.809524536132813,21.052631378173828,21.052631378173828,20,42.85714340209961,5.263157844543457,4.761904716491699,0,10.939043045043945,8589934592,2147483648,5775769600,407961600
200,1772009765787,3204,3204,3204,3204,3204,3204,3204,3204,26.3157901763916,23.809524536132813,19.047618865966797,14.285715103149414,55,9.090909004211426,4.761904716491699,0,10.79603385925293,8589934592,2147483648,5774262272,407961600
199,1772009765988,3204,3204,3204,3204,3204,3204,3204,3204,33.333335876464844,35,30.000001907348633,33.333335876464844,40,26.3157901763916,30.000001907348633,21.052631378173828,10.79603385925293,8589934592,2147483648,5759533056,407961600
200,1772009766189,3204,3204,3204,3204,3204,3204,3204,3204,15.000000953674316,20,15.000000953674316,15.789472579956055,70,5,0,4.761904716491699,10.79603385925293,8589934592,2147483648,5781766144,407961600
203,1772009766390,3204,3204,3204,3204,3204,3204,3204,3204,31.57894515991211,36.842105865478516,28.571430206298828,21.052631378173828,52.6315803527832,9.090909004211426,0,0,10.79603385925293,8589934592,2147483648,5776146432,407961600
200,1772009766594,3204,3204,3204,3204,3204,3204,3204,3204,36.3636360168457,33.333335876464844,21.052631378173828,28.571430206298828,45,21.052631378173828,20,20,8.779576301574707,8589934592,2147483648,5776146432,407961600
204,1772009766795,3204,3204,3204,3204,3204,3204,3204,3204,26.3157901763916,26.3157901763916,28.571430206298828,20,80.95238494873047,10,15.000000953674316,5,8.779576301574707,8589934592,2147483648,5776146432,407961600
199,1772009767000,3204,3204,3204,3204,3204,3204,3204,3204,31.57894515991211,38.095237731933594,36.842105865478516,30.000001907348633,30.000001907348633,9.523809432983398,0,4.761904716491699,8.779576301574707,8589934592,2147483648,5774573568,407961600
204,1772009767200,3204,3204,3204,3204,3204,3204,3204,3204,28.571430206298828,26.3157901763916,25,20,95,0,9.523809432983398,0,8.779576301574707,8589934592,2147483648,5785698304,407961600
199,1772009767405,3204,3204,3204,3204,3204,3204,3204,3204,30.000001907348633,25,23.809524536132813,20,50,4.761904716491699,4.761904716491699,0,8.779576301574707,8589934592,2147483648,5785698304,407961600
204,1772009767605,3204,3204,3204,3204,3204,3204,3204,3204,20,33.333335876464844,20,15.000000953674316,60.000003814697266,0,0,0,9.656927108764648,8589934592,2147483648,5785698304,407961600
201,1772009767810,3204,3204,3204,3204,3204,3204,3204,3204,31.57894515991211,26.3157901763916,20,23.809524536132813,45,4.545454502105713,0,0,9.656927108764648,8589934592,2147483648,5785698304,407961600
204,1772009768011,3204,3204,3204,3204,3204,3204,3204,3204,33.333335876464844,33.333335876464844,30.000001907348633,20,0,0,0,4.761904716491699,9.656927108764648,8589934592,2147483648,5773148160,407961600
200,1772009768217,3204,3204,3204,3204,3204,3204,3204,3204,23.809524536132813,30.000001907348633,20,19.047618865966797,10,0,0,0,9.656927108764648,8589934592,2147483648,5772001280,407961600
203,1772009768418,3204,3204,3204,3204,3204,3204,3204,3204,31.57894515991211,40,30.000001907348633,30.000001907348633,0,4.761904716491699,5,0,9.656927108764648,8589934592,2147483648,5774000128,407961600
204,1772009768622,3204,3204,3204,3204,3204,3204,3204,3204,35,47.619049072265625,38.095237731933594,30.000001907348633,45,0,0,0,10.121251106262207,8589934592,2147483648,5771624448,407961600
204,1772009768827,3204,3204,3204,3204,3204,3204,3204,3204,33.333335876464844,36.842105865478516,30.000001907348633,35,23.809524536132813,5,0,0,10.121251106262207,8589934592,2147483648,5782765568,407961600
204,1772009769032,3204,3204,3204,3204,3204,3204,3204,3204,30.000001907348633,27.272727966308594,28.571430206298828,28.571430206298828,4.545454502105713,4.761904716491699,0,0,10.121251106262207,8589934592,2147483648,5774508032,407961600
202,1772009769237,3204,3204,3204,3204,3204,3204,3204,3204,38.095237731933594,30.000001907348633,20,20,5.263157844543457,10,4.761904716491699,4.761904716491699,10.121251106262207,8589934592,2147483648,5775163392,407961600
204,1772009769440,3204,3204,3204,3204,3204,3204,3204,3204,25,25,33.333335876464844,19.047618865966797,0,0,0,0,10.121251106262207,8589934592,2147483648,5778817024,407961600
201,1772009769644,3204,3204,3204,3204,3204,3204,3204,3204,19.047618865966797,25,26.3157901763916,15.000000953674316,4.545454502105713,0,0,0,6.02307653427124,8589934592,2147483648,5778817024,407961600
204,1772009769846,3204,3204,3204,3204,3204,3204,3204,3204,36.842105865478516,30.000001907348633,33.333335876464844,20,0,5,4.761904716491699,4.761904716491699,6.02307653427124,8589934592,2147483648,5778817024,407961600
204,1772009770051,3204,3204,3204,3204,3204,3204,3204,3204,40,40,38.095237731933594,25,19.047618865966797,15.000000953674316,0,0,6.02307653427124,8589934592,2147483648,5808160768,407961600
202,1772009770256,3204,3204,3204,3204,3204,3204,3204,3204,27.272727966308594,23.809524536132813,26.3157901763916,20,0,4.761904716491699,5,4.761904716491699,6.02307653427124,8589934592,2147483648,5808324608,407961600
200,1772009770459,3204,3204,3204,3204,3204,3204,3204,3204,26.3157901763916,30.000001907348633,23.809524536132813,23.809524536132813,4.761904716491699,4.761904716491699,0,0,6.02307653427124,8589934592,2147483648,5814697984,407961600
200,1772009770660,3204,3204,3204,3204,3204,3204,3204,3204,23.809524536132813,30.000001907348633,21.052631378173828,20,5,5,5,4.761904716491699,5.237096786499023,8589934592,2147483648,5814697984,407961600
203,1772009770862,3204,3204,3204,3204,3204,3204,3204,3204,21.052631378173828,30.000001907348633,20,19.047618865966797,0,0,0,0,5.237096786499023,8589934592,2147483648,5814697984,407961600
204,1772009771066,3204,3204,3204,3204,3204,3204,3204,3204,45,33.333335876464844,40.90909194946289,36.842105865478516,19.047618865966797,19.047618865966797,15.000000953674316,10,5.237096786499023,8589934592,2147483648,5808668672,407961600
201,1772009771271,3204,3204,3204,3204,3204,3204,3204,3204,33.333335876464844,25,30.000001907348633,23.809524536132813,10,5.263157844543457,4.761904716491699,0,5.237096786499023,8589934592,2147483648,5811011584,407961600
204,1772009771473,3204,3204,3204,3204,3204,3204,3204,3204,36.842105865478516,35,26.3157901763916,20,0,4.761904716491699,0,4.761904716491699,5.237096786499023,8589934592,2147483648,5813436416,407961600
200,1772009771679,3204,3204,3204,3204,3204,3204,3204,3204,33.333335876464844,25,38.095237731933594,25,4.761904716491699,5,4.761904716491699,0,5.0727338790893555,8589934592,2147483648,5813436416,407961600
203,1772009771879,3204,3204,3204,3204,3204,3204,3204,3204,20,23.809524536132813,20,14.285715103149414,5,10,9.523809432983398,4.761904716491699,5.0727338790893555,8589934592,2147483648,5813436416,407961600
204,1772009772083,3204,3204,3204,3204,3204,3204,3204,3204,30.000001907348633,25,20,21.052631378173828,4.761904716491699,5,0,0,5.0727338790893555,8589934592,2147483648,5814026240,407961600
204,1772009772288,3204,3204,3204,3204,3204,3204,3204,3204,23.809524536132813,25,19.047618865966797,14.285715103149414,0,0,0,0,5.0727338790893555,8589934592,2147483648,5813714944,407961600
204,1772009772493,3204,3204,3204,3204,3204,3204,3204,3204,25,20,15.000000953674316,20,0,4.761904716491699,4.545454502105713,0,5.0727338790893555,8589934592,2147483648,5814714368,407961600
203,1772009772698,3204,3204,3204,3204,3204,3204,3204,3204,23.809524536132813,19.047618865966797,15.000000953674316,28.571430206298828,9.090909004211426,0,0,4.761904716491699,5.3675150871276855,8589934592,2147483648,5814288384,407961600
202,1772009772902,3204,3204,3204,3204,3204,3204,3204,3204,30.000001907348633,20,20,25,0,0,0,0,5.3675150871276855,8589934592,2147483648,5814583296,407961600
199,1772009773105,3204,3204,3204,3204,3204,3204,3204,3204,30.000001907348633,35,36.3636360168457,20,15.000000953674316,14.285715103149414,15.000000953674316,4.761904716491699,5.3675150871276855,8589934592,2147483648,5794349056,407961600
204,1772009773305,3204,3204,3204,3204,3204,3204,3204,3204,25,25,15.789472579956055,20,20,5,0,0,5.3675150871276855,8589934592,2147483648,5788647424,407961600
204,1772009773510,3204,3204,3204,3204,3204,3204,3204,3204,30.000001907348633,28.571430206298828,15.000000953674316,20,4.761904716491699,4.761904716491699,4.761904716491699,0,5.3675150871276855,8589934592,2147483648,5780848640,407961600
204,1772009773715,3204,3204,3204,3204,3204,3204,3204,3204,23.809524536132813,15.789472579956055,19.047618865966797,10,0,0,0,0,4.922650337219238,8589934592,2147483648,5780848640,407961600
201,1772009773920,3204,3204,3204,3204,3204,3204,3204,3204,25,28.571430206298828,15.000000953674316,14.285715103149414,0,0,0,0,4.922650337219238,8589934592,2147483648,5780848640,407961600
204,1772009774122,3204,3204,3204,3204,3204,3204,3204,3204,30.000001907348633,30.000001907348633,20,23.809524536132813,0,0,5,9.090909004211426,4.922650337219238,8589934592,2147483648,5779456000,407961600
204,1772009774327,3204,3204,3204,3204,3204,3204,3204,3204,47.619049072265625,47.619049072265625,42.85714340209961,35,0,0,0,0,4.922650337219238,8589934592,2147483648,5778456576,407961600
204,1772009774532,3204,3204,3204,3204,3204,3204,3204,3204,35,30.000001907348633,28.571430206298828,20,0,0,0,0,4.922650337219238,8589934592,2147483648,5782863872,407961600
201,1772009774737,3204,3204,3204,3204,3204,3204,3204,3204,35,40,27.77777862548828,33.333335876464844,4.545454502105713,4.761904716491699,0,0,5.044394016265869,8589934592,2147483648,5783060480,407961600
205,1772009774938,3204,3204,3204,3204,3204,3204,3204,3204,35,25,38.095237731933594,25,5.263157844543457,5,4.761904716491699,5,5.044394016265869,8589934592,2147483648,5783060480,407961600
204,1772009775145,3204,3204,3204,3204,3204,3204,3204,3204,30.000001907348633,33.333335876464844,33.333335876464844,38.095237731933594,30.000001907348633,15.000000953674316,15.000000953674316,20,5.044394016265869,8589934592,2147483648,5788467200,407961600
204,1772009775349,3204,3204,3204,3204,3204,3204,3204,3204,20,23.809524536132813,20,15.000000953674316,33.333335876464844,28.571430206298828,5,5,5.044394016265869,8589934592,2147483648,5785321472,407961600
204,1772009775554,3204,3204,3204,3204,3204,3204,3204,3204,42.85714340209961,25,23.809524536132813,15.000000953674316,0,0,0,0,5.044394016265869,8589934592,2147483648,5787271168,407961600
202,1772009775759,3204,3204,3204,3204,3204,3204,3204,3204,30.000001907348633,20,20,19.047618865966797,4.761904716491699,4.545454502105713,4.761904716491699,0,4.962416648864746,8589934592,2147483648,5787336704,407961600
204,1772009775962,3204,3204,3204,3204,3204,3204,3204,3204,38.095237731933594,30.000001907348633,35,35,15.000000953674316,15.000000953674316,15.000000953674316,15.000000953674316,4.962416648864746,8589934592,2147483648,5787336704,407961600
201,1772009776168,3204,3204,3204,3204,3204,3204,3204,3204,19.047618865966797,28.571430206298828,14.285715103149414,10,4.761904716491699,0,0,0,4.962416648864746,8589934592,2147483648,5788221440,407961600
202,1772009776369,3204,3204,3204,3204,3204,3204,3204,3204,26.3157901763916,30.000001907348633,20,19.047618865966797,0,5,5,5,4.962416648864746,8589934592,2147483648,5788073984,407961600
204,1772009776572,3204,3204,3204,3204,3204,3204,3204,3204,33.333335876464844,30.000001907348633,21.052631378173828,20,0,0,0,0,4.962416648864746,8589934592,2147483648,5790482432,407961600
204,1772009776778,3204,3204,3204,3204,3204,3204,3204,3204,20,25,19.047618865966797,10,4.761904716491699,0,0,0,5.840786933898926,8589934592,2147483648,5788024832,407961600
199,1772009776983,3204,3204,3204,3204,3204,3204,3204,3204,25,25,19.047618865966797,15.000000953674316,5.263157844543457,10,5,10,5.840786933898926,8589934592,2147483648,5788024832,407961600
200,1772009777183,3204,3204,3204,3204,3204,3204,3204,3204,30.000001907348633,23.809524536132813,21.052631378173828,15.000000953674316,0,0,0,0,5.840786933898926,8589934592,2147483648,5788172288,407961600
203,1772009777384,3204,3204,3204,3204,3204,3204,3204,3204,30.000001907348633,30.000001907348633,33.333335876464844,25,27.272727966308594,10,9.090909004211426,4.761904716491699,5.840786933898926,8589934592,2147483648,5797822464,407961600
204,1772009777588,3204,3204,3204,3204,3204,3204,3204,3204,40,21.052631378173828,25,15.000000953674316,15.789472579956055,14.285715103149414,0,0,5.201545238494873,8589934592,2147483648,5787435008,407961600
203,1772009777793,3204,3204,3204,3204,3204,3204,3204,3204,25,23.809524536132813,20,19.047618865966797,0,0,4.761904716491699,0,5.201545238494873,8589934592,2147483648,5788008448,407961600
204,1772009777997,3204,3204,3204,3204,3204,3204,3204,3204,38.095237731933594,20,23.809524536132813,15.000000953674316,0,0,0,0,5.201545238494873,8589934592,2147483648,5788008448,407961600
201,1772009778202,3204,3204,3204,3204,3204,3204,3204,3204,25,23.809524536132813,15.000000953674316,23.809524536132813,4.761904716491699,4.761904716491699,0,4.761904716491699,5.201545238494873,8589934592,2147483648,5787385856,407961600
200,1772009778404,3204,3204,3204,3204,3204,3204,3204,3204,23.809524536132813,30.000001907348633,20,21.052631378173828,0,0,0,0,5.201545238494873,8589934592,2147483648,5787795456,407961600
204,1772009778605,3204,3204,3204,3204,3204,3204,3204,3204,20,26.3157901763916,15.000000953674316,14.285715103149414,0,0,0,0,4.813462734222412,8589934592,2147483648,5787828224,407961600
204,1772009778810,3204,3204,3204,3204,3204,3204,3204,3204,20,31.81818199157715,28.571430206298828,23.809524536132813,0,0,0,0,4.813462734222412,8589934592,2147483648,5787631616,407961600
204,1772009779015,3204,3204,3204,3204,3204,3204,3204,3204,30.000001907348633,35,26.3157901763916,15.000000953674316,5,4.761904716491699,5,4.761904716491699,4.813462734222412,8589934592,2147483648,5791367168,407961600
204,1772009779220,3204,3204,3204,3204,3204,3204,3204,3204,28.571430206298828,15.000000953674316,23.809524536132813,15.000000953674316,0,0,0,0,4.813462734222412,8589934592,2147483648,5788925952,407961600
205,1772009779425,3204,3204,3204,3204,3204,3204,3204,3204,20,23.809524536132813,25,20,4.761904716491699,4.761904716491699,0,0,4.813462734222412,8589934592,2147483648,5790236672,407961600
201,1772009779631,3204,3204,3204,3204,3204,3204,3204,3204,38.095237731933594,21.052631378173828,28.571430206298828,23.809524536132813,33.333335876464844,20,9.523809432983398,9.523809432983398,4.491187572479248,8589934592,2147483648,5788155904,407961600
204,1772009779833,3204,3204,3204,3204,3204,3204,3204,3204,21.052631378173828,20,20,14.285715103149414,0,0,0,4.761904716491699,4.491187572479248,8589934592,2147483648,5787385856,407961600
204,1772009780038,3204,3204,3204,3204,3204,3204,3204,3204,38.095237731933594,36.3636360168457,38.095237731933594,25,25,10,0,0,4.491187572479248,8589934592,2147483648,5767168000,407961600
204,1772009780243,3204,3204,3204,3204,3204,3204,3204,3204,20,20,20,15.000000953674316,0,5,4.761904716491699,4.761904716491699,4.491187572479248,8589934592,2147483648,5763563520,407961600
204,1772009780448,3204,3204,3204,3204,3204,3204,3204,3204,30.000001907348633,26.3157901763916,23.809524536132813,19.047618865966797,4.761904716491699,0,0,0,4.491187572479248,8589934592,2147483648,5765087232,407961600
204,1772009780653,3204,3204,3204,3204,3204,3204,3204,3204,15.000000953674316,19.047618865966797,21.052631378173828,10,0,0,0,0,4.697811603546143,8589934592,2147483648,5765185536,407961600
204,1772009780858,3204,3204,3204,3204,3204,3204,3204,3204,47.619049072265625,33.333335876464844,36.3636360168457,20,0,0,0,0,4.697811603546143,8589934592,2147483648,5765185536,407961600
204,1772009781064,3204,3204,3204,3204,3204,3204,3204,3204,20,25,26.3157901763916,14.285715103149414,0,0,0,0,4.697811603546143,8589934592,2147483648,5765185536,407961600
204,1772009781269,3204,3204,3204,3204,3204,3204,3204,3204,20,20,28.571430206298828,15.000000953674316,0,0,0,0,4.697811603546143,8589934592,2147483648,5769527296,407961600
202,1772009781473,3204,3204,3204,3204,3204,3204,3204,3204,28.571430206298828,31.81818199157715,20,10,0,0,0,0,4.697811603546143,8589934592,2147483648,5771083776,407961600
203,1772009781676,3204,3204,3204,3204,3204,3204,3204,3204,30.000001907348633,31.57894515991211,23.809524536132813,23.809524536132813,30.000001907348633,19.047618865966797,5,4.761904716491699,4.7497878074646,8589934592,2147483648,5778915328,407961600
203,1772009781879,3204,3204,3204,3204,3204,3204,3204,3204,25,20,15.000000953674316,15.000000953674316,9.523809432983398,10,5,0,4.7497878074646,8589934592,2147483648,5778915328,407961600
204,1772009782083,3204,3204,3204,3204,3204,3204,3204,3204,15.000000953674316,33.333335876464844,15.000000953674316,15.000000953674316,4.761904716491699,0,4.545454502105713,0,4.7497878074646,8589934592,2147483648,5778915328,407961600
204,1772009782288,3204,3204,3204,3204,3204,3204,3204,3204,19.047618865966797,20,19.047618865966797,23.809524536132813,0,4.761904716491699,0,0,4.7497878074646,8589934592,2147483648,5819826176,407961600
203,1772009782493,3204,3204,3204,3204,3204,3204,3204,3204,25,25,19.047618865966797,20,4.545454502105713,0,0,0,4.7497878074646,8589934592,2147483648,5821644800,407961600
200,1772009782697,3204,3204,3204,3204,3204,3204,3204,3204,33.333335876464844,30.000001907348633,21.052631378173828,20,5.263157844543457,5,9.090909004211426,4.761904716491699,4.4939188957214355,8589934592,2147483648,5820760064,407961600
204,1772009782898,3204,3204,3204,3204,3204,3204,3204,3204,31.57894515991211,30.000001907348633,28.571430206298828,23.809524536132813,5,9.090909004211426,0,0,4.4939188957214355,8589934592,2147483648,5821120512,407961600
202,1772009783102,3204,3204,3204,3204,3204,3204,3204,3204,23.809524536132813,28.571430206298828,30.000001907348633,15.000000953674316,4.761904716491699,0,5,5,4.4939188957214355,8589934592,2147483648,5819006976,407961600
204,1772009783305,3204,3204,3204,3204,3204,3204,3204,3204,15.789472579956055,20,20,15.000000953674316,4.761904716491699,4.761904716491699,0,0,4.4939188957214355,8589934592,2147483648,5809979392,407961600
204,1772009783510,3204,3204,3204,3204,3204,3204,3204,3204,23.809524536132813,30.000001907348633,19.047618865966797,15.000000953674316,5,0,0,4.761904716491699,4.4939188957214355,8589934592,2147483648,5785698304,407961600
204,1772009783715,3204,3204,3204,3204,3204,3204,3204,3204,25,30.000001907348633,15.789472579956055,33.333335876464844,0,4.761904716491699,4.761904716491699,0,4.871278285980225,8589934592,2147483648,5785174016,407961600
204,1772009783920,3204,3204,3204,3204,3204,3204,3204,3204,23.809524536132813,28.571430206298828,22.72727394104004,20,28.571430206298828,20,10,9.090909004211426,4.871278285980225,8589934592,2147483648,5781995520,407961600
203,1772009784125,3204,3204,3204,3204,3204,3204,3204,3204,25,33.333335876464844,21.052631378173828,23.809524536132813,0,0,0,0,4.871278285980225,8589934592,2147483648,5782355968,407961600
204,1772009784329,3204,3204,3204,3204,3204,3204,3204,3204,25,25,23.809524536132813,15.000000953674316,0,0,0,0,4.871278285980225,8589934592,2147483648,5782011904,407961600
203,1772009784534,3204,3204,3204,3204,3204,3204,3204,3204,15.000000953674316,26.3157901763916,15.000000953674316,14.285715103149414,4.761904716491699,0,4.761904716491699,0,4.871278285980225,8589934592,2147483648,5771198464,407961600
204,1772009784738,3204,3204,3204,3204,3204,3204,3204,3204,28.571430206298828,38.095237731933594,25,20,5,5,5,4.761904716491699,4.945172309875488,8589934592,2147483648,5771198464,407961600
204,1772009784942,3204,3204,3204,3204,3204,3204,3204,3204,20,23.809524536132813,20,10.526315689086914,0,0,0,0,4.945172309875488,8589934592,2147483648,5771198464,407961600
204,1772009785148,3204,3204,3204,3204,3204,3204,3204,3204,27.272727966308594,20,19.047618865966797,22.72727394104004,14.285715103149414,9.523809432983398,0,10,4.945172309875488,8589934592,2147483648,5771198464,407961600
201,1772009785353,3204,3204,3204,3204,3204,3204,3204,3204,26.3157901763916,23.809524536132813,14.285715103149414,15.000000953674316,4.761904716491699,4.761904716491699,0,0,4.945172309875488,8589934592,2147483648,5768331264,407961600
204,1772009785555,3204,3204,3204,3204,3204,3204,3204,3204,30.000001907348633,26.3157901763916,20,15.000000953674316,0,0,0,0,4.945172309875488,8589934592,2147483648,5770805248,407961600
203,1772009785760,3204,3204,3204,3204,3204,3204,3204,3204,38.095237731933594,28.571430206298828,15.789472579956055,15.000000953674316,0,0,0,0,4.770164966583252,8589934592,2147483648,5769068544,407961600
200,1772009785964,3204,3204,3204,3204,3204,3204,3204,3204,33.333335876464844,25,31.81818199157715,20,15.789472579956055,15.789472579956055,9.523809432983398,9.523809432983398,4.770164966583252,8589934592,2147483648,5778128896,407961600
204,1772009786165,3204,3204,3204,3204,3204,3204,3204,3204,30.000001907348633,35,35,25,14.285715103149414,13.636363983154297,5,0,4.770164966583252,8589934592,2147483648,5769166848,407961600
201,1772009786370,3204,3204,3204,3204,3204,3204,3204,3204,57.894737243652344,33.333335876464844,30.000001907348633,28.571430206298828,23.809524536132813,20,23.809524536132813,19.047618865966797,4.770164966583252,8589934592,2147483648,5772247040,407961600
202,1772009786572,3204,3204,3204,3204,3204,3204,3204,3204,35,31.57894515991211,15.000000953674316,15.000000953674316,5,5,4.761904716491699,5,4.770164966583252,8589934592,2147483648,5775851520,407961600
204,1772009786775,3204,3204,3204,3204,3204,3204,3204,3204,25,33.333335876464844,20,15.000000953674316,0,0,0,0,4.539906024932861,8589934592,2147483648,5774262272,407961600
199,1772009786980,3204,3204,3204,3204,3204,3204,3204,3204,23.809524536132813,15.000000953674316,20,9.523809432983398,14.285715103149414,10,5,5,4.539906024932861,8589934592,2147483648,5774360576,407961600
204,1772009787180,3204,3204,3204,3204,3204,3204,3204,3204,30.000001907348633,31.57894515991211,25,26.3157901763916,0,4.761904716491699,5,5,4.539906024932861,8589934592,2147483648,5773885440,407961600
203,1772009787385,3204,3204,3204,3204,3204,3204,3204,3204,40,38.095237731933594,38.095237731933594,23.809524536132813,4.761904716491699,0,0,0,4.539906024932861,8589934592,2147483648,5778112512,407961600
204,1772009787589,3204,3204,3204,3204,3204,3204,3204,3204,25,25,25,19.047618865966797,5,5,5,4.761904716491699,5.568305969238281,8589934592,2147483648,5779947520,407961600
204,1772009787794,3204,3204,3204,3204,3204,3204,3204,3204,23.809524536132813,33.333335876464844,19.047618865966797,15.000000953674316,4.761904716491699,4.761904716491699,4.761904716491699,0,5.568305969238281,8589934592,2147483648,5779947520,407961600
204,1772009787998,3204,3204,3204,3204,3204,3204,3204,3204,30.000001907348633,30.000001907348633,25,23.809524536132813,0,0,0,0,5.568305969238281,8589934592,2147483648,5779947520,407961600
203,1772009788204,3204,3204,3204,3204,3204,3204,3204,3204,28.571430206298828,23.809524536132813,25,20,28.571430206298828,28.571430206298828,10,18.18181800842285,5.568305969238281,8589934592,2147483648,5779947520,407961600
204,1772009788408,3204,3204,3204,3204,3204,3204,3204,3204,26.3157901763916,20,14.285715103149414,10,0,0,0,0,5.568305969238281,8589934592,2147483648,5777670144,407961600
204,1772009788613,3204,3204,3204,3204,3204,3204,3204,3204,33.333335876464844,23.809524536132813,15.000000953674316,19.047618865966797,5,4.761904716491699,0,4.761904716491699,4.687836647033691,8589934592,2147483648,5780865024,407961600
203,1772009788818,3204,3204,3204,3204,3204,3204,3204,3204,20,26.3157901763916,20,15.000000953674316,0,0,0,0,4.687836647033691,8589934592,2147483648,5780865024,407961600
204,1772009789022,3204,3204,3204,3204,3204,3204,3204,3204,25,28.571430206298828,23.809524536132813,25,4.761904716491699,0,4.761904716491699,0,4.687836647033691,8589934592,2147483648,5780865024,407961600
204,1772009789227,3204,3204,3204,3204,3204,3204,3204,3204,28.571430206298828,19.047618865966797,25,19.047618865966797,0,4.761904716491699,0,0,4.687836647033691,8589934592,2147483648,5780865024,407961600
200,1772009789432,3204,3204,3204,3204,3204,3204,3204,3204,20,20,20,15.000000953674316,0,0,0,4.761904716491699,4.687836647033691,8589934592,2147483648,5777752064,407961600
204,1772009789633,3204,3204,3204,3204,3204,3204,3204,3204,19.047618865966797,21.052631378173828,35,15.000000953674316,0,0,0,0,4.872623920440674,8589934592,2147483648,5778046976,407961600
199,1772009789838,3204,3204,3204,3204,3204,3204,3204,3204,15.000000953674316,19.047618865966797,14.285715103149414,23.809524536132813,0,0,0,0,4.872623920440674,8589934592,2147483648,5777752064,407961600
204,1772009790038,3204,3204,3204,3204,3204,3204,3204,3204,15.789472579956055,20,15.000000953674316,21.052631378173828,10,20,0,0,4.872623920440674,8589934592,2147483648,5779177472,407961600
200,1772009790243,3204,3204,3204,3204,3204,3204,3204,3204,23.809524536132813,25,25,20,23.809524536132813,9.523809432983398,14.285715103149414,0,4.872623920440674,8589934592,2147483648,5785911296,407961600
203,1772009790444,3204,3204,3204,3204,3204,3204,3204,3204,21.052631378173828,28.571430206298828,20,23.809524536132813,10,10,0,0,4.872623920440674,8589934592,2147483648,5778112512,407961600
202,1772009790648,3204,3204,3204,3204,3204,3204,3204,3204,31.81818199157715,25,23.809524536132813,15.000000953674316,0,0,0,0,4.492871284484863,8589934592,2147483648,5778620416,407961600
202,1772009790852,3204,3204,3204,3204,3204,3204,3204,3204,20,30.000001907348633,15.789472579956055,14.285715103149414,4.761904716491699,5,4.761904716491699,4.761904716491699,4.492871284484863,8589934592,2147483648,5777096704,407961600
202,1772009791055,3204,3204,3204,3204,3204,3204,3204,3204,21.052631378173828,23.809524536132813,23.809524536132813,25,0,0,0,0,4.492871284484863,8589934592,2147483648,5778735104,407961600
199,1772009791258,3204,3204,3204,3204,3204,3204,3204,3204,23.809524536132813,25,25,20,0,0,0,0,4.492871284484863,8589934592,2147483648,5777047552,407961600
200,1772009791458,3204,3204,3204,3204,3204,3204,3204,3204,25,21.052631378173828,15.000000953674316,25,5,4.761904716491699,4.761904716491699,5,4.492871284484863,8589934592,2147483648,5776932864,407961600
204,1772009791659,3204,3204,3204,3204,3204,3204,3204,3204,25,20,15.000000953674316,30.000001907348633,0,0,0,0,4.794739246368408,8589934592,2147483648,5775654912,407961600
201,1772009791864,3204,3204,3204,3204,3204,3204,3204,3204,20,20,19.047618865966797,25,0,0,0,0,4.794739246368408,8589934592,2147483648,5775654912,407961600
202,1772009792066,3204,3204,3204,3204,3204,3204,3204,3204,25,25,15.789472579956055,19.047618865966797,10,9.523809432983398,5,0,4.794739246368408,8589934592,2147483648,5775654912,407961600
199,1772009792271,3204,3204,3204,3204,3204,3204,3204,3204,28.571430206298828,27.272727966308594,23.809524536132813,19.047618865966797,0,4.761904716491699,4.761904716491699,4.761904716491699,4.794739246368408,8589934592,2147483648,5775654912,407961600
200,1772009792470,3204,3204,3204,3204,3204,3204,3204,3204,21.052631378173828,31.57894515991211,20,16.666667938232422,38.095237731933594,10.526315689086914,0,0,4.794739246368408,8589934592,2147483648,5774589952,407961600
204,1772009792671,3204,3204,3204,3204,3204,3204,3204,3204,30.000001907348633,30.000001907348633,25,19.047618865966797,15.000000953674316,10.526315689086914,5,5,4.489071846008301,8589934592,2147483648,5772836864,407961600
202,1772009792876,3204,3204,3204,3204,3204,3204,3204,3204,28.571430206298828,25,19.047618865966797,15.000000953674316,5,4.761904716491699,4.761904716491699,5,4.489071846008301,8589934592,2147483648,5772263424,407961600
201,1772009793079,3204,3204,3204,3204,3204,3204,3204,3204,25,25,20,15.000000953674316,0,0,0,0,4.489071846008301,8589934592,2147483648,5774049280,407961600
199,1772009793280,3204,3204,3204,3204,3204,3204,3204,3204,15.789472579956055,20,26.3157901763916,15.000000953674316,5,5,5,0,4.489071846008301,8589934592,2147483648,5774049280,407961600
201,1772009793481,3204,3204,3204,3204,3204,3204,3204,3204,25,15.789472579956055,21.052631378173828,14.285715103149414,4.761904716491699,0,0,0,4.489071846008301,8589934592,2147483648,5772541952,407961600
201,1772009793683,3204,3204,3204,3204,3204,3204,3204,3204,45,45.45454788208008,38.095237731933594,36.842105865478516,0,9.090909004211426,0,0,4.828197956085205,8589934592,2147483648,5774409728,407961600
203,1772009793885,3204,3204,3204,3204,3204,3204,3204,3204,45,36.842105865478516,45,33.333335876464844,0,0,0,0,4.828197956085205,8589934592,2147483648,5779685376,407961600
204,1772009794088,3204,3204,3204,3204,3204,3204,3204,3204,47.619049072265625,42.85714340209961,33.333335876464844,30.000001907348633,4.761904716491699,0,0,4.761904716491699,4.828197956085205,8589934592,2147483648,5773492224,407961600
201,1772009794293,3204,3204,3204,3204,3204,3204,3204,3204,15.000000953674316,26.3157901763916,10,5,0,0,0,0,4.828197956085205,8589934592,2147483648,5771886592,407961600
204,1772009794495,3204,3204,3204,3204,3204,3204,3204,3204,28.571430206298828,33.333335876464844,25,20,21.052631378173828,5,4.761904716491699,0,4.828197956085205,8589934592,2147483648,5782667264,407961600
204,1772009794700,3204,3204,3204,3204,3204,3204,3204,3204,30.000001907348633,25,15.000000953674316,28.571430206298828,10,14.285715103149414,4.761904716491699,4.761904716491699,4.800610065460205,8589934592,2147483648,5771624448,407961600
204,1772009794906,3204,3204,3204,3204,3204,3204,3204,3204,15.000000953674316,20,23.809524536132813,14.285715103149414,0,0,0,0,4.800610065460205,8589934592,2147483648,5771886592,407961600
204,1772009795110,3204,3204,3204,3204,3204,3204,3204,3204,25,19.047618865966797,20,10.526315689086914,9.523809432983398,20,0,0,4.800610065460205,8589934592,2147483648,5772771328,407961600
204,1772009795315,3204,3204,3204,3204,3204,3204,3204,3204,23.809524536132813,25,27.272727966308594,18.18181800842285,0,0,0,0,4.800610065460205,8589934592,2147483648,5772771328,407961600
200,1772009795520,3204,3204,3204,3204,3204,3204,3204,3204,20,27.272727966308594,20,15.000000953674316,0,0,0,0,4.800610065460205,8589934592,2147483648,5770461184,407961600
204,1772009795722,3204,3204,3204,3204,3204,3204,3204,3204,30.000001907348633,22.22222328186035,25,20,4.761904716491699,5,0,0,5.1297993659973145,8589934592,2147483648,5770739712,407961600
204,1772009795926,3204,3204,3204,3204,3204,3204,3204,3204,20,23.809524536132813,10,20,0,0,0,0,5.1297993659973145,8589934592,2147483648,5770739712,407961600
200,1772009796132,3204,3204,3204,3204,3204,3204,3204,3204,28.571430206298828,20,21.052631378173828,23.809524536132813,0,0,0,0,5.1297993659973145,8589934592,2147483648,5770739712,407961600
204,1772009796332,3204,3204,3204,3204,3204,3204,3204,3204,25,20,22.72727394104004,15.000000953674316,0,0,0,0,5.1297993659973145,8589934592,2147483648,5770739712,407961600
199,1772009796537,3204,3204,3204,3204,3204,3204,3204,3204,15.789472579956055,20,25,10,4.761904716491699,0,0,0,5.1297993659973145,8589934592,2147483648,5769281536,407961600
200,1772009796737,3204,3204,3204,3204,3204,3204,3204,3204,33.333335876464844,30.000001907348633,26.3157901763916,20,21.052631378173828,26.3157901763916,5,5,4.711465835571289,8589934592,2147483648,5768183808,407961600
204,1772009796938,3204,3204,3204,3204,3204,3204,3204,3204,30.000001907348633,28.571430206298828,28.571430206298828,25,5,5,4.761904716491699,0,4.711465835571289,8589934592,2147483648,5769478144,407961600
204,1772009797143,3204,3204,3204,3204,3204,3204,3204,3204,20,20,5.263157844543457,15.000000953674316,0,0,0,0,4.711465835571289,8589934592,2147483648,5771575296,407961600
204,1772009797348,3204,3204,3204,3204,3204,3204,3204,3204,20,25,19.047618865966797,20,0,0,0,0,4.711465835571289,8589934592,2147483648,5770166272,407961600
201,1772009797553,3204,3204,3204,3204,3204,3204,3204,3204,22.72727394104004,23.809524536132813,20,19.047618865966797,0,0,0,0,4.711465835571289,8589934592,2147483648,5770166272,407961600
204,1772009797755,3204,3204,3204,3204,3204,3204,3204,3204,26.3157901763916,25,23.809524536132813,20,0,9.090909004211426,0,0,4.916066646575928,8589934592,2147483648,5769428992,407961600
204,1772009797960,3204,3204,3204,3204,3204,3204,3204,3204,23.809524536132813,20,25,19.047618865966797,0,0,0,4.761904716491699,4.916066646575928,8589934592,2147483648,5770084352,407961600
204,1772009798165,3204,3204,3204,3204,3204,3204,3204,3204,25,28.571430206298828,15.000000953674316,5.263157844543457,0,0,0,0,4.916066646575928,8589934592,2147483648,5771919360,407961600
201,1772009798370,3204,3204,3204,3204,3204,3204,3204,3204,35,25,23.809524536132813,19.047618865966797,0,0,0,0,4.916066646575928,8589934592,2147483648,5769510912,407961600
203,1772009798573,3204,3204,3204,3204,3204,3204,3204,3204,42.85714340209961,40,40,30.000001907348633,0,0,0,0,4.916066646575928,8589934592,2147483648,5770231808,407961600
204,1772009798777,3204,3204,3204,3204,3204,3204,3204,3204,30.000001907348633,30.000001907348633,25,28.571430206298828,19.047618865966797,10,4.761904716491699,9.523809432983398,4.9716362953186035,8589934592,2147483648,5780504576,407961600
204,1772009798982,3204,3204,3204,3204,3204,3204,3204,3204,40,38.095237731933594,30.000001907348633,30.000001907348633,38.095237731933594,25,23.809524536132813,20,4.9716362953186035,8589934592,2147483648,5780504576,407961600
200,1772009799187,3204,3204,3204,3204,3204,3204,3204,3204,20,20,19.047618865966797,20,4.761904716491699,0,0,0,4.9716362953186035,8589934592,2147483648,5780504576,407961600
204,1772009799388,3204,3204,3204,3204,3204,3204,3204,3204,25,15.000000953674316,20,14.285715103149414,0,0,0,0,4.9716362953186035,8589934592,2147483648,5780504576,407961600
204,1772009799593,3204,3204,3204,3204,3204,3204,3204,3204,28.571430206298828,23.809524536132813,20,20,5,4.761904716491699,5,0,4.897611141204834,8589934592,2147483648,5768019968,407961600
204,1772009799798,3204,3204,3204,3204,3204,3204,3204,3204,25,23.809524536132813,22.72727394104004,20,0,0,0,0,4.897611141204834,8589934592,2147483648,5766316032,407961600
201,1772009800003,3204,3204,3204,3204,3204,3204,3204,3204,20,31.57894515991211,15.789472579956055,19.047618865966797,0,14.285715103149414,0,0,4.897611141204834,8589934592,2147483648,5767774208,407961600
203,1772009800205,3204,3204,3204,3204,3204,3204,3204,3204,28.571430206298828,28.571430206298828,19.047618865966797,10,18.18181800842285,5,0,5,4.897611141204834,8589934592,2147483648,5766004736,407961600
203,1772009800408,3204,3204,3204,3204,3204,3204,3204,3204,26.3157901763916,25,15.789472579956055,20,0,0,0,0,4.897611141204834,8589934592,2147483648,5765316608,407961600
200,1772009800612,3204,3204,3204,3204,3204,3204,3204,3204,28.571430206298828,25,25,20,0,0,0,0,5.543619632720947,8589934592,2147483648,5766692864,407961600
204,1772009800813,3204,3204,3204,3204,3204,3204,3204,3204,21.052631378173828,21.052631378173828,23.809524536132813,23.809524536132813,0,0,5,0,5.543619632720947,8589934592,2147483648,5765611520,407961600
204,1772009801018,3204,3204,3204,3204,3204,3204,3204,3204,38.095237731933594,33.333335876464844,15.000000953674316,20,33.333335876464844,28.571430206298828,0,4.761904716491699,5.543619632720947,8589934592,2147483648,5765447680,407961600
204,1772009801223,3204,3204,3204,3204,3204,3204,3204,3204,20,33.333335876464844,30.000001907348633,20,0,4.545454502105713,4.761904716491699,0,5.543619632720947,8589934592,2147483648,5764792320,407961600
203,1772009801428,3204,3204,3204,3204,3204,3204,3204,3204,20,25,20,19.047618865966797,0,0,0,0,5.543619632720947,8589934592,2147483648,5764792320,407961600
203,1772009801633,3204,3204,3204,3204,3204,3204,3204,3204,23.809524536132813,30.000001907348633,19.047618865966797,15.000000953674316,4.761904716491699,5,4.761904716491699,4.761904716491699,4.931582927703857,8589934592,2147483648,5768216576,407961600
200,1772009801837,3204,3204,3204,3204,3204,3204,3204,3204,19.047618865966797,15.000000953674316,20,33.333335876464844,0,0,0,0,4.931582927703857,8589934592,2147483648,5766594560,407961600
204,1772009802038,3204,3204,3204,3204,3204,3204,3204,3204,21.052631378173828,20,15.000000953674316,15.789472579956055,9.523809432983398,5,0,0,4.931582927703857,8589934592,2147483648,5814976512,407961600
204,1772009802243,3204,3204,3204,3204,3204,3204,3204,3204,31.81818199157715,22.72727394104004,19.047618865966797,28.571430206298828,0,4.761904716491699,0,4.761904716491699,4.931582927703857,8589934592,2147483648,5814976512,407961600
200,1772009802448,3204,3204,3204,3204,3204,3204,3204,3204,21.052631378173828,20,20,33.333335876464844,0,0,4.761904716491699,0,4.931582927703857,8589934592,2147483648,5814976512,407961600
204,1772009802649,3204,3204,3204,3204,3204,3204,3204,3204,20,21.052631378173828,15.000000953674316,26.3157901763916,0,0,0,0,4.792089939117432,8589934592,2147483648,5818646528,407961600
202,1772009802854,3204,3204,3204,3204,3204,3204,3204,3204,25,28.571430206298828,23.809524536132813,20,4.761904716491699,0,0,0,4.792089939117432,8589934592,2147483648,5818089472,407961600
204,1772009803057,3204,3204,3204,3204,3204,3204,3204,3204,35,30.000001907348633,25,23.809524536132813,15.000000953674316,15.000000953674316,0,4.761904716491699,4.792089939117432,8589934592,2147483648,5826772992,407961600
204,1772009803262,3204,3204,3204,3204,3204,3204,3204,3204,35,40,25,28.571430206298828,19.047618865966797,9.523809432983398,4.761904716491699,4.545454502105713,4.792089939117432,8589934592,2147483648,5804834816,407961600
203,1772009803467,3204,3204,3204,3204,3204,3204,3204,3204,28.571430206298828,19.047618865966797,19.047618865966797,10.526315689086914,0,0,0,0,4.792089939117432,8589934592,2147483648,5796528128,407961600
200,1772009803671,3204,3204,3204,3204,3204,3204,3204,3204,35,30.000001907348633,33.333335876464844,31.81818199157715,4.761904716491699,0,0,0,4.487827777862549,8589934592,2147483648,5795037184,407961600
204,1772009803872,3204,3204,3204,3204,3204,3204,3204,3204,30.000001907348633,30.000001907348633,15.789472579956055,15.789472579956055,0,4.761904716491699,0,4.761904716491699,4.487827777862549,8589934592,2147483648,5792399360,407961600
201,1772009804077,3204,3204,3204,3204,3204,3204,3204,3204,25,20,30.000001907348633,19.047618865966797,4.761904716491699,0,4.761904716491699,0,4.487827777862549,8589934592,2147483648,5793284096,407961600
204,1772009804279,3204,3204,3204,3204,3204,3204,3204,3204,25,25,23.809524536132813,15.000000953674316,0,0,0,0,4.487827777862549,8589934592,2147483648,5793316864,407961600
203,1772009804484,3204,3204,3204,3204,3204,3204,3204,3204,20,25,15.000000953674316,10,0,0,0,0,4.487827777862549,8589934592,2147483648,5792628736,407961600
204,1772009804688,3204,3204,3204,3204,3204,3204,3204,3204,31.81818199157715,28.571430206298828,20,15.000000953674316,0,9.090909004211426,4.761904716491699,4.761904716491699,4.861077308654785,8589934592,2147483648,5792104448,407961600
201,1772009804893,3204,3204,3204,3204,3204,3204,3204,3204,15.789472579956055,15.000000953674316,14.285715103149414,33.333335876464844,0,0,0,0,4.861077308654785,8589934592,2147483648,5780226048,407961600
204,1772009805095,3204,3204,3204,3204,3204,3204,3204,3204,28.571430206298828,23.809524536132813,19.047618865966797,25,22.72727394104004,10.526315689086914,4.761904716491699,0,4.861077308654785,8589934592,2147483648,5779259392,407961600
202,1772009805300,3204,3204,3204,3204,3204,3204,3204,3204,23.809524536132813,26.3157901763916,26.3157901763916,25,36.842105865478516,22.72727394104004,0,0,4.861077308654785,8589934592,2147483648,5779259392,407961600
200,1772009805504,3204,3204,3204,3204,3204,3204,3204,3204,20,19.047618865966797,28.571430206298828,15.000000953674316,4.545454502105713,0,4.761904716491699,0,4.861077308654785,8589934592,2147483648,5779259392,407961600
204,1772009805705,3204,3204,3204,3204,3204,3204,3204,3204,30.000001907348633,20,26.3157901763916,20,0,0,0,4.761904716491699,4.7584333419799805,8589934592,2147483648,5781733376,407961600
200,1772009805910,3204,3204,3204,3204,3204,3204,3204,3204,25,20,19.047618865966797,19.047618865966797,0,0,0,0,4.7584333419799805,8589934592,2147483648,5780013056,407961600
204,1772009806111,3204,3204,3204,3204,3204,3204,3204,3204,26.3157901763916,25,20,26.3157901763916,4.761904716491699,4.761904716491699,4.761904716491699,0,4.7584333419799805,8589934592,2147483648,5779275776,407961600
201,1772009806316,3204,3204,3204,3204,3204,3204,3204,3204,23.809524536132813,20,15.000000953674316,27.272727966308594,0,0,0,0,4.7584333419799805,8589934592,2147483648,5779980288,407961600
202,1772009806519,3204,3204,3204,3204,3204,3204,3204,3204,25,15.000000953674316,20,21.052631378173828,0,0,0,0,4.7584333419799805,8589934592,2147483648,5779996672,407961600
204,1772009806722,3204,3204,3204,3204,3204,3204,3204,3204,28.571430206298828,23.809524536132813,23.809524536132813,19.047618865966797,0,0,0,0,4.8304667472839355,8589934592,2147483648,5779324928,407961600
199,1772009806927,3204,3204,3204,3204,3204,3204,3204,3204,28.571430206298828,20,19.047618865966797,14.285715103149414,0,0,0,0,4.8304667472839355,8589934592,2147483648,5780013056,407961600
203,1772009807127,3204,3204,3204,3204,3204,3204,3204,3204,26.3157901763916,15.000000953674316,10.526315689086914,10.526315689086914,5,4.761904716491699,0,4.761904716491699,4.8304667472839355,8589934592,2147483648,5780176896,407961600
204,1772009807331,3204,3204,3204,3204,3204,3204,3204,3204,20,40,20,23.809524536132813,10,10.526315689086914,9.523809432983398,0,4.8304667472839355,8589934592,2147483648,5789270016,407961600
201,1772009807536,3204,3204,3204,3204,3204,3204,3204,3204,20,27.272727966308594,10,15.000000953674316,19.047618865966797,14.285715103149414,0,0,4.8304667472839355,8589934592,2147483648,5789270016,407961600
204,1772009807738,3204,3204,3204,3204,3204,3204,3204,3204,25,26.3157901763916,23.809524536132813,25,0,0,0,0,4.42917013168335,8589934592,2147483648,5782061056,407961600
202,1772009807943,3204,3204,3204,3204,3204,3204,3204,3204,19.047618865966797,25,15.000000953674316,10,0,0,0,0,4.42917013168335,8589934592,2147483648,5782011904,407961600
204,1772009808146,3204,3204,3204,3204,3204,3204,3204,3204,20,28.571430206298828,15.000000953674316,20,0,0,0,0,4.42917013168335,8589934592,2147483648,5779488768,407961600
204,1772009808351,3204,3204,3204,3204,3204,3204,3204,3204,25,23.809524536132813,28.571430206298828,19.047618865966797,4.761904716491699,4.545454502105713,0,4.761904716491699,4.42917013168335,8589934592,2147483648,5781176320,407961600
204,1772009808556,3204,3204,3204,3204,3204,3204,3204,3204,15.000000953674316,15.000000953674316,26.3157901763916,19.047618865966797,0,0,0,0,4.42917013168335,8589934592,2147483648,5779324928,407961600
200,1772009808761,3204,3204,3204,3204,3204,3204,3204,3204,23.809524536132813,20,27.272727966308594,15.000000953674316,0,0,0,0,4.680176734924316,8589934592,2147483648,5779374080,407961600
200,1772009808962,3204,3204,3204,3204,3204,3204,3204,3204,25,20,15.789472579956055,20,0,0,0,0,4.680176734924316,8589934592,2147483648,5779079168,407961600
204,1772009809163,3204,3204,3204,3204,3204,3204,3204,3204,30.000001907348633,20,15.000000953674316,5.263157844543457,0,0,0,0,4.680176734924316,8589934592,2147483648,5779128320,407961600
201,1772009809368,3204,3204,3204,3204,3204,3204,3204,3204,20,38.095237731933594,23.809524536132813,22.72727394104004,0,0,0,0,4.680176734924316,8589934592,2147483648,5779701760,407961600
200,1772009809570,3204,3204,3204,3204,3204,3204,3204,3204,42.85714340209961,36.842105865478516,31.57894515991211,30.000001907348633,21.052631378173828,20,5.263157844543457,15.000000953674316,4.680176734924316,8589934592,2147483648,5779701760,407961600
199,1772009809771,3204,3204,3204,3204,3204,3204,3204,3204,31.57894515991211,20,15.000000953674316,15.000000953674316,13.636363983154297,4.761904716491699,4.761904716491699,0,4.462440490722656,8589934592,2147483648,5782454272,407961600
204,1772009809971,3204,3204,3204,3204,3204,3204,3204,3204,25,23.809524536132813,19.047618865966797,15.000000953674316,0,0,0,0,4.462440490722656,8589934592,2147483648,5779308544,407961600
200,1772009810176,3204,3204,3204,3204,3204,3204,3204,3204,28.571430206298828,15.000000953674316,15.000000953674316,10,14.285715103149414,9.523809432983398,4.761904716491699,0,4.462440490722656,8589934592,2147483648,5780815872,407961600
204,1772009810378,3204,3204,3204,3204,3204,3204,3204,3204,26.3157901763916,25,15.000000953674316,15.000000953674316,0,0,0,0,4.462440490722656,8589934592,2147483648,5780815872,407961600
204,1772009810583,3204,3204,3204,3204,3204,3204,3204,3204,19.047618865966797,15.789472579956055,15.000000953674316,25,0,0,0,0,4.857786655426025,8589934592,2147483648,5780815872,407961600
199,1772009810788,3204,3204,3204,3204,3204,3204,3204,3204,20,23.809524536132813,14.285715103149414,31.81818199157715,0,0,0,0,4.857786655426025,8589934592,2147483648,5782241280,407961600
204,1772009810988,3204,3204,3204,3204,3204,3204,3204,3204,30.000001907348633,23.809524536132813,20,15.789472579956055,0,0,0,0,4.857786655426025,8589934592,2147483648,5779111936,407961600
199,1772009811193,3204,3204,3204,3204,3204,3204,3204,3204,20,25,20,15.000000953674316,0,0,0,0,4.857786655426025,8589934592,2147483648,5780766720,407961600
204,1772009811393,3204,3204,3204,3204,3204,3204,3204,3204,25,15.789472579956055,20,15.000000953674316,0,0,0,0,4.857786655426025,8589934592,2147483648,5782339584,407961600
204,1772009811598,3204,3204,3204,3204,3204,3204,3204,3204,33.333335876464844,25,19.047618865966797,23.809524536132813,15.000000953674316,9.523809432983398,4.761904716491699,4.761904716491699,4.808213233947754,8589934592,2147483648,5782339584,407961600
201,1772009811803,3204,3204,3204,3204,3204,3204,3204,3204,30.000001907348633,28.571430206298828,20,15.000000953674316,20,19.047618865966797,0,0,4.808213233947754,8589934592,2147483648,5781520384,407961600
202,1772009812005,3204,3204,3204,3204,3204,3204,3204,3204,30.000001907348633,15.000000953674316,15.000000953674316,14.285715103149414,0,0,0,0,4.808213233947754,8589934592,2147483648,5779816448,407961600
203,1772009812208,3204,3204,3204,3204,3204,3204,3204,3204,28.571430206298828,30.000001907348633,28.571430206298828,15.789472579956055,22.72727394104004,15.000000953674316,20,20,4.808213233947754,8589934592,2147483648,5780652032,407961600
204,1772009812412,3204,3204,3204,3204,3204,3204,3204,3204,15.789472579956055,28.571430206298828,21.052631378173828,20,0,0,0,0,4.808213233947754,8589934592,2147483648,5779570688,407961600
204,1772009812617,3204,3204,3204,3204,3204,3204,3204,3204,28.571430206298828,21.052631378173828,14.285715103149414,14.285715103149414,0,4.761904716491699,0,0,4.450722694396973,8589934592,2147483648,5779701760,407961600
200,1772009812821,3204,3204,3204,3204,3204,3204,3204,3204,30.000001907348633,22.72727394104004,25,19.047618865966797,0,0,4.761904716491699,0,4.450722694396973,8589934592,2147483648,5781454848,407961600
204,1772009813022,3204,3204,3204,3204,3204,3204,3204,3204,28.571430206298828,15.789472579956055,19.047618865966797,16.666667938232422,0,0,0,0,4.450722694396973,8589934592,2147483648,5779783680,407961600
203,1772009813227,3204,3204,3204,3204,3204,3204,3204,3204,25,20,10.526315689086914,27.272727966308594,0,0,0,0,4.450722694396973,8589934592,2147483648,5781110784,407961600
204,1772009813432,3204,3204,3204,3204,3204,3204,3204,3204,25,23.809524536132813,19.047618865966797,10,5,5,0,4.761904716491699,4.450722694396973,8589934592,2147483648,5781553152,407961600
200,1772009813637,3204,3204,3204,3204,3204,3204,3204,3204,25,30.000001907348633,23.809524536132813,23.809524536132813,0,0,0,0,5.047792911529541,8589934592,2147483648,5780439040,407961600
203,1772009813838,3204,3204,3204,3204,3204,3204,3204,3204,38.095237731933594,40,31.57894515991211,31.57894515991211,21.052631378173828,25,10.526315689086914,14.285715103149414,5.047792911529541,8589934592,2147483648,5784748032,407961600
204,1772009814042,3204,3204,3204,3204,3204,3204,3204,3204,21.052631378173828,23.809524536132813,23.809524536132813,19.047618865966797,9.523809432983398,0,0,0,5.047792911529541,8589934592,2147483648,5780242432,407961600
202,1772009814247,3204,3204,3204,3204,3204,3204,3204,3204,33.333335876464844,15.000000953674316,15.000000953674316,19.047618865966797,0,0,0,0,5.047792911529541,8589934592,2147483648,5782683648,407961600
203,1772009814450,3204,3204,3204,3204,3204,3204,3204,3204,25,20,25,25,4.761904716491699,4.761904716491699,0,0,5.047792911529541,8589934592,2147483648,5783650304,407961600
203,1772009814654,3204,3204,3204,3204,3204,3204,3204,3204,35,42.85714340209961,33.333335876464844,30.000001907348633,0,0,4.761904716491699,4.761904716491699,4.480766773223877,8589934592,2147483648,5783322624,407961600
204,1772009814857,3204,3204,3204,3204,3204,3204,3204,3204,55,31.57894515991211,55,35,0,0,0,0,4.480766773223877,8589934592,2147483648,5790842880,407961600
204,1772009815062,3204,3204,3204,3204,3204,3204,3204,3204,47.619049072265625,31.81818199157715,30.000001907348633,25,15.000000953674316,10,0,0,4.480766773223877,8589934592,2147483648,5787779072,407961600
203,1772009815267,3204,3204,3204,3204,3204,3204,3204,3204,28.571430206298828,21.052631378173828,23.809524536132813,23.809524536132813,4.761904716491699,4.761904716491699,4.761904716491699,0,4.480766773223877,8589934592,2147483648,5790269440,407961600
204,1772009815471,3204,3204,3204,3204,3204,3204,3204,3204,15.789472579956055,33.333335876464844,15.789472579956055,15.000000953674316,0,0,0,0,4.480766773223877,8589934592,2147483648,5791727616,407961600
204,1772009815677,3204,3204,3204,3204,3204,3204,3204,3204,27.272727966308594,26.3157901763916,19.047618865966797,15.000000953674316,0,0,0,0,5.05307674407959,8589934592,2147483648,5788581888,407961600
204,1772009815881,3204,3204,3204,3204,3204,3204,3204,3204,26.3157901763916,33.333335876464844,30.000001907348633,23.809524536132813,9.523809432983398,14.285715103149414,9.523809432983398,14.285715103149414,5.05307674407959,8589934592,2147483648,5802950656,407961600
201,1772009816087,3204,3204,3204,3204,3204,3204,3204,3204,23.809524536132813,19.047618865966797,20,15.000000953674316,19.047618865966797,15.000000953674316,0,0,5.05307674407959,8589934592,2147483648,5789384704,407961600
203,1772009816288,3204,3204,3204,3204,3204,3204,3204,3204,20,30.000001907348633,23.809524536132813,23.809524536132813,0,0,0,0,5.05307674407959,8589934592,2147483648,5790531584,407961600
202,1772009816492,3204,3204,3204,3204,3204,3204,3204,3204,30.000001907348633,28.571430206298828,20,15.000000953674316,0,0,0,0,5.05307674407959,8589934592,2147483648,5789138944,407961600
201,1772009816695,3204,3204,3204,3204,3204,3204,3204,3204,35,36.842105865478516,33.333335876464844,30.000001907348633,0,0,0,0,4.966484069824219,8589934592,2147483648,5793218560,407961600
204,1772009816897,3204,3204,3204,3204,3204,3204,3204,3204,30.000001907348633,35,30.000001907348633,23.809524536132813,5,5,5,4.761904716491699,4.966484069824219,8589934592,2147483648,5797675008,407961600
201,1772009817103,3204,3204,3204,3204,3204,3204,3204,3204,23.809524536132813,19.047618865966797,15.000000953674316,10,10.526315689086914,5,0,0,4.966484069824219,8589934592,2147483648,5795610624,407961600
204,1772009817305,3204,3204,3204,3204,3204,3204,3204,3204,26.3157901763916,20,20,15.789472579956055,0,0,4.761904716491699,0,4.966484069824219,8589934592,2147483648,5796855808,407961600
202,1772009817510,3204,3204,3204,3204,3204,3204,3204,3204,33.333335876464844,20,19.047618865966797,14.285715103149414,4.761904716491699,4.761904716491699,0,4.761904716491699,4.966484069824219,8589934592,2147483648,5795151872,407961600
204,1772009817713,3204,3204,3204,3204,3204,3204,3204,3204,25,23.809524536132813,20,15.000000953674316,0,0,0,0,4.765681743621826,8589934592,2147483648,5795151872,407961600
201,1772009817918,3204,3204,3204,3204,3204,3204,3204,3204,30.000001907348633,15.789472579956055,20,15.000000953674316,4.761904716491699,0,4.761904716491699,0,4.765681743621826,8589934592,2147483648,5797494784,407961600
200,1772009818120,3204,3204,3204,3204,3204,3204,3204,3204,38.095237731933594,30.000001907348633,20,19.047618865966797,15.789472579956055,15.000000953674316,0,4.761904716491699,4.765681743621826,8589934592,2147483648,5795430400,407961600
204,1772009818322,3204,3204,3204,3204,3204,3204,3204,3204,26.3157901763916,28.571430206298828,23.809524536132813,30.000001907348633,19.047618865966797,10,0,0,4.765681743621826,8589934592,2147483648,5797855232,407961600
204,1772009818527,3204,3204,3204,3204,3204,3204,3204,3204,25,19.047618865966797,15.000000953674316,14.285715103149414,0,0,0,0,4.765681743621826,8589934592,2147483648,5794856960,407961600
202,1772009818732,3204,3204,3204,3204,3204,3204,3204,3204,28.571430206298828,15.789472579956055,15.789472579956055,25,4.761904716491699,9.090909004211426,4.761904716491699,0,4.587276935577393,8589934592,2147483648,5795184640,407961600
204,1772009818935,3204,3204,3204,3204,3204,3204,3204,3204,30.000001907348633,25,23.809524536132813,20,0,0,0,0,4.587276935577393,8589934592,2147483648,5798412288,407961600
204,1772009819140,3204,3204,3204,3204,3204,3204,3204,3204,31.81818199157715,28.571430206298828,20,20,14.285715103149414,10,5,4.761904716491699,4.587276935577393,8589934592,2147483648,5795774464,407961600
204,1772009819345,3204,3204,3204,3204,3204,3204,3204,3204,26.3157901763916,20,27.272727966308594,25,0,0,0,4.761904716491699,4.587276935577393,8589934592,2147483648,5796478976,407961600
204,1772009819550,3204,3204,3204,3204,3204,3204,3204,3204,28.571430206298828,19.047618865966797,10.526315689086914,19.047618865966797,4.761904716491699,4.761904716491699,5,0,4.587276935577393,8589934592,2147483648,5794119680,407961600
204,1772009819755,3204,3204,3204,3204,3204,3204,3204,3204,30.000001907348633,28.571430206298828,27.272727966308594,23.809524536132813,0,0,0,0,4.787621974945068,8589934592,2147483648,5795823616,407961600
201,1772009819960,3204,3204,3204,3204,3204,3204,3204,3204,35,25,15.789472579956055,20,4.761904716491699,4.761904716491699,4.761904716491699,4.761904716491699,4.787621974945068,8589934592,2147483648,5792415744,407961600
204,1772009820161,3204,3204,3204,3204,3204,3204,3204,3204,30.000001907348633,26.3157901763916,28.571430206298828,25,31.57894515991211,15.000000953674316,5,0,4.787621974945068,8589934592,2147483648,5801361408,407961600
201,1772009820366,3204,3204,3204,3204,3204,3204,3204,3204,30.000001907348633,35,15.000000953674316,23.809524536132813,22.72727394104004,10,5,5,4.787621974945068,8589934592,2147483648,5794349056,407961600
203,1772009820568,3204,3204,3204,3204,3204,3204,3204,3204,19.047618865966797,28.571430206298828,15.000000953674316,20,0,0,0,0,4.787621974945068,8589934592,2147483648,5792301056,407961600
204,1772009820772,3204,3204,3204,3204,3204,3204,3204,3204,25,25,15.000000953674316,20,0,0,0,0,4.960648536682129,8589934592,2147483648,5793218560,407961600
203,1772009820978,3204,3204,3204,3204,3204,3204,3204,3204,33.333335876464844,19.047618865966797,15.000000953674316,20,0,4.761904716491699,4.761904716491699,4.761904716491699,4.960648536682129,8589934592,2147483648,5795299328,407961600
204,1772009821181,3204,3204,3204,3204,3204,3204,3204,3204,21.052631378173828,26.3157901763916,15.000000953674316,20,0,0,0,0,4.960648536682129,8589934592,2147483648,5798035456,407961600
201,1772009821386,3204,3204,3204,3204,3204,3204,3204,3204,33.333335876464844,19.047618865966797,19.047618865966797,20,4.761904716491699,4.761904716491699,0,0,4.960648536682129,8589934592,2147483648,5800656896,407961600
204,1772009821588,3204,3204,3204,3204,3204,3204,3204,3204,20,20,15.000000953674316,23.809524536132813,0,0,0,0,4.88637638092041,8589934592,2147483648,5798821888,407961600
201,1772009821793,3204,3204,3204,3204,3204,3204,3204,3204,20,28.571430206298828,23.809524536132813,25,0,0,4.761904716491699,4.761904716491699,4.88637638092041,8589934592,2147483648,5798821888,407961600
204,1772009821995,3204,3204,3204,3204,3204,3204,3204,3204,28.571430206298828,25,30.000001907348633,20,0,0,0,0,4.88637638092041,8589934592,2147483648,5799264256,407961600
200,1772009822200,3204,3204,3204,3204,3204,3204,3204,3204,15.000000953674316,20,20,5,9.523809432983398,4.761904716491699,0,4.761904716491699,4.88637638092041,8589934592,2147483648,5798739968,407961600
204,1772009822401,3204,3204,3204,3204,3204,3204,3204,3204,35,30.000001907348633,25,27.272727966308594,26.3157901763916,20,10.526315689086914,5.263157844543457,4.88637638092041,8589934592,2147483648,5793693696,407961600
203,1772009822606,3204,3204,3204,3204,3204,3204,3204,3204,20,20,23.809524536132813,10,4.761904716491699,5,0,0,4.422729969024658,8589934592,2147483648,5793693696,407961600
204,1772009822811,3204,3204,3204,3204,3204,3204,3204,3204,40,28.571430206298828,20,20,5,4.761904716491699,5,5,4.422729969024658,8589934592,2147483648,5793693696,407961600
204,1772009823016,3204,3204,3204,3204,3204,3204,3204,3204,15.000000953674316,20,28.571430206298828,10,4.761904716491699,0,0,4.761904716491699,4.422729969024658,8589934592,2147483648,5791596544,407961600
200,1772009823220,3204,3204,3204,3204,3204,3204,3204,3204,28.571430206298828,25,20,20,0,4.761904716491699,4.761904716491699,0,4.422729969024658,8589934592,2147483648,5791399936,407961600
204,1772009823421,3204,3204,3204,3204,3204,3204,3204,3204,30.000001907348633,25,20,23.809524536132813,4.761904716491699,0,0,0,4.422729969024658,8589934592,2147483648,5793611776,407961600
204,1772009823627,3204,3204,3204,3204,3204,3204,3204,3204,25,23.809524536132813,20,14.285715103149414,4.761904716491699,5,4.761904716491699,5,4.7592387199401855,8589934592,2147483648,5793136640,407961600
200,1772009823832,3204,3204,3204,3204,3204,3204,3204,3204,33.333335876464844,25,35,20,0,0,0,0,4.7592387199401855,8589934592,2147483648,5793857536,407961600
202,1772009824032,3204,3204,3204,3204,3204,3204,3204,3204,30.000001907348633,20,28.571430206298828,15.789472579956055,0,0,0,0,4.7592387199401855,8589934592,2147483648,5792202752,407961600
200,1772009824235,3204,3204,3204,3204,3204,3204,3204,3204,25,15.000000953674316,20,14.285715103149414,0,0,0,0,4.7592387199401855,8589934592,2147483648,5792071680,407961600
205,1772009824436,3204,3204,3204,3204,3204,3204,3204,3204,35,38.095237731933594,25,25,5.263157844543457,10,9.523809432983398,5,4.7592387199401855,8589934592,2147483648,5803065344,407961600
204,1772009824642,3204,3204,3204,3204,3204,3204,3204,3204,33.333335876464844,25,25,20,19.047618865966797,28.571430206298828,4.761904716491699,4.761904716491699,4.5547308921813965,8589934592,2147483648,5790121984,407961600
204,1772009824847,3204,3204,3204,3204,3204,3204,3204,3204,26.3157901763916,28.571430206298828,30.000001907348633,30.000001907348633,14.285715103149414,14.285715103149414,15.000000953674316,10.526315689086914,4.5547308921813965,8589934592,2147483648,5790121984,407961600
201,1772009825052,3204,3204,3204,3204,3204,3204,3204,3204,23.809524536132813,21.052631378173828,19.047618865966797,18.18181800842285,20,10,0,4.545454502105713,4.5547308921813965,8589934592,2147483648,5790416896,407961600
201,1772009825254,3204,3204,3204,3204,3204,3204,3204,3204,25,30.000001907348633,20,16.666667938232422,5,0,0,0,4.5547308921813965,8589934592,2147483648,5790941184,407961600
204,1772009825455,3204,3204,3204,3204,3204,3204,3204,3204,35,30.000001907348633,30.000001907348633,28.571430206298828,0,5,4.761904716491699,0,4.5547308921813965,8589934592,2147483648,5795397632,407961600
201,1772009825660,3204,3204,3204,3204,3204,3204,3204,3204,35,28.571430206298828,23.809524536132813,20,0,0,0,0,4.8064985275268555,8589934592,2147483648,5792579584,407961600
204,1772009825862,3204,3204,3204,3204,3204,3204,3204,3204,25,26.3157901763916,25,19.047618865966797,9.090909004211426,4.761904716491699,4.761904716491699,4.761904716491699,4.8064985275268555,8589934592,2147483648,5795004416,407961600
203,1772009826067,3204,3204,3204,3204,3204,3204,3204,3204,27.272727966308594,28.571430206298828,20,10.526315689086914,0,0,0,0,4.8064985275268555,8589934592,2147483648,5793562624,407961600
204,1772009826271,3204,3204,3204,3204,3204,3204,3204,3204,15.789472579956055,14.285715103149414,21.052631378173828,13.636363983154297,0,0,0,0,4.8064985275268555,8589934592,2147483648,5792694272,407961600
204,1772009826476,3204,3204,3204,3204,3204,3204,3204,3204,40,25,28.571430206298828,26.3157901763916,0,0,0,0,4.8064985275268555,8589934592,2147483648,5799215104,407961600
200,1772009826681,3204,3204,3204,3204,3204,3204,3204,3204,30.000001907348633,35,25,22.72727394104004,28.571430206298828,22.72727394104004,9.523809432983398,0,5.410423278808594,8589934592,2147483648,5794463744,407961600
201,1772009826881,3204,3204,3204,3204,3204,3204,3204,3204,23.809524536132813,30.000001907348633,19.047618865966797,15.789472579956055,0,0,0,0,5.410423278808594,8589934592,2147483648,5798461440,407961600
201,1772009827083,3204,3204,3204,3204,3204,3204,3204,3204,15.789472579956055,19.047618865966797,15.789472579956055,25,5,5,5,5,5.410423278808594,8589934592,2147483648,5797396480,407961600
202,1772009827285,3204,3204,3204,3204,3204,3204,3204,3204,38.095237731933594,10.526315689086914,14.285715103149414,10,5,0,5,0,5.410423278808594,8589934592,2147483648,5847498752,407961600
204,1772009827488,3204,3204,3204,3204,3204,3204,3204,3204,26.3157901763916,23.809524536132813,20,23.809524536132813,9.523809432983398,4.761904716491699,0,4.761904716491699,5.410423278808594,8589934592,2147483648,5849481216,407961600
201,1772009827693,3204,3204,3204,3204,3204,3204,3204,3204,20,20,25,20,0,0,0,0,4.757318019866943,8589934592,2147483648,5847941120,407961600
204,1772009827895,3204,3204,3204,3204,3204,3204,3204,3204,28.571430206298828,20,20,28.571430206298828,0,5,5,0,4.757318019866943,8589934592,2147483648,5849694208,407961600
204,1772009828100,3204,3204,3204,3204,3204,3204,3204,3204,25,19.047618865966797,14.285715103149414,10.526315689086914,4.761904716491699,0,0,4.761904716491699,4.757318019866943,8589934592,2147483648,5849612288,407961600
201,1772009828305,3204,3204,3204,3204,3204,3204,3204,3204,30.000001907348633,15.789472579956055,25,23.809524536132813,0,4.761904716491699,4.761904716491699,0,4.757318019866943,8589934592,2147483648,5847187456,407961600
204,1772009828508,3204,3204,3204,3204,3204,3204,3204,3204,33.333335876464844,45.45454788208008,50,30.000001907348633,5,0,0,4.761904716491699,4.757318019866943,8589934592,2147483648,5829869568,407961600
204,1772009828712,3204,3204,3204,3204,3204,3204,3204,3204,30.000001907348633,30.000001907348633,23.809524536132813,23.809524536132813,14.285715103149414,5,4.761904716491699,0,4.746275424957275,8589934592,2147483648,5828952064,407961600
203,1772009828918,3204,3204,3204,3204,3204,3204,3204,3204,25,30.000001907348633,23.809524536132813,28.571430206298828,15.000000953674316,19.047618865966797,0,0,4.746275424957275,8589934592,2147483648,5814419456,407961600
204,1772009829122,3204,3204,3204,3204,3204,3204,3204,3204,20,15.000000953674316,20,26.3157901763916,0,0,0,0,4.746275424957275,8589934592,2147483648,5811240960,407961600
200,1772009829327,3204,3204,3204,3204,3204,3204,3204,3204,28.571430206298828,19.047618865966797,10,23.809524536132813,0,0,0,0,4.746275424957275,8589934592,2147483648,5811896320,407961600
204,1772009829528,3204,3204,3204,3204,3204,3204,3204,3204,38.095237731933594,20,20,20,9.523809432983398,5,5,5,4.746275424957275,8589934592,2147483648,5811601408,407961600
203,1772009829733,3204,3204,3204,3204,3204,3204,3204,3204,20,20,19.047618865966797,15.000000953674316,0,0,0,0,4.54152250289917,8589934592,2147483648,5811453952,407961600
201,1772009829937,3204,3204,3204,3204,3204,3204,3204,3204,20,25,25,28.571430206298828,0,0,0,0,4.54152250289917,8589934592,2147483648,5814403072,407961600
204,1772009830139,3204,3204,3204,3204,3204,3204,3204,3204,20,25,28.571430206298828,20,15.000000953674316,14.285715103149414,0,0,4.54152250289917,8589934592,2147483648,5811912704,407961600
200,1772009830344,3204,3204,3204,3204,3204,3204,3204,3204,25,19.047618865966797,21.052631378173828,15.000000953674316,4.761904716491699,4.761904716491699,5,4.761904716491699,4.54152250289917,8589934592,2147483648,5812928512,407961600
203,1772009830546,3204,3204,3204,3204,3204,3204,3204,3204,33.333335876464844,25,20,23.809524536132813,0,0,0,0,4.54152250289917,8589934592,2147483648,5811585024,407961600
200,1772009830750,3204,3204,3204,3204,3204,3204,3204,3204,20,21.052631378173828,33.333335876464844,15.789472579956055,0,0,0,0,4.766601085662842,8589934592,2147483648,5811257344,407961600
202,1772009830951,3204,3204,3204,3204,3204,3204,3204,3204,35,33.333335876464844,26.3157901763916,23.809524536132813,28.571430206298828,25,15.000000953674316,9.090909004211426,4.766601085662842,8589934592,2147483648,5800837120,407961600
199,1772009831155,3204,3204,3204,3204,3204,3204,3204,3204,25,25,19.047618865966797,15.000000953674316,5,10,5,5,4.766601085662842,8589934592,2147483648,5795610624,407961600
204,1772009831355,3204,3204,3204,3204,3204,3204,3204,3204,30.000001907348633,23.809524536132813,20,15.000000953674316,0,0,0,0,4.766601085662842,8589934592,2147483648,5797167104,407961600
204,1772009831560,3204,3204,3204,3204,3204,3204,3204,3204,20,30.000001907348633,20,15.000000953674316,5,4.761904716491699,4.761904716491699,0,4.766601085662842,8589934592,2147483648,5798592512,407961600
202,1772009831765,3204,3204,3204,3204,3204,3204,3204,3204,23.809524536132813,21.052631378173828,30.000001907348633,19.047618865966797,0,4.761904716491699,4.761904716491699,0,4.539869785308838,8589934592,2147483648,5796134912,407961600
202,1772009831968,3204,3204,3204,3204,3204,3204,3204,3204,30.000001907348633,22.72727394104004,20,15.000000953674316,4.761904716491699,0,0,4.761904716491699,4.539869785308838,8589934592,2147483648,5797658624,407961600
203,1772009832171,3204,3204,3204,3204,3204,3204,3204,3204,25,15.789472579956055,19.047618865966797,10,9.523809432983398,5,4.761904716491699,0,4.539869785308838,8589934592,2147483648,5796118528,407961600
204,1772009832375,3204,3204,3204,3204,3204,3204,3204,3204,30.000001907348633,25,19.047618865966797,20,0,5,5,5,4.539869785308838,8589934592,2147483648,5798297600,407961600
202,1772009832581,3204,3204,3204,3204,3204,3204,3204,3204,20,23.809524536132813,15.789472579956055,27.272727966308594,0,0,0,0,4.8309831619262695,8589934592,2147483648,5798936576,407961600
203,1772009832784,3204,3204,3204,3204,3204,3204,3204,3204,28.571430206298828,20,19.047618865966797,10.526315689086914,0,0,0,0,4.8309831619262695,8589934592,2147483648,5796429824,407961600
204,1772009832987,3204,3204,3204,3204,3204,3204,3204,3204,35,38.095237731933594,25,25,19.047618865966797,5,0,4.761904716491699,4.8309831619262695,8589934592,2147483648,5807652864,407961600
202,1772009833193,3204,3204,3204,3204,3204,3204,3204,3204,30.000001907348633,25,20,19.047618865966797,15.000000953674316,19.047618865966797,4.545454502105713,0,4.8309831619262695,8589934592,2147483648,5796495360,407961600
201,1772009833396,3204,3204,3204,3204,3204,3204,3204,3204,25,25,20,10.526315689086914,0,0,0,0,4.8309831619262695,8589934592,2147483648,5798166528,407961600
201,1772009833598,3204,3204,3204,3204,3204,3204,3204,3204,28.571430206298828,28.571430206298828,27.272727966308594,19.047618865966797,4.761904716491699,4.761904716491699,0,0,4.511291980743408,8589934592,2147483648,5797609472,407961600
203,1772009833800,3204,3204,3204,3204,3204,3204,3204,3204,55,68.42105102539063,57.894737243652344,55,9.523809432983398,5.263157844543457,0,4.761904716491699,4.511291980743408,8589934592,2147483648,5803016192,407961600
200,1772009834003,3204,3204,3204,3204,3204,3204,3204,3204,50,45,66.66667175292969,61.904762268066406,25,25,20,20,4.511291980743408,8589934592,2147483648,5805686784,407961600
203,1772009834205,3204,3204,3204,3204,3204,3204,3204,3204,23.809524536132813,19.047618865966797,10,5.263157844543457,5.263157844543457,5,5,0,4.511291980743408,8589934592,2147483648,5801328640,407961600
204,1772009834409,3204,3204,3204,3204,3204,3204,3204,3204,26.3157901763916,25,20,23.809524536132813,4.761904716491699,4.761904716491699,0,4.761904716491699,4.511291980743408,8589934592,2147483648,5804015616,407961600
204,1772009834614,3204,3204,3204,3204,3204,3204,3204,3204,19.047618865966797,25,15.000000953674316,20,4.761904716491699,0,4.761904716491699,0,4.835634708404541,8589934592,2147483648,5802295296,407961600
201,1772009834819,3204,3204,3204,3204,3204,3204,3204,3204,45,61.904762268066406,28.571430206298828,28.571430206298828,0,0,0,0,4.835634708404541,8589934592,2147483648,5802246144,407961600
204,1772009835021,3204,3204,3204,3204,3204,3204,3204,3204,25,21.052631378173828,15.000000953674316,31.57894515991211,5.263157844543457,9.523809432983398,0,0,4.835634708404541,8589934592,2147483648,5804834816,407961600
204,1772009835226,3204,3204,3204,3204,3204,3204,3204,3204,33.333335876464844,25,25,28.571430206298828,25,20,19.047618865966797,10,4.835634708404541,8589934592,2147483648,5800771584,407961600
202,1772009835432,3204,3204,3204,3204,3204,3204,3204,3204,19.047618865966797,27.272727966308594,23.809524536132813,23.809524536132813,13.636363983154297,5,4.761904716491699,5,4.835634708404541,8589934592,2147483648,5801934848,407961600
202,1772009835635,3204,3204,3204,3204,3204,3204,3204,3204,26.3157901763916,15.789472579956055,15.000000953674316,20,0,4.761904716491699,0,0,5.751175403594971,8589934592,2147483648,5800181760,407961600
204,1772009835838,3204,3204,3204,3204,3204,3204,3204,3204,33.333335876464844,15.000000953674316,15.000000953674316,14.285715103149414,4.761904716491699,5,5,4.761904716491699,5.751175403594971,8589934592,2147483648,5799378944,407961600
202,1772009836043,3204,3204,3204,3204,3204,3204,3204,3204,25,28.571430206298828,23.809524536132813,30.000001907348633,4.761904716491699,0,0,4.761904716491699,5.751175403594971,8589934592,2147483648,5802541056,407961600
204,1772009836247,3204,3204,3204,3204,3204,3204,3204,3204,25,23.809524536132813,15.000000953674316,15.000000953674316,5,9.523809432983398,4.761904716491699,0,5.751175403594971,8589934592,2147483648,5800099840,407961600
202,1772009836452,3204,3204,3204,3204,3204,3204,3204,3204,25,20,28.571430206298828,20,0,0,0,0,5.751175403594971,8589934592,2147483648,5801099264,407961600
204,1772009836655,3204,3204,3204,3204,3204,3204,3204,3204,19.047618865966797,25,15.000000953674316,19.047618865966797,0,0,0,0,5.025032997131348,8589934592,2147483648,5800099840,407961600
204,1772009836860,3204,3204,3204,3204,3204,3204,3204,3204,25,33.333335876464844,21.052631378173828,25,5,0,4.761904716491699,4.545454502105713,5.025032997131348,8589934592,2147483648,5800296448,407961600
201,1772009837065,3204,3204,3204,3204,3204,3204,3204,3204,35,21.052631378173828,23.809524536132813,25,0,5,0,5,5.025032997131348,8589934592,2147483648,5802786816,407961600
204,1772009837266,3204,3204,3204,3204,3204,3204,3204,3204,25,19.047618865966797,20,25,30.000001907348633,9.523809432983398,9.523809432983398,4.761904716491699,5.025032997131348,8589934592,2147483648,5810487296,407961600
202,1772009837472,3204,3204,3204,3204,3204,3204,3204,3204,28.571430206298828,15.000000953674316,25,14.285715103149414,19.047618865966797,10.526315689086914,0,0,5.025032997131348,8589934592,2147483648,5801541632,407961600
204,1772009837675,3204,3204,3204,3204,3204,3204,3204,3204,20,25,19.047618865966797,25,4.761904716491699,4.761904716491699,0,0,4.644632339477539,8589934592,2147483648,5801541632,407961600
203,1772009837880,3204,3204,3204,3204,3204,3204,3204,3204,25,23.809524536132813,19.047618865966797,23.809524536132813,0,0,4.761904716491699,4.761904716491699,4.644632339477539,8589934592,2147483648,5801541632,407961600
202,1772009838085,3204,3204,3204,3204,3204,3204,3204,3204,30.000001907348633,25,20,25,0,0,0,0,4.644632339477539,8589934592,2147483648,5801541632,407961600
204,1772009838289,3204,3204,3204,3204,3204,3204,3204,3204,33.333335876464844,15.000000953674316,15.000000953674316,15.000000953674316,0,4.545454502105713,0,0,4.644632339477539,8589934592,2147483648,5799952384,407961600
201,1772009838493,3204,3204,3204,3204,3204,3204,3204,3204,25,30.000001907348633,15.000000953674316,23.809524536132813,4.761904716491699,0,0,0,4.644632339477539,8589934592,2147483648,5801984000,407961600
204,1772009838695,3204,3204,3204,3204,3204,3204,3204,3204,20,23.809524536132813,30.000001907348633,15.000000953674316,0,0,0,0,4.81056022644043,8589934592,2147483648,5799477248,407961600
204,1772009838900,3204,3204,3204,3204,3204,3204,3204,3204,19.047618865966797,15.000000953674316,23.809524536132813,23.809524536132813,0,0,0,0,4.81056022644043,8589934592,2147483648,5799739392,407961600
200,1772009839105,3204,3204,3204,3204,3204,3204,3204,3204,30.000001907348633,30.000001907348633,28.571430206298828,20,0,0,4.761904716491699,0,4.81056022644043,8589934592,2147483648,5799067648,407961600
204,1772009839306,3204,3204,3204,3204,3204,3204,3204,3204,20,30.000001907348633,20,15.000000953674316,0,0,0,0,4.81056022644043,8589934592,2147483648,5799313408,407961600
200,1772009839511,3204,3204,3204,3204,3204,3204,3204,3204,33.333335876464844,30.000001907348633,21.052631378173828,25,13.636363983154297,14.285715103149414,0,5,4.81056022644043,8589934592,2147483648,5801017344,407961600
200,1772009839711,3204,3204,3204,3204,3204,3204,3204,3204,31.57894515991211,25,33.333335876464844,15.000000953674316,15.789472579956055,10.526315689086914,4.761904716491699,4.761904716491699,4.479489326477051,8589934592,2147483648,5798985728,407961600
204,1772009839913,3204,3204,3204,3204,3204,3204,3204,3204,28.571430206298828,23.809524536132813,15.000000953674316,15.789472579956055,0,4.761904716491699,0,0,4.479489326477051,8589934592,2147483648,5794283520,407961600
204,1772009840117,3204,3204,3204,3204,3204,3204,3204,3204,31.57894515991211,25,21.052631378173828,19.047618865966797,9.523809432983398,10.526315689086914,9.090909004211426,10,4.479489326477051,8589934592,2147483648,5794562048,407961600
204,1772009840323,3204,3204,3204,3204,3204,3204,3204,3204,28.571430206298828,15.000000953674316,23.809524536132813,19.047618865966797,10,0,0,0,4.479489326477051,8589934592,2147483648,5794758656,407961600
204,1772009840528,3204,3204,3204,3204,3204,3204,3204,3204,30.000001907348633,28.571430206298828,23.809524536132813,20,0,4.761904716491699,0,0,4.479489326477051,8589934592,2147483648,5798068224,407961600
202,1772009840733,3204,3204,3204,3204,3204,3204,3204,3204,33.333335876464844,23.809524536132813,20,19.047618865966797,0,4.761904716491699,0,0,4.651880741119385,8589934592,2147483648,5796233216,407961600
202,1772009840936,3204,3204,3204,3204,3204,3204,3204,3204,26.3157901763916,21.052631378173828,25,15.000000953674316,4.761904716491699,0,0,0,4.651880741119385,8589934592,2147483648,5796462592,407961600
204,1772009841139,3204,3204,3204,3204,3204,3204,3204,3204,35,28.571430206298828,28.571430206298828,25,0,0,0,0,4.651880741119385,8589934592,2147483648,5797953536,407961600
200,1772009841344,3204,3204,3204,3204,3204,3204,3204,3204,31.81818199157715,25,25,23.809524536132813,0,0,4.761904716491699,0,4.651880741119385,8589934592,2147483648,5798019072,407961600
204,1772009841545,3204,3204,3204,3204,3204,3204,3204,3204,35,25,26.3157901763916,30.000001907348633,14.285715103149414,5,10.526315689086914,4.761904716491699,4.651880741119385,8589934592,2147483648,5808619520,407961600
204,1772009841750,3204,3204,3204,3204,3204,3204,3204,3204,30.000001907348633,25,19.047618865966797,14.285715103149414,21.052631378173828,10,0,0,4.826786041259766,8589934592,2147483648,5796036608,407961600
202,1772009841955,3204,3204,3204,3204,3204,3204,3204,3204,20,28.571430206298828,20,15.789472579956055,5,4.761904716491699,4.761904716491699,0,4.826786041259766,8589934592,2147483648,5798166528,407961600
204,1772009842157,3204,3204,3204,3204,3204,3204,3204,3204,20,30.000001907348633,14.285715103149414,23.809524536132813,4.761904716491699,0,0,4.761904716491699,4.826786041259766,8589934592,2147483648,5796528128,407961600
204,1772009842362,3204,3204,3204,3204,3204,3204,3204,3204,30.000001907348633,25,20,23.809524536132813,28.571430206298828,28.571430206298828,20,19.047618865966797,4.826786041259766,8589934592,2147483648,5845155840,407961600
203,1772009842568,3204,3204,3204,3204,3204,3204,3204,3204,28.571430206298828,25,28.571430206298828,25,4.761904716491699,0,0,0,4.826786041259766,8589934592,2147483648,5848825856,407961600
204,1772009842772,3204,3204,3204,3204,3204,3204,3204,3204,33.333335876464844,28.571430206298828,20,25,0,0,4.761904716491699,0,5.107822418212891,8589934592,2147483648,5847613440,407961600
202,1772009842977,3204,3204,3204,3204,3204,3204,3204,3204,26.3157901763916,20,20,20,5,5,0,4.761904716491699,5.107822418212891,8589934592,2147483648,5849595904,407961600
204,1772009843180,3204,3204,3204,3204,3204,3204,3204,3204,30.000001907348633,23.809524536132813,19.047618865966797,15.000000953674316,0,0,4.761904716491699,0,5.107822418212891,8589934592,2147483648,5849661440,407961600
201,1772009843385,3204,3204,3204,3204,3204,3204,3204,3204,36.3636360168457,20,20,19.047618865966797,4.761904716491699,9.523809432983398,0,4.761904716491699,5.107822418212891,8589934592,2147483648,5847531520,407961600
202,1772009843587,3204,3204,3204,3204,3204,3204,3204,3204,25,20,23.809524536132813,20,0,4.761904716491699,4.761904716491699,0,5.470900058746338,8589934592,2147483648,5833048064,407961600
204,1772009843791,3204,3204,3204,3204,3204,3204,3204,3204,26.3157901763916,20,21.052631378173828,19.047618865966797,30.000001907348633,15.789472579956055,5.263157844543457,14.285715103149414,5.470900058746338,8589934592,2147483648,5811585024,407961600
204,1772009843996,3204,3204,3204,3204,3204,3204,3204,3204,33.333335876464844,28.571430206298828,23.809524536132813,20,9.523809432983398,9.523809432983398,4.761904716491699,0,5.470900058746338,8589934592,2147483648,5813272576,407961600
203,1772009844201,3204,3204,3204,3204,3204,3204,3204,3204,20,25,20,14.285715103149414,0,0,0,0,5.470900058746338,8589934592,2147483648,5811568640,407961600
204,1772009844405,3204,3204,3204,3204,3204,3204,3204,3204,25,28.571430206298828,23.809524536132813,15.000000953674316,0,0,0,0,5.470900058746338,8589934592,2147483648,5810831360,407961600
204,1772009844610,3204,3204,3204,3204,3204,3204,3204,3204,23.809524536132813,26.3157901763916,20,15.789472579956055,0,0,0,0,4.790781021118164,8589934592,2147483648,5811126272,407961600
204,1772009844815,3204,3204,3204,3204,3204,3204,3204,3204,25,20,19.047618865966797,19.047618865966797,0,0,0,0,4.790781021118164,8589934592,2147483648,5810700288,407961600
201,1772009845020,3204,3204,3204,3204,3204,3204,3204,3204,23.809524536132813,27.272727966308594,25,23.809524536132813,0,0,0,0,4.790781021118164,8589934592,2147483648,5810520064,407961600
204,1772009845222,3204,3204,3204,3204,3204,3204,3204,3204,25,20,20,10,10,19.047618865966797,9.523809432983398,14.285715103149414,4.790781021118164,8589934592,2147483648,5798019072,407961600
202,1772009845427,3204,3204,3204,3204,3204,3204,3204,3204,30.000001907348633,15.000000953674316,15.000000953674316,14.285715103149414,0,0,0,0,4.790781021118164,8589934592,2147483648,5797609472,407961600
201,1772009845629,3204,3204,3204,3204,3204,3204,3204,3204,25,25,23.809524536132813,15.789472579956055,4.761904716491699,0,0,0,4.799008369445801,8589934592,2147483648,5796986880,407961600
204,1772009845831,3204,3204,3204,3204,3204,3204,3204,3204,25,30.000001907348633,25,20,5,13.636363983154297,4.761904716491699,5,4.799008369445801,8589934592,2147483648,5805850624,407961600
201,1772009846036,3204,3204,3204,3204,3204,3204,3204,3204,38.095237731933594,30.000001907348633,30.000001907348633,23.809524536132813,15.000000953674316,0,0,0,4.799008369445801,8589934592,2147483648,5798412288,407961600
204,1772009846238,3204,3204,3204,3204,3204,3204,3204,3204,15.789472579956055,30.000001907348633,15.000000953674316,15.000000953674316,5,0,0,0,4.799008369445801,8589934592,2147483648,5798412288,407961600
199,1772009846443,3204,3204,3204,3204,3204,3204,3204,3204,23.809524536132813,28.571430206298828,19.047618865966797,10,0,4.761904716491699,0,4.545454502105713,4.799008369445801,8589934592,2147483648,5796184064,407961600
204,1772009846643,3204,3204,3204,3204,3204,3204,3204,3204,25,30.000001907348633,15.789472579956055,19.047618865966797,4.761904716491699,0,0,0,4.659849643707275,8589934592,2147483648,5795921920,407961600
204,1772009846849,3204,3204,3204,3204,3204,3204,3204,3204,28.571430206298828,19.047618865966797,19.047618865966797,10,0,0,0,0,4.659849643707275,8589934592,2147483648,5796380672,407961600
200,1772009847054,3204,3204,3204,3204,3204,3204,3204,3204,26.3157901763916,26.3157901763916,25,23.809524536132813,0,0,4.761904716491699,0,4.659849643707275,8589934592,2147483648,5796380672,407961600
204,1772009847255,3204,3204,3204,3204,3204,3204,3204,3204,20,23.809524536132813,15.789472579956055,5.263157844543457,4.761904716491699,10,0,0,4.659849643707275,8589934592,2147483648,5796380672,407961600
204,1772009847460,3204,3204,3204,3204,3204,3204,3204,3204,19.047618865966797,25,22.72727394104004,15.000000953674316,0,0,0,0,4.659849643707275,8589934592,2147483648,5798068224,407961600
203,1772009847665,3204,3204,3204,3204,3204,3204,3204,3204,23.809524536132813,20,20,23.809524536132813,0,0,0,4.761904716491699,4.950037479400635,8589934592,2147483648,5798838272,407961600
202,1772009847869,3204,3204,3204,3204,3204,3204,3204,3204,26.3157901763916,28.571430206298828,30.000001907348633,23.809524536132813,4.761904716491699,0,0,0,4.950037479400635,8589934592,2147483648,5798739968,407961600
204,1772009848072,3204,3204,3204,3204,3204,3204,3204,3204,30.000001907348633,30.000001907348633,25,25,30.000001907348633,10,5,4.761904716491699,4.950037479400635,8589934592,2147483648,5798739968,407961600
204,1772009848277,3204,3204,3204,3204,3204,3204,3204,3204,19.047618865966797,20,19.047618865966797,23.809524536132813,9.523809432983398,9.523809432983398,0,0,4.950037479400635,8589934592,2147483648,5798739968,407961600
204,1772009848482,3204,3204,3204,3204,3204,3204,3204,3204,15.000000953674316,23.809524536132813,10,26.3157901763916,0,0,0,0,4.950037479400635,8589934592,2147483648,5798445056,407961600
204,1772009848687,3204,3204,3204,3204,3204,3204,3204,3204,23.809524536132813,25,28.571430206298828,22.72727394104004,0,0,4.761904716491699,0,4.483857154846191,8589934592,2147483648,5799067648,407961600
204,1772009848892,3204,3204,3204,3204,3204,3204,3204,3204,25,20,25,10.526315689086914,4.761904716491699,4.761904716491699,0,4.761904716491699,4.483857154846191,8589934592,2147483648,5799084032,407961600
204,1772009849097,3204,3204,3204,3204,3204,3204,3204,3204,30.000001907348633,20,20,20,0,0,0,0,4.483857154846191,8589934592,2147483648,5801590784,407961600
199,1772009849302,3204,3204,3204,3204,3204,3204,3204,3204,25,27.272727966308594,19.047618865966797,14.285715103149414,0,0,0,0,4.483857154846191,8589934592,2147483648,5798461440,407961600
203,1772009849502,3204,3204,3204,3204,3204,3204,3204,3204,23.809524536132813,26.3157901763916,15.000000953674316,10,0,0,4.761904716491699,0,4.483857154846191,8589934592,2147483648,5799149568,407961600
204,1772009849706,3204,3204,3204,3204,3204,3204,3204,3204,30.000001907348633,15.000000953674316,14.285715103149414,15.000000953674316,0,0,0,0,4.9957427978515625,8589934592,2147483648,5799215104,407961600
202,1772009849911,3204,3204,3204,3204,3204,3204,3204,3204,25,23.809524536132813,21.052631378173828,19.047618865966797,0,0,0,0,4.9957427978515625,8589934592,2147483648,5797789696,407961600
204,1772009850113,3204,3204,3204,3204,3204,3204,3204,3204,33.333335876464844,30.000001907348633,30.000001907348633,20,22.72727394104004,19.047618865966797,4.761904716491699,10,4.9957427978515625,8589934592,2147483648,5811879936,407961600
200,1772009850319,3204,3204,3204,3204,3204,3204,3204,3204,28.571430206298828,15.000000953674316,23.809524536132813,10,15.789472579956055,15.000000953674316,0,0,4.9957427978515625,8589934592,2147483648,5799149568,407961600
204,1772009850519,3204,3204,3204,3204,3204,3204,3204,3204,21.052631378173828,20,30.000001907348633,19.047618865966797,4.761904716491699,5,0,0,4.9957427978515625,8589934592,2147483648,5800984576,407961600
204,1772009850725,3204,3204,3204,3204,3204,3204,3204,3204,19.047618865966797,15.000000953674316,35,15.000000953674316,0,0,4.761904716491699,4.761904716491699,4.53267240524292,8589934592,2147483648,5799378944,407961600
200,1772009850930,3204,3204,3204,3204,3204,3204,3204,3204,25,23.809524536132813,23.809524536132813,15.000000953674316,0,0,0,0,4.53267240524292,8589934592,2147483648,5799346176,407961600
204,1772009851131,3204,3204,3204,3204,3204,3204,3204,3204,35,30.000001907348633,30.000001907348633,20,4.761904716491699,0,0,0,4.53267240524292,8589934592,2147483648,5801132032,407961600
201,1772009851336,3204,3204,3204,3204,3204,3204,3204,3204,25,20,15.000000953674316,14.285715103149414,4.761904716491699,4.761904716491699,0,0,4.53267240524292,8589934592,2147483648,5799329792,407961600
203,1772009851539,3204,3204,3204,3204,3204,3204,3204,3204,30.000001907348633,20,23.809524536132813,15.000000953674316,0,0,0,0,4.53267240524292,8589934592,2147483648,5801050112,407961600
204,1772009851743,3204,3204,3204,3204,3204,3204,3204,3204,20,23.809524536132813,26.3157901763916,15.000000953674316,0,0,0,0,4.834316253662109,8589934592,2147483648,5799280640,407961600
204,1772009851949,3204,3204,3204,3204,3204,3204,3204,3204,28.571430206298828,15.000000953674316,19.047618865966797,15.000000953674316,0,0,4.545454502105713,0,4.834316253662109,8589934592,2147483648,5799149568,407961600
200,1772009852154,3204,3204,3204,3204,3204,3204,3204,3204,25,19.047618865966797,20,20,0,0,0,0,4.834316253662109,8589934592,2147483648,5798084608,407961600
200,1772009852354,3204,3204,3204,3204,3204,3204,3204,3204,33.333335876464844,26.3157901763916,20,28.571430206298828,20,30.000001907348633,0,5,4.834316253662109,8589934592,2147483648,5798805504,407961600
202,1772009852555,3204,3204,3204,3204,3204,3204,3204,3204,26.3157901763916,23.809524536132813,33.333335876464844,15.789472579956055,5,5,4.761904716491699,4.761904716491699,4.834316253662109,8589934592,2147483648,5801492480,407961600
204,1772009852758,3204,3204,3204,3204,3204,3204,3204,3204,20,20,10.526315689086914,22.72727394104004,0,0,0,0,4.4352707862854,8589934592,2147483648,5799706624,407961600
204,1772009852963,3204,3204,3204,3204,3204,3204,3204,3204,28.571430206298828,30.000001907348633,20,25,0,0,0,0,4.4352707862854,8589934592,2147483648,5801967616,407961600
200,1772009853168,3204,3204,3204,3204,3204,3204,3204,3204,25,33.333335876464844,22.72727394104004,15.000000953674316,0,0,0,0,4.4352707862854,8589934592,2147483648,5802033152,407961600
202,1772009853369,3204,3204,3204,3204,3204,3204,3204,3204,28.571430206298828,35,20,19.047618865966797,0,0,0,0,4.4352707862854,8589934592,2147483648,5803540480,407961600
204,1772009853572,3204,3204,3204,3204,3204,3204,3204,3204,26.3157901763916,21.052631378173828,20,15.000000953674316,9.090909004211426,4.761904716491699,0,0,4.4352707862854,8589934592,2147483648,5805899776,407961600
201,1772009853777,3204,3204,3204,3204,3204,3204,3204,3204,35,25,25,20,0,4.761904716491699,0,0,4.733739376068115,8589934592,2147483648,5804703744,407961600
200,1772009853979,3204,3204,3204,3204,3204,3204,3204,3204,28.571430206298828,20,15.000000953674316,20,5,4.761904716491699,0,0,4.733739376068115,8589934592,2147483648,5804965888,407961600
200,1772009854180,3204,3204,3204,3204,3204,3204,3204,3204,26.3157901763916,22.72727394104004,20,15.789472579956055,0,0,4.761904716491699,0,4.733739376068115,8589934592,2147483648,5805031424,407961600
204,1772009854380,3204,3204,3204,3204,3204,3204,3204,3204,35,27.77777862548828,20,19.047618865966797,5.263157844543457,10,0,0,4.733739376068115,8589934592,2147483648,5814239232,407961600
203,1772009854586,3204,3204,3204,3204,3204,3204,3204,3204,25,27.272727966308594,20,21.052631378173828,22.72727394104004,10.526315689086914,0,4.545454502105713,4.602865219116211,8589934592,2147483648,5806620672,407961600
204,1772009854790,3204,3204,3204,3204,3204,3204,3204,3204,23.809524536132813,21.052631378173828,19.047618865966797,19.047618865966797,0,0,0,0,4.602865219116211,8589934592,2147483648,5804916736,407961600
204,1772009854995,3204,3204,3204,3204,3204,3204,3204,3204,25,20,20,19.047618865966797,0,4.761904716491699,4.761904716491699,0,4.602865219116211,8589934592,2147483648,5805424640,407961600
203,1772009855200,3204,3204,3204,3204,3204,3204,3204,3204,33.333335876464844,15.000000953674316,19.047618865966797,19.047618865966797,23.809524536132813,5,4.761904716491699,0,4.602865219116211,8589934592,2147483648,5805703168,407961600
200,1772009855404,3204,3204,3204,3204,3204,3204,3204,3204,26.3157901763916,28.571430206298828,26.3157901763916,20,20,20,20,23.809524536132813,4.602865219116211,8589934592,2147483648,5805834240,407961600
205,1772009855605,3204,3204,3204,3204,3204,3204,3204,3204,33.333335876464844,20,20,20,0,4.761904716491699,0,0,4.969704627990723,8589934592,2147483648,5808062464,407961600
204,1772009855811,3204,3204,3204,3204,3204,3204,3204,3204,28.571430206298828,36.3636360168457,27.272727966308594,19.047618865966797,4.761904716491699,0,0,0,4.969704627990723,8589934592,2147483648,5791039488,407961600
204,1772009856016,3204,3204,3204,3204,3204,3204,3204,3204,38.095237731933594,21.052631378173828,20,25,0,0,0,0,4.969704627990723,8589934592,2147483648,5791858688,407961600
204,1772009856221,3204,3204,3204,3204,3204,3204,3204,3204,31.57894515991211,23.809524536132813,20,20,0,0,0,0,4.969704627990723,8589934592,2147483648,5792727040,407961600
203,1772009856426,3204,3204,3204,3204,3204,3204,3204,3204,30.000001907348633,25,20,20,9.090909004211426,4.761904716491699,4.761904716491699,4.545454502105713,4.969704627990723,8589934592,2147483648,5791203328,407961600
203,1772009856630,3204,3204,3204,3204,3204,3204,3204,3204,38.095237731933594,35,33.333335876464844,30.000001907348633,26.3157901763916,15.000000953674316,0,0,5.090898513793945,8589934592,2147483648,5790957568,407961600
204,1772009856833,3204,3204,3204,3204,3204,3204,3204,3204,20,25,15.000000953674316,14.285715103149414,4.761904716491699,5,0,0,5.090898513793945,8589934592,2147483648,5789745152,407961600
200,1772009857038,3204,3204,3204,3204,3204,3204,3204,3204,25,20,15.000000953674316,14.285715103149414,4.761904716491699,0,4.761904716491699,5,5.090898513793945,8589934592,2147483648,5790220288,407961600
204,1772009857239,3204,3204,3204,3204,3204,3204,3204,3204,33.333335876464844,25,19.047618865966797,15.000000953674316,0,5,0,0,5.090898513793945,8589934592,2147483648,5789532160,407961600
204,1772009857444,3204,3204,3204,3204,3204,3204,3204,3204,20,19.047618865966797,10,10,5,14.285715103149414,5,4.761904716491699,5.090898513793945,8589934592,2147483648,5790236672,407961600
204,1772009857649,3204,3204,3204,3204,3204,3204,3204,3204,40,30.000001907348633,33.333335876464844,28.571430206298828,4.761904716491699,4.761904716491699,0,0,4.731861591339111,8589934592,2147483648,5791531008,407961600
201,1772009857854,3204,3204,3204,3204,3204,3204,3204,3204,47.619049072265625,28.571430206298828,25,15.000000953674316,4.761904716491699,0,4.761904716491699,4.761904716491699,4.731861591339111,8589934592,2147483648,5790334976,407961600
200,1772009858056,3204,3204,3204,3204,3204,3204,3204,3204,20,20,23.809524536132813,15.000000953674316,0,0,0,0,4.731861591339111,8589934592,2147483648,5790384128,407961600
204,1772009858257,3204,3204,3204,3204,3204,3204,3204,3204,45,38.095237731933594,42.105262756347656,35,20,19.047618865966797,15.789472579956055,15.000000953674316,4.731861591339111,8589934592,2147483648,5796675584,407961600
204,1772009858463,3204,3204,3204,3204,3204,3204,3204,3204,50,31.57894515991211,45,35,0,0,0,0,4.731861591339111,8589934592,2147483648,5794365440,407961600
204,1772009858667,3204,3204,3204,3204,3204,3204,3204,3204,40,30.000001907348633,33.333335876464844,25,9.523809432983398,9.523809432983398,5,4.761904716491699,4.681746959686279,8589934592,2147483648,5805719552,407961600
200,1772009858872,3204,3204,3204,3204,3204,3204,3204,3204,27.272727966308594,23.809524536132813,25,19.047618865966797,10.526315689086914,21.052631378173828,4.545454502105713,0,4.681746959686279,8589934592,2147483648,5794512896,407961600
204,1772009859073,3204,3204,3204,3204,3204,3204,3204,3204,11.111111640930176,20,25,10,0,0,0,0,4.681746959686279,8589934592,2147483648,5795201024,407961600
200,1772009859279,3204,3204,3204,3204,3204,3204,3204,3204,23.809524536132813,20,28.571430206298828,10,0,0,0,0,4.681746959686279,8589934592,2147483648,5795332096,407961600
204,1772009859479,3204,3204,3204,3204,3204,3204,3204,3204,15.000000953674316,19.047618865966797,25,15.000000953674316,0,0,0,0,4.681746959686279,8589934592,2147483648,5794578432,407961600
203,1772009859685,3204,3204,3204,3204,3204,3204,3204,3204,20,25,26.3157901763916,19.047618865966797,0,0,0,0,5.225070953369141,8589934592,2147483648,5795348480,407961600
204,1772009859888,3204,3204,3204,3204,3204,3204,3204,3204,28.571430206298828,25,19.047618865966797,23.809524536132813,0,0,0,0,5.225070953369141,8589934592,2147483648,5794971648,407961600
204,1772009860093,3204,3204,3204,3204,3204,3204,3204,3204,20,28.571430206298828,20,10.526315689086914,9.523809432983398,20,0,5,5.225070953369141,8589934592,2147483648,5794660352,407961600
203,1772009860298,3204,3204,3204,3204,3204,3204,3204,3204,15.000000953674316,19.047618865966797,13.636363983154297,27.272727966308594,5,4.761904716491699,4.761904716491699,4.761904716491699,5.225070953369141,8589934592,2147483648,5797380096,407961600
202,1772009860503,3204,3204,3204,3204,3204,3204,3204,3204,19.047618865966797,26.3157901763916,15.789472579956055,10,0,0,0,0,5.225070953369141,8589934592,2147483648,5796659200,407961600
201,1772009860706,3204,3204,3204,3204,3204,3204,3204,3204,21.052631378173828,33.333335876464844,23.809524536132813,20,0,4.761904716491699,0,0,4.7283220291137695,8589934592,2147483648,5797429248,407961600
204,1772009860908,3204,3204,3204,3204,3204,3204,3204,3204,28.571430206298828,35,20,20,28.571430206298828,25,4.761904716491699,0,4.7283220291137695,8589934592,2147483648,5796069376,407961600
204,1772009861113,3204,3204,3204,3204,3204,3204,3204,3204,25,23.809524536132813,15.000000953674316,23.809524536132813,4.761904716491699,4.761904716491699,0,0,4.7283220291137695,8589934592,2147483648,5797543936,407961600
199,1772009861318,3204,3204,3204,3204,3204,3204,3204,3204,19.047618865966797,15.789472579956055,28.571430206298828,15.000000953674316,0,0,0,0,4.7283220291137695,8589934592,2147483648,5796528128,407961600
202,1772009861519,3204,3204,3204,3204,3204,3204,3204,3204,25,15.000000953674316,25,10,0,0,0,0,4.7283220291137695,8589934592,2147483648,5796429824,407961600
204,1772009861722,3204,3204,3204,3204,3204,3204,3204,3204,21.052631378173828,23.809524536132813,25,20,0,0,0,0,4.685805797576904,8589934592,2147483648,5795921920,407961600
203,1772009861927,3204,3204,3204,3204,3204,3204,3204,3204,23.809524536132813,20,28.571430206298828,14.285715103149414,0,4.545454502105713,0,4.761904716491699,4.685805797576904,8589934592,2147483648,5795708928,407961600
201,1772009862131,3204,3204,3204,3204,3204,3204,3204,3204,23.809524536132813,20,21.052631378173828,10,0,0,0,0,4.685805797576904,8589934592,2147483648,5798215680,407961600
204,1772009862332,3204,3204,3204,3204,3204,3204,3204,3204,20,20,14.285715103149414,25,5,0,0,0,4.685805797576904,8589934592,2147483648,5798215680,407961600
199,1772009862538,3204,3204,3204,3204,3204,3204,3204,3204,20,20,10,20,0,4.545454502105713,4.761904716491699,0,4.685805797576904,8589934592,2147483648,5798215680,407961600
204,1772009862738,3204,3204,3204,3204,3204,3204,3204,3204,21.052631378173828,28.571430206298828,15.000000953674316,20,0,0,0,0,4.743457317352295,8589934592,2147483648,5795889152,407961600
204,1772009862943,3204,3204,3204,3204,3204,3204,3204,3204,28.571430206298828,25,25,25,10,10,0,5,4.743457317352295,8589934592,2147483648,5804359680,407961600
204,1772009863148,3204,3204,3204,3204,3204,3204,3204,3204,20,38.095237731933594,15.000000953674316,14.285715103149414,22.72727394104004,15.000000953674316,0,0,4.743457317352295,8589934592,2147483648,5796511744,407961600
201,1772009863354,3204,3204,3204,3204,3204,3204,3204,3204,20,25,14.285715103149414,14.285715103149414,0,0,0,0,4.743457317352295,8589934592,2147483648,5794332672,407961600
204,1772009863556,3204,3204,3204,3204,3204,3204,3204,3204,28.571430206298828,35,25,20,20,25,25,20,4.743457317352295,8589934592,2147483648,5794332672,407961600
204,1772009863761,3204,3204,3204,3204,3204,3204,3204,3204,23.809524536132813,25,20,15.000000953674316,4.761904716491699,4.761904716491699,4.761904716491699,4.761904716491699,4.504900932312012,8589934592,2147483648,5796118528,407961600
204,1772009863966,3204,3204,3204,3204,3204,3204,3204,3204,20,33.333335876464844,14.285715103149414,19.047618865966797,0,0,0,0,4.504900932312012,8589934592,2147483648,5795430400,407961600
200,1772009864171,3204,3204,3204,3204,3204,3204,3204,3204,35,30.000001907348633,30.000001907348633,35,20,20,20,15.000000953674316,4.504900932312012,8589934592,2147483648,5794545664,407961600
201,1772009864371,3204,3204,3204,3204,3204,3204,3204,3204,30.000001907348633,20,25,15.789472579956055,4.761904716491699,0,0,4.761904716491699,4.504900932312012,8589934592,2147483648,5795266560,407961600
204,1772009864573,3204,3204,3204,3204,3204,3204,3204,3204,30.000001907348633,25,19.047618865966797,19.047618865966797,0,4.761904716491699,0,0,4.504900932312012,8589934592,2147483648,5795315712,407961600
204,1772009864778,3204,3204,3204,3204,3204,3204,3204,3204,28.571430206298828,23.809524536132813,25,19.047618865966797,5.263157844543457,5,5,4.761904716491699,5.098789691925049,8589934592,2147483648,5797937152,407961600
203,1772009864983,3204,3204,3204,3204,3204,3204,3204,3204,20,21.052631378173828,23.809524536132813,20,9.090909004211426,4.761904716491699,4.761904716491699,5,5.098789691925049,8589934592,2147483648,5797511168,407961600
204,1772009865187,3204,3204,3204,3204,3204,3204,3204,3204,30.000001907348633,28.571430206298828,21.052631378173828,20,40,25,10,5,5.098789691925049,8589934592,2147483648,5791514624,407961600
204,1772009865392,3204,3204,3204,3204,3204,3204,3204,3204,20,15.000000953674316,23.809524536132813,25,9.523809432983398,4.761904716491699,0,4.545454502105713,5.098789691925049,8589934592,2147483648,5791514624,407961600
204,1772009865597,3204,3204,3204,3204,3204,3204,3204,3204,25,14.285715103149414,10,20,5,5,4.761904716491699,5,5.014214515686035,8589934592,2147483648,5791514624,407961600
203,1772009865802,3204,3204,3204,3204,3204,3204,3204,3204,33.333335876464844,25,14.285715103149414,18.18181800842285,0,4.761904716491699,4.761904716491699,0,5.014214515686035,8589934592,2147483648,5797445632,407961600
204,1772009866007,3204,3204,3204,3204,3204,3204,3204,3204,25,23.809524536132813,19.047618865966797,15.000000953674316,0,0,0,0,5.014214515686035,8589934592,2147483648,5796364288,407961600
199,1772009866212,3204,3204,3204,3204,3204,3204,3204,3204,28.571430206298828,26.3157901763916,21.052631378173828,15.000000953674316,0,0,0,0,5.014214515686035,8589934592,2147483648,5797150720,407961600
204,1772009866412,3204,3204,3204,3204,3204,3204,3204,3204,30.000001907348633,23.809524536132813,15.000000953674316,15.000000953674316,5,0,0,0,5.014214515686035,8589934592,2147483648,5797822464,407961600
204,1772009866617,3204,3204,3204,3204,3204,3204,3204,3204,30.000001907348633,28.571430206298828,19.047618865966797,19.047618865966797,4.761904716491699,5,5,4.761904716491699,5.1394572257995605,8589934592,2147483648,5795545088,407961600
204,1772009866822,3204,3204,3204,3204,3204,3204,3204,3204,20,30.000001907348633,21.052631378173828,15.000000953674316,0,0,0,0,5.1394572257995605,8589934592,2147483648,5797920768,407961600
204,1772009867027,3204,3204,3204,3204,3204,3204,3204,3204,20,30.000001907348633,22.72727394104004,14.285715103149414,0,0,0,0,5.1394572257995605,8589934592,2147483648,5795512320,407961600
204,1772009867231,3204,3204,3204,3204,3204,3204,3204,3204,31.81818199157715,30.000001907348633,25,20,9.523809432983398,9.090909004211426,9.523809432983398,0,5.1394572257995605,8589934592,2147483648,5805670400,407961600
200,1772009867437,3204,3204,3204,3204,3204,3204,3204,3204,15.789472579956055,19.047618865966797,20,15.000000953674316,25,20,5,0,5.1394572257995605,8589934592,2147483648,5795364864,407961600
204,1772009867638,3204,3204,3204,3204,3204,3204,3204,3204,19.047618865966797,20,20,10,0,0,0,0,4.680716514587402,8589934592,2147483648,5795577856,407961600
204,1772009867843,3204,3204,3204,3204,3204,3204,3204,3204,33.333335876464844,25,28.571430206298828,23.809524536132813,9.090909004211426,4.761904716491699,4.761904716491699,4.761904716491699,4.680716514587402,8589934592,2147483648,5797871616,407961600
204,1772009868048,3204,3204,3204,3204,3204,3204,3204,3204,15.789472579956055,30.000001907348633,20,10.526315689086914,0,0,0,0,4.680716514587402,8589934592,2147483648,5795577856,407961600
199,1772009868253,3204,3204,3204,3204,3204,3204,3204,3204,23.809524536132813,28.571430206298828,19.047618865966797,14.285715103149414,0,0,0,0,4.680716514587402,8589934592,2147483648,5798084608,407961600
200,1772009868454,3204,3204,3204,3204,3204,3204,3204,3204,25,25,15.789472579956055,19.047618865966797,0,0,4.761904716491699,0,4.680716514587402,8589934592,2147483648,5797789696,407961600
203,1772009868656,3204,3204,3204,3204,3204,3204,3204,3204,25,20,19.047618865966797,25,4.761904716491699,0,0,0,4.784071445465088,8589934592,2147483648,5796773888,407961600
200,1772009868860,3204,3204,3204,3204,3204,3204,3204,3204,33.333335876464844,20,21.052631378173828,19.047618865966797,0,0,0,0,4.784071445465088,8589934592,2147483648,5798248448,407961600
204,1772009869061,3204,3204,3204,3204,3204,3204,3204,3204,21.052631378173828,20,14.285715103149414,5.263157844543457,0,0,0,0,4.784071445465088,8589934592,2147483648,5795725312,407961600
203,1772009869267,3204,3204,3204,3204,3204,3204,3204,3204,25,25,30.000001907348633,19.047618865966797,0,4.761904716491699,0,4.545454502105713,4.784071445465088,8589934592,2147483648,5798182912,407961600
200,1772009869470,3204,3204,3204,3204,3204,3204,3204,3204,25,28.571430206298828,33.333335876464844,20,25,25,5,0,4.784071445465088,8589934592,2147483648,5793955840,407961600
204,1772009869672,3204,3204,3204,3204,3204,3204,3204,3204,20,20,15.789472579956055,21.052631378173828,5,0,0,0,4.63743782043457,8589934592,2147483648,5796904960,407961600
204,1772009869877,3204,3204,3204,3204,3204,3204,3204,3204,27.272727966308594,20,33.333335876464844,19.047618865966797,0,4.761904716491699,4.545454502105713,0,4.63743782043457,8589934592,2147483648,5797199872,407961600
204,1772009870081,3204,3204,3204,3204,3204,3204,3204,3204,20,23.809524536132813,19.047618865966797,19.047618865966797,9.090909004211426,20,0,0,4.63743782043457,8589934592,2147483648,5797888000,407961600
199,1772009870287,3204,3204,3204,3204,3204,3204,3204,3204,26.3157901763916,19.047618865966797,15.000000953674316,10,0,0,0,0,4.63743782043457,8589934592,2147483648,5799116800,407961600
203,1772009870487,3204,3204,3204,3204,3204,3204,3204,3204,28.571430206298828,21.052631378173828,20,15.000000953674316,0,4.761904716491699,0,5,4.63743782043457,8589934592,2147483648,5797298176,407961600
204,1772009870691,3204,3204,3204,3204,3204,3204,3204,3204,30.000001907348633,20,25,10.526315689086914,0,0,0,0,4.660778522491455,8589934592,2147483648,5797167104,407961600
201,1772009870896,3204,3204,3204,3204,3204,3204,3204,3204,20,19.047618865966797,23.809524536132813,31.81818199157715,4.545454502105713,0,0,0,4.660778522491455,8589934592,2147483648,5799362560,407961600
204,1772009871099,3204,3204,3204,3204,3204,3204,3204,3204,25,25,15.789472579956055,25,0,0,0,0,4.660778522491455,8589934592,2147483648,5796937728,407961600
200,1772009871303,3204,3204,3204,3204,3204,3204,3204,3204,28.571430206298828,15.000000953674316,23.809524536132813,14.285715103149414,0,0,0,0,4.660778522491455,8589934592,2147483648,5799395328,407961600
204,1772009871505,3204,3204,3204,3204,3204,3204,3204,3204,26.3157901763916,20,35,21.052631378173828,0,19.047618865966797,4.761904716491699,0,4.660778522491455,8589934592,2147483648,5799395328,407961600
204,1772009871710,3204,3204,3204,3204,3204,3204,3204,3204,33.333335876464844,25,19.047618865966797,19.047618865966797,19.047618865966797,15.000000953674316,5,0,4.683237075805664,8589934592,2147483648,5799395328,407961600
204,1772009871915,3204,3204,3204,3204,3204,3204,3204,3204,25,19.047618865966797,20,20,0,0,4.761904716491699,0,4.683237075805664,8589934592,2147483648,5799477248,407961600
203,1772009872120,3204,3204,3204,3204,3204,3204,3204,3204,19.047618865966797,15.000000953674316,33.333335876464844,10,0,0,0,0,4.683237075805664,8589934592,2147483648,5796970496,407961600
204,1772009872323,3204,3204,3204,3204,3204,3204,3204,3204,15.789472579956055,23.809524536132813,26.3157901763916,14.285715103149414,5,5,5,5,4.683237075805664,8589934592,2147483648,5798199296,407961600
204,1772009872529,3204,3204,3204,3204,3204,3204,3204,3204,23.809524536132813,20,9.523809432983398,15.000000953674316,4.761904716491699,4.761904716491699,4.545454502105713,9.090909004211426,4.683237075805664,8589934592,2147483648,5797003264,407961600
204,1772009872734,3204,3204,3204,3204,3204,3204,3204,3204,28.571430206298828,28.571430206298828,20,23.809524536132813,0,0,4.761904716491699,0,4.548441410064697,8589934592,2147483648,5799100416,407961600
204,1772009872938,3204,3204,3204,3204,3204,3204,3204,3204,30.000001907348633,15.789472579956055,19.047618865966797,25,4.761904716491699,0,0,0,4.548441410064697,8589934592,2147483648,5796872192,407961600
204,1772009873143,3204,3204,3204,3204,3204,3204,3204,3204,28.571430206298828,19.047618865966797,15.000000953674316,19.047618865966797,0,0,0,0,4.548441410064697,8589934592,2147483648,5797150720,407961600
204,1772009873348,3204,3204,3204,3204,3204,3204,3204,3204,28.571430206298828,20,15.000000953674316,20,0,4.761904716491699,4.761904716491699,4.761904716491699,4.548441410064697,8589934592,2147483648,5798379520,407961600
200,1772009873553,3204,3204,3204,3204,3204,3204,3204,3204,15.000000953674316,19.047618865966797,19.047618865966797,25,0,0,0,0,4.548441410064697,8589934592,2147483648,5796757504,407961600
200,1772009873754,3204,3204,3204,3204,3204,3204,3204,3204,26.3157901763916,35,28.571430206298828,25,23.809524536132813,23.809524536132813,5.263157844543457,10.526315689086914,4.676527500152588,8589934592,2147483648,5797036032,407961600
202,1772009873955,3204,3204,3204,3204,3204,3204,3204,3204,33.333335876464844,25,11.111111640930176,15.000000953674316,5,5,0,4.761904716491699,4.676527500152588,8589934592,2147483648,5799133184,407961600
199,1772009874158,3204,3204,3204,3204,3204,3204,3204,3204,26.3157901763916,30.000001907348633,19.047618865966797,20,5,0,0,0,4.676527500152588,8589934592,2147483648,5807734784,407961600
204,1772009874358,3204,3204,3204,3204,3204,3204,3204,3204,28.571430206298828,25,30.000001907348633,20,4.761904716491699,4.761904716491699,4.761904716491699,0,4.676527500152588,8589934592,2147483648,5809389568,407961600
203,1772009874563,3204,3204,3204,3204,3204,3204,3204,3204,20,25,19.047618865966797,15.000000953674316,5,5,5,4.761904716491699,4.676527500152588,8589934592,2147483648,5807112192,407961600
201,1772009874767,3204,3204,3204,3204,3204,3204,3204,3204,25,35,20,18.18181800842285,0,0,0,0,4.526817321777344,8589934592,2147483648,5809537024,407961600
201,1772009874969,3204,3204,3204,3204,3204,3204,3204,3204,20,23.809524536132813,19.047618865966797,10.526315689086914,4.761904716491699,5,4.761904716491699,4.761904716491699,4.526817321777344,8589934592,2147483648,5810077696,407961600
204,1772009875170,3204,3204,3204,3204,3204,3204,3204,3204,25,21.052631378173828,15.789472579956055,20,5.263157844543457,23.809524536132813,5,0,4.526817321777344,8589934592,2147483648,5807243264,407961600
204,1772009875375,3204,3204,3204,3204,3204,3204,3204,3204,20,28.571430206298828,25,15.000000953674316,4.761904716491699,0,0,0,4.526817321777344,8589934592,2147483648,5810438144,407961600
202,1772009875581,3204,3204,3204,3204,3204,3204,3204,3204,20,19.047618865966797,19.047618865966797,19.047618865966797,0,0,0,0,4.969729900360107,8589934592,2147483648,5806456832,407961600
206,1772009875784,3204,3204,3204,3204,3204,3204,3204,3204,35,30.000001907348633,20,38.095237731933594,5.263157844543457,15.000000953674316,4.761904716491699,9.523809432983398,4.969729900360107,8589934592,2147483648,5821874176,407961600
209,1772009875991,3204,3204,3204,3204,3204,3204,3204,3204,23.809524536132813,15.000000953674316,27.272727966308594,15.000000953674316,14.285715103149414,14.285715103149414,0,0,4.969729900360107,8589934592,2147483648,5812158464,407961600
203,1772009876201,3204,3204,3204,3204,3204,3204,3204,3204,23.809524536132813,19.047618865966797,5.263157844543457,14.285715103149414,0,0,0,0,4.969729900360107,8589934592,2147483648,5810044928,407961600
199,1772009876406,3204,3204,3204,3204,3204,3204,3204,3204,25,30.000001907348633,30.000001907348633,23.809524536132813,4.761904716491699,0,0,0,4.969729900360107,8589934592,2147483648,5812748288,407961600
209,1772009876606,3204,3204,3204,3204,3204,3204,3204,3204,19.047618865966797,20,19.047618865966797,21.052631378173828,0,0,0,0,4.567627429962158,8589934592,2147483648,5810159616,407961600
205,1772009876816,3204,3204,3204,3204,3204,3204,3204,3204,20,20,10,23.809524536132813,0,0,0,0,4.567627429962158,8589934592,2147483648,5811552256,407961600
206,1772009877023,3204,3204,3204,3204,3204,3204,3204,3204,19.047618865966797,18.18181800842285,13.636363983154297,20,0,0,0,0,4.567627429962158,8589934592,2147483648,5810487296,407961600
209,1772009877231,3204,3204,3204,3204,3204,3204,3204,3204,28.571430206298828,25,15.000000953674316,27.272727966308594,0,0,0,0,4.567627429962158,8589934592,2147483648,5809963008,407961600
205,1772009877440,3204,3204,3204,3204,3204,3204,3204,3204,35,33.333335876464844,28.571430206298828,33.333335876464844,28.571430206298828,33.333335876464844,23.809524536132813,23.809524536132813,4.567627429962158,8589934592,2147483648,5813338112,407961600
202,1772009877646,3204,3204,3204,3204,3204,3204,3204,3204,20,20,14.285715103149414,5,4.761904716491699,0,0,0,4.974658489227295,8589934592,2147483648,5811617792,407961600
204,1772009877849,3204,3204,3204,3204,3204,3204,3204,3204,33.333335876464844,33.333335876464844,30.000001907348633,25,0,0,4.761904716491699,0,4.974658489227295,8589934592,2147483648,5813633024,407961600
199,1772009878055,3204,3204,3204,3204,3204,3204,3204,3204,30.000001907348633,20,20,25,28.571430206298828,14.285715103149414,5,4.761904716491699,4.974658489227295,8589934592,2147483648,5809864704,407961600
206,1772009878255,3204,3204,3204,3204,3204,3204,3204,3204,30.000001907348633,20,20,19.047618865966797,0,5,0,0,4.974658489227295,8589934592,2147483648,5813125120,407961600
203,1772009878462,3204,3204,3204,3204,3204,3204,3204,3204,33.333335876464844,23.809524536132813,23.809524536132813,19.047618865966797,4.761904716491699,4.761904716491699,4.761904716491699,4.761904716491699,4.974658489227295,8589934592,2147483648,5812862976,407961600
205,1772009878666,3204,3204,3204,3204,3204,3204,3204,3204,20,20,20,26.3157901763916,0,0,4.761904716491699,0,4.914408206939697,8589934592,2147483648,5812862976,407961600
209,1772009878872,3204,3204,3204,3204,3204,3204,3204,3204,19.047618865966797,28.571430206298828,19.047618865966797,19.047618865966797,9.523809432983398,9.523809432983398,4.761904716491699,4.761904716491699,4.914408206939697,8589934592,2147483648,5812862976,407961600
204,1772009879083,3204,3204,3204,3204,3204,3204,3204,3204,23.809524536132813,15.000000953674316,14.285715103149414,14.285715103149414,0,0,0,0,4.914408206939697,8589934592,2147483648,5813223424,407961600
206,1772009879287,3204,3204,3204,3204,3204,3204,3204,3204,25,28.571430206298828,15.000000953674316,19.047618865966797,5,5,4.761904716491699,4.761904716491699,4.914408206939697,8589934592,2147483648,5812879360,407961600
209,1772009879495,3204,3204,3204,3204,3204,3204,3204,3204,23.809524536132813,23.809524536132813,19.047618865966797,15.000000953674316,0,0,0,0,4.914408206939697,8589934592,2147483648,5810733056,407961600
206,1772009879705,3204,3204,3204,3204,3204,3204,3204,3204,15.000000953674316,25,10,28.571430206298828,0,0,0,0,4.795005798339844,8589934592,2147483648,5811191808,407961600
205,1772009879912,3204,3204,3204,3204,3204,3204,3204,3204,23.809524536132813,28.571430206298828,27.272727966308594,19.047618865966797,0,0,0,0,4.795005798339844,8589934592,2147483648,5813010432,407961600
209,1772009880119,3204,3204,3204,3204,3204,3204,3204,3204,33.333335876464844,28.571430206298828,26.3157901763916,25,14.285715103149414,18.18181800842285,23.809524536132813,4.761904716491699,4.795005798339844,8589934592,2147483648,5821153280,407961600
205,1772009880329,3204,3204,3204,3204,3204,3204,3204,3204,28.571430206298828,20,19.047618865966797,19.047618865966797,9.523809432983398,5,5,0,4.795005798339844,8589934592,2147483648,5815123968,407961600
209,1772009880535,3204,3204,3204,3204,3204,3204,3204,3204,26.3157901763916,19.047618865966797,23.809524536132813,23.809524536132813,5,4.761904716491699,4.761904716491699,0,4.795005798339844,8589934592,2147483648,5814566912,407961600
207,1772009880745,3204,3204,3204,3204,3204,3204,3204,3204,27.272727966308594,20,19.047618865966797,20,4.761904716491699,4.761904716491699,4.545454502105713,4.545454502105713,4.489415645599365,8589934592,2147483648,5814140928,407961600
202,1772009880953,3204,3204,3204,3204,3204,3204,3204,3204,38.095237731933594,22.72727394104004,20,15.000000953674316,4.761904716491699,0,4.761904716491699,0,4.489415645599365,8589934592,2147483648,5814550528,407961600
209,1772009881156,3204,3204,3204,3204,3204,3204,3204,3204,20,20,19.047618865966797,14.285715103149414,0,0,0,0,4.489415645599365,8589934592,2147483648,5819826176,407961600
208,1772009881366,3204,3204,3204,3204,3204,3204,3204,3204,20,20,25,18.18181800842285,0,0,0,0,4.489415645599365,8589934592,2147483648,5822251008,407961600
207,1772009881575,3204,3204,3204,3204,3204,3204,3204,3204,19.047618865966797,19.047618865966797,27.272727966308594,15.000000953674316,4.545454502105713,4.761904716491699,0,4.761904716491699,4.489415645599365,8589934592,2147483648,5819957248,407961600
204,1772009881783,3204,3204,3204,3204,3204,3204,3204,3204,15.000000953674316,19.047618865966797,30.000001907348633,14.285715103149414,0,0,0,0,4.953364372253418,8589934592,2147483648,5820628992,407961600
203,1772009881988,3204,3204,3204,3204,3204,3204,3204,3204,23.809524536132813,19.047618865966797,20,33.333335876464844,4.761904716491699,0,0,4.761904716491699,4.953364372253418,8589934592,2147483648,5820989440,407961600
202,1772009882192,3204,3204,3204,3204,3204,3204,3204,3204,20,20,23.809524536132813,25,5,0,0,0,4.953364372253418,8589934592,2147483648,5823938560,407961600
208,1772009882395,3204,3204,3204,3204,3204,3204,3204,3204,28.571430206298828,15.789472579956055,23.809524536132813,30.000001907348633,35,23.809524536132813,4.761904716491699,4.761904716491699,4.953364372253418,8589934592,2147483648,5814042624,407961600
205,1772009882604,3204,3204,3204,3204,3204,3204,3204,3204,15.000000953674316,18.18181800842285,10.526315689086914,19.047618865966797,0,4.761904716491699,0,0,4.591067314147949,8589934592,2147483648,5813960704,407961600
208,1772009882810,3204,3204,3204,3204,3204,3204,3204,3204,20,26.3157901763916,23.809524536132813,10,4.761904716491699,0,4.761904716491699,0,4.591067314147949,8589934592,2147483648,5814517760,407961600
208,1772009883019,3204,3204,3204,3204,3204,3204,3204,3204,19.047618865966797,31.81818199157715,18.18181800842285,14.285715103149414,0,0,0,4.545454502105713,4.591067314147949,8589934592,2147483648,5814370304,407961600
209,1772009883228,3204,3204,3204,3204,3204,3204,3204,3204,23.809524536132813,30.000001907348633,20,22.72727394104004,0,0,0,0,4.591067314147949,8589934592,2147483648,5813977088,407961600
206,1772009883439,3204,3204,3204,3204,3204,3204,3204,3204,19.047618865966797,31.81818199157715,19.047618865966797,10,0,0,0,0,4.591067314147949,8589934592,2147483648,5816565760,407961600
209,1772009883646,3204,3204,3204,3204,3204,3204,3204,3204,23.809524536132813,20,14.285715103149414,10,4.761904716491699,4.761904716491699,0,0,4.8554229736328125,8589934592,2147483648,5814026240,407961600
205,1772009883856,3204,3204,3204,3204,3204,3204,3204,3204,28.571430206298828,23.809524536132813,19.047618865966797,19.047618865966797,0,0,0,0,4.8554229736328125,8589934592,2147483648,5814534144,407961600
208,1772009884062,3204,3204,3204,3204,3204,3204,3204,3204,15.000000953674316,19.047618865966797,15.000000953674316,27.272727966308594,0,0,0,0,4.8554229736328125,8589934592,2147483648,5814255616,407961600
209,1772009884271,3204,3204,3204,3204,3204,3204,3204,3204,20,25,19.047618865966797,20,4.545454502105713,0,4.545454502105713,0,4.8554229736328125,8589934592,2147483648,5812584448,407961600
205,1772009884482,3204,3204,3204,3204,3204,3204,3204,3204,36.3636360168457,30.000001907348633,25,25,25,22.72727394104004,5,4.761904716491699,4.8554229736328125,8589934592,2147483648,5813288960,407961600
202,1772009884687,3204,3204,3204,3204,3204,3204,3204,3204,30.000001907348633,22.72727394104004,19.047618865966797,19.047618865966797,0,5,0,0,4.45363712310791,8589934592,2147483648,5813731328,407961600
208,1772009884891,3204,3204,3204,3204,3204,3204,3204,3204,35,36.842105865478516,25,20,10,10,4.761904716491699,5,4.45363712310791,8589934592,2147483648,5825134592,407961600
209,1772009885100,3204,3204,3204,3204,3204,3204,3204,3204,23.809524536132813,22.72727394104004,23.809524536132813,14.285715103149414,13.636363983154297,13.636363983154297,14.285715103149414,9.523809432983398,4.45363712310791,8589934592,2147483648,5825134592,407961600
209,1772009885310,3204,3204,3204,3204,3204,3204,3204,3204,10,20,19.047618865966797,23.809524536132813,0,0,0,0,4.45363712310791,8589934592,2147483648,5822087168,407961600
203,1772009885520,3204,3204,3204,3204,3204,3204,3204,3204,26.086956024169922,23.809524536132813,19.047618865966797,28.571430206298828,9.090909004211426,4.761904716491699,9.090909004211426,0,4.45363712310791,8589934592,2147483648,5823119360,407961600
205,1772009885724,3204,3204,3204,3204,3204,3204,3204,3204,15.789472579956055,28.571430206298828,14.285715103149414,14.285715103149414,0,0,0,0,4.658506393432617,8589934592,2147483648,5823119360,407961600
208,1772009885930,3204,3204,3204,3204,3204,3204,3204,3204,23.809524536132813,30.000001907348633,20,19.047618865966797,4.761904716491699,9.090909004211426,4.761904716491699,4.761904716491699,4.658506393432617,8589934592,2147483648,5823119360,407961600
205,1772009886139,3204,3204,3204,3204,3204,3204,3204,3204,15.000000953674316,28.571430206298828,23.809524536132813,15.000000953674316,0,0,0,0,4.658506393432617,8589934592,2147483648,5823119360,407961600
205,1772009886346,3204,3204,3204,3204,3204,3204,3204,3204,25,20,20,23.809524536132813,0,0,0,0,4.658506393432617,8589934592,2147483648,5821595648,407961600
203,1772009886552,3204,3204,3204,3204,3204,3204,3204,3204,28.571430206298828,28.571430206298828,33.333335876464844,20,14.285715103149414,10,5,5,4.658506393432617,8589934592,2147483648,5833703424,407961600
209,1772009886756,3204,3204,3204,3204,3204,3204,3204,3204,28.571430206298828,20,15.000000953674316,19.047618865966797,10,14.285715103149414,0,0,5.011430740356445,8589934592,2147483648,5822234624,407961600
199,1772009886966,3204,3204,3204,3204,3204,3204,3204,3204,20,33.333335876464844,23.809524536132813,23.809524536132813,0,0,0,0,5.011430740356445,8589934592,2147483648,5826232320,407961600
205,1772009887166,3204,3204,3204,3204,3204,3204,3204,3204,25,20,15.789472579956055,10.526315689086914,0,0,4.761904716491699,0,5.011430740356445,8589934592,2147483648,5824430080,407961600
206,1772009887372,3204,3204,3204,3204,3204,3204,3204,3204,25,20,22.72727394104004,14.285715103149414,0,0,0,0,5.011430740356445,8589934592,2147483648,5824806912,407961600
208,1772009887580,3204,3204,3204,3204,3204,3204,3204,3204,27.272727966308594,23.809524536132813,10,14.285715103149414,9.523809432983398,4.761904716491699,0,4.761904716491699,4.7217864990234375,8589934592,2147483648,5823938560,407961600
209,1772009887788,3204,3204,3204,3204,3204,3204,3204,3204,23.809524536132813,23.809524536132813,15.000000953674316,10,0,0,0,0,4.7217864990234375,8589934592,2147483648,5823840256,407961600
206,1772009887998,3204,3204,3204,3204,3204,3204,3204,3204,30.000001907348633,19.047618865966797,23.809524536132813,19.047618865966797,4.761904716491699,4.761904716491699,4.761904716491699,0,4.7217864990234375,8589934592,2147483648,5823840256,407961600
200,1772009888205,3204,3204,3204,3204,3204,3204,3204,3204,20,23.809524536132813,14.285715103149414,19.047618865966797,0,0,0,0,4.7217864990234375,8589934592,2147483648,5823840256,407961600
206,1772009888407,3204,3204,3204,3204,3204,3204,3204,3204,42.85714340209961,21.052631378173828,28.571430206298828,25,0,4.545454502105713,0,0,4.7217864990234375,8589934592,2147483648,5826314240,407961600
209,1772009888613,3204,3204,3204,3204,3204,3204,3204,3204,20,36.3636360168457,35,28.571430206298828,0,0,0,0,4.625696182250977,8589934592,2147483648,5826822144,407961600
205,1772009888824,3204,3204,3204,3204,3204,3204,3204,3204,22.72727394104004,15.000000953674316,14.285715103149414,25,28.571430206298828,15.000000953674316,14.285715103149414,4.761904716491699,4.625696182250977,8589934592,2147483648,5806063616,407961600
209,1772009889029,3204,3204,3204,3204,3204,3204,3204,3204,26.3157901763916,23.809524536132813,20,28.571430206298828,0,0,0,0,4.625696182250977,8589934592,2147483648,5808701440,407961600
209,1772009889240,3204,3204,3204,3204,3204,3204,3204,3204,19.047618865966797,20,9.523809432983398,15.000000953674316,4.761904716491699,4.761904716491699,0,4.545454502105713,4.625696182250977,8589934592,2147483648,5808619520,407961600
203,1772009889450,3204,3204,3204,3204,3204,3204,3204,3204,27.272727966308594,23.809524536132813,19.047618865966797,31.81818199157715,0,0,0,0,4.625696182250977,8589934592,2147483648,5810487296,407961600
207,1772009889654,3204,3204,3204,3204,3204,3204,3204,3204,21.052631378173828,15.000000953674316,15.000000953674316,30.000001907348633,0,0,0,0,4.55547571182251,8589934592,2147483648,5810536448,407961600
201,1772009889862,3204,3204,3204,3204,3204,3204,3204,3204,23.809524536132813,23.809524536132813,15.000000953674316,23.809524536132813,0,0,0,0,4.55547571182251,8589934592,2147483648,5810536448,407961600
209,1772009890063,3204,3204,3204,3204,3204,3204,3204,3204,25,19.047618865966797,25,15.000000953674316,4.761904716491699,0,0,0,4.55547571182251,8589934592,2147483648,5810536448,407961600
200,1772009890273,3204,3204,3204,3204,3204,3204,3204,3204,19.047618865966797,20,18.18181800842285,15.000000953674316,4.761904716491699,14.285715103149414,13.636363983154297,4.545454502105713,4.55547571182251,8589934592,2147483648,5810536448,407961600
205,1772009890474,3204,3204,3204,3204,3204,3204,3204,3204,30.000001907348633,20,21.052631378173828,25,0,4.761904716491699,0,0,4.55547571182251,8589934592,2147483648,5811863552,407961600
208,1772009890680,3204,3204,3204,3204,3204,3204,3204,3204,25,20,18.18181800842285,19.047618865966797,0,0,0,0,4.710751056671143,8589934592,2147483648,5811798016,407961600
204,1772009890889,3204,3204,3204,3204,3204,3204,3204,3204,36.3636360168457,33.333335876464844,25,28.571430206298828,19.047618865966797,10,14.285715103149414,5,4.710751056671143,8589934592,2147483648,5810077696,407961600
209,1772009891095,3204,3204,3204,3204,3204,3204,3204,3204,20,23.809524536132813,33.333335876464844,15.000000953674316,13.636363983154297,9.523809432983398,0,0,4.710751056671143,8589934592,2147483648,5810077696,407961600
200,1772009891305,3204,3204,3204,3204,3204,3204,3204,3204,25,20,15.000000953674316,18.18181800842285,5,9.523809432983398,4.761904716491699,4.761904716491699,4.710751056671143,8589934592,2147483648,5810077696,407961600
205,1772009891506,3204,3204,3204,3204,3204,3204,3204,3204,33.333335876464844,20,23.809524536132813,15.789472579956055,5,0,5,5,4.710751056671143,8589934592,2147483648,5806374912,407961600
209,1772009891712,3204,3204,3204,3204,3204,3204,3204,3204,20,23.809524536132813,30.000001907348633,15.000000953674316,0,0,0,0,4.671571731567383,8589934592,2147483648,5806243840,407961600
208,1772009891922,3204,3204,3204,3204,3204,3204,3204,3204,18.18181800842285,19.047618865966797,14.285715103149414,18.18181800842285,0,8.69565200805664,0,0,4.671571731567383,8589934592,2147483648,5806260224,407961600
203,1772009892131,3204,3204,3204,3204,3204,3204,3204,3204,20,33.333335876464844,20,19.047618865966797,4.761904716491699,0,0,0,4.671571731567383,8589934592,2147483648,5806342144,407961600
203,1772009892335,3204,3204,3204,3204,3204,3204,3204,3204,20,20,14.285715103149414,15.000000953674316,0,4.761904716491699,0,0,4.671571731567383,8589934592,2147483648,5806440448,407961600
209,1772009892540,3204,3204,3204,3204,3204,3204,3204,3204,20,25,20,20,5,0,4.761904716491699,4.761904716491699,4.671571731567383,8589934592,2147483648,5806505984,407961600
206,1772009892749,3204,3204,3204,3204,3204,3204,3204,3204,23.809524536132813,20,18.18181800842285,18.18181800842285,0,4.761904716491699,4.761904716491699,0,4.979307651519775,8589934592,2147483648,5806473216,407961600
209,1772009892956,3204,3204,3204,3204,3204,3204,3204,3204,25,33.333335876464844,15.000000953674316,25,19.047618865966797,0,9.090909004211426,0,4.979307651519775,8589934592,2147483648,5817810944,407961600
201,1772009893166,3204,3204,3204,3204,3204,3204,3204,3204,31.81818199157715,23.809524536132813,20,14.285715103149414,28.571430206298828,14.285715103149414,0,4.545454502105713,4.979307651519775,8589934592,2147483648,5806702592,407961600
203,1772009893368,3204,3204,3204,3204,3204,3204,3204,3204,26.3157901763916,20,19.047618865966797,15.000000953674316,0,0,0,0,4.979307651519775,8589934592,2147483648,5806604288,407961600
209,1772009893573,3204,3204,3204,3204,3204,3204,3204,3204,23.809524536132813,20,15.000000953674316,15.000000953674316,0,0,0,0,4.979307651519775,8589934592,2147483648,5806637056,407961600
206,1772009893783,3204,3204,3204,3204,3204,3204,3204,3204,23.809524536132813,31.81818199157715,18.18181800842285,14.285715103149414,0,4.761904716491699,4.761904716491699,4.545454502105713,4.44736385345459,8589934592,2147483648,5806604288,407961600
209,1772009893989,3204,3204,3204,3204,3204,3204,3204,3204,25,25,21.052631378173828,19.047618865966797,0,0,0,0,4.44736385345459,8589934592,2147483648,5806718976,407961600
208,1772009894199,3204,3204,3204,3204,3204,3204,3204,3204,23.809524536132813,23.809524536132813,13.636363983154297,14.285715103149414,0,0,0,0,4.44736385345459,8589934592,2147483648,5808685056,407961600
209,1772009894409,3204,3204,3204,3204,3204,3204,3204,3204,23.809524536132813,28.571430206298828,10,14.285715103149414,0,0,0,0,4.44736385345459,8589934592,2147483648,5808750592,407961600
208,1772009894619,3204,3204,3204,3204,3204,3204,3204,3204,25,23.809524536132813,31.81818199157715,14.285715103149414,4.545454502105713,0,0,0,4.73385763168335,8589934592,2147483648,5809389568,407961600
209,1772009894828,3204,3204,3204,3204,3204,3204,3204,3204,27.272727966308594,20,25,15.000000953674316,0,0,0,0,4.73385763168335,8589934592,2147483648,5809504256,407961600
209,1772009895038,3204,3204,3204,3204,3204,3204,3204,3204,20,31.81818199157715,19.047618865966797,18.18181800842285,9.523809432983398,4.761904716491699,4.761904716491699,4.761904716491699,4.73385763168335,8589934592,2147483648,5809225728,407961600
208,1772009895248,3204,3204,3204,3204,3204,3204,3204,3204,28.571430206298828,20,23.809524536132813,25,38.095237731933594,18.18181800842285,15.000000953674316,0,4.73385763168335,8589934592,2147483648,5809602560,407961600
209,1772009895457,3204,3204,3204,3204,3204,3204,3204,3204,19.047618865966797,23.809524536132813,20,19.047618865966797,0,0,0,0,4.73385763168335,8589934592,2147483648,5809586176,407961600
205,1772009895667,3204,3204,3204,3204,3204,3204,3204,3204,19.047618865966797,27.272727966308594,19.047618865966797,28.571430206298828,0,0,0,0,4.642780303955078,8589934592,2147483648,5809553408,407961600
206,1772009895873,3204,3204,3204,3204,3204,3204,3204,3204,23.809524536132813,21.052631378173828,19.047618865966797,20,4.545454502105713,4.761904716491699,0,0,4.642780303955078,8589934592,2147483648,5809602560,407961600
209,1772009896080,3204,3204,3204,3204,3204,3204,3204,3204,25,19.047618865966797,23.809524536132813,28.571430206298828,0,0,4.761904716491699,4.761904716491699,4.642780303955078,8589934592,2147483648,5810372608,407961600
204,1772009896289,3204,3204,3204,3204,3204,3204,3204,3204,22.72727394104004,20,19.047618865966797,25,0,0,0,0,4.642780303955078,8589934592,2147483648,5810126848,407961600
209,1772009896494,3204,3204,3204,3204,3204,3204,3204,3204,26.3157901763916,23.809524536132813,20,19.047618865966797,0,0,0,0,4.642780303955078,8589934592,2147483648,5810208768,407961600
209,1772009896705,3204,3204,3204,3204,3204,3204,3204,3204,19.047618865966797,19.047618865966797,22.72727394104004,23.809524536132813,4.761904716491699,4.545454502105713,0,0,5.116733551025391,8589934592,2147483648,5810225152,407961600
207,1772009896915,3204,3204,3204,3204,3204,3204,3204,3204,15.000000953674316,23.809524536132813,25,14.285715103149414,0,0,4.545454502105713,4.545454502105713,5.116733551025391,8589934592,2147483648,5810241536,407961600
206,1772009897123,3204,3204,3204,3204,3204,3204,3204,3204,40.90909194946289,40,38.095237731933594,33.333335876464844,0,0,0,0,5.116733551025391,8589934592,2147483648,5812305920,407961600
207,1772009897329,3204,3204,3204,3204,3204,3204,3204,3204,30.000001907348633,28.571430206298828,28.571430206298828,19.047618865966797,33.333335876464844,14.285715103149414,9.523809432983398,0,5.116733551025391,8589934592,2147483648,5812305920,407961600
205,1772009897537,3204,3204,3204,3204,3204,3204,3204,3204,38.095237731933594,33.333335876464844,25,25,28.571430206298828,28.571430206298828,14.285715103149414,22.72727394104004,5.116733551025391,8589934592,2147483648,5812305920,407961600
208,1772009897743,3204,3204,3204,3204,3204,3204,3204,3204,14.285715103149414,14.285715103149414,15.000000953674316,19.047618865966797,5,4.761904716491699,5,0,4.591529369354248,8589934592,2147483648,5862408192,407961600
203,1772009897952,3204,3204,3204,3204,3204,3204,3204,3204,15.000000953674316,28.571430206298828,23.809524536132813,10,0,0,0,0,4.591529369354248,8589934592,2147483648,5861687296,407961600
205,1772009898156,3204,3204,3204,3204,3204,3204,3204,3204,25,20,20,15.000000953674316,0,0,0,0,4.591529369354248,8589934592,2147483648,5861998592,407961600
207,1772009898363,3204,3204,3204,3204,3204,3204,3204,3204,23.809524536132813,15.789472579956055,23.809524536132813,18.18181800842285,0,4.761904716491699,0,4.761904716491699,4.591529369354248,8589934592,2147483648,5862309888,407961600
207,1772009898571,3204,3204,3204,3204,3204,3204,3204,3204,28.571430206298828,22.72727394104004,23.809524536132813,15.000000953674316,0,0,0,0,4.591529369354248,8589934592,2147483648,5863817216,407961600
208,1772009898779,3204,3204,3204,3204,3204,3204,3204,3204,20,19.047618865966797,25,19.047618865966797,0,0,0,0,5.159862995147705,8589934592,2147483648,5854248960,407961600
207,1772009898988,3204,3204,3204,3204,3204,3204,3204,3204,19.047618865966797,28.571430206298828,19.047618865966797,10,4.545454502105713,0,4.545454502105713,0,5.159862995147705,8589934592,2147483648,5845368832,407961600
209,1772009899196,3204,3204,3204,3204,3204,3204,3204,3204,20,25,19.047618865966797,18.18181800842285,5,4.761904716491699,0,4.761904716491699,5.159862995147705,8589934592,2147483648,5825544192,407961600
209,1772009899406,3204,3204,3204,3204,3204,3204,3204,3204,28.571430206298828,33.333335876464844,25,15.000000953674316,13.636363983154297,5,4.761904716491699,0,5.159862995147705,8589934592,2147483648,5825544192,407961600
206,1772009899616,3204,3204,3204,3204,3204,3204,3204,3204,28.571430206298828,20,22.72727394104004,27.272727966308594,15.000000953674316,18.18181800842285,0,0,4.452498435974121,8589934592,2147483648,5825544192,407961600
205,1772009899823,3204,3204,3204,3204,3204,3204,3204,3204,23.809524536132813,23.809524536132813,20,25,4.761904716491699,0,0,4.545454502105713,4.452498435974121,8589934592,2147483648,5813567488,407961600
209,1772009900029,3204,3204,3204,3204,3204,3204,3204,3204,20,23.809524536132813,25,20,0,0,0,0,4.452498435974121,8589934592,2147483648,5814272000,407961600
203,1772009900239,3204,3204,3204,3204,3204,3204,3204,3204,23.809524536132813,19.047618865966797,14.285715103149414,13.636363983154297,14.285715103149414,15.000000953674316,4.761904716491699,0,4.452498435974121,8589934592,2147483648,5814140928,407961600
202,1772009900443,3204,3204,3204,3204,3204,3204,3204,3204,25,25,23.809524536132813,10.526315689086914,5,9.523809432983398,4.761904716491699,5,4.452498435974121,8589934592,2147483648,5813452800,407961600
207,1772009900646,3204,3204,3204,3204,3204,3204,3204,3204,25,20,20,19.047618865966797,0,4.545454502105713,0,0,4.762358665466309,8589934592,2147483648,5816664064,407961600
208,1772009900854,3204,3204,3204,3204,3204,3204,3204,3204,22.72727394104004,19.047618865966797,23.809524536132813,14.285715103149414,4.761904716491699,0,0,4.761904716491699,4.762358665466309,8589934592,2147483648,5813551104,407961600
209,1772009901063,3204,3204,3204,3204,3204,3204,3204,3204,30.000001907348633,20,23.809524536132813,15.000000953674316,0,0,0,0,4.762358665466309,8589934592,2147483648,5815271424,407961600
205,1772009901273,3204,3204,3204,3204,3204,3204,3204,3204,31.81818199157715,18.18181800842285,20,19.047618865966797,4.761904716491699,4.761904716491699,4.761904716491699,4.761904716491699,4.762358665466309,8589934592,2147483648,5814304768,407961600
206,1772009901479,3204,3204,3204,3204,3204,3204,3204,3204,25,21.052631378173828,18.18181800842285,19.047618865966797,0,4.761904716491699,0,0,4.762358665466309,8589934592,2147483648,5813567488,407961600
201,1772009901686,3204,3204,3204,3204,3204,3204,3204,3204,38.095237731933594,31.81818199157715,25,20,33.333335876464844,20,9.090909004211426,0,4.7327423095703125,8589934592,2147483648,5799247872,407961600
201,1772009901887,3204,3204,3204,3204,3204,3204,3204,3204,21.052631378173828,20,21.052631378173828,10,4.761904716491699,0,4.761904716491699,4.761904716491699,4.7327423095703125,8589934592,2147483648,5800656896,407961600
203,1772009902089,3204,3204,3204,3204,3204,3204,3204,3204,20,21.052631378173828,23.809524536132813,19.047618865966797,0,0,0,0,4.7327423095703125,8589934592,2147483648,5801574400,407961600
201,1772009902293,3204,3204,3204,3204,3204,3204,3204,3204,33.333335876464844,19.047618865966797,15.000000953674316,10,0,0,0,0,4.7327423095703125,8589934592,2147483648,5800574976,407961600
209,1772009902496,3204,3204,3204,3204,3204,3204,3204,3204,30.000001907348633,15.000000953674316,20,15.000000953674316,5,5,0,0,4.7327423095703125,8589934592,2147483648,5800542208,407961600
207,1772009902706,3204,3204,3204,3204,3204,3204,3204,3204,25,19.047618865966797,14.285715103149414,14.285715103149414,0,4.545454502105713,4.545454502105713,0,4.546443462371826,8589934592,2147483648,5799903232,407961600
208,1772009902914,3204,3204,3204,3204,3204,3204,3204,3204,22.72727394104004,19.047618865966797,19.047618865966797,20,0,0,0,0,4.546443462371826,8589934592,2147483648,5800476672,407961600
203,1772009903123,3204,3204,3204,3204,3204,3204,3204,3204,21.052631378173828,15.000000953674316,20,19.047618865966797,0,0,0,0,4.546443462371826,8589934592,2147483648,5800787968,407961600
201,1772009903327,3204,3204,3204,3204,3204,3204,3204,3204,19.047618865966797,19.047618865966797,19.047618865966797,23.809524536132813,4.761904716491699,0,0,4.545454502105713,4.546443462371826,8589934592,2147483648,5800247296,407961600
209,1772009903529,3204,3204,3204,3204,3204,3204,3204,3204,20,15.000000953674316,15.000000953674316,20,0,5,0,0,4.546443462371826,8589934592,2147483648,5800296448,407961600
209,1772009903739,3204,3204,3204,3204,3204,3204,3204,3204,28.571430206298828,28.571430206298828,28.571430206298828,28.571430206298828,14.285715103149414,9.523809432983398,9.523809432983398,10,4.649598598480225,8589934592,2147483648,5810241536,407961600
208,1772009903949,3204,3204,3204,3204,3204,3204,3204,3204,23.809524536132813,14.285715103149414,23.809524536132813,19.047618865966797,13.636363983154297,9.523809432983398,0,0,4.649598598480225,8589934592,2147483648,5800181760,407961600
209,1772009904158,3204,3204,3204,3204,3204,3204,3204,3204,19.047618865966797,20,28.571430206298828,10,0,0,0,0,4.649598598480225,8589934592,2147483648,5800558592,407961600
208,1772009904368,3204,3204,3204,3204,3204,3204,3204,3204,23.809524536132813,18.18181800842285,23.809524536132813,9.523809432983398,0,0,0,0,4.649598598480225,8589934592,2147483648,5799821312,407961600
209,1772009904577,3204,3204,3204,3204,3204,3204,3204,3204,25,20,19.047618865966797,18.18181800842285,0,0,0,0,4.38624906539917,8589934592,2147483648,5800312832,407961600
203,1772009904787,3204,3204,3204,3204,3204,3204,3204,3204,31.81818199157715,25,19.047618865966797,15.000000953674316,0,4.761904716491699,0,0,4.38624906539917,8589934592,2147483648,5799936000,407961600
209,1772009904991,3204,3204,3204,3204,3204,3204,3204,3204,26.3157901763916,22.72727394104004,10.526315689086914,10,4.761904716491699,0,0,4.761904716491699,4.38624906539917,8589934592,2147483648,5800034304,407961600
209,1772009905201,3204,3204,3204,3204,3204,3204,3204,3204,23.809524536132813,20,18.18181800842285,13.636363983154297,14.285715103149414,14.285715103149414,8.69565200805664,4.545454502105713,4.38624906539917,8589934592,2147483648,5800099840,407961600
201,1772009905411,3204,3204,3204,3204,3204,3204,3204,3204,19.047618865966797,19.047618865966797,15.000000953674316,10,0,0,0,0,4.38624906539917,8589934592,2147483648,5799657472,407961600
205,1772009905614,3204,3204,3204,3204,3204,3204,3204,3204,25,20,19.047618865966797,14.285715103149414,0,0,0,0,4.697603225708008,8589934592,2147483648,5799641088,407961600
209,1772009905820,3204,3204,3204,3204,3204,3204,3204,3204,33.333335876464844,30.000001907348633,28.571430206298828,20,9.523809432983398,4.761904716491699,0,0,4.697603225708008,8589934592,2147483648,5810028544,407961600
208,1772009906030,3204,3204,3204,3204,3204,3204,3204,3204,19.047618865966797,22.72727394104004,15.000000953674316,14.285715103149414,14.285715103149414,19.047618865966797,0,4.545454502105713,4.697603225708008,8589934592,2147483648,5800132608,407961600
209,1772009906239,3204,3204,3204,3204,3204,3204,3204,3204,20,30.000001907348633,20,19.047618865966797,4.761904716491699,4.761904716491699,4.545454502105713,0,4.697603225708008,8589934592,2147483648,5801148416,407961600
205,1772009906450,3204,3204,3204,3204,3204,3204,3204,3204,33.333335876464844,19.047618865966797,19.047618865966797,15.000000953674316,4.761904716491699,4.761904716491699,0,4.761904716491699,4.697603225708008,8589934592,2147483648,5801148416,407961600
209,1772009906656,3204,3204,3204,3204,3204,3204,3204,3204,23.809524536132813,20,19.047618865966797,19.047618865966797,0,0,4.761904716491699,0,4.52138614654541,8589934592,2147483648,5801148416,407961600
206,1772009906866,3204,3204,3204,3204,3204,3204,3204,3204,28.571430206298828,31.81818199157715,20,19.047618865966797,4.761904716491699,4.545454502105713,0,0,4.52138614654541,8589934592,2147483648,5801148416,407961600
209,1772009907073,3204,3204,3204,3204,3204,3204,3204,3204,23.809524536132813,20,23.809524536132813,19.047618865966797,4.761904716491699,5,4.761904716491699,4.761904716491699,4.52138614654541,8589934592,2147483648,5800198144,407961600
209,1772009907284,3204,3204,3204,3204,3204,3204,3204,3204,25,22.72727394104004,22.72727394104004,14.285715103149414,0,0,0,0,4.52138614654541,8589934592,2147483648,5801951232,407961600
209,1772009907494,3204,3204,3204,3204,3204,3204,3204,3204,19.047618865966797,20,19.047618865966797,15.000000953674316,4.761904716491699,4.761904716491699,0,4.545454502105713,4.52138614654541,8589934592,2147483648,5801951232,407961600
201,1772009907704,3204,3204,3204,3204,3204,3204,3204,3204,19.047618865966797,19.047618865966797,23.809524536132813,13.636363983154297,5,13.636363983154297,9.090909004211426,4.761904716491699,4.915065288543701,8589934592,2147483648,5801951232,407961600
209,1772009907906,3204,3204,3204,3204,3204,3204,3204,3204,20,26.3157901763916,20,15.789472579956055,0,0,0,0,4.915065288543701,8589934592,2147483648,5801951232,407961600
209,1772009908116,3204,3204,3204,3204,3204,3204,3204,3204,25,31.81818199157715,25,27.272727966308594,31.81818199157715,19.047618865966797,0,0,4.915065288543701,8589934592,2147483648,5798281216,407961600
207,1772009908326,3204,3204,3204,3204,3204,3204,3204,3204,23.809524536132813,25,23.809524536132813,20,0,0,4.545454502105713,4.545454502105713,4.915065288543701,8589934592,2147483648,5802967040,407961600
205,1772009908534,3204,3204,3204,3204,3204,3204,3204,3204,19.047618865966797,23.809524536132813,23.809524536132813,14.285715103149414,4.761904716491699,4.761904716491699,0,0,4.915065288543701,8589934592,2147483648,5799936000,407961600
202,1772009908739,3204,3204,3204,3204,3204,3204,3204,3204,28.571430206298828,28.571430206298828,25,15.000000953674316,0,0,0,0,4.542562007904053,8589934592,2147483648,5801951232,407961600
202,1772009908943,3204,3204,3204,3204,3204,3204,3204,3204,20,15.000000953674316,28.571430206298828,18.18181800842285,4.761904716491699,0,4.761904716491699,0,4.542562007904053,8589934592,2147483648,5800280064,407961600
203,1772009909146,3204,3204,3204,3204,3204,3204,3204,3204,20,25,33.333335876464844,10.526315689086914,0,0,0,4.761904716491699,4.542562007904053,8589934592,2147483648,5799936000,407961600
208,1772009909349,3204,3204,3204,3204,3204,3204,3204,3204,19.047618865966797,28.571430206298828,15.000000953674316,15.000000953674316,0,4.761904716491699,0,0,4.542562007904053,8589934592,2147483648,5803163648,407961600
208,1772009909558,3204,3204,3204,3204,3204,3204,3204,3204,20,23.809524536132813,14.285715103149414,14.285715103149414,0,0,0,0,4.542562007904053,8589934592,2147483648,5800591360,407961600
209,1772009909767,3204,3204,3204,3204,3204,3204,3204,3204,28.571430206298828,33.333335876464844,20,22.72727394104004,4.545454502105713,0,0,0,4.773916721343994,8589934592,2147483648,5802213376,407961600
209,1772009909977,3204,3204,3204,3204,3204,3204,3204,3204,19.047618865966797,25,19.047618865966797,10,0,0,4.545454502105713,0,4.773916721343994,8589934592,2147483648,5800493056,407961600
209,1772009910187,3204,3204,3204,3204,3204,3204,3204,3204,25,28.571430206298828,25,19.047618865966797,27.272727966308594,19.047618865966797,5,22.72727394104004,4.773916721343994,8589934592,2147483648,5807849472,407961600
206,1772009910397,3204,3204,3204,3204,3204,3204,3204,3204,31.81818199157715,25,22.72727394104004,23.809524536132813,4.761904716491699,9.090909004211426,4.545454502105713,0,4.773916721343994,8589934592,2147483648,5802393600,407961600
201,1772009910604,3204,3204,3204,3204,3204,3204,3204,3204,19.047618865966797,31.81818199157715,23.809524536132813,14.285715103149414,0,0,0,4.545454502105713,4.430790901184082,8589934592,2147483648,5802393600,407961600
209,1772009910806,3204,3204,3204,3204,3204,3204,3204,3204,15.789472579956055,35,20,15.000000953674316,0,0,0,0,4.430790901184082,8589934592,2147483648,5802393600,407961600
206,1772009911016,3204,3204,3204,3204,3204,3204,3204,3204,14.285715103149414,14.285715103149414,15.000000953674316,15.000000953674316,0,0,0,0,4.430790901184082,8589934592,2147483648,5802393600,407961600
204,1772009911224,3204,3204,3204,3204,3204,3204,3204,3204,23.809524536132813,25,23.809524536132813,19.047618865966797,4.761904716491699,4.761904716491699,0,0,4.430790901184082,8589934592,2147483648,5802262528,407961600
201,1772009911428,3204,3204,3204,3204,3204,3204,3204,3204,25,15.789472579956055,15.000000953674316,15.000000953674316,0,0,0,0,4.430790901184082,8589934592,2147483648,5802803200,407961600
208,1772009911630,3204,3204,3204,3204,3204,3204,3204,3204,21.052631378173828,19.047618865966797,20,14.285715103149414,0,0,0,0,4.858179092407227,8589934592,2147483648,5800329216,407961600
199,1772009911839,3204,3204,3204,3204,3204,3204,3204,3204,27.272727966308594,23.809524536132813,22.72727394104004,19.047618865966797,0,0,4.761904716491699,4.761904716491699,4.858179092407227,8589934592,2147483648,5802295296,407961600
202,1772009912039,3204,3204,3204,3204,3204,3204,3204,3204,35,15.000000953674316,10.526315689086914,10.526315689086914,0,0,0,0,4.858179092407227,8589934592,2147483648,5802196992,407961600
208,1772009912242,3204,3204,3204,3204,3204,3204,3204,3204,35,23.809524536132813,25,28.571430206298828,5,9.523809432983398,0,5,4.858179092407227,8589934592,2147483648,5811896320,407961600
209,1772009912451,3204,3204,3204,3204,3204,3204,3204,3204,28.571430206298828,15.000000953674316,22.72727394104004,15.000000953674316,26.086956024169922,14.285715103149414,4.761904716491699,0,4.858179092407227,8589934592,2147483648,5798445056,407961600
209,1772009912661,3204,3204,3204,3204,3204,3204,3204,3204,28.571430206298828,19.047618865966797,10.526315689086914,13.636363983154297,5,4.761904716491699,0,0,4.492006778717041,8589934592,2147483648,5798100992,407961600
209,1772009912871,3204,3204,3204,3204,3204,3204,3204,3204,23.809524536132813,20,19.047618865966797,10,4.761904716491699,4.761904716491699,0,4.545454502105713,4.492006778717041,8589934592,2147483648,5801295872,407961600
207,1772009913081,3204,3204,3204,3204,3204,3204,3204,3204,26.3157901763916,23.809524536132813,18.18181800842285,18.18181800842285,0,0,4.545454502105713,0,4.492006778717041,8589934592,2147483648,5800280064,407961600
204,1772009913289,3204,3204,3204,3204,3204,3204,3204,3204,31.81818199157715,31.81818199157715,23.809524536132813,25,4.761904716491699,4.761904716491699,4.761904716491699,4.761904716491699,4.492006778717041,8589934592,2147483648,5801902080,407961600
209,1772009913494,3204,3204,3204,3204,3204,3204,3204,3204,25,21.052631378173828,20,19.047618865966797,0,0,0,0,4.492006778717041,8589934592,2147483648,5800296448,407961600
200,1772009913705,3204,3204,3204,3204,3204,3204,3204,3204,22.72727394104004,22.72727394104004,14.285715103149414,15.000000953674316,0,0,0,0,4.800025463104248,8589934592,2147483648,5799886848,407961600
206,1772009913906,3204,3204,3204,3204,3204,3204,3204,3204,25,20,20,28.571430206298828,4.761904716491699,0,0,0,4.800025463104248,8589934592,2147483648,5802655744,407961600
208,1772009914113,3204,3204,3204,3204,3204,3204,3204,3204,25,15.000000953674316,19.047618865966797,25,0,0,0,0,4.800025463104248,8589934592,2147483648,5802655744,407961600
204,1772009914323,3204,3204,3204,3204,3204,3204,3204,3204,19.047618865966797,19.047618865966797,10,27.272727966308594,0,0,0,0,4.800025463104248,8589934592,2147483648,5802262528,407961600
209,1772009914528,3204,3204,3204,3204,3204,3204,3204,3204,35,35,33.333335876464844,20,19.047618865966797,19.047618865966797,14.285715103149414,4.761904716491699,4.800025463104248,8589934592,2147483648,5798526976,407961600
207,1772009914738,3204,3204,3204,3204,3204,3204,3204,3204,14.285715103149414,23.809524536132813,14.285715103149414,25,4.761904716491699,9.523809432983398,0,0,4.7570672035217285,8589934592,2147483648,5799542784,407961600
206,1772009914946,3204,3204,3204,3204,3204,3204,3204,3204,23.809524536132813,23.809524536132813,19.047618865966797,33.333335876464844,0,0,0,0,4.7570672035217285,8589934592,2147483648,5800820736,407961600
209,1772009915152,3204,3204,3204,3204,3204,3204,3204,3204,15.789472579956055,19.047618865966797,15.000000953674316,30.000001907348633,0,23.809524536132813,0,0,4.7570672035217285,8589934592,2147483648,5798920192,407961600
207,1772009915363,3204,3204,3204,3204,3204,3204,3204,3204,21.7391300201416,19.047618865966797,15.000000953674316,27.272727966308594,8.69565200805664,0,4.545454502105713,0,4.7570672035217285,8589934592,2147483648,5802000384,407961600
201,1772009915571,3204,3204,3204,3204,3204,3204,3204,3204,25,30.000001907348633,27.272727966308594,15.000000953674316,0,4.761904716491699,0,4.761904716491699,4.7570672035217285,8589934592,2147483648,5799608320,407961600
205,1772009915773,3204,3204,3204,3204,3204,3204,3204,3204,15.789472579956055,20,25,15.000000953674316,0,0,0,0,4.767283916473389,8589934592,2147483648,5801623552,407961600
203,1772009915979,3204,3204,3204,3204,3204,3204,3204,3204,19.047618865966797,23.809524536132813,30.000001907348633,15.000000953674316,0,0,0,0,4.767283916473389,8589934592,2147483648,5800411136,407961600
205,1772009916183,3204,3204,3204,3204,3204,3204,3204,3204,25,20,25,14.285715103149414,0,0,0,0,4.767283916473389,8589934592,2147483648,5800214528,407961600
200,1772009916389,3204,3204,3204,3204,3204,3204,3204,3204,23.809524536132813,28.571430206298828,22.72727394104004,14.285715103149414,0,0,0,0,4.767283916473389,8589934592,2147483648,5802917888,407961600
202,1772009916591,3204,3204,3204,3204,3204,3204,3204,3204,20,25,25,25,19.047618865966797,20,5.263157844543457,4.761904716491699,4.640730381011963,8589934592,2147483648,5807407104,407961600
201,1772009916794,3204,3204,3204,3204,3204,3204,3204,3204,25,21.052631378173828,20,14.285715103149414,10,14.285715103149414,0,0,4.640730381011963,8589934592,2147483648,5801017344,407961600
209,1772009916996,3204,3204,3204,3204,3204,3204,3204,3204,23.809524536132813,28.571430206298828,25,15.789472579956055,5,5,5,5,4.640730381011963,8589934592,2147483648,5801459712,407961600
209,1772009917206,3204,3204,3204,3204,3204,3204,3204,3204,15.000000953674316,27.272727966308594,20,14.285715103149414,0,0,4.761904716491699,4.545454502105713,4.640730381011963,8589934592,2147483648,5800574976,407961600
205,1772009917416,3204,3204,3204,3204,3204,3204,3204,3204,23.809524536132813,20,19.047618865966797,18.18181800842285,0,0,0,0,4.640730381011963,8589934592,2147483648,5801836544,407961600
205,1772009917623,3204,3204,3204,3204,3204,3204,3204,3204,20,23.809524536132813,19.047618865966797,10,13.043478012084961,9.090909004211426,5,0,4.503728866577148,8589934592,2147483648,5799444480,407961600
209,1772009917829,3204,3204,3204,3204,3204,3204,3204,3204,33.333335876464844,20,23.809524536132813,19.047618865966797,0,0,0,0,4.503728866577148,8589934592,2147483648,5800198144,407961600
206,1772009918039,3204,3204,3204,3204,3204,3204,3204,3204,23.809524536132813,19.047618865966797,19.047618865966797,25,0,4.545454502105713,4.761904716491699,4.545454502105713,4.503728866577148,8589934592,2147483648,5801377792,407961600
201,1772009918246,3204,3204,3204,3204,3204,3204,3204,3204,20,15.000000953674316,10,15.000000953674316,0,0,0,0,4.503728866577148,8589934592,2147483648,5800951808,407961600
208,1772009918448,3204,3204,3204,3204,3204,3204,3204,3204,28.571430206298828,20,25,28.571430206298828,0,0,0,0,4.503728866577148,8589934592,2147483648,5801410560,407961600
204,1772009918657,3204,3204,3204,3204,3204,3204,3204,3204,42.85714340209961,38.095237731933594,33.333335876464844,30.000001907348633,4.545454502105713,0,0,0,4.830526351928711,8589934592,2147483648,5799854080,407961600
204,1772009918863,3204,3204,3204,3204,3204,3204,3204,3204,26.3157901763916,30.000001907348633,28.571430206298828,23.809524536132813,20,19.047618865966797,18.18181800842285,5,4.830526351928711,8589934592,2147483648,5798363136,407961600
205,1772009919067,3204,3204,3204,3204,3204,3204,3204,3204,23.809524536132813,28.571430206298828,21.052631378173828,20,5,5,0,4.761904716491699,4.830526351928711,8589934592,2147483648,5798707200,407961600
209,1772009919273,3204,3204,3204,3204,3204,3204,3204,3204,28.571430206298828,15.000000953674316,14.285715103149414,15.000000953674316,0,0,0,0,4.830526351928711,8589934592,2147483648,5798772736,407961600
202,1772009919483,3204,3204,3204,3204,3204,3204,3204,3204,23.809524536132813,28.571430206298828,19.047618865966797,22.72727394104004,0,4.545454502105713,4.545454502105713,0,4.830526351928711,8589934592,2147483648,5801082880,407961600
207,1772009919686,3204,3204,3204,3204,3204,3204,3204,3204,30.000001907348633,33.333335876464844,25,20,5,0,0,4.761904716491699,4.444066047668457,8589934592,2147483648,5800525824,407961600
209,1772009919895,3204,3204,3204,3204,3204,3204,3204,3204,15.000000953674316,30.000001907348633,14.285715103149414,9.523809432983398,0,0,0,0,4.444066047668457,8589934592,2147483648,5802819584,407961600
207,1772009920105,3204,3204,3204,3204,3204,3204,3204,3204,19.047618865966797,19.047618865966797,28.571430206298828,14.285715103149414,4.761904716491699,4.545454502105713,0,0,4.444066047668457,8589934592,2147483648,5801377792,407961600
207,1772009920312,3204,3204,3204,3204,3204,3204,3204,3204,25,23.809524536132813,20,14.285715103149414,9.523809432983398,4.761904716491699,10,0,4.444066047668457,8589934592,2147483648,5800378368,407961600
205,1772009920521,3204,3204,3204,3204,3204,3204,3204,3204,31.81818199157715,20,19.047618865966797,14.285715103149414,0,0,0,0,4.444066047668457,8589934592,2147483648,5800574976,407961600
202,1772009920727,3204,3204,3204,3204,3204,3204,3204,3204,15.000000953674316,28.571430206298828,19.047618865966797,10.526315689086914,0,0,0,0,4.781329154968262,8589934592,2147483648,5800460288,407961600
205,1772009920929,3204,3204,3204,3204,3204,3204,3204,3204,33.333335876464844,26.3157901763916,30.000001907348633,28.571430206298828,30.000001907348633,15.000000953674316,9.523809432983398,0,4.781329154968262,8589934592,2147483648,5800640512,407961600
206,1772009921135,3204,3204,3204,3204,3204,3204,3204,3204,21.052631378173828,19.047618865966797,23.809524536132813,14.285715103149414,9.523809432983398,9.523809432983398,0,4.545454502105713,4.781329154968262,8589934592,2147483648,5801230336,407961600
209,1772009921342,3204,3204,3204,3204,3204,3204,3204,3204,38.095237731933594,38.095237731933594,40,25,0,0,0,0,4.781329154968262,8589934592,2147483648,5804507136,407961600
209,1772009921552,3204,3204,3204,3204,3204,3204,3204,3204,23.809524536132813,23.809524536132813,19.047618865966797,22.72727394104004,0,0,4.761904716491699,0,4.781329154968262,8589934592,2147483648,5805064192,407961600
201,1772009921762,3204,3204,3204,3204,3204,3204,3204,3204,33.333335876464844,40.90909194946289,28.571430206298828,35,0,0,0,0,4.524399757385254,8589934592,2147483648,5804982272,407961600
206,1772009921964,3204,3204,3204,3204,3204,3204,3204,3204,52.6315803527832,44.4444465637207,40,33.333335876464844,14.285715103149414,4.761904716491699,0,0,4.524399757385254,8589934592,2147483648,5813370880,407961600
207,1772009922171,3204,3204,3204,3204,3204,3204,3204,3204,50,47.619049072265625,38.095237731933594,36.842105865478516,5,10,0,0,4.524399757385254,8589934592,2147483648,5819940864,407961600
202,1772009922379,3204,3204,3204,3204,3204,3204,3204,3204,55,57.142860412597656,40,40.90909194946289,4.761904716491699,4.545454502105713,0,4.761904716491699,4.524399757385254,8589934592,2147483648,5819940864,407961600
209,1772009922582,3204,3204,3204,3204,3204,3204,3204,3204,45,40,40,20,5,5,0,0,4.957711219787598,8589934592,2147483648,5831589888,407961600
205,1772009922792,3204,3204,3204,3204,3204,3204,3204,3204,19.047618865966797,9.523809432983398,19.047618865966797,20,4.545454502105713,0,4.761904716491699,4.545454502105713,4.957711219787598,8589934592,2147483648,5829066752,407961600
207,1772009922998,3204,3204,3204,3204,3204,3204,3204,3204,23.809524536132813,33.333335876464844,23.809524536132813,28.571430206298828,10,4.761904716491699,4.761904716491699,4.761904716491699,4.957711219787598,8589934592,2147483648,5824380928,407961600
205,1772009923206,3204,3204,3204,3204,3204,3204,3204,3204,19.047618865966797,20,19.047618865966797,19.047618865966797,19.047618865966797,14.285715103149414,0,0,4.957711219787598,8589934592,2147483648,5814534144,407961600
207,1772009923413,3204,3204,3204,3204,3204,3204,3204,3204,60.000003814697266,57.142860412597656,55,52.38095474243164,5,9.523809432983398,9.523809432983398,5,4.957711219787598,8589934592,2147483648,5814534144,407961600
209,1772009923621,3204,3204,3204,3204,3204,3204,3204,3204,23.809524536132813,28.571430206298828,19.047618865966797,20,0,0,0,0,5.217041492462158,8589934592,2147483648,5830393856,407961600
207,1772009923831,3204,3204,3204,3204,3204,3204,3204,3204,19.047618865966797,25,19.047618865966797,14.285715103149414,4.761904716491699,4.761904716491699,4.761904716491699,4.761904716491699,5.217041492462158,8589934592,2147483648,5829263360,407961600
209,1772009924040,3204,3204,3204,3204,3204,3204,3204,3204,20,31.81818199157715,15.000000953674316,14.285715103149414,4.761904716491699,0,0,0,5.217041492462158,8589934592,2147483648,5830606848,407961600
206,1772009924250,3204,3204,3204,3204,3204,3204,3204,3204,23.809524536132813,23.809524536132813,19.047618865966797,14.285715103149414,0,4.761904716491699,0,4.545454502105713,5.217041492462158,8589934592,2147483648,5828755456,407961600
209,1772009924456,3204,3204,3204,3204,3204,3204,3204,3204,25,20,23.809524536132813,15.000000953674316,4.761904716491699,0,4.761904716491699,0,5.217041492462158,8589934592,2147483648,5828755456,407961600
209,1772009924666,3204,3204,3204,3204,3204,3204,3204,3204,23.809524536132813,33.333335876464844,20,18.18181800842285,0,0,0,4.545454502105713,4.918650150299072,8589934592,2147483648,5828870144,407961600
204,1772009924876,3204,3204,3204,3204,3204,3204,3204,3204,22.72727394104004,28.571430206298828,18.18181800842285,15.000000953674316,0,0,0,0,4.918650150299072,8589934592,2147483648,5828591616,407961600
205,1772009925082,3204,3204,3204,3204,3204,3204,3204,3204,25,25,25,25,4.761904716491699,4.761904716491699,4.761904716491699,0,4.918650150299072,8589934592,2147483648,5831196672,407961600
209,1772009925287,3204,3204,3204,3204,3204,3204,3204,3204,28.571430206298828,28.571430206298828,28.571430206298828,23.809524536132813,38.095237731933594,25,14.285715103149414,9.523809432983398,4.918650150299072,8589934592,2147483648,5831196672,407961600
205,1772009925498,3204,3204,3204,3204,3204,3204,3204,3204,23.809524536132813,15.000000953674316,19.047618865966797,23.809524536132813,0,0,0,0,4.918650150299072,8589934592,2147483648,5831196672,407961600
208,1772009925704,3204,3204,3204,3204,3204,3204,3204,3204,15.000000953674316,38.095237731933594,15.000000953674316,10,0,0,0,0,4.572366714477539,8589934592,2147483648,5815959552,407961600
208,1772009925913,3204,3204,3204,3204,3204,3204,3204,3204,19.047618865966797,28.571430206298828,18.18181800842285,14.285715103149414,0,0,0,0,4.572366714477539,8589934592,2147483648,5816172544,407961600
199,1772009926123,3204,3204,3204,3204,3204,3204,3204,3204,15.000000953674316,33.333335876464844,10,14.285715103149414,0,0,0,0,4.572366714477539,8589934592,2147483648,5816172544,407961600
206,1772009926323,3204,3204,3204,3204,3204,3204,3204,3204,20,20,15.000000953674316,30.000001907348633,0,0,0,0,4.572366714477539,8589934592,2147483648,5815959552,407961600
207,1772009926530,3204,3204,3204,3204,3204,3204,3204,3204,20,25,20,19.047618865966797,4.761904716491699,4.761904716491699,0,0,4.572366714477539,8589934592,2147483648,5815959552,407961600
209,1772009926738,3204,3204,3204,3204,3204,3204,3204,3204,19.047618865966797,23.809524536132813,14.285715103149414,15.000000953674316,0,0,0,0,4.826230525970459,8589934592,2147483648,5816074240,407961600
208,1772009926947,3204,3204,3204,3204,3204,3204,3204,3204,23.809524536132813,30.000001907348633,19.047618865966797,19.047618865966797,0,0,0,0,4.826230525970459,8589934592,2147483648,5815894016,407961600
206,1772009927156,3204,3204,3204,3204,3204,3204,3204,3204,19.047618865966797,27.272727966308594,18.18181800842285,18.18181800842285,0,0,0,0,4.826230525970459,8589934592,2147483648,5815894016,407961600
209,1772009927363,3204,3204,3204,3204,3204,3204,3204,3204,28.571430206298828,33.333335876464844,21.052631378173828,20,22.72727394104004,19.047618865966797,0,0,4.826230525970459,8589934592,2147483648,5826772992,407961600
203,1772009927573,3204,3204,3204,3204,3204,3204,3204,3204,15.000000953674316,25,20,23.809524536132813,5,9.090909004211426,0,0,4.826230525970459,8589934592,2147483648,5826772992,407961600
200,1772009927777,3204,3204,3204,3204,3204,3204,3204,3204,30.000001907348633,20,19.047618865966797,20,5,5,4.761904716491699,4.545454502105713,4.50584077835083,8589934592,2147483648,5810667520,407961600
200,1772009927978,3204,3204,3204,3204,3204,3204,3204,3204,20,25,20,20,4.761904716491699,0,5,0,4.50584077835083,8589934592,2147483648,5810700288,407961600
209,1772009928179,3204,3204,3204,3204,3204,3204,3204,3204,25,15.000000953674316,14.285715103149414,20,0,0,0,0,4.50584077835083,8589934592,2147483648,5810700288,407961600
209,1772009928389,3204,3204,3204,3204,3204,3204,3204,3204,19.047618865966797,28.571430206298828,19.047618865966797,18.18181800842285,0,4.545454502105713,0,0,4.50584077835083,8589934592,2147483648,5810634752,407961600
202,1772009928599,3204,3204,3204,3204,3204,3204,3204,3204,28.571430206298828,25,20,20,0,0,0,0,4.634283542633057,8589934592,2147483648,5810831360,407961600
201,1772009928802,3204,3204,3204,3204,3204,3204,3204,3204,23.809524536132813,14.285715103149414,25,10,0,0,0,0,4.634283542633057,8589934592,2147483648,5810487296,407961600
209,1772009929004,3204,3204,3204,3204,3204,3204,3204,3204,26.3157901763916,25,33.333335876464844,19.047618865966797,4.761904716491699,0,4.761904716491699,4.761904716491699,4.634283542633057,8589934592,2147483648,5810520064,407961600
207,1772009929214,3204,3204,3204,3204,3204,3204,3204,3204,19.047618865966797,19.047618865966797,23.809524536132813,15.000000953674316,0,0,0,0,4.634283542633057,8589934592,2147483648,5810503680,407961600
209,1772009929422,3204,3204,3204,3204,3204,3204,3204,3204,27.272727966308594,23.809524536132813,30.000001907348633,23.809524536132813,14.285715103149414,9.523809432983398,0,0,4.634283542633057,8589934592,2147483648,5822136320,407961600
206,1772009929632,3204,3204,3204,3204,3204,3204,3204,3204,21.052631378173828,28.571430206298828,19.047618865966797,14.285715103149414,22.72727394104004,20,4.761904716491699,4.761904716491699,4.485169410705566,8589934592,2147483648,5810651136,407961600
206,1772009929839,3204,3204,3204,3204,3204,3204,3204,3204,22.72727394104004,30.000001907348633,14.285715103149414,15.000000953674316,4.761904716491699,4.761904716491699,4.761904716491699,4.545454502105713,4.485169410705566,8589934592,2147483648,5810601984,407961600
209,1772009930046,3204,3204,3204,3204,3204,3204,3204,3204,25,22.72727394104004,15.000000953674316,19.047618865966797,0,0,0,0,4.485169410705566,8589934592,2147483648,5810683904,407961600
6,1772009930256,3204,3204,3204,3204,3204,3204,3204,3204,23.809524536132813,26.3157901763916,14.285715103149414,14.285715103149414,14.285715103149414,13.636363983154297,4.761904716491699,0,4.485169410705566,8589934592,2147483648,5810667520,407961600
